t_seconds,gco2_per_kwh
0,106.63912831505905
3600,182.90681775903312
7200,278.269209531602
10800,386.2275142272689
14400,499.42455179055816
18000,610.146131178481
21600,710.8467597318117
25200,794.6638560302981
28800,855.8854234754991
32400,890.339313419448
36000,895.6775502002099
39600,871.5363418030292
43200,819.560871684941
46800,743.2931822409669
50400,647.9307904683981
54000,539.9724857727311
57600,426.7754482094419
61200,316.05386882151913
64800,215.35324026818824
68400,131.53614396970187
72000,70.31457652450098
75600,35.86068658055217
79200,30.522449799790138
82800,54.66365819697069
86400,106.63912831505911
90000,182.90681775903306
93600,278.26920953160186
97200,386.227514227269
100800,499.42455179055776
104400,610.1461311784808
108000,710.8467597318119
111600,794.6638560302981
115200,855.885423475499
118800,890.3393134194479
122400,895.6775502002099
126000,871.5363418030295
129600,819.5608716849412
133200,743.2931822409673
136800,647.930790468398
140400,539.9724857727311
144000,426.77544820944195
147600,316.05386882151925
151200,215.35324026818853
154800,131.53614396970164
158400,70.3145765245012
162000,35.86068658055211
165600,30.522449799790138
169200,54.66365819697063
172800,106.63912831505928
176400,182.90681775903266
180000,278.2692095316014
183600,386.2275142272689
187200,499.42455179055804
190800,610.1461311784815
194400,710.8467597318115
198000,794.6638560302979
201600,855.8854234754991
205200,890.339313419448
208800,895.6775502002099
212400,871.5363418030295
216000,819.5608716849413
219600,743.2931822409669
223200,647.9307904683981
226800,539.9724857727319
230400,426.77544820944206
234000,316.05386882151936
237600,215.35324026818927
241200,131.53614396970227
244800,70.3145765245016
248400,35.860686580552226
252000,30.522449799790024
255600,54.663658196970346
259200,106.63912831505877
262800,182.90681775903198
266400,278.2692095316013
270000,386.22751422726725
273600,499.42455179055713
277200,610.1461311784807
280800,710.8467597318108
284400,794.6638560302978
288000,855.8854234754984
291600,890.3393134194478
295200,895.6775502002099
298800,871.5363418030297
302400,819.5608716849422
306000,743.2931822409681
309600,647.9307904683988
313200,539.9724857727329
316800,426.7754482094445
320400,316.0538688215195
324000,215.35324026818932
327600,131.53614396970227
331200,70.3145765245016
334800,35.86068658055251
338400,30.522449799790138
342000,54.66365819697029
345600,106.63912831505877
349200,182.90681775903192
352800,278.2692095315998
356400,386.22751422726867
360000,499.424551790557
363600,610.1461311784806
367200,710.8467597318107
370800,794.6638560302968
374400,855.8854234754984
378000,890.3393134194478
381600,895.6775502002099
385200,871.5363418030297
388800,819.5608716849422
392400,743.2931822409682
396000,647.930790468399
399600,539.9724857727314
403200,426.7754482094431
406800,316.053868821521
410400,215.3532402681894
414000,131.53614396970238
417600,70.31457652450098
421200,35.86068658055228
424800,30.522449799790024
428400,54.66365819697023
432000,106.6391283150578
435600,182.906817759033
439200,278.26920953160106
442800,386.2275142272671
446400,499.4245517905569
450000,610.146131178479
453600,710.8467597318106
457200,794.6638560302977
460800,855.885423475499
464400,890.3393134194475
468000,895.67755020021
471600,871.5363418030298
475200,819.5608716849414
478800,743.2931822409671
482400,647.9307904684003
486000,539.9724857727331
489600,426.77544820944314
493200,316.0538688215197
496800,215.35324026818824
500400,131.53614396970346
504000,70.31457652450172
507600,35.86068658055228
511200,30.52244979979008
514800,54.663658196970744
518400,106.63912831505775
522000,182.90681775903175
525600,278.26920953160095
529200,386.22751422726844
532800,499.4245517905584
536400,610.1461311784789
540000,710.8467597318105
543600,794.6638560302976
547200,855.8854234754976
550800,890.339313419448
554400,895.67755020021
558000,871.5363418030299
561600,819.5608716849415
565200,743.2931822409695
568800,647.9307904683977
572400,539.9724857727332
576000,426.77544820944325
579600,316.05386882151976
583200,215.35324026819086
586800,131.53614396970153
590400,70.31457652450177
594000,35.86068658055228
597600,30.52244979979008
601200,54.663658196970744
604800,106.6391283150594
608400,182.9068177590317
612000,278.2692095316009
615600,386.22751422726833
619200,499.4245517905552
622800,610.1461311784788
626400,710.8467597318104
630000,794.6638560302955
633600,855.8854234754976
637200,890.339313419448
640800,895.6775502002098
644400,871.5363418030299
648000,819.5608716849415
651600,743.2931822409673
655200,647.9307904684006
658800,539.9724857727333
662400,426.77544820944337
666000,316.05386882152277
669600,215.35324026819094
673200,131.53614396970158
676800,70.31457652450047
680400,35.86068658055234
684000,30.52244979979008
687600,54.66365819697069
691200,106.63912831505758
694800,182.90681775903158
698400,278.2692095316008
702000,386.2275142272652
705600,499.4245517905551
709200,610.1461311784788
712800,710.8467597318129
716400,794.6638560302974
720000,855.8854234754989
723600,890.339313419448
727200,895.6775502002101
730800,871.5363418030299
734400,819.5608716849416
738000,743.2931822409696
741600,647.9307904684007
745200,539.9724857727333
748800,426.77544820944655
752400,316.0538688215199
756000,215.3532402681885
759600,131.53614396970164
763200,70.31457652450183
766800,35.86068658055234
770400,30.52244979979008
774000,54.66365819696955
777600,106.63912831505752
781200,182.90681775903153
784800,278.2692095315979
788400,386.22751422726816
792000,499.42455179055804
795600,610.1461311784815
799200,710.8467597318103
802800,794.6638560302974
806400,855.8854234754988
810000,890.3393134194474
813600,895.6775502002101
817200,871.5363418030299
820800,819.5608716849434
824400,743.2931822409698
828000,647.9307904683981
831600,539.9724857727305
835200,426.7754482094436
838800,316.05386882152004
842400,215.35324026818859
846000,131.5361439697037
849600,70.31457652450189
853200,35.8606865805524
856800,30.522449799789797
860400,54.66365819696955
864000,106.63912831505746
867600,182.90681775903374
871200,278.2692095316006
874800,386.22751422726805
878400,499.4245517905579
882000,610.1461311784785
885600,710.8467597318102
889200,794.6638560302973
892800,855.8854234754974
896400,890.3393134194474
900000,895.6775502002104
903600,871.5363418030299
907200,819.5608716849399
910800,743.2931822409676
914400,647.9307904684009
918000,539.9724857727306
921600,426.7754482094437
925200,316.05386882152305
928800,215.3532402681887
932400,131.5361439697038
936000,70.31457652450325
939600,35.8606865805524
943200,30.522449799790365
946800,54.66365819697057
950400,106.63912831505746
954000,182.90681775903374
957600,278.2692095316005
961200,386.2275142272649
964800,499.4245517905578
968400,610.1461311784784
972000,710.8467597318075
975600,794.6638560302972
979200,855.8854234754974
982800,890.339313419448
986400,895.6775502002101
990000,871.536341803029
993600,819.5608716849417
997200,743.2931822409698
1000800,647.9307904683982
1004400,539.9724857727336
1008000,426.7754482094469
1011600,316.05386882152027
1015200,215.35324026819129
1018800,131.53614396970187
1022400,70.31457652450194
1026000,35.860686580551885
1029600,30.52244979979008
1033200,54.66365819696949
1036800,106.63912831505911
1040400,182.90681775903124
1044000,278.2692095315976
1047600,386.2275142272678
1051200,499.42455179055463
1054800,610.1461311784753
1058400,710.8467597318099
1062000,794.6638560302991
1065600,855.8854234754988
1069200,890.3393134194473
1072800,895.6775502002099
1076400,871.53634180303
1080000,819.5608716849435
1083600,743.2931822409676
1087200,647.930790468401
1090800,539.9724857727368
1094400,426.7754482094439
1098000,316.0538688215174
1101600,215.35324026818884
1105200,131.53614396970391
1108800,70.3145765245007
1112400,35.86068658055245
1116000,30.522449799789797
1119600,54.663658196970516
1123200,106.63912831505729
1126800,182.90681775902885
1130400,278.26920953160027
1134000,386.2275142272708
1137600,499.42455179055764
1141200,610.1461311784782
1144800,710.8467597318124
1148400,794.6638560302971
1152000,855.8854234754974
1155600,890.3393134194479
1159200,895.6775502002101
1162800,871.5363418030311
1166400,819.560871684942
1170000,743.29318224097
1173600,647.9307904683984
1177200,539.9724857727339
1180800,426.7754482094409
1184400,316.0538688215205
1188000,215.35324026819148
1191600,131.53614396970198
1195200,70.31457652450206
1198800,35.860686580551885
1202400,30.52244979979008
1206000,54.66365819697148
1209600,106.63912831505547
1213200,182.90681775903113
1216800,278.2692095315974
1220400,386.22751422726765
1224000,499.42455179055446
1227600,610.146131178481
1231200,710.8467597318149
1234800,794.663856030295
1238400,855.8854234754986
1242000,890.3393134194473
1245600,895.6775502002099
1249200,871.5363418030302
1252800,819.5608716849401
1256400,743.2931822409726
1260000,647.9307904684013
1263600,539.9724857727371
1267200,426.7754482094441
1270800,316.05386882151765
1274400,215.353240268189
1278000,131.53614396970005
1281600,70.31457652450342
1285200,35.86068658055245
1288800,30.52244979978974
1292400,54.66365819697046
1296000,106.63912831505718
1299600,182.9068177590334
1303200,278.2692095315946
1306800,386.22751422726446
1310400,499.4245517905574
1314000,610.1461311784781
1317600,710.8467597318122
1321200,794.663856030297
1324800,855.8854234754999
1328400,890.3393134194467
1332000,895.6775502002101
1335600,871.5363418030312
1339200,819.560871684942
1342800,743.2931822409703
1346400,647.9307904683985
1350000,539.9724857727281
1353600,426.7754482094473
1357200,316.0538688215206
1360800,215.35324026819163
1364400,131.53614396970215
1368000,70.31457652450217
1371600,35.86068658055194
1375200,30.522449799789513
1378800,54.66365819696932
1382400,106.63912831505536
1386000,182.9068177590309
1389600,278.2692095316028
1393200,386.2275142272674
1396800,499.4245517905604
1400400,610.146131178475
1404000,710.8467597318096
1407600,794.6638560302949
1411200,855.8854234754986
1414800,890.3393134194473
1418400,895.6775502002099
1422000,871.5363418030281
1425600,819.5608716849438
1429200,743.293182240968
1432800,647.9307904684015
1436400,539.9724857727311
1440000,426.77544820944433
1443600,316.0538688215179
1447200,215.35324026819427
1450800,131.53614396970414
1454400,70.31457652450348
1458000,35.86068658055251
1461600,30.52244979979031
1465200,54.663658196970346
1468800,106.63912831506059
1472400,182.9068177590285
1476000,278.2692095315999
1479600,386.22751422726424
1483200,499.4245517905572
1486800,610.1461311784778
1490400,710.8467597318121
1494000,794.6638560302929
1497600,855.8854234754972
1501200,890.3393134194478
1504800,895.6775502002101
1508400,871.5363418030292
1512000,819.5608716849422
1515600,743.2931822409657
1519200,647.9307904684043
1522800,539.9724857727343
1526400,426.7754482094475
1530000,316.05386882152084
1533600,215.35324026819183
1537200,131.53614396970227
1540800,70.31457652449961
1544400,35.86068658055308
1548000,30.522449799790024
1551600,54.663658196969266
1555200,106.63912831505877
1558800,182.9068177590308
1562400,278.26920953160266
1566000,386.22751422726117
1569600,499.424551790554
1573200,610.1461311784748
1576800,710.8467597318095
1580400,794.6638560302988
1584000,855.8854234754984
1587600,890.3393134194483
1591200,895.6775502002104
1594800,871.5363418030303
1598400,819.560871684944
1602000,743.2931822409681
1605600,647.9307904684017
1609200,539.9724857727314
1612800,426.7754482094507
1616400,316.05386882152385
1620000,215.35324026818935
1623600,131.5361439697043
1627200,70.31457652450098
1630800,35.86068658055251
1634400,30.52244979979025
1638000,54.663658196968186
1641600,106.63912831505695
1645200,182.90681775902834
1648800,278.2692095315997
1652400,386.22751422727015
1656000,499.42455179055696
1659600,610.1461311784834
1663200,710.8467597318069
1666800,794.6638560302968
1670400,855.8854234754971
1674000,890.3393134194478
1677600,895.6775502002101
1681200,871.5363418030292
1684800,819.5608716849458
1688400,743.2931822409705
1692000,647.930790468399
1695600,539.9724857727346
1699200,426.7754482094416
1702800,316.05386882152106
1706400,215.35324026818694
1710000,131.53614396970636
1713600,70.31457652450234
1717200,35.860686580553136
1720800,30.522449799790024
1724400,54.66365819696921
1728000,106.63912831505866
1731600,182.90681775903533
1735200,278.26920953159686
1738800,386.22751422726697
1742400,499.4245517905538
1746000,610.1461311784803
1749600,710.8467597318092
1753200,794.6638560302986
1756800,855.8854234754957
1760400,890.3393134194473
1764000,895.6775502002104
1767600,871.5363418030304
1771200,819.5608716849406
1774800,743.293182240973
1778400,647.9307904684018
1782000,539.9724857727316
1785600,426.7754482094386
1789200,316.0538688215241
1792800,215.35324026818955
1796400,131.53614396970846
1800000,70.3145765245037
1803600,35.86068658055257
1807200,30.52244979979025
1810800,54.663658196972335
1814400,106.63912831505684
1818000,182.9068177590329
1821600,278.26920953159396
1825200,386.2275142272639
1828800,499.4245517905568
1832400,610.1461311784832
1836000,710.8467597318066
1839600,794.6638560302965
1843200,855.8854234754943
1846800,890.3393134194466
1850400,895.6775502002101
1854000,871.5363418030292
1857600,819.5608716849388
1861200,743.2931822409613
1864800,647.9307904683881
1868400,539.9724857727286
1872000,426.77544820943564
1875600,316.0538688215213
1879200,215.3532402681871
1882800,131.53614396969857
1886400,70.31457652449717
1890000,35.860686580552056
1893600,30.52244979979048
1897200,54.66365819696915
1900800,106.63912831505849
1904400,182.90681775903516
1908000,278.2692095316078
1911600,386.2275142272789
1915200,499.42455179055975
1918800,610.146131178486
1922400,710.8467597318091
1926000,794.6638560302985
1929600,855.8854234755008
1933200,890.3393134194494
1936800,895.6775502002099
1940400,871.5363418030283
1944000,819.5608716849372
1947600,743.2931822409685
1951200,647.9307904683965
1954800,539.9724857727257
1958400,426.7754482094327
1962000,316.05386882151845
1965600,215.35324026818463
1969200,131.5361439697046
1972800,70.31457652450115
1976400,35.860686580551544
1980000,30.522449799790706
1983600,54.663658196974325
1987200,106.63912831506025
1990800,182.90681775903744
1994400,278.26920953159936
1998000,386.2275142272697
2001600,499.4245517905627
2005200,610.1461311784888
2008800,710.8467597318115
2012400,794.6638560303004
2016000,855.8854234755022
2019600,890.3393134194478
2023200,895.6775502002097
2026800,871.5363418030273
2030400,819.5608716849355
2034000,743.2931822409662
2037600,647.9307904683938
2041200,539.9724857727349
2044800,426.775448209442
2048400,316.05386882151566
2052000,215.35324026818222
2055600,131.5361439696947
2059200,70.3145765244999
2062800,35.860686580550976
2066400,30.522449799789968
2070000,54.66365819697114
2073600,106.6391283150619
2077200,182.9068177590397
2080800,278.26920953160203
2084400,386.22751422727265
2088000,499.4245517905534
2091600,610.14613117848
2095200,710.846759731814
2098800,794.6638560303023
2102400,855.8854234755034
2106000,890.3393134194482
2109600,895.6775502002095
2113200,871.5363418030305
2116800,819.5608716849408
2120400,743.2931822409639
2124000,647.930790468391
2127600,539.9724857727319
2131200,426.77544820943905
2134800,316.0538688215129
2138400,215.3532402681899
2142000,131.53614396970073
2145600,70.31457652449865
2149200,35.860686580550464
2152800,30.522449799790195
2156400,54.663658196972165
2160000,106.63912831505655
2163600,182.90681775903255
2167200,278.2692095316047
2170800,386.2275142272756
2174400,499.42455179056867
2178000,610.1461311784828
2181600,710.8467597318164
2185200,794.6638560302963
2188800,855.8854234754995
2192400,890.3393134194488
2196000,895.6775502002092
2199600,871.5363418030295
2203200,819.560871684939
2206800,743.2931822409616
2210400,647.9307904683996
2214000,539.9724857727291
2217600,426.7754482094361
2221200,316.05386882151004
2224800,215.35324026818742
2228400,131.5361439696988
2232000,70.31457652450257
2235600,35.86068658055211
2239200,30.522449799790422
2242800,54.66365819697313
2246400,106.6391283150653
2250000,182.90681775903482
2253600,278.26920953160743
2257200,386.2275142272664
2260800,499.4245517905593
2264400,610.1461311784856
2268000,710.8467597318189
2271600,794.6638560302981
2275200,855.8854234755006
2278800,890.3393134194471
2282400,895.6775502002099
2286000,871.5363418030284
2289600,819.5608716849374
2293200,743.2931822409594
2296800,647.9307904683968
2300400,539.9724857727261
2304000,426.7754482094454
2307600,316.0538688215189
2311200,215.35324026818503
2314800,131.53614396969687
2318400,70.31457652450132
2322000,35.860686580551544
2325600,30.522449799790706
2329200,54.663658196970005
2332800,106.63912831506002
2336400,182.9068177590371
2340000,278.26920953161016
2343600,386.2275142272693
2347200,499.4245517905623
2350800,610.1461311784768
2354400,710.8467597318112
2358000,794.6638560303002
2361600,855.885423475502
2365200,890.3393134194498
2368800,895.6775502002097
2372400,871.5363418030316
2376000,819.5608716849357
2379600,743.2931822409665
2383200,647.9307904683942
2386800,539.9724857727354
2390400,426.7754482094301
2394000,316.05386882151606
2397600,215.35324026819268
2401200,131.536143969695
2404800,70.31457652450007
2408400,35.86068658055109
2412000,30.52244979978991
2415600,54.66365819697518
2419200,106.63912831506167
2422800,182.90681775902993
2426400,278.26920953160163
2430000,386.22751422727225
2433600,499.42455179056526
2437200,610.1461311784795
2440800,710.8467597318238
2444400,794.663856030302
2448000,855.885423475498
2451600,890.3393134194482
2455200,895.6775502002095
2458800,871.5363418030265
2462400,819.560871684941
2466000,743.2931822409737
2469600,647.9307904683915
2473200,539.9724857727324
2476800,426.77544820943945
2480400,316.0538688215132
2484000,215.35324026818012
2487600,131.53614396970102
2491200,70.3145765245041
2494800,35.86068658055058
2498400,30.522449799790138
2502000,54.66365819697205
2505600,106.63912831505633
2509200,182.90681775904164
2512800,278.26920953160436
2516400,386.227514227263
2520000,499.4245517905682
2523600,610.1461311784824
2527200,710.8467597318161
2530800,794.663856030296
2534400,855.8854234755045
2538000,890.3393134194487
2541600,895.6775502002104
2545200,871.5363418030296
2548800,819.5608716849393
2552400,743.2931822409619
2556000,647.9307904683999
2559600,539.9724857727174
2563200,426.7754482094365
2566800,316.05386882152203
2570400,215.35324026818782
2574000,131.53614396969908
2577600,70.31457652449751
2581200,35.86068658055217
2584800,30.5224497997894
2588400,54.66365819697302
2592000,106.63912831505803
2595600,182.90681775903454
2599200,278.2692095316071
2602800,386.2275142272781
2606400,499.4245517905589
2610000,610.1461311784735
2613600,710.8467597318186
2617200,794.6638560302979
2620800,855.8854234755005
2624400,890.3393134194471
2628000,895.677550200209
2631600,871.5363418030286
2635200,819.5608716849447
2638800,743.2931822409596
2642400,647.9307904683972
2646000,539.9724857727266
2649600,426.7754482094458
2653200,316.05386882150765
2656800,215.35324026818537
2660400,131.5361439697051
2664000,70.31457652450155
2667600,35.86068658055166
2671200,30.522449799790706
2674800,54.66365819696989
2678400,106.63912831506678
2682000,182.9068177590368
2685600,278.26920953159856
2689200,386.2275142272689
2692800,499.42455179056185
2696400,610.146131178488
2700000,710.8467597318108
2703600,794.6638560302919
2707200,855.8854234755017
2710800,890.3393134194475
2714400,895.6775502002097
2718000,871.5363418030277
2721600,819.5608716849359
2725200,743.2931822409669
2728800,647.9307904684057
2732400,539.9724857727236
2736000,426.77544820944286
2739600,316.05386882151646
2743200,215.35324026819302
2746800,131.53614396969527
2750400,70.3145765245003
2754000,35.860686580553306
2757600,30.522449799790934
2761200,54.66365819697086
2764800,106.63912831506144
2768400,182.9068177590296
2772000,278.26920953161243
2775600,386.2275142272718
2779200,499.4245517905525
2782800,610.1461311784908
2786400,710.8467597318133
2790000,794.6638560303018
2793600,855.8854234754979
2797200,890.3393134194503
2800800,895.6775502002095
2804400,871.5363418030308
2808000,819.5608716849413
2811600,743.2931822409646
2815200,647.9307904683918
2818800,539.9724857727329
2822400,426.77544820942757
2826000,316.0538688215137
2829600,215.3532402681906
2833200,131.5361439697013
2836800,70.31457652449899
2840400,35.86068658055058
2844000,30.522449799790138
2847600,54.663658196967674
2851200,106.63912831506315
2854800,182.90681775903192
2858400,278.26920953160396
2862000,386.22751422727475
2865600,499.4245517905678
2869200,610.1461311784819
2872800,710.8467597318056
2876400,794.6638560303037
2880000,855.885423475499
2883600,890.3393134194487
2887200,895.6775502002104
2890800,871.5363418030256
2894400,819.5608716849396
2898000,743.2931822409716
2901600,647.9307904683892
2905200,539.9724857727299
2908800,426.7754482094369
2912400,316.0538688215224
2916000,215.35324026817804
2919600,131.53614396969942
2923200,70.31457652450297
2926800,35.86068658055228
2930400,30.522449799790422
2934000,54.66365819697285
2937600,106.6391283150578
2941200,182.90681775904358
2944800,278.26920953160663
2948400,386.22751422726554
2952000,499.42455179055844
2955600,610.1461311784848
2959200,710.8467597318182
2962800,794.6638560302977
2966400,855.8854234754951
2970000,890.3393134194491
2973600,895.67755020021
2977200,871.5363418030288
2980800,819.5608716849379
2984400,743.29318224096
2988000,647.9307904683976
2991600,539.9724857727391
2995200,426.77544820943393
2998800,316.0538688215197
3002400,215.3532402681857
3006000,131.53614396970545
3009600,70.31457652449649
3013200,35.86068658055177
3016800,30.522449799789626
3020400,54.66365819697387
3024000,106.63912831505945
3027600,182.90681775903647
3031200,278.2692095315982
3034800,386.2275142272806
3038400,499.42455179056145
3042000,610.146131178476
3045600,710.8467597318105
3049200,794.6638560302996
3052800,855.8854234755016
3056400,890.3393134194475
3060000,895.6775502002088
3063600,871.5363418030277
3067200,819.5608716849432
3070800,743.2931822409671
3074400,647.9307904683949
3078000,539.972485772724
3081600,426.77544820944325
3085200,316.05386882152845
3088800,215.35324026818324
3092400,131.53614396970352
3096000,70.31457652450041
3099600,35.86068658055126
3103200,30.522449799790877
3106800,54.663658196970744
3110400,106.63912831505417
3114000,182.90681775903874
3117600,278.2692095316009
3121200,386.2275142272714
3124800,499.42455179055213
3128400,610.1461311784904
3132000,710.8467597318129
3135600,794.6638560302936
3139200,855.8854234755029
3142800,890.339313419448
3146400,895.6775502002096
3150000,871.5363418030308
3153600,819.5608716849345
3157200,743.2931822409648
3160800,647.9307904684034
3164400,539.9724857727333
3168000,426.7754482094403
3171600,316.053868821514
3175200,215.35324026819094
3178800,131.53614396969363
3182400,70.31457652449916
3186000,35.86068658055285
3189600,30.52244979979008
3193200,54.66365819697177
3196800,106.63912831506286
3200400,182.90681775903158
3204000,278.2692095315924
3207600,386.22751422727436
3211200,499.4245517905551
3214800,610.1461311784816
3218400,710.8467597318154
3222000,794.6638560303034
3225600,855.8854234754989
3229200,890.3393134194464
3232800,895.6775502002093
3236400,871.5363418030299
3240000,819.5608716849398
3243600,743.2931822409626
3247200,647.9307904683895
3250800,539.9724857727304
3254400,426.7754482094496
3258000,316.0538688215113
3261600,215.3532402681885
3265200,131.53614396969965
3268800,70.3145765245032
3272400,35.86068658055018
3276000,30.522449799790365
3279600,54.66365819696858
3283200,106.63912831506457
3286800,182.90681775903386
3290400,278.2692095316063
3294000,386.22751422726515
3297600,499.4245517905703
3301200,610.1461311784844
3304800,710.8467597318077
3308400,794.6638560302974
3312000,855.8854234755001
3315600,890.3393134194491
3319200,895.6775502002101
3322800,871.5363418030247
3326400,819.5608716849381
3330000,743.2931822409698
3333600,647.9307904683981
3337200,539.9724857727274
3340800,426.7754482094344
3344400,316.05386882152004
3348000,215.3532402681962
3351600,131.53614396969772
3355200,70.31457652450189
3358800,35.86068658055183
3362400,30.522449799790593
3366000,54.6636581969737
3369600,106.63912831505922
3373200,182.90681775902675
3376800,278.269209531609
3380400,386.22751422726805
3384000,499.424551790561
3387600,610.1461311784756
3391200,710.8467597318203
3394800,794.6638560302993
3398400,855.8854234754962
3402000,890.3393134194496
3405600,895.6775502002099
3409200,871.5363418030279
3412800,819.5608716849435
3416400,743.293182240958
3420000,647.9307904683953
3423600,539.9724857727366
3427200,426.7754482094437
3430800,316.05386882151726
3434400,215.3532402681836
3438000,131.5361439697038
3441600,70.31457652449535
3445200,35.86068658055126
3448800,30.522449799789797
3452400,54.66365819697057
3456000,106.63912831506099
3459600,182.9068177590384
3463200,278.2692095316005
3466800,386.22751422725884
3470400,499.424551790564
3474000,610.1461311784784
3477600,710.8467597318127
3481200,794.6638560303013
3484800,855.8854234755026
3488400,890.339313419448
3492000,895.6775502002106
3495600,871.536341803027
3499200,819.5608716849417
3502800,743.2931822409653
3506400,647.9307904684038
3510000,539.9724857727215
3513600,426.77544820944075
3517200,316.05386882152607
3520800,215.35324026818117
3524400,131.53614396970187
3528000,70.31457652449939
3531600,35.860686580552965
3535200,30.52244979979008
3538800,54.663658196971596
3542400,106.63912831506264
3546000,182.90681775902186
3549600,278.26920953161437
3553200,386.22751422726174
3556800,499.42455179055463
3560400,610.1461311784811
3564000,710.846759731815
3567600,794.6638560303031
3571200,855.8854234754934
3574800,890.3393134194507
3578400,895.6775502002104
3582000,871.53634180303
3585600,819.56087168494
3589200,743.293182240963
3592800,647.9307904683899
3596400,539.9724857727429
3600000,426.77544820942546
3603600,316.0538688215232
3607200,215.35324026818884
3610800,131.53614396969994
3614400,70.31457652449808
3618000,35.86068658055024
3621600,30.522449799789285
3625200,54.66365819696841
3628800,106.63912831505729
3632400,182.90681775903352
3636000,278.2692095316059
3639600,386.22751422727686
3643200,499.4245517905699
3646800,610.1461311784724
3650400,710.8467597318074
3654000,794.6638560302971
3657600,855.8854234754999
3661200,890.3393134194489
3664800,895.6775502002112
3668400,871.5363418030249
3672000,819.5608716849454
3675600,743.29318224097
3679200,647.9307904683984
3682800,539.9724857727279
3686400,426.7754482094348
3690000,316.0538688215321
3693600,215.35324026817625
3697200,131.53614396970596
3700800,70.31457652451257
3704400,35.860686580551885
3708000,30.52244979978849
3711600,54.66365819696523
3715200,106.63912831505195
3718800,182.9068177590264
3722400,278.2692095315974
3726000,386.2275142272433
3729600,499.4245517905606
3733200,610.1461311784636
3736800,710.8467597317997
3740400,794.6638560302911
3744000,855.8854234754959
3747600,890.3393134194473
3751200,895.677550200212
3754800,871.536341803028
3758400,819.5608716849508
3762000,743.2931822409772
3765600,647.9307904684068
3769200,539.9724857727371
3772800,426.7754482094441
3776400,316.05386882154085
3780000,215.35324026820422
3783600,131.53614396971204
3787200,70.31457652450604
3790800,35.86068658055353
3794400,30.52244979978974
3798000,54.66365819697046
3801600,106.6391283150466
3805200,182.90681775901925
3808800,278.26920953158896
3812400,386.22751422725844
3816000,499.4245517905513
3819600,610.1461311784548
3823200,710.8467597318122
3826800,794.663856030285
3830400,855.885423475492
3834000,890.3393134194457
3837600,895.6775502002106
3841200,871.5363418030312
3844800,819.560871684956
3848400,743.2931822409655
3852000,647.9307904684154
3855600,539.9724857727463
3859200,426.77544820945343
3862800,316.05386882152646
3866400,215.35324026819163
3870000,131.53614396971807
3873600,70.31457652449956
3877200,35.86068658055524
3880800,30.522449799789
3884400,54.663658196967276
3888000,106.63912831505536
3891600,182.9068177590309
3895200,278.2692095315805
3898800,386.22751422724923
3902400,499.42455179054195
3906000,610.1461311784692
3909600,710.8467597318046
3913200,794.6638560302949
3916800,855.8854234754986
3920400,890.339313419444
3924000,895.6775502002115
3927600,871.5363418030344
3931200,819.5608716849474
3934800,743.2931822409727
3938400,647.9307904684238
3942000,539.9724857727311
3945600,426.77544820946275
3949200,316.0538688215353
3952800,215.35324026819933
3956400,131.53614396970818
3960000,70.31457652450348
3963600,35.86068658055689
3967200,30.52244979979031
3970800,54.66365819696409
3974400,106.63912831505002
3978000,182.9068177590238
3981600,278.26920953159436
3985200,386.22751422726424
3988800,499.42455179053263
3992400,610.1461311784835
3996000,710.8467597317969
3999600,794.6638560302888
4003200,855.8854234754945
4006800,890.3393134194467
4010400,895.6775502002101
4014000,871.5363418030375
4017600,819.5608716849385
4021200,743.2931822409798
4024800,647.9307904684099
4028400,539.9724857727404
4032000,426.7754482094475
4035600,316.05386882152084
4039200,215.353240268207
4042800,131.5361439697142
4046400,70.31457652450752
4050000,35.86068658055416
4053600,30.522449799789456
4057200,54.663658196969266
4060800,106.63912831505877
4064400,182.90681775901663
4068000,278.2692095315859
4071600,386.2275142272551
4075200,499.42455179054787
4078800,610.1461311784748
4082400,710.8467597317892
4086000,794.6638560302988
4089600,855.8854234754906
4093200,890.339313419445
4096800,895.6775502002109
4100400,871.5363418030324
4104000,819.560871684944
4107600,743.2931822409869
4111200,647.930790468396
4114800,539.9724857727496
4118400,426.77544820945684
4122000,316.05386882152965
4125600,215.3532402681944
4129200,131.5361439697043
4132800,70.3145765245115
4136400,35.86068658055143
4140000,30.522449799788717
4143600,54.66365819696608
4147200,106.63912831505343
4150800,182.90681775902834
4154400,278.2692095315997
4158000,386.2275142272458
4161600,499.42455179053854
4165200,610.146131178466
4168800,710.8467597318017
4172400,794.6638560302927
4176000,855.8854234754971
4179600,890.3393134194478
4183200,895.6775502002117
4186800,871.5363418030356
4190400,819.5608716849492
4194000,743.2931822409753
4197600,647.9307904684046
4201200,539.9724857727588
4204800,426.7754482094416
4208400,316.05386882153846
4212000,215.35324026820214
4215600,131.5361439697104
4219200,70.31457652450496
4222800,35.860686580553136
4226400,30.52244979978792
4230000,54.66365819697131
4233600,106.63912831504808
4237200,182.90681775902118
4240800,278.2692095315913
4244400,386.22751422726094
4248000,499.4245517905538
4251600,610.1461311784572
4255200,710.8467597318144
4258800,794.6638560302868
4262400,855.8854234754931
4266000,890.3393134194462
4269600,895.6775502002104
4273200,871.5363418030304
4276800,819.5608716849547
4280400,743.2931822409824
4284000,647.9307904684131
4287600,539.9724857727438
4291200,426.77544820945093
4294800,316.0538688215241
4298400,215.35324026818955
4302000,131.53614396971642
4305600,70.31457652450894
4309200,35.86068658055473
4312800,30.52244979978917
4316400,54.66365819696813
4320000,106.63912831504274
4323600,182.9068177590329
4327200,278.26920953158276
4330800,386.22751422725173
4334400,499.42455179054446
4338000,610.1461311784716
4341600,710.8467597318066
4345200,794.6638560302806
4348800,855.8854234754997
4352400,890.3393134194445
4356000,895.6775502002113
4359600,871.5363418030336
4363200,819.5608716849458
4366800,743.2931822409707
4370400,647.9307904684215
4374000,539.9724857727286
4377600,426.77544820946025
4381200,316.0538688215329
4384800,215.35324026819723
4388400,131.53614396970653
4392000,70.31457652450246
4395600,35.86068658055643
4399200,30.522449799788433
4402800,54.663658196964946
4406400,106.6391283150515
4410000,182.90681775902578
4413600,278.26920953159663
4417200,386.2275142272668
4420800,499.42455179053513
4424400,610.1461311784628
4428000,710.846759731799
4431600,794.6638560302905
4435200,855.8854234754956
4438800,890.3393134194472
4442400,895.6775502002099
4446000,871.5363418030367
4449600,819.5608716849513
4453200,743.2931822409779
4456800,647.9307904684076
4460400,539.9724857727379
4464000,426.7754482094696
4467600,316.05386882151845
4471200,215.35324026820493
4474800,131.53614396971255
4478400,70.31457652450638
4482000,35.860686580553704
4485600,30.52244979978974
4489200,54.66365819696176
4492800,106.63912831506025
4496400,182.90681775901857
4500000,278.2692095315882
4503600,386.2275142272576
4507200,499.4245517905504
4510800,610.1461311784772
4514400,710.8467597317913
4518000,794.6638560303004
4521600,855.8854234754916
4525200,890.3393134194455
4528800,895.6775502002107
4532400,871.5363418030315
4536000,819.5608716849425
4539600,743.2931822409851
4543200,647.930790468416
4546800,539.9724857727471
4550400,426.7754482094543
4554000,316.05386882152726
4557600,215.35324026819234
4561200,131.53614396970266
4564800,70.31457652451041
4568400,35.86068658055535
4572000,30.522449799788944
4575600,54.66365819696699
4579200,106.6391283150549
4582800,182.90681775901146
4586400,278.26920953160203
4590000,386.2275142272484
4593600,499.4245517905411
4597200,610.1461311784684
4600800,710.8467597318038
4604400,794.6638560302943
4608000,855.8854234754876
4611600,890.3393134194482
4615200,895.6775502002115
4618800,871.5363418030347
4622400,819.5608716849479
4626000,743.2931822409732
4629600,647.9307904684023
4633200,539.9724857727563
4636800,426.77544820943905
4640400,316.05386882153607
4644000,215.3532402682
4647600,131.5361439697087
4651200,70.31457652450388
4654800,35.860686580552624
4658400,30.52244979978815
4662000,54.66365819696381
4665600,106.63912831504956
4669200,182.90681775902317
4672800,278.26920953159356
4676400,386.22751422726344
4680000,499.42455179055634
4683600,610.1461311784595
4687200,710.8467597317962
4690800,794.6638560302883
4694400,855.8854234754942
4698000,890.3393134194466
4701600,895.6775502002123
4705200,871.5363418030295
4708800,819.560871684939
4712400,743.2931822409805
4716000,647.9307904684107
4719600,539.9724857727655
4723200,426.77544820944837
4726800,316.05386882152163
4730400,215.3532402682077
4734000,131.53614396971477
4737600,70.31457652449734
4741200,35.86068658055433
4744800,30.522449799789456
4748400,54.66365819696898
4752000,106.63912831504416
4755600,182.90681775903482
4759200,278.2692095315851
4762800,386.22751422725423
4766400,499.424551790547
4770000,610.1461311784508
4773600,710.8467597318088
4777200,794.6638560302981
4780800,855.8854234754901
4784400,890.3393134194449
4788000,895.677550200209
4791600,871.5363418030327
4795200,819.5608716849445
4798800,743.2931822409876
4802400,647.9307904684192
4806000,539.9724857727261
4809600,426.7754482094577
4813200,316.05386882153044
4816800,215.35324026819515
4820400,131.5361439697208
4824000,70.31457652450132
4827600,35.860686580551544
4831200,30.52244979978866
4834800,54.6636581969658
4838400,106.63912831503882
4842000,182.90681775902772
4845600,278.26920953159896
4849200,386.227514227245
4852800,499.4245517905377
4856400,610.1461311784884
4860000,710.8467597318011
4863600,794.6638560302922
4867200,855.8854234754967
4870800,890.3393134194432
4874400,895.6775502002097
4878000,871.5363418030358
4881600,819.5608716849498
4885200,743.293182240976
4888800,647.9307904684276
4892400,539.9724857727354
4896000,426.7754482094424
4899600,316.05386882153925
4903200,215.3532402682028
4906800,131.536143969695
4910400,70.31457652450536
4914000,35.86068658055325
4917600,30.522449799787864
4921200,54.663658196962615
4924800,106.63912831506167
4928400,182.90681775902056
4932000,278.2692095315905
4935600,386.2275142272601
4939200,499.42455179052837
4942800,610.1461311784795
4946400,710.8467597318136
4950000,794.6638560302861
4953600,855.8854234754928
4957200,890.3393134194416
4960800,895.6775502002106
4964400,871.5363418030306
4968000,819.5608716849551
4971600,743.2931822409831
4975200,647.9307904683915
4978800,539.9724857727446
4982400,426.7754482094517
4986000,316.0538688215249
4989600,215.35324026821053
4993200,131.53614396970102
4996800,70.31457652450933
5000400,35.8606865805549
5004000,30.522449799789115
5007600,54.66365819695943
5011200,106.63912831505633
5014800,182.9068177590322
5018400,278.269209531582
5022000,386.2275142272509
5025600,499.4245517905682
5029200,610.1461311784708
5032800,710.846759731806
5036400,794.66385603028
5040000,855.8854234754888
5043600,890.3393134194487
5047200,895.6775502002113
5050800,871.5363418030338
5054400,819.5608716849463
5058000,743.2931822409903
5061600,647.9307904683999
5065200,539.9724857727294
5068800,426.77544820946105
5072400,316.0538688215337
5076000,215.35324026821817
5079600,131.53614396970704
5083200,70.3145765245028
5086800,35.8606865805566
5090400,30.522449799788376
5094000,54.66365819697302
5097600,106.63912831505098
5101200,182.9068177590251
5104800,278.2692095315959
5108400,386.22751422724167
5112000,499.4245517905589
5115600,610.1461311784619
5119200,710.8467597317982
5122800,794.6638560302899
5126400,855.8854234754847
5130000,890.3393134194471
5133600,895.67755020021
5137200,871.536341803037
5140800,819.5608716849517
5144400,743.2931822409596
5148000,647.9307904684084
5151600,539.9724857727388
5155200,426.7754482094704
5158800,316.05386882154244
5162400,215.35324026818537
5166000,131.53614396971312
5169600,70.31457652450678
5173200,35.86068658055382
5176800,30.52244979978758
5180400,54.66365819696989
5184000,106.63912831505974
5187600,182.90681775901794
5191200,278.2692095315874
5194800,386.22751422723246
5198400,499.4245517905496
5202000,610.1461311784764
5205600,710.8467597317906
5209200,794.6638560302839
5212800,855.8854234755017
5216400,890.3393134194453
5220000,895.6775502002108
5223600,871.5363418030317
5227200,819.5608716849571
5230800,743.2931822409669
5234400,647.9307904684168
5238000,539.9724857727479
5241600,426.77544820945513
5245200,316.0538688215513
5248800,215.35324026819302
5252400,131.53614396970323
5256000,70.31457652451076
5259600,35.86068658055552
5263200,30.522449799790934
5266800,54.66365819696671
5270400,106.63912831505439
5274000,182.90681775901078
5277600,278.26920953157895
5281200,386.2275142272718
5284800,499.42455179054025
5288400,610.1461311784676
5292000,710.8467597318031
5295600,794.6638560302779
5299200,855.8854234754979
5302800,890.3393134194481
5306400,895.6775502002115
5310000,871.5363418030349
5313600,819.5608716849624
5317200,743.2931822409739
5320800,647.9307904684031
5324400,539.9724857727572
5328000,426.77544820946446
5331600,316.0538688215137
5335200,215.35324026820072
5338800,131.53614396970926
5342400,70.31457652450422
5346000,35.86068658055717
5349600,30.522449799790138
5353200,54.663658196963524
5356800,106.63912831504905
5360400,182.9068177590225
5364000,278.2692095315705
5367600,386.2275142272626
5371200,499.4245517905555
5374800,610.1461311784587
5378400,710.8467597317955
5382000,794.6638560303037
5385600,855.8854234754938
5389200,890.3393134194464
5392800,895.6775502002124
5396400,871.5363418030381
5400000,819.5608716849396
5403600,743.2931822409812
5407200,647.9307904684115
5410800,539.9724857727421
5414400,426.7754482094738
5418000,316.0538688215224
5421600,215.35324026818816
5425200,131.53614396971528
5428800,70.31457652450825
5432400,35.86068658055882
5436000,30.522449799789342
5439600,54.6636581969687
5443200,106.6391283150437
5446800,182.90681775901538
5450400,278.26920953160663
5454000,386.2275142272534
5457600,499.42455179054616
5461200,610.1461311784732
5464800,710.8467597317878
5468400,794.6638560302977
5472000,855.8854234754899
5475600,890.3393134194448
5479200,895.677550200211
5482800,871.5363418030413
5486400,819.5608716849449
5490000,743.2931822409694
5493600,647.9307904684199
5497200,539.9724857727513
5500800,426.77544820943393
5504400,316.05386882153124
5508000,215.35324026819583
5511600,131.5361439697213
5515200,70.31457652451223
5518800,35.86068658055177
5522400,30.522449799788546
5526000,54.663658196965514
5529600,106.6391283150524
5533200,182.90681775900816
5536800,278.2692095315982
5540400,386.22751422726844
5544000,499.42455179053684
5547600,610.1461311784644
5551200,710.8467597317801
5554800,794.6638560302915
5558400,855.8854234754963
5562000,890.3393134194431
5565600,895.6775502002118
5569200,871.5363418030277
5572800,819.5608716849503
5576400,743.2931822409766
5580000,647.930790468406
5583600,539.9724857727605
5587200,426.77544820944325
5590800,316.05386882151686
5594400,215.35324026820354
5598000,131.53614396971147
5601600,70.31457652451616
5605200,35.86068658055342
5608800,30.522449799789854
5612400,54.66365819696233
5616000,106.63912831504712
5619600,182.90681775903874
5623200,278.2692095315897
5626800,386.22751422725923
5630400,499.42455179055213
5634000,610.1461311784556
5637600,710.8467597318129
5641200,794.6638560302856
5644800,855.8854234754924
5648400,890.3393134194458
5652000,895.6775502002126
5655600,871.5363418030308
5659200,819.5608716849415
5662800,743.2931822409837
5666400,647.9307904684146
5670000,539.9724857727211
5673600,426.7754482094526
5677200,316.05386882152567
5680800,215.35324026821118
5684400,131.5361439697175
5688000,70.31457652449916
5691600,35.86068658055501
5695200,30.522449799789115
5698800,54.66365819696756
5702400,106.63912831504177
5706000,182.90681775903158
5709600,278.26920953160356
5713200,386.22751422725
5716800,499.4245517905428
5720400,610.1461311784468
5724000,710.8467597318053
5727600,794.6638560302954
5731200,855.8854234754883
5734800,890.3393134194441
5738400,895.6775502002093
5742000,871.536341803034
5745600,819.5608716849468
5749200,743.293182240972
5752800,647.9307904684231
5756400,539.9724857727304
5760000,426.77544820946196
5763600,316.0538688215345
5767200,215.35324026819862
5770800,131.53614396972353
5774400,70.3145765245032
5778000,35.86068658055234
5781600,30.522449799788262
5785200,54.66365819696438
5788800,106.63912831506457
5792400,182.90681775902448
5796000,278.26920953159515
5799600,386.2275142272408
5803200,499.4245517905334
5806800,610.1461311784844
5810400,710.8467597317975
5814000,794.6638560302895
5817600,855.8854234754949
5821200,890.3393134194425
5824800,895.6775502002101
5828400,871.5363418030289
5832000,819.5608716849522
5835600,743.2931822409791
5839200,647.9307904684315
5842800,539.9724857727396
5846400,426.77544820944667
5850000,316.05386882154323
5853600,215.35324026820632
5857200,131.53614396969772
5860800,70.31457652450712
5864400,35.860686580554045
5868000,30.52244979978957
5871600,54.663658196961194
5875200,106.63912831505922
5878800,182.90681775901726
5882400,278.2692095315866
5886000,386.22751422725594
5889600,499.4245517905241
5893200,610.1461311784756
5896800,710.8467597318102
5900400,794.6638560302833
5904000,855.8854234754908
5907600,890.3393134194496
5911200,895.6775502002108
5914800,871.5363418030321
5918400,819.5608716849575
5922000,743.2931822409863
5925600,647.9307904683953
5929200,539.9724857727488
5932800,426.775448209456
5936400,316.05386882152885
5940000,215.353240268214
5943600,131.5361439697038
5947200,70.31457652450064
5950800,35.860686580555694
5954400,30.52244979978883
5958000,54.66365819695807
5961600,106.63912831505394
5965200,182.90681775902897
5968800,278.2692095315782
5972400,386.2275142272467
5976000,499.424551790564
5979600,610.1461311784667
5983200,710.8467597318024
5986800,794.6638560302932
5990400,855.885423475487
5994000,890.339313419448
5997600,895.6775502002117
6001200,871.5363418030353
6004800,819.5608716849488
6008400,743.2931822409935
6012000,647.9307904684038
6015600,539.9724857727336
6019200,426.7754482094653
6022800,316.05386882153766
6026400,215.35324026818117
6030000,131.53614396970983
6033600,70.31457652450462
6037200,35.860686580557285
6040800,30.522449799787978
6044400,54.663658196971596
6048000,106.6391283150486
6051600,182.90681775902186
6055200,278.2692095315921
6058800,386.22751422723746
6062400,499.4245517905547
6066000,610.1461311784811
6069600,710.8467597317948
6073200,794.6638560302872
6076800,855.8854234754829
6080400,890.3393134194463
6084000,895.6775502002104
6087600,871.5363418030383
6091200,819.5608716849542
6094800,743.2931822409629
6098400,647.9307904684123
6102000,539.9724857727429
6105600,426.7754482094501
6109200,316.0538688215465
6112800,215.35324026818884
6116400,131.5361439697159
6120000,70.31457652450854
6123600,35.860686580554614
6127200,30.52244979978724
6130800,54.66365819696841
6134400,106.63912831505729
6138000,182.9068177590147
6141600,278.26920953158356
6145200,386.22751422727686
6148800,499.4245517905453
6152400,610.1461311784724
6156000,710.8467597317871
6159600,794.6638560302812
6163200,855.8854234754999
6166800,890.3393134194446
6170400,895.6775502002112
6174000,871.5363418030332
6177600,819.5608716849595
6181200,743.29318224097
6184800,647.9307904683984
6188400,539.9724857727521
6192000,426.7754482094594
6195600,316.0538688215553
6199200,215.35324026819654
6202800,131.53614396970596
6206400,70.31457652451257
6210000,35.86068658055626
6213600,30.522449799790593
6217200,54.66365819696523
6220800,106.63912831505195
6224400,182.9068177590264
6228000,278.26920953157514
6231600,386.22751422726765
6235200,499.424551790536
6238800,610.1461311784636
6242400,710.8467597317997
6246000,794.6638560302752
6249600,855.8854234754959
6253200,890.3393134194473
6256800,895.677550200212
6260400,871.5363418030364
6264000,819.5608716849367
6267600,743.2931822409772
6271200,647.9307904684068
6274800,539.9724857727613
6278400,426.7754482094687
6282000,316.05386882151765
6285600,215.35324026820422
6289200,131.53614396971204
6292800,70.31457652450604
6296400,35.86068658055791
6300000,30.52244979978974
6303600,54.66365819697046
6307200,106.63912831504666
6310800,182.90681775901925
6314400,278.2692095315666
6318000,386.22751422725844
6321600,499.4245517905513
6325200,610.1461311784548
6328800,710.846759731792
6332400,794.663856030301
6336000,855.885423475492
6339600,890.3393134194457
6343200,895.6775502002106
6346800,871.5363418030396
6350400,819.560871684942
6354000,743.2931822409844
6357600,647.9307904684154
6361200,539.9724857727463
6364800,426.77544820947804
6368400,316.05386882152646
6372000,215.35324026819163
6375600,131.53614396971807
6379200,70.31457652451007
6382800,35.86068658055086
6386400,30.522449799789
6390000,54.663658196967276
6393600,106.63912831504132
6397200,182.90681775901209
6400800,278.2692095316028
6404400,386.22751422724923
6408000,499.42455179054195
6411600,610.1461311784692
6415200,710.8467597317843
6418800,794.6638560302949
6422400,855.8854234754986
6426000,890.339313419444
6429600,895.6775502002115
6433200,871.5363418030427
6436800,819.5608716849474
6440400,743.2931822409727
6444000,647.9307904684238
6447600,539.9724857727555
6451200,426.7754482094382
6454800,316.0538688215353
6458400,215.35324026819933
6462000,131.53614396970818
6465600,70.314576524514
6469200,35.86068658055251
6472800,30.522449799788205
6476400,54.66365819696409
6480000,106.63912831505002
6483600,182.90681775900492
6487200,278.26920953159436
6490800,386.2275142272643
6494400,499.42455179053263
6498000,610.1461311784603
6501600,710.8467597318172
6505200,794.6638560302888
6508800,855.8854234754945
6512400,890.3393134194467
6516000,895.6775502002122
6519600,871.5363418030292
6523200,819.5608716849526
6526800,743.2931822409798
6530400,647.9307904684099
6534000,539.9724857727647
6537600,426.7754482094475
6541200,316.05386882152084
6544800,215.353240268207
6548400,131.5361439697142
6552000,70.314576524497
6555600,35.86068658055416
6559200,30.522449799789456
6562800,54.66365819696091
6566400,106.63912831504467
6570000,182.9068177590355
6573600,278.2692095315859
6577200,386.2275142272551
6580800,499.42455179054787
6584400,610.1461311784516
6588000,710.8467597318095
6591600,794.6638560302988
6595200,855.8854234754906
6598800,890.339313419445
6602400,895.6775502002131
6606000,871.5363418030324
6609600,819.560871684944
6613200,743.2931822409869
6616800,647.9307904684184
6620400,539.9724857727253
6624000,426.77544820945684
6627600,316.05386882152965
6631200,215.3532402681944
6634800,131.53614396972029
6638400,70.31457652450098
6642000,35.86068658055581
6645600,30.522449799788717
6649200,54.66365819696608
6652800,106.63912831503933
6656400,182.90681775902834
6660000,278.2692095315997
6663600,386.2275142272458
6667200,499.42455179053854
6670800,610.1461311784892
6674400,710.8467597318017
6678000,794.6638560302927
6681600,855.8854234754865
6685200,890.3393134194434
6688800,895.6775502002097
6692400,871.5363418030356
6696000,819.5608716849492
6699600,743.2931822409753
6703200,647.9307904684268
6706800,539.9724857727346
6710400,426.7754482094416
6714000,316.05386882153846
6717600,215.35324026820214
6721200,131.5361439697263
6724800,70.31457652450496
6728400,35.860686580553136
6732000,30.52244979978792
6735600,54.6636581969629
6739200,106.63912831506218
6742800,182.90681775902118
6746400,278.2692095315913
6750000,386.22751422726094
6753600,499.4245517905292
6757200,610.1461311784803
6760800,710.846759731794
6764400,794.6638560302868
6768000,855.8854234754931
6771600,890.3393134194417
6775200,895.6775502002104
6778800,871.5363418030304
6782400,819.5608716849547
6786000,743.2931822409824
6789600,647.9307904683907
6793200,539.9724857727438
6796800,426.77544820945093
6800400,316.05386882154727
6804000,215.3532402682098
6807600,131.53614396970045
6811200,70.31457652450894
6814800,35.86068658055473
6818400,30.52244979978917
6822000,54.663658196959716
6825600,106.63912831505684
6829200,182.9068177590329
6832800,278.26920953158276
6836400,386.22751422725173
6840000,499.4245517905199
6843600,610.1461311784716
6847200,710.8467597318066
6850800,794.6638560302806
6854400,855.8854234754891
6858000,890.3393134194488
6861600,895.6775502002113
6865200,871.5363418030336
6868800,819.5608716849458
6872400,743.2931822409896
6876000,647.9307904683992
6879600,539.972485772753
6883200,426.77544820946025
6886800,316.0538688215329
6890400,215.35324026821752
6894000,131.53614396970653
6897600,70.31457652450246
6901200,35.86068658055643
6904800,30.522449799788433
6908400,54.6636581969733
6912000,106.6391283150515
6915600,182.90681775902578
6919200,278.26920953157435
6922800,386.2275142272425
6926400,499.42455179055975
6930000,610.1461311784628
6933600,710.846759731799
6937200,794.6638560302905
6940800,855.8854234754851
6944400,890.3393134194472
6948000,895.6775502002099
6951600,871.5363418030367
6955200,819.5608716849513
6958800,743.2931822409967
6962400,647.9307904684076
6966000,539.9724857727379
6969600,426.7754482094696
6973200,316.05386882154164
6976800,215.35324026818463
6980400,131.53614396971255
6984000,70.31457652450638
6987600,35.860686580553704
6991200,30.522449799787637
6994800,54.663658196970175
6998400,106.6391283150461
7002000,182.90681775901857
7005600,278.2692095315882
7009200,386.2275142272333
7012800,499.4245517905504
7016400,610.1461311784772
7020000,710.8467597317913
7023600,794.6638560302845
7027200,855.8854234755022
7030800,890.3393134194455
7034400,895.6775502002107
7038000,871.5363418030399
7041600,819.5608716849565
7045200,743.2931822409662
7048800,647.930790468416
7052400,539.9724857727471
7056000,426.7754482094297
7059600,316.05386882152726
7063200,215.3532402682126
7066800,131.53614396970266
7070400,70.31457652451041
7074000,35.860686580550976
7077600,30.522449799788944
7081200,54.66365819695858
7084800,106.6391283150549
7088400,182.90681775901146
7092000,278.26920953160203
7095600,386.2275142272484
7099200,499.4245517905165
7102800,610.1461311784684
7106400,710.8467597318241
7110000,794.6638560302943
7113600,855.8854234754876
7117200,890.3393134194395
7120800,895.6775502002115
7124400,871.5363418030263
7128000,819.5608716849479
7131600,743.2931822409921
7135200,647.9307904684023
7138800,539.9724857727563
7142400,426.77544820943905
7146000,316.05386882153607
7149600,215.3532402682203
7153200,131.5361439697087
7156800,70.3145765245144
7160400,35.860686580552624
7164000,30.52244979978815
7167600,54.66365819695545
7171200,106.63912831504956
7174800,182.90681775904199
7178400,278.26920953159356
7182000,386.22751422723917
7185600,499.42455179055634
7189200,610.1461311784595
7192800,710.8467597318164
7196400,794.6638560302883
7200000,855.8854234754837
7203600,890.3393134194466
7207200,895.6775502002123
7210800,871.5363418030295
7214400,819.5608716849531
7218000,743.2931822409994
7221600,647.9307904684107
7225200,539.9724857727169
7228800,426.77544820944837
7232400,316.0538688215448
7236000,215.35324026822798
7239600,131.53614396971477
7243200,70.31457652449734
7246800,35.86068658055433
7250400,30.522449799787353
7254000,54.66365819696898
7257600,106.63912831504416
7261200,182.90681775903482
7264800,278.2692095315851
7268400,386.22751422722996
7272000,499.424551790547
7275600,610.1461311784508
7279200,710.8467597318088
7282800,794.6638560302822
7286400,855.8854234754797
7290000,890.3393134194449
7293600,895.677550200209
7297200,871.5363418030327
7300800,819.5608716849586
7304400,743.2931822409688
7308000,647.9307904684192
7311600,539.9724857727261
7315200,426.7754482094577
7318800,316.0538688215537
7322400,215.35324026819515
7326000,131.5361439697208
7329600,70.31457652450132
7333200,35.86068658055598
7336800,30.522449799786614
7340400,54.6636581969658
7344000,106.63912831506701
7347600,182.90681775902772
7351200,278.2692095315766
7354800,386.2275142272207
7358400,499.4245517905377
7362000,610.1461311784884
7365600,710.8467597318011
7369200,794.6638560302763
7372800,855.8854234754967
7376400,890.3393134194432
7380000,895.6775502002097
7383600,871.5363418030358
7387200,819.5608716849357
7390800,743.2931822409382
7394400,647.930790468383
7398000,539.9724857727354
7401600,426.77544820941785
7405200,316.05386882151606
7408800,215.35324026816227
7412400,131.536143969695
7416000,70.31457652450536
7419600,35.86068658054887
7423200,30.52244979978991
7426800,54.663658196979384
7430400,106.63912831506167
7434000,182.90681775902056
7437600,278.2692095316128
7441200,386.2275142273087
7444800,499.42455179057754
7448400,610.1461311784795
7452000,710.8467597317933
7455600,794.663856030302
7459200,855.8854234755138
7462800,890.3393134194504
7466400,895.6775502002106
7470000,871.5363418030222
7473600,819.560871684941
7477200,743.2931822409454
7480800,647.9307904683915
7484400,539.9724857727446
7488000,426.77544820942717
7491600,316.0538688215249
7495200,215.35324026817
7498800,131.53614396970102
7502400,70.31457652450933
7506000,35.86068658055058
7509600,30.522449799793264
7513200,54.6636581969762
7516800,106.63912831505633
7520400,182.90681775905108
7524000,278.26920953160436
7527600,386.2275142272995
7531200,499.4245517905682
7534800,610.1461311784708
7538400,710.8467597318262
7542000,794.663856030296
7545600,855.8854234755097
7549200,890.3393134194487
7552800,895.6775502002113
7556400,871.5363418030254
7560000,819.5608716849182
7563600,743.2931822409525
7567200,647.9307904683999
7570800,539.9724857727538
7574400,426.7754482094365
7578000,316.0538688214872
7581600,215.35324026817764
7585200,131.53614396970704
7588800,70.31457652449228
7592400,35.86068658055217
7596000,30.52244979979247
7599600,54.66365819697302
7603200,106.63912831505098
7606800,182.90681775904392
7610400,278.2692095315959
7614000,386.22751422729027
7617600,499.4245517905589
7621200,610.1461311784619
7624800,710.8467597318186
7628400,794.6638560303218
7632000,855.8854234755057
7635600,890.3393134194471
7639200,895.677550200208
7642800,871.5363418030286
7646400,819.5608716849235
7650000,743.2931822409596
7653600,647.9307904684084
7657200,539.9724857727144
7660800,426.7754482094458
7664400,316.05386882149605
7668000,215.35324026818537
7671600,131.53614396971312
7675200,70.31457652449626
7678800,35.86068658054512
7682400,30.522449799791673
7686000,54.66365819696989
7689600,106.63912831504564
7693200,182.9068177590368
7696800,278.2692095316321
7700400,386.22751422728106
7704000,499.4245517905496
7707600,610.1461311784997
7711200,710.8467597318108
7714800,794.6638560303159
7718400,855.8854234755017
7722000,890.3393134194453
7725600,895.6775502002088
7729200,871.5363418030317
7732800,819.560871684929
7736400,743.2931822409669
7740000,647.9307904684168
7743600,539.9724857727236
7747200,426.77544820940597
7750800,316.0538688215048
7754400,215.35324026819302
7758000,131.53614396968732
7761600,70.3145765245003
7765200,35.86068658054677
7768800,30.522449799790934
7772400,54.66365819696671
7776000,106.63912831506849
7779600,182.9068177590296
7783200,278.2692095316236
7786800,386.2275142272718
7790400,499.42455179054025
7794000,610.1461311784908
7797600,710.8467597318437
7801200,794.6638560303097
7804800,855.8854234754979
7808400,890.3393134194524
7812000,895.6775502002095
7815600,871.5363418030182
7819200,819.5608716849342
7822800,743.2931822409739
7826400,647.9307904683807
7830000,539.9724857727329
7833600,426.7754482094153
7837200,316.0538688215137
7840800,215.35324026820072
7844400,131.53614396969334
7848000,70.31457652448324
7851600,35.86068658054842
7855200,30.522449799790138
7858800,54.663658196963524
7862400,106.63912831506315
7866000,182.90681775906017
7869600,278.26920953161516
7873200,386.2275142272626
7876800,499.4245517905801
7880400,610.1461311784819
7884000,710.846759731836
7887600,794.6638560303037
7891200,855.8854234754938
7894800,890.3393134194507
7898400,895.6775502002104
7902000,871.5363418030214
7905600,819.5608716849396
7909200,743.2931822409812
7912800,647.9307904683892
7916400,539.9724857726935
7920000,426.7754482094246
7923600,316.0538688215224
7927200,215.35324026816787
7930800,131.53614396969942
7934400,70.31457652448722
7938000,35.860686580550066
7941600,30.522449799789342
7945200,54.66365819697705
7948800,106.6391283150578
7952400,182.90681775905307
7956000,278.26920953160663
7959600,386.2275142272534
7963200,499.4245517905708
7966800,610.1461311785197
7970400,710.8467597318283
7974000,794.6638560302977
7977600,855.8854234754899
7981200,890.3393134194491
7984800,895.677550200207
7988400,871.5363418030246
7992000,819.5608716849449
7995600,743.2931822409505
7999200,647.9307904683976
8002800,539.9724857727027
8006400,426.77544820943393
8010000,316.05386882153124
8013600,215.35324026817557
8017200,131.53614396970545
8020800,70.3145765244912
8024400,35.86068658055177
8028000,30.522449799788546
8031600,54.66365819697387
8035200,106.6391283150806
8038800,182.9068177590459
8042400,278.2692095315982
8046000,386.2275142272928
8049600,499.42455179056145
8053200,610.1461311785108
8056800,710.8467597318206
8060400,794.6638560302915
8064000,855.8854234755069
8067600,890.3393134194475
8071200,895.6775502002077
8074800,871.5363418030277
8078400,819.5608716849503
8082000,743.2931822409578
8085600,647.9307904683615
8089200,539.9724857727119
8092800,426.77544820944325
8096400,316.05386882154005
8100000,215.35324026818324
8103600,131.53614396967959
8107200,70.31457652449518
8110800,35.86068658055342
8114400,30.522449799791957
8118000,54.663658196970744
8121600,106.63912831507525
8125200,182.90681775903874
8128800,278.2692095315897
8132400,386.22751422728356
8136000,499.42455179055213
8139600,610.146131178502
8143200,710.8467597318129
8146800,794.6638560302856
8150400,855.8854234755029
8154000,890.3393134194546
8157600,895.6775502002085
8161200,871.5363418030308
8164800,819.5608716849274
8168400,743.2931822409648
8172000,647.9307904683699
8175600,539.9724857727211
8179200,426.7754482094526
8182800,316.0538688215024
8186400,215.35324026819094
8190000,131.53614396968567
8193600,70.31457652449916
8197200,35.86068658055501
8200800,30.522449799791104
8204400,54.66365819698427
8208000,106.63912831506991
8211600,182.90681775903158
8215200,278.2692095315813
8218800,386.22751422727436
8222400,499.424551790592
8226000,610.1461311784932
8229600,710.8467597318053
8233200,794.6638560303114
8236800,855.8854234754989
8240400,890.339313419453
8244000,895.6775502002093
8247600,871.536341803034
8251200,819.5608716849327
8254800,743.293182240972
8258400,647.9307904683784
8262000,539.9724857727304
8265600,426.77544820946196
8269200,316.0538688215113
8272800,215.3532402681581
8276400,131.5361439696917
8280000,70.3145765245032
8283600,35.86068658054796
8287200,30.522449799790365
8290800,54.66365819698109
8294400,106.63912831506457
8298000,182.90681775902448
8301600,278.26920953161743
8305200,386.22751422726515
8308800,499.42455179058265
8312400,610.1461311784844
8316000,710.8467597317975
8319600,794.6638560303054
8323200,855.8854234755158
8326800,890.3393134194512
8330400,895.6775502002101
8334000,871.5363418030372
8337600,819.5608716849381
8341200,743.2931822409414
8344800,647.9307904683868
8348400,539.9724857727396
8352000,426.77544820942205
8355600,316.05386882152004
8359200,215.3532402681658
8362800,131.53614396969772
8366400,70.31457652450712
8370000,35.86068658054967
8373600,30.52244979978957
8377200,54.663658196977906
8380800,106.63912831505922
8384400,182.90681775901726
8388000,278.269209531609
8391600,386.2275142273045
8395200,499.42455179057333
8398800,610.1461311784756
8402400,710.8467597318304
8406000,794.6638560302993
8409600,855.885423475512
8413200,890.3393134194496
8416800,895.6775502002108
8420400,871.5363418030238
8424000,819.5608716849435
8427600,743.2931822409487
8431200,647.9307904683953
8434800,539.9724857727488
8438400,426.7754482094314
8442000,316.0538688214824
8445600,215.35324026817347
8449200,131.5361439697038
8452800,70.3145765245111
8456400,35.86068658055126
8460000,30.522449799792923
8463600,54.66365819697472
8467200,106.63912831505394
8470800,182.90681775904784
8474400,278.2692095316005
8478000,386.2275142272953
8481600,499.424551790564
8485200,610.1461311784668
8488800,710.8467597318228
8492400,794.6638560302933
8496000,855.8854234755079
8499600,890.339313419448
8503200,895.6775502002117
8506800,871.536341803027
8510400,819.5608716849206
8514000,743.2931822409557
8517600,647.9307904684038
8521200,539.9724857727094
8524800,426.7754482094407
8528400,316.0538688214912
8532000,215.35324026818117
8535600,131.53614396970983
8539200,70.3145765244941
8542800,35.860686580552965
8546400,30.522449799792128
8550000,54.663658196971596
8553600,106.6391283150486
8557200,182.90681775904068
8560800,278.2692095316367
8564400,386.22751422728606
8568000,499.4245517905547
8571600,610.146131178458
8575200,710.846759731815
8578800,794.663856030319
8582400,855.885423475504
8586000,890.3393134194463
8589600,895.6775502002083
8593200,871.53634180303
8596800,819.560871684926
8600400,743.2931822409629
8604000,647.9307904684123
8607600,539.9724857727186
8611200,426.77544820945
8614800,316.05386882150003
8618400,215.35324026818884
8622000,131.5361439697159
8625600,70.31457652449808
8629200,35.86068658054586
8632800,30.52244979979133
8636400,54.66365819696841
8640000,106.63912831507139
8643600,182.90681775903352
8647200,278.26920953162823
8650800,386.22751422727686
8654400,499.4245517905453
8658000,610.1461311784956
8661600,710.8467597318074
8665200,794.663856030313
8668800,855.8854234754999
8672400,890.3393134194446
8676000,895.677550200209
8679600,871.5363418030165
8683200,819.5608716849313
8686800,743.29318224097
8690400,647.930790468376
8694000,539.9724857727279
8697600,426.77544820941023
8701200,316.05386882150884
8704800,215.35324026819654
8708400,131.53614396969004
8712000,70.31457652450206
8715600,35.86068658054751
8719200,30.522449799790593
8722800,54.66365819696523
8726400,106.63912831506605
8730000,182.9068177590641
8733600,278.26920953161977
8737200,386.22751422726765
8740800,499.424551790536
8744400,610.1461311784868
8748000,710.8467597318402
8751600,794.663856030307
8755200,855.8854234754959
8758800,890.3393134194516
8762400,895.6775502002099
8766000,871.5363418030197
8769600,819.5608716849367
8773200,743.2931822409772
8776800,647.9307904683845
8780400,539.9724857727371
8784000,426.77544820941955
8787600,316.05386882151765
8791200,215.35324026820422
8794800,131.53614396969607
8798400,70.31457652448506
8802000,35.86068658054916
8805600,30.52244979978974
8809200,54.66365819697876
8812800,106.6391283150607
8816400,182.90681775905693
8820000,278.2692095316113
8823600,386.22751422725844
8827200,499.42455179057583
8830800,610.1461311784781
8834400,710.8467597318325
8838000,794.663856030301
8841600,855.885423475492
8845200,890.33931341945
8848800,895.6775502002065
8852400,871.5363418030229
8856000,819.560871684942
8859600,743.2931822409844
8863200,647.930790468393
8866800,539.9724857726976
8870400,426.7754482094289
8874000,316.05386882152646
8877600,215.3532402681714
8881200,131.53614396970215
8884800,70.31457652448904
8888400,35.86068658055086
8892000,30.522449799789
8895600,54.663658196975575
8899200,106.63912831505536
8902800,182.90681775904977
8906400,278.2692095316028
8910000,386.22751422724923
8913600,499.4245517905665
8917200,610.1461311785156
8920800,710.8467597318248
8924400,794.6638560302949
8928000,855.885423475509
8931600,890.3393134194484
8935200,895.6775502002073
8938800,871.5363418030261
8942400,819.5608716849474
8946000,743.2931822409539
8949600,647.9307904684015
8953200,539.9724857727069
8956800,426.7754482094382
8960400,316.0538688215353
8964000,215.35324026817904
8967600,131.5361439696763
8971200,70.31457652449302
8974800,35.86068658055251
8978400,30.522449799788205
8982000,54.66365819697245
8985600,106.63912831507815
8989200,182.9068177590426
8992800,278.26920953159436
8996400,386.22751422728857
9000000,499.4245517905572
9003600,610.1461311785068
9007200,710.8467597318172
9010800,794.6638560302888
9014400,855.885423475505
9018000,890.3393134194467
9021600,895.6775502002081
9025200,871.5363418030292
9028800,819.5608716849526
9032400,743.293182240961
9036000,647.9307904683653
9039600,539.972485772716
9043200,426.7754482094475
9046800,316.05386882149764
9050400,215.35324026818677
9054000,131.5361439696823
9057600,70.314576524497
9061200,35.86068658055416
9064800,30.52244979979156
9068400,54.663658196969266
9072000,106.63912831507287
9075600,182.9068177590355
9079200,278.2692095315859
9082800,386.22751422727936
9086400,499.42455179059704
9090000,610.146131178498
9093600,710.8467597318095
9097200,794.6638560302829
9100800,855.885423475501
9104400,890.3393134194539
9108000,895.6775502002089
9111600,871.5363418030324
9115200,819.5608716849299
9118800,743.2931822409681
9122400,647.9307904683737
9126000,539.9724857727253
9129600,426.77544820945684
9133200,316.05386882150646
9136800,215.3532402681944
9140400,131.5361439696884
9144000,70.31457652450098
9147600,35.86068658055581
9151200,30.522449799790763
9154800,54.66365819698285
9158400,106.63912831506752
9162000,182.90681775902834
9165600,278.2692095316221
9169200,386.22751422727015
9172800,499.4245517905877
9176400,610.1461311784892
9180000,710.8467597318017
9183600,794.6638560303086
9187200,855.8854234754971
9190800,890.3393134194521
9194400,895.6775502002097
9198000,871.5363418030356
9201600,819.5608716849353
9205200,743.2931822409375
9208800,647.9307904683822
9212400,539.9724857727346
9216000,426.77544820946616
9219600,316.05386882151527
9223200,215.3532402681616
9226800,131.53614396969442
9230400,70.31457652450496
9234000,35.8606865805487
9237600,30.522449799790024
9241200,54.66365819697967
9244800,106.63912831506218
9248400,182.90681775902118
9252000,278.26920953161357
9255600,386.22751422726094
9259200,499.4245517905784
9262800,610.1461311784803
9266400,710.846759731794
9270000,794.6638560303026
9273600,855.885423475514
9277200,890.3393134194505
9280800,895.6775502002104
9284400,871.536341803022
9288000,819.5608716849406
9291600,743.2931822409448
9295200,647.9307904683907
9298800,539.9724857727438
9302400,426.7754482094263
9306000,316.053868821524
9309600,215.35324026816926
9313200,131.53614396970045
9316800,70.31457652450894
9320400,35.86068658055035
9324000,30.52244979979332
9327600,54.663658196976485
9331200,106.63912831505684
9334800,182.90681775901407
9338400,278.26920953160516
9342000,386.2275142273003
9345600,499.42455179056907
9349200,610.1461311784716
9352800,710.846759731827
9356400,794.6638560302965
9360000,855.8854234755102
9363600,890.3393134194488
9367200,895.6775502002113
9370800,871.5363418030252
9374400,819.5608716849458
9378000,743.2931822409519
9381600,647.9307904683992
9385200,539.972485772753
9388800,426.77544820943564
9392400,316.0538688214864
9396000,215.35324026817696
9399600,131.53614396970653
9403200,70.31457652449194
9406800,35.8606865805433
9410400,30.522449799788433
9414000,54.6636581969733
9417600,106.6391283150515
9421200,182.9068177590446
9424800,278.2692095316413
9428400,386.22751422729107
9432000,499.42455179055975
9435600,610.1461311784628
9439200,710.8467597318192
9442800,794.6638560303223
9446400,855.8854234755061
9450000,890.3393134194472
9453600,895.677550200212
9457200,871.5363418030283
9460800,819.5608716849231
9464400,743.293182240959
9468000,647.9307904683629
9471600,539.9724857727622
9475200,426.77544820944496
9478800,316.05386882149526
9482400,215.35324026818463
9486000,131.53614396968072
9489600,70.3145765245169
9493200,35.860686580553704
9496800,30.522449799791787
9500400,54.663658196970175
9504000,106.63912831507429
9507600,182.90681775907512
9511200,278.2692095315882
9514800,386.22751422728186
9518400,499.4245517905504
9522000,610.1461311785004
9525600,710.8467597318521
9529200,794.6638560302845
9532800,855.8854234755022
9536400,890.3393134194455
9540000,895.6775502002087
9543600,871.5363418030147
9547200,819.5608716849284
9550800,743.2931822409662
9554400,647.930790468416
9558000,539.9724857727228
9561600,426.7754482094051
9565200,316.053868821504
9568800,215.35324026819234
9572400,131.53614396971858
9576000,70.3145765244999
9579600,35.8606865805466
9583200,30.52244979979099
9586800,54.663658196983704
9590400,106.63912831504081
9594000,182.90681775903028
9597600,278.26920953162437
9601200,386.22751422727265
9604800,499.4245517905903
9608400,610.1461311784452
9612000,710.8467597318038
9615600,794.6638560303103
9619200,855.8854234754981
9622800,890.3393134194525
9626400,895.6775502002054
9630000,871.5363418030347
9633600,819.5608716849338
9637200,743.2931822409732
9640800,647.9307904683799
9644400,539.9724857726834
9648000,426.7754482094636
9651600,316.0538688215129
9655200,215.3532402682
9658800,131.53614396969277
9662400,70.3145765244829
9666000,35.860686580548304
9669600,30.522449799790195
9673200,54.66365819696381
9676800,106.6391283150636
9680400,182.90681775906086
9684000,278.2692095316159
9687600,386.22751422726344
9691200,499.4245517905318
9694800,610.1461311784828
9698400,710.8467597318368
9702000,794.6638560303043
9705600,855.8854234755152
9709200,890.3393134194422
9712800,895.6775502002102
9716400,871.5363418030211
9720000,819.560871684939
9723600,743.2931822409428
9727200,647.930790468433
9730800,539.9724857727413
9734400,426.77544820942376
9738000,316.05386882152163
9741600,215.35324026816718
9745200,131.53614396966697
9748800,70.31457652450786
9752400,35.86068658054995
9756000,30.522449799789456
9759600,54.66365819697734
9763200,106.63912831508645
9766800,182.906817759016
9770400,278.26920953160743
9774000,386.22751422725423
9777600,499.4245517905716
9781200,610.1461311785204
9784800,710.846759731829
9788400,794.6638560302981
9792000,855.8854234754901
9795600,890.3393134194494
9799200,895.677550200207
9802800,871.5363418030242
9806400,819.5608716849445
9810000,743.2931822409876
9813600,647.9307904683968
9817200,539.9724857727018
9820800,426.7754482094331
9824400,316.053868821484
9828000,215.3532402682154
9831600,131.53614396970488
9835200,70.3145765244908
9838800,35.860686580551544
9842400,30.522449799792753
9846000,54.6636581969575
9849600,106.63912831505297
9853200,182.90681775904653
9856800,278.26920953159896
9860400,386.22751422729357
9864000,499.4245517906115
9867600,610.1461311784651
9871200,710.8467597318213
9874800,794.6638560302922
9878400,855.8854234755072
9882000,890.3393134194564
9885600,895.6775502002117
9889200,871.5363418030274
9892800,819.5608716849498
9896400,743.2931822409571
9900000,647.9307904683607
9903600,539.972485772711
9907200,426.7754482094424
9910800,316.05386882153925
9914400,215.35324026818256
9918000,131.53614396967907
9921600,70.31457652449484
9925200,35.86068658055325
9928800,30.522449799787864
9932400,54.66365819697103
9936000,106.63912831507577
9939600,182.90681775903943
9943200,278.26920953163517
9946800,386.2275142272358
9950400,499.424551790553
9954000,610.1461311785029
9957600,710.8467597318136
9961200,794.6638560303179
9964800,855.8854234754822
9968400,890.339313419446
9972000,895.6775502002084
9975600,871.5363418030306
9979200,819.560871684927
9982800,743.2931822409265
9986400,647.9307904684138
9990000,539.9724857727202
9993600,426.7754482094517
9997200,316.0538688215016
10000800,215.3532402681497
10004400,131.53614396971693
10008000,70.31457652449882
10011600,35.8606865805549
10015200,30.522449799791218
10018800,54.66365819698456
10022400,106.63912831507042
10026000,182.9068177590322
10029600,278.2692095315821
10033200,386.22751422727515
10036800,499.42455179059283
10040400,610.146131178494
10044000,710.846759731806
10047600,794.66385603028
10051200,855.8854234754992
10054800,890.339313419453
10058400,895.6775502002092
10062000,871.5363418030171
10065600,819.5608716849605
10069200,743.2931822409714
10072800,647.9307904683776
10076400,539.9724857727294
10080000,426.7754482094119
10083600,316.0538688215569
10087200,215.35324026819794
10090800,131.53614396969118
10094400,70.3145765245028
10098000,35.86068658054779
10101600,30.522449799794515
10105200,54.66365819696466
10108800,106.63912831506508
10112400,182.9068177590251
10116000,278.26920953161823
10119600,386.22751422731454
10123200,499.42455179053434
10126800,610.1461311784852
10130400,710.8467597317982
10134000,794.6638560303059
10137600,855.8854234755163
10141200,890.3393134194514
10144800,895.67755020021
10148400,871.536341803037
10152000,819.5608716849376
10155600,743.2931822409408
10159200,647.930790468386
10162800,539.9724857727388
10166400,426.7754482094704
10170000,316.05386882151925
10173600,215.35324026816508
10177200,131.5361439696972
10180800,70.31457652448574
10184400,35.860686580558195
10188000,30.522449799789626
10191600,54.66365819697819
10195200,106.63912831505974
10198800,182.90681775905563
10202400,278.26920953156514
10206000,386.22751422725673
10209600,499.4245517905741
10213200,610.1461311784764
10216800,710.8467597318311
10220400,794.6638560303317
10224000,855.8854234754913
10227600,890.3393134194498
10231200,895.6775502002108
10234800,871.5363418030234
10238400,819.5608716849148
10242000,743.2931822409856
10245600,647.9307904683945
10249200,539.9724857727479
10252800,426.7754482094306
10256400,316.0538688214816
10260000,215.35324026817278
10263600,131.53614396970323
10267200,70.31457652451076
10270800,35.860686580551146
10274400,30.52244979979298
10278000,54.66365819697501
10281600,106.63912831505439
10285200,182.90681775901078
10288800,278.2692095316013
10292400,386.22751422729607
10296000,499.4245517905648
10299600,610.146131178514
10303200,710.8467597317829
10306800,794.6638560302938
10310400,855.8854234755083
10314000,890.3393134194481
10317600,895.6775502002074
10321200,871.5363418030433
10324800,819.5608716849483
10328400,743.2931822409552
10332000,647.930790468403
10335600,539.9724857727085
10339200,426.7754482093907
10342800,316.05386882153687
10346400,215.35324026818046
10350000,131.53614396970926
10353600,70.3145765244937
10357200,35.86068658054404
10360800,30.52244979978809
10364400,54.66365819697188
10368000,106.63912831504905
10371600,182.90681775904136
10375200,278.26920953163744
10378800,386.22751422728686
10382400,499.4245517905555
10386000,610.1461311784587
10389600,710.8467597318157
10393200,794.6638560303197
10396800,855.8854234755042
10400400,890.3393134194464
10404000,895.6775502002124
10407600,871.5363418030297
10411200,819.5608716849255
10414800,743.2931822409623
10418400,647.9307904683668
10422000,539.9724857727663
10425600,426.7754482094492
10429200,316.05386882149924
10432800,215.35324026818816
10436400,131.53614396968345
10440000,70.31457652451871
10443600,35.86068658055444
10447200,30.52244979979139
10450800,54.6636581969687
10454400,106.63912831507184
10458000,182.90681775907188
10461600,278.26920953158435
10465200,386.22751422727765
10468800,499.42455179054616
10472400,610.1461311784964
10476000,710.8467597318486
10479600,794.6638560302817
10483200,855.8854234755004
10486800,890.3393134194448
10490400,895.677550200209
10494000,871.5363418030163
10497600,819.5608716849308
10501200,743.2931822409694
10504800,647.9307904684199
10508400,539.9724857727269
10512000,426.7754482094093
10515600,316.05386882150805
10519200,215.35324026819583
10522800,131.5361439697213
10526400,70.31457652450172
10530000,35.860686580547394
10533600,30.52244979979065
10537200,54.663658196982226
10540800,106.63912831503836
10544400,182.9068177590271
10548000,278.2692095316205
10551600,386.22751422726844
10555200,499.424551790586
10558800,610.1461311784411
10562400,710.8467597318004
10566000,794.6638560303076
10569600,855.8854234754963
10573200,890.3393134194519
10576800,895.6775502002056
10580400,871.5363418030361
10584000,819.5608716849363
10587600,743.2931822409766
10591200,647.9307904683837
10594800,539.9724857726876
10598400,426.77544820946787
10602000,316.05386882151686
10605600,215.35324026820354
10609200,131.53614396969556
10612800,70.31457652448466
10616400,35.86068658054904
10620000,30.522449799789854
10623600,54.66365819696233
10627200,106.63912831506121
10630800,182.90681775905756
10634400,278.2692095316121
10638000,386.22751422725923
10641600,499.4245517905275
10645200,610.1461311784788
10648800,710.8467597318332
10652400,794.6638560303015
10656000,855.8854234755133
10659600,890.3393134194414
10663200,895.6775502002106
10666800,871.5363418030227
10670400,819.5608716849415
10674000,743.2931822409461
10677600,647.9307904684368
10681200,539.9724857727454
10684800,426.775448209428
10688400,316.05386882152567
10692000,215.35324026817065
10695600,131.5361439696697
10699200,70.31457652450968
10702800,35.86068658055069
10706400,30.522449799789115
10710000,54.663658196975916
10713600,106.63912831508401
10717200,182.90681775901277
10720800,278.26920953160356
10724400,386.22751422725
10728000,499.42455179056736
10731600,610.1461311785164
10735200,710.8467597318255
10738800,794.6638560302954
10742400,855.8854234754883
10746000,890.3393134194484
10749600,895.6775502002072
10753200,871.5363418030257
10756800,819.5608716849468
10760400,743.2931822409909
10764000,647.9307904684007
10767600,539.972485772706
10771200,426.77544820943734
10774800,316.053868821488
10778400,215.3532402682189
10782000,131.53614396970767
10785600,70.31457652449268
10789200,35.86068658055234
10792800,30.522449799792412
10796400,54.66365819695602
10800000,106.63912831505053
10803600,182.9068177590433
10807200,278.26920953159515
10810800,386.2275142272894
10814400,499.4245517906072
10818000,610.1461311784612
10821600,710.8467597318179
10825200,794.6638560302895
10828800,855.8854234755054
10832400,890.3393134194556
10836000,895.6775502002122
10839600,871.5363418030289
10843200,819.5608716849522
10846800,743.2931822409603
10850400,647.9307904683645
10854000,539.9724857727152
10857600,426.77544820944667
10861200,316.05386882154323
10864800,215.35324026818603
10868400,131.5361439696818
10872000,70.3145765244966
10875600,35.860686580554045
10879200,30.522449799787523
10882800,54.66365819696955
10886400,106.63912831507332
10890000,182.90681775903613
10893600,278.2692095316313
10897200,386.2275142272316
10900800,499.4245517905487
10904400,610.1461311784988
10908000,710.8467597318102
10911600,794.6638560303152
10915200,855.8854234754804
10918800,890.3393134194453
10922400,895.6775502002088
10926000,871.5363418030321
10929600,819.5608716849295
10933200,743.2931822409298
10936800,647.9307904684176
10940400,539.9724857727244
10944000,426.775448209456
10947600,316.0538688215056
10951200,215.3532402681532
10954800,131.53614396971966
10958400,70.31457652450064
10962000,35.860686580555694
10965600,30.52244979979082
10969200,54.663658196983135
10972800,106.63912831506798
10976400,182.90681775902897
10980000,278.2692095315782
10983600,386.227514227271
10987200,499.42455179058857
10990800,610.14613117849
10994400,710.846759731843
10998000,794.6638560302773
11001600,855.8854234754974
11005200,890.3393134194523
11008800,895.6775502002097
11012400,871.5363418030186
11016000,819.5608716849629
11019600,743.2931822409746
11023200,647.9307904683815
11026800,539.9724857727336
11030400,426.77544820941614
11034000,316.05386882146803
11037600,215.3532402682014
11041200,131.5361439696939
11044800,70.31457652450462
11048400,35.86068658054859
11052000,30.522449799794174
11055600,54.66365819696324
11059200,106.63912831506264
11062800,182.90681775902186
11066400,278.26920953161437
11070000,386.22751422731034
11073600,499.42455179057924
11077200,610.1461311784813
11080800,710.8467597317948
11084400,794.6638560303031
11088000,855.8854234755145
11091600,890.3393134194507
11095200,895.6775502002104
11098800,871.5363418030383
11102400,819.56087168494
11106000,743.2931822409441
11109600,647.9307904683899
11113200,539.9724857726943
11116800,426.77544820947463
11120400,316.0538688215232
11124000,215.35324026816858
11127600,131.53614396969994
11131200,70.31457652448756
11134800,35.86068658055899
11138400,30.522449799789285
11142000,54.66365819697677
11145600,106.63912831505729
11149200,182.9068177590524
11152800,278.2692095316505
11156400,386.2275142272525
11160000,499.4245517905699
11163600,610.1461311784724
11167200,710.8467597318277
11170800,794.6638560303289
11174400,855.8854234754895
11178000,890.3393134194489
11181600,895.6775502002112
11185200,871.5363418030249
11188800,819.5608716849172
11192400,743.2931822409512
11196000,647.9307904683984
11199600,539.9724857727521
11203200,426.7754482094348
11206800,316.0538688214856
11210400,215.35324026817625
11214000,131.53614396970596
11217600,70.31457652451257
11221200,35.860686580551885
11224800,30.52244979979264
11228400,54.663658196973586
11232000,106.63912831508014
11235600,182.90681775900754
11239200,278.2692095315974
11242800,386.2275142272919
11246400,499.4245517905606
11250000,610.14613117851
11253600,710.8467597317795
11257200,794.6638560302911
11260800,855.8854234755065
11264400,890.3393134194473
11268000,895.6775502002079
11271600,871.5363418030113
11275200,819.5608716849508
11278800,743.2931822409585
11282400,647.9307904684068
11286000,539.9724857727127
11289600,426.77544820939494
11293200,316.05386882154085
11296800,215.35324026818395
11300400,131.53614396971204
11304000,70.31457652449558
11307600,35.86068658054484
11311200,30.522449799791843
11314800,54.66365819697046
11318400,106.63912831504666
11322000,182.90681775903812
11325600,278.2692095316336
11329200,386.2275142272827
11332800,499.4245517905513
11336400,610.1461311784548
11340000,710.8467597318122
11343600,794.6638560303169
11347200,855.8854234755025
11350800,890.3393134194544
11354400,895.6775502002127
11358000,871.5363418030312
11361600,819.5608716849279
11365200,743.2931822409655
11368800,647.9307904683707
11372400,539.9724857727705
11376000,426.77544820945343
11379600,316.0538688215032
11383200,215.35324026819163
11386800,131.53614396968618
11390400,70.31457652447853
11394000,35.86068658055524
11397600,30.522449799791048
11401200,54.663658196967276
11404800,106.63912831506946
11408400,182.90681775906864
11412000,278.2692095315805
11415600,386.2275142272735
11419200,499.42455179054195
11422800,610.1461311784924
11426400,710.846759731845
11430000,794.6638560303109
11433600,855.8854234754986
11437200,890.339313419444
11440800,895.6775502002093
11444400,871.5363418030176
11448000,819.5608716849333
11451600,743.2931822409727
11455200,647.9307904684238
11458800,539.9724857727311
11462400,426.7754482094136
11466000,316.0538688215121
11469600,215.3532402681588
11473200,131.5361439697241
11476800,70.31457652450348
11480400,35.86068658054813
11484000,30.52244979979031
11487600,54.663658196980805
11491200,106.63912831503598
11494800,182.9068177590238
11498400,278.26920953161664
11502000,386.2275142272643
11505600,499.4245517905818
11509200,610.14613117853
11512800,710.846759731797
11516400,794.6638560303047
11520000,855.8854234754945
11523600,890.3393134194511
11527200,895.677550200206
11530800,871.5363418030375
11534400,819.5608716849385
11538000,743.2931822409798
11541600,647.9307904683876
11545200,539.9724857726918
11548800,426.7754482094229
11552400,316.05386882152084
11556000,215.353240268207
11559600,131.5361439696983
11563200,70.31457652448648
11566800,35.86068658054978
11570400,30.522449799789456
11574000,54.66365819696091
11577600,106.63912831505877
11581200,182.90681775905432
11584800,278.2692095316082
11588400,386.22751422730363
11592000,499.4245517905233
11595600,610.1461311784748
11599200,710.8467597318297
11602800,794.6638560302988
11606400,855.8854234755115
11610000,890.3393134194407
11613600,895.6775502002109
11617200,871.536341803024
11620800,819.560871684944
11624400,743.2931822409492
11628000,647.9307904683515
11631600,539.9724857727496
11635200,426.7754482094322
11638800,316.05386882152965
11642400,215.35324026817418
11646000,131.53614396967248
11649600,70.3145765245115
11653200,35.86068658055143
11656800,30.522449799788717
11660400,54.66365819697444
11664000,106.63912831508156
11667600,182.90681775904721
11671200,278.2692095315997
11674800,386.2275142272459
11678400,499.42455179056316
11682000,610.1461311785124
11685600,710.846759731822
11689200,794.6638560302927
11692800,855.8854234754865
11696400,890.3393134194478
11700000,895.6775502002076
11703600,871.5363418030272
11707200,819.560871684921
11710800,743.2931822409942
11714400,647.9307904684046
11718000,539.9724857727102
11721600,426.7754482094416
11725200,316.053868821492
11728800,215.35324026822238
11732400,131.5361439697104
11736000,70.31457652449444
11739600,35.860686580553136
11743200,30.52244979979207
11746800,54.66365819698797
11750400,106.63912831504808
11754000,182.90681775904005
11757600,278.2692095315913
11761200,386.2275142272852
11764800,499.424551790603
11768400,610.1461311784572
11772000,710.8467597318144
11775600,794.6638560302868
11779200,855.8854234755036
11782800,890.3393134194548
11786400,895.6775502002083
11790000,871.5363418030304
11793600,819.5608716849547
11797200,743.2931822409636
11800800,647.9307904683684
11804400,539.9724857727194
11808000,426.77544820945093
11811600,316.05386882154727
11815200,215.35324026818955
11818800,131.53614396968453
11822400,70.31457652449842
11826000,35.86068658054603
11829600,30.522449799787182
11833200,54.66365819696813
11836800,106.63912831507088
11840400,182.9068177590329
11844000,278.26920953162744
11847600,386.22751422722746
11851200,499.42455179054446
11854800,610.1461311784948
11858400,710.8467597318066
11862000,794.6638560303124
11865600,855.8854234755206
11869200,890.3393134194445
11872800,895.6775502002092
11876400,871.5363418030336
11880000,819.5608716849317
11883600,743.293182240933
11887200,647.9307904684215
11890800,539.9724857727286
11894400,426.77544820946025
11898000,316.05386882150964
11901600,215.3532402681567
11905200,131.53614396969056
11908800,70.31457652450246
11912400,35.86068658055643
11916000,30.52244979979048
11919600,54.66365819698166
11923200,106.63912831506553
11926800,182.90681775902578
11930400,278.26920953157435
11934000,386.2275142272668
11937600,499.42455179058436
11941200,610.146131178486
11944800,710.8467597318395
11948400,794.6638560302746
11952000,855.8854234754956
11955600,890.3393134194516
11959200,895.6775502002099
11962800,871.5363418030199
11966400,819.5608716849654
11970000,743.2931822409779
11973600,647.9307904683853
11977200,539.9724857727379
11980800,426.77544820942035
11984400,316.053868821472
11988000,215.35324026820493
11991600,131.53614396969664
11995200,70.31457652450638
11998800,35.86068658054933
12002400,30.52244979979389
12006000,54.66365819696176
12009600,106.63912831506025
12013200,182.90681775901857
12016800,278.2692095316105
12020400,386.2275142273062
12024000,499.42455179057504
12027600,610.1461311784772
12031200,710.8467597317913
12034800,794.6638560303004
12038400,855.8854234755127
12042000,890.3393134194498
12045600,895.6775502002107
12049200,871.5363418030399
12052800,819.5608716849425
12056400,743.2931822409473
12060000,647.9307904683938
12063600,539.9724857726985
12067200,426.7754482094789
12070800,316.05386882152726
12074400,215.35324026817207
12078000,131.53614396970266
12081600,70.31457652448938
12085200,35.86068658055973
12088800,30.522449799788944
12092400,54.66365819697529
12096000,106.6391283150549
12099600,182.90681775904915
12103200,278.2692095316467
12106800,386.2275142272484
12110400,499.42455179056566
12114000,610.1461311784684
12117600,710.8467597318241
12121200,794.6638560303262
12124800,855.8854234754876
12128400,890.3393134194482
12132000,895.6775502002115
12135600,871.5363418030263
12139200,819.5608716849197
12142800,743.2931822409545
12146400,647.9307904684022
12150000,539.9724857727563
12153600,426.77544820943905
12157200,316.05386882148963
12160800,215.35324026817977
12164400,131.5361439697087
12168000,70.3145765245144
12171600,35.860686580552624
12175200,30.522449799792298
12178800,54.663658196972165
12182400,106.6391283150777
12186000,182.9068177590043
12189600,278.26920953159356
12193200,386.2275142272877
12196800,499.42455179055634
12200400,610.146131178506
12204000,710.8467597317759
12207600,794.6638560302883
12211200,855.8854234755047
12214800,890.3393134194466
12218400,895.6775502002081
12222000,871.5363418030128
12225600,819.5608716849531
12229200,743.2931822409616
12232800,647.9307904684107
12236400,539.9724857727169
12240000,426.7754482093992
12243600,316.0538688215448
12247200,215.35324026818742
12250800,131.53614396971477
12254400,70.31457652449734
12258000,35.86068658054552
12261600,30.522449799791502
12265200,54.66365819696898
12268800,106.63912831504416
12272400,182.90681775903482
12276000,278.26920953162977
12279600,386.2275142272785
12283200,499.424551790547
12286800,610.1461311784508
12290400,710.8467597318088
12294000,794.6638560303142
12297600,855.8854234755006
12301200,890.3393134194537
12304800,895.6775502002131
12308400,871.5363418030327
12312000,819.5608716849304
12315600,743.2931822409688
12319200,647.9307904683745
12322800,539.9724857727747
12326400,426.7754482094577
12330000,316.05386882150725
12333600,215.35324026819515
12337200,131.53614396968896
12340800,70.31457652448034
12344400,35.86068658055598
12348000,30.522449799790706
12351600,54.6636581969658
12355200,106.63912831506701
12358800,182.9068177590654
12362400,278.2692095315766
12366000,386.2275142272693
12369600,499.4245517905377
12373200,610.1461311784884
12376800,710.8467597318415
12380400,794.6638560303081
12384000,855.8854234754967
12387600,890.3393134194432
12391200,895.6775502002097
12394800,871.536341803019
12398400,819.5608716849357
12402000,743.293182240976
12405600,647.9307904684276
12409200,539.9724857727354
12412800,426.77544820941785
12416400,316.05386882151606
12420000,215.35324026816227
12423600,131.53614396972682
12427200,70.31457652450536
12430800,35.86068658054887
12434400,30.52244979978991
12438000,54.663658196979384
12441600,106.63912831503347
12445200,182.90681775902056
12448800,278.26920953161283
12452400,386.2275142272601
12456000,499.42455179057754
12459600,610.146131178526
12463200,710.8467597317933
12466800,794.663856030302
12470400,855.8854234754928
12474000,890.3393134194504
12477600,895.6775502002064
12481200,871.536341803039
12484800,819.560871684941
12488400,743.293182240983
12492000,647.9307904683915
12495600,539.972485772696
12499200,426.77544820942717
12502800,316.0538688215249
12506400,215.35324026821053
12510000,131.53614396970102
12513600,70.3145765244883
12517200,35.86068658055058
12520800,30.522449799789115
12524400,54.66365819695943
12528000,106.63912831505633
12531600,182.90681775905108
12535200,278.26920953160436
12538800,386.2275142272995
12542400,499.42455179051905
12546000,610.1461311784708
12549600,710.8467597318262
12553200,794.6638560302961
12556800,855.8854234755097
12560400,890.3393134194399
12564000,895.6775502002113
12567600,871.5363418030254
12571200,819.5608716849463
12574800,743.2931822409525
12578400,647.9307904683553
12582000,539.9724857727538
12585600,426.7754482094365
12589200,316.0538688215337
12592800,215.35324026817764
12596400,131.5361439696752
12600000,70.31457652451331
12603600,35.86068658055217
12607200,30.522449799788376
12610800,54.66365819697302
12614400,106.63912831507918
12618000,182.90681775904392
12621600,278.2692095315959
12625200,386.22751422724167
12628800,499.4245517905589
12632400,610.1461311785084
12636000,710.8467597318186
12639600,794.6638560302899
12643200,855.8854234754847
12646800,890.3393134194471
12650400,895.677550200208
12654000,871.5363418030286
12657600,819.5608716849235
12661200,743.2931822409973
12664800,647.9307904684084
12668400,539.9724857727144
12672000,426.7754482094458
12675600,316.05386882149605
12679200,215.3532402682259
12682800,131.53614396971312
12686400,70.31457652449626
12690000,35.86068658055382
12693600,30.522449799791673
12697200,54.6636581969866
12700800,106.63912831504564
12704400,182.9068177590368
12708000,278.2692095315874
12711600,386.22751422728106
12715200,499.42455179059874
12718800,610.1461311784532
12722400,710.8467597318108
12726000,794.6638560302839
12729600,855.8854234755017
12733200,890.3393134194541
12736800,895.6775502002088
12740400,871.5363418030317
12744000,819.5608716849571
12747600,743.2931822409669
12751200,647.9307904683722
12754800,539.9724857727236
12758400,426.77544820945513
12762000,316.0538688215513
12765600,215.35324026819302
12769200,131.53614396968732
12772800,70.3145765245003
12776400,35.86068658054677
12780000,30.522449799786784
12783600,54.66365819696671
12787200,106.63912831506849
12790800,182.9068177590296
12794400,278.2692095316236
12798000,386.22751422722325
12801600,499.42455179054025
12805200,610.1461311784908
12808800,710.8467597318031
12812400,794.6638560303097
12816000,855.8854234755188
12819600,890.3393134194437
12823200,895.6775502002095
12826800,871.5363418030349
12830400,819.5608716849342
12834000,743.2931822409363
12837600,647.9307904683807
12841200,539.9724857727329
12844800,426.77544820946446
12848400,316.0538688215137
12852000,215.3532402681602
12855600,131.53614396969334
12859200,70.31457652450422
12862800,35.86068658055717
12866400,30.522449799790138
12870000,54.663658196980236
12873600,106.63912831506315
12877200,182.90681775906017
12880800,278.2692095315705
12884400,386.2275142272626
12888000,499.4245517905801
12891600,610.1461311784819
12895200,710.846759731836
12898800,794.6638560302717
12902400,855.8854234754938
12906000,890.3393134194507
12909600,895.6775502002104
12913200,871.5363418030214
12916800,819.5608716849115
12920400,743.2931822409812
12924000,647.9307904683892
12927600,539.9724857727421
12931200,426.7754482094246
12934800,316.05386882147604
12938400,215.3532402682084
12942000,131.53614396969942
12945600,70.31457652450825
12949200,35.860686580550066
12952800,30.522449799793492
12956400,54.66365819697705
12960000,106.6391283150578
12963600,182.90681775901538
12967200,278.26920953160663
12970800,386.227514227302
12974400,499.4245517905708
12978000,610.1461311784732
12981600,710.8467597317878
12985200,794.6638560302977
12988800,855.8854234755108
12992400,890.3393134194491
12996000,895.677550200207
12999600,871.5363418030413
13003200,819.5608716849449
13006800,743.2931822409505
13010400,647.9307904683976
13014000,539.9724857727027
13017600,426.7754482094831
13021200,316.05386882153124
13024800,215.35324026817557
13028400,131.53614396970545
13032000,70.3145765244912
13035600,35.86068658054302
13039200,30.522449799788546
13042800,54.66365819697387
13046400,106.6391283150524
13050000,182.9068177590459
13053600,278.2692095316429
13057200,386.22751422724417
13060800,499.42455179056145
13064400,610.1461311784644
13068000,710.8467597318206
13071600,794.6638560303234
13075200,855.8854234755069
13078800,890.3393134194475
13082400,895.6775502002118
13086000,871.5363418030277
13089600,819.5608716849222
13093200,743.2931822409578
13096800,647.930790468406
13100400,539.9724857727605
13104000,426.77544820944325
13107600,316.05386882149367
13111200,215.35324026818324
13114800,131.53614396967959
13118400,70.31457652451616
13122000,35.86068658055342
13125600,30.522449799791957
13129200,54.663658196970744
13132800,106.63912831507525
13136400,182.90681775900106
13140000,278.2692095315897
13143600,386.22751422728356
13147200,499.42455179055213
13150800,610.146131178502
13154400,710.8467597318535
13158000,794.6638560302856
13161600,855.8854234755029
13165200,890.3393134194458
13168800,895.6775502002085
13172400,871.5363418030142
13176000,819.5608716849556
13179600,743.2931822409648
13183200,647.9307904684146
13186800,539.9724857727211
13190400,426.7754482094034
13194000,316.0538688215024
13197600,215.35324026819094
13201200,131.5361439697175
13204800,70.31457652449916
13208400,35.860686580546314
13212000,30.522449799791104
13215600,54.66365819696756
13219200,106.63912831504177
13222800,182.90681775903158
13226400,278.26920953162596
13230000,386.22751422727436
13233600,499.424551790592
13237200,610.1461311784468
13240800,710.8467597318053
13244400,794.6638560303114
13248000,855.8854234754989
13251600,890.339313419453
13255200,895.6775502002134
13258800,871.536341803034
13262400,819.5608716849327
13266000,743.293182240972
13269600,647.9307904683784
13273200,539.9724857726817
13276800,426.7754482094619
13280400,316.0538688215113
13284000,215.35324026819862
13287600,131.5361439696917
13291200,70.31457652448216
13294800,35.86068658055672
13298400,30.522449799790365
13302000,54.66365819696438
13305600,106.63912831506457
13309200,182.90681775906216
13312800,278.26920953161743
13316400,386.22751422726515
13320000,499.4245517905334
13323600,610.1461311784844
13327200,710.8467597318381
13330800,794.6638560303054
13334400,855.8854234754949
13338000,890.3393134194425
13341600,895.6775502002101
13345200,871.5363418030206
13348800,819.5608716849381
13352400,743.2931822409414
13356000,647.9307904684315
13359600,539.9724857727396
13363200,426.77544820942205
13366800,316.05386882152004
13370400,215.3532402681658
13374000,131.53614396972955
13377600,70.31457652450712
13381200,35.86068658054967
13384800,30.52244979978957
13388400,54.663658196977906
13392000,106.63912831508742
13395600,182.90681775901726
13399200,278.269209531609
13402800,386.22751422725594
13406400,499.42455179057333
13410000,610.1461311785221
13413600,710.8467597317899
13417200,794.6638560302993
13420800,855.8854234754908
13424400,890.3393134194496
13428000,895.6775502002067
13431600,871.5363418030238
13435200,819.5608716849435
13438800,743.2931822409863
13442400,647.9307904683953
13446000,539.9724857727001
13449600,426.7754482094314
13453200,316.05386882152885
13456800,215.353240268214
13460400,131.5361439697038
13464000,70.31457652449012
13467600,35.86068658055126
13471200,30.522449799792923
13474800,54.66365819695807
13478400,106.63912831505394
13482000,182.90681775904784
13485600,278.2692095316005
13489200,386.2275142272953
13492800,499.4245517905148
13496400,610.1461311784668
13500000,710.8467597318228
13503600,794.6638560302933
13507200,855.8854234755079
13510800,890.3393134194566
13514400,895.6775502002117
13518000,871.5363418030269
13521600,819.5608716849488
13525200,743.2931822409557
13528800,647.9307904683591
13532400,539.972485772758
13536000,426.7754482094407
13539600,316.05386882153766
13543200,215.35324026818117
13546800,131.53614396967794
13550400,70.3145765244941
13554000,35.860686580552965
13557600,30.522449799787978
13561200,54.663658196971596
13564800,106.63912831507673
13568400,182.90681775904068
13572000,278.2692095315921
13575600,386.2275142272375
13579200,499.4245517905547
13582800,610.1461311785044
13586400,710.846759731815
13590000,794.663856030319
13593600,855.8854234754829
13597200,890.3393134194463
13600800,895.6775502002083
13604400,871.53634180303
13608000,819.560871684926
13611600,743.2931822410006
13615200,647.9307904684123
13618800,539.9724857727186
13622400,426.77544820945
13626000,316.05386882150003
13629600,215.3532402681483
13633200,131.53614396971585
13636800,70.31457652449808
13640400,35.860686580554614
13644000,30.52244979979133
13647600,54.663658196985125
13651200,106.63912831504325
13654800,182.90681775903352
13658400,278.26920953158356
13662000,386.22751422727686
13665600,499.4245517905945
13669200,610.1461311784956
13672800,710.8467597318074
13676400,794.6638560302812
13680000,855.8854234754999
13683600,890.3393134194533
13687200,895.677550200209
13690800,871.5363418030332
13694400,819.5608716849595
13698000,743.29318224097
13701600,647.930790468376
13705200,539.9724857727279
13708800,426.77544820941023
13712400,316.0538688215553
13716000,215.35324026819654
13719600,131.53614396969004
13723200,70.31457652450206
13726800,35.86068658054751
13730400,30.522449799786443
13734000,54.66365819696523
13737600,106.63912831506605
13741200,182.9068177590264
13744800,278.26920953161977
13748400,386.2275142273162
13752000,499.424551790536
13755600,610.1461311784868
13759200,710.8467597317997
13762800,794.663856030307
13766400,855.885423475517
13770000,890.339313419443
13773600,895.6775502002099
13777200,871.5363418030364
13780800,819.5608716849367
13784400,743.2931822409396
13788000,647.9307904683845
13791600,539.9724857727371
13795200,426.7754482094687
13798800,316.05386882151765
13802400,215.35324026816366
13806000,131.53614396969607
13809600,70.31457652450604
13813200,35.86068658055791
13816800,30.52244979978974
13820400,54.66365819697876
13824000,106.6391283150607
13827600,182.90681775905693
13831200,278.2692095315666
13834800,386.22751422725844
13838400,499.42455179057583
13842000,610.1461311784781
13845600,710.8467597318325
13849200,794.663856030269
13852800,855.885423475492
13856400,890.33931341945
13860000,895.6775502002106
13863600,871.5363418030229
13867200,819.5608716849138
13870800,743.2931822409844
13874400,647.930790468393
13878000,539.9724857727463
13881600,426.7754482094289
13885200,316.05386882148
13888800,215.35324026821192
13892400,131.53614396970215
13896000,70.31457652451007
13899600,35.86068658055086
13903200,30.52244979979315
13906800,54.663658196975575
13910400,106.63912831505536
13914000,182.90681775901209
13917600,278.2692095316028
13921200,386.2275142272978
13924800,499.4245517905665
13928400,610.1461311784692
13932000,710.8467597317843
13935600,794.6638560302949
13939200,855.885423475509
13942800,890.3393134194484
13946400,895.6775502002073
13950000,871.5363418030427
13953600,819.5608716849474
13957200,743.2931822409539
13960800,647.9307904684015
13964400,539.9724857727069
13968000,426.77544820948737
13971600,316.0538688215353
13975200,215.35324026817904
13978800,131.53614396970818
13982400,70.31457652449302
13986000,35.86068658054376
13989600,30.522449799788205
13993200,54.66365819697245
13996800,106.63912831505002
14000400,182.9068177590426
14004000,278.26920953163904
14007600,386.22751422724
14011200,499.4245517905572
14014800,610.1461311784603
14018400,710.8467597318172
14022000,794.6638560303206
14025600,855.885423475505
14029200,890.3393134194467
14032800,895.6775502002122
14036400,871.5363418030292
14040000,819.5608716849245
14043600,743.293182240961
14047200,647.9307904684099
14050800,539.9724857727647
14054400,426.7754482094475
14058000,316.05386882149764
14061600,215.35324026818677
14065200,131.5361439696823
14068800,70.31457652451803
14072400,35.86068658055416
14076000,30.52244979979156
14079600,54.663658196969266
14083200,106.63912831507287
14086800,182.90681775899782
14090400,278.2692095315859
14094000,386.22751422727936
14097600,499.42455179059704
14101200,610.146131178498
14104800,710.8467597318095
14108400,794.6638560302829
14112000,855.8854234754801
14115600,890.3393134194539
14119200,895.6775502002089
14122800,871.5363418030324
14126400,819.5608716849581
14130000,743.2931822410058
14133600,647.9307904683737
14137200,539.9724857727253
14140800,426.77544820945684
14144400,316.05386882146
14148000,215.35324026823494
14151600,131.5361439696884
14155200,70.31457652450098
14158800,35.86068658055581
14162400,30.522449799794913
14166000,54.66365819694937
14169600,106.63912831506752
14173200,182.90681775902834
14176800,278.2692095315774
14180400,386.2275142273187
14184000,499.4245517905877
14187600,610.1461311784892
14191200,710.8467597318017
14194800,794.6638560302767
14198400,855.8854234755181
14202000,890.3393134194521
14205600,895.6775502002097
14209200,871.5363418030356
14212800,819.5608716849633
14216400,743.2931822409375
14220000,647.9307904683822
14223600,539.9724857727346
14227200,426.77544820946616
14230800,316.05386882156165
14234400,215.3532402681616
14238000,131.53614396969442
14241600,70.31457652450496
14245200,35.860686580557456
14248800,30.522449799785875
14252400,54.66365819697967
14256000,106.63912831506218
14259600,182.90681775902118
14263200,278.26920953165825
14266800,386.2275142272124
14270400,499.4245517905784
14274000,610.1461311784803
14277600,710.8467597317941
14281200,794.6638560303345
14284800,855.8854234754721
14288400,890.3393134194505
14292000,895.6775502002104
14295600,871.5363418030388
14299200,819.5608716849124
14302800,743.2931822409448
14306400,647.9307904683907
14310000,539.9724857727438
14313600,426.7754482094755
14317200,316.05386882147764
14320800,215.35324026816926
14324400,131.53614396970045
14328000,70.31457652450894
14331600,35.86068658055916
14335200,30.52244979979332
14338800,54.663658196976485
14342400,106.63912831505684
14346000,182.90681775901407
14349600,278.2692095315605
14353200,386.2275142273003
14356800,499.42455179056907
14360400,610.1461311784716
14364000,710.8467597317864
14367600,794.6638560302647
14371200,855.8854234755102
14374800,890.3393134194488
14378400,895.6775502002113
14382000,871.5363418030084
14385600,819.560871684974
14389200,743.2931822409519
14392800,647.9307904683992
14396400,539.972485772753
14400000,426.77544820938647
14403600,316.0538688215793
14407200,215.35324026817696
14410800,131.53614396970653
14414400,70.31457652451297
14418000,35.8606865805433
14421600,30.522449799792582
14425200,54.66365819697336
14428800,106.6391283150515
14432400,182.9068177590069
14436000,278.2692095316413
14439600,386.22751422729107
14443200,499.42455179055975
14446800,610.1461311784628
14450400,710.8467597317788
14454000,794.6638560303224
14457600,855.8854234755061
14461200,890.3393134194472
14464800,895.677550200212
14468400,871.536341803045
14472000,819.5608716849231
14475600,743.293182240959
14479200,647.9307904684076
14482800,539.9724857727622
14486400,426.77544820949413
14490000,316.05386882149526
14493600,215.35324026818463
14497200,131.53614396971255
14500800,70.31457652447489
14504400,35.86068658056246
14508000,30.522449799791787
14511600,54.663658196970175
14515200,106.6391283150461
14518800,182.90681775907512
14522400,278.26920953154354
14526000,386.22751422728186
14529600,499.4245517905504
14533200,610.146131178454
14536800,710.8467597318521
14540400,794.6638560303163
14544000,855.8854234755022
14547600,890.3393134194455
14551200,895.6775502002129
14554800,871.5363418030147
14558400,819.5608716849284
14562000,743.2931822409662
14565600,647.930790468416
14569200,539.9724857727714
14572800,426.7754482094051
14576400,316.053868821504
14580000,215.35324026819234
14583600,131.53614396971858
14587200,70.31457652452093
14590800,35.8606865805466
14594400,30.52244979979099
14598000,54.66365819696699
14601600,106.63912831504081
14605200,182.9068177589926
14608800,278.26920953162437
14612400,386.22751422727265
14616000,499.4245517905411
14619600,610.1461311785381
14623200,710.8467597317633
14626800,794.6638560303103
14630400,855.8854234754981
14634000,890.3393134194439
14637600,895.6775502002054
14641200,871.5363418030514
14644800,819.5608716849338
14648400,743.2931822409732
14652000,647.9307904684246
14655600,539.9724857726834
14659200,426.77544820941444
14662800,316.0538688215129
14666400,215.3532402682
14670000,131.53614396972466
14673600,70.3145765244829
14677200,35.860686580548304
14680800,30.522449799790195
14684400,54.66365819696381
14688000,106.63912831503546
14691600,182.90681775906086
14695200,278.2692095316159
14698800,386.22751422726344
14702400,499.4245517905318
14706000,610.1461311784363
14709600,710.8467597318368
14713200,794.6638560303043
14716800,855.8854234754942
14720400,890.3393134194596
14724000,895.6775502002145
14727600,871.5363418030211
14731200,819.560871684939
14734800,743.2931822409805
14738400,647.9307904683437
14742000,539.9724857727898
14745600,426.77544820942376
14749200,316.05386882152163
14752800,215.3532402682077
14756400,131.53614396966697
14760000,70.31457652452883
14763600,35.86068658054995
14767200,30.522449799781214
14770800,54.663658196960625
14774400,106.63912831503012
14778000,182.90681775897832
14781600,278.26920953160743
14785200,386.2275142271571
14788800,499.42455179052246
14792400,610.1461311784276
14796000,710.846759731748
14799600,794.6638560302981
14803200,855.8854234754901
14806800,890.3393134194405
14810400,895.6775502002151
14814000,871.5363418030577
14817600,819.5608716849445
14821200,743.2931822409876
14824800,647.9307904684415
14828400,539.972485772799
14832000,426.7754482095315
14835600,316.05386882153044
14839200,215.3532402682154
14842800,131.53614396973677
14846400,70.31457652453287
14850000,35.86068658056905
14853600,30.52244979978866
14857200,54.6636581969575
14860800,106.63912831502478
14864400,182.90681775897116
14868000,278.26920953150966
14871600,386.227514227245
14875200,499.42455179051314
14878800,610.1461311784187
14882400,710.8467597318213
14886000,794.6638560302284
14889600,855.8854234754863
14893200,890.3393134194389
14896800,895.6775502002159
14900400,871.5363418030274
14904000,819.5608716850061
14907600,743.2931822409948
14911200,647.9307904684499
14914800,539.9724857728082
14918400,426.7754482094424
14922000,316.05386882153925
14925600,215.3532402682231
14929200,131.5361439697428
14932800,70.31457652453685
14936400,35.86068658055325
14940000,30.522449799787864
14943600,54.663658196954316
14947200,106.63912831501943
14950800,182.90681775896405
14954400,278.2692095315905
14958000,386.2275142272358
14961600,499.42455179050376
14965200,610.14613117841
14968800,710.8467597317326
14972400,794.6638560302861
14976000,855.8854234754822
14979600,890.3393134194373
14983200,895.6775502002167
14986800,871.536341803064
14990400,819.5608716849551
14994000,743.2931822410019
14997600,647.9307904684584
15001200,539.9724857727202
15004800,426.7754482095501
15008400,316.05386882154806
15012000,215.35324026823076
15015600,131.53614396974882
15019200,70.31457652449876
15022800,35.860686580572406
15026400,30.52244979978707
15030000,54.66365819695113
15033600,106.63912831501409
15037200,182.9068177590322
15040800,278.2692095315821
15044400,386.2275142272266
15048000,499.42455179049443
15051600,610.1461311784011
15055200,710.846759731806
15058800,794.66385603028
15062400,855.8854234754782
15066000,890.3393134194355
15069600,895.6775502002175
15073200,871.5363418030338
15076800,819.5608716849605
15080400,743.293182241009
15084000,647.930790468467
15087600,539.9724857728266
15091200,426.77544820946105
15094800,316.0538688215569
15098400,215.35324026823847
15102000,131.53614396975485
15105600,70.3145765245448
15109200,35.8606865805566
15112800,30.522449799786273
15116400,54.66365819694795
15120000,106.63912831506508
15123600,182.90681775894973
15127200,278.26920953157355
15130800,386.2275142272174
15134400,499.4245517904851
15138000,610.1461311784852
15141600,710.8467597317173
15145200,794.663856030274
15148800,855.8854234754742
15152400,890.3393134194339
15156000,895.67755020021
15159600,871.536341803037
15163200,819.5608716849658
15166800,743.2931822410162
15170400,647.9307904684754
15174000,539.9724857727387
15177600,426.7754482094704
15181200,316.0538688215657
15184800,215.35324026824614
15188400,131.53614396976087
15192000,70.31457652450678
15195600,35.860686580558195
15199200,30.522449799785534
15202800,54.663658196944766
15206400,106.6391283150034
15210000,182.90681775901794
15213600,278.26920953156514
15217200,386.2275142272082
15220800,499.4245517904758
15224400,610.1461311783835
15228000,710.8467597317906
15231600,794.663856030268
15235200,855.8854234754702
15238800,890.3393134194498
15242400,895.677550200219
15246000,871.5363418030402
15249600,819.5608716849711
15253200,743.2931822410234
15256800,647.9307904683945
15260400,539.9724857728451
15264000,426.77544820947975
15267600,316.0538688215745
15271200,215.35324026825384
15274800,131.53614396970323
15278400,70.31457652451076
15282000,35.86068658055984
15285600,30.52244979978468
15289200,54.66365819694164
15292800,106.63912831505439
15296400,182.90681775901078
15300000,278.2692095315566
15303600,386.227514227199
15307200,499.42455179046647
15310800,610.1461311784676
15314400,710.8467597317829
15318000,794.663856030262
15321600,855.8854234754663
15325200,890.3393134194306
15328800,895.6775502002115
15332400,871.5363418030433
15336000,819.5608716849765
15339600,743.2931822410305
15343200,647.9307904684923
15346800,539.9724857727571
15350400,426.77544820948907
15354000,316.0538688215833
15357600,215.35324026818046
15361200,131.53614396977298
15364800,70.31457652451473
15368400,35.86068658056155
15372000,30.522449799783942
15375600,54.66365819697188
15379200,106.63912831499272
15382800,182.90681775900362
15386400,278.2692095315482
15390000,386.2275142271898
15393600,499.4245517905555
15397200,610.1461311784587
15400800,710.8467597317753
15404400,794.6638560302559
15408000,855.8854234754623
15411600,890.3393134194464
15415200,895.6775502002124
15418800,871.5363418030465
15422400,819.5608716849819
15426000,743.2931822410376
15429600,647.9307904684115
15433200,539.9724857727663
15436800,426.7754482094984
15440400,316.0538688215921
15444000,215.35324026826916
15447600,131.53614396971528
15451200,70.31457652451871
15454800,35.8606865805632
15458400,30.522449799783146
15462000,54.66365819693527
15465600,106.6391283150437
15469200,182.9068177589965
15472800,278.2692095315397
15476400,386.22751422727765
15480000,499.4245517904478
15483600,610.14613117845
15487200,710.8467597317675
15490800,794.6638560302499
15494400,855.8854234755004
15498000,890.3393134194273
15501600,895.6775502002131
15505200,871.5363418030497
15508800,819.5608716849872
15512400,743.2931822409694
15516000,647.9307904684199
15519600,539.9724857727756
15523200,426.7754482095077
15526800,316.05386882160093
15530400,215.35324026819583
15534000,131.5361439697213
15537600,70.31457652452275
15541200,35.860686580564845
15544800,30.522449799782407
15548400,54.663658196965514
15552000,106.63912831503836
15555600,182.90681775898935
15559200,278.26920953153126
15562800,386.22751422717135
15566400,499.42455179053684
15570000,610.1461311784411
15573600,710.8467597317599
15577200,794.6638560302438
15580800,855.8854234754543
15584400,890.3393134194431
15588000,895.677550200214
15591600,871.5363418030529
15595200,819.5608716849363
15598800,743.2931822410519
15602400,647.9307904684284
15606000,539.9724857727847
15609600,426.77544820951704
15613200,316.05386882151686
15616800,215.35324026828454
15620400,131.5361439697274
15624000,70.31457652452667
15627600,35.860686580566494
15631200,30.522449799789854
15634800,54.66365819696233
15638400,106.63912831503302
15642000,182.90681775898219
15645600,278.26920953152273
15649200,386.22751422725923
15652800,499.4245517905275
15656400,610.1461311784324
15660000,710.8467597317522
15663600,794.6638560302379
15667200,855.8854234754924
15670800,890.3393134194414
15674400,895.6775502002147
15678000,871.5363418030561
15681600,819.5608716849979
15685200,743.2931822409837
15688800,647.9307904684368
15692400,539.972485772794
15696000,426.77544820952636
15699600,316.0538688216185
15703200,215.35324026821118
15706800,131.53614396973342
15710400,70.31457652453071
15714000,35.86068658055069
15717600,30.522449799780816
15721200,54.66365819695915
15724800,106.63912831502773
15728400,182.90681775897508
15732000,278.26920953160356
15735600,386.22751422715294
15739200,499.4245517905182
15742800,610.1461311784235
15746400,710.8467597317444
15750000,794.6638560302954
15753600,855.8854234754883
15757200,890.3393134194398
15760800,895.6775502002155
15764400,871.5363418030591
15768000,819.5608716849468
15771600,743.2931822409909
15775200,647.9307904684454
15778800,539.9724857728031
15782400,426.7754482095357
15786000,316.0538688215345
15789600,215.3532402682189
15793200,131.53614396973944
15796800,70.31457652453469
15800400,35.86068658056985
15804000,30.522449799788262
15807600,54.66365819695602
15811200,106.63912831502233
15814800,182.90681775896786
15818400,278.2692095315058
15822000,386.2275142272408
15825600,499.4245517905089
15829200,610.1461311784147
15832800,710.8467597318179
15836400,794.6638560302257
15840000,855.8854234754845
15843600,890.3393134194381
15847200,895.6775502002163
15850800,871.5363418030289
15854400,819.5608716849522
15858000,743.293182240998
15861600,647.9307904684538
15865200,539.9724857728124
15868800,426.77544820944667
15872400,316.05386882154323
15876000,215.35324026822656
15879600,131.53614396974552
15883200,70.31457652453867
15886800,35.86068658055399
15890400,30.522449799787523
15894000,54.66365819695284
15897600,106.63912831501699
15901200,182.90681775896076
15904800,278.2692095315866
15908400,386.2275142272316
15912000,499.42455179049955
15915600,610.146131178406
15919200,710.8467597317291
15922800,794.6638560302833
15926400,855.8854234754804
15930000,890.3393134194364
15933600,895.6775502002088
15937200,871.5363418030655
15940800,819.5608716849575
15944400,743.2931822410052
15948000,647.9307904684623
15951600,539.9724857727244
15955200,426.7754482095543
15958800,316.0538688215521
15962400,215.3532402682343
15966000,131.53614396975155
15969600,70.31457652450064
15973200,35.860686580555694
15976800,30.522449799786727
15980400,54.663658196949655
15984000,106.63912831501165
15987600,182.90681775902897
15991200,278.2692095315782
15994800,386.2275142272224
15998400,499.4245517904902
16002000,610.1461311783971
16005600,710.8467597318024
16009200,794.6638560302773
16012800,855.8854234754765
16016400,890.3393134194348
16020000,895.6775502002179
16023600,871.5363418030353
16027200,819.5608716849629
16030800,743.2931822410123
16034400,647.9307904684707
16038000,539.9724857728309
16041600,426.7754482094653
16045200,316.05386882156085
16048800,215.35324026824193
16052400,131.5361439696939
16056000,70.31457652454662
16059600,35.860686580557285
16063200,30.52244979978593
16066800,54.66365819694647
16070400,106.63912831506264
16074000,182.90681775894643
16077600,278.2692095315697
16081200,386.2275142272132
16084800,499.4245517904809
16088400,610.1461311784813
16092000,710.8467597317948
16095600,794.6638560302713
16099200,855.8854234754724
16102800,890.3393134194332
16106400,895.6775502002104
16110000,871.5363418030383
16113600,819.5608716849682
16117200,743.2931822410195
16120800,647.9307904684792
16124400,539.9724857727429
16128000,426.77544820947463
16131600,316.0538688215697
16135200,215.35324026824966
16138800,131.53614396976366
16142400,70.31457652450854
16146000,35.86068658055899
16149600,30.522449799785136
16153200,54.663658196943345
16156800,106.63912831500096
16160400,182.9068177590147
16164000,278.2692095315613
16167600,386.227514227204
16171200,499.4245517905699
16174800,610.1461311783795
16178400,710.8467597317872
16182000,794.6638560302652
16185600,855.8854234754684
16189200,890.3393134194489
16192800,895.6775502002195
16196400,871.5363418030415
16200000,819.5608716849736
16203600,743.2931822410267
16207200,647.9307904683984
16210800,539.9724857727521
16214400,426.77544820948395
16218000,316.0538688215785
16221600,215.3532402682573
16225200,131.53614396970596
16228800,70.31457652451257
16232400,35.86068658056064
16236000,30.522449799784397
16239600,54.66365819694016
16243200,106.63912831505195
16246800,182.90681775900754
16250400,278.26920953155275
16254000,386.2275142271948
16257600,499.42455179046226
16261200,610.1461311784636
16264800,710.8467597317795
16268400,794.6638560302592
16272000,855.8854234754644
16275600,890.3393134194298
16279200,895.677550200212
16282800,871.5363418030447
16286400,819.5608716849789
16290000,743.2931822409585
16293600,647.9307904684962
16297200,539.9724857727613
16300800,426.7754482094933
16304400,316.0538688215873
16308000,215.35324026818395
16311600,131.53614396977576
16315200,70.31457652451655
16318800,35.86068658056229
16322400,30.5224497997836
16326000,54.66365819697046
16329600,106.63912831504666
16333200,182.90681775900043
16336800,278.26920953154433
16340400,386.22751422718557
16344000,499.4245517905513
16347600,610.1461311784548
16351200,710.8467597317717
16354800,794.6638560302531
16358400,855.8854234754605
16362000,890.3393134194457
16365600,895.6775502002127
16369200,871.5363418030479
16372800,819.5608716849842
16376400,743.293182241041
16380000,647.9307904684154
16383600,539.9724857727705
16387200,426.7754482095026
16390800,316.0538688215961
16394400,215.35324026827269
16398000,131.53614396971807
16401600,70.31457652452059
16405200,35.860686580563936
16408800,30.522449799791048
16412400,54.663658196933795
16416000,106.63912831504132
16419600,182.9068177589932
16423200,278.2692095315358
16426800,386.2275142272735
16430400,499.4245517904436
16434000,610.146131178446
16437600,710.846759731764
16441200,794.6638560302471
16444800,855.8854234754986
16448400,890.339313419444
16452000,895.6775502002135
16455600,871.5363418030511
16459200,819.5608716849896
16462800,743.2931822409727
16466400,647.9307904684238
16470000,539.9724857727797
16473600,426.7754482095119
16477200,316.0538688216049
16480800,215.35324026819933
16484400,131.5361439697241
16488000,70.31457652452451
16491600,35.860686580565584
16495200,30.52244979978201
16498800,54.66365819696409
16502400,106.63912831503598
16506000,182.9068177589861
16509600,278.2692095315274
16513200,386.22751422716715
16516800,499.42455179053263
16520400,610.1461311784371
16524000,710.8467597317564
16527600,794.6638560303047
16531200,855.8854234754525
16534800,890.3393134194423
16538400,895.6775502002142
16542000,871.5363418030543
16545600,819.5608716849385
16549200,743.2931822410552
16552800,647.9307904684322
16556400,539.9724857727889
16560000,426.7754482095213
16563600,316.05386882152084
16567200,215.353240268207
16570800,131.53614396973012
16574400,70.31457652452855
16578000,35.86068658056729
16581600,30.522449799789456
16585200,54.66365819696091
16588800,106.63912831503058
16592400,182.90681775897895
16596000,278.26920953151887
16599600,386.2275142272551
16603200,499.4245517905233
16606800,610.1461311784284
16610400,710.8467597317486
16614000,794.6638560302351
16617600,855.8854234754906
16621200,890.3393134194407
16624800,895.677550200215
16628400,871.5363418030574
16632000,819.5608716850003
16635600,743.2931822409869
16639200,647.9307904684407
16642800,539.9724857727981
16646400,426.7754482094322
16650000,316.05386882162253
16653600,215.3532402682147
16657200,131.53614396973614
16660800,70.31457652453253
16664400,35.86068658055143
16668000,30.522449799780475
16671600,54.66365819695778
16675200,106.63912831502523
16678800,182.90681775897178
16682400,278.2692095315997
16686000,386.2275142272459
16689600,499.424551790514
16693200,610.1461311784195
16696800,710.846759731741
16700400,794.6638560302927
16704000,855.8854234754865
16707600,890.339313419439
16711200,895.6775502002158
16714800,871.5363418030606
16718400,819.5608716849492
16722000,743.2931822409942
16725600,647.9307904684492
16729200,539.9724857728073
16732800,426.77544820953995
16736400,316.05386882153846
16740000,215.35324026822238
16743600,131.53614396974217
16747200,70.31457652453645
16750800,35.86068658057059
16754400,30.52244979978792
16758000,54.6636581969546
16761600,106.63912831501989
16765200,182.90681775904005
16768800,278.26920953150193
16772400,386.2275142272366
16776000,499.4245517905046
16779600,610.1461311784108
16783200,710.8467597318144
16786800,794.663856030223
16790400,855.8854234754826
16794000,890.3393134194374
16797600,895.6775502002166
16801200,871.5363418030304
16804800,819.5608716849547
16808400,743.2931822410012
16812000,647.9307904684576
16815600,539.9724857728165
16819200,426.77544820945093
16822800,316.05386882154727
16826400,215.35324026823008
16830000,131.53614396974825
16833600,70.31457652454048
16837200,35.86068658055473
16840800,30.522449799787182
16844400,54.66365819695142
16848000,106.6391283150146
16851600,182.90681775895752
16855200,278.2692095315828
16858800,386.22751422722746
16862400,499.4245517904953
16866000,610.1461311784019
16869600,710.8467597317256
16873200,794.6638560302806
16876800,855.8854234754785
16880400,890.3393134194357
16884000,895.6775502002092
16887600,871.536341803067
16891200,819.5608716849599
16894800,743.2931822410085
16898400,647.9307904684661
16902000,539.9724857727286
16905600,426.7754482095586
16909200,316.0538688215561
16912800,215.35324026823776
16916400,131.53614396975428
16920000,70.31457652450246
16923600,35.86068658055643
16927200,30.52244979978633
16930800,54.663658196948234
16934400,106.63912831500926
16938000,182.90681775902578
16941600,278.26920953157435
16945200,386.2275142272182
16948800,499.42455179048596
16952400,610.1461311783931
16956000,710.846759731799
16959600,794.6638560302746
16963200,855.8854234754747
16966800,890.3393134194341
16970400,895.6775502002182
16974000,871.5363418030367
16977600,819.5608716849654
16981200,743.2931822410155
16984800,647.9307904684746
16988400,539.972485772835
16992000,426.7754482094696
16995600,316.0538688215649
16999200,215.35324026824546
17002800,131.53614396969664
17006400,70.31457652454844
17010000,35.86068658055808
17013600,30.52244979978559
17017200,54.66365819694505
17020800,106.63912831506025
17024400,182.9068177589432
17028000,278.2692095315659
17031600,386.227514227209
17035200,499.42455179047664
17038800,610.1461311784772
17042400,710.8467597317913
17046000,794.6638560302686
17049600,855.8854234754706
17053200,890.3393134194324
17056800,895.6775502002107
17060400,871.5363418030399
17064000,819.5608716849706
17067600,743.2931822410227
17071200,647.9307904684831
17074800,539.9724857727471
17078400,426.7754482094789
17082000,316.0538688215737
17085600,215.35324026825313
17089200,131.53614396976639
17092800,70.31457652451041
17096400,35.86068658055973
17100000,30.522449799784795
17103600,54.663658196941924
17107200,106.63912831499857
17110800,182.90681775901146
17114400,278.2692095315574
17118000,386.2275142271998
17121600,499.42455179056566
17125200,610.1461311783755
17128800,710.8467597317835
17132400,794.6638560302624
17136000,855.8854234754667
17139600,890.3393134194482
17143200,895.6775502002198
17146800,871.536341803043
17150400,819.5608716849761
17154000,743.2931822410299
17157600,647.9307904684022
17161200,539.9724857727563
17164800,426.7754482094882
17168400,316.0538688215825
17172000,215.35324026826083
17175600,131.5361439697087
17179200,70.3145765245144
17182800,35.86068658056138
17186400,30.522449799784056
17190000,54.66365819693874
17193600,106.63912831504956
17197200,182.9068177590043
17200800,278.26920953154894
17204400,386.22751422719057
17208000,499.424551790458
17211600,610.1461311784597
17215200,710.8467597317759
17218800,794.6638560302565
17222400,855.8854234754626
17226000,890.3393134194291
17229600,895.6775502002123
17233200,871.5363418030462
17236800,819.5608716849813
17240400,743.2931822409616
17244000,647.9307904684999
17247600,539.9724857727655
17251200,426.77544820949754
17254800,316.0538688215913
17258400,215.35324026818742
17262000,131.5361439697785
17265600,70.31457652451837
17269200,35.860686580563026
17272800,30.522449799783203
17276400,54.66365819696898
17280000,106.63912831504416
17283600,182.90681775899714
17287200,278.26920953154047
17290800,386.22751422718136
17294400,499.424551790547
17298000,610.1461311784508
17301600,710.8467597317682
17305200,794.6638560302504
17308800,855.8854234754587
17312400,890.3393134194449
17316000,895.6775502002131
17319600,871.5363418030494
17323200,819.5608716849868
17326800,743.2931822410442
17330400,647.9307904684192
17334000,539.9724857727747
17337600,426.77544820950686
17341200,316.0538688216001
17344800,215.35324026827615
17348400,131.5361439697208
17352000,70.31457652452235
17355600,35.860686580564675
17359200,30.522449799790706
17362800,54.663658196932374
17366400,106.63912831503882
17370000,182.90681775899003
17373600,278.269209531532
17377200,386.2275142272693
17380800,499.42455179043935
17384400,610.1461311784419
17388000,710.8467597317606
17391600,794.6638560302443
17395200,855.8854234754967
17398800,890.3393134194432
17402400,895.6775502002138
17406000,871.5363418030526
17409600,819.560871684992
17413200,743.293182240976
17416800,647.9307904684276
17420400,539.9724857727839
17424000,426.7754482095162
17427600,316.05386882160894
17431200,215.3532402682028
17434800,131.53614396972682
17438400,70.31457652452633
17442000,35.86068658056638
17445600,30.52244979978167
17449200,54.663658196962615
17452800,106.63912831503353
17456400,182.90681775898287
17460000,278.26920953152353
17463600,386.22751422716294
17467200,499.42455179052837
17470800,610.1461311784332
17474400,710.8467597317529
17478000,794.663856030302
17481600,855.8854234754507
17485200,890.3393134194416
17488800,895.6775502002147
17492400,871.5363418030557
17496000,819.560871684941
17499600,743.2931822410585
17503200,647.930790468436
17506800,539.9724857727931
17510400,426.7754482095255
17514000,316.0538688215249
17517600,215.35324026821053
17521200,131.5361439697329
17524800,70.31457652453031
17528400,35.86068658056803
17532000,30.522449799789115
17535600,54.66365819695943
17539200,106.63912831502819
17542800,182.9068177589757
17546400,278.26920953151506
17550000,386.2275142272509
17553600,499.42455179051905
17557200,610.1461311784244
17560800,710.8467597317451
17564400,794.6638560302323
17568000,855.8854234754888
17571600,890.3393134194399
17575200,895.6775502002154
17578800,871.5363418030588
17582400,819.5608716850027
17586000,743.2931822409903
17589600,647.9307904684446
17593200,539.9724857728023
17596800,426.7754482094365
17600400,316.05386882162657
17604000,215.35324026821817
17607600,131.53614396973893
17611200,70.31457652453429
17614800,35.86068658055217
17618400,30.522449799780077
17622000,54.663658196956305
17625600,106.63912831502284
17629200,182.90681775896854
17632800,278.2692095315959
17636400,386.22751422724167
17640000,499.4245517905097
17643600,610.1461311784155
17647200,710.8467597317375
17650800,794.6638560302899
17654400,855.8854234754847
17658000,890.3393134194382
17661600,895.6775502002163
17665200,871.536341803062
17668800,819.5608716849517
17672400,743.2931822409973
17676000,647.9307904684531
17679600,539.9724857728115
17683200,426.77544820954415
17686800,316.05386882154244
17690400,215.3532402682259
17694000,131.53614396974496
17697600,70.31457652449626
17701200,35.860686580571326
17704800,30.52244979978758
17708400,54.66365819695312
17712000,106.6391283150175
17715600,182.9068177590368
17719200,278.2692095314981
17722800,386.22751422723246
17726400,499.4245517905004
17730000,610.1461311784067
17733600,710.8467597318108
17737200,794.6638560302839
17740800,855.8854234754808
17744400,890.3393134194366
17748000,895.677550200217
17751600,871.5363418030317
17755200,819.5608716849571
17758800,743.2931822410045
17762400,647.9307904684615
17766000,539.9724857728207
17769600,426.77544820945513
17773200,316.0538688215513
17776800,215.35324026823355
17780400,131.53614396975104
17784000,70.3145765245423
17787600,35.86068658055552
17791200,30.522449799786784
17794800,54.66365819694994
17798400,106.63912831501216
17802000,182.90681775895422
17805600,278.26920953157895
17809200,386.22751422722325
17812800,499.4245517904911
17816400,610.1461311784908
17820000,710.8467597317222
17823600,794.6638560302779
17827200,855.8854234754767
17830800,890.339313419435
17834400,895.6775502002095
17838000,871.5363418030684
17841600,819.5608716849624
17845200,743.2931822410117
17848800,647.9307904684699
17852400,539.9724857727329
17856000,426.77544820946446
17859600,316.05386882156006
17863200,215.35324026824128
17866800,131.53614396975706
17870400,70.31457652450422
17874000,35.86068658055717
17877600,30.52244979978599
17881200,54.663658196946756
17884800,106.63912831500681
17888400,182.9068177590225
17892000,278.2692095315705
17895600,386.22751422721404
17899200,499.42455179048176
17902800,610.1461311783892
17906400,710.8467597317955
17910000,794.6638560302717
17913600,855.8854234754729
17917200,890.3393134194332
17920800,895.6775502002185
17924400,871.5363418030381
17928000,819.5608716849678
17931600,743.2931822410188
17935200,647.9307904683892
17938800,539.9724857728391
17942400,426.7754482094738
17946000,316.0538688215689
17949600,215.35324026824892
17953200,131.53614396969942
17956800,70.31457652455026
17960400,35.86068658055882
17964000,30.52244979978525
17967600,54.66365819694363
17971200,106.6391283150578
17974800,182.90681775901538
17978400,278.269209531562
17982000,386.22751422720484
17985600,499.42455179047244
17989200,610.1461311784732
17992800,710.8467597317878
17996400,794.6638560302658
18000000,855.8854234754688
18003600,890.3393134194316
18007200,895.677550200211
18010800,871.5363418030413
18014400,819.5608716849731
18018000,743.293182241026
18021600,647.930790468487
18025200,539.9724857727513
18028800,426.7754482094831
18032400,316.0538688215777
18036000,215.35324026825663
18039600,131.5361439697691
18043200,70.31457652451223
18046800,35.86068658056047
18050400,30.522449799784454
18054000,54.66365819697387
18057600,106.63912831499613
18061200,182.90681775900822
18064800,278.26920953155354
18068400,386.2275142271956
18072000,499.42455179056145
18075600,610.1461311783715
18079200,710.8467597317801
18082800,794.6638560302597
18086400,855.8854234754649
18090000,890.3393134194475
18093600,895.6775502002118
18097200,871.5363418030445
18100800,819.5608716849783
18104400,743.2931822410332
18108000,647.930790468406
18111600,539.9724857727605
18115200,426.7754482094924
18118800,316.0538688215865
18122400,215.3532402682643
18126000,131.53614396971147
18129600,70.31457652451616
18133200,35.86068658056212
18136800,30.522449799783658
18140400,54.66365819693726
18144000,106.63912831504712
18147600,182.90681775900106
18151200,278.2692095315451
18154800,386.2275142271864
18158400,499.42455179045373
18162000,610.1461311784556
18165600,710.8467597317724
18169200,794.6638560302538
18172800,855.8854234755029
18176400,890.3393134194283
18180000,895.6775502002126
18183600,871.5363418030477
18187200,819.5608716849838
18190800,743.2931822409648
18194400,647.9307904685038
18198000,539.9724857727697
18201600,426.77544820950175
18205200,316.0538688215953
18208800,215.35324026819094
18212400,131.5361439697175
18216000,70.31457652452019
18219600,35.86068658056382
18223200,30.522449799782862
18226800,54.66365819696756
18230400,106.63912831504177
18234000,182.9068177589939
18237600,278.2692095315366
18241200,386.2275142271772
18244800,499.4245517905428
18248400,610.1461311784468
18252000,710.8467597317648
18255600,794.6638560302476
18259200,855.885423475457
18262800,890.3393134194441
18266400,895.6775502002134
18270000,871.5363418030508
18273600,819.5608716849891
18277200,743.2931822410474
18280800,647.9307904684231
18284400,539.9724857727789
18288000,426.77544820951107
18291600,316.0538688215113
18295200,215.35324026827968
18298800,131.53614396972353
18302400,70.31457652452417
18306000,35.86068658056547
18309600,30.522449799790365
18313200,54.663658196930896
18316800,106.63912831503643
18320400,182.9068177589868
18324000,278.26920953152813
18327600,386.22751422726515
18331200,499.4245517905335
18334800,610.1461311784379
18338400,710.8467597317571
18342000,794.6638560302416
18345600,855.8854234754949
18349200,890.3393134194425
18352800,895.6775502002142
18356400,871.536341803054
18360000,819.5608716849945
18363600,743.2931822409791
18367200,647.9307904684315
18370800,539.9724857727881
18374400,426.77544820952045
18378000,316.0538688216129
18381600,215.35324026820632
18385200,131.53614396972955
18388800,70.31457652452815
18392400,35.86068658056706
18396000,30.522449799781327
18399600,54.663658196961194
18403200,106.63912831503109
18406800,182.90681775897957
18410400,278.269209531609
18414000,386.22751422715874
18417600,499.42455179052416
18421200,610.1461311784292
18424800,710.8467597317494
18428400,794.6638560302993
18432000,855.8854234754489
18435600,890.3393134194409
18439200,895.677550200215
18442800,871.5363418030571
18446400,819.5608716849435
18450000,743.2931822409863
18453600,647.9307904684399
18457200,539.9724857727973
18460800,426.77544820952977
18464400,316.05386882152885
18468000,215.353240268214
18471600,131.53614396973563
18475200,70.31457652453213
18478800,35.86068658056877
18482400,30.52244979978883
18486000,54.66365819695807
18489600,106.63912831502574
18493200,182.90681775897247
18496800,278.2692095315112
18500400,386.2275142272467
18504000,499.4245517905148
18507600,610.1461311784203
18511200,710.8467597317417
18514800,794.6638560302296
18518400,855.885423475487
18522000,890.3393134194391
18525600,895.6775502002158
18529200,871.5363418030269
18532800,819.5608716850052
18536400,743.2931822409935
18540000,647.9307904684484
18543600,539.9724857728065
18547200,426.7754482094407
18550800,316.05386882163054
18554400,215.3532402682217
18558000,131.53614396974166
18561600,70.31457652453611
18565200,35.860686580552965
18568800,30.522449799787978
18572400,54.663658196954884
18576000,106.6391283150204
18579600,182.9068177589653
18583200,278.2692095315921
18586800,386.2275142272375
18590400,499.42455179050546
18594000,610.1461311784116
18597600,710.846759731734
18601200,794.6638560302872
18604800,855.8854234754829
18608400,890.3393134194375
18612000,895.6775502002165
18615600,871.5363418030635
18619200,819.5608716849542
18622800,743.2931822410006
18626400,647.930790468457
18630000,539.9724857728157
18633600,426.7754482095484
18637200,316.0538688215465
18640800,215.35324026822937
18644400,131.53614396974768
18648000,70.31457652449808
18651600,35.86068658057212
18655200,30.52244979978724
18658800,54.6636581969517
18662400,106.63912831501506
18666000,182.90681775903352
18669600,278.26920953149425
18673200,386.22751422722826
18676800,499.42455179049614
18680400,610.1461311784028
18684000,710.8467597318074
18687600,794.6638560302812
18691200,855.885423475479
18694800,890.3393134194358
18698400,895.6775502002174
18702000,871.5363418030332
18705600,819.5608716849595
18709200,743.2931822410078
18712800,647.9307904684654
18716400,539.9724857728249
18720000,426.7754482094594
18723600,316.0538688215553
18727200,215.35324026823707
18730800,131.53614396975377
18734400,70.31457652454407
18738000,35.86068658055626
18741600,30.522449799786443
18745200,54.66365819694852
18748800,106.63912831500971
18752400,182.90681775895104
18756000,278.26920953157514
18759600,386.22751422721905
18763200,499.4245517904868
18766800,610.1461311784868
18770400,710.8467597317186
18774000,794.6638560302752
18777600,855.885423475475
18781200,890.3393134194342
18784800,895.6775502002099
18788400,871.5363418030698
18792000,819.5608716849648
18795600,743.2931822410148
18799200,647.9307904684738
18802800,539.9724857727371
18806400,426.77544820956706
18810000,316.05386882156404
18813600,215.35324026824475
18817200,131.53614396969607
18820800,70.31457652450604
18824400,35.86068658057536
18828000,30.522449799785647
18831600,54.663658196945335
18835200,106.6391283150607
18838800,182.90681775901925
18842400,278.2692095314774
18846000,386.22751422720984
18849600,499.4245517904775
18853200,610.1461311784781
18856800,710.846759731792
18860400,794.6638560302054
18864000,855.885423475471
18867600,890.3393134194325
18871200,895.6775502002106
18874800,871.5363418030396
18878400,819.5608716850265
18882000,743.2931822410221
18885600,647.9307904684823
18889200,539.9724857727463
18892800,426.77544820947804
18896400,316.05386882148
18900000,215.35324026825245
18903600,131.53614396976582
18907200,70.31457652451007
18910800,35.86068658055956
18914400,30.52244979979315
18918000,54.66365819694221
18921600,106.63912831499903
18925200,182.90681775901209
18928800,278.2692095315582
18932400,386.2275142272978
18936000,499.4245517904682
18939600,610.1461311783763
18943200,710.8467597317843
18946800,794.6638560302631
18950400,855.885423475509
18954000,890.3393134194309
18957600,895.6775502002197
18961200,871.5363418030427
18964800,819.5608716849755
18968400,743.2931822409539
18972000,647.9307904684908
18975600,539.9724857727555
18979200,426.77544820948737
18982800,316.05386882158166
18986400,215.35324026817904
18990000,131.5361439697719
18993600,70.314576524514
18997200,35.860686580561264
19000800,30.522449799784056
19004400,54.66365819697245
19008000,106.63912831499368
19011600,182.90681775900492
19015200,278.2692095315497
19018800,386.2275142271914
19022400,499.4245517905572
19026000,610.1461311783676
19029600,710.8467597317766
19033200,794.663856030257
19036800,855.885423475463
19040400,890.3393134194467
19044000,895.6775502002205
19047600,871.5363418030458
19051200,819.5608716849808
19054800,743.293182240961
19058400,647.9307904684099
19062000,539.9724857728618
19065600,426.7754482094967
19069200,316.0538688215905
19072800,215.35324026818677
19076400,131.5361439697142
19080000,70.31457652456004
19083600,35.86068658056291
19087200,30.522449799783317
19090800,54.663658196969266
19094400,106.63912831504467
19098000,182.90681775892244
19101600,278.26920953154126
19105200,386.2275142271822
19108800,499.42455179054787
19112400,610.1461311784516
19116000,710.8467597316878
19119600,794.6638560302509
19123200,855.885423475459
19126800,890.339313419445
19130400,895.6775502002131
19134000,871.5363418030156
19137600,819.5608716849863
19141200,743.2931822410435
19144800,647.9307904684184
19148400,539.9724857727739
19152000,426.77544820940767
19155600,316.0538688215993
19159200,215.35324026827547
19162800,131.53614396972029
19166400,70.31457652452201
19170000,35.86068658054711
19173600,30.52244979978252
19177200,54.66365819693266
19180800,106.63912831503933
19184400,182.90681775899066
19188000,278.2692095316221
19191600,386.227514227173
19195200,499.4245517904402
19198800,610.1461311784428
19202400,710.8467597317613
19206000,794.6638560303086
19209600,855.8854234754551
19213200,890.3393134194434
19216800,895.6775502002138
19220400,871.5363418030522
19224000,819.5608716849353
19227600,743.2931822410507
19231200,647.9307904684268
19234800,539.9724857727831
19238400,426.77544820951533
19242000,316.05386882151527
19245600,215.35324026828314
19249200,131.5361439697263
19252800,70.31457652452599
19256400,35.86068658056621
19260000,30.522449799790024
19263600,54.663658196929475
19267200,106.63912831503404
19270800,182.9068177589835
19274400,278.26920953152427
19278000,386.22751422726094
19281600,499.4245517904309
19285200,610.146131178434
19288800,710.8467597317535
19292400,794.6638560303026
19296000,855.8854234754931
19299600,890.3393134194243
19303200,895.6775502002146
19306800,871.5363418030554
19310400,819.5608716849406
19314000,743.2931822409824
19317600,647.9307904685246
19321200,539.9724857727923
19324800,426.77544820952465
19328400,316.053868821524
19332000,215.3532402682098
19335600,131.536143969796
19339200,70.31457652452997
19342800,35.86068658056786
19346400,30.52244979978917
19350000,54.663658196959716
19353600,106.63912831497231
19357200,182.9068177589764
19360800,278.2692095315158
19364400,386.22751422725173
19368000,499.4245517905199
19371600,610.1461311785181
19375200,710.8467597317458
19378800,794.6638560302329
19382400,855.8854234754891
19386000,890.33931341944
19389600,895.6775502002072
19393200,871.5363418030586
19396800,819.5608716850022
19400400,743.2931822409896
19404000,647.9307904684438
19407600,539.9724857727043
19411200,426.775448209534
19414800,316.05386882162577
19418400,215.35324026821752
19422000,131.53614396973836
19425600,70.31457652449194
19429200,35.86068658056956
19432800,30.52244979978019
19436400,54.66365819695659
19440000,106.6391283150233
19443600,182.9068177590446
19447200,278.2692095315074
19450800,386.2275142272425
19454400,499.4245517905106
19458000,610.1461311784163
19461600,710.8467597318192
19465200,794.6638560302268
19468800,855.8854234754851
19472400,890.3393134194384
19476000,895.6775502002162
19479600,871.5363418030283
19483200,819.5608716850076
19486800,743.2931822409967
19490400,647.9307904684523
19494000,539.9724857728107
19497600,426.77544820944496
19501200,316.0538688216345
19504800,215.35324026822516
19508400,131.5361439697444
19512000,70.31457652453793
19515600,35.860686580553704
19519200,30.522449799779395
19522800,54.663658196953406
19526400,106.63912831501796
19530000,182.90681775903744
19533600,278.2692095315882
19537200,386.22751422713617
19540800,499.42455179050125
19544400,610.1461311784076
19548000,710.8467597318115
19551600,794.6638560302845
19555200,855.8854234754391
19558800,890.3393134194368
19562400,895.677550200217
19566000,871.5363418030315
19569600,819.5608716849565
19573200,743.2931822410792
19576800,647.9307904684607
19580400,539.9724857728199
19584000,426.7754482094543
19587600,316.0538688215505
19591200,215.3532402683139
19594800,131.5361439697504
19598400,70.3145765245419
19602000,35.86068658055535
19605600,30.522449799786898
19609200,54.663658196983704
19612800,106.63912831501261
19616400,182.9068177589549
19620000,278.2692095315797
19623600,386.2275142272241
19627200,499.4245517905903
19630800,610.1461311783987
19634400,710.8467597317228
19638000,794.6638560302785
19641600,855.8854234754772
19645200,890.3393134194525
19648800,895.6775502002176
19652400,871.5363418030681
19656000,819.560871684962
19659600,743.293182241011
19663200,647.9307904683799
19666800,539.9724857728291
19670400,426.775448209562
19674000,316.05386882155926
19677600,215.35324026824054
19681200,131.53614396969277
19684800,70.31457652454594
19688400,35.860686580557
19692000,30.522449799786045
19695600,54.66365819694704
19699200,106.6391283150636
19702800,182.90681775894774
19706400,278.2692095315713
19710000,386.2275142272149
19713600,499.4245517904826
19717200,610.1461311784828
19720800,710.8467597317151
19724400,794.6638560302724
19728000,855.8854234754731
19731600,890.3393134194334
19735200,895.6775502002102
19738800,871.5363418030713
19742400,819.5608716849672
19746000,743.2931822410183
19749600,647.9307904684777
19753200,539.9724857727413
19756800,426.7754482095713
19760400,316.05386882156813
19764000,215.35324026824824
19767600,131.5361439696988
19771200,70.31457652450786
19774800,35.86068658057616
19778400,30.522449799785306
19782000,54.66365819694391
19785600,106.63912831505826
19789200,182.906817759016
19792800,278.2692095314735
19796400,386.2275142272057
19800000,499.4245517904733
19803600,610.146131178474
19807200,710.8467597317886
19810800,794.6638560302026
19814400,855.8854234754692
19818000,890.3393134194318
19821600,895.677550200211
19825200,871.5363418030411
19828800,819.5608716850289
19832400,743.2931822410253
19836000,647.9307904684862
19839600,539.9724857727504
19843200,426.77544820948225
19846800,316.053868821484
19850400,215.35324026825592
19854000,131.53614396976855
19857600,70.31457652451184
19861200,35.860686580560355
19864800,30.522449799792753
19868400,54.66365819694073
19872000,106.63912831499664
19875600,182.90681775900885
19879200,278.26920953155434
19882800,386.22751422729357
19886400,499.42455179046397
19890000,610.1461311783723
19893600,710.8467597317808
19897200,794.6638560302604
19900800,855.8854234755072
19904400,890.3393134194301
19908000,895.6775502002201
19911600,871.5363418030441
19915200,819.5608716849779
19918800,743.2931822409571
19922400,647.9307904684946
19926000,539.9724857727597
19929600,426.77544820949157
19933200,316.0538688215857
19936800,215.35324026818256
19940400,131.53614396977463
19944000,70.31457652451587
19947600,35.860686580562
19951200,30.522449799783715
19954800,54.66365819697103
19958400,106.6391283149913
19962000,182.90681775900174
19965600,278.2692095315458
19969200,386.22751422718727
19972800,499.424551790553
19976400,610.1461311783635
19980000,710.8467597317731
19983600,794.6638560302542
19987200,855.8854234754613
19990800,890.339313419446
19994400,895.6775502002208
19998000,871.5363418030473
20001600,819.5608716849833
20005200,743.2931822409641
20008800,647.9307904684138
20012400,539.972485772866
20016000,426.77544820950095
20019600,316.0538688215945
20023200,215.35324026819023
20026800,131.53614396971693
20030400,70.3145765245618
20034000,35.86068658056365
20037600,30.52244979978292
20041200,54.663658196967845
20044800,106.63912831504229
20048400,182.90681775891915
20052000,278.2692095315374
20055600,386.22751422717806
20059200,499.42455179054366
20062800,610.1461311784476
20066400,710.8467597316844
20070000,794.6638560302482
20073600,855.8854234754572
20077200,890.3393134194444
20080800,895.6775502002133
20084400,871.5363418030171
20088000,819.5608716849886
20091600,743.2931822410468
20095200,647.9307904684222
20098800,539.9724857727781
20102400,426.7754482094119
20106000,316.05386882160326
20109600,215.35324026827897
20113200,131.536143969723
20116800,70.31457652452377
20120400,35.86068658054779
20124000,30.52244979978218
20127600,54.66365819693124
20131200,106.63912831503688
20134800,182.90681775898742
20138400,278.26920953161823
20142000,386.22751422716885
20145600,499.42455179043594
20149200,610.1461311784387
20152800,710.8467597317577
20156400,794.6638560303059
20160000,855.8854234754533
20163600,890.3393134194426
20167200,895.6775502002141
20170800,871.5363418030537
20174400,819.5608716849376
20178000,743.293182241054
20181600,647.9307904684307
20185200,539.9724857727872
20188800,426.7754482095196
20192400,316.05386882151925
20196000,215.35324026828667
20199600,131.53614396972904
20203200,70.31457652452781
20206800,35.86068658056695
20210400,30.522449799789626
20214000,54.663658196928054
20217600,106.63912831503154
20221200,182.90681775898025
20224800,278.26920953152046
20228400,386.22751422725673
20232000,499.4245517904266
20235600,610.14613117843
20239200,710.8467597317501
20242800,794.6638560302998
20246400,855.8854234754913
20250000,890.3393134194234
20253600,895.6775502002149
20257200,871.5363418030568
20260800,819.560871684943
20264400,743.2931822409856
20268000,647.9307904685285
20271600,539.9724857727965
20275200,426.7754482095289
20278800,316.05386882152806
20282400,215.3532402682133
20286000,131.5361439697988
20289600,70.31457652453179
20293200,35.860686580568654
20296800,30.52244979978883
20300400,54.66365819695835
20304000,106.63912831496992
20307600,182.9068177589731
20311200,278.26920953151193
20314800,386.2275142272475
20318400,499.42455179051564
20322000,610.146131178514
20325600,710.8467597317424
20329200,794.6638560302301
20332800,855.8854234754873
20336400,890.3393134194393
20340000,895.6775502002074
20343600,871.5363418030599
20347200,819.5608716850047
20350800,743.2931822409928
20354400,647.9307904684476
20358000,539.9724857727085
20361600,426.77544820953824
20365200,316.05386882162975
20368800,215.353240268221
20372400,131.53614396974115
20376000,70.3145765244937
20379600,35.860686580570245
20383200,30.522449799779793
20386800,54.66365819695517
20390400,106.63912831502091
20394000,182.90681775904136
20397600,278.2692095315035
20401200,386.2275142272383
20404800,499.4245517905063
20408400,610.1461311784124
20412000,710.8467597318157
20415600,794.663856030224
20419200,855.8854234754833
20422800,890.3393134194378
20426400,895.6775502002165
20430000,871.5363418030297
20433600,819.5608716850099
20437200,743.293182241
20440800,647.9307904684562
20444400,539.9724857728149
20448000,426.7754482094492
20451600,316.0538688216385
20455200,215.3532402682287
20458800,131.53614396974717
20462400,70.31457652449774
20466000,35.86068658055444
20469600,30.522449799778997
20473200,54.663658196951985
20476800,106.63912831501557
20480400,182.9068177590342
20484000,278.26920953158435
20487600,386.22751422713196
20491200,499.424551790497
20494800,610.1461311784035
20498400,710.8467597318081
20502000,794.6638560302817
20505600,855.8854234754374
20509200,890.339313419436
20512800,895.6775502002172
20516400,871.5363418030329
20520000,819.560871684959
20523600,743.2931822410826
20527200,647.9307904684646
20530800,539.9724857728241
20534400,426.77544820945855
20538000,316.0538688215545
20541600,215.35324026815528
20545200,131.5361439697532
20548800,70.31457652454372
20552400,35.86068658055609
20556000,30.5224497997865
20559600,54.663658196982226
20563200,106.63912831501023
20566800,182.90681775895166
20570400,278.2692095315759
20574000,386.2275142272199
20577600,499.424551790586
20581200,610.1461311783947
20584800,710.8467597317193
20588400,794.6638560302756
20592000,855.8854234754754
20595600,890.3393134194519
20599200,895.6775502002181
20602800,871.5363418030695
20606400,819.5608716849644
20610000,743.2931822410143
20613600,647.9307904683837
20617200,539.9724857728334
20620800,426.77544820946787
20624400,316.05386882156324
20628000,215.35324026824406
20631600,131.53614396969556
20635200,70.3145765245477
20638800,35.8606865805578
20642400,30.522449799785704
20646000,54.66365819694562
20649600,106.63912831506121
20653200,182.9068177589445
20656800,278.2692095315674
20660400,386.2275142272107
20664000,499.42455179047835
20667600,610.1461311784788
20671200,710.8467597317117
20674800,794.6638560302697
20678400,855.8854234754713
20682000,890.3393134194328
20685600,895.6775502002106
20689200,871.5363418030727
20692800,819.5608716849697
20696400,743.2931822410214
20700000,647.9307904683922
20703600,539.9724857727454
20707200,426.77544820957553
20710800,316.0538688215721
20714400,215.35324026825174
20718000,131.53614396970158
20721600,70.31457652450968
20725200,35.860686580576896
20728800,30.522449799784965
20732400,54.66365819694249
20736000,106.63912831505587
20739600,182.90681775901277
20743200,278.26920953146964
20746800,386.2275142272015
20750400,499.424551790469
20754000,610.14613117847
20757600,710.846759731785
20761200,794.6638560301999
20764800,855.8854234754674
20768400,890.339313419431
20772000,895.6775502002114
20775600,871.5363418030424
20779200,819.5608716849188
20782800,743.2931822410285
20786400,647.93079046849
20790000,539.9724857727546
20793600,426.7754482094865
20797200,316.053868821488
20800800,215.35324026825938
20804400,131.53614396977133
20808000,70.31457652451365
20811600,35.86068658056104
20815200,30.522449799792412
20818800,54.66365819693931
20822400,106.63912831499414
20826000,182.9068177590056
20829600,278.2692095315505
20833200,386.2275142272894
20836800,499.4245517904597
20840400,610.1461311783683
20844000,710.8467597317773
20847600,794.6638560302575
20851200,855.8854234755054
20854800,890.3393134194293
20858400,895.6775502002122
20862000,871.5363418030456
20865600,819.5608716849804
20869200,743.2931822409603
20872800,647.9307904684985
20876400,539.9724857727638
20880000,426.77544820949583
20883600,316.0538688215897
20887200,215.35324026818603
20890800,131.53614396977736
20894400,70.31457652451763
20898000,35.86068658056274
20901600,30.522449799783374
20905200,54.66365819696955
20908800,106.63912831498885
20912400,182.90681775899844
20916000,278.269209531542
20919600,386.22751422718306
20923200,499.4245517905487
20926800,610.1461311783595
20930400,710.8467597317697
20934000,794.6638560302515
20937600,855.8854234755014
20941200,890.3393134194453
20944800,895.6775502002212
20948400,871.5363418030488
20952000,819.5608716849856
20955600,743.2931822409676
20959200,647.9307904684176
20962800,539.9724857728702
20966400,426.77544820950516
20970000,316.0538688215985
20973600,215.35324026819376
20977200,131.53614396971966
20980800,70.31457652456368
20984400,35.86068658056439
20988000,30.522449799782578
20991600,54.66365819696637
20995200,106.63912831503984
20998800,182.9068177589159
21002400,278.26920953153353
21006000,386.22751422717386
21009600,499.4245517905394
21013200,610.1461311784435
21016800,710.846759731843
21020400,794.6638560302455
21024000,855.8854234754554
21027600,890.3393134194436
21031200,895.6775502002138
21034800,871.5363418030186
21038400,819.5608716849911
21042000,743.29318224105
21045600,647.930790468426
21049200,539.9724857727822
21052800,426.77544820941614
21056400,316.0538688216073
21060000,215.35324026828246
21063600,131.53614396972574
21067200,70.31457652452565
21070800,35.86068658054859
21074400,30.52244979978184
21078000,54.66365819692976
21081600,106.6391283150345
21085200,182.90681775898418
21088800,278.26920953161437
21092400,386.22751422716465
21096000,499.4245517905301
21099600,610.1461311784348
21103200,710.8467597317542
21106800,794.6638560303031
21110400,855.8854234754515
21114000,890.3393134194419
21117600,895.6775502002145
21121200,871.5363418030552
21124800,819.56087168494
21128400,743.2931822410571
21132000,647.9307904684346
21135600,539.9724857727914
21139200,426.7754482095238
21142800,316.0538688215232
21146400,215.35324026829014
21150000,131.53614396973177
21153600,70.31457652452957
21157200,35.86068658056769
21160800,30.522449799789285
21164400,54.66365819692663
21168000,106.63912831502915
21171600,182.906817758977
21175200,278.2692095316059
21178800,386.2275142272525
21182400,499.42455179042236
21186000,610.146131178426
21189600,710.8467597317466
21193200,794.6638560302971
21196800,855.8854234754895
21200400,890.3393134194228
21204000,895.6775502002154
21207600,871.5363418030583
21211200,819.5608716849454
21214800,743.2931822409889
21218400,647.9307904685323
21222000,539.9724857728006
21225600,426.7754482095331
21229200,316.05386882153203
21232800,215.35324026821678
21236400,131.53614396980151
21240000,70.3145765245336
21243600,35.860686580569336
21247200,30.52244979978849
21250800,54.663658196956874
21254400,106.63912831508014
21258000,182.90681775896985
21261600,278.2692095315081
21265200,386.2275142272433
21268800,499.42455179051143
21272400,610.14613117851
21276000,710.8467597317389
21279600,794.6638560302274
21283200,855.8854234754855
21286800,890.3393134194387
21290400,895.6775502002079
21294000,871.5363418030615
21297600,819.5608716850071
21301200,743.2931822409961
21304800,647.9307904684515
21308400,539.9724857727127
21312000,426.77544820954245
21315600,316.0538688216337
21319200,215.35324026822448
21322800,131.53614396974388
21326400,70.31457652449558
21330000,35.86068658057104
21333600,30.522449799787694
21337200,54.66365819695369
21340800,106.63912831501847
21344400,182.90681775903812
21348000,278.26920953149965
21351600,386.2275142272341
21355200,499.4245517905021
21358800,610.1461311784083
21362400,710.8467597318123
21366000,794.6638560302213
21369600,855.8854234754815
21373200,890.3393134194368
21376800,895.6775502002168
21380400,871.5363418030312
21384000,819.5608716850124
21387600,743.2931822410033
21391200,647.9307904684599
21394800,539.972485772819
21398400,426.77544820945343
21402000,316.05386882164254
21405600,215.35324026823216
21409200,131.5361439697499
21412800,70.3145765244995
21416400,35.86068658055524
21420000,30.522449799778656
21423600,54.663658196950564
21427200,106.63912831501312
21430800,182.90681775903096
21434400,278.2692095315805
21438000,386.2275142271278
21441600,499.4245517904928
21445200,610.1461311783995
21448800,710.8467597318046
21452400,794.663856030279
21456000,855.8854234754355
21459600,890.3393134194353
21463200,895.6775502002176
21466800,871.5363418030344
21470400,819.5608716849615
21474000,743.2931822410858
21477600,647.9307904684684
21481200,539.9724857728283
21484800,426.77544820946275
21488400,316.05386882155847
21492000,215.3532402681588
21495600,131.53614396975593
21499200,70.31457652454554
21502800,35.86068658055689
21506400,30.52244979978616
21510000,54.663658196980805
21513600,106.63912831500778
21517200,182.90681775894842
21520800,278.269209531572
21524400,386.2275142272157
21528000,499.4245517905818
21531600,610.1461311783908
21535200,710.8467597317158
21538800,794.6638560302729
21542400,855.8854234754735
21546000,890.3393134194511
21549600,895.6775502002184
21553200,871.536341803071
21556800,819.5608716849667
21560400,743.2931822410176
21564000,647.9307904683876
21567600,539.9724857728376
21571200,426.7754482094721
21574800,316.0538688215673
21578400,215.35324026824753
21582000,131.5361439696983
21585600,70.31457652454952
21589200,35.860686580558536
21592800,30.522449799785363
21596400,54.6636581969442
21600000,106.63912831505877
21603600,182.90681775894126
21607200,278.26920953156355
21610800,386.2275142272065
21614400,499.4245517904741
21618000,610.1461311784748
21621600,710.8467597317081
21625200,794.663856030267
21628800,855.8854234754696
21632400,890.339313419432
21636000,895.6775502002109
21639600,871.5363418030742
21643200,819.5608716849721
21646800,743.2931822410246
21650400,647.930790468396
21654000,539.9724857727496
21657600,426.7754482095798
21661200,316.0538688215761
21664800,215.3532402682552
21668400,131.5361439697043
21672000,70.3145765245115
21675600,35.860686580577635
21679200,30.522449799784567
21682800,54.66365819694107
21686400,106.63912831505343
21690000,182.90681775900953
21693600,278.2692095314658
21697200,386.2275142271973
21700800,499.42455179046476
21704400,610.146131178466
21708000,710.8467597317815
21711600,794.6638560301972
21715200,855.8854234754656
21718800,890.3393134194303
21722400,895.6775502002117
21726000,871.5363418030438
21729600,819.560871684921
21733200,743.2931822410319
21736800,647.9307904684938
21740400,539.9724857727588
21744000,426.7754482094907
21747600,316.053868821492
21751200,215.3532402682629
21754800,131.53614396977406
21758400,70.31457652451547
21762000,35.86068658056183
21765600,30.52244979979207
21769200,54.66365819693789
21772800,106.63912831499175
21776400,182.90681775900237
21780000,278.2692095315466
21783600,386.2275142272852
21787200,499.42455179045544
21790800,610.1461311783643
21794400,710.8467597317738
21798000,794.6638560302548
21801600,855.8854234755036
21805200,890.3393134194287
21808800,895.6775502002125
21812400,871.536341803047
21816000,819.5608716849828
21819600,743.2931822409636
21823200,647.9307904685023
21826800,539.972485772768
21830400,426.77544820950004
21834000,316.0538688215937
21837600,215.35324026818955
21841200,131.53614396978014
21844800,70.31457652451945
21848400,35.86068658056348
21852000,30.522449799783033
21855600,54.66365819696813
21859200,106.63912831498641
21862800,182.9068177589952
21866400,278.2692095315382
21870000,386.22751422717886
21873600,499.4245517905445
21877200,610.1461311783555
21880800,710.8467597317662
21884400,794.6638560302488
21888000,855.8854234754997
21891600,890.3393134194445
21895200,895.6775502002215
21898800,871.5363418030502
21902400,819.5608716849881
21906000,743.2931822409707
21909600,647.9307904684215
21913200,539.9724857728744
21916800,426.7754482095094
21920400,316.05386882160246
21924000,215.35324026819723
21927600,131.53614396972245
21931200,70.3145765245655
21934800,35.860686580565186
21938400,30.522449799782237
21942000,54.663658196964946
21945600,106.6391283150374
21949200,182.90681775891267
21952800,278.26920953152967
21956400,386.22751422716965
21960000,499.42455179053513
21963600,610.1461311784395
21967200,710.8467597318395
21970800,794.6638560302426
21974400,855.8854234754535
21978000,890.3393134194428
21981600,895.6775502002141
21985200,871.5363418030199
21988800,819.5608716849936
21992400,743.2931822410533
21996000,647.9307904684299
21999600,539.9724857727864
22003200,426.77544820942035
22006800,316.05386882161133
22010400,215.35324026828593
22014000,131.53614396972853
22017600,70.31457652452741
22021200,35.86068658054933
22024800,30.52244979978144
22028400,54.663658196928395
22032000,106.63912831503205
22035600,182.90681775898088
22039200,278.2692095316105
22042800,386.22751422716044
22046400,499.4245517905258
22050000,610.1461311784308
22053600,710.8467597317508
22057200,794.6638560303004
22060800,855.8854234754497
22064400,890.3393134194412
22068000,895.6775502002149
22071600,871.5363418030565
22075200,819.5608716849425
22078800,743.2931822410603
22082400,647.9307904684384
22086000,539.9724857727956
22089600,426.77544820952807
22093200,316.05386882152726
22096800,215.35324026829366
22100400,131.53614396973455
22104000,70.31457652453139
22107600,35.86068658056848
22111200,30.522449799788944
22114800,54.66365819692521
22118400,106.63912831502671
22122000,182.90681775897377
22125600,278.26920953160203
22129200,386.2275142272484
22132800,499.42455179041815
22136400,610.1461311784219
22140000,710.8467597317431
22143600,794.6638560302943
22147200,855.8854234754876
22150800,890.3393134194221
22154400,895.6775502002156
22158000,871.5363418030597
22161600,819.5608716849479
22165200,743.2931822409921
22168800,647.9307904685362
22172400,539.9724857728048
22176000,426.7754482095374
22179600,316.05386882153607
22183200,215.3532402682203
22186800,131.53614396980424
22190400,70.31457652453543
22194000,35.86068658057013
22197600,30.52244979978815
22201200,54.66365819695545
22204800,106.6391283150777
22208400,182.9068177589666
22212000,278.2692095315043
22215600,386.22751422723917
22219200,499.42455179050717
22222800,610.146131178506
22226400,710.8467597317353
22230000,794.6638560302247
22233600,855.8854234754837
22237200,890.3393134194378
22240800,895.6775502002081
22244400,871.5363418030629
22248000,819.5608716850095
22251600,743.2931822409994
22255200,647.9307904684554
22258800,539.9724857727169
22262400,426.7754482095467
22266000,316.0538688216377
22269600,215.35324026822798
22273200,131.5361439697466
22276800,70.31457652449734
22280400,35.86068658057178
22284000,30.522449799787353
22287600,54.66365819695227
22291200,106.63912831501602
22294800,182.90681775903482
22298400,278.2692095314958
22302000,386.22751422722996
22305600,499.42455179049784
22309200,610.1461311784044
22312800,710.8467597318088
22316400,794.6638560302185
22320000,855.8854234754797
22323600,890.3393134194362
22327200,895.6775502002172
22330800,871.5363418030327
22334400,819.5608716850148
22338000,743.2931822410064
22341600,647.9307904684638
22345200,539.9724857727261
22348800,426.7754482094577
22352400,316.0538688216465
22356000,215.35324026823568
22359600,131.53614396975263
22363200,70.31457652450132
22366800,35.86068658055598
22370400,30.522449799778315
22374000,54.663658196949086
22377600,106.63912831501068
22381200,182.90681775902772
22384800,278.2692095315766
22388400,386.2275142271236
22392000,499.4245517904885
22395600,610.1461311783955
22399200,710.8467597318011
22402800,794.6638560302763
22406400,855.8854234754338
22410000,890.3393134194346
22413600,895.677550200218
22417200,871.5363418030358
22420800,819.5608716849638
22424400,743.2931822409382
22428000,647.9307904684723
22431600,539.9724857728324
22435200,426.775448209467
22438800,316.05386882156245
22442400,215.35324026816227
22446000,131.53614396975865
22449600,70.31457652454736
22453200,35.860686580557626
22456800,30.522449799785818
22460400,54.663658196979384
22464000,106.63912831500534
22467600,182.90681775894518
22471200,278.2692095315682
22474800,386.22751422721154
22478400,499.42455179057754
22482000,610.1461311783867
22485600,710.8467597317124
22489200,794.6638560302702
22492800,855.8854234754717
22496400,890.3393134194504
22500000,895.6775502002188
22503600,871.536341803039
22507200,819.5608716849692
22510800,743.2931822410208
22514400,647.9307904683915
22518000,539.9724857728417
22521600,426.77544820947634
22525200,316.0538688215713
22528800,215.35324026825106
22532400,131.53614396970102
22536000,70.31457652455134
22539600,35.860686580559275
22543200,30.522449799785022
22546800,54.66365819694278
22550400,106.63912831505633
22554000,182.90681775893802
22557600,278.2692095315597
22561200,386.22751422720233
22564800,499.4245517904699
22568400,610.1461311784708
22572000,710.8467597317047
22575600,794.6638560302642
22579200,855.8854234754677
22582800,890.3393134194487
22586400,895.6775502002113
22590000,871.5363418030756
22593600,819.5608716849745
22597200,743.2931822410279
22600800,647.9307904683999
22604400,539.9724857727538
22608000,426.775448209584
22611600,316.05386882158007
22615200,215.3532402682587
22618800,131.53614396970704
22622400,70.31457652451331
22626000,35.86068658057843
22629600,30.522449799784226
22633200,54.66365819693959
22636800,106.63912831505098
22640400,182.90681775900623
22644000,278.2692095314619
22647600,386.22751422719307
22651200,499.42455179046055
22654800,610.1461311784619
22658400,710.846759731778
22662000,794.6638560303218
22665600,855.8854234754638
22669200,890.3393134194296
22672800,895.6775502002121
22676400,871.5363418030454
22680000,819.5608716849235
22683600,743.2931822410351
22687200,647.9307904684977
22690800,539.972485772763
22694400,426.775448209495
22698000,316.05386882149605
22701600,215.35324026826638
22705200,131.5361439697768
22708800,70.31457652451729
22712400,35.86068658056263
22716000,30.522449799791673
22719600,54.66365819693641
22723200,106.63912831498936
22726800,182.90681775899913
22730400,278.26920953154274
22734000,386.22751422728106
22737600,499.42455179045123
22741200,610.1461311784532
22744800,710.8467597317704
22748400,794.6638560302521
22752000,855.8854234755017
22755600,890.339313419428
22759200,895.6775502002129
22762800,871.5363418030486
22766400,819.5608716849852
22770000,743.2931822409669
22773600,647.9307904685062
22777200,539.9724857727722
22780800,426.7754482095043
22784400,316.0538688215977
22788000,215.35324026819302
22791600,131.53614396978287
22795200,70.31457652452127
22798800,35.86068658056422
22802400,30.52244979978269
22806000,54.66365819696671
22809600,106.63912831498402
22813200,182.9068177589919
22816800,278.26920953153433
22820400,386.22751422727185
22824000,499.42455179054025
22827600,610.1461311783515
22831200,710.8467597317626
22834800,794.663856030246
22838400,855.8854234754979
22842000,890.3393134194437
22845600,895.677550200222
22849200,871.5363418030518
22852800,819.5608716849906
22856400,743.2931822409739
22860000,647.9307904684254
22863600,539.9724857728786
22867200,426.7754482095136
22870800,316.0538688216065
22874400,215.35324026820072
22878000,131.53614396972517
22881600,70.31457652456726
22885200,35.86068658056587
22888800,30.52244979978184
22892400,54.663658196963524
22896000,106.63912831503501
22899600,182.90681775906017
22903200,278.2692095315258
22906800,386.22751422716544
22910400,499.4245517905309
22914000,610.1461311784356
22917600,710.846759731836
22921200,794.6638560302399
22924800,855.8854234754517
22928400,890.3393134194421
22932000,895.6775502002145
22935600,871.5363418030214
22939200,819.5608716849958
22942800,743.2931822410565
22946400,647.9307904684338
22950000,539.9724857727906
22953600,426.7754482094246
22957200,316.0538688216153
22960800,215.35324026828945
22964400,131.53614396973126
22968000,70.31457652452923
22971600,35.860686580550066
22975200,30.5224497997811
22978800,54.66365819696034
22982400,106.63912831502961
22986000,182.90681775897764
22989600,278.26920953160663
22993200,386.22751422715623
22996800,499.4245517905216
23000400,610.1461311784268
23004000,710.8467597317473
23007600,794.6638560302977
23011200,855.8854234754479
23014800,890.3393134194404
23018400,895.6775502002151
23022000,871.536341803058
23025600,819.5608716849449
23029200,743.2931822410637
23032800,647.9307904684423
23036400,539.9724857727998
23040000,426.77544820953227
23043600,316.05386882153124
23047200,215.35324026829713
23050800,131.53614396973728
23054400,70.31457652453327
23058000,35.86068658055177
23061600,30.522449799788546
23065200,54.663658196923734
23068800,106.63912831502427
23072400,182.90681775897048
23076000,278.2692095315982
23079600,386.22751422724417
23083200,499.4245517904139
23086800,610.1461311784179
23090400,710.8467597317397
23094000,794.6638560302915
23097600,855.8854234754858
23101200,890.3393134194213
23104800,895.677550200216
23108400,871.5363418030612
23112000,819.5608716849503
23115600,743.2931822409955
23119200,647.9307904685401
23122800,539.972485772809
23126400,426.77544820954165
23130000,316.05386882154005
23133600,215.35324026822377
23137200,131.53614396967959
23140800,70.31457652453719
23144400,35.86068658057087
23148000,30.522449799787807
23151600,54.66365819695403
23155200,106.63912831507525
23158800,182.90681775896337
23162400,278.26920953150045
23166000,386.22751422723496
23169600,499.42455179050296
23173200,610.1461311785021
23176800,710.8467597317319
23180400,794.6638560302218
23184000,855.8854234754818
23187600,890.3393134194371
23191200,895.6775502002085
23194800,871.5363418030644
23198400,819.560871685012
23202000,743.2931822410026
23205600,647.9307904684592
23209200,539.9724857727211
23212800,426.775448209551
23216400,316.05386882154886
23220000,215.35324026823147
23223600,131.5361439697494
23227200,70.31457652449916
23230800,35.86068658057252
23234400,30.52244979978701
23238000,54.66365819695085
23241600,106.63912831501358
23245200,182.90681775903158
23248800,278.269209531492
23252400,386.22751422722575
23256000,499.42455179049364
23259600,610.1461311784003
23263200,710.8467597318053
23266800,794.6638560302158
23270400,855.8854234754779
23274000,890.3393134194355
23277600,895.6775502002176
23281200,871.536341803034
23284800,819.5608716850172
23288400,743.2931822410097
23292000,647.9307904684676
23295600,539.9724857727304
23299200,426.7754482094619
23302800,316.05386882165055
23306400,215.35324026823915
23310000,131.53614396975541
23313600,70.3145765245032
23317200,35.86068658055672
23320800,30.522449799777974
23324400,54.663658196947665
23328000,106.63912831500829
23331600,182.90681775902448
23335200,278.26920953157276
23338800,386.2275142271194
23342400,499.4245517904843
23346000,610.1461311783916
23349600,710.8467597317975
23353200,794.6638560302735
23356800,855.8854234754319
23360400,890.3393134194338
23364000,895.6775502002183
23367600,871.5363418030372
23371200,819.5608716849663
23374800,743.2931822409414
23378400,647.9307904684761
23382000,539.9724857728366
23385600,426.7754482094712
23389200,316.0538688215665
23392800,215.3532402681658
23396400,131.53614396976144
23400000,70.31457652454912
23403600,35.860686580558365
23407200,30.52244979978542
23410800,54.663658196977906
23414400,106.63912831500295
23418000,182.90681775894188
23421600,278.26920953156434
23425200,386.22751422720734
23428800,499.42455179057333
23432400,610.1461311783827
23436000,710.8467597317089
23439600,794.6638560302674
23443200,855.8854234754699
23446800,890.3393134194496
23450400,895.6775502002192
23454000,871.5363418030404
23457600,819.5608716849716
23461200,743.2931822410239
23464800,647.9307904683953
23468400,539.9724857728459
23472000,426.7754482094806
23475600,316.0538688215753
23479200,215.35324026825452
23482800,131.5361439697038
23486400,70.31457652455316
23490000,35.86068658056007
23493600,30.52244979978468
23497200,54.663658196941356
23500800,106.63912831505394
23504400,182.90681775893478
23508000,278.2692095315558
23511600,386.2275142271981
23515200,499.4245517904656
23518800,610.1461311784668
23522400,710.8467597317011
23526000,794.6638560302614
23529600,855.8854234754659
23533200,890.339313419448
23536800,895.6775502002116
23540400,871.536341803077
23544000,819.560871684977
23547600,743.2931822410312
23551200,647.9307904684038
23554800,539.972485772758
23558400,426.77544820958826
23562000,316.0538688215841
23565600,215.35324026826217
23569200,131.53614396970983
23572800,70.31457652451513
23576400,35.86068658057917
23580000,30.522449799783885
23583600,54.66365819693817
23587200,106.6391283150486
23590800,182.906817759003
23594400,278.26920953145805
23598000,386.2275142271889
23601600,499.4245517904563
23605200,610.146131178458
23608800,710.8467597317746
23612400,794.663856030319
23616000,855.885423475462
23619600,890.3393134194289
23623200,895.6775502002124
23626800,871.5363418030468
23630400,819.560871684926
23634000,743.2931822410383
23637600,647.9307904685015
23641200,539.9724857727672
23644800,426.77544820949925
23648400,316.05386882150003
23652000,215.3532402682699
23655600,131.53614396977957
23659200,70.31457652451905
23662800,35.86068658056331
23666400,30.52244979979133
23670000,54.66365819693499
23673600,106.63912831498686
23677200,182.90681775899583
23680800,278.26920953153893
23684400,386.22751422727686
23688000,499.42455179044697
23691600,610.1461311784492
23695200,710.8467597317668
23698800,794.6638560302492
23702400,855.8854234754999
23706000,890.3393134194271
23709600,895.6775502002132
23713200,871.5363418030499
23716800,819.5608716849877
23720400,743.29318224097
23724000,647.9307904685099
23727600,539.9724857727764
23731200,426.77544820950857
23734800,316.05386882160167
23738400,215.35324026819654
23742000,131.5361439697856
23745600,70.31457652452309
23749200,35.860686580565016
23752800,30.522449799782294
23756400,54.66365819696523
23760000,106.63912831498152
23763600,182.90681775898872
23767200,278.26920953153046
23770800,386.22751422726765
23774400,499.424551790536
23778000,610.1461311783476
23781600,710.8467597317592
23785200,794.6638560302433
23788800,855.885423475496
23792400,890.339313419443
23796000,895.6775502002223
23799600,871.5363418030531
23803200,819.560871684993
23806800,743.2931822409772
23810400,647.9307904684292
23814000,539.9724857728827
23817600,426.7754482095179
23821200,316.05386882161054
23824800,215.35324026820422
23828400,131.5361439697279
23832000,70.31457652456908
23835600,35.860686580566664
23839200,30.522449799781498
23842800,54.66365819696205
23846400,106.63912831503251
23850000,182.90681775905693
23853600,278.269209531522
23857200,386.2275142271613
23860800,499.42455179052666
23864400,610.1461311784316
23868000,710.8467597318325
23871600,794.6638560302372
23875200,855.88542347545
23878800,890.3393134194413
23882400,895.6775502002147
23886000,871.5363418030229
23889600,819.5608716849983
23893200,743.2931822410598
23896800,647.9307904684376
23900400,539.9724857727948
23904000,426.7754482094289
23907600,316.0538688216193
23911200,215.35324026829292
23914800,131.53614396973393
23918400,70.31457652453105
23922000,35.86068658055086
23925600,30.52244979978076
23929200,54.66365819695892
23932800,106.63912831502722
23936400,182.9068177589744
23940000,278.2692095316028
23943600,386.2275142271521
23947200,499.42455179051734
23950800,610.1461311784228
23954400,710.8467597317438
23958000,794.6638560302949
23961600,855.885423475446
23965200,890.3393134194396
23968800,895.6775502002156
23972400,871.5363418030595
23976000,819.5608716849473
23979600,743.2931822410669
23983200,647.930790468446
23986800,539.972485772804
23990400,426.77544820953653
23994000,316.0538688215353
23997600,215.35324026830065
24001200,131.53614396974
24004800,70.31457652453503
24008400,35.86068658055251
24012000,30.522449799788205
24015600,54.66365819692231
24019200,106.63912831502188
24022800,182.90681775896724
24026400,278.26920953159436
24030000,386.22751422724
24033600,499.4245517904097
24037200,610.146131178414
24040800,710.846759731736
24044400,794.6638560302888
24048000,855.885423475484
24051600,890.3393134194205
24055200,895.6775502002163
24058800,871.5363418030627
24062400,819.5608716849526
24066000,743.2931822409987
24069600,647.9307904685438
24073200,539.9724857728132
24076800,426.77544820954586
24080400,316.05386882154403
24084000,215.3532402682273
24087600,131.5361439696823
24091200,70.314576524539
24094800,35.86068658057161
24098400,30.522449799787466
24102000,54.663658196952554
24105600,106.63912831507287
24109200,182.90681775896013
24112800,278.2692095314966
24116400,386.2275142272308
24120000,499.4245517904987
24123600,610.146131178498
24127200,710.8467597317284
24130800,794.6638560302191
24134400,855.8854234754801
24138000,890.3393134194364
24141600,895.6775502002089
24145200,871.5363418030659
24148800,819.5608716849581
24152400,743.2931822410058
24156000,647.9307904684631
24159600,539.9724857727253
24163200,426.7754482095552
24166800,316.0538688215529
24170400,215.35324026823494
24174000,131.53614396975212
24177600,70.31457652450098
24181200,35.860686580573315
24184800,30.522449799786614
24188400,54.66365819694937
24192000,106.63912831501119
24195600,182.90681775902834
24199200,278.2692095314881
24202800,386.2275142272216
24206400,499.4245517904894
24210000,610.1461311783963
24213600,710.8467597318017
24217200,794.6638560302131
24220800,855.885423475476
24224400,890.3393134194346
24228000,895.6775502002097
24231600,871.5363418030356
24235200,819.5608716850197
24238800,743.293182241013
24242400,647.9307904684715
24246000,539.9724857727346
24249600,426.77544820946616
24253200,316.05386882165453
24256800,215.35324026824267
24260400,131.53614396975814
24264000,70.31457652450496
24267600,35.860686580557456
24271200,30.522449799777633
24274800,54.66365819694619
24278400,106.63912831500585
24282000,182.90681775902118
24285600,278.26920953156895
24289200,386.2275142271152
24292800,499.42455179048005
24296400,610.1461311783876
24300000,710.8467597317941
24303600,794.6638560302707
24307200,855.885423475514
24310800,890.339313419433
24314400,895.6775502002188
24318000,871.5363418030388
24321600,819.5608716849688
24325200,743.2931822409448
24328800,647.9307904684799
24332400,539.9724857728409
24336000,426.7754482094755
24339600,316.0538688215705
24343200,215.35324026816926
24346800,131.53614396976417
24350400,70.314576524551
24354000,35.86068658055916
24357600,30.52244979978508
24361200,54.663658196976485
24364800,106.63912831500045
24368400,182.9068177589387
24372000,278.2692095315605
24375600,386.22751422720313
24379200,499.42455179056907
24382800,610.1461311783787
24386400,710.8467597317864
24390000,794.6638560302647
24393600,855.8854234754681
24397200,890.3393134194488
24400800,895.6775502002195
24404400,871.5363418030419
24408000,819.560871684974
24411600,743.2931822410272
24415200,647.9307904683991
24418800,539.9724857728501
24422400,426.7754482094848
24426000,316.0538688215793
24429600,215.353240268258
24433200,131.53614396970653
24436800,70.31457652455498
24440400,35.86068658056075
24444000,30.52244979978434
24447600,54.66365819693988
24451200,106.6391283150515
24454800,182.90681775893148
24458400,278.269209531552
24462000,386.227514227194
24465600,499.42455179055975
24469200,610.1461311784628
24472800,710.8467597316976
24476400,794.6638560302587
24480000,855.8854234754641
24483600,890.3393134194472
24487200,895.677550200212
24490800,871.5363418030785
24494400,819.5608716849794
24498000,743.2931822410344
24501600,647.9307904684076
24505200,539.9724857727622
24508800,426.77544820959247
24512400,316.0538688215881
24516000,215.3532402682657
24519600,131.53614396971255
24523200,70.3145765245169
24526800,35.86068658057991
24530400,30.522449799783487
24534000,54.663658196936694
24537600,106.63912831504615
24541200,182.90681775899975
24544800,278.26920953163284
24548400,386.2275142271847
24552000,499.4245517904521
24555600,610.146131178454
24559200,710.846759731771
24562800,794.6638560303163
24566400,855.8854234754601
24570000,890.339313419428
24573600,895.6775502002129
24577200,871.5363418030482
24580800,819.5608716849283
24584400,743.2931822410416
24588000,647.9307904685054
24591600,539.9724857727714
24595200,426.77544820950345
24598800,316.053868821504
24602400,215.35324026827337
24606000,131.5361439697823
24609600,70.31457652452093
24613200,35.860686580564106
24616800,30.52244979979099
24620400,54.66365819693351
24624000,106.63912831504081
24627600,182.9068177589926
24631200,278.26920953153507
24634800,386.22751422727265
24638400,499.4245517904427
24642000,610.1461311784452
24645600,710.8467597317633
24649200,794.6638560302465
24652800,855.8854234754981
24656400,890.3393134194264
24660000,895.6775502002135
24663600,871.5363418030514
24667200,819.56087168499
24670800,743.2931822409732
24674400,647.9307904685138
24678000,539.9724857727806
24681600,426.7754482095128
24685200,316.0538688216057
24688800,215.3532402682
24692400,131.53614396978838
24696000,70.31457652452491
24699600,35.860686580565755
24703200,30.522449799790195
24706800,54.66365819696381
24710400,106.63912831497913
24714000,182.90681775898548
24717600,278.2692095315266
24721200,386.22751422726344
24724800,499.4245517905318
24728400,610.1461311783435
24732000,710.8467597317556
24735600,794.6638560302406
24739200,855.8854234754942
24742800,890.3393134194422
24746400,895.6775502002226
24750000,871.5363418030545
24753600,819.5608716849954
24757200,743.2931822409805
24760800,647.930790468433
24764400,539.9724857728869
24768000,426.7754482095221
24771600,316.0538688216145
24775200,215.3532402682077
24778800,131.5361439697307
24782400,70.31457652448682
24786000,35.8606865805674
24789600,30.522449799781214
24793200,54.663658196960625
24796800,106.63912831503012
24800400,182.9068177590537
24804000,278.26920953151813
24807600,386.2275142271571
24811200,499.42455179052246
24814800,610.1461311784276
24818400,710.846759731829
24822000,794.6638560302345
24825600,855.8854234754481
24829200,890.3393134194405
24832800,895.6775502002151
24836400,871.5363418030242
24840000,819.5608716850008
24843600,743.293182241063
24847200,647.9307904684415
24850800,539.972485772799
24854400,426.7754482094331
24858000,316.0538688216233
24861600,215.3532402682154
24865200,131.5361439697367
24868800,70.31457652453287
24872400,35.860686580551544
24876000,30.52244979978036
24879600,54.6636581969575
24883200,106.63912831502478
24886800,182.90681775897116
24890400,278.269209531599
24894000,386.2275142271479
24897600,499.42455179051314
24901200,610.1461311784187
24904800,710.8467597317402
24908400,794.6638560302922
24912000,855.8854234754442
24915600,890.3393134194389
24919200,895.6775502002159
24922800,871.5363418030608
24926400,819.5608716849498
24930000,743.2931822410701
24933600,647.9307904684499
24937200,539.9724857728082
24940800,426.7754482094424
24944400,316.05386882153925
24948000,215.35324026830412
24951600,131.5361439697428
24955200,70.31457652453685
24958800,35.86068658055325
24962400,30.522449799787864
24966000,54.663658196920835
24969600,106.63912831501943
24973200,182.90681775896405
24976800,278.2692095315905
24980400,386.2275142272358
24984000,499.4245517904054
24987600,610.14613117841
24991200,710.8467597317326
24994800,794.6638560302861
24998400,855.8854234754822
25002000,890.3393134194198
25005600,895.6775502002167
25009200,871.536341803064
25012800,819.5608716849551
25016400,743.2931822410019
25020000,647.9307904683691
25023600,539.9724857728174
25027200,426.7754482095501
25030800,316.05386882154806
25034400,215.35324026823076
25038000,131.5361439696851
25041600,70.31457652454083
25045200,35.860686580572406
25048800,30.52244979978707
25052400,54.66365819695113
25056000,106.63912831507042
25059600,182.90681775895683
25063200,278.2692095314927
25066800,386.2275142272266
25070400,499.42455179049443
25074000,610.146131178494
25077600,710.8467597317249
25081200,794.6638560302164
25084800,855.8854234754782
25088400,890.3393134194355
25092000,895.6775502002092
25095600,871.5363418030672
25099200,819.5608716849605
25102800,743.293182241009
25106400,647.930790468467
25110000,539.9724857727294
25113600,426.77544820955944
25117200,316.0538688215569
25120800,215.35324026823847
25124400,131.53614396975485
25128000,70.3145765245028
25131600,35.860686580574054
25135200,30.522449799786273
25138800,54.66365819694795
25142400,106.63912831500875
25146000,182.9068177590251
25149600,278.26920953148425
25153200,386.2275142272174
25156800,499.4245517904851
25160400,610.1461311783924
25164000,710.8467597317983
25167600,794.6638560302104
25171200,855.8854234754742
25174800,890.3393134194339
25178400,895.67755020021
25182000,871.536341803037
25185600,819.5608716850221
25189200,743.2931822410162
25192800,647.9307904684754
25196400,539.9724857727387
25200000,426.77544820947037
25203600,316.05386882165857
25207200,215.35324026824614
25210800,131.53614396976087
25214400,70.31457652450678
25218000,35.860686580558195
25221600,30.522449799777235
25225200,54.663658196944766
25228800,106.6391283150034
25232400,182.90681775901794
25236000,278.26920953156514
25239600,386.22751422711104
25243200,499.4245517904758
25246800,610.1461311783835
25250400,710.8467597317906
25254000,794.663856030268
25257600,855.8854234755123
25261200,890.3393134194323
25264800,895.677550200219
25268400,871.5363418030402
25272000,819.5608716849711
25275600,743.293182240948
25279200,647.9307904684838
25282800,539.9724857728451
25286400,426.7754482094797
25290000,316.0538688215745
25293600,215.35324026817278
25297200,131.5361439697669
25300800,70.31457652455282
25304400,35.86068658055984
25308000,30.52244979978468
25311600,54.66365819697501
25315200,106.63912831499806
25318800,182.9068177589354
25322400,278.2692095315566
25326000,386.227514227199
25329600,499.42455179056486
25333200,610.1461311783747
25336800,710.8467597317829
25340400,794.663856030262
25344000,855.8854234754663
25347600,890.3393134194481
25351200,895.6775502002198
25354800,871.5363418030433
25358400,819.5608716849765
25362000,743.2931822410305
25365600,647.930790468403
25369200,539.9724857728543
25372800,426.77544820948907
25376400,316.0538688215833
25380000,215.35324026826152
25383600,131.53614396970926
25387200,70.31457652455674
25390800,35.86068658056155
25394400,30.522449799783942
25398000,54.66365819693846
25401600,106.63912831504905
25405200,182.90681775892824
25408800,278.2692095315482
25412400,386.2275142271898
25416000,499.4245517905555
25419600,610.1461311784587
25423200,710.8467597316942
25426800,794.6638560302559
25430400,855.8854234754623
25434000,890.3393134194464
25437600,895.6775502002124
25441200,871.53634180308
25444800,819.5608716849819
25448400,743.2931822410376
25452000,647.9307904684115
25455600,539.9724857727663
25459200,426.77544820959673
25462800,316.0538688215921
25466400,215.35324026826916
25470000,131.53614396971528
25473600,70.31457652451871
25477200,35.860686580580705
25480800,30.522449799783146
25484400,54.66365819693527
25488000,106.6391283150437
25491600,182.9068177589965
25495200,278.26920953162903
25498800,386.22751422718056
25502400,499.4245517904478
25506000,610.14613117845
25509600,710.8467597317675
25513200,794.6638560303136
25516800,855.8854234754583
25520400,890.3393134194273
25524000,895.6775502002131
25527600,871.5363418030497
25531200,819.5608716849308
25534800,743.2931822410449
25538400,647.9307904685093
25542000,539.9724857727755
25545600,426.7754482095077
25549200,316.05386882150805
25552800,215.3532402682769
25556400,131.53614396978503
25560000,70.31457652452275
25563600,35.860686580564845
25567200,30.52244979979065
25570800,54.66365819693209
25574400,106.63912831503836
25578000,182.9068177589894
25581600,278.26920953153126
25585200,386.22751422726844
25588800,499.4245517904385
25592400,610.1461311784412
25596000,710.8467597317599
25599600,794.6638560302438
25603200,855.8854234754963
25606800,890.3393134194257
25610400,895.677550200214
25614000,871.5363418030529
25617600,819.5608716849925
25621200,743.2931822409766
25624800,647.9307904685177
25628400,539.9724857727847
25632000,426.77544820951704
25635600,316.05386882160974
25639200,215.35324026820354
25642800,131.5361439697911
25646400,70.31457652452667
25650000,35.860686580566494
25653600,30.522449799789854
25657200,54.66365819696233
25660800,106.63912831497669
25664400,182.90681775898219
25668000,278.26920953152273
25671600,386.22751422725923
25675200,499.4245517905275
25678800,610.1461311783395
25682400,710.8467597317522
25686000,794.6638560302379
25689600,855.8854234754924
25693200,890.3393134194414
25696800,895.677550200223
25700400,871.536341803056
25704000,819.5608716849979
25707600,743.2931822409837
25711200,647.9307904684368
25714800,539.9724857728911
25718400,426.77544820952636
25722000,316.0538688216185
25725600,215.35324026821118
25729200,131.53614396973342
25732800,70.31457652448864
25736400,35.86068658056814
25740000,30.522449799780816
25743600,54.66365819695915
25747200,106.63912831502773
25750800,182.90681775905045
25754400,278.2692095315143
25758000,386.22751422715294
25761600,499.4245517905182
25765200,610.1461311784235
25768800,710.8467597318255
25772400,794.6638560302317
25776000,855.8854234754464
25779600,890.3393134194398
25783200,895.6775502002155
25786800,871.5363418030257
25790400,819.5608716850031
25794000,743.2931822410662
25797600,647.9307904684454
25801200,539.9724857728031
25804800,426.77544820943734
25808400,316.05386882162736
25812000,215.3532402682189
25815600,131.53614396973944
25819200,70.31457652453469
25822800,35.86068658055234
25826400,30.52244979978002
25830000,54.66365819695602
25833600,106.63912831502233
25837200,182.90681775896792
25840800,278.26920953159515
25844400,386.22751422714373
25848000,499.4245517905089
25851600,610.1461311784147
25855200,710.8467597317368
25858800,794.6638560302895
25862400,855.8854234754424
25866000,890.3393134194381
25869600,895.6775502002163
25873200,871.5363418030623
25876800,819.5608716849522
25880400,743.2931822410734
25884000,647.9307904684538
25887600,539.9724857728124
25891200,426.77544820944667
25894800,316.05386882154323
25898400,215.35324026830764
25902000,131.53614396974552
25905600,70.31457652453867
25909200,35.86068658055399
25912800,30.522449799787523
25916400,54.663658196919414
25920000,106.63912831501699
25923600,182.90681775896076
25927200,278.2692095315866
25930800,386.2275142272316
25934400,499.4245517904012
25938000,610.146131178406
25941600,710.8467597317291
25945200,794.6638560302833
25948800,855.8854234754804
25952400,890.339313419419
25956000,895.6775502002171
25959600,871.5363418030655
25963200,819.5608716849575
25966800,743.2931822410052
25970400,647.930790468373
25974000,539.9724857728216
25977600,426.7754482095543
25981200,316.0538688215521
25984800,215.3532402682343
25988400,131.53614396968783
25992000,70.31457652454264
25995600,35.860686580573145
25999200,30.522449799786727
26002800,54.663658196949655
26006400,106.63912831506798
26010000,182.9068177589536
26013600,278.26920953148885
26017200,386.2275142272224
26020800,499.4245517904902
26024400,610.14613117849
26028000,710.8467597317215
26031600,794.6638560302773
26035200,855.8854234754765
26038800,890.3393134194348
26042400,895.6775502002097
26046000,871.5363418030687
26049600,819.5608716849629
26053200,743.2931822410123
26056800,647.9307904684707
26060400,539.9724857727336
26064000,426.77544820956365
26067600,316.05386882156085
26071200,215.35324026824193
26074800,131.53614396975757
26078400,70.31457652450462
26082000,35.86068658057479
26085600,30.52244979978593
26089200,54.66365819694647
26092800,106.6391283150063
26096400,182.90681775902186
26100000,278.26920953148044
26103600,386.2275142272132
26107200,499.4245517904809
26110800,610.1461311784813
26114400,710.8467597317948
26118000,794.6638560302076
26121600,855.8854234754724
26125200,890.3393134194332
26128800,895.6775502002104
26132400,871.5363418030383
26136000,819.5608716850246
26139600,743.2931822410195
26143200,647.9307904684792
26146800,539.9724857727429
26150400,426.77544820947463
26154000,316.05386882166255
26157600,215.3532402682496
26161200,131.53614396976366
26164800,70.31457652450854
26168400,35.86068658055899
26172000,30.522449799776894
26175600,54.663658196943345
26179200,106.63912831500096
26182800,182.9068177590147
26186400,278.2692095315613
26190000,386.2275142273011
26193600,499.4245517904716
26197200,610.1461311783795
26200800,710.8467597317872
26204400,794.6638560302652
26208000,855.8854234755105
26211600,890.3393134194315
26215200,895.6775502002195
26218800,871.5363418030415
26222400,819.5608716849736
26226000,743.2931822409512
26229600,647.9307904684877
26233200,539.9724857728493
26236800,426.77544820948395
26240400,316.0538688215785
26244000,215.35324026817625
26247600,131.53614396976968
26251200,70.31457652455458
26254800,35.86068658056064
26258400,30.522449799784397
26262000,54.66365819697364
26265600,106.63912831499567
26269200,182.90681775900754
26272800,278.26920953155275
26276400,386.2275142271948
26280000,499.4245517905606
26283600,610.1461311783708
26287200,710.8467597317795
26290800,794.6638560302592
26294400,855.8854234754644
26298000,890.3393134194473
26301600,895.6775502002201
26305200,871.5363418030447
26308800,819.5608716849789
26312400,743.2931822410337
26316000,647.9307904684068
26319600,539.9724857728585
26323200,426.7754482094933
26326800,316.0538688215873
26330400,215.35324026826498
26334000,131.53614396971204
26337600,70.31457652455862
26341200,35.86068658056229
26344800,30.5224497997836
26348400,54.66365819697046
26352000,106.63912831504666
26355600,182.90681775892506
26359200,278.26920953154433
26362800,386.22751422718557
26366400,499.4245517905513
26370000,610.1461311784548
26373600,710.8467597316907
26377200,794.6638560302531
26380800,855.8854234754605
26384400,890.3393134194457
26388000,895.6775502002127
26391600,871.5363418030813
26395200,819.5608716849842
26398800,743.293182241041
26402400,647.9307904684154
26406000,539.9724857727705
26409600,426.775448209601
26413200,316.0538688215961
26416800,215.35324026827269
26420400,131.53614396971807
26424000,70.31457652452053
26427600,35.860686580546485
26431200,30.522449799782805
26434800,54.663658196933795
26438400,106.63912831504132
26442000,182.9068177589932
26445600,278.26920953162517
26449200,386.22751422717636
26452800,499.4245517904436
26456400,610.146131178446
26460000,710.846759731764
26463600,794.6638560303109
26467200,855.8854234754565
26470800,890.3393134194266
26474400,895.6775502002135
26478000,871.5363418030511
26481600,819.5608716849333
26485200,743.293182241048
26488800,647.9307904685131
26492400,539.9724857727797
26496000,426.7754482095119
26499600,316.0538688215121
26503200,215.35324026828036
26506800,131.5361439697241
26510400,70.31457652452451
26514000,35.860686580565584
26517600,30.52244979979031
26521200,54.66365819693061
26524800,106.63912831503598
26528400,182.9068177589861
26532000,278.2692095315274
26535600,386.2275142272643
26539200,499.42455179043424
26542800,610.1461311784371
26546400,710.8467597317564
26550000,794.663856030241
26553600,855.8854234754945
26557200,890.3393134194248
26560800,895.6775502002142
26564400,871.5363418030543
26568000,819.5608716849949
26571600,743.2931822409798
26575200,647.9307904685215
26578800,539.9724857727889
26582400,426.7754482095213
26586000,316.05386882152084
26589600,215.353240268207
26593200,131.53614396979384
26596800,70.31457652452855
26600400,35.86068658056729
26604000,30.522449799789456
26607600,54.66365819696091
26611200,106.63912831497424
26614800,182.90681775897895
26618400,278.26920953151887
26622000,386.2275142272551
26625600,499.4245517905233
26629200,610.1461311783355
26632800,710.8467597317486
26636400,794.6638560302351
26640000,855.8854234754906
26643600,890.3393134194407
26647200,895.6775502002233
26650800,871.5363418030574
26654400,819.5608716850003
26658000,743.2931822409869
26661600,647.9307904684407
26665200,539.972485772701
26668800,426.7754482095306
26672400,316.05386882162253
26676000,215.3532402682147
26679600,131.53614396973614
26683200,70.31457652449052
26686800,35.86068658056894
26690400,30.522449799780475
26694000,54.66365819695778
26697600,106.63912831502523
26701200,182.90681775904721
26704800,278.26920953151046
26708400,386.22751422714873
26712000,499.424551790514
26715600,610.1461311784195
26719200,710.8467597318221
26722800,794.663856030229
26726400,855.8854234754446
26730000,890.339313419439
26733600,895.6775502002158
26737200,871.5363418030272
26740800,819.5608716850056
26744400,743.2931822409942
26748000,647.9307904684492
26751600,539.9724857728073
26755200,426.77544820944155
26758800,316.05386882163134
26762400,215.35324026822238
26766000,131.53614396974217
26769600,70.31457652453645
26773200,35.860686580553136
26776800,30.52244979977968
26780400,54.6636581969546
26784000,106.63912831501989
26787600,182.90681775896468
26791200,278.2692095315913
26794800,386.2275142271395
26798400,499.42455179050467
26802000,610.1461311784108
26805600,710.8467597317333
26809200,794.6638560302868
26812800,855.8854234754406
26816400,890.3393134194374
26820000,895.6775502002166
26823600,871.5363418030304
26827200,819.5608716849547
26830800,743.2931822410767
26834400,647.9307904684576
26838000,539.9724857728165
26841600,426.7754482094509
26845200,316.05386882154727
26848800,215.3532402683111
26852400,131.53614396974825
26856000,70.31457652454048
26859600,35.86068658055473
26863200,30.522449799787182
26866800,54.663658196917936
26870400,106.6391283150146
26874000,182.90681775895752
26877600,278.2692095315828
26881200,386.22751422722746
26884800,499.42455179039695
26888400,610.1461311784019
26892000,710.8467597317256
26895600,794.6638560302806
26899200,855.8854234754785
26902800,890.3393134194532
26906400,895.6775502002174
26910000,871.536341803067
26913600,819.5608716849599
26917200,743.2931822410085
26920800,647.9307904683768
26924400,539.9724857728257
26928000,426.7754482095586
26931600,316.0538688215561
26935200,215.35324026823776
26938800,131.53614396969056
26942400,70.31457652454446
26946000,35.86068658057388
26949600,30.52244979978633
26953200,54.663658196948234
26956800,106.63912831506559
26960400,182.90681775895035
26964000,278.269209531485
26967600,386.22751422721825
26971200,499.42455179048596
26974800,610.146131178486
26978400,710.8467597317178
26982000,794.6638560302746
26985600,855.8854234754747
26989200,890.3393134194341
26992800,895.6775502002099
26996400,871.5363418030702
27000000,819.5608716849654
27003600,743.2931822410155
27007200,647.9307904684746
27010800,539.9724857727379
27014400,426.7754482095679
27018000,316.05386882156483
27021600,215.3532402682454
27025200,131.5361439697603
27028800,70.31457652450638
27032400,35.86068658057559
27036000,30.52244979978559
27039600,54.66365819694505
27043200,106.63912831500392
27046800,182.90681775901857
27050400,278.2692095314766
27054000,386.227514227209
27057600,499.42455179047664
27061200,610.1461311784772
27064800,710.8467597317913
27068400,794.6638560302049
27072000,855.8854234754706
27075600,890.3393134194324
27079200,895.6775502002107
27082800,871.5363418030399
27086400,819.560871685027
27090000,743.2931822410227
27093600,647.9307904684831
27097200,539.9724857727471
27100800,426.7754482094789
27104400,316.0538688216666
27108000,215.35324026825313
27111600,131.53614396976639
27115200,70.31457652451041
27118800,35.86068658055973
27122400,30.522449799776552
27126000,54.663658196941924
27129600,106.63912831499857
27133200,182.90681775901146
27136800,278.2692095315574
27140400,386.227514227297
27144000,499.4245517904673
27147600,610.1461311783755
27151200,710.8467597317835
27154800,794.6638560302624
27158400,855.8854234755087
27162000,890.3393134194307
27165600,895.6775502002198
27169200,871.536341803043
27172800,819.5608716849761
27176400,743.2931822409545
27180000,647.9307904684915
27183600,539.9724857728534
27187200,426.7754482094882
27190800,316.05386882158245
27194400,215.35324026817977
27198000,131.5361439697724
27201600,70.3145765245564
27205200,35.86068658056138
27208800,30.522449799784056
27212400,54.663658196972165
27216000,106.63912831499317
27219600,182.9068177590043
27223200,278.26920953154894
27226800,386.22751422719057
27230400,499.4245517905564
27234000,610.1461311783667
27237600,710.8467597317759
27241200,794.6638560302565
27244800,855.8854234754626
27248400,890.3393134194466
27252000,895.6775502002206
27255600,871.5363418030462
27259200,819.5608716849813
27262800,743.293182241037
27266400,647.9307904684107
27270000,539.9724857728627
27273600,426.77544820949754
27277200,316.0538688215913
27280800,215.3532402682685
27284400,131.53614396971477
27288000,70.31457652456038
27291600,35.860686580563026
27295200,30.522449799783203
27298800,54.66365819696898
27302400,106.63912831504416
27306000,182.90681775892176
27309600,278.26920953154047
27313200,386.22751422718136
27316800,499.424551790547
27320400,610.1461311784508
27324000,710.8467597316871
27327600,794.6638560302504
27331200,855.8854234754587
27334800,890.3393134194449
27338400,895.6775502002131
27342000,871.5363418030828
27345600,819.5608716849868
27349200,743.2931822410442
27352800,647.9307904684192
27356400,539.9724857727747
27360000,426.7754482096052
27363600,316.0538688216001
27367200,215.35324026827615
27370800,131.5361439697208
27374400,70.31457652452235
27378000,35.860686580547224
27381600,30.522449799782464
27385200,54.663658196932374
27388800,106.63912831503882
27392400,182.90681775899003
27396000,278.2692095316213
27399600,386.22751422717215
27403200,499.42455179043935
27406800,610.1461311784419
27410400,710.8467597317606
27414000,794.6638560303081
27417600,855.8854234754547
27421200,890.3393134194257
27424800,895.6775502002138
27428400,871.5363418030526
27432000,819.5608716849357
27435600,743.2931822410512
27439200,647.930790468517
27442800,539.9724857727839
27446400,426.7754482095162
27450000,316.05386882151606
27453600,215.35324026828388
27457200,131.53614396972682
27460800,70.31457652452633
27464400,35.86068658056638
27468000,30.52244979978991
27471600,54.66365819692925
27475200,106.63912831503353
27478800,182.90681775898287
27482400,278.26920953152353
27486000,386.2275142272601
27489600,499.42455179043003
27493200,610.1461311784332
27496800,710.8467597317529
27500400,794.6638560302383
27504000,855.8854234754928
27507600,890.3393134194241
27511200,895.6775502002147
27514800,871.5363418030556
27518400,819.5608716849974
27522000,743.293182240983
27525600,647.9307904685254
27529200,539.9724857727931
27532800,426.7754482095255
27536400,316.0538688215248
27540000,215.35324026821053
27543600,131.53614396979663
27547200,70.31457652453031
27550800,35.86068658056803
27554400,30.522449799789115
27558000,54.66365819695943
27561600,106.63912831497186
27565200,182.9068177589757
27568800,278.26920953151506
27572400,386.2275142272509
27576000,499.42455179051905
27579600,610.1461311783315
27583200,710.8467597317451
27586800,794.6638560302323
27590400,855.8854234754888
27594000,890.3393134194399
27597600,895.6775502002237
27601200,871.5363418030588
27604800,819.5608716850027
27608400,743.2931822409903
27612000,647.9307904684446
27615600,539.9724857727052
27619200,426.77544820953483
27622800,316.05386882162657
27626400,215.35324026821817
27630000,131.53614396973893
27633600,70.31457652449228
27637200,35.86068658056968
27640800,30.522449799780077
27644400,54.663658196956305
27648000,106.63912831502284
27651600,182.90681775904392
27655200,278.2692095315066
27658800,386.2275142271445
27662400,499.4245517905097
27666000,610.1461311784155
27669600,710.8467597318186
27673200,794.6638560302263
27676800,855.8854234754427
27680400,890.3393134194383
27684000,895.6775502002163
27687600,871.5363418030286
27691200,819.5608716850081
27694800,743.2931822409973
27698400,647.9307904684531
27702000,539.9724857728115
27705600,426.7754482094458
27709200,316.0538688216353
27712800,215.3532402682259
27716400,131.53614396974496
27720000,70.31457652453832
27723600,35.86068658055382
27727200,30.52244979977928
27730800,54.66365819695312
27734400,106.6391283150175
27738000,182.90681775896144
27741600,278.2692095315874
27745200,386.2275142271353
27748800,499.4245517905004
27752400,610.1461311784067
27756000,710.8467597317298
27759600,794.6638560302839
27763200,855.8854234754388
27766800,890.3393134194366
27770400,895.677550200217
27774000,871.5363418030317
27777600,819.5608716849571
27781200,743.2931822410799
27784800,647.9307904684615
27788400,539.9724857728207
27792000,426.77544820945513
27795600,316.0538688215513
27799200,215.3532402683146
27802800,131.53614396975104
27806400,70.3145765245423
27810000,35.86068658055552
27813600,30.522449799786784
27817200,54.663658196916515
27820800,106.63912831501216
27824400,182.90681775895422
27828000,278.26920953157895
27831600,386.22751422722325
27835200,499.4245517905894
27838800,610.1461311783979
27842400,710.8467597317222
27846000,794.6638560302779
27849600,855.8854234754767
27853200,890.3393134194524
27856800,895.6775502002179
27860400,871.5363418030684
27864000,819.5608716849624
27867600,743.2931822410117
27871200,647.9307904683807
27874800,539.9724857728299
27878400,426.7754482095628
27882000,316.05386882156006
27885600,215.35324026824122
27889200,131.53614396969334
27892800,70.31457652454628
27896400,35.86068658057468
27900000,30.52244979978599
27903600,54.663658196946756
27907200,106.63912831506315
27910800,182.9068177589471
27914400,278.2692095315705
27918000,386.22751422721404
27921600,499.42455179048176
27925200,610.1461311784819
27928800,710.8467597317144
27932400,794.6638560302717
27936000,855.8854234754729
27939600,890.3393134194332
27943200,895.6775502002104
27946800,871.5363418030715
27950400,819.5608716849678
27954000,743.2931822410188
27957600,647.9307904684784
27961200,539.9724857727421
27964800,426.7754482095721
27968400,316.0538688215689
27972000,215.35324026824892
27975600,131.5361439697631
27979200,70.31457652450825
27982800,35.86068658057627
27986400,30.52244979978525
27990000,54.66365819694363
27993600,106.6391283150578
27997200,182.90681775901538
28000800,278.2692095314727
28004400,386.22751422720484
28008000,499.42455179047244
28011600,610.1461311784732
28015200,710.8467597317878
28018800,794.6638560302022
28022400,855.8854234754688
28026000,890.3393134194316
28029600,895.677550200211
28033200,871.5363418030413
28036800,819.5608716850294
28040400,743.293182241026
28044000,647.930790468487
28047600,539.9724857727513
28051200,426.7754482094831
28054800,316.05386882167056
28058400,215.3532402682566
28062000,131.5361439697691
28065600,70.31457652451223
28069200,35.86068658056047
28072800,30.522449799792696
28076400,54.663658196940446
28080000,106.63912831499613
28083600,182.90681775900822
28087200,278.26920953155354
28090800,386.2275142272928
28094400,499.4245517904631
28098000,610.1461311783715
28101600,710.8467597317801
28105200,794.6638560302597
28108800,855.8854234755069
28112400,890.33931341943
28116000,895.6775502002201
28119600,871.5363418030445
28123200,819.5608716849783
28126800,743.2931822409578
28130400,647.9307904684954
28134000,539.9724857728576
28137600,426.7754482094924
28141200,316.0538688215865
28144800,215.35324026818324
28148400,131.53614396977514
28152000,70.31457652451616
28155600,35.86068658056212
28159200,30.522449799783658
28162800,54.663658196970744
28166400,106.63912831499078
28170000,182.90681775900106
28173600,278.2692095315451
28177200,386.2275142270893
28180800,499.42455179045373
28184400,610.1461311784556
28188000,710.8467597318535
28191600,794.6638560302538
28195200,855.8854234754187
28198800,890.3393134194283
28202400,895.6775502002126
28206000,871.5363418030142
28209600,819.5608716849838
28213200,743.2931822411156
28216800,647.9307904685038
28220400,539.9724857727697
28224000,426.7754482094034
28227600,316.0538688215953
28231200,215.35324026819094
28234800,131.53614396978116
28238400,70.31457652452019
28242000,35.860686580546314
28245600,30.522449799782862
28249200,54.66365819696756
28252800,106.63912831498544
28256400,182.9068177589939
28260000,278.26920953162596
28263600,386.2275142271772
28267200,499.4245517905428
28270800,610.1461311783539
28274400,710.8467597317648
28278000,794.6638560303114
28281600,855.885423475457
28285200,890.3393134194441
28288800,895.6775502002217
28292400,871.5363418030508
28296000,819.5608716849327
28299600,743.2931822410474
28303200,647.9307904684231
28306800,539.972485772876
28310400,426.77544820951107
28314000,316.0538688215113
28317600,215.35324026827968
28321200,131.53614396972353
28324800,70.31457652456623
28328400,35.86068658056547
28332000,30.522449799790365
28335600,54.663658196930896
28339200,106.63912831503643
28342800,182.90681775891136
28346400,278.26920953152813
28350000,386.22751422726515
28353600,499.4245517904351
28357200,610.1461311784379
28360800,710.846759731676
28364400,794.6638560302416
28368000,855.8854234754949
28371600,890.339313419425
28375200,895.6775502002142
28378800,871.5363418030875
28382400,819.5608716849945
28386000,743.2931822409791
28389600,647.9307904683421
28393200,539.9724857727881
28396800,426.7754482096188
28400400,316.0538688216129
28404000,215.35324026820632
28407600,131.53614396966583
28411200,70.31457652452815
28414800,35.86068658058457
28418400,30.522449799781327
28422000,54.663658196961194
28425600,106.63912831508742
28429200,182.90681775897957
28432800,278.26920953143036
28436400,386.2275142271588
28440000,499.42455179052416
28443600,610.1461311785221
28447200,710.8467597317494
28450800,794.6638560301719
28454400,855.8854234754489
28458000,890.3393134194409
28461600,895.6775502002067
28465200,871.5363418030571
28468800,819.5608716849435
28472400,743.2931822410617
28476000,647.9307904684399
28479600,539.9724857727001
28483200,426.77544820952977
28486800,316.05386882152885
28490400,215.35324026829505
28494000,131.53614396973563
28497600,70.31457652449012
28501200,35.86068658056877
28504800,30.52244979978883
28508400,54.66365819692459
28512000,106.63912831502574
28515600,182.90681775904784
28519200,278.2692095315112
28522800,386.22751422724673
28526400,499.42455179041644
28530000,610.1461311784203
28533600,710.8467597318228
28537200,794.6638560302296
28540800,855.885423475487
28544400,890.3393134194217
28548000,895.6775502002158
28551600,871.5363418030269
28555200,819.5608716850052
28558800,743.2931822409935
28562400,647.9307904685377
28566000,539.9724857728065
28569600,426.7754482094407
28573200,316.05386882163054
28576800,215.3532402682217
28580400,131.53614396980538
28584000,70.31457652453611
28587600,35.860686580552965
28591200,30.522449799779736
28594800,54.663658196954884
28598400,106.63912831496407
28602000,182.9068177589653
28605600,278.2692095315921
28609200,386.2275142271403
28612800,499.42455179050546
28616400,610.1461311783187
28620000,710.846759731734
28623600,794.6638560302872
28627200,855.8854234755249
28630800,890.3393134194375
28634400,895.6775502002249
28638000,871.5363418030635
28641600,819.5608716849542
28645200,743.2931822409253
28648800,647.930790468457
28652400,539.9724857729129
28656000,426.7754482095484
28659600,316.0538688215464
28663200,215.3532402681483
28666800,131.53614396974768
28670400,70.3145765245821
28674000,35.86068658057212
28677600,30.52244979978724
28681200,54.663658196985125
28684800,106.63912831501506
28688400,182.90681775888277
28692000,278.2692095314943
28695600,386.2275142272283
28699200,499.42455179059453
28702800,610.1461311784028
28706400,710.8467597318074
28710000,794.6638560302174
28713600,855.885423475479
28717200,890.3393134194533
28720800,895.6775502002174
28724400,871.5363418030332
28728000,819.5608716850159
28731600,743.2931822410078
28735200,647.930790468376
28738800,539.9724857728249
28742400,426.77544820945934
28746000,316.05386882164817
28749600,215.35324026823707
28753200,131.53614396969004
28756800,70.31457652454407
28760400,35.86068658055626
28764000,30.5224497997782
28767600,54.66365819694852
28771200,106.63912831506605
28774800,182.90681775895104
28778400,278.26920953157514
28782000,386.2275142271219
28785600,499.4245517904868
28789200,610.1461311784868
28792800,710.8467597317186
28796400,794.6638560302752
28800000,855.885423475433
28803600,890.3393134194342
28807200,895.6775502002099
28810800,871.5363418030698
28814400,819.5608716849648
28818000,743.2931822410903
28821600,647.9307904684738
28825200,539.9724857727371
28828800,426.77544820956706
28832400,316.05386882156404
28836000,215.3532402683258
28839600,131.5361439697598
28843200,70.31457652450604
28846800,35.86068658057536
28850400,30.522449799785647
28854000,54.66365819691191
28857600,106.63912831500437
28861200,182.90681775901925
28864800,278.269209531656
28868400,386.2275142272099
28872000,499.42455179037916
28875600,610.1461311783851
28879200,710.846759731792
28882800,794.6638560303328
28886400,855.885423475471
28890000,890.339313419415
28893600,895.6775502002189
28897200,871.5363418030396
28900800,819.5608716849138
28904400,743.2931822410221
28908000,647.9307904685716
28911600,539.9724857728434
28915200,426.77544820947804
28918800,316.05386882148
28922400,215.3532402682524
28926000,131.53614396982954
28929600,70.31457652455202
28933200,35.86068658055956
28936800,30.52244979979315
28940400,54.66365819694221
28944000,106.63912831505536
28947600,182.9068177589367
28951200,278.2692095315582
28954800,386.2275142272978
28958400,499.4245517904682
28962000,610.1461311784692
28965600,710.8467597317033
28969200,794.6638560302631
28972800,855.885423475509
28976400,890.3393134194309
28980000,895.6775502002115
28983600,871.5363418030761
28987200,819.5608716849755
28990800,743.2931822409539
28994400,647.9307904684907
28998000,539.9724857727555
29001600,426.7754482095857
29005200,316.05386882158166
29008800,215.35324026817904
29012400,131.5361439697719
29016000,70.314576524514
29019600,35.860686580578715
29023200,30.522449799784056
29026800,54.66365819697245
29030400,106.63912831499368
29034000,182.90681775900492
29037600,278.26920953146043
29041200,386.2275142271914
29044800,499.4245517905572
29048400,610.1461311783676
29052000,710.8467597317766
29055600,794.6638560301933
29059200,855.8854234754631
29062800,890.3393134194467
29066400,895.6775502002205
29070000,871.5363418030458
29073600,819.5608716850372
29077200,743.2931822410363
29080800,647.9307904684099
29084400,539.9724857728618
29088000,426.7754482094967
29091600,316.05386882168335
29095200,215.35324026826777
29098800,131.5361439697142
29102400,70.31457652447597
29106000,35.86068658056291
29109600,30.522449799775075
29113200,54.66365819693584
29116800,106.63912831504467
29120400,182.9068177590732
29124000,278.26920953154126
29127600,386.22751422708507
29131200,499.4245517904495
29134800,610.1461311784516
29138400,710.8467597318499
29142000,794.6638560302509
29145600,855.885423475417
29149200,890.3393134194275
29152800,895.6775502002131
29156400,871.5363418030156
29160000,819.5608716849863
29163600,743.293182241119
29167200,647.9307904685077
29170800,539.9724857727739
29174400,426.77544820940767
29178000,316.0538688215993
29181600,215.3532402681944
29185200,131.53614396978395
29188800,70.31457652452201
29192400,35.86068658054711
29196000,30.52244979978252
29199600,54.66365819696608
29203200,106.63912831498305
29206800,182.90681775899066
29210400,278.2692095316221
29214000,386.227514227173
29217600,499.42455179053854
29221200,610.1461311783498
29224800,710.8467597317613
29228400,794.6638560303086
29232000,855.8854234754551
29235600,890.3393134194434
29239200,895.677550200222
29242800,871.5363418030522
29246400,819.5608716849353
29250000,743.2931822410507
29253600,647.9307904684268
29257200,539.9724857728802
29260800,426.77544820951533
29264400,316.05386882151527
29268000,215.35324026828314
29271600,131.5361439697263
29275200,70.314576524568
29278800,35.86068658056621
29282400,30.522449799790024
29286000,54.66365819692953
29289600,106.63912831503404
29293200,182.90681775890812
29296800,278.2692095315243
29300400,386.22751422726094
29304000,499.4245517904309
29307600,610.146131178434
29311200,710.8467597316725
29314800,794.6638560302389
29318400,855.8854234754931
29322000,890.3393134194243
29325600,895.6775502002146
29329200,871.5363418030888
29332800,819.5608716849969
29336400,743.2931822409824
29340000,647.930790468346
29343600,539.9724857727923
29347200,426.775448209623
29350800,316.0538688216169
29354400,215.3532402682098
29358000,131.53614396966861
29361600,70.31457652452997
29365200,35.860686580585366
29368800,30.52244979978093
29372400,54.663658196959716
29376000,106.63912831508503
29379600,182.9068177589764
29383200,278.26920953142655
29386800,386.2275142271546
29390400,499.4245517905199
29394000,610.1461311785181
29397600,710.8467597317458
29401200,794.6638560301692
29404800,855.8854234754472
29408400,890.33931341944
29412000,895.6775502002072
29415600,871.5363418030586
29419200,819.5608716849458
29422800,743.2931822410649
29426400,647.9307904684438
29430000,539.9724857727043
29433600,426.775448209534
29437200,316.0538688215329
29440800,215.35324026829852
29444400,131.53614396973836
29448000,70.31457652449194
29451600,35.86068658056956
29455200,30.522449799788433
29458800,54.663658196923166
29462400,106.6391283150233
29466000,182.9068177590446
29469600,278.2692095315074
29473200,386.2275142272425
29476800,499.42455179041224
29480400,610.1461311784163
29484000,710.8467597318192
29487600,794.6638560302268
29491200,855.8854234754851
29494800,890.3393134194209
29498400,895.6775502002162
29502000,871.5363418030283
29505600,819.5608716850076
29509200,743.2931822409967
29512800,647.9307904685415
29516400,539.9724857728107
29520000,426.77544820944496
29523600,316.0538688216345
29527200,215.35324026822516
29530800,131.5361439698081
29534400,70.31457652453793
29538000,35.860686580553704
29541600,30.522449799779395
29545200,54.663658196953406
29548800,106.63912831496162
29552400,182.90681775896206
29556000,278.2692095315882
29559600,386.22751422713617
29563200,499.42455179050125
29566800,610.1461311783147
29570400,710.8467597317305
29574000,794.6638560302845
29577600,855.8854234755231
29581200,890.3393134194368
29584800,895.6775502002251
29588400,871.5363418030649
29592000,819.5608716849565
29595600,743.2931822409284
29599200,647.9307904684607
29602800,539.972485772917
29606400,426.7754482095526
29610000,316.05386882155045
29613600,215.3532402681518
29617200,131.5361439697504
29620800,70.31457652458397
29624400,35.8606865805728
29628000,30.522449799786898
29631600,54.663658196983704
29635200,106.63912831501261
29638800,182.90681775887953
29642400,278.26920953149045
29646000,386.2275142272241
29649600,499.4245517905903
29653200,610.1461311783987
29656800,710.8467597318039
29660400,794.6638560302147
29664000,855.8854234754772
29667600,890.3393134194525
29671200,895.6775502002176
29674800,871.5363418030347
29678400,819.5608716850182
29682000,743.293182241011
29685600,647.9307904683799
29689200,539.9724857728291
29692800,426.7754482094636
29696400,316.05386882165215
29700000,215.35324026824054
29703600,131.53614396969277
29707200,70.31457652454594
29710800,35.860686580557
29714400,30.522449799777803
29718000,54.66365819694704
29721600,106.6391283150636
29725200,182.90681775894774
29728800,278.2692095315713
29732400,386.22751422711775
29736000,499.4245517904826
29739600,610.1461311784828
29743200,710.8467597317151
29746800,794.6638560302724
29750400,855.8854234754311
29754000,890.3393134194334
29757600,895.6775502002102
29761200,871.5363418030713
29764800,819.5608716849672
29768400,743.2931822410935
29772000,647.9307904684777
29775600,539.9724857727412
29779200,426.7754482095713
29782800,316.0538688215681
29786400,215.35324026832927
29790000,131.53614396976252
29793600,70.31457652450786
29797200,35.8606865805412
29800800,30.522449799785306
29804400,54.66365819691049
29808000,106.63912831500198
29811600,182.906817759016
29815200,278.2692095316521
29818800,386.2275142272057
29822400,499.4245517903749
29826000,610.1461311783811
29829600,710.8467597317886
29833200,794.6638560303301
29836800,855.8854234754692
29840400,890.3393134194143
29844000,895.6775502002192
29847600,871.536341803041
29851200,819.5608716849163
29854800,743.2931822410253
29858400,647.9307904685754
29862000,539.9724857728476
29865600,426.77544820948225
29869200,316.053868821484
29872800,215.35324026825592
29876400,131.53614396970482
29880000,70.31457652455384
29883600,35.860686580560355
29887200,30.522449799792753
29890800,54.66365819694073
29894400,106.63912831505297
29898000,182.90681775893347
29901600,278.26920953155434
29905200,386.22751422729357
29908800,499.42455179046397
29912400,610.1461311784651
29916000,710.8467597316998
29919600,794.6638560302604
29923200,855.8854234755072
29926800,890.3393134194301
29930400,895.6775502002117
29934000,871.5363418030777
29937600,819.5608716849779
29941200,743.2931822409571
29944800,647.9307904684946
29948400,539.9724857727596
29952000,426.77544820958997
29955600,316.0538688215857
29959200,215.35324026818256
29962800,131.53614396977463
29966400,70.31457652451587
29970000,35.860686580579454
29973600,30.522449799783715
29977200,54.66365819697103
29980800,106.6391283149913
29984400,182.90681775900174
29988000,278.26920953145657
29991600,386.22751422718727
29995200,499.424551790553
29998800,610.1461311783635
30002400,710.8467597317731
30006000,794.6638560301906
30009600,855.8854234754613
30013200,890.339313419446
30016800,895.6775502002208
30020400,871.5363418030473
30024000,819.5608716850396
30027600,743.2931822410396
30031200,647.9307904684138
30034800,539.9724857726717
30038400,426.77544820950095
30042000,316.0538688216874
30045600,215.3532402682713
30049200,131.53614396971693
30052800,70.31457652447779
30056400,35.86068658056365
30060000,30.522449799774677
30063600,54.66365819693442
30067200,106.63912831504229
30070800,182.90681775906995
30074400,278.2692095315374
30078000,386.22751422708086
30081600,499.42455179044526
30085200,610.1461311784476
30088800,710.8467597318465
30092400,794.6638560302482
30096000,855.8854234754151
30099600,890.3393134194268
30103200,895.6775502002133
30106800,871.5363418030171
30110400,819.5608716849886
30114000,743.2931822409714
30117600,647.9307904685115
30121200,539.9724857727781
30124800,426.7754482094119
30128400,316.05386882160326
30132000,215.35324026819794
30135600,131.53614396978668
30139200,70.31457652452377
30142800,35.86068658054779
30146400,30.52244979978218
30150000,54.66365819696466
30153600,106.63912831498055
30157200,182.90681775898742
30160800,278.26920953161823
30164400,386.22751422716885
30168000,499.42455179053434
30171600,610.146131178346
30175200,710.8467597317577
30178800,794.6638560303059
30182400,855.8854234754533
30186000,890.3393134194426
30189600,895.6775502002224
30193200,871.5363418030537
30196800,819.5608716849376
30200400,743.293182241054
30204000,647.9307904684307
30207600,539.9724857728844
30211200,426.7754482095196
30214800,316.05386882151925
30218400,215.35324026828667
30222000,131.53614396972904
30225600,70.31457652456982
30229200,35.86068658056695
30232800,30.522449799789626
30236400,54.663658196928054
30240000,106.63912831503154
30243600,182.90681775890482
30247200,278.26920953152046
30250800,386.22751422725673
30254400,499.4245517904266
30258000,610.14613117843
30261600,710.8467597316691
30265200,794.663856030236
30268800,855.8854234754913
30272400,890.3393134194584
30276000,895.6775502002149
30279600,871.5363418030903
30283200,819.5608716849993
30286800,743.2931822409856
30290400,647.9307904683499
30294000,539.9724857727965
30297600,426.77544820962726
30301200,316.0538688216209
30304800,215.3532402682133
30308400,131.53614396967134
30312000,70.31457652453173
30315600,35.860686580586105
30319200,30.52244979978059
30322800,54.66365819695835
30326400,106.63912831508253
30330000,182.9068177589731
30333600,278.2692095314227
30337200,386.2275142271504
30340800,499.4245517905157
30344400,610.146131178514
30348000,710.8467597317424
30351600,794.6638560302938
30355200,855.8854234754452
30358800,890.3393134194393
30362400,895.6775502002074
30366000,871.5363418030599
30369600,819.5608716849483
30373200,743.2931822410683
30376800,647.9307904684476
30380400,539.9724857727085
30384000,426.77544820953824
30387600,316.05386882153687
30391200,215.35324026830205
30394800,131.53614396974115
30398400,70.3145765244937
30402000,35.860686580570245
30405600,30.52244979978809
30409200,54.663658196921745
30412800,106.63912831502091
30416400,182.90681775904136
30420000,278.2692095315035
30423600,386.2275142272383
30427200,499.424551790408
30430800,610.1461311784124
30434400,710.8467597318157
30438000,794.663856030224
30441600,855.8854234754833
30445200,890.3393134194203
30448800,895.6775502002165
30452400,871.5363418030297
30456000,819.5608716850099
30459600,743.293182241
30463200,647.9307904685454
30466800,539.9724857728149
30470400,426.7754482094492
30474000,316.0538688216385
30477600,215.3532402682287
30481200,131.5361439698109
30484800,70.31457652453975
30488400,35.86068658055444
30492000,30.522449799778997
30495600,54.663658196951985
30499200,106.63912831495924
30502800,182.90681775895882
30506400,278.26920953158435
30510000,386.22751422732625
30513600,499.424551790497
30517200,610.1461311783107
30520800,710.846759731727
30524400,794.6638560302817
30528000,855.8854234755213
30531600,890.339313419436
30535200,895.6775502002256
30538800,871.5363418030663
30542400,819.560871684959
30546000,743.2931822409317
30549600,647.9307904684646
30553200,539.9724857729212
30556800,426.7754482095569
30560400,316.0538688215545
30564000,215.35324026815528
30567600,131.5361439697532
30571200,70.31457652458579
30574800,35.8606865805736
30578400,30.5224497997865
30582000,54.663658196982226
30585600,106.63912831501023
30589200,182.9068177590271
30592800,278.2692095314866
30596400,386.2275142272199
30600000,499.42455179058607
30603600,610.1461311783947
30607200,710.8467597318004
30610800,794.663856030212
30614400,855.8854234754754
30618000,890.3393134194519
30621600,895.6775502002181
30625200,871.5363418030361
30628800,819.5608716850206
30632400,743.2931822410143
30636000,647.9307904683837
30639600,539.9724857728334
30643200,426.77544820946787
30646800,316.0538688216561
30650400,215.353240268244
30654000,131.53614396969556
30657600,70.3145765245477
30661200,35.8606865805578
30664800,30.522449799777462
30668400,54.66365819694562
30672000,106.63912831506121
30675600,182.9068177589445
30679200,278.2692095315674
30682800,386.22751422711355
30686400,499.42455179047835
30690000,610.1461311784788
30693600,710.8467597317117
30697200,794.6638560302697
30700800,855.8854234754293
30704400,890.3393134194328
30708000,895.6775502002106
30711600,871.5363418030727
30715200,819.5608716849697
30718800,743.2931822410968
30722400,647.9307904684815
30726000,539.9724857727454
30729600,426.77544820957553
30733200,316.0538688215721
30736800,215.3532402683328
30740400,131.5361439697653
30744000,70.31457652450968
30747600,35.86068658054194
30751200,30.522449799784965
30754800,54.66365819690907
30758400,106.63912831499954
30762000,182.90681775901277
30765600,278.26920953164824
30769200,386.2275142272015
30772800,499.4245517903707
30776400,610.1461311783771
30780000,710.846759731785
30783600,794.6638560303272
30787200,855.8854234754674
30790800,890.3393134194137
30794400,895.6775502002197
30798000,871.5363418030424
30801600,819.5608716849188
30805200,743.2931822410285
30808800,647.9307904685793
30812400,539.9724857728518
30816000,426.7754482094865
30819600,316.053868821488
30823200,215.35324026825938
30826800,131.5361439697076
30830400,70.31457652455572
30834000,35.86068658056104
30837600,30.522449799792412
30841200,54.66365819693931
30844800,106.63912831505053
30848400,182.90681775893017
30852000,278.2692095315505
30855600,386.2275142272894
30859200,499.4245517904597
30862800,610.1461311784612
30866400,710.8467597316962
30870000,794.6638560302575
30873600,855.8854234755054
30877200,890.3393134194293
30880800,895.6775502002122
30884400,871.536341803079
30888000,819.5608716849804
30891600,743.2931822409603
30895200,647.9307904684985
30898800,539.9724857727638
30902400,426.7754482095942
30906000,316.0538688215897
30909600,215.35324026818603
30913200,131.53614396977736
30916800,70.31457652451763
30920400,35.86068658058019
30924000,30.522449799783374
30927600,54.66365819696955
30931200,106.63912831498885
30934800,182.90681775899844
30938400,278.2692095314527
30942000,386.22751422718306
30945600,499.4245517905487
30949200,610.1461311783595
30952800,710.8467597317697
30956400,794.6638560301878
30960000,855.8854234754594
30963600,890.3393134194453
30967200,895.6775502002212
30970800,871.5363418030488
30974400,819.560871685042
30978000,743.2931822410428
30981600,647.9307904684176
30985200,539.9724857726759
30988800,426.77544820950516
30992400,316.05386882169137
30996000,215.35324026827476
30999600,131.53614396971966
31003200,70.3145765244796
31006800,35.86068658056439
31010400,30.522449799774336
31014000,54.66365819693294
31017600,106.63912831503984
31021200,182.90681775906666
31024800,278.26920953153353
31028400,386.2275142270767
31032000,499.42455179044106
31035600,610.1461311784435
31039200,710.846759731843
31042800,794.6638560302455
31046400,855.8854234754134
31050000,890.339313419426
31053600,895.6775502002138
31057200,871.5363418030186
31060800,819.5608716849911
31064400,743.2931822409746
31068000,647.9307904685154
31071600,539.9724857727822
31075200,426.77544820941614
31078800,316.0538688216073
31082400,215.3532402682014
31086000,131.5361439697894
31089600,70.31457652452565
31093200,35.86068658054859
31096800,30.52244979978184
31100400,54.66365819696324
31104000,106.63912831497817
31107600,182.90681775898418
31111200,278.26920953161437
31114800,386.22751422716465
31118400,499.4245517905301
31122000,610.1461311783419
31125600,710.8467597317542
31129200,794.6638560303031
31132800,855.8854234754515
31136400,890.3393134194419
31140000,895.6775502002228
31143600,871.5363418030552
31147200,819.56087168494
31150800,743.2931822410571
31154400,647.9307904684346
31158000,539.9724857728886
31161600,426.7754482095238
31165200,316.0538688215232
31168800,215.35324026829014
31172400,131.53614396973177
31176000,70.31457652457158
31179600,35.86068658056769
31183200,30.522449799789285
31186800,54.66365819692663
31190400,106.63912831502915
31194000,182.90681775890164
31197600,278.2692095315166
31201200,386.2275142272525
31204800,499.4245517904224
31208400,610.146131178426
31212000,710.8467597316655
31215600,794.6638560302334
31219200,855.8854234754895
31222800,890.3393134194578
31226400,895.6775502002154
31230000,871.5363418030918
31233600,819.5608716850018
31237200,743.2931822409889
31240800,647.9307904683537
31244400,539.9724857728006
31248000,426.77544820963146
31251600,316.0538688216249
31255200,215.35324026821678
31258800,131.53614396967407
31262400,70.3145765245336
31266000,35.860686580586844
31269600,30.522449799780247
31273200,54.663658196956874
31276800,106.63912831508014
31280400,182.90681775896985
31284000,278.2692095314188
31287600,386.22751422714623
31291200,499.42455179051143
31294800,610.14613117851
31298400,710.8467597317389
31302000,794.6638560302911
31305600,855.8854234754435
31309200,890.3393134194387
31312800,895.6775502002079
31316400,871.5363418030615
31320000,819.5608716849508
31323600,743.2931822410715
31327200,647.9307904684515
31330800,539.9724857727127
31334400,426.77544820954245
31338000,316.05386882154085
31341600,215.3532402683055
31345200,131.53614396974388
31348800,70.31457652449558
31352400,35.86068658057104
31356000,30.522449799787694
31359600,54.66365819692027
31363200,106.63912831501847
31366800,182.90681775903812
31370400,278.26920953149965
31374000,386.2275142272341
31377600,499.4245517904037
31381200,610.1461311784084
31384800,710.8467597318123
31388400,794.6638560302213
31392000,855.8854234754815
31395600,890.3393134194195
31399200,895.6775502002168
31402800,871.5363418030312
31406400,819.5608716850124
31410000,743.2931822410033
31413600,647.9307904685493
31417200,539.972485772819
31420800,426.77544820945343
31424400,316.05386882164254
31428000,215.35324026823216
31431600,131.53614396981362
31435200,70.31457652454151
31438800,35.86068658055518
31442400,30.522449799778656
31446000,54.663658196950564
31449600,106.63912831495679
31453200,182.90681775895553
31456800,278.2692095315805
31460400,386.2275142273221
31464000,499.4245517904928
31467600,610.1461311783066
31471200,710.8467597317235
31474800,794.663856030279
31478400,855.8854234755195
31482000,890.3393134194353
31485600,895.6775502002258
31489200,871.5363418030679
31492800,819.5608716849615
31496400,743.293182240935
31500000,647.9307904684684
31503600,539.9724857729254
31507200,426.7754482095611
31510800,316.05386882155847
31514400,215.3532402681588
31518000,131.53614396975593
31521600,70.31457652450348
31525200,35.86068658057434
31528800,30.52244979978616
31532400,54.663658196980805
