t_seconds,gco2_per_kwh
0,444.92177871615445
3600,557.7959810902391
7200,664.216808845532
10800,756.931858439243
14400,829.6227524604247
18000,877.3357266089158
21600,896.8192205459145
25200,886.7454663576103
28800,847.8009737442703
32400,782.6397455186768
36000,695.7024117003825
39600,592.9136079183673
43200,481.2782212838455
46800,368.4040189097609
50400,261.983191154468
54000,169.26814156075704
57600,96.57724753957518
61200,48.86427339108417
64800,29.380779454085598
68400,39.45453364238966
72000,78.39902625572967
75600,143.5602544813235
79200,230.49758829961738
82800,333.2863920816328
86400,444.92177871615434
90000,557.7959810902393
93600,664.2168088455317
97200,756.9318584392429
100800,829.6227524604249
104400,877.3357266089158
108000,896.8192205459145
111600,886.7454663576102
115200,847.8009737442703
118800,782.6397455186768
122400,695.7024117003821
126000,592.9136079183669
129600,481.27822128384537
133200,368.40401890976085
136800,261.98319115446805
140400,169.26814156075653
144000,96.57724753957501
147600,48.86427339108411
151200,29.380779454085598
154800,39.45453364238978
158400,78.39902625573
162000,143.56025448132317
165600,230.49758829961795
169200,333.28639208163304
172800,444.9217787161546
176400,557.7959810902399
180000,664.2168088455319
183600,756.9318584392429
187200,829.622752460425
190800,877.3357266089159
194400,896.8192205459145
198000,886.7454663576103
201600,847.8009737442703
205200,782.6397455186764
208800,695.7024117003822
212400,592.9136079183678
216000,481.2782212838455
219600,368.4040189097609
223200,261.9831911544675
226800,169.26814156075721
230400,96.57724753957507
234000,48.864273391083884
237600,29.380779454085598
241200,39.454533642389606
244800,78.39902625572961
248400,143.56025448132362
252000,230.49758829961849
255600,333.286392081633
259200,444.9217787161537
262800,557.795981090239
266400,664.2168088455325
270000,756.9318584392429
273600,829.6227524604249
277200,877.3357266089156
280800,896.8192205459145
284400,886.7454663576102
288000,847.8009737442704
291600,782.6397455186765
295200,695.702411700383
298800,592.9136079183671
302400,481.2782212838464
306000,368.40401890975954
309600,261.9831911544676
313200,169.26814156075727
316800,96.57724753957513
320400,48.864273391084396
324000,29.38077945408554
327600,39.45453364238989
331200,78.39902625572955
334800,143.56025448132357
338400,230.4975882996171
342000,333.2863920816314
345600,444.9217787161552
349200,557.7959810902389
352800,664.2168088455323
356400,756.9318584392427
360000,829.6227524604241
363600,877.335726608916
367200,896.8192205459145
370800,886.7454663576102
374400,847.8009737442706
378000,782.6397455186775
381600,695.7024117003817
385200,592.9136079183672
388800,481.2782212838449
392400,368.40401890976113
396000,261.98319115446907
399600,169.26814156075739
403200,96.57724753957524
406800,48.864273391084
410400,29.380779454085598
414000,39.45453364238955
417600,78.3990262557295
421200,143.5602544813235
424800,230.49758829961834
428400,333.28639208163275
432000,444.92177871615354
435600,557.7959810902389
439200,664.2168088455323
442800,756.9318584392427
446400,829.6227524604249
450000,877.335726608916
453600,896.8192205459144
457200,886.7454663576106
460800,847.8009737442706
464400,782.6397455186766
468000,695.7024117003817
471600,592.9136079183688
475200,481.27822128384656
478800,368.40401890976125
482400,261.9831911544678
486000,169.2681415607563
489600,96.57724753957609
493200,48.86427339108445
496800,29.380779454085598
500400,39.45453364238983
504000,78.39902625573018
507600,143.56025448132237
511200,230.49758829961692
514800,333.2863920816327
518400,444.92177871615496
522000,557.7959810902403
525600,664.2168088455309
529200,756.9318584392427
532800,829.6227524604249
536400,877.335726608916
540000,896.8192205459145
543600,886.7454663576106
547200,847.8009737442706
550800,782.6397455186766
554400,695.7024117003818
558000,592.913607918366
561600,481.2782212838467
565200,368.40401890976136
568800,261.9831911544679
572400,169.2681415607587
576000,96.5772475395745
579600,48.86427339108451
583200,29.380779454085598
586800,39.45453364238983
590400,78.39902625573012
594000,143.56025448132442
597600,230.49758829961684
601200,333.2863920816326
604800,444.92177871615485
608400,557.7959810902371
612000,664.2168088455307
615600,756.9318584392424
619200,829.622752460423
622800,877.335726608916
626400,896.8192205459145
630000,886.74546635761
633600,847.8009737442707
637200,782.6397455186768
640800,695.702411700382
644400,592.913607918369
648000,481.2782212838468
651600,368.4040189097615
655200,261.9831911544707
658800,169.2681415607587
662400,96.57724753957456
666000,48.8642733910836
669600,29.380779454085598
673200,39.45453364238978
676800,78.39902625573006
680400,143.5602544813222
684000,230.49758829961675
687600,333.28639208163247
691200,444.92177871615166
694800,557.7959810902371
698400,664.2168088455334
702000,756.9318584392447
705600,829.6227524604246
709200,877.3357266089159
712800,896.8192205459145
716400,886.7454663576107
720000,847.8009737442708
723600,782.6397455186768
727200,695.7024117003847
730800,592.9136079183692
734400,481.2782212838469
738000,368.4040189097585
741600,261.98319115446805
745200,169.26814156075653
748800,96.57724753957456
752400,48.864273391084566
756000,29.380779454085598
759600,39.45453364238978
763200,78.39902625572859
766800,143.56025448132215
770400,230.49758829961664
774000,333.2863920816294
777600,444.9217787161546
781200,557.7959810902399
784800,664.2168088455333
788400,756.9318584392423
792000,829.6227524604246
795600,877.3357266089159
799200,896.8192205459144
802800,886.7454663576107
806400,847.8009737442708
810000,782.639745518679
813600,695.7024117003822
817200,592.9136079183663
820800,481.2782212838439
824400,368.40401890976165
828000,261.98319115446816
831600,169.2681415607566
835200,96.57724753957632
838800,48.86427339108462
842400,29.380779454085598
846000,39.45453364238904
849600,78.39902625572853
853200,143.56025448132414
856800,230.49758829961914
860400,333.28639208163224
864000,444.9217787161545
867600,557.7959810902398
871200,664.2168088455305
874800,756.9318584392422
878400,829.6227524604245
882000,877.3357266089159
885600,896.8192205459144
889200,886.7454663576113
892800,847.8009737442708
896400,782.6397455186749
900000,695.7024117003823
903600,592.9136079183693
907200,481.278221283844
910800,368.40401890976176
914400,261.983191154471
918000,169.2681415607567
921600,96.57724753957638
925200,48.86427339108553
928800,29.380779454085598
932400,39.45453364238904
936000,78.39902625572711
939600,143.56025448132198
943200,230.49758829961385
946800,333.2863920816263
950400,444.9217787161513
954000,557.7959810902337
957600,664.2168088455248
961200,756.9318584392399
964800,829.6227524604245
968400,877.3357266089149
972000,896.8192205459143
975600,886.7454663576107
979200,847.8009737442724
982800,782.6397455186811
986400,695.7024117003849
990000,592.9136079183723
993600,481.2782212838534
997200,368.4040189097649
1000800,261.9831911544684
1004400,169.26814156075903
1008000,96.57724753957808
1011600,48.86427339108468
1015200,29.38077945408577
1018800,39.454533642388355
1022400,78.39902625572842
1026000,143.56025448131987
1029600,230.49758829961115
1033200,333.2863920816291
1036800,444.92177871615434
1040400,557.7959810902366
1044000,664.2168088455276
1047600,756.9318584392421
1051200,829.6227524604228
1054800,877.335726608914
1058400,896.8192205459144
1062000,886.7454663576113
1065600,847.8009737442737
1069200,782.6397455186791
1072800,695.7024117003876
1076400,592.9136079183695
1080000,481.2782212838504
1083600,368.404018909762
1087200,261.98319115447117
1090800,169.26814156076136
1094400,96.57724753957649
1098000,48.864273391085646
1101600,29.38077945408594
1105200,39.45453364238904
1108800,78.399026255727
1112400,143.56025448132192
1116000,230.4975882996137
1119600,333.28639208163196
1123200,444.92177871615115
1126800,557.7959810902335
1130400,664.2168088455302
1134000,756.9318584392397
1137600,829.622752460421
1141200,877.3357266089149
1144800,896.8192205459143
1148400,886.745466357612
1152000,847.8009737442724
1155600,782.6397455186773
1159200,695.702411700385
1162800,592.9136079183726
1166400,481.2782212838474
1170000,368.4040189097651
1173600,261.983191154474
1177200,169.2681415607592
1180800,96.5772475395782
1184400,48.86427339108474
1188000,29.38077945408577
1191600,39.45453364238966
1195200,78.39902625572552
1198800,143.5602544813197
1202400,230.497588299611
1206000,333.2863920816289
1209600,444.9217787161541
1213200,557.7959810902364
1216800,664.2168088455328
1220400,756.9318584392374
1224000,829.6227524604226
1227600,877.335726608914
1231200,896.8192205459143
1234800,886.7454663576113
1238400,847.800973744271
1242000,782.6397455186835
1245600,695.7024117003878
1249200,592.9136079183697
1252800,481.2782212838506
1256400,368.40401890976216
1260000,261.98319115447134
1263600,169.26814156075704
1267200,96.5772475395799
1270800,48.8642733910857
1274400,29.38077945408594
1278000,39.45453364238898
1281600,78.39902625572688
1285200,143.56025448132175
1288800,230.4975882996187
1292400,333.2863920816259
1296000,444.9217787161509
1299600,557.7959810902333
1303200,664.2168088455301
1306800,756.9318584392396
1310400,829.6227524604242
1314000,877.335726608913
1317600,896.8192205459143
1321200,886.745466357612
1324800,847.8009737442725
1328400,782.6397455186773
1332000,695.7024117003853
1335600,592.9136079183669
1339200,481.2782212838538
1342800,368.4040189097653
1346400,261.9831911544742
1350000,169.26814156075937
1353600,96.57724753957831
1357200,48.864273391084794
1360800,29.380779454085996
1364400,39.45453364238824
1368000,78.39902625572824
1371600,143.5602544813196
1375200,230.497588299616
1378800,333.2863920816287
1382400,444.9217787161539
1386000,557.7959810902302
1389600,664.2168088455271
1393200,756.9318584392372
1396800,829.6227524604226
1400400,877.3357266089157
1404000,896.8192205459143
1407600,886.7454663576101
1411200,847.800973744274
1414800,782.6397455186794
1418400,695.702411700388
1422000,592.91360791837
1425600,481.2782212838508
1429200,368.4040189097624
1432800,261.983191154477
1436400,169.2681415607617
1440000,96.57724753957672
1443600,48.8642733910857
1447200,29.380779454085655
1450800,39.454533642388924
1454400,78.39902625572967
1458000,143.56025448131743
1461600,230.4975882996133
1465200,333.28639208162565
1468800,444.9217787161507
1472400,557.7959810902331
1476000,664.2168088455298
1479600,756.931858439244
1483200,829.6227524604208
1486800,877.3357266089147
1490400,896.8192205459142
1494000,886.7454663576108
1497600,847.8009737442726
1501200,782.6397455186775
1504800,695.7024117003907
1508400,592.9136079183729
1512000,481.278221283854
1515600,368.4040189097655
1519200,261.9831911544689
1522800,169.2681415607595
1526400,96.57724753957513
1530000,48.86427339108667
1533600,29.38077945408577
1537200,39.454533642388185
1540800,78.39902625572813
1544400,143.56025448131942
1548000,230.4975882996158
1551600,333.2863920816226
1555200,444.9217787161475
1558800,557.795981090236
1562400,664.216808845527
1566000,756.9318584392416
1569600,829.6227524604224
1573200,877.3357266089156
1576800,896.819220545914
1580400,886.7454663576116
1584000,847.8009737442741
1587600,782.6397455186795
1591200,695.7024117003882
1594800,592.9136079183702
1598400,481.27822128384486
1602000,368.40401890976864
1605600,261.98319115447174
1609200,169.26814156076188
1612800,96.57724753957677
1616400,48.86427339108582
1620000,29.380779454085655
1623600,39.4545336423875
1627200,78.39902625572665
1630800,143.56025448132146
1634400,230.49758829961314
1638000,333.28639208163133
1641600,444.92177871615047
1645200,557.7959810902389
1648800,664.2168088455242
1652400,756.9318584392392
1656000,829.6227524604208
1659600,877.3357266089147
1663200,896.8192205459142
1666800,886.7454663576109
1670400,847.8009737442699
1674000,782.6397455186818
1677600,695.7024117003857
1681200,592.9136079183731
1684800,481.27822128384804
1688400,368.4040189097657
1692000,261.98319115446907
1695600,169.2681415607642
1699200,96.57724753957854
1702800,48.86427339108678
1706400,29.38077945408577
1710000,39.45453364238949
1713600,78.39902625572807
1717200,143.56025448132345
1720800,230.49758829961044
1724400,333.28639208162826
1728000,444.9217787161473
1731600,557.7959810902358
1735200,664.2168088455268
1738800,756.9318584392415
1742400,829.622752460419
1746000,877.3357266089138
1749600,896.8192205459143
1753200,886.7454663576116
1756800,847.8009737442713
1760400,782.6397455186798
1764000,695.7024117003883
1767600,592.9136079183703
1771200,481.2782212838451
1774800,368.4040189097688
1778400,261.9831911544719
1782000,169.2681415607666
1785600,96.57724753958024
1789200,48.864273391085874
1792800,29.380779454085655
1796400,39.454533642390174
1800000,78.39902625572654
1803600,143.5602544813213
1807200,230.49758829960777
1810800,333.28639208162525
1814400,444.9217787161503
1818000,557.7959810902387
1821600,664.2168088455239
1825200,756.9318584392391
1828800,829.622752460424
1832400,877.3357266089128
1836000,896.8192205459142
1839600,886.7454663576109
1843200,847.8009737442699
1846800,782.6397455186736
1850400,695.7024117003754
1854000,592.9136079183675
1857600,481.27822128384213
1861200,368.4040189097659
1864800,261.9831911544693
1868400,169.26814156075528
1872000,96.57724753957206
1875600,48.86427339108502
1879200,29.38077945408554
1882800,39.4545336423908
1886400,78.39902625572796
1890000,143.56025448132328
1893600,230.4975882996207
1897200,333.28639208163986
1900800,444.92177871615326
1904400,557.7959810902416
1908000,664.2168088455267
1911600,756.9318584392413
1915200,829.6227524604255
1918800,877.3357266089174
1922400,896.8192205459147
1926000,886.7454663576102
1929600,847.8009737442685
1933200,782.6397455186799
1936800,695.7024117003833
1940400,592.9136079183646
1944000,481.2782212838391
1947600,368.404018909763
1951200,261.9831911544667
1954800,169.26814156075307
1958400,96.57724753957706
1962000,48.86427339108411
1965600,29.380779454085427
1969200,39.45453364239148
1972800,78.39902625572932
1976400,143.56025448132533
1980000,230.4975882996128
1983600,333.2863920816309
1987200,444.9217787161562
1990800,557.7959810902445
1994400,664.2168088455402
1998000,756.9318584392436
2001600,829.6227524604271
2005200,877.3357266089146
2008800,896.8192205459145
2012400,886.7454663576095
2016000,847.8009737442671
2019600,782.639745518678
2023200,695.7024117003808
2026800,592.9136079183736
2030400,481.2782212838485
2034000,368.4040189097601
2037600,261.983191154464
2041200,169.2681415607509
2044800,96.57724753957547
2048400,48.8642733910832
2052000,29.380779454085825
2055600,39.45453364238938
2059200,78.39902625573069
2062800,143.56025448132732
2066400,230.4975882996153
2070000,333.2863920816338
2073600,444.9217787161592
2077200,557.7959810902354
2080800,664.2168088455319
2084400,756.9318584392457
2088000,829.6227524604287
2091600,877.3357266089154
2095200,896.8192205459145
2098800,886.7454663576116
2102400,847.8009737442715
2106000,782.6397455186759
2109600,695.7024117003783
2113200,592.9136079183589
2116800,481.27822128384554
2120400,368.4040189097572
2124000,261.9831911544723
2127600,169.26814156075778
2131200,96.57724753957388
2134800,48.86427339108229
2138400,29.380779454085655
2142000,39.45453364239006
2145600,78.39902625572637
2149200,143.560254481321
2152800,230.4975882996178
2156400,333.2863920816366
2160000,444.9217787161622
2163600,557.7959810902382
2167200,664.2168088455345
2170800,756.9318584392388
2174400,829.6227524604237
2178000,877.3357266089163
2181600,896.8192205459147
2185200,886.7454663576083
2188800,847.8009737442701
2192400,782.6397455186739
2196000,695.7024117003862
2199600,592.9136079183679
2203200,481.2782212838425
2206800,368.4040189097543
2210400,261.98319115446964
2214000,169.26814156075557
2217600,96.57724753957888
2221200,48.86427339108508
2224800,29.380779454085598
2228400,39.454533642390686
2232000,78.39902625573347
2235600,143.560254481323
2239200,230.4975882996203
2242800,333.2863920816277
2246400,444.92177871615286
2250000,557.7959810902412
2253600,664.2168088455371
2257200,756.9318584392411
2260800,829.6227524604253
2264400,877.3357266089172
2268000,896.8192205459143
2271600,886.7454663576104
2275200,847.8009737442687
2278800,782.6397455186718
2282400,695.7024117003837
2286000,592.9136079183651
2289600,481.2782212838519
2293200,368.4040189097634
2296800,261.983191154467
2300400,169.2681415607534
2304000,96.57724753957069
2307600,48.864273391084225
2311200,29.380779454085427
2314800,39.4545336423887
2318400,78.39902625572915
2322000,143.56025448132505
2325600,230.49758829962286
2329200,333.28639208163054
2332800,444.9217787161558
2336400,557.7959810902321
2340000,664.2168088455289
2343600,756.9318584392432
2347200,829.6227524604269
2350800,877.3357266089145
2354400,896.819220545915
2358000,886.7454663576098
2361600,847.800973744273
2365200,782.6397455186782
2368800,695.7024117003812
2372400,592.9136079183622
2376000,481.2782212838489
2379600,368.4040189097485
2383200,261.9831911544644
2386800,169.26814156076028
2390400,96.5772475395757
2394000,48.864273391083316
2397600,29.380779454085314
2401200,39.45453364238932
2404800,78.39902625572483
2408400,143.56025448132704
2412000,230.49758829961496
2415600,333.2863920816334
2419200,444.92177871615877
2422800,557.795981090247
2426400,664.2168088455314
2430000,756.9318584392363
2433600,829.6227524604285
2437200,877.3357266089154
2440800,896.8192205459145
2444400,886.7454663576118
2448000,847.800973744266
2451600,782.6397455186761
2455200,695.702411700389
2458800,592.9136079183594
2462400,481.27822128384594
2466000,368.4040189097576
2469600,261.9831911544727
2473200,169.26814156074903
2476800,96.5772475395741
2480400,48.8642733910861
2484000,29.38077945408571
2487600,39.454533642390004
2491200,78.39902625573188
2494800,143.56025448132073
2498400,230.49758829962786
2502000,333.2863920816362
2505600,444.92177871614945
2509200,557.7959810902379
2512800,664.2168088455342
2516400,756.9318584392477
2520000,829.6227524604235
2523600,877.3357266089125
2527200,896.8192205459147
2530800,886.7454663576111
2534400,847.8009737442703
2538000,782.6397455186741
2541600,695.7024117003762
2545200,592.9136079183684
2548800,481.2782212838553
2552400,368.4040189097547
2556000,261.98319115447003
2559600,169.2681415607559
2563200,96.5772475395791
2566800,48.864273391081554
2570400,29.380779454085598
2574000,39.45453364238796
2577600,78.3990262557333
2581200,143.56025448132272
2584800,230.49758829961996
2588400,333.28639208162724
2592000,444.92177871616474
2595600,557.7959810902407
2599200,664.2168088455259
2602800,756.9318584392406
2606400,829.6227524604251
2610000,877.3357266089172
2613600,896.8192205459143
2617200,886.7454663576077
2620800,847.800973744269
2624400,782.6397455186805
2628000,695.702411700384
2631600,592.9136079183654
2635200,481.27822128383997
2638800,368.40401890976386
2642400,261.9831911544784
2646000,169.2681415607537
2649600,96.57724753957751
2653200,48.86427339108434
2656800,29.380779454085427
2660400,39.454533642391254
2664000,78.39902625572898
2667600,143.5602544813164
2671200,230.49758829962246
2674800,333.2863920816301
2678400,444.92177871615536
2682000,557.7959810902316
2685600,664.2168088455394
2689200,756.9318584392429
2692800,829.6227524604201
2696400,877.335726608918
2700000,896.8192205459144
2703600,886.7454663576098
2707200,847.8009737442733
2710800,782.6397455186701
2714400,695.7024117003815
2718000,592.9136079183744
2721600,481.27822128384935
2725200,368.4040189097609
2728800,261.98319115446475
2732400,169.26814156076063
2736000,96.57724753956927
2739600,48.864273391083486
2743200,29.380779454085882
2746800,39.454533642389265
2750400,78.39902625573029
2754000,143.56025448132675
2757600,230.49758829961456
2761200,333.28639208164475
2764800,444.92177871615837
2768400,557.7959810902346
2772000,664.2168088455312
2775600,756.9318584392452
2779200,829.6227524604283
2782800,877.3357266089151
2786400,896.819220545914
2790000,886.7454663576091
2793600,847.8009737442719
2797200,782.6397455186765
2800800,695.702411700379
2804400,592.9136079183597
2808000,481.2782212838464
2811600,368.40401890977006
2815200,261.98319115446213
2818800,169.2681415607584
2822400,96.57724753957427
2826000,48.86427339108627
2829600,29.3807794540852
2833200,39.45453364238989
2836800,78.39902625572597
2840400,143.5602544813288
2844000,230.4975882996171
2847600,333.2863920816358
2851200,444.921778716149
2854800,557.7959810902495
2858400,664.2168088455337
2862000,756.9318584392381
2865600,829.6227524604233
2869200,877.335726608916
2872800,896.8192205459147
2876400,886.7454663576111
2880000,847.8009737442649
2883600,782.6397455186744
2887200,695.7024117003868
2890800,592.9136079183687
2894400,481.2782212838434
2898000,368.4040189097551
2901600,261.98319115447043
2905200,169.26814156076534
2908800,96.57724753957268
2912400,48.86427339108536
2916000,29.380779454085598
2919600,39.45453364239057
2923200,78.39902625573308
2926800,143.56025448132243
2930400,230.49758829960916
2934000,333.28639208163867
2937600,444.921778716152
2941200,557.7959810902404
2944800,664.2168088455255
2948400,756.9318584392495
2952000,829.6227524604249
2955600,877.3357266089133
2959200,896.8192205459147
2962800,886.7454663576106
2966400,847.8009737442692
2970000,782.6397455186807
2973600,695.7024117003739
2977200,592.9136079183659
2980800,481.27822128385276
2984400,368.40401890976426
2988000,261.9831911544678
2991600,169.26814156075403
2995200,96.57724753957774
2998800,48.86427339108076
3002400,29.380779454085484
3006000,39.45453364238847
3009600,78.3990262557287
3013200,143.56025448132442
3016800,230.49758829962215
3020400,333.28639208162974
3024000,444.9217787161426
3027600,557.7959810902432
3031200,664.2168088455281
3034800,756.9318584392427
3038400,829.6227524604265
3042000,877.3357266089179
3045600,896.8192205459144
3049200,886.7454663576126
3052800,847.8009737442678
3056400,782.6397455186788
3060000,695.7024117003818
3063600,592.9136079183747
3067200,481.2782212838374
3070800,368.40401890976136
3074400,261.9831911544761
3078000,169.26814156075181
3081600,96.57724753957615
3085200,48.8642733910836
3088800,29.380779454085882
3092400,39.45453364239182
3096000,78.39902625573012
3099600,143.5602544813181
3103200,230.49758829961425
3106800,333.2863920816326
3110400,444.9217787161579
3114000,557.7959810902341
3117600,664.2168088455417
3121200,756.9318584392447
3124800,829.6227524604215
3128400,877.335726608915
3132000,896.8192205459145
3135600,886.7454663576093
3139200,847.8009737442721
3142800,782.6397455186851
3146400,695.7024117003793
3150000,592.913607918372
3153600,481.2782212838468
3157200,368.40401890975846
3160800,261.9831911544625
3164400,169.2681415607587
3168000,96.57724753958115
3171600,48.86427339108269
3175200,29.38077945408571
3178800,39.45453364238978
3182400,78.3990262557258
3186000,143.5602544813285
3189600,230.49758829961675
3193200,333.2863920816236
3196800,444.92177871616093
3200400,557.7959810902371
3204000,664.2168088455334
3207600,756.9318584392379
3211200,829.6227524604296
3214800,877.3357266089159
3218400,896.819220545914
3222000,886.7454663576086
3225600,847.8009737442708
3229200,782.6397455186748
3232800,695.7024117003873
3236400,592.9136079183573
3240000,481.27822128384383
3243600,368.40401890976756
3247200,261.9831911544708
3250800,169.26814156075653
3254400,96.57724753957297
3258000,48.864273391085476
3261600,29.380779454085086
3265200,39.45453364239046
3268800,78.39902625572716
3272400,143.5602544813222
3276000,230.49758829961925
3279600,333.28639208163827
3283200,444.92177871615155
3286800,557.7959810902279
3290400,664.216808845536
3294000,756.93185843924
3297600,829.6227524604246
3301200,877.3357266089168
3304800,896.8192205459147
3308400,886.7454663576107
3312000,847.8009737442751
3315600,782.6397455186727
3319200,695.7024117003848
3322800,592.9136079183663
3326400,481.27822128385316
3330000,368.4040189097526
3333600,261.98319115446816
3337200,169.26814156076347
3340800,96.57724753957137
3344400,48.86427339108462
3348000,29.380779454085484
3351600,39.45453364238841
3355200,78.39902625573427
3358800,143.56025448132414
3362400,230.49758829961135
3366000,333.2863920816293
3369600,444.9217787161545
3373200,557.7959810902429
3376800,664.2168088455278
3380400,756.9318584392513
3384000,829.6227524604262
3387600,877.335726608914
3391200,896.8192205459144
3394800,886.74546635761
3398400,847.8009737442679
3402000,782.6397455186791
3405600,695.7024117003926
3409200,592.9136079183634
3412800,481.2782212838502
3416400,368.40401890976176
3420000,261.98319115446554
3423600,169.26814156075216
3427200,96.57724753957638
3430800,48.86427339108741
3434400,29.38077945408537
3438000,39.45453364238904
3441600,78.39902625572995
3445200,143.56025448131783
3448800,230.49758829962425
3452400,333.28639208163213
3456000,444.9217787161452
3459600,557.7959810902457
3463200,664.2168088455304
3466800,756.9318584392445
3470400,829.6227524604212
3474000,877.3357266089185
3477600,896.8192205459145
3481200,886.745466357612
3484800,847.8009737442724
3488400,782.639745518677
3492000,695.7024117003798
3495600,592.9136079183723
3499200,481.2782212838349
3502800,368.40401890975886
3506400,261.98319115447384
3510000,169.26814156075903
3513600,96.57724753957478
3517200,48.86427339108286
3520800,29.38077945408577
3524400,39.45453364238966
3528000,78.39902625573131
3531600,143.56025448132823
3535200,230.49758829960595
3538800,333.2863920816468
3542400,444.92177871614814
3546000,557.7959810902366
3549600,664.216808845533
3553200,756.9318584392466
3556800,829.6227524604294
3560400,877.3357266089122
3564000,896.819220545914
3567600,886.7454663576113
3571200,847.8009737442709
3574800,782.639745518675
3578400,695.7024117003772
3582000,592.9136079183577
3585600,481.27822128385657
3589200,368.40401890976796
3592800,261.98319115447117
3596400,169.26814156075682
3600000,96.5772475395732
3603600,48.864273391089284
3607200,29.380779454085086
3610800,39.45453364238767
3614400,78.399026255727
3618000,143.56025448132192
3621600,230.4975882996189
3625200,333.2863920816378
3628800,444.9217787161388
3632400,557.7959810902515
3636000,664.2168088455247
3639600,756.9318584392397
3643200,829.6227524604244
3646800,877.3357266089167
3650400,896.8192205459147
3654000,886.7454663576134
3657600,847.8009737442637
3661200,782.6397455186814
3664800,695.702411700385
3668400,592.9136079183667
3672000,481.2782212838413
3675600,368.40401890975306
3679200,261.98319115447947
3682800,169.26814156074556
3686400,96.5772475395782
3690000,48.86427339109207
3693600,29.38077945408554
3697200,39.45453364238557
3700800,78.39902625572267
3704400,143.56025448131555
3708000,230.497588299611
3711600,333.2863920816289
3715200,444.92177871612944
3718800,557.7959810902183
3722400,664.2168088455164
3726000,756.9318584392329
3729600,829.6227524604194
3733200,877.335726608914
3736800,896.8192205459143
3740400,886.7454663576154
3744000,847.8009737442796
3747600,782.6397455186877
3751200,695.702411700393
3754800,592.9136079183756
3758400,481.27822128387527
3762000,368.40401890976216
3765600,261.98319115448777
3769200,169.26814156077063
3772800,96.5772475395832
3776400,48.86427339108752
3780000,29.38077945408594
3783600,39.45453364238358
3787200,78.39902625572972
3790800,143.56025448130924
3794400,230.4975882996031
3798000,333.28639208161997
3801600,444.92177871614473
3805200,557.7959810902333
3808800,664.2168088455081
3812400,756.9318584392441
3816000,829.6227524604144
3819600,877.3357266089112
3823200,896.8192205459139
3826800,886.745466357612
3830400,847.8009737442725
3834000,782.639745518694
3837600,695.702411700401
3841200,592.9136079183845
3844800,481.27822128386
3848400,368.4040189097713
3852000,261.9831911544742
3855600,169.26814156075937
3859200,96.5772475395882
3862800,48.86427339109031
3866400,29.38077945408628
3870000,39.45453364238688
3873600,78.3990262557254
3877200,143.56025448130288
3880800,230.497588299616
3884400,333.28639208161104
3888000,444.9217787161354
3891600,557.7959810902241
3895200,664.2168088455217
3898800,756.9318584392372
3902400,829.6227524604093
3906000,877.3357266089157
3909600,896.8192205459136
3913200,886.7454663576141
3916800,847.8009737442768
3920400,782.6397455186836
3924000,695.702411700388
3927600,592.9136079183935
3931200,481.2782212838447
3934800,368.40401890978046
3938400,261.9831911544825
3942000,169.26814156076625
3945600,96.57724753958001
3949200,48.8642733910857
3952800,29.380779454086678
3956400,39.45453364238489
3960000,78.39902625572108
3963600,143.56025448131322
3967200,230.4975882996081
3970800,333.28639208162565
3974400,444.9217787161507
3978000,557.795981090215
3981600,664.2168088455135
3985200,756.9318584392304
3988800,829.6227524604176
3992400,877.3357266089129
3996000,896.8192205459142
3999600,886.7454663576108
4003200,847.8009737442812
4006800,782.63974551869
4010400,695.7024117003959
4014000,592.9136079183788
4017600,481.278221283854
4021200,368.40401890978956
4024800,261.9831911544689
4028400,169.26814156077313
4032000,96.57724753958502
4035600,48.864273391088545
4039200,29.380779454086053
4042800,39.454533642388185
4046400,78.3990262557167
4050000,143.56025448132357
4053600,230.4975882996002
4057200,333.2863920816167
4060800,444.9217787161414
4064400,557.7959810902299
4068000,664.216808845527
4071600,756.9318584392234
4075200,829.6227524604258
4078800,877.3357266089101
4082400,896.8192205459138
4086000,886.7454663576129
4089600,847.8009737442741
4093200,782.6397455186795
4096800,695.7024117004038
4100400,592.9136079183878
4104000,481.2782212838634
4107600,368.40401890977466
4111200,261.98319115447725
4114800,169.26814156076188
4118400,96.57724753957677
4122000,48.86427339109139
4125600,29.38077945408645
4129200,39.454533642386195
4132800,78.39902625572381
4136400,143.56025448131726
4140000,230.4975882995923
4143600,333.28639208163133
4147200,444.921778716132
4150800,557.7959810902208
4154400,664.2168088455187
4158000,756.9318584392347
4161600,829.6227524604208
4165200,877.3357266089073
4168800,896.8192205459145
4172400,886.7454663576149
4176000,847.8009737442784
4179600,782.6397455186859
4183200,695.7024117003909
4186800,592.9136079183731
4190400,481.2782212838727
4194000,368.40401890975966
4197600,261.9831911544855
4201200,169.26814156076875
4204800,96.57724753958183
4208400,48.86427339108678
4212000,29.38077945408577
4215600,39.45453364238415
4219200,78.39902625571949
4222800,143.5602544813109
4226400,230.4975882996052
4230000,333.2863920816224
4233600,444.9217787161473
4237200,557.7959810902358
4240800,664.2168088455104
4244400,756.9318584392279
4248000,829.6227524604158
4251600,877.3357266089118
4255200,896.819220545914
4258800,886.745466357617
4262400,847.8009737442713
4266000,782.6397455186923
4269600,695.7024117003988
4273200,592.9136079183821
4276800,481.2782212838574
4280400,368.4040189097688
4284000,261.9831911544938
4287600,169.26814156075744
4291200,96.57724753958684
4294800,48.86427339108957
4298400,29.380779454086223
4302000,39.454533642387446
4305600,78.39902625572654
4309200,143.56025448130458
4312800,230.4975882996182
4316400,333.2863920816135
4320000,444.92177871613796
4323600,557.7959810902266
4327200,664.2168088455239
4330800,756.9318584392391
4334400,829.6227524604108
4338000,877.335726608909
4341600,896.8192205459136
4345200,886.7454663576136
4348800,847.8009737442757
4352400,782.6397455186819
4356000,695.7024117003858
4359600,592.913607918391
4363200,481.27822128386674
4366800,368.40401890977796
4370400,261.9831911544802
4374000,169.26814156076438
4377600,96.57724753959184
4381200,48.86427339108502
4384800,29.380779454086564
4388400,39.45453364238546
4392000,78.39902625572222
4395600,143.56025448131493
4399200,230.49758829961027
4402800,333.2863920816045
4406400,444.92177871615326
4410000,557.7959810902175
4413600,664.2168088455156
4417200,756.9318584392322
4420800,829.622752460419
4424400,877.3357266089137
4428000,896.8192205459133
4431600,886.7454663576102
4435200,847.8009737442799
4438800,782.6397455186883
4442400,695.7024117003937
4446000,592.9136079183764
4449600,481.27822128385145
4453200,368.40401890978706
4456800,261.9831911544667
4460400,169.26814156077126
4464000,96.57724753958365
4467600,48.864273391087806
4471200,29.38077945408594
4474800,39.45453364238875
4478400,78.3990262557179
4482000,143.56025448130862
4485600,230.49758829960237
4489200,333.28639208161917
4492800,444.9217787161439
4496400,557.7959810902324
4500000,664.2168088455293
4503600,756.9318584392254
4507200,829.622752460414
4510800,877.3357266089108
4514400,896.8192205459138
4518000,886.7454663576123
4521600,847.8009737442843
4525200,782.6397455186778
4528800,695.7024117004016
4532400,592.9136079183853
4536000,481.27822128386083
4539600,368.40401890977216
4543200,261.983191154475
4546800,169.26814156077813
4550400,96.57724753957547
4554000,48.86427339109059
4557600,29.380779454086337
4561200,39.454533642386764
4564800,78.399026255725
4568400,143.56025448131902
4572000,230.49758829959447
4575600,333.2863920816338
4579200,444.92177871613455
4582800,557.7959810902233
4586400,664.216808845521
4590000,756.9318584392365
4593600,829.6227524604221
4597200,877.3357266089081
4600800,896.8192205459135
4604400,886.7454663576143
4608000,847.8009737442771
4611600,782.6397455186842
4615200,695.7024117003887
4618800,592.9136079183708
4622400,481.27822128387015
4626000,368.40401890978126
4629600,261.9831911544833
4633200,169.26814156076688
4636800,96.57724753958047
4640400,48.86427339109338
4644000,29.380779454085655
4647600,39.45453364238466
4651200,78.39902625572068
4654800,143.56025448131265
4658400,230.4975882996074
4662000,333.28639208162485
4665600,444.92177871612523
4669200,557.7959810902382
4672800,664.2168088455127
4676400,756.9318584392297
4680000,829.6227524604171
4683600,877.3357266089126
4687200,896.8192205459142
4690800,886.7454663576164
4694400,847.8009737442701
4698000,782.6397455186905
4701600,695.7024117003966
4705200,592.9136079183796
4708800,481.27822128387953
4712400,368.4040189097663
4716000,261.98319115446964
4719600,169.26814156077376
4723200,96.57724753958547
4726800,48.86427339108144
4730400,29.380779454086053
4734000,39.45453364238807
4737600,78.39902625571636
4741200,143.56025448130634
4744800,230.4975882996203
4748400,333.2863920816159
4752000,444.9217787161405
4755600,557.7959810902291
4759200,664.2168088455044
4762800,756.9318584392411
4766400,829.6227524604253
4770000,877.3357266089099
4773600,896.8192205459138
4777200,886.7454663576184
4780800,847.8009737442744
4784400,782.6397455186802
4788000,695.7024117004045
4791600,592.9136079183886
4795200,481.27822128383957
4798800,368.40401890977546
4802400,261.98319115447794
4806000,169.2681415607625
4809600,96.57724753959047
4813200,48.864273391084225
4816800,29.380779454086507
4820400,39.45453364238597
4824000,78.39902625572341
4827600,143.56025448129998
4831200,230.4975882996124
4834800,333.28639208163054
4838400,444.92177871613114
4842000,557.79598109022
4845600,664.2168088455398
4849200,756.931858439234
4852800,829.6227524604203
4856400,877.3357266089071
4860000,896.8192205459134
4863600,886.7454663576098
4867200,847.8009737442787
4870800,782.6397455186866
4874400,695.7024117003915
4878000,592.9136079183975
4881600,481.2782212838489
4885200,368.4040189097605
4888800,261.98319115448624
4892400,169.26814156076938
4896000,96.57724753959548
4899600,48.86427339108701
4903200,29.380779454085825
4906800,39.45453364238398
4910400,78.3990262557191
4914000,143.56025448132704
4917600,230.49758829960456
4921200,333.28639208162156
4924800,444.92177871614643
4928400,557.7959810902108
4932000,664.2168088455314
4935600,756.9318584392272
4939200,829.6227524604153
4942800,877.3357266089116
4946400,896.8192205459129
4950000,886.7454663576118
4953600,847.8009737442717
4957200,782.6397455186928
4960800,695.7024117003995
4964400,592.9136079183594
4968000,481.2782212838583
4971600,368.40401890976966
4975200,261.98319115449453
4978800,169.26814156077626
4982400,96.5772475395741
4986000,48.864273391089796
4989600,29.380779454086223
4993200,39.454533642387275
4996800,78.39902625571477
5000400,143.56025448132073
5004000,230.49758829961746
5007600,333.2863920816127
5011200,444.9217787161371
5014800,557.7959810902017
5018400,664.2168088455232
5022000,756.9318584392385
5025600,829.6227524604103
5029200,877.3357266089088
5032800,896.8192205459147
5036400,886.7454663576139
5040000,847.800973744276
5043600,782.6397455186825
5047200,695.7024117004073
5050800,592.9136079183684
5054400,481.2782212838676
5058000,368.40401890977876
5061600,261.983191154481
5065200,169.26814156078314
5068800,96.5772475395791
5072400,48.86427339108525
5076000,29.380779454086564
5079600,39.45453364238523
5083200,78.3990262557333
5086800,143.56025448131436
5090400,230.49758829960956
5094000,333.2863920816037
5097600,444.92177871612773
5101200,557.7959810902407
5104800,664.216808845515
5108400,756.9318584392315
5112000,829.6227524604185
5115600,877.335726608906
5119200,896.8192205459143
5122800,886.7454663576104
5126400,847.8009737442803
5130000,782.6397455186889
5133600,695.7024117004153
5137200,592.9136079183772
5140800,481.2782212838523
5144400,368.4040189097879
5148000,261.9831911544893
5151600,169.2681415607537
5155200,96.5772475395841
5158800,48.864273391088034
5162400,29.38077945408594
5166000,39.45453364238318
5169600,78.39902625572898
5173200,143.56025448130805
5176800,230.49758829960166
5180400,333.2863920816184
5184000,444.9217787161184
5187600,557.7959810902316
5191200,664.2168088455285
5194800,756.9318584392247
5198400,829.6227524604135
5202000,877.335726608918
5205600,896.8192205459138
5209200,886.7454663576125
5212800,847.8009737442846
5216400,782.6397455186952
5220000,695.7024117003815
5223600,592.9136079183861
5227200,481.2782212838617
5230800,368.40401890977296
5234400,261.9831911544976
5238000,169.26814156076063
5241600,96.57724753957586
5245200,48.86427339109082
5248800,29.380779454086337
5252400,39.454533642381136
5256000,78.3990262557246
5259600,143.5602544813184
5263200,230.49758829959376
5266800,333.2863920816094
5270400,444.92177871615837
5274000,557.7959810902225
5277600,664.2168088455202
5281200,756.931858439236
5284800,829.6227524604084
5288400,877.3357266089151
5292000,896.8192205459135
5295600,886.7454663576145
5299200,847.8009737442776
5302800,782.6397455187015
5306400,695.7024117003895
5310000,592.9136079183716
5313600,481.278221283871
5317200,368.4040189097821
5320800,261.98319115446213
5324400,169.2681415607675
5328000,96.57724753958092
5331600,48.864273391093604
5335200,29.380779454086735
5338800,39.45453364238989
5342400,78.39902625572029
5346000,143.56025448131209
5349600,230.49758829960666
5353200,333.2863920816005
5356800,444.921778716149
5360400,557.7959810902374
5364000,664.2168088455119
5367600,756.931858439229
5371200,829.6227524604034
5374800,877.3357266089124
5378400,896.819220545914
5382000,886.7454663576166
5385600,847.8009737442819
5389200,782.6397455186744
5392800,695.7024117003973
5396400,592.9136079183804
5400000,481.2782212838557
5403600,368.40401890979126
5407200,261.98319115447043
5410800,169.26814156077438
5414400,96.57724753958598
5418000,48.86427339108906
5421600,29.38077945408719
5425200,39.454533642387844
5428800,78.39902625572739
5432400,143.56025448130578
5436000,230.49758829959876
5439600,333.28639208163867
5443200,444.92177871613967
5446800,557.7959810902283
5450400,664.2168088455036
5454000,756.9318584392222
5457600,829.6227524604249
5461200,877.3357266089097
5464800,896.8192205459138
5468400,886.7454663576132
5472000,847.8009737442862
5475600,782.6397455186807
5479200,695.7024117003843
5482800,592.9136079183894
5486400,481.27822128386504
5490000,368.40401890980036
5493600,261.98319115447873
5497200,169.26814156076313
5500800,96.57724753959099
5504400,48.86427339109184
5508000,29.380779454085484
5511600,39.4545336423858
5515200,78.39902625572302
5518800,143.56025448131612
5522400,230.49758829959086
5526000,333.28639208162974
5529600,444.9217787161303
5533200,557.7959810902191
5536800,664.2168088455172
5540400,756.9318584392154
5544000,829.6227524604199
5547600,877.3357266089142
5551200,896.8192205459134
5554800,886.7454663576152
5558400,847.8009737442678
5562000,782.639745518687
5565600,695.7024117003923
5569200,592.9136079183984
5572800,481.2782212838744
5576400,368.40401890976136
5580000,261.98319115448703
5583600,169.26814156077
5587200,96.57724753958274
5590800,48.86427339109463
5594400,29.380779454085882
5598000,39.45453364238915
5601600,78.3990262557187
5605200,143.5602544813098
5608800,230.49758829962465
5612400,333.28639208162076
5616000,444.9217787161456
5619600,557.79598109021
5623200,664.2168088455089
5626800,756.9318584392447
5630400,829.6227524604149
5634000,877.3357266089114
5637600,896.819220545914
5641200,886.7454663576173
5644800,847.8009737442721
5648400,782.6397455186768
5652000,695.7024117004001
5655600,592.9136079183837
5659200,481.2782212838838
5662800,368.40401890977046
5666400,261.98319115447345
5670000,169.26814156077688
5673600,96.57724753958774
5677200,48.86427339108269
5680800,29.380779454086223
5684400,39.454533642387105
5688000,78.3990262557258
5691600,143.56025448130345
5695200,230.49758829961675
5698800,333.2863920816119
5702400,444.92177871613626
5706000,557.795981090225
5709600,664.2168088455006
5713200,756.9318584392379
5716800,829.622752460423
5720400,877.3357266089085
5724000,896.8192205459136
5727600,886.7454663576086
5731200,847.8009737442765
5734800,782.6397455186831
5738400,695.7024117004081
5742000,592.9136079183927
5745600,481.27822128384383
5749200,368.4040189097796
5752800,261.9831911544817
5756400,169.26814156076563
5760000,96.57724753959275
5763600,48.864273391085476
5767200,29.380779454085598
5770800,39.45453364238506
5774400,78.39902625572142
5778000,143.56025448129714
5781600,230.49758829960885
5785200,333.28639208162645
5788800,444.9217787161269
5792400,557.7959810902158
5796000,664.216808845536
5799600,756.931858439231
5803200,829.622752460418
5806800,877.3357266089131
5810400,896.8192205459131
5814000,886.7454663576107
5817600,847.8009737442808
5821200,782.6397455186893
5824800,695.7024117003951
5828400,592.9136079184016
5832000,481.27822128385316
5835600,368.40401890976466
5839200,261.98319115449004
5842800,169.2681415607725
5846400,96.57724753957137
5850000,48.86427339108826
5853600,29.380779454085996
5857200,39.45453364238301
5860800,78.3990262557171
5864400,143.56025448132414
5868000,230.49758829960095
5871600,333.2863920816176
5875200,444.9217787161422
5878800,557.7959810902067
5882400,664.2168088455278
5886000,756.9318584392422
5889600,829.622752460413
5893200,877.3357266089104
5896800,896.8192205459129
5900400,886.7454663576127
5904000,847.8009737442737
5907600,782.6397455186957
5911200,695.7024117004031
5914800,592.9136079183634
5918400,481.27822128386254
5922000,368.4040189097738
5925600,261.98319115447646
5929200,169.26814156077938
5932800,96.57724753957638
5936400,48.86427339109105
5940000,29.380779454086394
5943600,39.454533642386366
5947200,78.39902625571278
5950800,143.56025448131783
5954400,230.49758829961385
5958000,333.2863920816086
5961600,444.92177871613285
5965200,557.7959810902457
5968800,664.2168088455195
5972400,756.9318584392354
5976000,829.622752460408
5979600,877.3357266089076
5983200,896.8192205459145
5986800,886.7454663576148
5990400,847.800973744278
5994000,782.6397455186855
5997600,695.702411700411
6001200,592.9136079183723
6004800,481.2782212838472
6008400,368.40401890978296
6012000,261.98319115448476
6015600,169.26814156078626
6019200,96.57724753958138
6022800,48.8642733910865
6026400,29.38077945408679
6030000,39.45453364238432
6033600,78.39902625573131
6037200,143.56025448131146
6040800,230.49758829960595
6044400,333.2863920816232
6048000,444.9217787161235
6051600,557.7959810902366
6055200,664.2168088455112
6058800,756.9318584392284
6062400,829.6227524604162
6066000,877.3357266089048
6069600,896.819220545914
6073200,886.7454663576113
6076800,847.8009737442824
6080400,782.6397455186917
6084000,695.7024117003772
6087600,592.9136079183813
6091200,481.27822128385657
6094800,368.40401890979206
6098400,261.98319115449306
6102000,169.26814156075682
6105600,96.57724753958638
6109200,48.864273391089284
6112800,29.380779454086166
6116400,39.45453364238227
6120000,78.399026255727
6123600,143.56025448132192
6127200,230.49758829959805
6130800,333.2863920816143
6134400,444.92177871611415
6138000,557.7959810902275
6141600,664.2168088455247
6145200,756.9318584392215
6148800,829.6227524604112
6152400,877.3357266089167
6156000,896.8192205459137
6159600,886.7454663576134
6163200,847.8009737442752
6166800,782.6397455186981
6170400,695.702411700385
6174000,592.9136079183902
6177600,481.2782212838659
6181200,368.4040189097771
6184800,261.98319115450136
6188400,169.26814156076375
6192000,96.5772475395782
6195600,48.86427339109207
6199200,29.380779454086564
6202800,39.45453364239097
6206400,78.39902625572267
6210000,143.56025448131555
6213600,230.49758829959015
6217200,333.28639208160536
6220800,444.9217787161541
6224400,557.7959810902183
6228000,664.2168088455164
6231600,756.9318584392329
6235200,829.6227524604062
6238800,877.335726608914
6242400,896.8192205459143
6246000,886.7454663576154
6249600,847.8009737442796
6253200,782.6397455187043
6256800,695.702411700393
6260400,592.9136079183756
6264000,481.27822128387527
6267600,368.40401890978626
6271200,261.9831911544659
6274800,169.26814156077063
6278400,96.5772475395832
6282000,48.86427339108752
6285600,29.380779454086905
6289200,39.45453364238898
6292800,78.3990262557183
6296400,143.56025448130924
6300000,230.4975882996031
6303600,333.28639208159643
6307200,444.9217787161448
6310800,557.7959810902333
6314400,664.2168088455081
6318000,756.931858439226
6321600,829.6227524604276
6325200,877.3357266089112
6328800,896.8192205459139
6332400,886.7454663576175
6336000,847.800973744284
6339600,782.6397455186773
6343200,695.702411700401
6346800,592.9136079183845
6350400,481.27822128386
6354000,368.4040189097954
6357600,261.9831911544742
6361200,169.26814156075937
6364800,96.5772475395882
6368400,48.86427339109031
6372000,29.380779454087303
6375600,39.45453364238688
6379200,78.3990262557254
6382800,143.56025448130288
6386400,230.4975882995952
6390000,333.2863920816346
6393600,444.9217787161354
6397200,557.7959810902241
6400800,664.2168088455217
6404400,756.931858439219
6408000,829.6227524604226
6411600,877.3357266089083
6415200,896.8192205459136
6418800,886.7454663576141
6422400,847.8009737442883
6426000,782.6397455186836
6429600,695.702411700388
6433200,592.9136079183935
6436800,481.2782212838693
6440400,368.40401890975636
6444000,261.9831911544825
6447600,169.26814156076625
6451200,96.57724753959326
6454800,48.86427339109315
6458400,29.380779454085655
6462000,39.45453364238489
6465600,78.39902625572108
6469200,143.56025448131322
6472800,230.4975882995873
6476400,333.28639208162565
6480000,444.9217787161507
6483600,557.795981090215
6487200,664.2168088455135
6490800,756.9318584392122
6494400,829.6227524604176
6498000,877.3357266089129
6501600,896.8192205459131
6505200,886.7454663576161
6508800,847.8009737442698
6512400,782.63974551869
6516000,695.7024117003959
6519600,592.9136079183788
6523200,481.2782212838787
6526800,368.4040189097655
6530400,261.9831911544689
6534000,169.26814156077313
6537600,96.57724753958502
6541200,48.864273391095935
6544800,29.380779454086053
6548400,39.454533642388185
6552000,78.3990262557167
6555600,143.5602544813069
6559200,230.49758829962104
6562800,333.2863920816167
6566400,444.9217787161414
6570000,557.79598109023
6573600,664.216808845505
6577200,756.9318584392416
6580800,829.6227524604125
6584400,877.3357266089101
6588000,896.8192205459138
6591600,886.7454663576182
6595200,847.8009737442741
6598800,782.6397455186795
6602400,695.7024117004038
6606000,592.9136079183878
6609600,481.2782212838387
6613200,368.4040189097746
6616800,261.98319115447725
6620400,169.26814156078
6624000,96.57724753959008
6627600,48.86427339108394
6631200,29.38077945408645
6634800,39.454533642386195
6638400,78.39902625572381
6642000,143.56025448130055
6645600,230.49758829961314
6649200,333.28639208163133
6652800,444.921778716132
6656400,557.7959810902208
6660000,664.2168088454969
6663600,756.9318584392347
6667200,829.6227524604208
6670800,877.3357266089073
6674400,896.8192205459134
6678000,886.7454663576095
6681600,847.8009737442784
6685200,782.6397455186859
6688800,695.7024117003909
6692400,592.9136079183967
6696000,481.27822128384804
6699600,368.40401890978376
6703200,261.9831911544855
6706800,169.26814156076875
6710400,96.57724753959508
6714000,48.86427339108678
6717600,29.38077945408577
6721200,39.45453364238415
6724800,78.39902625571949
6728400,143.5602544813276
6732000,230.4975882996052
6735600,333.2863920816224
6739200,444.9217787161227
6742800,557.7959810902117
6746400,664.2168088455323
6750000,756.9318584392279
6753600,829.6227524604158
6757200,877.3357266089118
6760800,896.819220545913
6764400,886.7454663576116
6768000,847.8009737442713
6771600,782.6397455186923
6775200,695.7024117003988
6778800,592.9136079184057
6782400,481.2782212838574
6786000,368.4040189097688
6789600,261.9831911544938
6793200,169.26814156077563
6796800,96.57724753957365
6800400,48.86427339108957
6804000,29.380779454086223
6807600,39.454533642387446
6811200,78.39902625571511
6814800,143.5602544813213
6818400,230.4975882995973
6822000,333.2863920816135
6825600,444.92177871613796
6829200,557.7959810902025
6832800,664.2168088455239
6836400,756.9318584392391
6840000,829.6227524604108
6843600,877.335726608909
6847200,896.8192205459147
6850800,886.7454663576136
6854400,847.8009737442757
6858000,782.6397455186986
6861600,695.7024117004066
6865200,592.9136079183675
6868800,481.27822128386674
6872400,368.40401890977796
6876000,261.9831911544802
6879600,169.2681415607825
6883200,96.57724753957865
6886800,48.86427339108502
6890400,29.380779454086564
6894000,39.45453364238546
6897600,78.3990262557108
6901200,143.56025448131493
6904800,230.49758829961027
6908400,333.2863920816045
6912000,444.9217787161286
6915600,557.7959810902416
6919200,664.2168088455156
6922800,756.9318584392322
6926400,829.622752460419
6930000,877.3357266089063
6933600,896.8192205459143
6937200,886.7454663576157
6940800,847.8009737442799
6944400,782.6397455186883
6948000,695.7024117004146
6951600,592.9136079183764
6955200,481.27822128385145
6958800,368.40401890978706
6962400,261.9831911544885
6966000,169.26814156075307
6969600,96.57724753958365
6973200,48.864273391087806
6976800,29.380779454086962
6980400,39.45453364238335
6984000,78.39902625572932
6987600,143.56025448130862
6991200,230.49758829960237
6994800,333.28639208161917
6998400,444.92177871611926
7002000,557.7959810902324
7005600,664.2168088455293
7009200,756.9318584392254
7012800,829.622752460414
7016400,877.3357266089035
7020000,896.8192205459138
7023600,886.7454663576123
7027200,847.8009737442843
7030800,782.6397455186946
7034400,695.7024117003808
7038000,592.9136079183853
7041600,481.27822128386083
7045200,368.40401890974806
7048800,261.983191154475
7052400,169.26814156077813
7056000,96.5772475396019
7059600,48.86427339109059
7063200,29.380779454085314
7066800,39.454533642386764
7070400,78.39902625571358
7074000,143.56025448131902
7077600,230.49758829959447
7081200,333.2863920816338
7084800,444.92177871613455
7088400,557.7959810901992
7092000,664.216808845521
7095600,756.9318584392184
7099200,829.6227524604221
7102800,877.3357266089081
7106400,896.8192205459125
7110000,886.7454663576143
7113600,847.8009737442658
7117200,782.6397455186842
7120800,695.7024117004096
7124400,592.9136079183708
7128000,481.27822128387015
7131600,368.4040189097572
7135200,261.9831911544833
7138800,169.268141560785
7142400,96.57724753958047
7146000,48.86427339109338
7149600,29.380779454085655
7153200,39.45453364238466
7156800,78.39902625570926
7160400,143.56025448131265
7164000,230.4975882996282
7167600,333.28639208162485
7171200,444.92177871612523
7174800,557.7959810901901
7178400,664.2168088455127
7182000,756.9318584392479
7185600,829.6227524604171
7189200,877.3357266089052
7192800,896.8192205459142
7196400,886.7454663576164
7200000,847.8009737442701
7203600,782.6397455186905
7207200,695.7024117004174
7210800,592.9136079183796
7214400,481.27822128387953
7218000,368.4040189097663
7221600,261.9831911544915
7225200,169.26814156079195
7228800,96.57724753958547
7232400,48.86427339108144
7236000,29.380779454086053
7239600,39.45453364238267
7243200,78.39902625572773
7246800,143.56025448130634
7250400,230.4975882996203
7254000,333.2863920816159
7257600,444.92177871611585
7261200,557.7959810902291
7264800,664.2168088455044
7268400,756.9318584392411
7272000,829.6227524604121
7275600,877.3357266089024
7279200,896.8192205459138
7282800,886.7454663576077
7286400,847.8009737442744
7290000,782.6397455186968
7293600,695.7024117004253
7297200,592.9136079183886
7300800,481.27822128383957
7304400,368.40401890977546
7308000,261.9831911544998
7311600,169.2681415607625
7315200,96.57724753959047
7318800,48.864273391084225
7322400,29.380779454086507
7326000,39.45453364238057
7329600,78.39902625572341
7333200,143.56025448129998
7336800,230.49758829961246
7340400,333.286392081607
7344000,444.9217787161065
7347600,557.79598109022
7351200,664.2168088455398
7354800,756.931858439234
7358400,829.6227524604071
7362000,877.3357266089145
7365600,896.8192205459134
7369200,886.7454663576098
7372800,847.8009737442787
7376400,782.6397455186698
7380000,695.7024117003499
7383600,592.9136079183504
7387200,481.2782212838489
7390800,368.4040189097846
7394400,261.9831911544644
7398000,169.26814156073306
7401600,96.57724753956904
7405200,48.86427339108701
7408800,29.380779454084802
7412400,39.45453364238932
7416000,78.39902625574194
7419600,143.56025448132704
7423200,230.49758829960456
7426800,333.28639208164515
7430400,444.92177871614643
7434000,557.795981090259
7437600,664.2168088455314
7441200,756.9318584392272
7444800,829.6227524604285
7448400,877.3357266089264
7452000,896.8192205459151
7455600,886.7454663576118
7459200,847.8009737442603
7462800,782.6397455186761
7466400,695.7024117003577
7470000,592.9136079183594
7473600,481.2782212838583
7477200,368.40401890974556
7480800,261.9831911544727
7484400,169.26814156073993
7488000,96.5772475395741
7491600,48.864273391089796
7495200,29.3807794540852
7498800,39.454533642398076
7502400,78.39902625573762
7506000,143.56025448132073
7509600,230.49758829959666
7513200,333.2863920816362
7516800,444.9217787161864
7520400,557.7959810902499
7524000,664.2168088455232
7527600,756.9318584392566
7531200,829.6227524604235
7534800,877.3357266089236
7538400,896.8192205459147
7542000,886.7454663576139
7545600,847.8009737442646
7549200,782.6397455186825
7552800,695.7024117003657
7556400,592.9136079183684
7560000,481.2782212838676
7563600,368.4040189097547
7567200,261.98319115443724
7570800,169.2681415607468
7574400,96.5772475395791
7578000,48.86427339107786
7581600,29.380779454085598
7585200,39.45453364239603
7588800,78.3990262557333
7592400,143.56025448131436
7596000,230.4975882996304
7599600,333.28639208162724
7603200,444.9217787161771
7606800,557.7959810902407
7610400,664.216808845515
7614000,756.9318584392497
7617600,829.6227524604449
7621200,877.3357266089208
7624800,896.8192205459143
7628400,886.7454663576158
7632000,847.800973744269
7635600,782.6397455186554
7639200,695.7024117003737
7642800,592.9136079183772
7646400,481.27822128382763
7650000,368.40401890976386
7653600,261.98319115444554
7657200,169.2681415607537
7660800,96.5772475395841
7664400,48.864273391080644
7668000,29.38077945408594
7671600,39.45453364239398
7675200,78.39902625572898
7678800,143.56025448130805
7682400,230.49758829962246
7686000,333.28639208166544
7689600,444.9217787161677
7693200,557.7959810902316
7696800,664.2168088455503
7700400,756.9318584392429
7704000,829.6227524604399
7707600,877.335726608918
7711200,896.8192205459138
7714800,886.745466357607
7718400,847.8009737442733
7722000,782.6397455186618
7725600,695.7024117003815
7729200,592.9136079183861
7732800,481.278221283837
7736400,368.4040189097248
7740000,261.98319115445383
7743600,169.26814156076063
7747200,96.57724753958917
7750800,48.864273391083486
7754400,29.38077945408429
7758000,39.45453364239188
7761600,78.3990262557246
7765200,143.5602544813351
7768800,230.49758829961456
7772400,333.2863920816565
7776000,444.92177871615837
7779600,557.7959810902225
7783200,664.2168088455421
7786800,756.9318584392723
7790400,829.6227524604349
7794000,877.3357266089151
7797600,896.8192205459135
7801200,886.7454663576091
7804800,847.8009737442547
7808400,782.6397455186681
7812000,695.7024117003895
7815600,592.913607918348
7819200,481.27822128384634
7822800,368.40401890973396
7826400,261.98319115446213
7830000,169.2681415607675
7833600,96.57724753956768
7837200,48.86427339108627
7840800,29.38077945408469
7844400,39.45453364238989
7848000,78.39902625572029
7851600,143.5602544813288
7855200,230.49758829964836
7858800,333.2863920816476
7862400,444.921778716149
7866000,557.7959810902615
7869600,664.2168088455337
7873200,756.9318584392654
7876800,829.6227524604299
7880400,877.3357266089124
7884000,896.8192205459152
7887600,886.7454663576111
7891200,847.8009737442591
7894800,782.6397455186744
7898400,695.7024117003973
7902000,592.913607918357
7905600,481.2782212838064
7909200,368.40401890974306
7912800,261.98319115447043
7916400,169.26814156077438
7920000,96.57724753957268
7923600,48.86427339107428
7927200,29.380779454085086
7930800,39.454533642387844
7934400,78.39902625573882
7938000,143.5602544813225
7941600,230.49758829964046
7945200,333.28639208163867
7948800,444.92177871613967
7952400,557.7959810902524
7956000,664.2168088455255
7959600,756.9318584392586
7963200,829.6227524604249
7966800,877.3357266089097
7970400,896.8192205459147
7974000,886.7454663576025
7977600,847.8009737442635
7981200,782.6397455186807
7984800,695.7024117003635
7988400,592.9136079183659
7992000,481.27822128381575
7995600,368.4040189097522
7999200,261.98319115447873
8002800,169.26814156074494
8006400,96.57724753957774
8010000,48.86427339107712
8013600,29.380779454085484
8017200,39.4545336423858
8020800,78.39902625573444
8024400,143.5602544813495
8028000,230.49758829963255
8031600,333.28639208162974
8035200,444.9217787161303
8038800,557.7959810902432
8042400,664.216808845561
8046000,756.9318584392516
8049600,829.6227524604199
8053200,877.3357266089215
8056800,896.8192205459144
8060400,886.7454663576045
8064000,847.8009737442678
8067600,782.639745518687
8071200,695.7024117003714
8074800,592.9136079183747
8078400,481.27822128382513
8082000,368.40401890976136
8085600,261.98319115448703
8089200,169.26814156075181
8092800,96.57724753955631
8096400,48.864273391079905
8100000,29.380779454085882
8103600,39.454533642394495
8107200,78.39902625573012
8110800,143.56025448134318
8114400,230.49758829962465
8118000,333.28639208162076
8121600,444.92177871617025
8125200,557.7959810902341
8128800,664.2168088455526
8132400,756.9318584392447
8136000,829.6227524604149
8139600,877.3357266089188
8143200,896.8192205459161
8146800,886.7454663576066
8150400,847.8009737442721
8154000,782.6397455186934
8157600,695.7024117003793
8161200,592.9136079183367
8164800,481.27822128383445
8168400,368.40401890977046
8172000,261.98319115445156
8175600,169.2681415607587
8179200,96.57724753956131
8182800,48.86427339108269
8186400,29.380779454086223
8190000,39.454533642392505
8193600,78.3990262557258
8197200,143.5602544813368
8200800,230.49758829961675
8204400,333.2863920816119
8208000,444.92177871616093
8211600,557.7959810902731
8215200,664.2168088455444
8218800,756.9318584392379
8222400,829.6227524604362
8226000,877.3357266089159
8229600,896.8192205459156
8233200,886.7454663576086
8236800,847.8009737442765
8240400,782.6397455186664
8244000,695.7024117003873
8247600,592.9136079183455
8251200,481.27822128384383
8254800,368.4040189097796
8258400,261.98319115445986
8262000,169.26814156072925
8265600,96.57724753956632
8269200,48.864273391085476
8272800,29.38077945408662
8276400,39.45453364239046
8280000,78.39902625574433
8283600,143.5602544813305
8287200,230.49758829960885
8290800,333.28639208165
8294400,444.92177871615155
8298000,557.795981090264
8301600,664.216808845536
8305200,756.931858439231
8308800,829.6227524604312
8312400,877.3357266089131
8316000,896.8192205459153
8319600,886.7454663576107
8323200,847.8009737442808
8326800,782.6397455186727
8330400,695.7024117003534
8334000,592.9136079183545
8337600,481.27822128385316
8341200,368.40401890974056
8344800,261.98319115446816
8348400,169.26814156073618
8352000,96.57724753957137
8355600,48.86427339108826
8359200,29.380779454084973
8362800,39.45453364238841
8366400,78.39902625574001
8370000,143.56025448132414
8373600,230.49758829960095
8377200,333.2863920816411
8380800,444.9217787161915
8384400,557.7959810902548
8388000,664.2168088455278
8391600,756.931858439224
8395200,829.6227524604262
8398800,877.3357266089251
8402400,896.8192205459148
8406000,886.7454663576127
8409600,847.8009737442621
8413200,782.6397455186791
8416800,695.7024117003614
8420400,592.9136079183634
8424000,481.27822128386254
8427600,368.4040189097497
8431200,261.98319115447646
8434800,169.26814156074306
8438400,96.57724753957638
8442000,48.86427339109105
8445600,29.38077945408537
8449200,39.45453364239711
8452800,78.39902625573569
8456400,143.56025448131783
8460000,230.4975882996347
8463600,333.28639208163213
8467200,444.9217787161822
8470800,557.7959810902457
8474400,664.2168088455195
8478000,756.9318584392536
8481600,829.6227524604212
8485200,877.3357266089223
8488800,896.8192205459145
8492400,886.7454663576148
8496000,847.8009737442666
8499600,782.639745518652
8503200,695.7024117003693
8506800,592.9136079183723
8510400,481.27822128387186
8514000,368.40401890975886
8517600,261.983191154441
8521200,169.26814156074994
8524800,96.57724753958138
8528400,48.86427339107911
8532000,29.38077945408577
8535600,39.45453364239506
8539200,78.39902625573131
8542800,143.56025448131146
8546400,230.4975882996268
8550000,333.2863920816232
8553600,444.9217787161728
8557200,557.7959810902366
8560800,664.2168088455112
8564400,756.9318584392466
8568000,829.6227524604426
8571600,877.3357266089195
8575200,896.819220545914
8578800,886.7454663576059
8582400,847.8009737442709
8586000,782.6397455186583
8589600,695.7024117003772
8593200,592.9136079183813
8596800,481.2782212838319
8600400,368.40401890976796
8604000,261.9831911544493
8607600,169.26814156075682
8611200,96.57724753958638
8614800,48.864273391081895
8618400,29.380779454084063
8622000,39.45453364239307
8625600,78.399026255727
8629200,143.56025448130515
8632800,230.4975882996189
8636400,333.28639208166135
8640000,444.92177871616343
8643600,557.7959810902275
8647200,664.2168088455466
8650800,756.9318584392397
8654400,829.6227524604376
8658000,877.3357266089167
8661600,896.8192205459137
8665200,886.745466357608
8668800,847.8009737442752
8672400,782.6397455186647
8676000,695.702411700385
8679600,592.9136079183902
8683200,481.2782212838413
8686800,368.40401890972896
8690400,261.9831911544576
8694000,169.26814156076375
8697600,96.57724753956495
8701200,48.86427339108474
8704800,29.38077945408446
8708400,39.45453364239097
8712000,78.39902625572267
8715600,143.56025448133227
8719200,230.497588299611
8722800,333.2863920816525
8726400,444.9217787161541
8730000,557.7959810902183
8733600,664.2168088455383
8737200,756.9318584392693
8740800,829.6227524604326
8744400,877.335726608914
8748000,896.8192205459154
8751600,886.74546635761
8755200,847.8009737442567
8758800,782.6397455186709
8762400,695.702411700393
8766000,592.913607918352
8769600,481.2782212838506
8773200,368.4040189097381
8776800,261.9831911544659
8780400,169.26814156077063
8784000,96.57724753956995
8787600,48.86427339107274
8791200,29.38077945408486
8794800,39.45453364238898
8798400,78.3990262557183
8802000,143.5602544813259
8805600,230.49758829964475
8809200,333.2863920816435
8812800,444.9217787161448
8816400,557.7959810902573
8820000,664.2168088455301
8823600,756.9318584392622
8827200,829.6227524604276
8830800,877.3357266089112
8834400,896.819220545915
8838000,886.745466357612
8841600,847.800973744261
8845200,782.6397455186773
8848800,695.702411700401
8852400,592.913607918361
8856000,481.27822128381064
8859600,368.4040189097472
8863200,261.9831911544742
8866800,169.26814156074119
8870400,96.57724753957496
8874000,48.86427339107553
8877600,29.380779454085257
8881200,39.45453364238688
8884800,78.39902625573683
8888400,143.5602544813196
8892000,230.49758829963685
8895600,333.2863920816346
8899200,444.9217787161354
8902800,557.7959810902482
8906400,664.2168088455654
8910000,756.9318584392554
8913600,829.6227524604226
8917200,877.3357266089083
8920800,896.8192205459146
8924400,886.7454663576034
8928000,847.8009737442653
8931600,782.6397455186836
8935200,695.7024117003672
8938800,592.91360791837
8942400,481.27822128382
8946000,368.40401890975636
8949600,261.9831911544825
8953200,169.26814156074806
8956800,96.57724753958001
8960400,48.86427339107837
8964000,29.380779454085655
8967600,39.45453364238489
8971200,78.39902625573251
8974800,143.5602544813466
8978400,230.49758829962894
8982000,333.28639208162565
8985600,444.92177871617537
8989200,557.7959810902391
8992800,664.2168088455571
8996400,756.9318584392486
9000000,829.6227524604176
9003600,877.3357266089204
9007200,896.8192205459142
9010800,886.7454663576054
9014400,847.8009737442698
9018000,782.63974551869
9021600,695.702411700375
9025200,592.9136079183318
9028800,481.27822128382934
9032400,368.4040189097655
9036000,261.9831911544908
9039600,169.26814156075494
9043200,96.57724753955858
9046800,48.864273391081156
9050400,29.380779454086053
9054000,39.454533642393585
9057600,78.39902625572813
9061200,143.56025448134028
9064800,230.49758829962104
9068400,333.2863920816167
9072000,444.921778716166
9075600,557.79598109023
9079200,664.2168088455488
9082800,756.9318584392416
9086400,829.6227524604125
9090000,877.3357266089175
9093600,896.8192205459159
9097200,886.7454663576075
9100800,847.8009737442741
9104400,782.639745518663
9108000,695.702411700383
9111600,592.9136079183406
9115200,481.2782212838387
9118800,368.4040189097746
9122400,261.9831911544553
9126000,169.26814156076188
9129600,96.57724753956359
9133200,48.86427339108394
9136800,29.38077945408645
9140400,39.454533642391596
9144000,78.39902625574672
9147600,143.56025448133397
9151200,230.49758829961314
9154800,333.2863920816078
9158400,444.92177871615667
9162000,557.795981090269
9165600,664.2168088455405
9169200,756.9318584392347
9172800,829.622752460434
9176400,877.3357266089147
9180000,896.8192205459154
9183600,886.7454663576095
9187200,847.8009737442784
9190800,782.6397455186693
9194400,695.7024117003909
9198000,592.9136079183496
9201600,481.27822128384804
9205200,368.40401890978376
9208800,261.9831911544636
9212400,169.26814156073243
9216000,96.57724753956859
9219600,48.86427339108678
9223200,29.380779454084745
9226800,39.45453364238949
9230400,78.39902625574234
9234000,143.5602544813276
9237600,230.4975882996052
9241200,333.286392081646
9244800,444.9217787161473
9248400,557.7959810902598
9252000,664.2168088455323
9255600,756.9318584392279
9259200,829.622752460429
9262800,877.3357266089267
9266400,896.8192205459151
9270000,886.7454663576116
9273600,847.8009737442828
9277200,782.6397455186757
9280800,695.7024117003571
9284400,592.9136079183586
9288000,481.2782212838574
9291600,368.40401890974476
9295200,261.9831911544719
9298800,169.2681415607393
9302400,96.57724753957365
9306000,48.86427339108957
9309600,29.380779454085143
9313200,39.454533642387446
9316800,78.39902625573802
9320400,143.5602544813213
9324000,230.4975882995973
9327600,333.286392081637
9331200,444.92177871618725
9334800,557.7959810902507
9338400,664.2168088455239
9342000,756.9318584392572
9345600,829.622752460424
9349200,877.3357266089238
9352800,896.8192205459147
9356400,886.7454663576136
9360000,847.8009737442642
9363600,782.6397455186819
9367200,695.702411700365
9370800,592.9136079183675
9374400,481.27822128386674
9378000,368.40401890975386
9381600,261.9831911544365
9385200,169.2681415607462
9388800,96.57724753957865
9392400,48.864273391077575
9396000,29.380779454083438
9399600,39.45453364238546
9403200,78.3990262557337
9406800,143.56025448131493
9410400,230.4975882996311
9414000,333.2863920816752
9417600,444.9217787161286
9421200,557.7959810902416
9424800,664.2168088455156
9428400,756.9318584392504
9432000,829.6227524604453
9435600,877.335726608921
9439200,896.8192205459143
9442800,886.7454663576157
9446400,847.8009737442685
9450000,782.6397455186548
9453600,695.7024117003729
9457200,592.9136079183764
9460800,481.2782212838761
9464400,368.404018909763
9468000,261.9831911544448
9471600,169.26814156075307
9475200,96.57724753955716
9478800,48.864273391095196
9482400,29.38077945408594
9486000,39.45453364239415
9489600,78.39902625572932
9493200,143.56025448134204
9496800,230.49758829958157
9500400,333.28639208161917
9504000,444.92177871616855
9507600,557.7959810902324
9511200,664.2168088455511
9514800,756.9318584392798
9518400,829.622752460414
9522000,877.3357266089182
9525600,896.8192205459138
9529200,886.7454663576069
9532800,847.8009737442501
9536400,782.6397455186946
9540000,695.7024117003808
9543600,592.9136079183853
9547200,481.27822128383616
9550800,368.40401890972396
9554400,261.98319115445304
9558000,169.26814156076
9561600,96.57724753958865
9565200,48.8642733910832
9568800,29.38077945408429
9572400,39.45453364239211
9576000,78.399026255725
9579600,143.56025448130225
9583200,230.4975882996153
9586800,333.28639208165737
9590400,444.9217787161592
9594000,557.7959810902715
9597600,664.2168088454991
9601200,756.9318584392365
9604800,829.6227524604353
9608400,877.3357266089154
9612000,896.8192205459156
9615600,886.7454663576198
9619200,847.8009737442771
9622800,782.6397455186675
9626400,695.7024117003887
9630000,592.9136079183472
9633600,481.2782212837962
9637200,368.40401890978126
9640800,261.98319115446134
9644400,169.26814156076688
9648000,96.57724753956728
9651600,48.86427339107121
9655200,29.380779454086735
9658800,39.45453364239006
9662400,78.39902625572068
9666000,143.56025448132937
9669600,230.4975882996491
9673200,333.2863920816484
9676800,444.92177871614984
9680400,557.7959810902142
9684000,664.2168088455345
9687600,756.9318584392661
9691200,829.6227524604303
9694800,877.3357266089126
9698400,896.8192205459131
9702000,886.745466357611
9705600,847.8009737442587
9709200,782.6397455186739
9712800,695.7024117003549
9716400,592.9136079184032
9720000,481.27822128385486
9723600,368.40401890974226
9727200,261.98319115446964
9730800,169.26814156073743
9734400,96.57724753959866
9738000,48.86427339108883
9741600,29.38077945408503
9745200,39.45453364238807
9748800,78.39902625573916
9752400,143.56025448135642
9756000,230.4975882995995
9759600,333.28639208163946
9763200,444.9217787161405
9766800,557.7959810902532
9770400,664.21680884557
9774000,756.9318584392229
9777600,829.6227524604253
9781200,877.3357266089099
9784800,896.8192205459147
9788400,886.7454663576023
9792000,847.800973744263
9795600,782.6397455186802
9799200,695.7024117004045
9802800,592.9136079183651
9806400,481.2782212838149
9810000,368.40401890975136
9813600,261.98319115447794
9817200,169.26814156078063
9820800,96.57724753957729
9824400,48.864273391076836
9828000,29.380779454085427
9831600,39.45453364239677
9835200,78.39902625571199
9838800,143.5602544813167
9842400,230.49758829963326
9846000,333.28639208163054
9849600,444.9217787161805
9853200,557.7959810901959
9856800,664.2168088455179
9860400,756.9318584392522
9864000,829.6227524604203
9867600,877.3357266089217
9871200,896.8192205459166
9874800,886.7454663576151
9878400,847.8009737442674
9882000,782.6397455186866
9885600,695.7024117003707
9889200,592.9136079183269
9892800,481.27822128387356
9896400,368.4040189097605
9900000,261.98319115448624
9903600,169.2681415607512
9907200,96.57724753955586
9910800,48.86427339107968
9914400,29.380779454085825
9918000,39.45453364238398
9921600,78.39902625573052
9925200,143.56025448134375
9928800,230.49758829962536
9932400,333.28639208162156
9936000,444.9217787161218
9939600,557.7959810902349
9943200,664.2168088455534
9946800,756.9318584392454
9950400,829.6227524604417
9954000,877.3357266089042
9957600,896.819220545914
9961200,886.7454663576063
9964800,847.8009737442717
9968400,782.6397455186594
9972000,695.7024117004203
9975600,592.9136079183829
9979200,481.2782212838336
9982800,368.40401890976966
9986400,261.98319115445076
9990000,169.26814156072174
9993600,96.57724753958729
9997200,48.86427339108246
10000800,29.380779454086223
10004400,39.454533642392676
10008000,78.39902625574905
10011600,143.560254481304
10015200,230.49758829961746
10018800,333.2863920816127
10022400,444.9217787161618
10026000,557.7959810902739
10029600,664.2168088455451
10033200,756.9318584392385
10036800,829.6227524604103
10040400,877.3357266089163
10044000,896.8192205459156
10047600,886.7454663576084
10051200,847.800973744276
10054800,782.6397455186992
10058400,695.7024117003865
10062000,592.9136079183447
10065600,481.278221283843
10069200,368.4040189097306
10072800,261.98319115450283
10076400,169.268141560765
10080000,96.57724753956586
10083600,48.86427339108525
10087200,29.380779454084575
10090800,39.45453364240143
10094400,78.39902625572182
10098000,143.56025448133107
10101600,230.49758829960956
10105200,333.28639208165083
10108800,444.92177871620174
10112400,557.7959810902167
10116000,664.2168088455368
10119600,756.9318584392315
10123200,829.6227524604317
10126800,877.3357266089281
10130400,896.8192205459153
10134000,886.7454663576104
10137600,847.8009737442803
10141200,782.639745518672
10144800,695.7024117003527
10148400,592.9136079183537
10152000,481.2782212838523
10155600,368.4040189097879
10159200,261.9831911544674
10162800,169.26814156073556
10166400,96.57724753957086
10170000,48.86427339107331
10173600,29.38077945408702
10177200,39.45453364238858
10180800,78.39902625574041
10184400,143.56025448132476
10188000,230.49758829964335
10191600,333.28639208159484
10195200,444.9217787161431
10198800,557.7959810902557
10202400,664.2168088455285
10206000,756.9318584392611
10209600,829.6227524604531
10213200,877.3357266089106
10216800,896.819220545915
10220400,886.7454663576125
10224000,847.8009737442619
10227600,782.639745518645
10231200,695.7024117004023
10234800,592.9136079183627
10238400,481.2782212838617
10242000,368.40401890974886
10245600,261.98319115443195
10249200,169.26814156074244
10252800,96.57724753957586
10256400,48.86427339109082
10260000,29.380779454085314
10263600,39.45453364239728
10267200,78.39902625573603
10270800,143.5602544813184
10274400,230.49758829959376
10278000,333.286392081633
10281600,444.921778716183
10285200,557.7959810902466
10288800,664.216808845564
10292400,756.9318584392179
10296000,829.6227524604217
10299600,877.3357266089226
10303200,896.8192205459145
10306800,886.7454663576037
10310400,847.8009737442891
10314000,782.6397455186848
10317600,695.7024117003685
10321200,592.9136079183716
10324800,481.2782212838217
10328400,368.40401890970986
10332000,261.98319115448396
10335600,169.2681415607493
10339200,96.57724753958092
10342800,48.86427339107888
10346400,29.380779454083665
10350000,39.45453364238449
10353600,78.39902625573171
10357200,143.56025448131209
10360800,230.49758829962755
10364400,333.2863920816711
10368000,444.92177871617366
10371600,557.7959810902374
10375200,664.2168088455119
10378800,756.9318584392472
10382400,829.622752460443
10386000,877.3357266089197
10389600,896.819220545914
10393200,886.7454663576166
10396800,847.8009737442706
10400400,782.6397455186577
10404000,695.7024117003765
10407600,592.9136079183334
10411200,481.2782212838804
10414800,368.40401890976716
10418400,261.98319115444855
10422000,169.2681415607562
10425600,96.5772475395595
10429200,48.86427339109645
10432800,29.38077945408611
10436400,39.45453364239319
10440000,78.39902625572739
10443600,143.56025448133914
10447200,230.4975882996613
10450800,333.2863920816151
10454400,444.92177871616434
10458000,557.7959810902283
10461600,664.2168088455473
10465200,756.9318584392768
10468800,829.6227524604116
10472400,877.335726608917
10476000,896.8192205459138
10479600,886.7454663576078
10483200,847.800973744252
10486800,782.6397455186641
10490400,695.7024117003843
10494000,592.9136079183894
10497600,481.2782212838404
10501200,368.40401890972817
10504800,261.98319115445685
10508400,169.26814156076313
10512000,96.57724753959099
10515600,48.86427339108445
10519200,29.380779454084404
10522800,39.4545336423912
10526400,78.39902625574587
10530000,143.5602544812994
10533600,230.49758829961172
10537200,333.2863920816533
10540800,444.92177871615496
10544400,557.7959810902673
10548000,664.2168088454953
10551600,756.9318584392335
10555200,829.622752460433
10558800,877.3357266089142
10562400,896.8192205459154
10566000,886.7454663575991
10569600,847.8009737442792
10573200,782.6397455186705
10576800,695.7024117003923
10580400,592.9136079183512
10584000,481.27822128380046
10587600,368.4040189097854
10591200,261.98319115446515
10594800,169.26814156077
10598400,96.5772475395695
10602000,48.864273391072516
10605600,29.38077945408486
10609200,39.45453364238915
10612800,78.3990262557187
10616400,143.56025448132647
10620000,230.49758829964546
10623600,333.28639208164435
10627200,444.9217787161456
10630800,557.79598109021
10634400,664.2168088455307
10638000,756.9318584392629
10641600,829.622752460428
10645200,877.335726608926
10648800,896.8192205459129
10652400,886.7454663576119
10656000,847.8009737442607
10659600,782.6397455186768
10663200,695.7024117003585
10666800,592.9136079184073
10670400,481.2782212838591
10674000,368.4040189097464
10677600,261.98319115447345
10681200,169.26814156074056
10684800,96.57724753954807
10688400,48.86427339109008
10692000,29.380779454085257
10695600,39.454533642387105
10699200,78.39902625573723
10702800,143.56025448135358
10706400,230.49758829959592
10710000,333.2863920816354
10713600,444.92177871613626
10717200,557.7959810902491
10720800,664.2168088455662
10724400,756.9318584392561
10728000,829.622752460423
10731600,877.3357266089085
10735200,896.8192205459146
10738800,886.7454663576032
10742400,847.8009737442651
10746000,782.6397455186831
10749600,695.7024117004081
10753200,592.913607918369
10756800,481.27822128381916
10760400,368.40401890975556
10764000,261.983191154438
10767600,169.26814156078376
10771200,96.57724753957956
10774800,48.864273391078086
10778400,29.380779454085598
10782000,39.4545336423958
10785600,78.39902625571
10789200,143.5602544813138
10792800,230.49758829962965
10796400,333.28639208162645
10800000,444.9217787161762
10803600,557.7959810902881
10807200,664.2168088455142
10810800,756.9318584392491
10814400,829.622752460418
10818000,877.3357266089206
10821600,896.8192205459163
10825200,886.745466357616
10828800,847.8009737442694
10832400,782.6397455186893
10836000,695.7024117003743
10839600,592.913607918331
10843200,481.2782212838285
10846800,368.40401890976466
10850400,261.98319115449004
10854000,169.26814156075432
10857600,96.57724753955813
10861200,48.86427339108093
10864800,29.380779454085996
10868400,39.45453364238301
10872000,78.39902625572853
10875600,143.5602544813409
10879200,230.49758829962175
10882800,333.28639208166464
10886400,444.92177871611756
10890000,557.7959810902308
10893600,664.2168088455496
10897200,756.9318584392422
10900800,829.6227524604394
10904400,877.335726608903
10908000,896.8192205459138
10911600,886.7454663576073
10915200,847.8009737442737
10918800,782.6397455186623
10922400,695.7024117003406
10926000,592.913607918387
10929600,481.27822128383787
10933200,368.4040189097738
10936800,261.98319115445463
10940400,169.26814156072487
10944000,96.57724753958956
10947600,48.864273391083714
10951200,29.380779454086394
10954800,39.454533642391766
10958400,78.39902625574706
10962000,143.56025448133454
10965600,230.49758829961385
10969200,333.2863920816086
10972800,444.9217787161575
10976400,557.7959810902698
10980000,664.2168088455413
10983600,756.9318584392354
10987200,829.622752460408
10990800,877.3357266089149
10994400,896.8192205459155
10998000,886.7454663576093
11001600,847.8009737442551
11005200,782.6397455187021
11008800,695.7024117003901
11012400,592.9136079183488
11016000,481.2782212838472
11019600,368.40401890973476
11023200,261.9831911545066
11026800,169.26814156076813
11030400,96.57724753956819
11034000,48.8642733910865
11037600,29.38077945408469
11041200,39.45453364240046
11044800,78.39902625571983
11048400,143.56025448132823
11052000,230.49758829960595
11055600,333.2863920816468
11059200,444.9217787161975
11062800,557.7959810902125
11066400,664.216808845533
11070000,756.9318584392284
11073600,829.6227524604294
11077200,877.335726608927
11080800,896.8192205459152
11084400,886.7454663576113
11088000,847.8009737442824
11091600,782.639745518675
11095200,695.7024117003564
11098800,592.9136079183577
11102400,481.27822128385657
11106000,368.40401890979206
11109600,261.98319115447117
11113200,169.26814156073868
11116800,96.5772475395732
11120400,48.86427339107456
11124000,29.38077945408719
11127600,39.45453364238767
11131200,78.39902625573842
11134800,143.56025448132192
11138400,230.49758829963974
11142000,333.28639208159075
11145600,444.9217787161388
11149200,557.7959810902515
11152800,664.2168088455247
11156400,756.9318584392579
11160000,829.6227524604508
11163600,877.3357266089093
11167200,896.8192205459147
11170800,886.7454663576134
11174400,847.8009737442637
11178000,782.6397455186479
11181600,695.702411700406
11185200,592.9136079183667
11188800,481.2782212838659
11192400,368.40401890975306
11196000,261.98319115443576
11199600,169.26814156074556
11203200,96.5772475395782
11206800,48.86427339109207
11210400,29.38077945408554
11214000,39.45453364239637
11217600,78.3990262557341
11221200,143.56025448131555
11224800,230.49758829959015
11228400,333.2863920816289
11232000,444.9217787161788
11235600,557.7959810902424
11239200,664.2168088455602
11242800,756.9318584392147
11246400,829.6227524604194
11250000,877.3357266089213
11253600,896.8192205459143
11257200,886.7454663576046
11260800,847.800973744291
11264400,782.6397455186877
11268000,695.7024117003722
11271600,592.9136079183756
11275200,481.2782212838259
11278800,368.404018909714
11282400,261.98319115448777
11286000,169.26814156075244
11289600,96.5772475395832
11293200,48.86427339108013
11296800,29.380779454083836
11300400,39.45453364238358
11304000,78.39902625572972
11307600,143.56025448130924
11311200,230.4975882996239
11314800,333.28639208166703
11318400,444.9217787161694
11322000,557.7959810902333
11325600,664.2168088455081
11329200,756.9318584392441
11332800,829.6227524604408
11336400,877.3357266089185
11340000,896.8192205459139
11343600,886.7454663576175
11347200,847.8009737442725
11350800,782.6397455186607
11354400,695.70241170038
11358000,592.9136079183374
11361600,481.2782212838846
11365200,368.4040189097713
11368800,261.98319115445236
11372400,169.26814156075937
11376000,96.57724753956177
11379600,48.8642733910977
11383200,29.38077945408628
11386800,39.45453364239228
11390400,78.3990262557254
11394000,143.56025448133624
11397600,230.4975882996577
11401200,333.28639208161104
11404800,444.9217787161601
11408400,557.7959810902241
11412000,664.2168088455436
11415600,756.9318584392736
11419200,829.6227524604093
11422800,877.3357266089157
11426400,896.8192205459136
11430000,886.7454663576088
11433600,847.800973744254
11437200,782.6397455186669
11440800,695.702411700388
11444400,592.9136079183935
11448000,481.2782212838447
11451600,368.40401890973226
11455200,261.98319115446066
11458800,169.26814156076625
11462400,96.57724753959326
11466000,48.8642733910857
11469600,29.38077945408463
11473200,39.45453364239029
11476800,78.39902625574388
11480400,143.56025448129657
11484000,230.4975882996081
11487600,333.2863920816492
11491200,444.9217787161507
11494800,557.7959810902632
11498400,664.2168088454915
11502000,756.9318584392304
11505600,829.6227524604308
11509200,877.3357266089129
11512800,896.8192205459152
11516400,886.7454663576
11520000,847.8009737442812
11523600,782.6397455186733
11527200,695.7024117003959
11530800,592.9136079183553
11534400,481.2782212838047
11538000,368.40401890978956
11541600,261.9831911544689
11545200,169.26814156077313
11548800,96.57724753957177
11552400,48.864273391073766
11556000,29.380779454084973
11559600,39.454533642388185
11563200,78.3990262557167
11566800,143.56025448132357
11570400,230.4975882996419
11574000,333.28639208164026
11577600,444.9217787161414
11581200,557.7959810902059
11584800,664.216808845527
11588400,756.9318584392597
11592000,829.6227524604258
11595600,877.3357266089249
11599200,896.8192205459128
11602800,886.7454663576129
11606400,847.8009737442626
11610000,782.6397455186795
11613600,695.7024117003621
11617200,592.9136079184113
11620800,481.2782212838634
11624400,368.40401890975056
11628000,261.98319115447725
11631600,169.2681415607437
11635200,96.5772475395504
11638800,48.86427339109139
11642400,29.38077945408537
11646000,39.454533642386195
11649600,78.39902625573524
11653200,143.56025448135068
11656800,230.4975882995923
11660400,333.28639208163133
11664000,444.921778716132
11667600,557.7959810902449
11671200,664.2168088455624
11674800,756.9318584392529
11678400,829.6227524604208
11682000,877.3357266089073
11685600,896.8192205459145
11689200,886.7454663576041
11692800,847.8009737442669
11696400,782.6397455186859
11700000,695.7024117004116
11703600,592.9136079183731
11707200,481.2782212838234
11710800,368.40401890975966
11714400,261.9831911544418
11718000,169.2681415607869
11721600,96.57724753958183
11725200,48.86427339107934
11728800,29.38077945408577
11732400,39.45453364239489
11736000,78.39902625570807
11739600,143.56025448131095
11743200,230.4975882996261
11746800,333.2863920816224
11750400,444.92177871617196
11754000,557.7959810902839
11757600,664.2168088455104
11761200,756.9318584392461
11764800,829.6227524604158
11768400,877.3357266089192
11772000,896.8192205459161
11775600,886.745466357617
11779200,847.8009737442713
11782800,782.6397455186923
11786400,695.7024117003779
11790000,592.913607918335
11793600,481.27822128383275
11797200,368.4040189097688
11800800,261.9831911544938
11804400,169.26814156075744
11808000,96.5772475395604
11811600,48.86427339108218
11815200,29.380779454086223
11818800,39.4545336423821
11822400,78.39902625572654
11826000,143.560254481338
11829600,230.4975882996182
11833200,333.28639208166055
11836800,444.9217787161133
11840400,557.7959810902266
11844000,664.2168088455459
11847600,756.9318584392391
11851200,829.6227524604371
11854800,877.3357266089017
11858400,896.8192205459136
11862000,886.7454663576082
11865600,847.8009737442756
11869200,782.6397455186652
11872800,695.7024117003441
11876400,592.913607918391
11880000,481.27822128384213
11883600,368.40401890977796
11887200,261.9831911544584
11890800,169.268141560728
11894400,96.57724753959184
11898000,48.86427339108502
11901600,29.380779454086564
11905200,39.4545336423908
11908800,78.39902625574513
11912400,143.5602544813317
11916000,230.49758829961027
11919600,333.28639208160456
11923200,444.92177871615326
11926800,557.7959810902657
11930400,664.2168088455376
11934000,756.9318584392686
11937600,829.6227524604058
11941200,877.3357266089137
11944800,896.8192205459154
11948400,886.7454663576102
11952000,847.8009737442571
11955600,782.639745518705
11959200,695.7024117003937
11962800,592.9136079183529
11966400,481.27822128385145
11970000,368.4040189097389
11973600,261.9831911544229
11977200,169.26814156077126
11980800,96.57724753957046
11984400,48.864273391087806
11988000,29.380779454084916
11991600,39.4545336423995
11995200,78.3990262557179
11998800,143.56025448132533
12002400,230.49758829960237
12006000,333.2863920816427
12009600,444.9217787161932
12013200,557.7959810902565
12016800,664.2168088455293
12020400,756.9318584392254
12024000,829.6227524604271
12027600,877.3357266089256
12031200,896.819220545915
12034800,886.7454663576123
12038400,847.8009737442843
12042000,782.6397455186778
12045600,695.70241170036
12049200,592.9136079183618
12052800,481.2782212838115
12056400,368.4040189097962
12060000,261.983191154475
12063600,169.2681415607418
12067200,96.57724753957547
12070800,48.86427339107587
12074400,29.38077945408736
12078000,39.454533642386764
12081600,78.39902625573643
12085200,143.56025448131902
12088800,230.4975882996361
12092400,333.2863920816809
12096000,444.92177871613455
12099600,557.7959810902474
12103200,664.216808845521
12106800,756.9318584392547
12110400,829.6227524604485
12114000,877.3357266089081
12117600,896.8192205459145
12121200,886.7454663576143
12124800,847.8009737442658
12128400,782.6397455186509
12132000,695.7024117003679
12135600,592.9136079183708
12139200,481.27822128387015
12142800,368.4040189097572
12146400,261.9831911544395
12150000,169.2681415607487
12153600,96.57724753958047
12157200,48.86427339109338
12160800,29.380779454085655
12164400,39.45453364239546
12168000,78.39902625573211
12171600,143.56025448134602
12175200,230.49758829958657
12178800,333.28639208162485
12182400,444.9217787161745
12186000,557.7959810902382
12189600,664.2168088455564
12193200,756.9318584392115
12196800,829.6227524604171
12200400,877.33572660892
12204000,896.8192205459142
12207600,886.7454663576057
12211200,847.8009737442474
12214800,782.6397455186905
12218400,695.7024117003757
12222000,592.9136079183796
12225600,481.2782212838302
12229200,368.40401890971816
12232800,261.9831911544915
12236400,169.26814156075557
12240000,96.57724753958547
12243600,48.86427339108144
12247200,29.380779454084006
12250800,39.454533642393415
12254400,78.39902625572773
12258000,143.56025448130634
12261600,230.49758829962036
12265200,333.28639208166305
12268800,444.92177871616514
12272400,557.7959810902291
12276000,664.2168088455044
12279600,756.9318584392411
12283200,829.6227524604385
12286800,877.3357266089172
12290400,896.8192205459159
12294000,886.7454663576184
12297600,847.8009737442744
12301200,782.6397455186635
12304800,695.7024117003837
12308400,592.9136079183415
12312000,481.27822128388885
12315600,368.40401890977546
12319200,261.9831911544561
12322800,169.2681415607625
12326400,96.57724753956404
12330000,48.8642733910695
12333600,29.380779454086507
12337200,39.45453364239137
12340800,78.39902625572341
12344400,143.5602544813334
12348000,230.4975882996541
12351600,333.286392081607
12355200,444.9217787161558
12358800,557.79598109022
12362400,664.2168088455398
12366000,756.9318584392704
12369600,829.6227524604335
12373200,877.3357266089145
12376800,896.8192205459134
12380400,886.7454663576098
12384000,847.800973744256
12387600,782.6397455186698
12391200,695.7024117003915
12394800,592.9136079183975
12398400,481.2782212838489
12402000,368.40401890973646
12405600,261.9831911544644
12409200,169.26814156073306
12412800,96.57724753959548
12416400,48.86427339108701
12420000,29.380779454084802
12423600,39.45453364238938
12427200,78.39902625574194
12430800,143.56025448129367
12434400,230.49758829960456
12438000,333.28639208164515
12441600,444.92177871614643
12445200,557.795981090259
12448800,664.2168088455752
12452400,756.9318584392272
12456000,829.6227524604285
12459600,877.3357266089116
12463200,896.8192205459151
12466800,886.7454663576009
12470400,847.800973744283
12474000,782.6397455186761
12477600,695.7024117003995
12481200,592.9136079183594
12484800,481.27822128380893
12488400,368.40401890974556
12492000,261.9831911544727
12495600,169.26814156077626
12499200,96.5772475395741
12502800,48.86427339107507
12506400,29.3807794540852
12510000,39.454533642387275
12513600,78.39902625571477
12517200,143.56025448132073
12520800,230.4975882996383
12524400,333.2863920816362
12528000,444.9217787161864
12531600,557.7959810902017
12535200,664.2168088455232
12538800,756.9318584392566
12542400,829.6227524604235
12546000,877.3357266089236
12549600,896.8192205459126
12553200,886.7454663576139
12556800,847.8009737442646
12560400,782.6397455186825
12564000,695.7024117003657
12567600,592.9136079183212
12571200,481.2782212838676
12574800,368.4040189097547
12578400,261.983191154481
12582000,169.2681415607468
12585600,96.57724753955267
12589200,48.86427339109264
12592800,29.380779454085598
12596400,39.45453364238523
12600000,78.3990262557333
12603600,143.56025448134778
12607200,230.4975882996304
12610800,333.28639208162724
12614400,444.92177871612773
12618000,557.7959810902407
12621600,664.2168088455587
12625200,756.9318584392497
12628800,829.6227524604185
12632400,877.335726608906
12636000,896.8192205459143
12639600,886.745466357605
12643200,847.800973744269
12646800,782.6397455186554
12650400,695.7024117004153
12654000,592.9136079183772
12657600,481.27822128382763
12661200,368.40401890976386
12664800,261.98319115444554
12668400,169.26814156079007
12672000,96.5772475395841
12675600,48.864273391080644
12679200,29.38077945408594
12682800,39.45453364239398
12686400,78.39902625575183
12690000,143.56025448130805
12693600,230.49758829962246
12697200,333.2863920816184
12700800,444.9217787161677
12704400,557.7959810902798
12708000,664.2168088455066
12711600,756.9318584392429
12715200,829.6227524604135
12718800,877.335726608918
12722400,896.819220545916
12726000,886.745466357607
12729600,847.8009737442733
12733200,782.6397455186952
12736800,695.7024117003815
12740400,592.913607918339
12744000,481.278221283837
12747600,368.40401890977296
12751200,261.98319115449755
12754800,169.26814156076063
12758400,96.57724753956268
12762000,48.864273391083486
12765600,29.38077945408429
12769200,39.454533642381136
12772800,78.3990262557246
12776400,143.5602544813351
12780000,230.49758829961456
12783600,333.2863920816565
12787200,444.92177871610903
12790800,557.7959810902225
12794400,664.2168088455421
12798000,756.931858439236
12801600,829.6227524604349
12805200,877.3357266089299
12808800,896.8192205459135
12812400,886.7454663576091
12816000,847.8009737442776
12819600,782.6397455186681
12823200,695.7024117003477
12826800,592.9136079183951
12830400,481.27822128384634
12834000,368.4040189097821
12837600,261.98319115446213
12841200,169.26814156073118
12844800,96.57724753956768
12848400,48.86427339108627
12852000,29.380779454086735
12855600,39.45453364238989
12859200,78.39902625574314
12862800,143.5602544813288
12866400,230.49758829960666
12870000,333.2863920816005
12873600,444.921778716149
12877200,557.7959810902615
12880800,664.2168088455337
12884400,756.9318584392654
12888000,829.6227524604034
12891600,877.3357266089124
12895200,896.8192205459152
12898800,886.7454663576111
12902400,847.8009737442591
12906000,782.6397455187079
12909600,695.7024117003973
12913200,592.913607918357
12916800,481.2782212838557
12920400,368.40401890974306
12924000,261.98319115442666
12927600,169.26814156077438
12931200,96.57724753957268
12934800,48.86427339108906
12938400,29.380779454085086
12942000,39.45453364239859
12945600,78.39902625571597
12949200,143.5602544813225
12952800,230.49758829959876
12956400,333.28639208163867
12960000,444.92177871618895
12963600,557.7959810902524
12967200,664.2168088455255
12970800,756.9318584392222
12974400,829.6227524604249
12978000,877.3357266089243
12981600,896.8192205459147
12985200,886.7454663576132
12988800,847.8009737442862
12992400,782.6397455186807
12996000,695.7024117003635
12999600,592.9136079183659
13003200,481.27822128381575
13006800,368.40401890980036
13010400,261.98319115447873
13014000,169.26814156074494
13017600,96.57724753957774
13021200,48.86427339107712
13024800,29.38077945408753
13028400,39.4545336423858
13032000,78.39902625573444
13035600,143.56025448131612
13039200,230.49758829963255
13042800,333.2863920816768
13046400,444.9217787161303
13050000,557.7959810902432
13053600,664.2168088455172
13057200,756.9318584392516
13060800,829.6227524604462
13064400,877.3357266089067
13068000,896.8192205459144
13071600,886.7454663576152
13075200,847.8009737442678
13078800,782.6397455186537
13082400,695.7024117003714
13086000,592.9136079183747
13089600,481.2782212838744
13093200,368.40401890976136
13096800,261.98319115444326
13100400,169.26814156075181
13104000,96.57724753958274
13107600,48.86427339109463
13111200,29.380779454085882
13114800,39.454533642394495
13118400,78.39902625573012
13122000,143.56025448134318
13125600,230.49758829958296
13129200,333.28639208162076
13132800,444.92177871617025
13136400,557.7959810902341
13140000,664.2168088455526
13143600,756.9318584392084
13147200,829.6227524604149
13150800,877.3357266089188
13154400,896.819220545914
13158000,886.7454663576066
13161600,847.8009737442492
13165200,782.6397455186934
13168800,695.7024117003793
13172400,592.9136079183837
13176000,481.27822128383445
13179600,368.4040189097223
13183200,261.98319115449533
13186800,169.2681415607587
13190400,96.57724753958774
13194000,48.86427339108269
13197600,29.380779454084177
13201200,39.454533642392505
13204800,78.3990262557258
13208400,143.56025448130345
13212000,230.49758829961675
13215600,333.28639208165896
13219200,444.92177871616093
13222800,557.795981090225
13226400,664.2168088455006
13230000,756.9318584392379
13233600,829.6227524604362
13237200,877.3357266089159
13240800,896.8192205459156
13244400,886.7454663576193
13248000,847.8009737442765
13251600,782.6397455186664
13255200,695.7024117003873
13258800,592.9136079183455
13262400,481.2782212838931
13266000,368.4040189097796
13269600,261.98319115445986
13273200,169.26814156076563
13276800,96.57724753956632
13280400,48.86427339107075
13284000,29.38077945408662
13287600,39.45453364239046
13291200,78.39902625572142
13294800,143.5602544813305
13298400,230.49758829965052
13302000,333.2863920816029
13305600,444.92177871615155
13309200,557.7959810902158
13312800,664.216808845536
13316400,756.9318584392673
13320000,829.6227524604312
13323600,877.3357266089131
13327200,896.8192205459131
13330800,886.7454663576107
13334400,847.8009737442578
13338000,782.6397455186727
13341600,695.7024117003951
13345200,592.9136079184016
13348800,481.27822128385316
13352400,368.40401890974056
13356000,261.98319115446816
13359600,169.26814156073618
13363200,96.57724753959775
13366800,48.86427339108826
13370400,29.380779454084973
13374000,39.45453364238841
13377600,78.39902625574001
13381200,143.56025448129077
13384800,230.49758829960095
13388400,333.2863920816411
13392000,444.9217787161422
13395600,557.7959810902548
13399200,664.2168088455714
13402800,756.931858439224
13406400,829.6227524604262
13410000,877.3357266089104
13413600,896.8192205459148
13417200,886.7454663576019
13420800,847.8009737442851
13424400,782.6397455186791
13428000,695.7024117004031
13431600,592.9136079183634
13435200,481.2782212838132
13438800,368.4040189097497
13442400,261.98319115447646
13446000,169.26814156077938
13449600,96.57724753957638
13453200,48.864273391076324
13456800,29.38077945408537
13460400,39.454533642386366
13464000,78.39902625571278
13467600,143.56025448131783
13471200,230.4975882996347
13474800,333.28639208163213
13478400,444.9217787161822
13482000,557.7959810901976
13485600,664.2168088455195
13489200,756.9318584392536
13492800,829.6227524604212
13496400,877.3357266089223
13500000,896.8192205459125
13503600,886.7454663576148
13507200,847.8009737442666
13510800,782.6397455186855
13514400,695.7024117003693
13518000,592.9136079183253
13521600,481.27822128387186
13525200,368.40401890975886
13528800,261.98319115448476
13532400,169.26814156074994
13536000,96.57724753955495
13539600,48.86427339109389
13543200,29.38077945408577
13546800,39.45453364238432
13550400,78.39902625573131
13554000,143.56025448134494
13557600,230.4975882996268
13561200,333.28639208162326
13564800,444.9217787161235
13568400,557.7959810902366
13572000,664.2168088455549
13575600,756.9318584392466
13579200,829.6227524604162
13582800,877.3357266089048
13586400,896.819220545914
13590000,886.7454663576059
13593600,847.8009737442709
13597200,782.6397455186583
13600800,695.7024117004189
13604400,592.9136079183813
13608000,481.2782212838319
13611600,368.40401890976796
13615200,261.9831911544493
13618800,169.2681415607932
13622400,96.57724753958638
13626000,48.864273391081895
13629600,29.380779454086166
13633200,39.45453364239307
13636800,78.39902625574985
13640400,143.56025448130515
13644000,230.4975882996189
13647600,333.2863920816143
13651200,444.9217787161635
13654800,557.7959810902756
13658400,664.2168088455028
13662000,756.9318584392397
13665600,829.6227524604112
13669200,877.3357266089167
13672800,896.8192205459158
13676400,886.745466357608
13680000,847.8009737442752
13683600,782.6397455186981
13687200,695.702411700385
13690800,592.9136079183431
13694400,481.2782212838413
13698000,368.4040189097771
13701600,261.98319115450136
13705200,169.26814156076375
13708800,96.57724753956495
13712400,48.86427339108474
13716000,29.38077945408446
13719600,39.45453364238023
13723200,78.39902625572267
13726800,143.56025448133227
13730400,230.497588299611
13734000,333.2863920816525
13737600,444.9217787161048
13741200,557.7959810902183
13744800,664.2168088455383
13748400,756.9318584392329
13752000,829.6227524604326
13755600,877.3357266089287
13759200,896.8192205459134
13762800,886.74546635761
13766400,847.8009737442796
13770000,782.6397455186709
13773600,695.7024117003514
13777200,592.913607918352
13780800,481.2782212838506
13784400,368.40401890978626
13788000,261.9831911544659
13791600,169.2681415607343
13795200,96.57724753956995
13798800,48.86427339108752
13802400,29.380779454086905
13806000,39.45453364238898
13809600,78.39902625574115
13813200,143.5602544813259
13816800,230.49758829964475
13820400,333.28639208159643
13824000,444.9217787161448
13827600,557.7959810902573
13831200,664.2168088455301
13834800,756.9318584392622
13838400,829.6227524604011
13842000,877.3357266089112
13845600,896.819220545915
13849200,886.745466357612
13852800,847.800973744261
13856400,782.6397455186438
13860000,695.702411700401
13863600,592.913607918361
13867200,481.27822128386
13870800,368.4040189097472
13874400,261.9831911544304
13878000,169.2681415607775
13881600,96.57724753957496
13885200,48.86427339109031
13888800,29.380779454085257
13892400,39.45453364239768
13896000,78.39902625573683
13899600,143.5602544813196
13903200,230.4975882995952
13906800,333.2863920816346
13910400,444.9217787161847
13914000,557.7959810902482
13917600,664.2168088455217
13921200,756.931858439219
13924800,829.6227524604226
13928400,877.3357266089231
13932000,896.8192205459146
13935600,886.7454663576034
13939200,847.8009737442883
13942800,782.6397455186836
13946400,695.7024117003672
13950000,592.91360791837
13953600,481.27822128382
13957200,368.4040189098045
13960800,261.9831911544825
13964400,169.26814156074806
13968000,96.57724753957996
13971600,48.86427339107837
13975200,29.38077945408361
13978800,39.45453364238489
13982400,78.39902625573251
13986000,143.56025448131322
13989600,230.49758829962894
13993200,333.2863920816727
13996800,444.921778716126
14000400,557.7959810902391
14004000,664.2168088455135
14007600,756.9318584392486
14011200,829.622752460444
14014800,877.3357266089204
14018400,896.8192205459142
14022000,886.7454663576161
14025600,847.8009737442698
14029200,782.6397455186566
14032800,695.702411700375
14036400,592.9136079183788
14040000,481.2782212838787
14043600,368.4040189097655
14047200,261.983191154447
14050800,169.26814156075494
14054400,96.57724753955858
14058000,48.864273391095935
14061600,29.380779454086053
14065200,39.454533642393585
14068800,78.39902625572813
14072400,143.56025448134028
14076000,230.4975882995794
14079600,333.2863920816167
14083200,444.9217787161167
14086800,557.7959810902781
14090400,664.2168088455488
14094000,756.9318584392416
14097600,829.6227524604125
14101200,877.3357266089026
14104800,896.8192205459159
14108400,886.7454663576075
14112000,847.8009737442741
14115600,782.6397455186964
14119200,695.7024117004246
14122800,592.9136079183406
14126400,481.2782212838387
14130000,368.4040189097746
14133600,261.9831911544116
14137200,169.2681415607982
14140800,96.57724753956359
14144400,48.86427339108394
14148000,29.38077945408645
14151600,39.45453364240234
14155200,78.39902625570096
14158800,143.56025448133397
14162400,230.49758829961314
14166000,333.2863920816078
14169600,444.92177871620595
14173200,557.795981090269
14176800,664.2168088455405
14180400,756.9318584392347
14184000,829.6227524604075
14187600,877.3357266089295
14191200,896.8192205459154
14194800,886.7454663576095
14198400,847.8009737442784
14202000,782.6397455187026
14205600,695.7024117003492
14209200,592.9136079183496
14212800,481.27822128384804
14216400,368.40401890978376
14220000,261.9831911545074
14223600,169.26814156073243
14227200,96.57724753956859
14230800,48.86427339108678
14234400,29.38077945408685
14238000,39.45453364237875
14241600,78.39902625574234
14245200,143.5602544813276
14248800,230.49758829960527
14252400,333.28639208169307
14256000,444.921778716098
14259600,557.7959810902598
14263200,664.2168088455323
14266800,756.9318584392279
14270400,829.6227524604553
14274000,877.3357266088972
14277600,896.8192205459151
14281200,886.7454663576116
14284800,847.8009737442828
14288400,782.6397455186423
14292000,695.7024117003571
14295600,592.9136079183586
14299200,481.2782212838574
14302800,368.4040189097929
14306400,261.9831911544282
14310000,169.2681415607393
14313600,96.57724753957365
14317200,48.86427339108957
14320800,29.38077945408719
14324400,39.454533642398246
14328000,78.39902625573802
14331600,143.5602544813213
14335200,230.49758829959737
14338800,333.28639208158995
14342400,444.92177871618725
14346000,557.7959810902507
14349600,664.2168088455239
14353200,756.931858439221
14356800,829.6227524603975
14360400,877.3357266089238
14364000,896.8192205459147
14367600,886.7454663576136
14371200,847.8009737442413
14374800,782.6397455187152
14378400,695.702411700365
14382000,592.9136079183675
14385600,481.27822128386674
14389200,368.4040189097057
14392800,261.983191154524
14396400,169.2681415607462
14400000,96.57724753957865
14403600,48.864273391092354
14407200,29.380779454083438
14410800,39.4545336423962
14414400,78.3990262557337
14418000,143.56025448131493
14421600,230.49758829958947
14425200,333.2863920816752
14428800,444.9217787161779
14432400,557.7959810902416
14436000,664.2168088455156
14439600,756.931858439214
14443200,829.6227524604453
14446800,877.335726608921
14450400,896.8192205459143
14454000,886.7454663576157
14457600,847.8009737442915
14461200,782.6397455186548
14464800,695.7024117003729
14468400,592.9136079183764
14472000,481.2782212838761
14475600,368.40401890981116
14479200,261.9831911544448
14482800,169.26814156075307
14486400,96.57724753958365
14490000,48.86427339106564
14493600,29.380779454087985
14497200,39.45453364239415
14500800,78.39902625572932
14504400,143.56025448130862
14508000,230.4975882996649
14511600,333.2863920815721
14515200,444.92177871616855
14518800,557.7959810902324
14522400,664.2168088455073
14526000,756.9318584392798
14529600,829.6227524604403
14533200,877.3357266089182
14536800,896.8192205459138
14540400,886.7454663576177
14544000,847.8009737442501
14547600,782.6397455186611
14551200,695.7024117003808
14554800,592.9136079183853
14558400,481.27822128388544
14562000,368.40401890972396
14565600,261.98319115445304
14569200,169.26814156076
14572800,96.57724753958865
14576400,48.86427339109798
14580000,29.38077945408429
14583600,39.45453364239211
14587200,78.399026255725
14590800,143.56025448130225
14594400,230.49758829957366
14598000,333.28639208165737
14601600,444.9217787161592
14605200,557.7959810902233
14608800,664.2168088455866
14612400,756.9318584392004
14616000,829.6227524604353
14619600,877.3357266089154
14623200,896.8192205459135
14626800,886.7454663575982
14630400,847.8009737443001
14634000,782.6397455186675
14637600,695.7024117003887
14641200,592.9136079183943
14644800,481.2782212837962
14648400,368.4040189097331
14652000,261.98319115446134
14655600,169.26814156076688
14659200,96.57724753959366
14662800,48.86427339107121
14666400,29.38077945408469
14670000,39.45453364239006
14673600,78.39902625572068
14677200,143.56025448129594
14680800,230.4975882996491
14684400,333.2863920816484
14688000,444.92177871614984
14691600,557.7959810902142
14695200,664.2168088454907
14698800,756.9318584392661
14702400,829.6227524604303
14706000,877.3357266089126
14709600,896.8192205459131
14713200,886.7454663576218
14716800,847.8009737442587
14720400,782.6397455186739
14724000,695.7024117003966
14727600,592.913607918309
14731200,481.27822128390414
14734800,368.40401890974226
14738400,261.98319115446964
14742000,169.26814156077376
14745600,96.5772475395458
14749200,48.86427339110355
14752800,29.38077945408503
14756400,39.45453364238807
14760000,78.39902625571636
14763600,143.56025448135642
14767200,230.49758829964117
14770800,333.28639208163946
14774400,444.9217787161405
14778000,557.795981090205
14781600,664.21680884557
14785200,756.9318584392591
14788800,829.6227524604253
14792400,877.3357266089099
14796000,896.8192205459127
14799600,886.7454663576023
14803200,847.800973744263
14806800,782.6397455186802
14810400,695.7024117004045
14814000,592.9136079184121
14817600,481.2782212838149
14821200,368.40401890975136
14824800,261.98319115447794
14828400,169.26814156078063
14832000,96.57724753960372
14835600,48.864273391076836
14839200,29.380779454085427
14842800,39.45453364238597
14846400,78.39902625575775
14850000,143.56025448128327
14853600,230.49758829963326
14857200,333.28639208163054
14860800,444.92177871613114
14864400,557.7959810902922
14868000,664.2168088454741
14871600,756.9318584392522
14875200,829.6227524604203
14878800,877.3357266089071
14882400,896.8192205459166
14886000,886.7454663576043
14889600,847.8009737442674
14893200,782.6397455186866
14896800,695.7024117004124
14900400,592.9136079183269
14904000,481.2782212838243
14907600,368.4040189097605
14911200,261.98319115448624
14914800,169.26814156078757
14918400,96.57724753955586
14922000,48.86427339107968
14925600,29.380779454085825
14929200,39.45453364238398
14932800,78.39902625570767
14936400,143.56025448134375
14940000,230.49758829962536
14943600,333.28639208162156
14947200,444.9217787161218
14950800,557.7959810901868
14954400,664.2168088455534
14958000,756.9318584392454
14961600,829.6227524604153
14965200,877.3357266089338
14968800,896.819220545912
14972400,886.7454663576063
14976000,847.8009737442717
14979600,782.6397455186928
14983200,695.7024117003369
14986800,592.91360791843
14990400,481.2782212838336
14994000,368.40401890976966
14997600,261.98319115449453
15001200,169.26814156072174
15004800,96.57724753956086
15008400,48.86427339108246
15012000,29.380779454086223
15015600,39.454533642381875
15019200,78.39902625574905
15022800,143.56025448133744
15026400,230.49758829961746
15030000,333.2863920816127
15033600,444.92177871611244
15037200,557.795981090274
15040800,664.2168088455451
15044400,756.9318584392385
15048000,829.6227524604103
15051600,877.3357266089015
15055200,896.8192205459156
15058800,886.7454663576084
15062400,847.800973744276
15066000,782.6397455186992
15069600,695.7024117004282
15073200,592.9136079183447
15076800,481.278221283843
15080400,368.40401890977876
15084000,261.9831911544154
15087600,169.26814156080133
15091200,96.57724753956586
15094800,48.86427339108525
15098400,29.380779454086564
15102000,39.45453364240143
15105600,78.39902625569897
15109200,143.56025448133107
15112800,230.49758829960956
15116400,333.2863920816037
15120000,444.92177871620174
15123600,557.7959810902648
15127200,664.2168088455368
15130800,756.9318584392315
15134400,829.6227524604052
15138000,877.3357266089281
15141600,896.8192205459153
15145200,886.7454663576104
15148800,847.8009737442803
15152400,782.6397455187055
15156000,695.7024117003527
15159600,592.9136079183537
15163200,481.2782212838523
15166800,368.4040189097879
15170400,261.98319115451113
15174000,169.26814156073556
15177600,96.57724753957086
15181200,48.864273391088034
15184800,29.38077945408702
15188400,39.45453364237784
15192000,78.39902625574041
15195600,143.56025448132476
15199200,230.49758829960166
15202800,333.286392081689
15206400,444.92177871609374
15210000,557.7959810902557
15213600,664.2168088455285
15217200,756.9318584392247
15220800,829.6227524604531
15224400,877.3357266088958
15228000,896.819220545915
15231600,886.7454663576125
15235200,847.8009737442846
15238800,782.639745518645
15242400,695.7024117003607
15246000,592.9136079183627
15249600,481.2782212838617
15253200,368.40401890979706
15256800,261.98319115443195
15260400,169.26814156074244
15264000,96.57724753957586
15267600,48.86427339109082
15271200,29.380779454087417
15274800,39.45453364239728
15278400,78.39902625573603
15282000,143.5602544813184
15285600,230.49758829959376
15289200,333.28639208158586
15292800,444.92177871618304
15296400,557.7959810902466
15300000,664.2168088455202
15303600,756.9318584392179
15307200,829.6227524603952
15310800,877.3357266089226
15314400,896.8192205459145
15318000,886.7454663576145
15321600,847.8009737442433
15325200,782.6397455187182
15328800,695.7024117003685
15332400,592.9136079183716
15336000,481.278221283871
15339600,368.40401890970986
15343200,261.98319115452773
15346800,169.2681415607493
15350400,96.57724753958092
15354000,48.864273391093604
15357600,29.380779454083665
15361200,39.45453364239529
15364800,78.39902625573171
15368400,143.56025448131209
15372000,230.49758829958586
15375600,333.2863920816711
15379200,444.92177871617366
15382800,557.7959810902374
15386400,664.2168088455119
15390000,756.9318584392109
15393600,829.622752460443
15397200,877.3357266089197
15400800,896.819220545914
15404400,886.7454663576166
15408000,847.8009737442934
15411600,782.6397455186577
15415200,695.7024117003765
15418800,592.9136079183804
15422400,481.2782212838804
15426000,368.4040189098153
15429600,261.98319115444855
15433200,169.2681415607562
15436800,96.57724753958593
15440400,48.864273391066945
15444000,29.380779454088156
15447600,39.45453364239319
15451200,78.39902625572739
15454800,143.56025448130578
15458400,230.4975882996613
15462000,333.286392081568
15465600,444.92177871616434
15469200,557.7959810902283
15472800,664.2168088455037
15476400,756.9318584392768
15480000,829.622752460438
15483600,877.335726608917
15487200,896.8192205459138
15490800,886.7454663576186
15494400,847.800973744252
15498000,782.6397455186641
15501600,695.7024117003843
15505200,592.9136079183894
15508800,481.2782212838897
15512400,368.40401890972817
15516000,261.98319115445685
15519600,169.26814156076313
15523200,96.57724753959099
15526800,48.86427339109923
15530400,29.380779454084404
15534000,39.4545336423912
15537600,78.39902625572302
15541200,143.5602544812994
15544800,230.49758829957005
15548400,333.2863920816533
15552000,444.92177871615496
15555600,557.7959810902191
15559200,664.2168088455828
15562800,756.9318584391972
15566400,829.622752460433
15570000,877.3357266089142
15573600,896.8192205459134
15577200,886.7454663575991
15580800,847.8009737443022
15584400,782.6397455186705
15588000,695.7024117003923
15591600,592.9136079183984
15595200,481.27822128380046
15598800,368.40401890973726
15602400,261.98319115446515
15606000,169.26814156077
15609600,96.57724753959599
15613200,48.864273391072516
15616800,29.38077945408486
15620400,39.45453364238915
15624000,78.3990262557187
15627600,143.5602544812931
15631200,230.49758829964546
15634800,333.28639208164435
15638400,444.9217787161456
15642000,557.79598109021
15645600,664.216808845487
15649200,756.9318584392629
15652800,829.622752460428
15656400,877.3357266089114
15660000,896.819220545917
15663600,886.7454663576227
15667200,847.8009737442607
15670800,782.6397455186768
15674400,695.7024117004001
15678000,592.9136079183131
15681600,481.2782212839084
15685200,368.4040189097464
15688800,261.98319115447345
15692400,169.26814156077688
15696000,96.57724753954807
15699600,48.8642733910753
15703200,29.380779454085257
15706800,39.454533642387105
15710400,78.39902625571438
15714000,143.56025448135358
15717600,230.49758829963756
15721200,333.2863920816354
15724800,444.92177871613626
15728400,557.7959810902009
15732000,664.2168088455662
15735600,756.9318584392561
15739200,829.622752460423
15742800,877.3357266089085
15746400,896.8192205459125
15750000,886.7454663576032
15753600,847.8009737442651
15757200,782.6397455186831
15760800,695.7024117004081
15764400,592.9136079184162
15768000,481.27822128381916
15771600,368.40401890975556
15775200,261.9831911544817
15778800,169.26814156071111
15782400,96.57724753960599
15786000,48.864273391078086
15789600,29.380779454085598
15793200,39.45453364238506
15796800,78.39902625575576
15800400,143.56025448128042
15804000,230.49758829962965
15807600,333.28639208162645
15811200,444.92177871612694
15814800,557.7959810902881
15818400,664.2168088455579
15822000,756.9318584392491
15825600,829.622752460418
15829200,877.3357266089058
15832800,896.8192205459163
15836400,886.7454663576052
15840000,847.8009737442694
15843600,782.6397455186893
15847200,695.702411700416
15850800,592.913607918331
15854400,481.2782212838285
15858000,368.40401890976466
15861600,261.98319115449
15865200,169.2681415607907
15868800,96.57724753955813
15872400,48.86427339108093
15876000,29.380779454085996
15879600,39.45453364238301
15883200,78.39902625570568
15886800,143.5602544813409
15890400,230.49758829962175
15894000,333.2863920816176
15897600,444.9217787162162
15901200,557.7959810901826
15904800,664.2168088455496
15908400,756.9318584392422
15912000,829.622752460413
15915600,877.3357266089324
15919200,896.8192205459118
15922800,886.7454663576073
15926400,847.8009737442737
15930000,782.6397455186957
15933600,695.7024117003406
15937200,592.9136079183398
15940800,481.27822128383787
15944400,368.4040189097738
15948000,261.9831911544983
15951600,169.26814156072487
15955200,96.57724753956313
15958800,48.864273391083714
15962400,29.380779454086394
15966000,39.454533642380966
15969600,78.39902625574706
15973200,143.5602544813346
15976800,230.49758829961385
15980400,333.2863920816086
15984000,444.9217787161082
15987600,557.7959810902698
15991200,664.2168088455413
15994800,756.9318584392354
15998400,829.622752460408
16002000,877.3357266089001
16005600,896.8192205459155
16009200,886.7454663576093
16012800,847.800973744278
16016400,782.6397455186352
16020000,695.7024117004318
16023600,592.9136079183488
16027200,481.2782212838472
16030800,368.40401890978296
16034400,261.98319115441916
16038000,169.26814156080445
16041600,96.57724753956819
16045200,48.8642733910865
16048800,29.38077945408679
16052400,39.45453364240046
16056000,78.39902625574274
16059600,143.56025448132823
16063200,230.49758829960595
16066800,333.2863920815997
16070400,444.9217787161975
16074000,557.7959810902607
16077600,664.216808845533
16081200,756.9318584392284
16084800,829.622752460403
16088400,877.335726608927
16092000,896.8192205459152
16095600,886.7454663576113
16099200,847.8009737442824
16102800,782.6397455187084
16106400,695.7024117003564
16110000,592.9136079183577
16113600,481.27822128385657
16117200,368.40401890979206
16120800,261.9831911545149
16124400,169.26814156073868
16128000,96.5772475395732
16131600,48.864273391089284
16135200,29.380779454083097
16138800,39.45453364237687
16142400,78.39902625573842
16146000,143.56025448132192
16149600,230.49758829959805
16153200,333.28639208168494
16156800,444.9217787160895
16160400,557.7959810902515
16164000,664.2168088455247
16167600,756.9318584392215
16171200,829.6227524604508
16174800,877.3357266089241
16178400,896.8192205459147
16182000,886.7454663576134
16185600,847.8009737442867
16189200,782.6397455186479
16192800,695.7024117003643
16196400,592.9136079183667
16200000,481.2782212838659
16203600,368.4040189098012
16207200,261.98319115443576
16210800,169.26814156074556
16214400,96.5772475395782
16218000,48.86427339109207
16221600,29.38077945408753
16225200,39.45453364239637
16228800,78.3990262557341
16232400,143.56025448131555
16236000,230.49758829959015
16239600,333.2863920815818
16243200,444.9217787161788
16246800,557.7959810902424
16250400,664.2168088455164
16254000,756.9318584392873
16257600,829.6227524603929
16261200,877.3357266089213
16264800,896.8192205459143
16268400,886.7454663576154
16272000,847.8009737442453
16275600,782.6397455187212
16279200,695.7024117003722
16282800,592.9136079183756
16286400,481.27822128387527
16290000,368.404018909714
16293600,261.98319115444406
16297200,169.26814156075244
16300800,96.5772475395832
16304400,48.864273391094855
16308000,29.380779454083836
16311600,39.45453364239438
16315200,78.39902625572972
16318800,143.56025448130924
16322400,230.49758829958228
16326000,333.28639208166703
16329600,444.9217787161694
16333200,557.7959810902333
16336800,664.2168088455081
16340400,756.9318584392079
16344000,829.6227524604408
16347600,877.3357266089185
16351200,896.8192205459139
16354800,886.7454663576175
16358400,847.8009737442953
16362000,782.6397455186607
16365600,695.70241170038
16369200,592.9136079183845
16372800,481.278221283786
16376400,368.40401890981946
16380000,261.98319115445236
16383600,169.26814156075937
16387200,96.5772475395882
16390800,48.864273391068195
16394400,29.380779454088383
16398000,39.45453364239228
16401600,78.3990262557254
16405200,143.56025448130288
16408800,230.4975882996577
16412400,333.28639208165816
16416000,444.9217787161601
16419600,557.7959810902241
16423200,664.2168088454998
16426800,756.9318584392736
16430400,829.6227524604358
16434000,877.3357266089157
16437600,896.8192205459136
16441200,886.7454663576195
16444800,847.800973744254
16448400,782.6397455186669
16452000,695.702411700388
16455600,592.9136079183935
16459200,481.27822128389397
16462800,368.40401890973226
16466400,261.98319115446066
16470000,169.26814156076625
16473600,96.57724753959326
16477200,48.86427339110054
16480800,29.38077945408463
16484400,39.45453364239029
16488000,78.39902625572108
16491600,143.56025448136336
16495200,230.49758829956647
16498800,333.2863920816492
16502400,444.9217787161507
16506000,557.795981090215
16509600,664.216808845579
16513200,756.931858439194
16516800,829.6227524604308
16520400,877.3357266089129
16524000,896.8192205459131
16527600,886.7454663576
16531200,847.8009737442583
16534800,782.6397455186733
16538400,695.7024117003959
16542000,592.9136079184024
16545600,481.2782212838047
16549200,368.4040189097414
16552800,261.9831911544689
16556400,169.26814156077313
16560000,96.57724753959826
16563600,48.864273391073766
16567200,29.380779454084973
16570800,39.454533642388185
16574400,78.3990262557167
16578000,143.5602544812902
16581600,230.4975882996419
16585200,333.28639208164026
16588800,444.9217787161414
16592400,557.7959810902059
16596000,664.2168088454832
16599600,756.9318584392597
16603200,829.6227524604258
16606800,877.3357266089101
16610400,896.819220545917
16614000,886.7454663576236
16617600,847.8009737442626
16621200,782.6397455186795
16624800,695.7024117004038
16628400,592.9136079183172
16632000,481.27822128391267
16635600,368.40401890975056
16639200,261.9831911544772
16642800,169.26814156078
16646400,96.5772475395504
16650000,48.86427339107655
16653600,29.38077945408537
16657200,39.454533642386195
16660800,78.39902625571239
16664400,143.56025448135068
16668000,230.497588299634
16671600,333.28639208163133
16675200,444.921778716132
16678800,557.7959810901967
16682400,664.2168088455624
16686000,756.9318584392529
16689600,829.6227524604208
16693200,877.3357266089073
16696800,896.8192205459125
16700400,886.7454663576041
16704000,847.8009737442669
16707600,782.6397455186859
16711200,695.7024117004116
16714800,592.9136079184202
16718400,481.2782212838234
16722000,368.40401890975966
16725600,261.9831911544855
16729200,169.26814156071424
16732800,96.57724753960827
16736400,48.86427339107934
16740000,29.38077945408577
16743600,39.45453364238415
16747200,78.39902625575377
16750800,143.56025448127752
16754400,230.4975882996261
16758000,333.2863920816224
16761600,444.9217787161227
16765200,557.7959810902839
16768800,664.2168088455542
16772400,756.9318584392461
16776000,829.6227524604158
16779600,877.3357266089045
16783200,896.8192205459161
16786800,886.7454663576061
16790400,847.8009737442712
16794000,782.6397455186923
16797600,695.7024117004196
16801200,592.913607918335
16804800,481.27822128383275
16808400,368.4040189097688
16812000,261.9831911544938
16815600,169.26814156079382
16819200,96.5772475395604
16822800,48.86427339108218
16826400,29.380779454086223
16830000,39.4545336423821
16833600,78.39902625570369
16837200,143.560254481338
16840800,230.4975882996182
16844400,333.2863920816135
16848000,444.9217787162119
16851600,557.7959810901785
16855200,664.2168088455459
16858800,756.9318584392391
16862400,829.6227524604108
16866000,877.3357266089313
16869600,896.8192205459115
16873200,886.7454663576082
16876800,847.8009737442756
16880400,782.6397455186986
16884000,695.7024117003441
16887600,592.9136079183439
16891200,481.27822128384213
16894800,368.40401890977796
16898400,261.9831911545021
16902000,169.268141560728
16905600,96.5772475395654
16909200,48.86427339108502
16912800,29.380779454086564
16916400,39.454533642380056
16920000,78.39902625574513
16923600,143.5602544813317
16927200,230.49758829961027
16930800,333.28639208160456
16934400,444.921778716104
16938000,557.7959810902657
16941600,664.2168088455376
16945200,756.9318584392322
16948800,829.6227524604058
16952400,877.3357266088989
16956000,896.8192205459154
16959600,886.7454663576102
16963200,847.8009737442799
16966800,782.6397455186382
16970400,695.7024117004354
16974000,592.9136079183529
16977600,481.27822128385145
16981200,368.40401890978706
16984800,261.9831911544229
16988400,169.26814156080758
16992000,96.57724753957046
16995600,48.864273391087806
16999200,29.380779454086962
17002800,39.4545336423995
17006400,78.39902625574075
17010000,143.56025448132533
17013600,230.49758829960237
17017200,333.28639208159564
17020800,444.9217787161932
17024400,557.7959810902565
17028000,664.2168088455293
17031600,756.9318584392254
17035200,829.6227524604006
17038800,877.3357266089256
17042400,896.819220545915
17046000,886.7454663576123
17049600,847.8009737442843
17053200,782.6397455187114
17056800,695.7024117003599
17060400,592.9136079183618
17064000,481.27822128386083
17067600,368.4040189097962
17071200,261.9831911545187
17074800,169.2681415607418
17078400,96.57724753957547
17082000,48.86427339109059
17085600,29.38077945408321
17089200,39.454533642375964
17092800,78.39902625573643
17096400,143.56025448131902
17100000,230.49758829959447
17103600,333.2863920816809
17107200,444.92177871608527
17110800,557.7959810902474
17114400,664.216808845521
17118000,756.9318584392186
17121600,829.6227524604485
17125200,877.3357266089229
17128800,896.8192205459145
17132400,886.7454663576143
17136000,847.8009737442886
17139600,782.6397455186509
17143200,695.7024117003679
17146800,592.9136079183708
17150400,481.27822128387015
17154000,368.40401890980536
17157600,261.9831911544395
17161200,169.2681415607487
17164800,96.57724753958047
17168400,48.86427339109338
17172000,29.380779454087758
17175600,39.45453364239546
17179200,78.39902625573211
17182800,143.56025448131265
17186400,230.49758829958657
17190000,333.2863920815778
17193600,444.9217787161745
17197200,557.7959810902382
17200800,664.2168088455127
17204400,756.9318584392843
17208000,829.6227524603906
17211600,877.33572660892
17215200,896.8192205459142
17218800,886.7454663576164
17222400,847.8009737442474
17226000,782.6397455187239
17229600,695.7024117003757
17233200,592.9136079183796
17236800,481.27822128387953
17240400,368.40401890971816
17244000,261.9831911544478
17247600,169.26814156075557
17251200,96.57724753958547
17254800,48.86427339109616
17258400,29.380779454084006
17262000,39.454533642393415
17265600,78.39902625572773
17269200,143.56025448130634
17272800,230.49758829957867
17276400,333.28639208166305
17280000,444.92177871616514
17283600,557.7959810902291
17287200,664.2168088455044
17290800,756.9318584392047
17294400,829.6227524604385
17298000,877.3357266089172
17301600,896.8192205459138
17305200,886.7454663576184
17308800,847.8009737442974
17312400,782.6397455186635
17316000,695.7024117003837
17319600,592.9136079183886
17323200,481.27822128379023
17326800,368.4040189098236
17330400,261.9831911544561
17334000,169.2681415607625
17337600,96.57724753959047
17341200,48.8642733910695
17344800,29.380779454088497
17348400,39.45453364239137
17352000,78.39902625572341
17355600,143.56025448129998
17359200,230.4975882996541
17362800,333.28639208165407
17366400,444.9217787161558
17370000,557.79598109022
17373600,664.2168088454961
17377200,756.9318584392704
17380800,829.6227524604335
17384400,877.3357266089145
17388000,896.8192205459134
17391600,886.7454663576204
17395200,847.8009737442559
17398800,782.6397455186698
17402400,695.7024117003915
17406000,592.9136079183975
17409600,481.27822128389823
17413200,368.40401890973646
17416800,261.9831911544644
17420400,169.26814156076938
17424000,96.57724753959548
17427600,48.86427339110179
17431200,29.380779454084802
17434800,39.45453364238938
17438400,78.3990262557191
17442000,143.56025448136046
17445600,230.49758829956286
17449200,333.28639208164515
17452800,444.9217787161465
17456400,557.795981090211
17460000,664.2168088455752
17463600,756.9318584392636
17467200,829.6227524604285
17470800,877.3357266089116
17474400,896.8192205459129
17478000,886.7454663576009
17481600,847.8009737442603
17485200,782.6397455186761
17488800,695.7024117003995
17492400,592.9136079184065
17496000,481.27822128380893
17499600,368.40401890974556
17503200,261.9831911544727
17506800,169.26814156077626
17510400,96.57724753960053
17514000,48.86427339107507
17517600,29.3807794540852
17521200,39.454533642387275
17524800,78.39902625571477
17528400,143.56025448128736
17532000,230.4975882996383
17535600,333.2863920816362
17539200,444.9217787161371
17542800,557.795981090298
17546400,664.2168088454795
17550000,756.9318584392566
17553600,829.6227524604235
17557200,877.3357266089088
17560800,896.8192205459168
17564400,886.7454663576245
17568000,847.8009737442646
17571600,782.6397455186825
17575200,695.7024117004073
17578800,592.9136079183212
17582400,481.2782212838183
17586000,368.4040189097547
17589600,261.983191154481
17593200,169.26814156078314
17596800,96.57724753955267
17600400,48.86427339107786
17604000,29.380779454085598
17607600,39.45453364238523
17611200,78.3990262557104
17614800,143.56025448134778
17618400,230.4975882996304
17622000,333.28639208162724
17625600,444.92177871612773
17629200,557.7959810901926
17632800,664.2168088455587
17636400,756.9318584392497
17640000,829.6227524604185
17643600,877.335726608906
17647200,896.8192205459122
17650800,886.745466357605
17654400,847.800973744269
17658000,782.6397455186889
17661600,695.7024117003319
17665200,592.9136079184243
17668800,481.27822128382763
17672400,368.40401890976386
17676000,261.9831911544893
17679600,169.26814156071737
17683200,96.57724753961054
17686800,48.864273391080644
17690400,29.38077945408594
17694000,39.45453364238318
17697600,78.39902625575183
17701200,143.56025448134147
17704800,230.49758829962246
17708400,333.2863920816184
17712000,444.9217787161184
17715600,557.7959810902798
17719200,664.2168088455503
17722800,756.9318584392429
17726400,829.6227524604135
17730000,877.3357266089033
17733600,896.819220545916
17737200,886.745466357607
17740800,847.8009737442733
17744400,782.6397455186952
17748000,695.7024117004232
17751600,592.913607918339
17755200,481.278221283837
17758800,368.40401890977296
17762400,261.98319115449755
17766000,169.26814156079695
17769600,96.57724753956268
17773200,48.864273391083486
17776800,29.380779454086337
17780400,39.45453364240268
17784000,78.39902625570176
17787600,143.5602544813351
17791200,230.49758829961456
17794800,333.2863920816094
17798400,444.92177871620765
17802000,557.7959810901743
17805600,664.2168088455421
17809200,756.931858439236
17812800,829.6227524604084
17816400,877.3357266089299
17820000,896.8192205459156
17823600,886.7454663576091
17827200,847.8009737442776
17830800,782.6397455187015
17834400,695.7024117003477
17838000,592.913607918348
17841600,481.27822128384634
17845200,368.4040189097821
17848800,261.9831911545059
17852400,169.26814156073118
17856000,96.57724753956768
17859600,48.86427339108627
17863200,29.380779454086735
17866800,39.45453364237915
17870400,78.39902625574314
17874000,143.5602544813288
17877600,230.49758829960666
17881200,333.2863920816005
17884800,444.9217787160997
17888400,557.7959810902615
17892000,664.2168088455337
17895600,756.931858439229
17899200,829.6227524604562
17902800,877.3357266088976
17906400,896.8192205459152
17910000,886.7454663576111
17913600,847.8009737442819
17917200,782.6397455186411
17920800,695.7024117004389
17924400,592.913607918357
17928000,481.2782212838557
17931600,368.40401890979126
17935200,261.98319115442666
17938800,169.26814156073806
17942400,96.57724753957268
17946000,48.86427339108906
17949600,29.38077945408719
17953200,39.45453364239859
17956800,78.39902625573882
17960400,143.5602544813225
17964000,230.49758829959876
17967600,333.28639208159154
17971200,444.92177871618895
17974800,557.7959810902524
17978400,664.2168088455255
17982000,756.9318584392222
17985600,829.6227524603984
17989200,877.3357266089243
17992800,896.8192205459147
17996400,886.7454663576132
18000000,847.8009737442862
18003600,782.6397455187141
18007200,695.7024117003635
18010800,592.9136079183659
18014400,481.27822128386504
18018000,368.40401890970406
18021600,261.98319115452244
18025200,169.26814156074494
18028800,96.57724753957774
18032400,48.86427339109184
18036000,29.38077945408338
18039600,39.454533642375054
18043200,78.39902625573444
18046800,143.56025448131612
18050400,230.49758829959086
18054000,333.2863920816768
18057600,444.92177871617963
18061200,557.7959810902432
18064800,664.2168088455172
18068400,756.9318584392154
18072000,829.6227524604462
18075600,877.3357266089215
18079200,896.8192205459144
18082800,886.7454663576152
18086400,847.8009737442906
18090000,782.6397455186536
18093600,695.7024117003714
18097200,592.9136079183747
18100800,481.2782212838744
18104400,368.4040189098095
18108000,261.98319115444326
18111600,169.26814156075181
18115200,96.57724753958274
18118800,48.86427339109463
18122400,29.38077945408793
18126000,39.454533642394495
18129600,78.39902625573012
18133200,143.5602544813098
18136800,230.49758829966635
18140400,333.2863920815737
18144000,444.92177871617025
18147600,557.7959810902341
18151200,664.2168088455089
18154800,756.9318584392811
18158400,829.6227524603884
18162000,877.3357266089188
18165600,896.819220545914
18169200,886.7454663576173
18172800,847.8009737442492
18176400,782.63974551866
18180000,695.7024117003793
18183600,592.9136079183837
18187200,481.27822128388374
18190800,368.4040189097223
18194400,261.98319115445156
18198000,169.2681415607587
18201600,96.57724753958774
18205200,48.86427339109741
18208800,29.380779454084177
18212400,39.454533642392505
18216000,78.3990262557258
18219600,143.56025448130345
18223200,230.49758829957506
18226800,333.28639208165896
18230400,444.92177871616093
18234000,557.795981090225
18237600,664.2168088455006
18241200,756.9318584392015
18244800,829.6227524604362
18248400,877.3357266089159
18252000,896.8192205459136
18255600,886.7454663575978
18259200,847.8009737442992
18262800,782.6397455186664
18266400,695.7024117003873
18270000,592.9136079183927
18273600,481.2782212837945
18277200,368.40401890982776
18280800,261.98319115445986
18284400,169.26814156076563
18288000,96.57724753959275
18291600,48.86427339107075
18295200,29.380779454084575
18298800,39.45453364239046
18302400,78.39902625572142
18306000,143.56025448129714
18309600,230.49758829965052
18313200,333.28639208165004
18316800,444.92177871615155
18320400,557.7959810902158
18324000,664.2168088454923
18327600,756.9318584392673
18331200,829.6227524604312
18334800,877.3357266089131
18338400,896.8192205459131
18342000,886.7454663576214
18345600,847.8009737442578
18349200,782.6397455186727
18352800,695.7024117003951
18356400,592.9136079184016
18360000,481.27822128390244
18363600,368.40401890974056
18367200,261.98319115446816
18370800,169.2681415607725
18374400,96.57724753954489
18378000,48.86427339110304
18381600,29.380779454084973
18385200,39.45453364238841
18388800,78.3990262557171
18392400,143.56025448135762
18396000,230.49758829955928
18399600,333.2863920816411
18403200,444.9217787161422
18406800,557.7959810902067
18410400,664.2168088455714
18414000,756.9318584392604
18417600,829.6227524604262
18421200,877.3357266089104
18424800,896.8192205459129
18428400,886.7454663576019
18432000,847.8009737442621
18435600,782.6397455186791
18439200,695.7024117004031
18442800,592.9136079184105
18446400,481.2782212838132
18450000,368.4040189097497
18453600,261.98319115447646
18457200,169.26814156077938
18460800,96.57724753960275
18464400,48.864273391076324
18468000,29.38077945408537
18471600,39.454533642386366
18475200,78.39902625571278
18478800,143.56025448128446
18482400,230.4975882996347
18486000,333.28639208163213
18489600,444.92177871613285
18493200,557.7959810902939
18496800,664.2168088454757
18500400,756.9318584392536
18504000,829.6227524604212
18507600,877.3357266089076
18511200,896.8192205459166
18514800,886.7454663576254
18518400,847.8009737442666
18522000,782.6397455186855
18525600,695.702411700411
18529200,592.9136079183253
18532800,481.2782212838226
18536400,368.40401890975886
18540000,261.98319115448476
18543600,169.26814156078626
18547200,96.57724753955495
18550800,48.86427339107911
18554400,29.38077945408577
18558000,39.45453364238432
18561600,78.3990262557084
18565200,143.56025448134494
18568800,230.4975882996268
18572400,333.28639208162326
18576000,444.9217787161235
18579600,557.7959810901884
18583200,664.2168088455549
18586800,756.9318584392466
18590400,829.6227524604162
18594000,877.3357266089048
18597600,896.819220545912
18601200,886.7454663576059
18604800,847.8009737442709
18608400,782.6397455186917
18612000,695.7024117003356
18615600,592.9136079184284
18619200,481.2782212838319
18622800,368.40401890976796
18626400,261.98319115449306
18630000,169.2681415607205
18633600,96.57724753961287
18637200,48.864273391081895
18640800,29.380779454086166
18644400,39.45453364238227
18648000,78.39902625574985
18651600,143.56025448133857
18655200,230.4975882996189
18658800,333.2863920816143
18662400,444.92177871611415
18666000,557.7959810902756
18669600,664.2168088455466
18673200,756.9318584392397
18676800,829.6227524604112
18680400,877.335726608902
18684000,896.8192205459158
18687600,886.745466357608
18691200,847.8009737442752
18694800,782.6397455186981
18698400,695.7024117004268
18702000,592.9136079183431
18705600,481.2782212838413
18709200,368.4040189097771
18712800,261.98319115450136
18716400,169.26814156080007
18720000,96.57724753956495
18723600,48.86427339108474
18727200,29.380779454086564
18730800,39.45453364240177
18734400,78.39902625569977
18738000,143.56025448133227
18741600,230.497588299611
18745200,333.28639208160536
18748800,444.92177871620345
18752400,557.7959810901702
18756000,664.2168088455383
18759600,756.9318584392329
18763200,829.6227524604062
18766800,877.3357266089287
18770400,896.8192205459154
18774000,886.74546635761
18777600,847.8009737442796
18781200,782.6397455186376
18784800,695.7024117003514
18788400,592.9136079184462
18792000,481.2782212838506
18795600,368.40401890978626
18799200,261.9831911544221
18802800,169.2681415607343
18806400,96.57724753962287
18810000,48.86427339108752
18813600,29.380779454086905
18817200,39.454533642399724
18820800,78.39902625574115
18824400,143.5602544812591
18828000,230.4975882996031
18831600,333.28639208159643
18835200,444.92177871619407
18838800,557.7959810902573
18842400,664.2168088454425
18846000,756.931858439226
18849600,829.6227524604011
18853200,877.3357266089258
18856800,896.819220545915
18860400,886.7454663575907
18864000,847.800973744284
18867600,782.6397455187107
18871200,695.7024117003592
18874800,592.913607918361
18878400,481.27822128376135
18882000,368.40401890979535
18885600,261.98319115451795
18889200,169.26814156074119
18892800,96.57724753957496
18896400,48.864273391060806
18900000,29.380779454087303
18903600,39.454533642376134
18907200,78.39902625573683
18910800,143.5602544813196
18914400,230.49758829967854
18918000,333.2863920815875
18921600,444.9217787160861
18925200,557.7959810902482
18928800,664.2168088455217
18932400,756.9318584392918
18936000,829.6227524603961
18939600,877.3357266089231
18943200,896.8192205459146
18946800,886.7454663576141
18950400,847.8009737442426
18954000,782.6397455187171
18957600,695.7024117003672
18961200,592.91360791837
18964800,481.2782212838693
18968400,368.40401890970816
18972000,261.9831911545262
18975600,169.26814156074806
18979200,96.57724753957996
18982800,48.86427339109315
18986400,29.38077945408361
18990000,39.454533642374145
18993600,78.39902625573251
18997200,143.56025448131322
19000800,230.4975882995873
19004400,333.2863920816727
19008000,444.92177871607674
19011600,557.7959810902391
19015200,664.2168088455135
19018800,756.9318584392848
19022400,829.622752460444
19026000,877.3357266088908
19029600,896.8192205459142
19033200,886.7454663576161
19036800,847.8009737442469
19040400,782.6397455186566
19044000,695.7024117004584
19047600,592.9136079183788
19051200,481.2782212838787
19054800,368.40401890971737
19058400,261.983191154447
19062000,169.26814156082764
19065600,96.57724753958502
19069200,48.864273391095935
19072800,29.380779454084006
19076400,39.454533642393585
19080000,78.39902625568243
19083600,143.5602544813069
19087200,230.4975882995794
19090800,333.28639208166385
19094400,444.92177871616605
19098000,557.7959810903263
19101600,664.216808845505
19105200,756.9318584392054
19108800,829.622752460439
19112400,877.3357266089175
19116000,896.8192205459179
19119600,886.7454663576182
19123200,847.8009737442969
19126800,782.639745518663
19130400,695.702411700383
19134000,592.9136079182936
19137600,481.278221283888
19141200,368.40401890982275
19144800,261.9831911544553
19148400,169.26814156076188
19152000,96.57724753953715
19155600,48.86427339109872
19159200,29.380779454088497
19162800,39.454533642391596
19166400,78.39902625572381
19170000,143.5602544813674
19173600,230.49758829957148
19177200,333.28639208165487
19180800,444.92177871615667
19184400,557.7959810902208
19188000,664.2168088455843
19191600,756.9318584391984
19195200,829.622752460434
19198800,877.3357266089147
19202400,896.8192205459134
19206000,886.7454663575987
19209600,847.8009737443012
19213200,782.6397455186693
19216800,695.7024117003908
19220400,592.9136079183967
19224000,481.27822128379876
19227600,368.40401890983196
19231200,261.9831911544636
19234800,169.26814156076875
19238400,96.57724753959508
19242000,48.864273391072004
19245600,29.380779454088895
19249200,39.45453364238949
19252800,78.39902625571949
19256400,143.56025448136103
19260000,230.4975882996469
19263600,333.28639208155175
19267200,444.9217787161473
19270800,557.7959810902117
19274400,664.216808845576
19278000,756.9318584392641
19281600,829.622752460376
19285200,877.3357266089118
19288800,896.819220545913
19292400,886.7454663576008
19296000,847.8009737442599
19299600,782.6397455187424
19303200,695.7024117003987
19306800,592.9136079184057
19310400,481.2782212838081
19314000,368.40401890974476
19317600,261.9831911545594
19321200,169.26814156077563
19324800,96.57724753960008
19328400,48.86427339107479
19332000,29.380779454085143
19335600,39.45453364240899
19339200,78.39902625571511
19342800,143.56025448128793
19346400,230.497588299639
19350000,333.286392081637
19353600,444.9217787162366
19357200,557.7959810902025
19360800,664.2168088454803
19364400,756.9318584392572
19368000,829.622752460424
19371600,877.3357266089386
19375200,896.8192205459127
19378800,886.7454663576243
19382400,847.8009737442642
19386000,782.6397455186819
19389600,695.7024117003233
19393200,592.9136079184145
19396800,481.2782212839161
19400400,368.40401890975386
19404000,261.9831911544802
19407600,169.26814156070986
19411200,96.57724753960508
19414800,48.864273391077575
19418400,29.38077945408554
19422000,39.45453364238546
19425600,78.39902625575655
19429200,143.56025448128156
19432800,230.4975882996311
19436400,333.2863920816281
19440000,444.9217787161286
19443600,557.7959810902897
19447200,664.216808845472
19450800,756.9318584392504
19454400,829.622752460419
19458000,877.3357266089063
19461600,896.8192205459163
19465200,886.7454663576264
19468800,847.8009737442685
19472400,782.6397455186883
19476000,695.7024117004146
19479600,592.9136079183293
19483200,481.2782212839254
19486800,368.404018909763
19490400,261.9831911544885
19494000,169.26814156071674
19497600,96.57724753955716
19501200,48.86427339110992
19504800,29.38077945408594
19508400,39.45453364238335
19512000,78.39902625575218
19515600,143.56025448134204
19519200,230.49758829953987
19522800,333.28639208161917
19526400,444.92177871611926
19530000,557.7959810902806
19533600,664.2168088455511
19537200,756.9318584391708
19540800,829.622752460414
19544400,877.3357266089035
19548000,896.819220545916
19551600,886.7454663576069
19555200,847.8009737443185
19558800,782.6397455186946
19562400,695.7024117004224
19566000,592.9136079183382
19569600,481.27822128383616
19573200,368.4040189096758
19576800,261.9831911544968
19580400,169.26814156079632
19584000,96.57724753956222
19587600,48.8642733910832
19591200,29.380779454082187
19594800,39.454533642381364
19598400,78.3990262557021
19602000,143.56025448133568
19605600,230.4975882996153
19609200,333.28639208170443
19612800,444.9217787161099
19616400,557.7959810901751
19620000,664.2168088455428
19623600,756.9318584392365
19627200,829.6227524604617
19630800,877.3357266089007
19634400,896.8192205459114
19638000,886.745466357609
19641600,847.8009737442771
19645200,782.6397455186341
19648800,695.7024117004303
19652400,592.9136079183472
19656000,481.2782212838455
19659600,368.40401890978126
19663200,261.9831911544176
19666800,169.2681415608032
19670400,96.57724753956728
19674000,48.86427339108599
19677600,29.380779454086735
19681200,39.454533642400804
19684800,78.39902625569778
19688400,143.56025448132937
19692000,230.4975882996074
19695600,333.2863920816013
19699200,444.9217787161992
19702800,557.795981090166
19706400,664.2168088455345
19710000,756.9318584392297
19713600,829.622752460404
19717200,877.3357266089274
19720800,896.8192205459111
19724400,886.745466357611
19728000,847.8009737442815
19731600,782.6397455186404
19735200,695.7024117003549
19738800,592.9136079184503
19742400,481.27822128385486
19746000,368.4040189097904
19749600,261.983191154426
19753200,169.26814156073743
19756800,96.57724753962515
19760400,48.86427339108883
19764000,29.380779454087133
19767600,39.454533642398815
19771200,78.39902625573916
19774800,143.5602544812562
19778400,230.4975882995995
19782000,333.28639208159234
19785600,444.9217787161898
19789200,557.7959810902532
19792800,664.2168088454388
19796400,756.9318584392229
19800000,829.6227524603989
19803600,877.3357266089246
19807200,896.8192205459147
19810800,886.7454663575916
19814400,847.8009737442859
19818000,782.6397455187137
19821600,695.7024117003629
19825200,592.9136079183651
19828800,481.2782212837656
19832400,368.40401890979956
19836000,261.9831911545217
19839600,169.2681415607443
19843200,96.57724753957729
19846800,48.864273391062056
19850400,29.38077945408753
19854000,39.454533642375225
19857600,78.39902625573484
19861200,143.5602544813167
19864800,230.49758829967496
19868400,333.2863920815835
19872000,444.92177871608186
19875600,557.7959810902441
19879200,664.2168088455179
19882800,756.9318584392886
19886400,829.6227524603938
19890000,877.3357266089217
19893600,896.8192205459145
19897200,886.7454663576151
19900800,847.8009737442444
19904400,782.63974551872
19908000,695.7024117003707
19911600,592.9136079183739
19915200,481.27822128387356
19918800,368.40401890971236
19922400,261.98319115453
19926000,169.2681415607512
19929600,96.57724753958229
19933200,48.8642733910944
19936800,29.380779454083722
19940400,39.45453364237318
19944000,78.39902625573052
19947600,143.56025448131038
19951200,230.49758829958367
19954800,333.28639208166874
19958400,444.9217787160725
19962000,557.7959810902349
19965600,664.2168088455096
19969200,756.9318584392818
19972800,829.6227524604417
19976400,877.3357266088894
19980000,896.819220545914
19983600,886.745466357617
19987200,847.8009737442488
19990800,782.6397455186594
19994400,695.702411700462
19998000,592.9136079183829
20001600,481.2782212838829
20005200,368.40401890972146
20008800,261.98319115445076
20012400,169.26814156083077
20016000,96.57724753958729
20019600,48.864273391097186
20023200,29.38077945408412
20026800,39.454533642392676
20030400,78.3990262556805
20034000,143.560254481304
20037600,230.49758829957577
20041200,333.28639208165976
20044800,444.9217787161618
20048400,557.7959810903221
20052000,664.2168088455014
20055600,756.9318584392022
20059200,829.6227524604367
20062800,877.3357266089163
20066400,896.8192205459177
20070000,886.7454663576192
20073600,847.800973744299
20077200,782.6397455186658
20080800,695.7024117003865
20084400,592.9136079182977
20088000,481.27822128389226
20091600,368.40401890982696
20095200,261.98319115445906
20098800,169.268141560765
20102400,96.57724753953943
20106000,48.86427339109997
20109600,29.380779454088668
20113200,39.45453364239063
20116800,78.39902625572182
20120400,143.5602544813645
20124000,230.49758829956787
20127600,333.28639208165083
20131200,444.9217787161524
20134800,557.7959810902167
20138400,664.2168088455805
20142000,756.9318584391954
20145600,829.6227524604317
20149200,877.3357266089134
20152800,896.8192205459131
20156400,886.7454663575996
20160000,847.8009737443033
20163600,782.639745518672
20167200,695.7024117003945
20170800,592.9136079184008
20174400,481.278221283803
20178000,368.40401890983605
20181600,261.9831911544674
20185200,169.26814156077188
20188800,96.57724753959735
20192400,48.86427339107331
20196000,29.380779454089122
20199600,39.45453364238858
20203200,78.3990262557175
20206800,143.56025448135819
20210400,230.49758829964335
20214000,333.2863920815477
20217600,444.9217787161431
20221200,557.7959810902075
20224800,664.2168088455722
20228400,756.9318584392611
20232000,829.6227524603737
20235600,877.3357266089106
20239200,896.8192205459129
20242800,886.7454663576018
20246400,847.8009737442619
20250000,782.6397455187453
20253600,695.7024117004023
20257200,592.9136079184098
20260800,481.27822128381234
20264400,368.40401890974886
20268000,261.98319115438824
20271600,169.26814156077876
20275200,96.57724753960235
20278800,48.8642733910761
20282400,29.380779454085314
20286000,39.45453364240808
20289600,78.39902625571318
20293200,143.56025448128503
20296800,230.49758829963545
20300400,333.286392081633
20304000,444.9217787162323
20307600,557.7959810901984
20311200,664.2168088454764
20314800,756.9318584392541
20318400,829.6227524604217
20322000,877.3357266089373
20325600,896.8192205459125
20329200,886.7454663576252
20332800,847.8009737442662
20336400,782.6397455186848
20340000,695.7024117003269
20343600,592.9136079184186
20347200,481.2782212838217
20350800,368.404018909758
20354400,261.98319115448396
20358000,169.268141560713
20361600,96.57724753960736
20365200,48.86427339107888
20368800,29.38077945408571
20372400,39.45453364238449
20376000,78.39902625575456
20379600,143.56025448127866
20383200,230.49758829962755
20386800,333.28639208162406
20390400,444.9217787161244
20394000,557.7959810902856
20397600,664.2168088454682
20401200,756.9318584392472
20404800,829.6227524604167
20408400,877.335726608905
20412000,896.8192205459162
20415600,886.7454663576273
20419200,847.8009737442706
20422800,782.6397455186911
20426400,695.7024117003348
20430000,592.9136079183334
20433600,481.27822128392967
20437200,368.40401890976716
20440800,261.98319115449226
20444400,169.26814156071987
20448000,96.5772475395595
20451600,48.86427339111117
20455200,29.38077945408611
20458800,39.454533642382444
20462400,78.39902625575024
20466000,143.56025448133914
20469600,230.49758829953626
20473200,333.2863920816151
20476800,444.921778716115
20480400,557.7959810902765
20484000,664.2168088455473
20487600,756.9318584391677
20491200,829.6227524604117
20494800,877.3357266089022
20498400,896.8192205459159
20502000,886.7454663576078
20505600,847.8009737442292
20509200,782.6397455186975
20512800,695.7024117004261
20516400,592.9136079183423
20520000,481.2782212838404
20523600,368.40401890967996
20527200,261.98319115450056
20530800,169.26814156079945
20534400,96.5772475395645
20538000,48.86427339108445
20541600,29.380779454082415
20545200,39.454533642380454
20548800,78.39902625570016
20552400,143.56025448133283
20556000,230.49758829961172
20559600,333.28639208170034
20563200,444.9217787161057
20566800,557.795981090171
20570400,664.216808845539
20574000,756.9318584392335
20577600,829.6227524604594
20581200,877.3357266088994
20584800,896.8192205459154
20588400,886.7454663576099
20592000,847.8009737442792
20595600,782.639745518637
20599200,695.7024117004339
20602800,592.9136079183512
20606400,481.27822128384975
20610000,368.4040189097854
20613600,261.98319115442143
20617200,169.26814156080633
20620800,96.5772475395695
20624400,48.864273391087295
20628000,29.380779454086905
20631600,39.454533642399895
20635200,78.39902625569584
20638800,143.56025448132647
20642400,230.49758829960382
20646000,333.2863920815972
20649600,444.9217787161949
20653200,557.795981090162
20656800,664.2168088455307
20660400,756.9318584392265
20664000,829.6227524604544
20667600,877.335726608926
20671200,896.8192205459109
20674800,886.7454663576119
20678400,847.8009737442835
20682000,782.6397455186433
20685600,695.7024117003585
20689200,592.9136079184543
20692800,481.2782212838591
20696400,368.40401890979456
20700000,261.98319115442973
20703600,169.26814156074056
20707200,96.57724753962742
20710800,48.86427339109008
20714400,29.380779454087303
20718000,39.454533642397905
20721600,78.39902625573723
20725200,143.56025448125337
20728800,230.49758829959592
20732400,333.2863920815883
20736000,444.92177871618554
20739600,557.7959810902491
20743200,664.2168088456099
20746800,756.9318584392197
20750400,829.6227524603966
20754000,877.3357266089233
20757600,896.8192205459146
20761200,886.7454663575925
20764800,847.8009737442878
20768400,782.6397455187165
20772000,695.7024117003664
20775600,592.913607918369
20779200,481.2782212837698
20782800,368.40401890980365
20786400,261.98319115452546
20790000,169.26814156074744
20793600,96.57724753957956
20797200,48.864273391063364
20800800,29.3807794540877
20804400,39.454533642374315
20808000,78.39902625573285
20811600,143.5602544813138
20815200,230.49758829967135
20818800,333.2863920815794
20822400,444.9217787161762
20826000,557.7959810902399
20829600,664.2168088455142
20833200,756.9318584392854
20836800,829.6227524603916
20840400,877.3357266089206
20844000,896.8192205459143
20847600,886.745466357616
20851200,847.8009737442464
20854800,782.6397455187227
20858400,695.7024117003743
20862000,592.913607918378
20865600,481.2782212838778
20869200,368.4040189097165
20872800,261.98319115453376
20876400,169.26814156075432
20880000,96.57724753958456
20883600,48.86427339109565
20887200,29.38077945408395
20890800,39.45453364237227
20894400,78.39902625572853
20898000,143.56025448130748
20901600,230.49758829966345
20905200,333.28639208166464
20908800,444.9217787160683
20912400,557.7959810902308
20916000,664.2168088455059
20919600,756.9318584392786
20923200,829.6227524604394
20926800,877.3357266088882
20930400,896.8192205459138
20934000,886.745466357618
20937600,847.8009737442508
20941200,782.6397455186623
20944800,695.7024117004655
20948400,592.913607918387
20952000,481.27822128388715
20955600,368.40401890972566
20959200,261.98319115445463
20962800,169.2681415608339
20966400,96.57724753958956
20970000,48.864273391098436
20973600,29.380779454084347
20977200,39.454533642391766
20980800,78.39902625576991
20984400,143.56025448130111
20988000,230.49758829957221
20991600,333.28639208165566
20995200,444.9217787161575
20998800,557.795981090318
21002400,664.2168088454976
21006000,756.931858439199
21009600,829.6227524604344
21013200,877.3357266089149
21016800,896.8192205459176
21020400,886.7454663576201
21024000,847.8009737443008
21027600,782.6397455186686
21031200,695.7024117003901
21034800,592.9136079183018
21038400,481.2782212838965
21042000,368.4040189098311
21045600,261.9831911544629
21049200,169.26814156076813
21052800,96.5772475395417
21056400,48.86427339110122
21060000,29.38077945408469
21063600,39.45453364238966
21067200,78.39902625571983
21070800,143.5602544813616
21074400,230.4975882995643
21078000,333.2863920816468
21081600,444.92177871614814
21085200,557.7959810902125
21088800,664.2168088455768
21092400,756.9318584391922
21096000,829.6227524604294
21099600,877.3357266089122
21103200,896.8192205459131
21106800,886.7454663576007
21110400,847.8009737443052
21114000,782.639745518675
21117600,695.702411700398
21121200,592.9136079184049
21124800,481.2782212838072
21128400,368.40401890984026
21132000,261.98319115447117
21135600,169.268141560775
21139200,96.5772475395467
21142800,48.86427339107456
21146400,29.380779454089236
21150000,39.45453364238767
21153600,78.39902625571557
21157200,143.5602544813553
21160800,230.49758829963974
21164400,333.2863920815437
21168000,444.9217787161388
21171600,557.7959810902034
21175200,664.2168088455685
21178800,756.9318584392579
21182400,829.6227524603714
21186000,877.3357266089093
21189600,896.8192205459127
21193200,886.7454663576027
21196800,847.8009737442637
21200400,782.6397455187482
21204000,695.702411700406
21207600,592.9136079184137
21211200,481.2782212838166
21214800,368.40401890975306
21218400,261.983191154392
21222000,169.26814156078188
21225600,96.57724753960463
21229200,48.86427339107735
21232800,29.38077945408554
21236400,39.454533642407114
21240000,78.39902625571125
21243600,143.56025448128213
21247200,230.49758829963181
21250800,333.28639208162895
21254400,444.92177871622806
21258000,557.7959810901943
21261600,664.2168088454728
21265200,756.9318584392511
21268800,829.6227524604194
21272400,877.335726608936
21276000,896.8192205459122
21279600,886.7454663576261
21283200,847.8009737442682
21286800,782.6397455186877
21290400,695.7024117003305
21294000,592.9136079184227
21297600,481.2782212838259
21301200,368.40401890976216
21304800,261.9831911544877
21308400,169.26814156071612
21312000,96.57724753960963
21315600,48.86427339108013
21319200,29.38077945408594
21322800,39.45453364238358
21326400,78.39902625575257
21330000,143.56025448127582
21333600,230.4975882996239
21337200,333.28639208161997
21340800,444.9217787161201
21344400,557.7959810902814
21348000,664.2168088454644
21351600,756.9318584392441
21355200,829.6227524604144
21358800,877.3357266089038
21362400,896.8192205459161
21366000,886.7454663576282
21369600,847.8009737442725
21373200,782.639745518694
21376800,695.7024117003384
21380400,592.9136079183374
21384000,481.27822128393393
21387600,368.4040189097713
21391200,261.98319115449607
21394800,169.268141560723
21398400,96.57724753956177
21402000,48.86427339111248
21405600,29.38077945408628
21409200,39.454533642381534
21412800,78.39902625574825
21416400,143.56025448133624
21420000,230.49758829953268
21423600,333.28639208161104
21427200,444.92177871611074
21430800,557.7959810902723
21434400,664.2168088455436
21438000,756.9318584391647
21441600,829.6227524604093
21445200,877.3357266089009
21448800,896.8192205459156
21452400,886.7454663576088
21456000,847.8009737442311
21459600,782.6397455187002
21463200,695.7024117004296
21466800,592.9136079183463
21470400,481.27822128384463
21474000,368.4040189096841
21477600,261.9831911545043
21481200,169.26814156080258
21484800,96.57724753956677
21488400,48.8642733910857
21492000,29.38077945408253
21495600,39.45453364237949
21499200,78.39902625569823
21502800,143.56025448132993
21506400,230.4975882996081
21510000,333.2863920816963
21513600,444.9217787161014
21517200,557.7959810901668
21520800,664.2168088455353
21524400,756.9318584392304
21528000,829.6227524604571
21531600,877.3357266088981
21535200,896.8192205459152
21538800,886.7454663576108
21542400,847.8009737442812
21546000,782.6397455186399
21549600,695.7024117004376
21553200,592.9136079183553
21556800,481.278221283854
21560400,368.40401890978956
21564000,261.9831911544252
21567600,169.26814156080945
21571200,96.57724753957177
21574800,48.864273391088545
21578400,29.380779454087076
21582000,39.454533642398985
21585600,78.39902625569385
21589200,143.56025448132357
21592800,230.4975882996002
21596400,333.2863920815932
21600000,444.92177871619066
21603600,557.7959810901577
21607200,664.216808845527
21610800,756.9318584392236
21614400,829.6227524604521
21618000,877.3357266089249
21621600,896.8192205459106
21625200,886.7454663576129
21628800,847.8009737442856
21632400,782.6397455186461
21636000,695.7024117003621
21639600,592.9136079184584
21643200,481.27822128386333
21646800,368.4040189097987
21650400,261.9831911544335
21654000,169.2681415607437
21657600,96.5772475396297
21661200,48.86427339109139
21664800,29.380779454087474
21668400,39.45453364239694
21672000,78.39902625573524
21675600,143.56025448125047
21679200,230.4975882995923
21682800,333.28639208158427
21686400,444.92177871618134
21690000,557.7959810902449
21693600,664.2168088456061
21697200,756.9318584392166
21700800,829.6227524603943
21704400,877.3357266089221
21708000,896.8192205459145
21711600,886.7454663575934
21715200,847.8009737442899
21718800,782.6397455187193
21722400,695.70241170037
21726000,592.9136079183731
21729600,481.2782212837741
21733200,368.40401890980786
21736800,261.9831911545292
21740400,169.26814156075056
21744000,96.57724753958183
21747600,48.864273391064614
21751200,29.380779454087815
21754800,39.45453364237335
21758400,78.39902625573092
21762000,143.56025448131095
21765600,230.49758829966774
21769200,333.2863920815753
21772800,444.92177871617196
21776400,557.7959810902358
21780000,664.2168088455104
21783600,756.9318584392823
21787200,829.6227524603893
21790800,877.3357266089192
21794400,896.819220545914
21798000,886.7454663576169
21801600,847.8009737442485
21805200,782.6397455187257
21808800,695.7024117003779
21812400,592.9136079183821
21816000,481.2782212838821
21819600,368.40401890972066
21823200,261.9831911545375
21826800,169.26814156075744
21830400,96.57724753958684
21834000,48.86427339109696
21837600,29.38077945408412
21841200,39.4545336423713
21844800,78.3990262557266
21848400,143.56025448130458
21852000,230.49758829965984
21855600,333.28639208166055
21859200,444.921778716064
21862800,557.7959810902266
21866400,664.2168088455021
21870000,756.9318584392754
21873600,829.6227524604371
21877200,877.335726608887
21880800,896.8192205459136
21884400,886.745466357619
21888000,847.8009737442528
21891600,782.6397455186652
21895200,695.7024117004692
21898800,592.913607918391
21902400,481.2782212838914
21906000,368.40401890972976
21909600,261.9831911544584
21913200,169.26814156083702
21916800,96.57724753959184
21920400,48.86427339109974
21924000,29.380779454084518
21927600,39.4545336423908
21931200,78.39902625576798
21934800,143.56025448129827
21938400,230.4975882995686
21942000,333.2863920816517
21945600,444.92177871615326
21949200,557.7959810903138
21952800,664.2168088454938
21956400,756.9318584391959
21960000,829.6227524604321
21963600,877.3357266089137
21967200,896.8192205459175
21970800,886.745466357621
21974400,847.8009737443028
21978000,782.6397455186716
21981600,695.7024117003937
21985200,592.9136079183058
21988800,481.27822128390073
21992400,368.40401890983526
21996000,261.9831911544667
21999600,169.26814156077126
22003200,96.57724753954398
22006800,48.86427339110253
22010400,29.380779454084916
22014000,39.45453364238875
22017600,78.3990262557179
22021200,143.5602544813587
22024800,230.4975882995607
22028400,333.2863920816427
22032000,444.92177871614393
22035600,557.7959810902084
22039200,664.216808845573
22042800,756.931858439189
22046400,829.6227524604271
22050000,877.3357266089108
22053600,896.8192205459129
22057200,886.7454663576016
22060800,847.8009737443072
22064400,782.6397455186778
22068000,695.7024117004016
22071600,592.9136079183147
22075200,481.2782212838115
22078800,368.40401890984435
22082400,261.983191154475
22086000,169.26814156077813
22089600,96.57724753954898
22093200,48.86427339107581
22096800,29.380779454089406
22100400,39.454533642386764
22104000,78.39902625571358
22107600,143.5602544813524
22111200,230.49758829963616
22114800,333.2863920815396
22118400,444.92177871613455
22122000,557.7959810901992
22125600,664.2168088455646
22129200,756.9318584392547
22132800,829.6227524603692
22136400,877.3357266089081
22140000,896.8192205459125
22143600,886.7454663576036
22147200,847.8009737442658
22150800,782.6397455186175
22154400,695.7024117004096
22158000,592.9136079184178
22161600,481.27822128382087
22165200,368.4040189097572
22168800,261.98319115439574
22172400,169.268141560785
22176000,96.5772475396069
22179600,48.864273391078655
22183200,29.380779454085655
22186800,39.454533642406204
22190400,78.39902625570926
22194000,143.56025448127923
22197600,230.49758829962826
22201200,333.28639208162485
22204800,444.9217787162238
22208400,557.7959810901901
22212000,664.2168088454689
22215600,756.9318584392479
22219200,829.6227524604171
22222800,877.3357266089348
22226400,896.8192205459121
22230000,886.7454663576057
22233600,847.8009737442701
22237200,782.6397455186905
22240800,695.7024117003341
22244400,592.9136079184268
22248000,481.2782212838302
22251600,368.4040189097663
22255200,261.9831911544915
22258800,169.26814156071924
22262400,96.57724753961196
22266000,48.86427339108144
22269600,29.380779454086053
22273200,39.45453364238267
22276800,78.39902625575058
22280400,143.56025448127292
22284000,230.49758829962036
22287600,333.2863920816159
22291200,444.92177871611585
22294800,557.7959810902773
22298400,664.2168088454606
22302000,756.9318584392411
22305600,829.6227524604121
22309200,877.335726608932
22312800,896.8192205459159
22316400,886.7454663576292
22320000,847.8009737442744
22323600,782.6397455186968
22327200,695.702411700342
22330800,592.9136079183415
22334400,481.2782212839382
22338000,368.40401890977546
22341600,261.9831911544998
22345200,169.26814156072612
22348800,96.57724753956404
22352400,48.86427339111373
22356000,29.380779454086507
22359600,39.454533642380625
22363200,78.39902625574632
22366800,143.5602544813334
22370400,230.49758829952907
22374000,333.286392081607
22377600,444.92177871610653
22381200,557.7959810902682
22384800,664.2168088455398
22388400,756.9318584393068
22392000,829.6227524604071
22395600,877.3357266088997
22399200,896.8192205459154
22402800,886.7454663576098
22406400,847.800973744233
22410000,782.6397455187032
22413600,695.7024117004332
22417200,592.9136079183504
22420800,481.2782212838489
22424400,368.40401890968826
22428000,261.9831911545081
22431600,169.2681415608057
22435200,96.57724753956904
22438800,48.86427339108701
22442400,29.380779454082756
22446000,39.45453364237858
22449600,78.39902625569624
22453200,143.56025448132704
22456800,230.49758829960456
22460400,333.28639208169227
22464000,444.92177871609715
22467600,557.795981090259
22471200,664.2168088455314
22474800,756.9318584392272
22478400,829.6227524604549
22482000,877.335726608897
22485600,896.8192205459151
22489200,886.7454663576118
22492800,847.800973744283
22496400,782.6397455186427
22500000,695.7024117004412
22503600,592.9136079183594
22507200,481.2782212838583
22510800,368.4040189097937
22514400,261.98319115442894
22518000,169.26814156081258
22521600,96.57724753957405
22525200,48.864273391089796
22528800,29.380779454087246
22532400,39.454533642398076
22536000,78.39902625569192
22539600,143.56025448132073
22543200,230.49758829959666
22546800,333.2863920816833
22550400,444.9217787161864
22554000,557.7959810901536
22557600,664.2168088455232
22561200,756.9318584392204
22564800,829.6227524604499
22568400,877.3357266089236
22572000,896.8192205459105
22575600,886.7454663576139
22579200,847.8009737442875
22582800,782.6397455186491
22586400,695.7024117003657
22590000,592.9136079184625
22593600,481.2782212838676
22597200,368.40401890980286
22600800,261.98319115443724
22604400,169.2681415607468
22608000,96.57724753963197
22611600,48.86427339109264
22615200,29.380779454087644
22618800,39.45453364239603
22622400,78.3990262557333
22626000,143.5602544813812
22629600,230.49758829958873
22633200,333.2863920815802
22636800,444.9217787161771
22640400,557.7959810902407
22644000,664.2168088456024
22647600,756.9318584392134
22651200,829.622752460392
22654800,877.3357266089208
22658400,896.8192205459143
22662000,886.7454663575943
22665600,847.8009737442918
22669200,782.6397455187223
22672800,695.7024117003737
22676400,592.9136079183772
22680000,481.27822128377835
22683600,368.404018909812
22687200,261.983191154533
22690800,169.2681415607537
22694400,96.5772475395841
22698000,48.86427339106592
22701600,29.380779454088042
22705200,39.45453364239398
22708800,78.39902625572898
22712400,143.56025448130805
22716000,230.49758829966416
22719600,333.28639208157125
22723200,444.9217787161677
22726800,557.7959810902316
22730400,664.2168088455066
22734000,756.9318584392793
22737600,829.622752460387
22741200,877.335726608918
22744800,896.8192205459138
22748400,886.7454663576179
22752000,847.8009737442504
22755600,782.6397455187285
22759200,695.7024117003815
22762800,592.9136079183861
22766400,481.2782212838863
22770000,368.4040189097248
22773600,261.98319115454126
22777200,169.26814156076063
22780800,96.57724753958917
22784400,48.86427339106871
22788000,29.38077945408429
22791600,39.45453364237039
22795200,78.3990262557246
22798800,143.56025448130168
22802400,230.49758829965626
22806000,333.2863920816565
22809600,444.92177871605975
22813200,557.7959810902225
22816800,664.2168088454983
22820400,756.9318584392723
22824000,829.6227524604349
22827600,877.3357266088857
22831200,896.8192205459135
22834800,886.7454663576199
22838400,847.8009737442547
22842000,782.6397455186681
22845600,695.7024117004728
22849200,592.9136079183951
22852800,481.2782212838957
22856400,368.40401890973396
22860000,261.98319115446213
22863600,169.26814156069486
22867200,96.57724753959417
22870800,48.864273391100994
22874400,29.38077945408469
22878000,39.45453364238989
22881600,78.39902625576599
22885200,143.56025448129537
22888800,230.49758829956502
22892400,333.2863920816476
22896000,444.921778716149
22899600,557.7959810903097
22903200,664.21680884549
22906800,756.9318584391929
22910400,829.6227524604299
22914000,877.3357266089124
22917600,896.8192205459172
22921200,886.7454663576219
22924800,847.8009737443049
22928400,782.6397455186744
22932000,695.7024117003973
22935600,592.9136079183098
22939200,481.278221283905
22942800,368.40401890974306
22946400,261.98319115447043
22950000,169.26814156077438
22953600,96.57724753954625
22957200,48.86427339110378
22960800,29.380779454085086
22964400,39.454533642387844
22968000,78.39902625571597
22971600,143.56025448135586
22975200,230.49758829955712
22978800,333.28639208163867
22982400,444.92177871613967
22986000,557.7959810902042
22989600,664.2168088455692
22993200,756.9318584391858
22996800,829.6227524604249
23000400,877.3357266089097
23004000,896.8192205459127
23007600,886.7454663576025
23011200,847.8009737443092
23014800,782.6397455186807
23018400,695.7024117004053
23022000,592.9136079183188
23025600,481.27822128381575
23029200,368.40401890984856
23032800,261.98319115447873
23036400,169.26814156078126
23040000,96.57724753955125
23043600,48.86427339107712
23047200,29.380779454089634
23050800,39.4545336423858
23054400,78.39902625571159
23058000,143.5602544813495
23061600,230.49758829963255
23065200,333.28639208153555
23068800,444.9217787161303
23072400,557.7959810901951
23076000,664.216808845561
23079600,756.9318584392516
23083200,829.6227524603669
23086800,877.3357266089067
23090400,896.8192205459122
23094000,886.7454663576045
23097600,847.8009737442678
23101200,782.6397455186202
23104800,695.7024117004131
23108400,592.9136079184218
23112000,481.2782212838251
23115600,368.40401890976136
23119200,261.9831911543995
23122800,169.2681415607882
23126400,96.57724753960917
23130000,48.864273391079905
23133600,29.380779454085882
23137200,39.454533642405295
23140800,78.39902625570727
23144400,143.5602544812764
23148000,230.49758829962465
23151600,333.28639208162076
23155200,444.9217787162196
23158800,557.7959810901859
23162400,664.2168088454652
23166000,756.9318584392447
23169600,829.6227524604149
23173200,877.3357266089336
23176800,896.8192205459119
23180400,886.7454663576066
23184000,847.8009737442721
23187600,782.6397455186934
23191200,695.7024117003376
23194800,592.9136079184308
23198400,481.27822128383445
23202000,368.40401890977046
23205600,261.98319115449533
23209200,169.26814156072237
23212800,96.57724753961418
23216400,48.86427339108269
23220000,29.380779454086223
23223600,39.45453364238176
23227200,78.39902625574865
23230800,143.56025448127002
23234400,230.49758829961675
23238000,333.2863920816119
23241600,444.9217787161116
23245200,557.7959810902731
23248800,664.2168088454569
23252400,756.9318584392379
23256000,829.6227524604099
23259600,877.3357266089307
23263200,896.8192205459156
23266800,886.7454663576301
23270400,847.8009737442765
23274000,782.6397455186998
23277600,695.7024117003456
23281200,592.9136079183455
23284800,481.2782212839424
23288400,368.4040189097796
23292000,261.98319115450363
23295600,169.26814156072925
23299200,96.57724753956632
23302800,48.864273391115034
23306400,29.38077945408662
23310000,39.45453364237966
23313600,78.39902625574433
23317200,143.5602544813305
23320800,230.49758829952552
23324400,333.2863920816029
23328000,444.92177871610227
23331600,557.795981090264
23335200,664.216808845536
23338800,756.9318584393036
23342400,829.6227524604049
23346000,877.3357266088984
23349600,896.8192205459153
23353200,886.7454663576107
23356800,847.8009737442351
23360400,782.6397455187061
23364000,695.7024117004369
23367600,592.9136079183545
23371200,481.27822128385316
23374800,368.4040189096924
23378400,261.9831911545119
23382000,169.26814156080883
23385600,96.57724753957137
23389200,48.86427339108826
23392800,29.380779454082926
23396400,39.45453364237767
23400000,78.39902625569425
23403600,143.56025448132414
23407200,230.49758829960095
23410800,333.2863920816882
23414400,444.9217787160929
23418000,557.7959810902549
23421600,664.2168088455278
23425200,756.9318584392241
23428800,829.6227524604526
23432400,877.3357266088956
23436000,896.8192205459148
23439600,886.7454663576127
23443200,847.8009737442851
23446800,782.6397455186457
23450400,695.7024117004447
23454000,592.9136079183634
23457600,481.27822128386254
23461200,368.40401890979786
23464800,261.9831911544327
23468400,169.2681415608157
23472000,96.57724753957638
23475600,48.86427339109105
23479200,29.380779454087417
23482800,39.45453364239711
23486400,78.39902625568993
23490000,143.56025448131783
23493600,230.49758829959302
23497200,333.28639208167925
23500800,444.9217787161822
23504400,557.7959810901494
23508000,664.2168088455195
23511600,756.9318584392172
23515200,829.6227524604476
23518800,877.3357266089223
23522400,896.8192205459104
23526000,886.7454663576148
23529600,847.8009737442894
23533200,782.639745518652
23536800,695.7024117003693
23540400,592.9136079184666
23544000,481.27822128387186
23547600,368.404018909807
23551200,261.983191154441
23554800,169.26814156074994
23558400,96.57724753963424
23562000,48.86427339109389
23565600,29.380779454087815
23569200,39.45453364239506
23572800,78.39902625573131
23576400,143.5602544813783
23580000,230.49758829958512
23583600,333.2863920815761
23587200,444.9217787161728
23590800,557.7959810902366
23594400,664.2168088455986
23598000,756.9318584392104
23601600,829.6227524603896
23605200,877.3357266089195
23608800,896.819220545914
23612400,886.7454663575952
23616000,847.8009737442937
23619600,782.639745518725
23623200,695.7024117003772
23626800,592.9136079183813
23630400,481.2782212837826
23634000,368.40401890981616
23637600,261.98319115453677
23641200,169.26814156075682
23644800,96.57724753958638
23648400,48.86427339106717
23652000,29.380779454088213
23655600,39.45453364239307
23659200,78.399026255727
23662800,143.56025448130515
23666400,230.49758829966055
23670000,333.2863920815672
23673600,444.9217787161635
23677200,557.7959810902275
23680800,664.2168088455028
23684400,756.9318584392761
23688000,829.6227524603846
23691600,877.3357266089167
23695200,896.8192205459137
23698800,886.7454663576189
23702400,847.8009737442524
23706000,782.6397455187314
23709600,695.702411700385
23713200,592.9136079183902
23716800,481.27822128389056
23720400,368.40401890972896
23724000,261.98319115454507
23727600,169.26814156076375
23731200,96.57724753959138
23734800,48.86427339106996
23738400,29.38077945408446
23742000,39.45453364236943
23745600,78.39902625572267
23749200,143.56025448129884
23752800,230.49758829965265
23756400,333.2863920816525
23760000,444.9217787160555
23763600,557.7959810902183
23767200,664.2168088454946
23770800,756.9318584392693
23774400,829.6227524604326
23778000,877.3357266088844
23781600,896.8192205459134
23785200,886.7454663576208
23788800,847.8009737442567
23792400,782.6397455186709
23796000,695.7024117004763
23799600,592.9136079183992
23803200,481.27822128389994
23806800,368.40401890973806
23810400,261.9831911544659
23814000,169.26814156069793
23817600,96.57724753959644
23821200,48.8642733911023
23824800,29.38077945408486
23828400,39.45453364238898
23832000,78.39902625576406
23835600,143.56025448129247
23839200,230.49758829956141
23842800,333.2863920816435
23846400,444.9217787161448
23850000,557.7959810903055
23853600,664.2168088454863
23857200,756.9318584391897
23860800,829.6227524604276
23864400,877.3357266089112
23868000,896.819220545917
23871600,886.745466357623
23875200,847.8009737443068
23878800,782.6397455186773
23882400,695.702411700401
23886000,592.9136079183139
23889600,481.27822128390926
23893200,368.4040189097472
23896800,261.9831911544742
23900400,169.2681415607775
23904000,96.57724753954858
23907600,48.86427339110509
23911200,29.380779454085257
23914800,39.45453364238688
23918400,78.39902625571398
23922000,143.56025448135296
23925600,230.4975882995535
23929200,333.2863920816346
23932800,444.9217787161354
23936400,557.7959810902
23940000,664.2168088455654
23943600,756.9318584391827
23947200,829.6227524604226
23950800,877.3357266089083
23954400,896.8192205459167
23958000,886.7454663576034
23961600,847.8009737443111
23965200,782.6397455186836
23968800,695.7024117004088
23972400,592.9136079183229
23976000,481.27822128382
23979600,368.40401890985265
23983200,261.9831911544825
23986800,169.2681415607844
23990400,96.57724753955358
23994000,48.86427339107837
23997600,29.380779454089748
24001200,39.45453364238489
24004800,78.39902625570966
24008400,143.56025448134665
24012000,230.49758829962897
24015600,333.28639208153146
24019200,444.9217787161261
24022800,557.7959810901909
24026400,664.2168088455571
24030000,756.9318584392486
24033600,829.6227524604705
24037200,877.3357266089055
24040800,896.8192205459122
24044400,886.7454663576054
24048000,847.8009737442698
24051600,782.6397455186232
24055200,695.7024117004166
24058800,592.9136079184259
24062400,481.27822128382934
24066000,368.4040189097655
24069600,261.9831911544033
24073200,169.26814156079132
24076800,96.57724753961145
24080400,48.864273391081156
24084000,29.380779454086053
24087600,39.45453364240433
24091200,78.39902625570528
24094800,143.5602544812735
24098400,230.49758829962107
24102000,333.2863920816167
24105600,444.92177871621533
24109200,557.7959810901818
24112800,664.2168088455488
24116400,756.9318584392416
24120000,829.6227524604125
24123600,877.3357266089322
24127200,896.8192205459118
24130800,886.7454663576075
24134400,847.8009737442741
24138000,782.6397455186964
24141600,695.7024117003413
24145200,592.9136079184349
24148800,481.2782212838387
24152400,368.4040189097746
24156000,261.9831911544991
24159600,169.2681415607255
24163200,96.57724753961645
24166800,48.86427339108394
24170400,29.38077945408645
24174000,39.454533642380795
24177600,78.39902625574672
24181200,143.56025448126712
24184800,230.49758829961317
24188400,333.2863920816078
24192000,444.92177871620595
24195600,557.795981090269
24199200,664.2168088454531
24202800,756.9318584392347
24206400,829.6227524604075
24210000,877.3357266089295
24213600,896.8192205459154
24217200,886.745466357631
24220800,847.8009737442784
24224400,782.6397455187026
24228000,695.7024117003492
24231600,592.9136079183496
24235200,481.27822128394666
24238800,368.40401890978376
24242400,261.9831911545074
24246000,169.26814156073243
24249600,96.57724753956859
24253200,48.864273391116285
24256800,29.38077945408685
24260400,39.45453364237875
24264000,78.39902625574234
24267600,143.5602544813276
24271200,230.4975882996886
24274800,333.2863920815989
24278400,444.921778716098
24282000,557.7959810902598
24285600,664.2168088455323
24289200,756.9318584393005
24292800,829.6227524604025
24296400,877.3357266088972
24300000,896.8192205459151
24303600,886.7454663576116
24307200,847.800973744237
24310800,782.639745518709
24314400,695.7024117004404
24318000,592.9136079183586
24321600,481.2782212838574
24325200,368.40401890969656
24328800,261.9831911545157
24332400,169.26814156081196
24336000,96.57724753957365
24339600,48.86427339108957
24343200,29.380779454083097
24346800,39.4545336423767
24350400,78.39902625573802
24354000,143.5602544813213
24357600,230.49758829959737
24361200,333.28639208168414
24364800,444.9217787160887
24368400,557.7959810902507
24372000,664.2168088455239
24375600,756.9318584392211
24379200,829.6227524604503
24382800,877.3357266088943
24386400,896.8192205459147
24390000,886.7454663576136
24393600,847.8009737442871
24397200,782.6397455186485
24400800,695.7024117004484
24404400,592.9136079183675
24408000,481.27822128386674
24411600,368.404018909802
24415200,261.9831911544365
24418800,169.2681415608189
24422400,96.57724753957865
24426000,48.864273391092354
24429600,29.380779454083438
24433200,39.4545336423962
24436800,78.39902625568794
24440400,143.56025448131493
24444000,230.49758829958947
24447600,333.2863920816752
24451200,444.9217787161779
24454800,557.7959810901452
24458400,664.2168088455156
24462000,756.931858439214
24465600,829.6227524604453
24469200,877.335726608921
24472800,896.8192205459102
24476400,886.7454663576157
24480000,847.8009737442915
24483600,782.6397455186548
24487200,695.7024117003729
24490800,592.9136079184706
24494400,481.2782212838761
24498000,368.40401890981116
24501600,261.9831911544448
24505200,169.26814156075307
24508800,96.57724753953079
24512400,48.864273391095196
24516000,29.380779454087985
24519600,39.45453364239415
24523200,78.39902625572932
24526800,143.5602544813754
24530400,230.49758829958157
24534000,333.2863920815721
24537600,444.92177871616855
24541200,557.7959810902324
24544800,664.2168088455949
24548400,756.9318584392072
24552000,829.6227524603875
24555600,877.3357266089182
24559200,896.8192205459138
24562800,886.7454663575961
24566400,847.8009737442958
24570000,782.639745518728
24573600,695.7024117003808
24577200,592.9136079183853
24580800,481.2782212837868
24584400,368.4040189098203
24588000,261.98319115445304
24591600,169.26814156076
24595200,96.57724753958865
24598800,48.86427339106842
24602400,29.380779454088383
24606000,39.45453364239211
24609600,78.399026255725
24613200,143.56025448130225
24616800,230.497588299657
24620400,333.2863920815631
24624000,444.9217787161592
24627600,557.7959810902233
24631200,664.2168088454991
24634800,756.9318584392729
24638400,829.6227524603823
24642000,877.3357266089154
24645600,896.8192205459135
24649200,886.7454663576198
24652800,847.8009737442544
24656400,782.6397455187343
24660000,695.7024117003887
24663600,592.9136079183943
24667200,481.2782212837962
24670800,368.4040189097331
24674400,261.9831911545489
24678000,169.26814156076688
24681600,96.57724753959366
24685200,48.86427339107121
24688800,29.38077945408469
24692400,39.45453364236852
24696000,78.39902625572068
24699600,143.56025448129594
24703200,230.4975882996491
24706800,333.2863920816484
24710400,444.9217787160512
24714000,557.7959810902142
24717600,664.2168088454907
24721200,756.9318584392661
24724800,829.6227524604303
24728400,877.3357266088831
24732000,896.8192205459131
24735600,886.7454663576218
24739200,847.8009737442587
24742800,782.6397455186739
24746400,695.7024117003132
24750000,592.9136079184032
24753600,481.27822128390414
24757200,368.40401890974226
24760800,261.98319115446964
24764400,169.26814156070105
24768000,96.57724753959866
24771600,48.86427339110355
24775200,29.38077945408503
24778800,39.45453364238807
24782400,78.39902625576207
24786000,143.56025448128958
24789600,230.49758829955786
24793200,333.28639208163946
24796800,444.9217787161405
24800400,557.7959810903014
24804000,664.2168088454825
24807600,756.9318584391865
24811200,829.6227524604253
24814800,877.3357266089099
24818400,896.8192205459169
24822000,886.7454663576239
24825600,847.800973744263
24829200,782.6397455186802
24832800,695.7024117004045
24836400,592.9136079183179
24840000,481.2782212839135
24843600,368.40401890975136
24847200,261.98319115447794
24850800,169.26814156078063
24854400,96.5772475395508
24858000,48.86427339110634
24861600,29.380779454085427
24865200,39.45453364238597
24868800,78.39902625571199
24872400,143.5602544813501
24876000,230.49758829954993
24879600,333.28639208163054
24883200,444.92177871613114
24886800,557.7959810901959
24890400,664.2168088455617
24894000,756.9318584391797
24897600,829.6227524604203
24901200,877.3357266089071
24904800,896.8192205459166
24908400,886.7454663576043
24912000,847.8009737443131
24915600,782.6397455186866
24919200,695.7024117004124
24922800,592.9136079183269
24926400,481.2782212838242
24930000,368.40401890985686
24933600,261.98319115448624
24937200,169.26814156078757
24940800,96.57724753955586
24944400,48.86427339107968
24948000,29.380779454089975
24951600,39.45453364238398
24955200,78.39902625570767
24958800,143.56025448134375
24962400,230.49758829962536
24966000,333.2863920815274
24969600,444.9217787161218
24973200,557.7959810901868
24976800,664.2168088455534
24980400,756.9318584392454
24984000,829.6227524604682
24987600,877.3357266089042
24991200,896.819220545912
24994800,886.7454663576063
24998400,847.8009737442717
25002000,782.6397455186261
25005600,695.7024117004203
25009200,592.91360791843
25012800,481.2782212838336
25016400,368.40401890976966
25020000,261.9831911544071
25023600,169.26814156079445
25027200,96.57724753961372
25030800,48.86427339108246
25034400,29.380779454086223
25038000,39.45453364240342
25041600,78.39902625570335
25045200,143.5602544812706
25048800,230.49758829961746
25052400,333.2863920816127
25056000,444.92177871621107
25059600,557.7959810901776
25063200,664.2168088455451
25066800,756.9318584392385
25070400,829.6227524604103
25074000,877.3357266089309
25077600,896.8192205459115
25081200,886.7454663576084
25084800,847.800973744276
25088400,782.6397455186992
25092000,695.7024117003448
25095600,592.913607918439
25099200,481.278221283843
25102800,368.40401890977876
25106400,261.98319115450283
25110000,169.26814156072862
25113600,96.57724753961878
25117200,48.86427339108525
25120800,29.380779454086564
25124400,39.454533642379886
25128000,78.39902625574473
25131600,143.56025448126428
25135200,230.49758829960956
25138800,333.2863920816037
25142400,444.92177871620174
25146000,557.7959810902648
25149600,664.2168088454493
25153200,756.9318584392315
25156800,829.6227524604052
25160400,877.3357266089281
25164000,896.8192205459153
25167600,886.7454663576319
25171200,847.8009737442803
25174800,782.6397455187055
25178400,695.7024117003527
25182000,592.9136079183537
25185600,481.2782212839509
25189200,368.4040189097879
25192800,261.98319115451113
25196400,169.26814156073556
25200000,96.57724753957086
25203600,48.864273391117536
25207200,29.38077945408702
25210800,39.45453364237784
25214400,78.39902625574041
25218000,143.56025448132476
25221600,230.497588299685
25225200,333.28639208159484
25228800,444.92177871609374
25232400,557.7959810902557
25236000,664.2168088455285
25239600,756.9318584392975
25243200,829.6227524604002
25246800,877.3357266088958
25250400,896.819220545915
25254000,886.7454663576125
25257600,847.800973744239
25261200,782.6397455187118
25264800,695.702411700444
25268400,592.9136079183627
25272000,481.2782212838616
25275600,368.4040189097007
25279200,261.98319115451943
25282800,169.26814156081508
25286400,96.57724753957586
25290000,48.86427339109082
25293600,29.380779454083267
25297200,39.454533642375736
25300800,78.39902625573603
25304400,143.5602544813184
25308000,230.49758829959376
25311600,333.28639208168005
25315200,444.9217787160844
25318800,557.7959810902466
25322400,664.2168088455202
25326000,756.9318584392179
25329600,829.622752460448
25333200,877.3357266088931
25336800,896.8192205459145
25340400,886.7454663576145
25344000,847.8009737442891
25347600,782.6397455186514
25351200,695.7024117004519
25354800,592.9136079183716
25358400,481.278221283871
25362000,368.40401890980615
25365600,261.98319115444025
25369200,169.26814156082202
25372800,96.57724753958092
25376400,48.864273391093604
25380000,29.380779454083665
25383600,39.45453364239529
25387200,78.39902625568595
25390800,143.56025448131209
25394400,230.49758829958586
25398000,333.2863920816711
25401600,444.92177871617366
25405200,557.7959810901411
25408800,664.2168088455119
25412400,756.9318584392109
25416000,829.622752460443
25419600,877.3357266089197
25423200,896.81922054591
25426800,886.7454663576166
25430400,847.8009737442934
25434000,782.6397455186577
25437600,695.7024117003765
25441200,592.9136079184747
25444800,481.2782212838804
25448400,368.4040189098153
25452000,261.98319115444855
25455600,169.2681415607562
25459200,96.57724753953306
25462800,48.86427339109645
25466400,29.380779454088156
25470000,39.45453364239319
25473600,78.39902625572739
25477200,143.56025448137257
25480800,230.49758829957796
25484400,333.286392081568
25488000,444.92177871616434
25491600,557.7959810902283
25495200,664.2168088455911
25498800,756.931858439204
25502400,829.6227524603852
25506000,877.335726608917
25509600,896.8192205459138
25513200,886.745466357597
25516800,847.8009737442976
25520400,782.6397455187309
25524000,695.7024117003843
25527600,592.9136079183894
25531200,481.2782212837911
25534800,368.40401890982446
25538400,261.9831911544568
25542000,169.26814156076313
25545600,96.57724753959093
25549200,48.86427339106973
25552800,29.380779454088554
25556400,39.4545336423912
25560000,78.39902625572302
25563600,143.5602544812994
25567200,230.49758829965336
25570800,333.2863920815591
25574400,444.92177871615496
25578000,557.7959810902191
25581600,664.2168088454953
25585200,756.9318584392698
25588800,829.6227524603802
25592400,877.3357266089142
25596000,896.8192205459134
25599600,886.7454663576207
25603200,847.8009737442563
25606800,782.6397455187372
25610400,695.7024117003923
25614000,592.9136079183984
25617600,481.27822128380046
25621200,368.40401890973726
25624800,261.9831911545526
25628400,169.26814156077
25632000,96.57724753959599
25635600,48.864273391072516
25639200,29.38077945408486
25642800,39.45453364236761
25646400,78.3990262557187
25650000,143.5602544812931
25653600,230.49758829964546
25657200,333.28639208164435
25660800,444.921778716047
25664400,557.79598109021
25668000,664.216808845487
25671600,756.9318584392629
25675200,829.622752460428
25678800,877.3357266088818
25682400,896.8192205459129
25686000,886.7454663576227
25689600,847.8009737442607
25693200,782.6397455186767
25696800,695.7024117003168
25700400,592.9136079184073
25704000,481.2782212839084
25707600,368.4040189097464
25711200,261.98319115447345
25714800,169.26814156070424
25718400,96.57724753960099
25722000,48.8642733911048
25725600,29.380779454085257
25729200,39.454533642387105
25732800,78.39902625576008
25736400,143.56025448128673
25740000,230.49758829955422
25743600,333.2863920816354
25747200,444.92177871613626
25750800,557.7959810902972
25754400,664.2168088454787
25758000,756.9318584392561
25761600,829.622752460423
25765200,877.3357266089085
25768800,896.8192205459167
25772400,886.7454663576248
25776000,847.8009737442651
25779600,782.6397455186831
25783200,695.7024117004081
25786800,592.913607918322
25790400,481.2782212839178
25794000,368.40401890975556
25797600,261.9831911544817
25801200,169.26814156078376
25804800,96.57724753955307
25808400,48.86427339110759
25812000,29.380779454085598
25815600,39.45453364238506
25819200,78.39902625571
25822800,143.56025448134722
25826400,230.49758829954632
25830000,333.28639208162645
25833600,444.92177871612694
25837200,557.7959810902881
25840800,664.2168088455579
25844400,756.9318584391765
25848000,829.622752460418
25851600,877.3357266089058
25855200,896.8192205459163
25858800,886.7454663576052
25862400,847.8009737443151
25866000,782.6397455186893
25869600,695.702411700416
25873200,592.913607918331
25876800,481.2782212838285
25880400,368.40401890986095
25884000,261.98319115449
25887600,169.2681415607907
25891200,96.57724753955813
25894800,48.86427339108093
25898400,29.380779454090145
25902000,39.45453364238301
25905600,78.39902625570568
25909200,143.5602544813409
25912800,230.49758829962175
25916400,333.2863920817117
25920000,444.92177871611756
25923600,557.7959810901826
25927200,664.2168088455496
25930800,756.9318584392422
25934400,829.6227524604658
25938000,877.335726608903
25941600,896.8192205459118
25945200,886.7454663576073
25948800,847.8009737442737
25952400,782.639745518629
25956000,695.7024117004239
25959600,592.9136079184341
25963200,481.27822128383787
25966800,368.4040189097738
25970400,261.98319115441086
25974000,169.26814156079757
25977600,96.57724753961605
25981200,48.864273391083714
25984800,29.380779454086394
25988400,39.45453364240251
25992000,78.39902625570136
25995600,143.5602544813346
25999200,230.49758829961385
26002800,333.2863920816086
26006400,444.9217787162068
26010000,557.7959810901735
26013600,664.2168088455413
26017200,756.9318584392354
26020800,829.622752460408
26024400,877.3357266089297
26028000,896.8192205459113
26031600,886.7454663576093
26035200,847.800973744278
26038800,782.6397455187021
26042400,695.7024117003484
26046000,592.913607918443
26049600,481.2782212838472
26053200,368.40401890978296
26056800,261.9831911545066
26060400,169.2681415607318
26064000,96.57724753962106
26067600,48.8642733910865
26071200,29.38077945408679
26074800,39.45453364240046
26078400,78.39902625574274
26082000,143.56025448126138
26085600,230.49758829960595
26089200,333.28639208159973
26092800,444.9217787161975
26096400,557.7959810902607
26100000,664.2168088454455
26103600,756.9318584392284
26107200,829.622752460403
26110800,877.335726608927
26114400,896.8192205459152
26118000,886.745466357633
26121600,847.8009737442824
26125200,782.6397455187084
26128800,695.7024117003564
26132400,592.9136079183577
26136000,481.2782212839552
26139600,368.40401890979206
26143200,261.9831911545149
26146800,169.26814156073868
26150400,96.5772475395732
26154000,48.86427339105978
26157600,29.38077945408719
26161200,39.45453364237687
26164800,78.39902625573842
26168400,143.56025448132192
26172000,230.4975882996814
26175600,333.28639208159075
26179200,444.92177871608953
26182800,557.7959810902515
26186400,664.2168088455247
26190000,756.9318584392943
26193600,829.6227524603979
26197200,877.3357266088946
26200800,896.8192205459147
26204400,886.7454663576134
26208000,847.800973744241
26211600,782.6397455187148
26215200,695.7024117004476
26218800,592.9136079183667
26222400,481.2782212838659
26226000,368.40401890970486
26229600,261.9831911545232
26233200,169.26814156074556
26236800,96.5772475395782
26240400,48.86427339109207
26244000,29.380779454083438
26247600,39.45453364237483
26251200,78.3990262557341
26254800,143.56025448131555
26258400,230.49758829959018
26262000,333.286392081676
26265600,444.92177871608015
26269200,557.7959810902424
26272800,664.2168088455164
26276400,756.9318584392147
26280000,829.6227524604458
26283600,877.3357266088917
26287200,896.8192205459143
26290800,886.7454663576154
26294400,847.800973744291
26298000,782.6397455186543
26301600,695.7024117004555
26305200,592.9136079183756
26308800,481.27822128387527
26312400,368.404018909714
26316000,261.983191154444
26319600,169.26814156082514
26323200,96.5772475395832
26326800,48.864273391094855
26330400,29.380779454083836
26334000,39.45453364239438
26337600,78.39902625568402
26341200,143.56025448130924
26344800,230.49758829958228
26348400,333.28639208166703
26352000,444.9217787161694
26355600,557.7959810901369
26359200,664.2168088455081
26362800,756.9318584392079
26366400,829.6227524604408
26370000,877.3357266089185
26373600,896.8192205459097
26377200,886.7454663576175
26380800,847.8009737442953
26384400,782.6397455186607
26388000,695.70241170038
26391600,592.9136079182904
26395200,481.2782212838846
26398800,368.40401890981946
26402400,261.98319115445236
26406000,169.26814156075937
26409600,96.57724753953528
26413200,48.8642733910977
26416800,29.380779454088383
26420400,39.45453364239228
26424000,78.3990262557254
26427600,143.56025448136972
26431200,230.49758829957437
26434800,333.2863920815639
26438400,444.9217787161601
26442000,557.7959810902241
26445600,664.2168088455874
26449200,756.9318584392009
26452800,829.6227524603829
26456400,877.3357266089157
26460000,896.8192205459136
26463600,886.7454663575979
26467200,847.8009737442997
26470800,782.6397455186669
26474400,695.702411700388
26478000,592.9136079183935
26481600,481.27822128379535
26485200,368.4040189098286
26488800,261.98319115446066
26492400,169.26814156076625
26496000,96.57724753959326
26499600,48.86427339107098
26503200,29.38077945408878
26506800,39.45453364239029
26510400,78.39902625572108
26514000,143.56025448129657
26517600,230.4975882996498
26521200,333.28639208155505
26524800,444.9217787161507
26528400,557.795981090215
26532000,664.2168088454915
26535600,756.9318584392666
26539200,829.6227524603779
26542800,877.3357266089129
26546400,896.8192205459131
26550000,886.7454663576
26553600,847.8009737442583
26557200,782.63974551874
26560800,695.7024117003959
26564400,592.9136079184024
26568000,481.27822128380467
26571600,368.4040189097414
26575200,261.9831911545564
26578800,169.26814156077313
26582400,96.57724753959826
26586000,48.864273391073766
26589600,29.380779454084973
26593200,39.4545336423667
26596800,78.3990262557167
26600400,143.5602544812902
26604000,230.4975882996419
26607600,333.28639208164026
26611200,444.92177871604275
26614800,557.7959810902059
26618400,664.2168088454832
26622000,756.9318584392597
26625600,829.6227524604258
26629200,877.3357266089397
26632800,896.8192205459128
26636400,886.7454663576236
26640000,847.8009737442626
26643600,782.6397455186795
26647200,695.7024117003205
26650800,592.9136079184113
26654400,481.27822128391267
26658000,368.40401890975056
26661600,261.9831911544772
26665200,169.26814156070736
26668800,96.57724753960326
26672400,48.86427339110611
26676000,29.38077945408537
26679600,39.454533642386195
26683200,78.39902625575814
26686800,143.5602544812839
26690400,230.49758829955067
26694000,333.28639208163133
26697600,444.921778716132
26701200,557.7959810902931
26704800,664.2168088454749
26708400,756.9318584392529
26712000,829.6227524604208
26715600,877.3357266089073
26719200,896.8192205459166
26722800,886.7454663576257
26726400,847.8009737442669
26730000,782.6397455186859
26733600,695.7024117004116
26737200,592.9136079183261
26740800,481.278221283922
26744400,368.40401890975966
26748000,261.9831911544855
26751600,169.2681415607869
26755200,96.5772475395554
26758800,48.864273391108895
26762400,29.38077945408577
26766000,39.45453364238415
26769600,78.39902625570807
26773200,143.56025448134437
26776800,230.49758829954277
26780400,333.2863920816224
26784000,444.9217787161227
26787600,557.7959810902839
26791200,664.2168088455542
26794800,756.9318584391733
26798400,829.6227524604158
26802000,877.3357266089045
26805600,896.8192205459161
26809200,886.7454663576061
26812800,847.8009737443169
26816400,782.6397455186923
26820000,695.7024117004196
26823600,592.913607918335
26827200,481.27822128383275
26830800,368.40401890986516
26834400,261.9831911544938
26838000,169.26814156079382
26841600,96.5772475395604
26845200,48.86427339108218
26848800,29.380779454090316
26852400,39.4545336423821
26856000,78.39902625570369
26859600,143.560254481338
26863200,230.4975882996182
26866800,333.2863920817077
26870400,444.9217787161133
26874000,557.7959810901785
26877600,664.2168088455459
26881200,756.9318584392391
26884800,829.6227524604635
26888400,877.3357266089017
26892000,896.8192205459115
26895600,886.7454663576082
26899200,847.8009737442756
26902800,782.6397455186318
26906400,695.7024117004275
26910000,592.9136079184382
26913600,481.27822128384213
26917200,368.40401890977796
26920800,261.9831911544146
26924400,169.2681415608007
26928000,96.57724753961827
26931600,48.86427339108502
26935200,29.380779454086564
26938800,39.4545336424016
26942400,78.39902625569937
26946000,143.5602544813317
26949600,230.49758829961027
26953200,333.28639208160456
26956800,444.9217787162026
26960400,557.7959810901693
26964000,664.2168088455376
26967600,756.9318584392322
26971200,829.6227524604058
26974800,877.3357266089284
26978400,896.8192205459112
26982000,886.7454663576102
26985600,847.8009737442799
26989200,782.639745518705
26992800,695.7024117003521
26996400,592.913607918447
27000000,481.27822128385145
27003600,368.40401890978706
27007200,261.98319115451034
27010800,169.26814156073493
27014400,96.57724753962333
27018000,48.864273391087806
27021600,29.380779454086962
27025200,39.4545336423995
27028800,78.39902625574075
27032400,143.56025448125854
27036000,230.49758829960237
27039600,333.28639208159564
27043200,444.9217787161932
27046800,557.7959810902565
27050400,664.2168088454418
27054000,756.9318584392254
27057600,829.6227524604008
27061200,877.3357266089256
27064800,896.819220545915
27068400,886.7454663576339
27072000,847.8009737442843
27075600,782.6397455187113
27079200,695.7024117003599
27082800,592.9136079183618
27086400,481.2782212839594
27090000,368.4040189097962
27093600,261.98319115451864
27097200,169.2681415607418
27100800,96.57724753957547
27104400,48.86427339106103
27108000,29.38077945408736
27111600,39.454533642375964
27115200,78.39902625573643
27118800,143.56025448131902
27122400,230.4975882996778
27126000,333.2863920815867
27129600,444.92177871608527
27133200,557.7959810902474
27136800,664.216808845521
27140400,756.9318584392911
27144000,829.6227524603956
27147600,877.3357266088933
27151200,896.8192205459145
27154800,886.7454663576143
27158400,847.8009737442429
27162000,782.6397455187176
27165600,695.7024117004512
27169200,592.9136079183706
27172800,481.27822128387015
27176400,368.404018909709
27180000,261.983191154527
27183600,169.2681415607487
27187200,96.57724753958047
27190800,48.86427339109338
27194400,29.38077945408361
27198000,39.45453364237392
27201600,78.39902625573211
27205200,143.56025448131265
27208800,230.49758829958657
27212400,333.2863920816719
27216000,444.9217787160759
27219600,557.7959810902382
27223200,664.2168088455127
27226800,756.9318584392115
27230400,829.6227524604435
27234000,877.3357266088906
27237600,896.8192205459142
27241200,886.7454663576164
27244800,847.800973744293
27248400,782.6397455186572
27252000,695.7024117004592
27255600,592.9136079183796
27259200,481.27822128387953
27262800,368.40401890971816
27266400,261.9831911544478
27270000,169.26814156082827
27273600,96.57724753958547
27277200,48.86427339109616
27280800,29.380779454084006
27284400,39.454533642393415
27288000,78.39902625568203
27291600,143.56025448130634
27295200,230.49758829957867
27298800,333.28639208166305
27302400,444.9217787161652
27306000,557.7959810901328
27309600,664.2168088455044
27313200,756.9318584392047
27316800,829.6227524604385
27320400,877.3357266089172
27324000,896.8192205459097
27327600,886.7454663576184
27331200,847.8009737442974
27334800,782.6397455186635
27338400,695.7024117003837
27342000,592.9136079182944
27345600,481.27822128388885
27349200,368.4040189098236
27352800,261.9831911544561
27356400,169.2681415607625
27360000,96.57724753953761
27363600,48.864273391099005
27367200,29.380779454088497
27370800,39.45453364239137
27374400,78.39902625572341
27378000,143.56025448136683
27381600,230.49758829957077
27385200,333.28639208155994
27388800,444.9217787161558
27392400,557.79598109022
27396000,664.2168088455835
27399600,756.9318584391979
27403200,829.6227524603805
27406800,877.3357266089145
27410400,896.8192205459134
27414000,886.745466357599
27417600,847.8009737443017
27421200,782.6397455186698
27424800,695.7024117003915
27428400,592.9136079183975
27432000,481.2782212837996
27435600,368.40401890983276
27439200,261.9831911544644
27442800,169.26814156076938
27446400,96.57724753959548
27450000,48.86427339107229
27453600,29.38077945408895
27457200,39.45453364238938
27460800,78.3990262557191
27464400,143.56025448129367
27468000,230.4975882996462
27471600,333.28639208155096
27475200,444.9217787161465
27478800,557.795981090211
27482400,664.2168088454878
27486000,756.9318584392636
27489600,829.6227524603755
27493200,877.3357266089116
27496800,896.8192205459129
27500400,886.7454663576009
27504000,847.8009737442603
27507600,782.639745518743
27511200,695.7024117003995
27514800,592.9136079184065
27518400,481.27822128380893
27522000,368.40401890974556
27525600,261.98319115456013
27529200,169.26814156077626
27532800,96.57724753960053
27536400,48.86427339107507
27540000,29.3807794540852
27543600,39.45453364236573
27547200,78.39902625571477
27550800,143.56025448128736
27554400,230.4975882996383
27558000,333.2863920816362
27561600,444.9217787160385
27565200,557.7959810902017
27568800,664.2168088454795
27572400,756.9318584392566
27576000,829.6227524604235
27579600,877.3357266089383
27583200,896.8192205459126
27586800,886.7454663576245
27590400,847.8009737442646
27594000,782.6397455186825
27597600,695.7024117003241
27601200,592.9136079184154
27604800,481.27822128391693
27608400,368.4040189097547
27612000,261.983191154481
27615600,169.2681415607105
27619200,96.57724753960554
27622800,48.86427339110736
27626400,29.380779454085598
27630000,39.45453364238523
27633600,78.39902625575616
27637200,143.560254481281
27640800,230.4975882996304
27644400,333.28639208162724
27648000,444.92177871612773
27651600,557.7959810902889
27655200,664.2168088454712
27658800,756.9318584392497
27662400,829.6227524604185
27666000,877.335726608906
27669600,896.8192205459163
27673200,886.7454663576266
27676800,847.800973744269
27680400,782.6397455186889
27684000,695.7024117004153
27687600,592.9136079183302
27691200,481.27822128392626
27694800,368.40401890976386
27698400,261.9831911544893
27702000,169.26814156079007
27705600,96.57724753955767
27709200,48.864273391110146
27712800,29.38077945408594
27716400,39.45453364238318
27720000,78.39902625575183
27723600,143.56025448134147
27727200,230.49758829953916
27730800,333.2863920816184
27734400,444.9217787161184
27738000,557.7959810902798
27741600,664.2168088455503
27745200,756.9318584391702
27748800,829.6227524604135
27752400,877.3357266089033
27756000,896.819220545916
27759600,886.745466357607
27763200,847.800973744319
27766800,782.6397455186952
27770400,695.7024117004232
27774000,592.913607918339
27777600,481.278221283837
27781200,368.4040189098693
27784800,261.98319115449755
27788400,169.26814156079695
27792000,96.57724753956268
27795600,48.864273391083486
27799200,29.380779454082244
27802800,39.454533642381136
27806400,78.39902625570176
27810000,143.56025448133516
27813600,230.49758829961456
27817200,333.28639208170364
27820800,444.9217787161091
27824400,557.7959810901743
27828000,664.2168088455421
27831600,756.931858439236
27835200,829.6227524604612
27838800,877.3357266089004
27842400,896.8192205459114
27846000,886.7454663576091
27849600,847.8009737442776
27853200,782.6397455186348
27856800,695.7024117004311
27860400,592.9136079184422
27864000,481.27822128384634
27867600,368.4040189097821
27871200,261.98319115441836
27874800,169.26814156080383
27878400,96.57724753956768
27882000,48.86427339108627
27885600,29.380779454086735
27889200,39.454533642400634
27892800,78.39902625569738
27896400,143.5602544813288
27900000,230.49758829960666
27903600,333.2863920816005
27907200,444.92177871619833
27910800,557.7959810901652
27914400,664.2168088455337
27918000,756.9318584392291
27921600,829.6227524604034
27925200,877.3357266089272
27928800,896.8192205459111
27932400,886.7454663576111
27936000,847.8009737442819
27939600,782.6397455187079
27943200,695.7024117003557
27946800,592.9136079184511
27950400,481.2782212838557
27954000,368.40401890979126
27957600,261.98319115442666
27961200,169.26814156073806
27964800,96.5772475396256
27968400,48.86427339108906
27972000,29.38077945408719
27975600,39.45453364239859
27979200,78.39902625573882
27982800,143.56025448125564
27986400,230.49758829959876
27990000,333.28639208159154
27993600,444.92177871618895
27997200,557.7959810902524
28000800,664.216808845438
28004400,756.9318584392222
28008000,829.6227524603984
28011600,877.3357266089243
28015200,896.8192205459147
28018800,886.7454663576348
28022400,847.8009737442862
28026000,782.6397455187141
28029600,695.7024117003635
28033200,592.9136079183659
28036800,481.27822128376647
28040400,368.40401890980036
28044000,261.98319115452244
28047600,169.26814156074494
28051200,96.57724753957774
28054800,48.86427339106234
28058400,29.38077945408753
28062000,39.454533642375054
28065600,78.39902625573444
28069200,143.56025448131612
28072800,230.49758829967425
28076400,333.2863920815826
28080000,444.921778716081
28083600,557.7959810902432
28087200,664.2168088455172
28090800,756.9318584392879
28094400,829.6227524603934
28098000,877.3357266088921
28101600,896.8192205459144
28105200,886.7454663576152
28108800,847.8009737442449
28112400,782.6397455187205
28116000,695.7024117003714
28119600,592.9136079183747
28123200,481.2782212838744
28126800,368.40401890971316
28130400,261.98319115453074
28134000,169.26814156075181
28137600,96.57724753958274
28141200,48.86427339109463
28144800,29.38077945408378
28148400,39.45453364237301
28152000,78.39902625573012
28155600,143.5602544813098
28159200,230.49758829958301
28162800,333.2863920815737
28166400,444.92177871617025
28170000,557.7959810903304
28173600,664.2168088455089
28177200,756.9318584391358
28180800,829.6227524603884
28184400,877.3357266089188
28188000,896.8192205459181
28191600,886.7454663576173
28195200,847.8009737442492
28198800,782.6397455187268
28202400,695.7024117003793
28206000,592.9136079182895
28209600,481.27822128388374
28213200,368.4040189097223
28216800,261.983191154539
28220400,169.2681415607587
28224000,96.57724753953488
28227600,48.86427339109741
28231200,29.380779454084177
28234800,39.45453364237096
28238400,78.3990262557258
28242000,143.5602544813703
28245600,230.4975882995751
28249200,333.28639208165896
28252800,444.9217787160623
28256400,557.795981090225
28260000,664.216808845588
28263600,756.9318584392015
28267200,829.6227524604362
28270800,877.3357266088865
28274400,896.8192205459136
28278000,886.7454663575978
28281600,847.8009737442992
28285200,782.6397455186664
28288800,695.7024117004705
28292400,592.9136079183927
28296000,481.2782212837945
28299600,368.40401890982776
28303200,261.98319115445986
28306800,169.26814156083827
28310400,96.57724753959275
28314000,48.86427339107075
28317600,29.380779454088724
28321200,39.45453364239046
28324800,78.39902625567572
28328400,143.56025448129714
28332000,230.49758829965052
28335600,333.28639208155585
28339200,444.92177871615155
28342800,557.7959810901195
28346400,664.2168088454923
28350000,756.9318584392673
28353600,829.6227524604841
28357200,877.3357266089131
28360800,896.819220545909
28364400,886.7454663576214
28368000,847.8009737442578
28371600,782.6397455186059
28375200,695.7024117003951
28378800,592.9136079184957
28382400,481.27822128390244
28386000,368.40401890974056
28389600,261.9831911543807
28393200,169.2681415607725
28396800,96.57724753965067
28400400,48.86427339110304
28404000,29.380779454084973
28407600,39.454533642409956
28411200,78.3990262557171
28414800,143.56025448122398
28418400,230.49758829955928
28422000,333.2863920816411
28425600,444.92177871624085
28429200,557.7959810902067
28432800,664.2168088455714
28436400,756.9318584391879
28440000,829.6227524604262
28443600,877.3357266089399
28447200,896.8192205459129
28450800,886.7454663576019
28454400,847.800973744308
28458000,782.6397455186791
28461600,695.7024117003198
28465200,592.9136079184104
28468800,481.2782212838132
28472400,368.40401890984606
28476000,261.98319115447646
28479600,169.26814156070674
28483200,96.57724753960275
28486800,48.864273391076324
28490400,29.380779454089463
28494000,39.454533642386366
28497600,78.39902625575849
28501200,143.56025448128446
28504800,230.4975882996347
28508400,333.286392081538
28512000,444.92177871613285
28515600,557.7959810902939
28519200,664.2168088454757
28522800,756.9318584392536
28526400,829.6227524603682
28530000,877.3357266089076
28533600,896.8192205459166
28537200,886.7454663576254
28540800,847.8009737442666
28544400,782.6397455187522
28548000,695.702411700411
28551600,592.9136079183253
28555200,481.27822128392114
28558800,368.40401890975886
28562400,261.9831911545722
28566000,169.26814156078626
28569600,96.57724753955495
28573200,48.86427339110867
28576800,29.38077945408577
28580400,39.454533642362776
28584000,78.3990262557084
28587600,143.56025448134494
28591200,230.49758829971015
28594800,333.28639208162326
28598400,444.9217787160249
28602000,557.7959810901884
28605600,664.2168088455549
28609200,756.9318584393193
28612800,829.6227524604162
28616400,877.3357266088752
28620000,896.819220545912
28623600,886.7454663576059
28627200,847.8009737442251
28630800,782.6397455186917
28634400,695.7024117005022
28638000,592.9136079184284
28641600,481.2782212838319
28645200,368.40401890967166
28648800,261.98319115449306
28652400,169.26814156086579
28656000,96.57724753961287
28659600,48.864273391081895
28663200,29.380779454082017
28666800,39.45453364238227
28670400,78.39902625574985
28674000,143.56025448127178
28677600,230.4975882996189
28681200,333.2863920817085
28684800,444.92177871611415
28688400,557.7959810902756
28692000,664.2168088454591
28695600,756.9318584392397
28699200,829.622752460464
28702800,877.335726608902
28706400,896.8192205459158
28710000,886.7454663576295
28713600,847.8009737442752
28717200,782.6397455186312
28720800,695.7024117004268
28724400,592.9136079183431
28728000,481.27822128393984
28731600,368.4040189097771
28735200,261.9831911544139
28738800,169.26814156080007
28742400,96.57724753956495
28746000,48.86427339111424
28749600,29.380779454086564
28753200,39.45453364240177
28756800,78.39902625569977
28760400,143.56025448133227
28764000,230.49758829952768
28767600,333.2863920816054
28771200,444.92177871620345
28774800,557.7959810901702
28778400,664.2168088455383
28782000,756.9318584391602
28785600,829.6227524604062
28789200,877.3357266089287
28792800,896.8192205459113
28796400,886.74546635761
28800000,847.8009737443253
28803600,782.6397455187043
28807200,695.7024117003514
28810800,592.9136079184462
28814400,481.2782212838506
28818000,368.40401890988255
28821600,261.98319115450965
28825200,169.2681415607343
28828800,96.57724753951709
28832400,48.86427339108752
28836000,29.380779454091055
28839600,39.45453364237818
28843200,78.39902625574115
28846800,143.56025448139275
28850400,230.4975882996031
28854000,333.28639208150224
28857600,444.92177871609545
28861200,557.7959810902574
28864800,664.2168088456175
28868400,756.9318584392261
28872000,829.6227524603482
28875600,877.3357266088963
28879200,896.819220545915
28882800,886.7454663575907
28886400,847.800973744284
28890000,782.6397455187775
28893600,695.7024117004426
28897200,592.913607918361
28900800,481.27822128376135
28904400,368.40401890979535
28908000,261.9831911544304
28911600,169.26814156081383
28915200,96.57724753957496
28918800,48.864273391060806
28922400,29.380779454087303
28926000,39.45453364239768
28929600,78.39902625569107
28933200,143.5602544813196
28936800,230.49758829967854
28940400,333.2863920815875
28944000,444.92177871618475
28947600,557.7959810901519
28951200,664.2168088455217
28954800,756.9318584392918
28958400,829.6227524603961
28962000,877.3357266089231
28965600,896.8192205459104
28969200,886.7454663576141
28972800,847.8009737442426
28976400,782.6397455187171
28980000,695.7024117003671
28983600,592.9136079184641
28987200,481.2782212838693
28990800,368.40401890970816
28994400,261.9831911545262
28998000,169.26814156074806
29001600,96.57724753963288
29005200,48.86427339109309
29008800,29.38077945408361
29012400,39.454533642374145
29016000,78.39902625573251
29019600,143.56025448124643
29023200,230.4975882995873
29026800,333.2863920816727
29030400,444.92177871607674
29034000,557.7959810902391
29037600,664.2168088454259
29041200,756.9318584392122
29044800,829.622752460444
29048400,877.3357266088908
29052000,896.8192205459142
29055600,886.7454663576377
29059200,847.8009737442926
29062800,782.6397455186566
29066400,695.7024117002917
29070000,592.9136079183788
29073600,481.27822128397725
29077200,368.40401890981366
29080800,261.983191154447
29084400,169.26814156068235
29088000,96.57724753958502
29091600,48.86427339112544
29095200,29.380779454088156
29098800,39.454533642393585
29102400,78.39902625577389
29106000,143.5602544813069
29109600,230.49758829949607
29113200,333.2863920815696
29116800,444.92177871616605
29120400,557.7959810903263
29124000,664.216808845505
29127600,756.9318584391326
29131200,829.6227524603861
29134800,877.3357266089175
29138400,896.8192205459179
29142000,886.7454663576182
29145600,847.8009737442512
29149200,782.6397455187298
29152800,695.702411700383
29156400,592.9136079182936
29160000,481.278221283888
29163600,368.40401890972646
29167200,261.98319115454285
29170800,169.26814156076188
29174400,96.57724753953715
29178000,48.86427339109872
29181600,29.380779454084347
29185200,39.45453364237005
29188800,78.39902625572381
29192400,143.5602544813674
29196000,230.49758829957148
29199600,333.28639208165487
29203200,444.92177871605804
29206800,557.7959810902208
29210400,664.2168088455843
29214000,756.9318584391984
29217600,829.622752460434
29221200,877.3357266088851
29224800,896.8192205459134
29228400,886.7454663575987
29232000,847.8009737443012
29235600,782.6397455186693
29239200,695.7024117004742
29242800,592.9136079183967
29246400,481.27822128379876
29250000,368.4040189098319
29253600,261.9831911544636
29257200,169.2681415608414
29260800,96.57724753959508
29264400,48.864273391072004
29268000,29.380779454088895
29271600,39.45453364238949
29275200,78.39902625567379
29278800,143.56025448129424
29282400,230.4975882996469
29286000,333.28639208155175
29289600,444.92177871614734
29293200,557.7959810901154
29296800,664.2168088454886
29300400,756.9318584392641
29304000,829.6227524604818
29307600,877.3357266089118
29311200,896.8192205459088
29314800,886.7454663576223
29318400,847.8009737442599
29322000,782.6397455186088
29325600,695.7024117003987
29329200,592.9136079184998
29332800,481.2782212839067
29336400,368.40401890974476
29340000,261.9831911543845
29343600,169.26814156077563
29347200,96.57724753965294
29350800,48.86427339110435
29354400,29.380779454085143
29358000,39.45453364240899
29361600,78.39902625571511
29365200,143.56025448122108
29368800,230.49758829955567
29372400,333.286392081637
29376000,444.9217787162366
29379600,557.7959810902025
29383200,664.2168088455677
29386800,756.9318584391847
29390400,829.622752460424
29394000,877.3357266089386
29397600,896.8192205459127
29401200,886.7454663576028
29404800,847.8009737443099
29408400,782.6397455186819
29412000,695.7024117003233
29415600,592.9136079184145
29419200,481.27822128381746
29422800,368.40401890985015
29426400,261.9831911544802
29430000,169.26814156070986
29433600,96.57724753960508
29437200,48.864273391077575
29440800,29.38077945408969
29444400,39.45453364238546
29448000,78.39902625575655
29451600,143.56025448128156
29455200,230.4975882996311
29458800,333.2863920815339
29462400,444.92177871612864
29466000,557.7959810902898
29469600,664.216808845472
29473200,756.9318584392504
29476800,829.622752460366
29480400,877.3357266089063
29484000,896.8192205459163
29487600,886.7454663576264
29491200,847.8009737442685
29494800,782.639745518755
29498400,695.7024117004146
29502000,592.9136079183293
29505600,481.2782212839254
29509200,368.404018909763
29512800,261.983191154576
29516400,169.26814156078945
29520000,96.57724753955716
29523600,48.86427339105086
29527200,29.38077945408594
29530800,39.454533642361866
29534400,78.39902625570647
29538000,143.56025448134204
29541600,230.49758829970654
29545200,333.28639208161917
29548800,444.92177871602064
29552400,557.7959810901843
29556000,664.2168088455511
29559600,756.9318584393161
29563200,829.622752460414
29566800,877.335726608874
29570400,896.8192205459119
29574000,886.7454663576069
29577600,847.8009737442271
29581200,782.6397455186946
29584800,695.7024117005058
29588400,592.9136079184325
29592000,481.27822128383616
29595600,368.4040189096758
29599200,261.9831911544968
29602800,169.26814156072362
29606400,96.57724753961514
29610000,48.8642733910832
29613600,29.380779454082187
29617200,39.454533642381364
29620800,78.39902625574786
29624400,143.56025448126888
29628000,230.4975882996153
29631600,333.28639208170443
29635200,444.9217787161099
29638800,557.7959810902715
29642400,664.2168088454554
29646000,756.9318584392365
29649600,829.6227524604617
29653200,877.3357266089007
29656800,896.8192205459156
29660400,886.7454663576304
29664000,847.8009737442771
29667600,782.6397455186341
29671200,695.7024117004303
29674800,592.9136079183472
29678400,481.2782212839441
29682000,368.40401890978126
29685600,261.9831911544176
29689200,169.2681415608032
29692800,96.57724753956728
29696400,48.86427339111549
29700000,29.380779454086735
29703600,39.454533642400804
29707200,78.39902625569778
29710800,143.56025448132937
29714400,230.49758829952407
29718000,333.2863920816013
29721600,444.9217787161992
29725200,557.795981090166
29728800,664.2168088455345
29732400,756.931858439157
29736000,829.622752460404
29739600,877.3357266089274
29743200,896.8192205459111
29746800,886.745466357611
29750400,847.8009737443273
29754000,782.6397455187073
29757600,695.7024117003549
29761200,592.913607918262
29764800,481.27822128385486
29768400,368.40401890988676
29772000,261.9831911545134
29775600,169.26814156073743
29779200,96.57724753951936
29782800,48.86427339108883
29786400,29.380779454091282
29790000,39.45453364237727
29793600,78.39902625573916
29797200,143.56025448138985
29800800,230.4975882995995
29804400,333.2863920814982
29808000,444.9217787160912
29811600,557.7959810902532
29815200,664.2168088456137
29818800,756.9318584392229
29822400,829.622752460346
29826000,877.3357266088951
29829600,896.8192205459147
29833200,886.7454663575916
29836800,847.8009737442859
29840400,782.6397455186468
29844000,695.7024117004462
29847600,592.9136079183651
29851200,481.27822128376556
29854800,368.40401890979956
29858400,261.9831911544342
29862000,169.268141560817
29865600,96.57724753957729
29869200,48.864273391062056
29872800,29.38077945408753
29876400,39.45453364239677
29880000,78.39902625568914
29883600,143.5602544813167
29887200,230.49758829967496
29890800,333.2863920815835
29894400,444.9217787161805
29898000,557.7959810901477
29901600,664.2168088455179
29905200,756.9318584392886
29908800,829.6227524603938
29912400,877.3357266089217
29916000,896.8192205459103
29919600,886.7454663576151
29923200,847.8009737442444
29926800,782.63974551872
29930400,695.7024117003707
29934000,592.9136079184682
29937600,481.27822128387356
29941200,368.40401890971236
29944800,261.98319115453
29948400,169.2681415607512
29952000,96.57724753963515
29955600,48.8642733910944
29959200,29.380779454083722
29962800,39.45453364237318
29966400,78.39902625573052
29970000,143.56025448124353
29973600,230.49758829958367
29977200,333.28639208166874
29980800,444.9217787160725
29984400,557.7959810902349
29988000,664.2168088454222
29991600,756.931858439209
29995200,829.6227524604417
29998800,877.3357266089486
30002400,896.819220545914
30006000,886.7454663576386
30009600,847.8009737442945
30013200,782.6397455186594
30016800,695.7024117002953
30020400,592.9136079183829
30024000,481.2782212839815
30027600,368.4040189098178
30031200,261.98319115445076
30034800,169.26814156068548
30038400,96.57724753958729
30042000,48.86427339112669
30045600,29.38077945408827
30049200,39.454533642392676
30052800,78.3990262557719
30056400,143.560254481304
30060000,230.49758829949243
30063600,333.2863920815656
30067200,444.9217787161618
30070800,557.7959810903221
30074400,664.2168088455014
30078000,756.9318584392748
30081600,829.6227524603838
30085200,877.3357266089163
30088800,896.8192205459177
30092400,886.7454663576192
30096000,847.8009737442532
30099600,782.6397455187326
30103200,695.7024117003865
30106800,592.9136079182977
30110400,481.27822128389226
30114000,368.4040189097306
30117600,261.9831911545466
30121200,169.268141560765
30124800,96.57724753953943
30128400,48.86427339109997
30132000,29.380779454084575
30135600,39.454533642369086
30139200,78.39902625572182
30142800,143.5602544813645
30146400,230.49758829956787
30150000,333.28639208165083
30153600,444.9217787160538
30157200,557.7959810902167
30160800,664.2168088455805
30164400,756.9318584391954
30168000,829.6227524604317
30171600,877.335726608884
30175200,896.8192205459131
30178800,886.7454663575996
30182400,847.8009737443033
30186000,782.639745518672
30189600,695.7024117004778
30193200,592.9136079184008
30196800,481.278221283803
30200400,368.40401890983605
30204000,261.98319115446736
30207600,169.26814156084453
30211200,96.57724753959735
30214800,48.86427339107331
30218400,29.380779454089065
30222000,39.45453364238858
30225600,78.3990262556718
30229200,143.56025448129134
30232800,230.49758829964335
30236400,333.28639208173604
30240000,444.9217787161431
30243600,557.7959810901112
30247200,664.2168088454848
30250800,756.9318584392611
30254400,829.6227524604795
30258000,877.3357266089106
30261600,896.8192205459087
30265200,886.7454663576232
30268800,847.8009737442619
30272400,782.6397455186116
30276000,695.7024117004023
30279600,592.9136079185039
30283200,481.27822128391097
30286800,368.40401890974886
30290400,261.98319115438824
30294000,169.26814156077876
30297600,96.57724753965522
30301200,48.8642733911056
30304800,29.380779454085314
30308400,39.45453364240808
30312000,78.39902625571318
30315600,143.56025448135182
30319200,230.49758829955212
30322800,333.286392081633
30326400,444.9217787162323
30330000,557.7959810901984
30333600,664.216808845564
30337200,756.9318584391815
30340800,829.6227524604217
30344400,877.3357266089373
30348000,896.8192205459125
30351600,886.7454663576037
30355200,847.8009737443119
30358800,782.6397455186848
30362400,695.7024117003269
30366000,592.9136079184186
30369600,481.2782212838217
30373200,368.40401890985436
30376800,261.98319115448396
30380400,169.268141560713
30384000,96.57724753960736
30387600,48.86427339107888
30391200,29.38077945408986
30394800,39.45453364238449
30398400,78.39902625575456
30402000,143.56025448127866
30405600,230.49758829962755
30409200,333.28639208152987
30412800,444.9217787161244
30416400,557.7959810902856
30420000,664.2168088454682
30423600,756.9318584392472
30427200,829.6227524603637
30430800,877.335726608905
30434400,896.8192205459162
30438000,886.7454663576273
30441600,847.8009737442706
30445200,782.639745518758
30448800,695.7024117004181
30452400,592.9136079183334
30456000,481.27822128392967
30459600,368.40401890976716
30463200,261.98319115457974
30466800,169.26814156079257
30470400,96.5772475395595
30474000,48.86427339105211
30477600,29.38077945408611
30481200,39.4545336423609
30484800,78.39902625570454
30488400,143.56025448133914
30492000,230.49758829970295
30495600,333.2863920816151
30499200,444.9217787160164
30502800,557.7959810901801
30506400,664.2168088455473
30510000,756.931858439313
30513600,829.6227524604117
30517200,877.3357266088726
30520800,896.8192205459117
30524400,886.7454663576078
30528000,847.8009737442292
30531600,782.6397455186975
30535200,695.7024117005094
30538800,592.9136079184365
30542400,481.2782212838404
30546000,368.40401890967996
30549600,261.98319115450056
30553200,169.26814156072675
30556800,96.57724753961736
30560400,48.86427339108445
30564000,29.380779454082415
30567600,39.454533642380454
30571200,78.39902625574587
30574800,143.56025448126604
30578400,230.49758829961172
30582000,333.28639208170034
30585600,444.9217787161057
30589200,557.7959810902673
30592800,664.2168088454516
30596400,756.9318584392335
30600000,829.6227524604594
30603600,877.3357266088994
30607200,896.8192205459154
30610800,886.7454663576314
30614400,847.8009737442792
30618000,782.639745518637
30621600,695.7024117004339
30625200,592.9136079183512
30628800,481.27822128394837
30632400,368.4040189097854
30636000,261.98319115442143
30639600,169.26814156080633
30643200,96.5772475395695
30646800,48.86427339111674
30650400,29.380779454086905
30654000,39.454533642399895
30657600,78.39902625569584
30661200,143.56025448132647
30664800,230.4975882995205
30668400,333.2863920815972
30672000,444.9217787161949
30675600,557.795981090162
30679200,664.2168088455307
30682800,756.931858439154
30686400,829.6227524604016
30690000,877.335726608926
30693600,896.8192205459109
30697200,886.7454663576119
30700800,847.8009737443292
30704400,782.6397455187101
30708000,695.7024117003585
30711600,592.913607918266
30715200,481.2782212838591
30718800,368.40401890989085
30722400,261.98319115451716
30726000,169.26814156074056
30729600,96.5772475395217
30733200,48.86427339109008
30736800,29.380779454091396
30740400,39.45453364237636
30744000,78.39902625573723
30747600,143.56025448138695
30751200,230.49758829959592
30754800,333.2863920814941
30758400,444.921778716087
30762000,557.7959810902491
30765600,664.2168088456099
30769200,756.9318584392197
30772800,829.6227524603437
30776400,877.3357266088938
30780000,896.8192205459146
30783600,886.7454663575925
30787200,847.8009737442878
30790800,782.6397455186496
30794400,695.7024117004498
30798000,592.913607918369
30801600,481.2782212837698
30805200,368.40401890980365
30808800,261.983191154438
30812400,169.26814156082014
30816000,96.57724753957956
30819600,48.864273391063364
30823200,29.3807794540877
30826800,39.4545336423958
30830400,78.3990262556872
30834000,143.5602544813138
30837600,230.49758829967135
30841200,333.2863920815794
30844800,444.9217787161762
30848400,557.7959810901436
30852000,664.2168088455142
30855600,756.9318584392854
30859200,829.6227524603916
30862800,877.3357266089206
30866400,896.8192205459101
30870000,886.745466357616
30873600,847.8009737442464
30877200,782.6397455187227
30880800,695.7024117003743
30884400,592.9136079184723
30888000,481.2782212838778
30891600,368.40401890971646
30895200,261.98319115453376
30898800,169.26814156075432
30902400,96.57724753963743
30906000,48.86427339109565
30909600,29.38077945408395
30913200,39.45453364237227
30916800,78.39902625572853
30920400,143.5602544812407
30924000,230.49758829958012
30927600,333.28639208166464
30931200,444.9217787160683
30934800,557.7959810902308
30938400,664.2168088454184
30942000,756.9318584392059
30945600,829.6227524604394
30949200,877.3357266089472
30952800,896.8192205459138
30956400,886.7454663576395
30960000,847.8009737442965
30963600,782.6397455186623
30967200,695.7024117002989
30970800,592.913607918387
30974400,481.2782212839858
30978000,368.40401890982196
30981600,261.9831911544546
30985200,169.2681415606886
30988800,96.57724753958956
30992400,48.864273391127995
30996000,29.38077945408844
30999600,39.454533642391766
31003200,78.39902625576991
31006800,143.56025448130111
31010400,230.49758829948888
31014000,333.28639208156153
31017600,444.9217787161575
31021200,557.795981090318
31024800,664.2168088454976
31028400,756.9318584392718
31032000,829.6227524603814
31035600,877.3357266089149
31039200,896.8192205459176
31042800,886.7454663576201
31046400,847.8009737442551
31050000,782.6397455187355
31053600,695.70241170039
31057200,592.9136079183018
31060800,481.2782212838965
31064400,368.40401890973476
31068000,261.98319115455035
31071600,169.26814156076813
31075200,96.5772475395417
31078800,48.86427339110122
31082400,29.38077945408469
31086000,39.454533642368176
31089600,78.39902625571989
31093200,143.5602544813616
31096800,230.4975882995643
31100400,333.2863920816468
31104000,444.9217787160496
31107600,557.7959810902125
31111200,664.2168088455768
31114800,756.9318584391922
31118400,829.6227524604294
31122000,877.3357266088826
31125600,896.8192205459131
31129200,886.7454663576007
31132800,847.8009737443052
31136400,782.639745518675
31140000,695.7024117004814
31143600,592.9136079184049
31147200,481.2782212838072
31150800,368.4040189098402
31154400,261.98319115447117
31158000,169.26814156084765
31161600,96.57724753959963
31165200,48.86427339107456
31168800,29.380779454089236
31172400,39.45453364238767
31176000,78.39902625566981
31179600,143.5602544812885
31183200,230.49758829963974
31186800,333.28639208173206
31190400,444.9217787161388
31194000,557.795981090107
31197600,664.216808845481
31201200,756.9318584392579
31204800,829.6227524604773
31208400,877.3357266089093
31212000,896.8192205459086
31215600,886.7454663576242
31219200,847.8009737442637
31222800,782.6397455186145
31226400,695.702411700406
31230000,592.913607918508
31233600,481.27822128391523
31237200,368.40401890975306
31240800,261.983191154392
31244400,169.26814156078188
31248000,96.57724753965755
31251600,48.864273391106906
31255200,29.38077945408554
31258800,39.454533642407114
31262400,78.39902625571125
31266000,143.56025448134892
31269600,230.4975882995485
31273200,333.28639208162895
31276800,444.92177871622806
31280400,557.7959810901943
31284000,664.2168088455602
31287600,756.9318584391783
31291200,829.6227524604194
31294800,877.335726608936
31298400,896.8192205459122
31302000,886.7454663576046
31305600,847.8009737443139
31309200,782.6397455186876
31312800,695.7024117003305
31316400,592.9136079184227
31320000,481.2782212838259
31323600,368.4040189098585
31327200,261.9831911544877
31330800,169.26814156071612
31334400,96.57724753960963
31338000,48.86427339108013
31341600,29.380779454090032
31345200,39.45453364238358
31348800,78.39902625575257
31352400,143.56025448127582
31356000,230.4975882996239
31359600,333.28639208152583
31363200,444.9217787161201
31366800,557.7959810902814
31370400,664.2168088454644
31374000,756.9318584392441
31377600,829.6227524603614
31381200,877.3357266089038
31384800,896.8192205459161
31388400,886.7454663576282
31392000,847.8009737442725
31395600,782.6397455187608
31399200,695.7024117004217
31402800,592.9136079183374
31406400,481.2782212837367
31410000,368.4040189097713
31413600,261.98319115458355
31417200,169.2681415607957
31420800,96.57724753956177
31424400,48.864273391053416
31428000,29.38077945408628
31431600,39.45453364235999
31435200,78.39902625570255
31438800,143.56025448133624
31442400,230.49758829969934
31446000,333.28639208161104
31449600,444.92177871601217
31453200,557.795981090176
31456800,664.2168088455436
31460400,756.93185843931
31464000,829.6227524604093
31467600,877.3357266088715
31471200,896.8192205459115
31474800,886.7454663576088
31478400,847.8009737442311
31482000,782.6397455187002
31485600,695.7024117003463
31489200,592.9136079184406
31492800,481.27822128384463
31496400,368.4040189096841
31500000,261.9831911545043
31503600,169.26814156072987
31507200,96.57724753961963
31510800,48.8642733910857
31514400,29.38077945408253
31518000,39.45453364237949
31521600,78.39902625574388
31525200,143.56025448126314
31528800,230.4975882996081
31532400,333.2863920816963
