t_seconds,gco2_per_kwh
0,778.7662295805308
3600,845.1354777881804
7200,885.4696395280437
10800,897.0200083329024
14400,878.9994456565928
18000,832.6360230651173
21600,761.0893311889064
25200,669.2351588428252
28800,563.3332160760622
32400,450.6005452769371
36000,338.71969166086274
39600,235.31515050992286
43200,147.43377041946934
46800,81.06452221181974
50400,40.73036047195643
54000,29.179991667097624
57600,47.20055434340719
61200,93.56397693488265
64800,165.11066881109332
68400,256.96484115717465
72000,362.866783923938
75600,475.5994547230631
79200,587.4803083391371
82800,690.8848494900769
86400,778.7662295805306
90000,845.1354777881804
93600,885.4696395280434
97200,897.0200083329024
100800,878.9994456565928
104400,832.6360230651173
108000,761.0893311889065
111600,669.2351588428254
115200,563.3332160760625
118800,450.60054527693666
122400,338.7196916608634
126000,235.31515050992274
129600,147.43377041946945
133200,81.06452221181979
136800,40.730360471956544
140400,29.179991667097624
144000,47.200554343407305
147600,93.56397693488236
151200,165.11066881109355
154800,256.96484115717465
158400,362.8667839239375
162000,475.5994547230634
165600,587.4803083391366
169200,690.8848494900773
172800,778.7662295805305
176400,845.1354777881802
180000,885.4696395280437
183600,897.0200083329025
187200,878.999445656593
190800,832.6360230651173
194400,761.0893311889065
198000,669.2351588428248
201600,563.3332160760626
205200,450.6005452769375
208800,338.7196916608628
212400,235.31515050992348
216000,147.4337704194695
219600,81.06452221181951
223200,40.7303604719566
226800,29.179991667097624
230400,47.20055434340702
234000,93.5639769348827
237600,165.11066881109406
241200,256.96484115717453
244800,362.8667839239366
248400,475.5994547230625
252000,587.4803083391372
255600,690.8848494900778
259200,778.7662295805305
262800,845.1354777881799
266400,885.4696395280434
270000,897.0200083329024
273600,878.999445656593
277200,832.6360230651173
280800,761.0893311889072
284400,669.2351588428255
288000,563.333216076062
291600,450.6005452769376
295200,338.7196916608643
298800,235.31515050992226
302400,147.43377041946962
306000,81.06452221181951
309600,40.7303604719566
313200,29.179991667097568
316800,47.200554343406964
320400,93.56397693488265
324000,165.11066881109394
327600,256.9648411571744
331200,362.8667839239365
334800,475.59945472306237
338400,587.4803083391371
342000,690.8848494900777
345600,778.7662295805304
349200,845.1354777881797
352800,885.4696395280434
356400,897.0200083329024
360000,878.9994456565926
363600,832.6360230651173
367200,761.0893311889072
370800,669.2351588428257
374400,563.3332160760635
378000,450.6005452769362
381600,338.71969166086296
385200,235.31515050992368
388800,147.43377041946962
392400,81.0645222118203
396000,40.73036047195626
399600,29.179991667097624
403200,47.200554343406964
406800,93.56397693488259
410400,165.11066881109275
414000,256.96484115717567
417600,362.86678392393793
421200,475.59945472306225
424800,587.480308339137
428400,690.8848494900764
432000,778.7662295805303
435600,845.1354777881804
439200,885.4696395280438
442800,897.0200083329025
446400,878.999445656593
450000,832.6360230651175
453600,761.0893311889063
457200,669.2351588428244
460800,563.3332160760607
464400,450.6005452769347
468000,338.7196916608631
471600,235.31515050992246
475200,147.43377041946871
478800,81.06452221181888
482400,40.73036047195592
486000,29.179991667097568
489600,47.20055434340736
493200,93.56397693488339
496800,165.1106688110949
500400,256.9648411571769
504000,362.8667839239378
507600,475.59945472306373
511200,587.4803083391384
514800,690.8848494900789
518400,778.7662295805324
522000,845.1354777881804
525600,885.4696395280437
529200,897.0200083329024
532800,878.9994456565922
536400,832.636023065116
540000,761.0893311889063
543600,669.2351588428245
547200,563.3332160760608
550800,450.6005452769379
554400,338.71969166086024
558000,235.31515050992257
561600,147.43377041946871
565200,81.06452221181894
568800,40.730360471956715
572400,29.17999166709768
576000,47.200554343407305
579600,93.56397693488168
583200,165.11066881109485
586800,256.96484115717686
590400,362.8667839239407
594000,475.5994547230636
597600,587.4803083391382
601200,690.8848494900788
604800,778.7662295805302
608400,845.1354777881804
612000,885.4696395280437
615600,897.0200083329025
619200,878.9994456565923
622800,832.636023065116
626400,761.0893311889041
630000,669.2351588428246
633600,563.3332160760608
637200,450.60054527693495
640800,338.7196916608633
644400,235.31515050992266
648000,147.43377041946883
651600,81.06452221182042
655200,40.730360471956715
658800,29.17999166709768
662400,47.200554343408214
666000,93.56397693488321
669600,165.11066881109474
673200,256.96484115717675
676800,362.86678392393765
680400,475.5994547230635
684000,587.4803083391382
687600,690.884849490076
691200,778.7662295805301
694800,845.1354777881803
698400,885.4696395280444
702000,897.0200083329024
705600,878.9994456565923
709200,832.636023065116
712800,761.0893311889065
716400,669.2351588428247
720000,563.333216076061
723600,450.60054527693813
727200,338.7196916608634
730800,235.31515050992274
734400,147.43377041946678
738000,81.06452221181905
741600,40.73036047195603
745200,29.17999166709768
748800,47.200554343407305
752400,93.56397693488316
756000,165.11066881109468
759600,256.96484115717396
763200,362.86678392393753
766800,475.5994547230634
770400,587.4803083391351
774000,690.8848494900785
777600,778.7662295805321
781200,845.1354777881818
784800,885.4696395280437
788400,897.0200083329024
792000,878.9994456565923
795600,832.6360230651177
799200,761.0893311889065
802800,669.2351588428248
806400,563.3332160760641
810000,450.60054527693825
813600,338.7196916608606
817200,235.31515050992022
820800,147.433770419469
824400,81.06452221181911
828000,40.73036047195603
831600,29.179991667097568
835200,47.20055434340725
838800,93.5639769348831
842400,165.11066881109235
846000,256.96484115717385
849600,362.86678392394043
853200,475.59945472306634
856800,587.480308339138
860400,690.8848494900785
864000,778.7662295805321
867600,845.1354777881802
871200,885.4696395280437
874800,897.0200083329025
878400,878.9994456565923
882000,832.6360230651178
885600,761.0893311889088
889200,669.2351588428248
892800,563.3332160760582
896400,450.6005452769353
900000,338.71969166086365
903600,235.3151505099203
907200,147.433770419469
910800,81.06452221182059
914400,40.73036047195609
918000,29.179991667097568
921600,47.20055434340634
925200,93.56397693488304
928800,165.1106688110968
932400,256.96484115717647
936000,362.8667839239373
939600,475.5994547230663
943200,587.4803083391379
946800,690.8848494900758
950400,778.766229580532
954000,845.1354777881802
957600,885.469639528043
961200,897.0200083329024
964800,878.9994456565914
968400,832.6360230651162
972000,761.0893311889067
975600,669.2351588428222
979200,563.3332160760613
982800,450.6005452769385
986400,338.71969166086075
990000,235.315150509923
993600,147.43377041947122
997200,81.06452221181917
1000800,40.73036047195677
1004400,29.17999166709768
1008000,47.20055434340719
1011600,93.56397693488464
1015200,165.11066881109446
1018800,256.9648411571737
1022400,362.8667839239402
1026000,475.59945472306305
1029600,587.4803083391348
1033200,690.8848494900783
1036800,778.7662295805299
1040400,845.1354777881786
1044000,885.4696395280437
1047600,897.0200083329023
1051200,878.9994456565925
1054800,832.6360230651179
1058400,761.0893311889045
1062000,669.2351588428251
1065600,563.3332160760644
1069200,450.60054527693546
1072800,338.7196916608638
1076400,235.31515050992576
1080000,147.43377041946917
1083600,81.06452221181775
1087200,40.73036047195609
1090800,29.179991667097568
1094400,47.200554343408044
1098000,93.56397693488299
1101600,165.11066881109213
1105200,256.96484115717624
1108800,362.8667839239371
1112400,475.59945472305986
1116000,587.4803083391377
1119600,690.8848494900808
1123200,778.7662295805319
1126800,845.13547778818
1130400,885.4696395280444
1134000,897.0200083329024
1137600,878.9994456565934
1141200,832.6360230651163
1144800,761.0893311889068
1148400,669.2351588428279
1152000,563.3332160760615
1155600,450.6005452769387
1159200,338.719691660861
1162800,235.3151505099232
1166400,147.4337704194714
1170000,81.06452221181928
1173600,40.73036047195683
1177200,29.17999166709768
1180800,47.20055434340884
1184400,93.56397693488128
1188000,165.11066881109429
1191600,256.9648411571735
1195200,362.86678392394003
1198800,475.5994547230629
1202400,587.4803083391405
1206000,690.8848494900728
1209600,778.7662295805296
1213200,845.1354777881786
1216800,885.4696395280436
1220400,897.0200083329023
1224000,878.9994456565925
1227600,832.6360230651148
1231200,761.0893311889091
1234800,669.2351588428253
1238400,563.3332160760646
1242000,450.6005452769357
1245600,338.71969166086404
1249200,235.31515050992064
1252800,147.43377041946508
1256400,81.06452221182076
1260000,40.730360471956146
1263600,29.179991667097568
1267200,47.20055434340799
1270800,93.56397693488282
1274400,165.11066881109645
1278000,256.96484115717067
1281600,362.8667839239369
1285200,475.5994547230597
1288800,587.4803083391374
1292400,690.8848494900807
1296000,778.7662295805317
1299600,845.1354777881829
1303200,885.4696395280428
1306800,897.0200083329024
1310400,878.9994456565935
1314000,832.6360230651164
1317600,761.089331188907
1321200,669.2351588428227
1324800,563.3332160760677
1328400,450.6005452769389
1332000,338.71969166086114
1335600,235.31515050992337
1339200,147.4337704194673
1342800,81.0645222118194
1346400,40.730360471955464
1350000,29.179991667097454
1353600,47.20055434340708
1357200,93.56397693488117
1360800,165.11066881109411
1364400,256.9648411571733
1368000,362.8667839239398
1371600,475.5994547230688
1375200,587.4803083391344
1378800,690.884849490078
1382400,778.7662295805295
1386000,845.1354777881813
1389600,885.4696395280434
1393200,897.0200083329023
1396800,878.9994456565944
1400400,832.636023065118
1404000,761.0893311889092
1407600,669.2351588428254
1411200,563.3332160760588
1414800,450.6005452769359
1418400,338.7196916608583
1422000,235.31515050992607
1425600,147.43377041946945
1429200,81.06452221182087
1432800,40.7303604719562
1436400,29.179991667097568
1440000,47.20055434340793
1443600,93.56397693487952
1447200,165.11066881109184
1450800,256.9648411571759
1454400,362.8667839239367
1458000,475.5994547230656
1461600,587.4803083391373
1465200,690.8848494900805
1468800,778.7662295805274
1472400,845.1354777881799
1476000,885.4696395280428
1479600,897.0200083329024
1483200,878.9994456565917
1486800,832.6360230651165
1490400,761.0893311889026
1494000,669.2351588428282
1497600,563.333216076062
1501200,450.6005452769391
1504800,338.7196916608614
1508400,235.31515050992354
1512000,147.4337704194674
1515600,81.0645222118224
1519200,40.73036047195694
1522800,29.17999166709768
1526400,47.200554343406964
1530000,93.5639769348843
1533600,165.110668811094
1537200,256.9648411571785
1540800,362.86678392393355
1544400,475.5994547230624
1548000,587.4803083391342
1551600,690.8848494900778
1555200,778.7662295805294
1558800,845.1354777881813
1562400,885.4696395280449
1566000,897.0200083329025
1569600,878.9994456565926
1573200,832.6360230651183
1576800,761.0893311889049
1580400,669.2351588428256
1584000,563.333216076059
1587600,450.6005452769423
1591200,338.71969166086444
1594800,235.31515050992627
1598400,147.43377041946962
1602000,81.06452221181809
1605600,40.73036047195626
1609200,29.17999166709768
1612800,47.200554343406054
1616400,93.56397693488265
1620000,165.11066881109167
1623600,256.9648411571757
1627200,362.8667839239365
1630800,475.59945472306543
1634400,587.4803083391312
1638000,690.8848494900751
1641600,778.7662295805314
1645200,845.1354777881797
1648800,885.4696395280441
1652400,897.0200083329024
1656000,878.9994456565918
1659600,832.6360230651198
1663200,761.0893311889073
1666800,669.2351588428285
1670400,563.3332160760622
1674000,450.60054527693933
1677600,338.7196916608616
1681200,235.31515050991845
1684800,147.43377041947184
1688400,81.06452221181956
1692000,40.730360471957
1695600,29.179991667097624
1699200,47.200554343406964
1702800,93.56397693488418
1706400,165.11066881108934
1710000,256.96484115717294
1713600,362.86678392393935
1717200,475.5994547230622
1720800,587.4803083391399
1724400,690.8848494900776
1728000,778.7662295805335
1731600,845.1354777881783
1735200,885.4696395280434
1738800,897.0200083329025
1742400,878.9994456565927
1746000,832.6360230651183
1749600,761.0893311889097
1753200,669.2351588428259
1756800,563.3332160760592
1760400,450.6005452769302
1764000,338.7196916608646
1767600,235.3151505099212
1771200,147.433770419474
1774800,81.0645222118211
1778400,40.73036047195632
1782000,29.17999166709768
1785600,47.200554343406
1789200,93.56397693488248
1792800,165.110668811096
1796400,256.9648411571701
1800000,362.8667839239363
1803600,475.5994547230652
1807200,587.4803083391428
1810800,690.8848494900749
1814400,778.7662295805313
1818000,845.1354777881768
1821600,885.4696395280428
1825200,897.0200083329025
1828800,878.9994456565919
1832400,832.6360230651135
1836000,761.0893311889074
1839600,669.2351588428232
1843200,563.3332160760683
1846800,450.60054527693956
1850400,338.71969166086177
1854000,235.31515050991865
1857600,147.43377041947195
1861200,81.06452221181968
1864800,40.73036047195848
1868400,29.179991667097454
1872000,47.20055434340691
1875600,93.56397693488407
1879200,165.1106688110982
1882800,256.9648411571727
1886400,362.8667839239392
1890000,475.5994547230558
1893600,587.4803083391338
1897200,690.8848494900774
1900800,778.7662295805333
1904400,845.1354777881782
1908000,885.4696395280433
1911600,897.0200083329023
1915200,878.9994456565945
1918800,832.6360230651185
1922400,761.0893311889054
1926000,669.2351588428205
1929600,563.3332160760655
1933200,450.60054527693654
1936800,338.71969166087075
1940400,235.3151505099266
1944000,147.4337704194699
1947600,81.06452221181826
1951200,40.730360471954896
1954800,29.17999166709751
1958400,47.2005543434077
1962000,93.56397693487918
1965600,165.11066881109133
1969200,256.96484115717533
1972800,362.8667839239421
1976400,475.59945472305884
1980000,587.4803083391366
1983600,690.8848494900799
1987200,778.7662295805269
1990800,845.1354777881795
1994400,885.469639528044
1998000,897.0200083329023
2001600,878.9994456565937
2005200,832.6360230651169
2008800,761.0893311889121
2012400,669.2351588428288
2016000,563.3332160760625
2019600,450.6005452769336
2023200,338.7196916608561
2026800,235.3151505099241
2030400,147.43377041946786
2034000,81.06452221182269
2037600,40.730360471957056
2041200,29.179991667097624
2044800,47.200554343408555
2048400,93.56397693488071
2052000,165.1106688110935
2055600,256.96484115716714
2059200,362.866783923933
2062800,475.5994547230618
2066400,587.4803083391395
2070000,690.8848494900825
2073600,778.766229580529
2077200,845.1354777881809
2080800,885.4696395280419
2084400,897.0200083329025
2088000,878.9994456565928
2091600,832.6360230651153
2095200,761.0893311889099
2098800,669.2351588428262
2102400,563.3332160760597
2106000,450.6005452769429
2109600,338.719691660865
2113200,235.31515050992155
2116800,147.43377041946587
2120400,81.06452221182133
2124000,40.73036047195643
2127600,29.179991667097397
2131200,47.20055434340594
2134800,93.5639769348823
2138400,165.1106688110957
2142000,256.96484115718056
2145600,362.8667839239359
2149200,475.59945472306475
2152800,587.4803083391305
2156400,690.8848494900744
2160000,778.766229580531
2163600,845.1354777881825
2167200,885.4696395280425
2170800,897.0200083329025
2174400,878.9994456565919
2178000,832.6360230651202
2181600,761.0893311889077
2185200,669.2351588428236
2188800,563.3332160760567
2192400,450.60054527693995
2196000,338.71969166086217
2199600,235.3151505099295
2203200,147.43377041947224
2206800,81.06452221181985
2210400,40.73036047195575
2214000,29.179991667097795
2217600,47.200554343406736
2221200,93.56397693488384
2224800,165.11066881108889
2228400,256.9648411571724
2232000,362.8667839239388
2235600,475.59945472306777
2239200,587.4803083391333
2242800,690.884849490077
2246400,778.7662295805246
2250000,845.1354777881779
2253600,885.4696395280432
2257200,897.0200083329023
2260800,878.9994456565911
2264400,832.6360230651187
2268000,761.0893311889056
2271600,669.2351588428319
2275200,563.3332160760658
2278800,450.600545276937
2282400,338.7196916608593
2286000,235.315150509927
2289600,147.43377041947025
2293200,81.06452221181848
2296800,40.73036047195791
2300400,29.17999166709751
2304000,47.20055434340759
2307600,93.56397693488543
2311200,165.11066881109105
2314800,256.964841157175
2318400,362.8667839239297
2322000,475.5994547230584
2325600,587.4803083391363
2329200,690.8848494900795
2332800,778.7662295805351
2336400,845.1354777881793
2340000,885.4696395280412
2343600,897.0200083329023
2347200,878.9994456565937
2350800,832.6360230651171
2354400,761.0893311889124
2358000,669.2351588428184
2361600,563.333216076063
2365200,450.6005452769463
2368800,338.7196916608565
2372400,235.31515050992445
2376000,147.43377041946815
2379600,81.06452221182292
2383200,40.73036047195433
2386800,29.179991667097624
2390400,47.20055434340492
2394000,93.56397693488054
2397600,165.1106688110932
2401200,256.9648411571776
2404800,362.86678392393253
2408400,475.5994547230737
2412000,587.4803083391391
2415600,690.8848494900716
2419200,778.7662295805287
2422800,845.1354777881808
2426400,885.4696395280446
2430000,897.0200083329025
2433600,878.9994456565964
2437200,832.6360230651155
2440800,761.0893311889103
2444400,669.2351588428265
2448000,563.33321607606
2451600,450.60054527693103
2455200,338.71969166086546
2458800,235.31515050993244
2462400,147.43377041946616
2466000,81.0645222118215
2469600,40.73036047195649
2473200,29.17999166709734
2476800,47.200554343409294
2480400,93.56397693488208
2484000,165.11066881108644
2487600,256.9648411571802
2491200,362.8667839239355
2494800,475.59945472306435
2498400,587.4803083391301
2502000,690.8848494900847
2505600,778.7662295805308
2509200,845.1354777881763
2512800,885.4696395280425
2516400,897.0200083329025
2520000,878.9994456565921
2523600,832.6360230651205
2527200,761.0893311888991
2530800,669.2351588428239
2534400,563.3332160760691
2538000,450.60054527694035
2541600,338.71969166086257
2545200,235.3151505099194
2548800,147.43377041947252
2552400,81.06452221182593
2556000,40.730360471955805
2559600,29.179991667097397
2563200,47.20055434340662
2566800,93.56397693488367
2570400,165.11066881109758
2574000,256.964841157172
2577600,362.86678392392633
2581200,475.5994547230673
2584800,587.480308339133
2588400,690.8848494900767
2592000,778.7662295805243
2595600,845.1354777881836
2599200,885.4696395280432
2602800,897.0200083329028
2606400,878.9994456565912
2610000,832.6360230651189
2613600,761.0893311889059
2617200,669.2351588428322
2620800,563.3332160760542
2624400,450.6005452769374
2628000,338.71969166087155
2631600,235.31515050992732
2635200,147.43377041947053
2638800,81.06452221181866
2642400,40.730360471957965
2646000,29.179991667097852
2649600,47.200554343407475
2653200,93.56397693487872
2656800,165.11066881109076
2660400,256.96484115717465
2664000,362.8667839239413
2667600,475.599454723058
2671200,587.480308339124
2674800,690.8848494900792
2678400,778.7662295805263
2682000,845.1354777881792
2685600,885.4696395280439
2689200,897.0200083329023
2692800,878.9994456565939
2696400,832.6360230651237
2700000,761.0893311889038
2703600,669.2351588428296
2707200,563.3332160760633
2710800,450.6005452769468
2714400,338.7196916608569
2718000,235.31515050992482
2721600,147.43377041947696
2725200,81.06452221181729
2728800,40.73036047195728
2732400,29.179991667097624
2736000,47.200554343404804
2739600,93.56397693488674
2743200,165.11066881109286
2746800,256.96484115716635
2750400,362.8667839239441
2754000,475.59945472306094
2757600,587.4803083391387
2761200,690.8848494900712
2764800,778.7662295805369
2768400,845.1354777881805
2772000,885.4696395280416
2775600,897.0200083329025
2779200,878.999445656593
2782800,832.6360230651158
2786400,761.0893311889106
2790000,669.2351588428161
2793600,563.3332160760605
2797200,450.60054527694376
2800800,338.71969166086586
2804400,235.31515050992226
2808000,147.43377041946644
2811600,81.06452221182172
2815200,40.73036047195944
2818800,29.17999166709768
2822400,47.200554343405656
2826000,93.56397693488185
2829600,165.11066881109508
2833200,256.9648411571799
2836800,362.86678392393503
2840400,475.59945472305156
2844000,587.4803083391415
2847600,690.8848494900737
2851200,778.7662295805304
2854800,845.1354777881761
2858400,885.4696395280453
2862000,897.0200083329025
2865600,878.9994456565958
2869200,832.6360230651142
2872800,761.0893311889083
2876400,669.2351588428244
2880000,563.3332160760696
2883600,450.6005452769285
2887200,338.71969166086296
2890800,235.31515050993022
2894400,147.4337704194728
2898000,81.0645222118203
2901600,40.73036047195592
2905200,29.179991667097397
2908800,47.20055434341009
2912400,93.56397693488339
2916000,165.11066881108826
2919600,256.9648411571716
2923200,362.86678392393793
2926800,475.5994547230669
2930400,587.4803083391325
2934000,690.8848494900658
2937600,778.7662295805325
2941200,845.1354777881775
2944800,885.469639528043
2948400,897.0200083329024
2952000,878.9994456565913
2955600,832.6360230651192
2959200,761.0893311889151
2962800,669.2351588428216
2966400,563.3332160760667
2970000,450.60054527693785
2973600,338.71969166087194
2977200,235.3151505099172
2980800,147.43377041947082
2984400,81.06452221182474
2988000,40.73036047195518
2991600,29.17999166709751
2995200,47.20055434340736
2998800,93.5639769348785
3002400,165.1106688110994
3006000,256.9648411571742
3009600,362.86678392392884
3013200,475.59945472305753
3016800,587.4803083391354
3020400,690.8848494900789
3024000,778.766229580526
3027600,845.1354777881847
3031200,885.4696395280437
3034800,897.0200083329026
3038400,878.999445656594
3042000,832.6360230651176
3045600,761.089331188904
3049200,669.23515884283
3052800,563.3332160760758
3056400,450.60054527693484
3060000,338.7196916608691
3063600,235.31515050992516
3067200,147.43377041946871
3070800,81.06452221181746
3074400,40.73036047195734
3078000,29.179991667097227
3081600,47.200554343408214
3085200,93.56397693488003
3088800,165.11066881109258
3092400,256.964841157166
3096000,362.86678392394373
3099600,475.5994547230605
3103200,587.4803083391264
3106800,690.8848494900814
3110400,778.766229580528
3114000,845.1354777881804
3117600,885.4696395280416
3121200,897.0200083329023
3124800,878.9994456565931
3128400,832.6360230651225
3132000,761.0893311889108
3135600,669.2351588428273
3139200,563.3332160760608
3142800,450.6005452769442
3146400,338.71969166085444
3150000,235.31515050992266
3153600,147.4337704194752
3157200,81.0645222118219
3160800,40.730360471956715
3164400,29.17999166709768
3168000,47.20055434340554
3171600,93.56397693487514
3175200,165.11066881109474
3178800,256.9648411571686
3182400,362.86678392393463
3186000,475.5994547230635
3189600,587.4803083391412
3193200,690.8848494900734
3196800,778.7662295805217
3200400,845.1354777881818
3204000,885.4696395280423
3207600,897.0200083329025
3211200,878.9994456565923
3214800,832.6360230651144
3218400,761.0893311889088
3222000,669.2351588428355
3225600,563.333216076058
3229200,450.6005452769412
3232800,338.7196916608634
3236400,235.31515050993062
3240000,147.43377041946462
3243600,81.06452221182047
3247200,40.730360471958875
3250800,29.179991667097738
3254400,47.200554343406395
3258000,93.56397693488316
3261600,165.11066881108798
3265200,256.9648411571821
3268800,362.86678392393753
3272400,475.5994547230541
3276000,587.4803083391322
3279600,690.8848494900759
3283200,778.7662295805321
3286800,845.1354777881774
3290400,885.4696395280458
3294000,897.0200083329024
3297600,878.999445656595
3301200,832.6360230651194
3304800,761.0893311889065
3308400,669.2351588428221
3312000,563.3332160760671
3315600,450.6005452769506
3319200,338.7196916608606
3322800,235.31515050992806
3326400,147.4337704194711
3330000,81.06452221181911
3333600,40.73036047195535
3337200,29.179991667097454
3340800,47.200554343403724
3344400,93.56397693488475
3348000,165.11066881109014
3351600,256.96484115717385
3355200,362.86678392392844
3358800,475.59945472306947
3362400,587.480308339135
3366000,690.884849490068
3369600,778.7662295805342
3373200,845.1354777881787
3376800,885.4696395280437
3380400,897.0200083329026
3384000,878.9994456565905
3387600,832.6360230651178
3391200,761.0893311889133
3394800,669.2351588428303
3398400,563.3332160760642
3402000,450.6005452769353
3405600,338.7196916608695
3409200,235.31515050991504
3412800,147.433770419469
3416400,81.06452221182354
3420000,40.730360471957454
3423600,29.179991667097568
3427200,47.2005543434081
3430800,93.56397693487986
3434400,165.11066881108331
3438000,256.96484115717647
3441600,362.8667839239313
3445200,475.5994547230601
3448800,587.4803083391379
3452400,690.884849490081
3456000,778.7662295805278
3459600,845.1354777881743
3463200,885.4696395280444
3466800,897.0200083329026
3470400,878.9994456565933
3474000,832.6360230651227
3477600,761.0893311889022
3481200,669.2351588428277
3484800,563.3332160760733
3488400,450.6005452769323
3492000,338.71969166086666
3495600,235.315150509923
3499200,147.43377041947548
3502800,81.06452221181627
3506400,40.73036047195677
3510000,29.17999166709768
3513600,47.200554343401905
3517200,93.56397693488788
3520800,165.11066881108547
3524400,256.9648411571682
3528000,362.86678392393424
3531600,475.59945472306305
3535200,587.4803083391407
3538800,690.8848494900626
3542400,778.7662295805383
3546000,845.1354777881756
3549600,885.4696395280421
3553200,897.0200083329025
3556800,878.9994456565925
3560400,832.6360230651146
3564000,761.089331188918
3567600,669.2351588428141
3571200,563.3332160760704
3574800,450.60054527694166
3578400,338.7196916608638
3582000,235.3151505099205
3585600,147.4337704194649
3589200,81.06452221182656
3592800,40.73036047195893
3596400,29.179991667097397
3600000,47.20055434340628
3603600,93.56397693488299
3607200,165.11066881109662
3610800,256.9648411571817
3614400,362.86678392392514
3618000,475.5994547230537
3621600,587.4803083391317
3625200,690.8848494900756
3628800,778.7662295805319
3632400,845.1354777881713
3636000,885.4696395280457
3639600,897.0200083329028
3643200,878.9994456565951
3646800,832.6360230651195
3650400,761.0893311889068
3654000,669.2351588428224
3657600,563.3332160760795
3661200,450.60054527692637
3664800,338.71969166087274
3668400,235.31515050992843
3672000,147.4337704194714
3675600,81.06452221183099
3679200,40.73036047196115
3682800,29.179991667097113
3686400,47.20055434340355
3690000,93.56397693487804
3693600,165.1106688110719
3697200,256.9648411571735
3700800,362.866783923916
3704400,475.59945472304435
3708000,587.4803083391228
3711600,690.8848494900676
3715200,778.7662295805255
3718800,845.1354777881668
3722400,885.4696395280436
3726000,897.020008332903
3729600,878.9994456565978
3733200,832.6360230651244
3736800,761.0893311889135
3740400,669.2351588428307
3744000,563.3332160760885
3747600,450.60054527696036
3751200,338.7196916608817
3754800,235.3151505099364
3758400,147.4337704194778
3762000,81.06452221182371
3765600,40.73036047195757
3769200,29.17999166709683
3772800,47.20055434340094
3776400,93.56397693487315
3780000,165.11066881108303
3783600,256.9648411571652
3787200,362.8667839239069
3790800,475.5994547230597
3794400,587.4803083391139
3798000,690.8848494900597
3801600,778.7662295805189
3805200,845.1354777881741
3808800,885.4696395280414
3812400,897.0200083329033
3816000,878.9994456565935
3819600,832.6360230651294
3823200,761.0893311889205
3826800,669.2351588428389
3830400,563.3332160760737
3834000,450.60054527694507
3837600,338.7196916608907
3841200,235.31515050992337
3844800,147.43377041948423
3848400,81.06452221182815
3852000,40.73036047195973
3855600,29.179991667097283
3859200,47.200554343405315
3862800,93.56397693486821
3866400,165.1106688110762
3870000,256.964841157157
3873600,362.8667839239218
3877200,475.5994547230503
3880800,587.4803083391284
3884400,690.8848494900727
3888000,778.7662295805126
3891600,845.1354777881697
3895200,885.4696395280391
3898800,897.0200083329029
3902400,878.9994456565961
3906000,832.6360230651343
3909600,761.0893311889092
3913200,669.2351588428471
3916800,563.3332160760829
3920400,450.6005452769544
3924000,338.71969166087604
3927600,235.31515050993133
3931200,147.43377041949066
3934800,81.06452221182087
3938400,40.73036047196189
3942000,29.179991667097056
3945600,47.20055434340259
3949200,93.56397693487628
3952800,165.11066881108735
3956400,256.9648411571488
3960000,362.8667839239367
3963600,475.59945472304094
3967200,587.4803083391196
3970800,690.8848494900647
3974400,778.766229580523
3978000,845.1354777881769
3981600,885.4696395280371
3985200,897.0200083329024
3988800,878.9994456565987
3992400,832.6360230651262
3996000,761.089331188916
3999600,669.2351588428337
4003200,563.3332160760679
4006800,450.60054527696377
4010400,338.719691660885
4014000,235.3151505099393
4017600,147.43377041948014
4021200,81.06452221182536
4024800,40.73036047195836
4028400,29.179991667097454
4032000,47.20055434339997
4035600,93.56397693487133
4039200,165.11066881108053
4042800,256.96484115716225
4046400,362.8667839239276
4050000,475.5994547230316
4053600,587.4803083391342
4057200,690.8848494900567
4060800,778.7662295805167
4064400,845.1354777881725
4068000,885.4696395280406
4071600,897.0200083329028
4075200,878.9994456566014
4078800,832.6360230651183
4082400,761.0893311889229
4086000,669.2351588428419
4089600,563.333216076077
4093200,450.6005452769485
4096800,338.71969166087035
4100400,235.3151505099473
4104000,147.43377041946962
4107600,81.0645222118298
4111200,40.73036047196052
4114800,29.17999166709717
4118400,47.20055434340435
4122000,93.5639769348794
4125600,165.1106688110737
4129200,256.964841157154
4132800,362.8667839239185
4136400,475.5994547230469
4140000,587.4803083391253
4143600,690.8848494900699
4147200,778.7662295805272
4150800,845.135477788168
4154400,885.4696395280384
4158000,897.020008332903
4161600,878.9994456565971
4165200,832.636023065123
4168800,761.0893311889297
4172400,669.2351588428285
4176000,563.3332160760862
4179600,450.6005452769578
4183200,338.71969166087933
4186800,235.31515050993423
4190400,147.43377041947605
4194000,81.06452221183423
4197600,40.730360471957
4201200,29.179991667096942
4204800,47.20055434340162
4208400,93.56397693487452
4212000,165.1106688110849
4215600,256.9648411571675
4219200,362.86678392390934
4222800,475.5994547230622
4226400,587.4803083391163
4230000,690.8848494900618
4233600,778.7662295805208
4237200,845.1354777881753
4240800,885.469639528042
4244400,897.0200083329032
4248000,878.9994456565997
4251600,832.636023065128
4255200,761.0893311889185
4258800,669.2351588428367
4262400,563.3332160760713
4266000,450.6005452769425
4269600,338.71969166088826
4273200,235.31515050994219
4276800,147.43377041948247
4280400,81.06452221182695
4284000,40.73036047195916
4287600,29.179991667096658
4291200,47.200554343406
4294800,93.56397693486957
4298400,165.11066881107803
4302000,256.9648411571593
4305600,362.8667839239243
4309200,475.5994547230529
4312800,587.4803083391073
4316400,690.8848494900749
4320000,778.7662295805144
4323600,845.1354777881709
4327200,885.4696395280398
4330800,897.0200083329028
4334400,878.9994456565953
4338000,832.6360230651329
4341600,761.0893311889074
4345200,669.2351588428448
4348800,563.3332160760804
4352400,450.60054527695183
4356000,338.7196916608736
4359600,235.31515050992917
4363200,147.4337704194889
4366800,81.06452221183139
4370400,40.73036047196132
4374000,29.179991667097056
4377600,47.200554343403326
4381200,93.56397693487764
4384800,165.11066881108917
4388400,256.964841157151
4392000,362.86678392391514
4395600,475.5994547230435
4399200,587.480308339122
4402800,690.8848494900669
4406400,778.7662295805079
4410000,845.1354777881782
4413600,885.4696395280376
4417200,897.0200083329031
4420800,878.999445656598
4424400,832.6360230651248
4428000,761.0893311889142
4431600,669.2351588428531
4435200,563.3332160760655
4438800,450.6005452769612
4442400,338.7196916608826
4446000,235.31515050993713
4449600,147.43377041947838
4453200,81.06452221182417
4456800,40.73036047196348
4460400,29.17999166709751
4464000,47.200554343400654
4467600,93.5639769348727
4471200,165.1106688110824
4474800,256.9648411571645
4478400,362.8667839239301
4482000,475.59945472303417
4485600,587.4803083391366
4489200,690.884849490059
4492800,778.7662295805185
4496400,845.1354777881736
4500000,885.4696395280412
4503600,897.0200083329026
4507200,878.9994456566008
4510800,832.6360230651298
4514400,761.089331188921
4518000,669.2351588428396
4521600,563.3332160760746
4525200,450.6005452769459
4528800,338.71969166086785
4532400,235.3151505099451
4536000,147.4337704194848
4539600,81.0645222118286
4543200,40.7303604719599
4546800,29.179991667097283
4550400,47.20055434339798
4554000,93.56397693488071
4557600,165.11066881107558
4561200,256.96484115715623
4564800,362.86678392392093
4568400,475.59945472304946
4572000,587.4803083391276
4575600,690.884849490051
4579200,778.766229580529
4582800,845.1354777881693
4586400,885.469639528039
4590000,897.020008332903
4593600,878.9994456565963
4597200,832.6360230651218
4600800,761.0893311889279
4604400,669.2351588428262
4608000,563.3332160760837
4611600,450.60054527695524
4615200,338.71969166087683
4618800,235.31515050993207
4622400,147.43377041947429
4626000,81.06452221183304
4629600,40.730360471962115
4633200,29.179991667097
4636800,47.20055434340236
4640400,93.56397693487577
4644000,165.11066881108673
4647600,256.96484115716976
4651200,362.86678392391184
4654800,475.5994547230401
4658400,587.4803083391187
4662000,690.884849490064
4665600,778.7662295805226
4669200,845.1354777881647
4672800,885.4696395280425
4676400,897.0200083329032
4680000,878.999445656599
4683600,832.6360230651267
4687200,761.0893311889167
4690800,669.2351588428344
4694400,563.3332160760928
4698000,450.60054527693995
4701600,338.7196916608858
4705200,235.31515050994
4708800,147.4337704194807
4712400,81.06452221183747
4716000,40.73036047195859
4719600,29.179991667097397
4723200,47.20055434339969
4726800,93.56397693487094
4730400,165.11066881109787
4734000,256.9648411571615
4737600,362.86678392392673
4741200,475.59945472303076
4744800,587.4803083391097
4748400,690.884849490077
4752000,778.7662295805162
4755600,845.135477788172
4759200,885.4696395280405
4762800,897.0200083329034
4766400,878.9994456565946
4770000,832.6360230651187
4773600,761.0893311889236
4777200,669.2351588428427
4780800,563.3332160761018
4784400,450.60054527694933
4788000,338.71969166087115
4791600,235.315150509948
4795200,147.43377041948713
4798800,81.06452221181848
4802400,40.73036047196075
4806000,29.17999166709717
4809600,47.20055434340412
4813200,93.56397693486599
4816800,165.11066881109105
4820400,256.9648411571533
4824000,362.86678392391764
4827600,475.59945472304605
4831200,587.4803083391008
4834800,690.8848494900691
4838400,778.7662295805267
4842000,845.1354777881677
4845600,885.4696395280382
4849200,897.0200083329023
4852800,878.9994456565973
4856400,832.6360230651236
4860000,761.0893311889304
4863600,669.2351588428509
4867200,563.333216076063
4870800,450.60054527695866
4874400,338.71969166088013
4878000,235.31515050993494
4881600,147.43377041949356
4885200,81.06452221182292
4888800,40.73036047195717
4892400,29.179991667096886
4896000,47.20055434340139
4899600,93.5639769348611
4903200,165.11066881108428
4906800,256.96484115716675
4910400,362.86678392390854
4914000,475.59945472303673
4917600,587.4803083391391
4921200,690.8848494900611
4924800,778.7662295805203
4928400,845.135477788175
4932000,885.469639528036
4935600,897.0200083329025
4939200,878.9994456566001
4942800,832.6360230651285
4946400,761.0893311889192
4950000,669.2351588428592
4953600,563.3332160760721
4957200,450.60054527694336
4960800,338.7196916608891
4964400,235.3151505099429
4968000,147.43377041946616
4971600,81.06452221182741
4975200,40.73036047195933
4978800,29.179991667096658
4982400,47.20055434339872
4986000,93.56397693488208
4989600,165.11066881107746
4993200,256.9648411571585
4996800,362.86678392392344
5000400,475.59945472302735
5004000,587.4803083391301
5007600,690.8848494900742
5011200,778.7662295805137
5014800,845.1354777881704
5018400,885.4696395280339
5022000,897.0200083329028
5025600,878.9994456565956
5029200,832.6360230651334
5032800,761.089331188926
5036400,669.2351588428239
5040000,563.3332160760812
5043600,450.6005452769527
5047200,338.7196916608744
5050800,235.3151505099509
5054400,147.43377041947252
5058000,81.06452221183184
5061600,40.73036047196149
5065200,29.179991667097056
5068800,47.20055434339605
5072400,93.56397693487713
5076000,165.1106688110886
5079600,256.96484115715026
5083200,362.86678392391434
5086800,475.5994547230673
5090400,587.4803083391212
5094000,690.8848494900661
5097600,778.7662295805073
5101200,845.135477788166
5104800,885.4696395280432
5108400,897.0200083329031
5112000,878.9994456565983
5115600,832.6360230651253
5119200,761.0893311889329
5122800,669.2351588428322
5126400,563.3332160760663
5130000,450.60054527696207
5133600,338.71969166088337
5137200,235.31515050991683
5140800,147.43377041947895
5144400,81.06452221182457
5148000,40.73036047196371
5151600,29.179991667096772
5155200,47.200554343407475
5158800,93.56397693487224
5162400,165.11066881108172
5166000,256.96484115716373
5169600,362.86678392390525
5173200,475.599454723058
5176800,587.4803083391358
5180400,690.8848494900582
5184000,778.7662295805178
5187600,845.1354777881616
5191200,885.469639528041
5194800,897.0200083329026
5198400,878.999445656601
5202000,832.6360230651303
5205600,761.0893311889038
5209200,669.2351588428404
5212800,563.3332160760754
5216400,450.6005452769468
5220000,338.71969166089235
5223600,235.31515050992482
5227200,147.43377041948543
5230800,81.064522211829
5234400,40.730360471960125
5238000,29.179991667096544
5241600,47.200554343404804
5245200,93.56397693488026
5248800,165.11066881107496
5252400,256.9648411571555
5256000,362.8667839239441
5259600,475.5994547230486
5263200,587.4803083391269
5266800,690.8848494900502
5270400,778.7662295805114
5274000,845.1354777881805
5277600,885.4696395280389
5281200,897.020008332903
5284800,878.9994456565965
5288400,832.6360230651352
5292000,761.0893311889106
5295600,669.235158842827
5299200,563.3332160760845
5302800,450.6005452769561
5306400,338.7196916609013
5310000,235.31515050993278
5313600,147.43377041947485
5317200,81.06452221183343
5320800,40.730360471962285
5324400,29.17999166709768
5328000,47.20055434340213
5331600,93.56397693487537
5335200,165.1106688110861
5338800,256.96484115714725
5342400,362.86678392393503
5346000,475.59945472303923
5349600,587.4803083391179
5353200,690.8848494900633
5356800,778.7662295805051
5360400,845.1354777881761
5364000,885.4696395280423
5367600,897.0200083329032
5371200,878.9994456565993
5374800,832.6360230651142
5378400,761.0893311889174
5382000,669.2351588428352
5385600,563.3332160760935
5389200,450.6005452769655
5392800,338.71969166086296
5396400,235.31515050994074
5400000,147.43377041948133
5403600,81.06452221182616
5407200,40.730360471964445
5410800,29.179991667097397
5414400,47.20055434340651
5418000,93.56397693487042
5421600,165.11066881107928
5425200,256.96484115713906
5428800,362.86678392392594
5432400,475.5994547230546
5436000,587.4803083391089
5439600,690.8848494900553
5443200,778.7662295805325
5446800,845.1354777881717
5450400,885.4696395280403
5454000,897.0200083329028
5457600,878.9994456566019
5461200,832.6360230651192
5464800,761.0893311889242
5468400,669.2351588428435
5472000,563.3332160760787
5475600,450.6005452769748
5479200,338.71969166087194
5482800,235.31515050992772
5486400,147.4337704194877
5490000,81.06452221183059
5493600,40.73036047195518
5497200,29.179991667097113
5500800,47.20055434340384
5504400,93.56397693486554
5508000,165.11066881107251
5511600,256.9648411571742
5515200,362.86678392391684
5518800,475.5994547230452
5522400,587.4803083391237
5526000,690.8848494900474
5529600,778.766229580526
5533200,845.135477788179
5536800,885.469639528038
5540400,897.020008332903
5544000,878.9994456566046
5547600,832.6360230651239
5551200,761.089331188913
5554800,669.2351588428517
5558400,563.3332160760878
5562000,450.60054527693484
5565600,338.7196916608809
5569200,235.31515050993568
5572800,147.43377041947724
5576400,81.06452221183503
5580000,40.73036047195734
5583600,29.179991667096886
5587200,47.200554343401166
5590800,93.56397693487355
5594400,165.1106688110657
5598000,256.964841157166
5601600,362.86678392393173
5605200,475.5994547230359
5608800,587.4803083391146
5612400,690.8848494900814
5616000,778.7662295805196
5619600,845.1354777881745
5623200,885.4696395280359
5626800,897.0200083329032
5630400,878.9994456565931
5634000,832.6360230651289
5637600,761.0893311889199
5641200,669.2351588428382
5644800,563.3332160760968
5648400,450.6005452769442
5652000,338.71969166086626
5655600,235.31515050994363
5659200,147.4337704194836
5662800,81.06452221183946
5666400,40.73036047195956
5670000,29.17999166709734
5673600,47.20055434339844
5677200,93.56397693486866
5680800,165.11066881109474
5684400,256.9648411571577
5688000,362.86678392392264
5691600,475.59945472305117
5695200,587.4803083391057
5698800,690.8848494900734
5702400,778.7662295805133
5706000,845.1354777881701
5709600,885.4696395280394
5713200,897.0200083329037
5716800,878.9994456565959
5720400,832.6360230651209
5724000,761.0893311889266
5727600,669.2351588428464
5731200,563.333216076058
5734800,450.60054527695354
5738400,338.71969166087524
5742000,235.31515050995162
5745600,147.4337704194901
5749200,81.06452221182047
5752800,40.73036047196172
5756400,29.179991667097056
5760000,47.20055434340287
5763600,93.56397693486372
5767200,165.11066881108798
5770800,256.96484115717124
5774400,362.86678392391354
5778000,475.5994547230418
5781600,587.4803083390967
5785200,690.8848494900654
5788800,778.7662295805237
5792400,845.1354777881656
5796000,885.4696395280373
5799600,897.0200083329024
5803200,878.9994456565985
5806800,832.6360230651258
5810400,761.0893311889155
5814000,669.2351588428546
5817600,563.3332160760671
5821200,450.6005452769629
5824800,338.7196916608842
5828400,235.31515050993858
5832000,147.4337704194965
5835600,81.06452221182491
5839200,40.73036047195819
5842800,29.179991667096772
5846400,47.2005543434002
5850000,93.56397693488475
5853600,165.11066881108115
5857200,256.964841157163
5860800,362.8667839239044
5864400,475.59945472303247
5868000,587.480308339135
5871600,690.8848494900575
5875200,778.7662295805173
5878800,845.1354777881729
5882400,885.469639528035
5886000,897.0200083329026
5889600,878.9994456565942
5893200,832.6360230651308
5896800,761.0893311889223
5900400,669.2351588428629
5904000,563.3332160760762
5907600,450.6005452769476
5911200,338.71969166089315
5914800,235.31515050994656
5918400,147.433770419469
5922000,81.06452221182934
5925600,40.730360471960296
5929200,29.179991667097227
5932800,47.20055434339747
5936400,93.56397693487986
5940000,165.11066881107433
5943600,256.96484115715475
5947200,362.86678392391934
5950800,475.5994547230231
5954400,587.480308339126
5958000,690.8848494900706
5961600,778.7662295805109
5965200,845.1354777881684
5968800,885.4696395280444
5972400,897.020008332903
5976000,878.9994456565969
5979600,832.6360230651356
5983200,761.089331188929
5986800,669.2351588428277
5990400,563.3332160760853
5994000,450.60054527695695
5997600,338.7196916608785
6001200,235.31515050995452
6004800,147.43377041947548
6008400,81.06452221182212
6012000,40.730360471962456
6015600,29.179991667096942
6019200,47.2005543433948
6022800,93.56397693487492
6026400,165.11066881108547
6030000,256.9648411571465
6033600,362.8667839239102
6037200,475.59945472306305
6040800,587.4803083391171
6044400,690.8848494900626
6048000,778.7662295805214
6051600,845.135477788164
6055200,885.4696395280422
6058800,897.0200083329025
6062400,878.9994456565995
6066000,832.6360230651276
6069600,761.0893311889358
6073200,669.235158842836
6076800,563.3332160760704
6080400,450.60054527696633
6084000,338.71969166088746
6087600,235.3151505099205
6091200,147.4337704194819
6094800,81.06452221182656
6098400,40.73036047195893
6102000,29.179991667096715
6105600,47.20055434340628
6109200,93.56397693487003
6112800,165.11066881107865
6116400,256.96484115716
6120000,362.8667839239011
6123600,475.5994547230537
6127200,587.4803083391317
6130800,690.8848494900546
6134400,778.7662295805148
6138000,845.1354777881829
6141600,885.46963952804
6145200,897.0200083329028
6148800,878.9994456566021
6152400,832.6360230651326
6156000,761.0893311889068
6159600,669.2351588428442
6163200,563.3332160760795
6166800,450.600545276951
6170400,338.7196916608964
6174000,235.31515050992843
6177600,147.4337704194714
6181200,81.06452221183099
6184800,40.73036047196115
6188400,29.17999166709643
6192000,47.20055434340355
6195600,93.56397693487804
6199200,165.1106688110719
6202800,256.9648411571518
6206400,362.86678392394003
6210000,475.59945472304435
6213600,587.4803083391228
6217200,690.8848494900676
6220800,778.7662295805085
6224400,845.1354777881786
6228000,885.4696395280379
6231600,897.020008332903
6235200,878.9994456565978
6238800,832.6360230651374
6242400,761.0893311889135
6246000,669.2351588428307
6249600,563.3332160760885
6253200,450.60054527696036
6256800,338.7196916608581
6260400,235.3151505099364
6264000,147.4337704194778
6267600,81.06452221183542
6271200,40.73036047196331
6274800,29.179991667097568
6278400,47.20055434340094
6282000,93.56397693487315
6285600,165.11066881108303
6289200,256.9648411571435
6292800,362.8667839239309
6296400,475.5994547230597
6300000,587.4803083391139
6303600,690.8848494900597
6307200,778.7662295805021
6310800,845.1354777881741
6314400,885.4696395280414
6318000,897.0200083329033
6321600,878.9994456566005
6325200,832.6360230651164
6328800,761.0893311889205
6332400,669.2351588428389
6336000,563.3332160760737
6339600,450.60054527696974
6343200,338.71969166086706
6346800,235.31515050994435
6350400,147.43377041948423
6354000,81.06452221182815
6357600,40.73036047196541
6361200,29.179991667097283
6364800,47.200554343405315
6368400,93.56397693486821
6372000,165.1106688110762
6375600,256.96484115717874
6379200,362.8667839239218
6382800,475.5994547230503
6386400,587.4803083391048
6390000,690.8848494900517
6393600,778.7662295805295
6397200,845.1354777881697
6400800,885.4696395280391
6404400,897.0200083329029
6408000,878.9994456566033
6411600,832.6360230651213
6415200,761.0893311889092
6418800,669.2351588428471
6422400,563.3332160760829
6426000,450.60054527697906
6429600,338.71969166087604
6433200,235.31515050993133
6436800,147.43377041949066
6440400,81.06452221183264
6444000,40.7303604719562
6447600,29.179991667097056
6451200,47.20055434340259
6454800,93.56397693487628
6458400,165.1106688110694
6462000,256.9648411571705
6465600,362.8667839239127
6469200,475.59945472304094
6472800,587.4803083391196
6476400,690.8848494900437
6480000,778.766229580523
6483600,845.1354777881769
6487200,885.4696395280371
6490800,897.0200083329032
6494400,878.9994456565917
6498000,832.6360230651262
6501600,761.089331188916
6505200,669.2351588428554
6508800,563.333216076092
6512400,450.6005452769391
6516000,338.719691660885
6519600,235.3151505099393
6523200,147.43377041948014
6526800,81.06452221183707
6530400,40.73036047195836
6534000,29.179991667097454
6537600,47.20055434339997
6541200,93.56397693487133
6544800,165.11066881106257
6548400,256.96484115716225
6552000,362.8667839239276
6555600,475.5994547230316
6559200,587.4803083391106
6562800,690.8848494900778
6566400,778.7662295805167
6570000,845.1354777881725
6573600,885.4696395280406
6577200,897.0200083329034
6580800,878.9994456565944
6584400,832.6360230651312
6588000,761.0893311889229
6591600,669.2351588428419
6595200,563.333216076101
6598800,450.6005452769485
6602400,338.71969166087035
6606000,235.3151505099473
6609600,147.43377041948656
6613200,81.06452221181809
6616800,40.73036047196052
6620400,29.17999166709717
6624000,47.20055434339724
6627600,93.56397693486645
6631200,165.11066881109167
6634800,256.964841157154
6638400,362.8667839239185
6642000,475.5994547230469
6645600,587.4803083391016
6649200,690.8848494900699
6652800,778.7662295805272
6656400,845.135477788168
6660000,885.4696395280384
6663600,897.0200083329037
6667200,878.9994456565971
6670800,832.636023065123
6674400,761.0893311889297
6678000,669.2351588428502
6681600,563.3332160760622
6685200,450.6005452769578
6688800,338.71969166087933
6692400,235.31515050993423
6696000,147.433770419493
6699600,81.06452221182252
6703200,40.73036047196268
6706800,29.179991667096942
6710400,47.20055434340162
6714000,93.5639769348615
6717600,165.1106688110849
6721200,256.9648411571675
6724800,362.8667839239094
6728400,475.5994547230376
6732000,587.4803083391399
6735600,690.8848494900618
6739200,778.7662295805208
6742800,845.1354777881636
6746400,885.4696395280363
6750000,897.0200083329025
6753600,878.9994456565997
6757200,832.636023065128
6760800,761.0893311889185
6764400,669.2351588428584
6768000,563.3332160760713
6771600,450.6005452769425
6775200,338.71969166088826
6778800,235.31515050994219
6782400,147.4337704194994
6786000,81.06452221182695
6789600,40.73036047195916
6793200,29.179991667096658
6796800,47.20055434339895
6800400,93.56397693488248
6804000,165.11066881107803
6807600,256.9648411571593
6811200,362.8667839239243
6814800,475.5994547230282
6818400,587.4803083391309
6822000,690.8848494900539
6825600,778.7662295805144
6829200,845.1354777881709
6832800,885.4696395280341
6836400,897.0200083329028
6840000,878.9994456565953
6843600,832.6360230651329
6847200,761.0893311889254
6850800,669.2351588428232
6854400,563.3332160760804
6858000,450.60054527695183
6861600,338.71969166089724
6865200,235.31515050995017
6868800,147.43377041947195
6872400,81.06452221183139
6876000,40.73036047196132
6879600,29.179991667097056
6883200,47.20055434339628
6886800,93.56397693487764
6890400,165.11066881108917
6894000,256.964841157151
6897600,362.8667839239152
6901200,475.5994547230188
6904800,587.480308339122
6908400,690.8848494900669
6912000,778.7662295805079
6915600,845.1354777881663
6919200,885.4696395280433
6922800,897.0200083329031
6926400,878.999445656598
6930000,832.6360230651248
6933600,761.0893311889322
6937200,669.2351588428314
6940800,563.3332160760895
6944400,450.6005452769612
6948000,338.7196916608826
6951600,235.31515050995813
6955200,147.43377041947838
6958800,81.06452221182417
6962400,40.73036047196348
6966000,29.17999166709683
6969600,47.2005543434077
6973200,93.5639769348727
6976800,165.1106688110824
6980400,256.9648411571645
6984000,362.86678392390604
6987600,475.59945472305884
6991200,587.480308339113
6994800,690.884849490059
6998400,778.7662295805185
7002000,845.135477788162
7005600,885.4696395280412
7009200,897.0200083329026
7012800,878.9994456566008
7016400,832.6360230651298
7020000,761.0893311889031
7023600,669.2351588428396
7027200,563.3332160760746
7030800,450.6005452769706
7034400,338.71969166086785
7038000,235.31515050994508
7041600,147.43377041950174
7045200,81.0645222118286
7048800,40.730360471954214
7052400,29.179991667097283
7056000,47.20055434339798
7059600,93.56397693488071
7063200,165.11066881107558
7066800,256.96484115717794
7070400,362.866783923921
7074000,475.5994547230248
7077600,587.4803083391276
7081200,690.884849490051
7084800,778.766229580529
7088400,845.1354777881693
7092000,885.4696395280333
7095600,897.020008332903
7099200,878.9994456565893
7102800,832.6360230651218
7106400,761.0893311889279
7110000,669.2351588428696
7113600,563.3332160760837
7117200,450.6005452769306
7120800,338.71969166087683
7124400,235.31515050995307
7128000,147.43377041947429
7131600,81.06452221183304
7135200,40.73036047195643
7138800,29.179991667097
7142400,47.200554343395254
7146000,93.56397693487577
7149600,165.11066881106876
7153200,256.96484115716976
7156800,362.86678392391184
7160400,475.59945472301547
7164000,587.4803083391187
7167600,690.884849490085
7171200,778.7662295805226
7174800,845.1354777881647
7178400,885.4696395280425
7182000,897.0200083329032
7185600,878.9994456565919
7189200,832.6360230651267
7192800,761.0893311889347
7196400,669.2351588428344
7200000,563.3332160760928
7203600,450.60054527693995
7207200,338.7196916608858
7210800,235.31515050996103
7214400,147.4337704194807
7218000,81.06452221181405
7221600,40.73036047195859
7225200,29.179991667096772
7228800,47.20055434339264
7232400,93.56397693487094
7236000,165.11066881109787
7239600,256.9648411571615
7243200,362.86678392390274
7246800,475.59945472305543
7250400,587.4803083391097
7254000,690.884849490077
7257600,778.7662295805162
7261200,845.1354777881604
7264800,885.4696395280405
7268400,897.0200083329034
7272000,878.9994456565946
7275600,832.6360230651316
7279200,761.0893311889415
7282800,669.2351588428427
7286400,563.3332160760539
7290000,450.60054527694933
7293600,338.7196916608948
7297200,235.315150509927
7300800,147.43377041948713
7304400,81.06452221181848
7308000,40.73036047196075
7311600,29.17999166709643
7315200,47.20055434340412
7318800,93.56397693486599
7322400,165.11066881109105
7326000,256.9648411571533
7329600,362.86678392389365
7333200,475.59945472304605
7336800,587.480308339148
7340400,690.8848494900691
7344000,778.7662295805096
7347600,845.1354777881559
7351200,885.4696395280382
7354800,897.0200083329023
7358400,878.9994456565973
7362000,832.6360230651106
7365600,761.0893311889124
7369200,669.2351588428076
7372800,563.333216076063
7376400,450.60054527695866
7380000,338.7196916608565
7383600,235.31515050989293
7387200,147.43377041945968
7390800,81.06452221182292
7394400,40.730360471951485
7398000,29.179991667097624
7401600,47.20055434341555
7405200,93.56397693488697
7408800,165.11066881108428
7412400,256.96484115718846
7416000,362.86678392393253
7419600,475.599454723086
7423200,587.4803083391391
7426800,690.8848494900611
7430400,778.7662295805371
7434000,845.1354777881984
7437600,885.4696395280475
7441200,897.0200083329025
7444800,878.9994456566001
7448400,832.6360230651155
7452000,761.0893311888833
7455600,669.2351588428157
7459200,563.3332160760721
7462800,450.6005452769187
7466400,338.71969166086546
7470000,235.31515050990092
7473600,147.43377041946616
7477200,81.06452221182741
7480800,40.730360471953645
7484400,29.17999166709734
7488000,47.200554343412875
7491600,93.56397693488208
7495200,165.11066881107746
7498800,256.9648411571802
7502400,362.86678392397147
7506000,475.5994547230767
7509600,587.4803083391301
7513200,690.8848494900951
7516800,778.7662295805308
7520400,845.1354777881938
7524000,885.4696395280453
7527600,897.0200083329028
7531200,878.9994456565885
7534800,832.6360230651205
7538400,761.0893311888901
7542000,669.2351588428239
7545600,563.3332160760812
7549200,450.600545276928
7552800,338.71969166082715
7556400,235.31515050990888
7560000,147.43377041947252
7563600,81.06452221183184
7567200,40.730360471955805
7570800,29.179991667098477
7574400,47.20055434341015
7578000,93.56397693487713
7581600,165.1106688111065
7585200,256.964841157172
7588800,362.8667839239624
7592400,475.5994547230673
7596000,587.4803083391212
7599600,690.8848494900872
7603200,778.7662295805243
7606800,845.1354777881894
7610400,885.4696395280432
7614000,897.0200083329031
7617600,878.9994456565912
7621200,832.6360230650994
7624800,761.089331188897
7628400,669.2351588428322
7632000,563.3332160760423
7635600,450.6005452769374
7639200,338.7196916608361
7642800,235.31515050991683
7646400,147.43377041947895
7650000,81.06452221181286
7653600,40.730360471957965
7657200,29.17999166709825
7660800,47.200554343407475
7664400,93.56397693487224
7668000,165.11066881109974
7671600,256.96484115720716
7675200,362.8667839239532
7678800,475.599454723058
7682400,587.4803083391122
7686000,690.8848494900792
7689600,778.7662295805517
7693200,845.135477788185
7696800,885.469639528041
7700400,897.020008332902
7704000,878.9994456565939
7707600,832.6360230651044
7711200,761.0893311889038
7714800,669.2351588428404
7718400,563.3332160760514
7722000,450.6005452769468
7725600,338.71969166084506
7729200,235.31515050992482
7732800,147.43377041948543
7736400,81.06452221181729
7740000,40.73036047194876
7743600,29.179991667097966
7747200,47.200554343404804
7750800,93.56397693489322
7754400,165.11066881109292
7758000,256.964841157199
7761600,362.8667839239441
7765200,475.5994547230486
7768800,587.4803083391505
7772400,690.8848494900712
7776000,778.7662295805453
7779600,845.1354777881805
7783200,885.4696395280389
7786800,897.0200083329023
7790400,878.9994456565825
7794000,832.6360230651093
7797600,761.0893311889106
7801200,669.2351588428487
7804800,563.3332160760605
7808400,450.60054527690676
7812000,338.71969166085404
7815600,235.31515050993278
7819200,147.43377041945791
7822800,81.06452221182172
7826400,40.73036047195092
7830000,29.17999166709768
7833600,47.20055434340213
7837200,93.56397693488833
7840800,165.1106688110861
7844400,256.9648411571907
7848000,362.86678392393503
7851600,475.59945472303923
7855200,587.4803083391415
7858800,690.8848494901054
7862400,778.766229580539
7866000,845.1354777881761
7869600,885.469639528048
7873200,897.0200083329025
7876800,878.9994456565851
7880400,832.6360230651142
7884000,761.0893311889174
7887600,669.2351588428135
7891200,563.3332160760696
7894800,450.60054527691614
7898400,338.71969166086296
7902000,235.31515050994074
7905600,147.43377041946434
7909200,81.06452221180268
7912800,40.73036047195308
7916400,29.179991667097397
7920000,47.2005543433994
7923600,93.56397693488339
7927200,165.1106688111152
7930800,256.9648411571825
7934400,362.86678392392594
7938000,475.59945472307925
7941600,587.4803083391325
7945200,690.8848494900974
7948800,778.7662295805325
7952400,845.1354777881717
7956000,885.469639528046
7959600,897.0200083329028
7963200,878.9994456565878
7966800,832.6360230651192
7970400,761.0893311889242
7974000,669.2351588428216
7977600,563.3332160760307
7981200,450.6005452769255
7984800,338.71969166087194
7988400,235.31515050990672
7992000,147.43377041947082
7995600,81.06452221180712
7999200,40.73036047195518
8002800,29.179991667097113
8006400,47.200554343410886
8010000,93.5639769348785
8013600,165.11066881110838
8017200,256.9648411571742
8020800,362.86678392391684
8024400,475.59945472306987
8028000,587.4803083391708
8031600,690.8848494900893
8035200,778.766229580526
8038800,845.1354777881672
8042400,885.4696395280437
8046000,897.0200083329016
8049600,878.9994456565905
8053200,832.6360230651239
8056800,761.0893311888951
8060400,669.23515884283
8064000,563.3332160760398
8067600,450.60054527693484
8071200,338.7196916608809
8074800,235.31515050991467
8078400,147.43377041947724
8082000,81.0645222118116
8085600,40.73036047195734
8089200,29.179991667096886
8092800,47.200554343408214
8096400,93.56397693489947
8100000,165.11066881110156
8103600,256.964841157166
8107200,362.8667839239557
8110800,475.59945472306055
8114400,587.4803083391619
8118000,690.8848494900814
8121600,778.7662295805196
8125200,845.1354777881862
8128800,885.4696395280416
8132400,897.0200083329019
8136000,878.9994456565931
8139600,832.6360230651289
8143200,761.0893311889018
8146800,669.2351588427947
8150400,563.3332160760489
8154000,450.6005452769442
8157600,338.7196916608899
8161200,235.31515050992266
8164800,147.43377041944973
8168400,81.06452221181604
8172000,40.73036047195956
8175600,29.179991667098022
8179200,47.20055434340554
8182800,93.56397693489458
8186400,165.11066881109474
8190000,256.9648411571577
8193600,362.8667839239466
8197200,475.59945472305117
8200800,587.480308339153
8204400,690.8848494900734
8208000,778.7662295805133
8211600,845.1354777881818
8215200,885.4696395280508
8218800,897.0200083329021
8222400,878.9994456565959
8226000,832.6360230651079
8229600,761.0893311889088
8233200,669.235158842803
8236800,563.333216076058
8240400,450.60054527695354
8244000,338.7196916608516
8247600,235.31515050993062
8251200,147.4337704194562
8254800,81.06452221182047
8258400,40.73036047196172
8262000,29.179991667097738
8265600,47.200554343417025
8269200,93.5639769348897
8272800,165.11066881108798
8276400,256.96484115719295
8280000,362.86678392393753
8283600,475.5994547230911
8287200,587.480308339144
8290800,690.8848494900654
8294400,778.7662295805407
8298000,845.1354777881774
8301600,885.4696395280487
8305200,897.0200083329024
8308800,878.9994456565985
8312400,832.6360230651128
8316000,761.0893311888797
8319600,669.2351588428112
8323200,563.3332160760671
8326800,450.6005452769629
8330400,338.7196916608606
8334000,235.3151505098966
8337600,147.43377041946263
8341200,81.06452221182491
8344800,40.73036047195245
8348400,29.179991667097454
8352000,47.2005543434143
8355600,93.56397693488475
8359200,165.11066881108115
8362800,256.9648411571847
8366400,362.86678392392844
8370000,475.5994547230818
8373600,587.480308339135
8377200,690.8848494900575
8380800,778.7662295805342
8384400,845.1354777881963
8388000,885.4696395280465
8391600,897.0200083329026
8395200,878.9994456565871
8398800,832.6360230651178
8402400,761.0893311888864
8406000,669.2351588428195
8409600,563.3332160760762
8413200,450.60054527692296
8416800,338.7196916608695
8420400,235.31515050990453
8424000,147.433770419469
8427600,81.06452221182934
8431200,40.73036047195461
8434800,29.179991667098648
8438400,47.200554343411625
8442000,93.56397693487986
8445600,165.11066881107433
8449200,256.96484115717647
8452800,362.8667839239673
8456400,475.5994547230724
8460000,587.480308339126
8463600,690.8848494900915
8467200,778.7662295805278
8470800,845.1354777881919
8474400,885.4696395280444
8478000,897.020008332903
8481600,878.9994456565897
8485200,832.6360230651227
8488800,761.0893311888933
8492400,669.2351588428277
8496000,563.3332160760853
8499600,450.6005452769323
8503200,338.7196916608312
8506800,235.31515050991248
8510400,147.43377041947548
8514000,81.06452221181036
8517600,40.73036047195677
8521200,29.179991667098363
8524800,47.20055434340895
8528400,93.56397693487492
8532000,165.11066881110344
8535600,256.9648411571683
8539200,362.8667839239582
8542800,475.59945472306305
8546400,587.4803083391171
8550000,690.8848494900835
8553600,778.7662295805553
8557200,845.1354777881875
8560800,885.4696395280422
8564400,897.0200083329032
8568000,878.9994456565925
8571600,832.6360230651017
8575200,761.0893311889
8578800,669.235158842836
8582400,563.3332160760464
8586000,450.60054527694166
8589600,338.71969166084017
8593200,235.31515050992044
8596800,147.4337704194819
8600400,81.06452221181485
8604000,40.73036047195893
8607600,29.17999166709808
8611200,47.20055434340628
8614800,93.56397693487003
8618400,165.11066881109662
8622000,256.9648411572034
8625600,362.86678392394913
8629200,475.5994547230537
8632800,587.4803083391554
8636400,690.8848494900756
8640000,778.7662295805487
8643600,845.1354777881829
8647200,885.46963952804
8650800,897.0200083329021
8654400,878.9994456565951
8658000,832.6360230651067
8661600,761.0893311889068
8665200,669.2351588428442
8668800,563.3332160760555
8672400,450.6005452769017
8676000,338.71969166084915
8679600,235.31515050992843
8683200,147.43377041948833
8686800,81.06452221181928
8690400,40.73036047194972
8694000,29.179991667097852
8697600,47.20055434340355
8701200,93.563976934891
8704800,165.1106688110898
8708400,256.9648411571952
8712000,362.86678392394003
8715600,475.59945472304435
8719200,587.4803083391464
8722800,690.8848494900676
8726400,778.7662295805424
8730000,845.1354777881786
8733600,885.4696395280379
8737200,897.0200083329023
8740800,878.9994456565837
8744400,832.6360230651115
8748000,761.0893311889135
8751600,669.2351588428089
8755200,563.3332160760646
8758800,450.600545276911
8762400,338.7196916608581
8766000,235.3151505099364
8769600,147.43377041946087
8773200,81.06452221182371
8776800,40.73036047195188
8780400,29.179991667097568
8784000,47.20055434340094
8787600,93.56397693488611
8791200,165.1106688111189
8794800,256.9648411571869
8798400,362.8667839239309
8802000,475.599454723035
8805600,587.4803083391374
8809200,690.8848494901017
8812800,778.766229580536
8816400,845.1354777881741
8820000,885.4696395280471
8823600,897.0200083329026
8827200,878.9994456565864
8830800,832.6360230651164
8834400,761.0893311889205
8838000,669.2351588428172
8841600,563.3332160760737
8845200,450.6005452769204
8848800,338.71969166086706
8852400,235.31515050994435
8856000,147.4337704194673
8859600,81.06452221180473
8863200,40.73036047195404
8866800,29.179991667097283
8870400,47.200554343412364
8874000,93.56397693488117
8877600,165.11066881111213
8881200,256.96484115717874
8884800,362.8667839239218
8888400,475.599454723075
8892000,587.4803083391284
8895600,690.8848494900938
8899200,778.7662295805295
8902800,845.1354777881697
8906400,885.4696395280449
8910000,897.0200083329014
8913600,878.9994456565889
8917200,832.6360230651213
8920800,761.0893311889272
8924400,669.2351588428254
8928000,563.3332160760348
8931600,450.6005452769297
8935200,338.71969166087604
8938800,235.31515050991032
8942400,147.43377041947372
8946000,81.06452221180916
8949600,40.7303604719562
8953200,29.179991667097056
8956800,47.20055434340969
8960400,93.56397693487628
8964000,165.11066881110526
8967600,256.9648411571705
8971200,362.8667839239127
8974800,475.5994547230656
8978400,587.4803083391669
8982000,690.8848494900857
8985600,778.766229580523
8989200,845.1354777881886
8992800,885.4696395280428
8996400,897.0200083329017
9000000,878.9994456565917
9003600,832.6360230651262
9007200,761.0893311888981
9010800,669.2351588428337
9014400,563.3332160760439
9018000,450.6005452769391
9021600,338.719691660885
9025200,235.31515050991828
9028800,147.43377041944626
9032400,81.06452221181365
9036000,40.73036047195836
9039600,29.179991667096772
9043200,47.200554343406964
9046800,93.56397693489725
9050400,165.1106688110985
9054000,256.96484115716225
9057600,362.86678392395163
9061200,475.5994547230563
9064800,587.4803083391578
9068400,690.8848494900778
9072000,778.7662295805167
9075600,845.1354777881842
9079200,885.4696395280406
9082800,897.0200083329021
9086400,878.9994456565944
9090000,832.6360230651312
9093600,761.0893311889049
9097200,669.2351588427985
9100800,563.333216076053
9104400,450.6005452769485
9108000,338.7196916608467
9111600,235.31515050992627
9115200,147.43377041945269
9118800,81.06452221181809
9122400,40.73036047196052
9126000,29.17999166709791
9129600,47.20055434340435
9133200,93.56397693489231
9136800,165.11066881109167
9140400,256.964841157154
9144000,362.8667839239425
9147600,475.59945472309624
9151200,587.4803083391489
9154800,690.8848494900699
9158400,778.7662295805442
9162000,845.1354777881797
9165600,885.4696395280498
9169200,897.0200083329023
9172800,878.9994456565971
9176400,832.6360230651102
9180000,761.0893311889117
9183600,669.2351588428066
9187200,563.3332160760622
9190800,450.6005452769578
9194400,338.7196916608557
9198000,235.3151505098922
9201600,147.4337704194591
9205200,81.06452221182252
9208800,40.73036047196268
9212400,29.179991667097624
9216000,47.200554343415774
9219600,93.56397693488742
9223200,165.1106688110849
9226800,256.9648411571892
9230400,362.8667839239334
9234000,475.59945472308686
9237600,587.4803083391399
9241200,690.8848494900618
9244800,778.7662295805377
9248400,845.1354777881753
9252000,885.4696395280478
9255600,897.0200083329025
9259200,878.9994456565997
9262800,832.6360230651151
9266400,761.0893311888826
9270000,669.2351588428149
9273600,563.3332160760713
9277200,450.60054527691784
9280800,338.7196916608646
9284400,235.3151505099002
9288000,147.43377041946553
9291600,81.06452221182695
9295200,40.730360471953475
9298800,29.179991667097397
9302400,47.2005543434131
9306000,93.56397693488248
9309600,165.11066881107803
9313200,256.964841157181
9316800,362.8667839239723
9320400,475.59945472307754
9324000,587.4803083391309
9327600,690.8848494900539
9331200,778.7662295805313
9334800,845.1354777881943
9338400,885.4696395280455
9342000,897.0200083329028
9345600,878.9994456565883
9349200,832.6360230651201
9352800,761.0893311888894
9356400,669.2351588428232
9360000,563.3332160760804
9363600,450.60054527692716
9367200,338.7196916608736
9370800,235.31515050990816
9374400,147.43377041947195
9378000,81.06452221183139
9381600,40.730360471955635
9385200,29.179991667098534
9388800,47.20055434341043
9392400,93.56397693487764
9396000,165.11066881107126
9399600,256.9648411571727
9403200,362.8667839239632
9406800,475.59945472306816
9410400,587.4803083391693
9414000,690.8848494900459
9417600,778.7662295805249
9421200,845.1354777881899
9424800,885.4696395280433
9428400,897.0200083329016
9432000,878.9994456566051
9435600,832.6360230651248
9439200,761.0893311888963
9442800,669.2351588428314
9446400,563.3332160760414
9450000,450.6005452768872
9453600,338.7196916608826
9457200,235.3151505099161
9460800,147.43377041947838
9464400,81.0645222118124
9468000,40.73036047194637
9471600,29.17999166709683
9475200,47.2005543434077
9478800,93.5639769348727
9482400,165.11066881110037
9486000,256.96484115720796
9489600,362.8667839239541
9493200,475.59945472305884
9496800,587.480308339113
9500400,690.8848494900799
9504000,778.7662295805524
9507600,845.1354777881854
9511200,885.4696395280412
9514800,897.0200083329033
9518400,878.9994456565937
9522000,832.6360230651039
9525600,761.0893311889031
9529200,669.2351588427962
9532800,563.3332160760986
9536400,450.6005452769459
9540000,338.7196916608442
9543600,235.3151505099241
9547200,147.43377041945098
9550800,81.06452221184031
9554400,40.7303604719599
9558000,29.179991667098022
9561600,47.20055434340509
9565200,93.56397693489367
9568800,165.11066881112941
9572400,256.96484115715623
9576000,362.866783923945
9579600,475.59945472304946
9583200,587.4803083391513
9586800,690.884849490114
9590400,778.766229580512
9594000,845.1354777881809
9597600,885.469639528039
9601200,897.0200083329022
9604800,878.9994456565822
9608400,832.6360230651088
9612000,761.0893311889099
9615600,669.2351588428479
9619200,563.3332160760597
9622800,450.6005452769059
9626400,338.7196916608532
9630000,235.31515050993207
9633600,147.43377041949122
9637200,81.06452221182133
9640800,40.73036047195069
9644400,29.17999166709768
9648000,47.20055434341651
9651600,93.56397693486286
9655200,165.11066881108673
9658800,256.9648411571915
9662400,362.8667839239359
9666000,475.5994547230894
9669600,587.480308339095
9673200,690.884849490064
9676800,778.7662295805394
9680400,845.1354777881766
9684000,885.4696395280482
9687600,897.020008332901
9691200,878.999445656599
9694800,832.6360230651137
9698400,761.0893311889167
9702000,669.2351588428128
9705600,563.3332160760207
9709200,450.6005452769646
9712800,338.71969166086217
9716400,235.31515050994
9720000,147.43377041946377
9723600,81.06452221180234
9727200,40.730360471952906
9730800,29.179991667097397
9734400,47.20055434339969
9738000,93.56397693488384
9741600,165.11066881111583
9745200,256.96484115718323
9748800,362.8667839239268
9752400,475.59945472303076
9756000,587.4803083391334
9759600,690.8848494900981
9763200,778.766229580533
9766800,845.1354777881954
9770400,885.4696395280348
9774000,897.0200083329028
9777600,878.9994456565876
9781200,832.6360230651187
9784800,761.0893311888876
9788400,669.2351588428644
9792000,563.3332160760779
9795600,450.60054527692466
9799200,338.71969166087115
9802800,235.31515050990598
9806400,147.43377041943637
9810000,81.0645222118302
9813600,40.73036047195501
9817200,29.17999166709717
9820800,47.20055434341111
9824400,93.56397693490487
9828000,165.11066881107314
9831600,256.964841157175
9835200,362.86678392391764
9838800,475.5994547230707
9842400,587.4803083391718
9846000,690.8848494900901
9849600,778.7662295805267
9853200,845.1354777881677
9856800,885.4696395280439
9860400,897.0200083329016
9864000,878.9994456565903
9867600,832.6360230651236
9871200,761.0893311889304
9874800,669.2351588428292
9878400,563.333216076039
9882000,450.600545276934
9885600,338.71969166083284
9889200,235.31515050995597
9892800,147.43377041947662
9896400,81.06452221181121
9900000,40.73036047195717
9903600,29.179991667098307
9907200,47.20055434339429
9910800,93.563976934874
9914400,165.1106688111022
9918000,256.96484115716675
9921600,362.8667839239566
9925200,475.5994547231107
9928800,587.4803083391155
9932400,690.8848494900822
9936000,778.7662295805203
9939600,845.1354777881866
9943200,885.4696395280532
9946800,897.0200083329032
9950400,878.9994456565929
9954000,832.6360230651285
9957600,761.0893311889013
9961200,669.235158842794
9964800,563.3332160760481
9968400,450.60054527694336
9972000,338.7196916608891
9975600,235.31515050992195
9979200,147.43377041944916
9982800,81.06452221181564
9986400,40.73036047195933
9990000,29.179991667096658
9993600,47.20055434340577
9997200,93.56397693489504
10000800,165.11066881109537
10004400,256.96484115720193
10008000,362.86678392389945
10011600,475.599454723052
10015200,587.4803083391538
10018800,690.8848494900742
10022400,778.7662295805476
10026000,845.1354777881587
10029600,885.4696395280396
10033200,897.0200083329021
10036800,878.9994456565956
10040400,832.6360230651076
10044000,761.0893311888722
10047600,669.2351588428456
10051200,563.3332160760572
10054800,450.6005452769527
10058400,338.7196916608508
10062000,235.31515050988787
10065600,147.43377041948946
10069200,81.06452221182013
10072800,40.73036047196149
10076400,29.179991667097738
10080000,47.20055434341725
10083600,93.56397693489009
10087200,165.1106688110886
10090800,256.96484115715026
10094400,362.8667839239383
10098000,475.599454723092
10101600,587.4803083391448
10105200,690.8848494900661
10108800,778.7662295805073
10112400,845.1354777881777
10116000,885.4696395280489
10119600,897.0200083329023
10123200,878.9994456565842
10126800,832.6360230651383
10130400,761.0893311889149
10134000,669.2351588428105
10137600,563.3332160760663
10141200,450.6005452769127
10144800,338.719691660907
10148400,235.31515050993784
10152000,147.43377041946206
10155600,81.06452221182457
10159200,40.73036047195228
10162800,29.179991667098932
10166400,47.20055434340043
10170000,93.5639769348852
10173600,165.11066881108172
10177200,256.96484115718545
10180800,362.86678392397727
10184400,475.5994547230333
10188000,587.4803083391358
10191600,690.8848494900582
10195200,778.7662295805349
10198800,845.1354777881968
10202400,885.4696395280466
10206000,897.0200083329026
10209600,878.999445656601
10213200,832.6360230651173
10216800,761.0893311888858
10220400,669.2351588428187
10224000,563.3332160760754
10227600,450.60054527697145
10231200,338.7196916608687
10234800,235.31515050990382
10238400,147.43377041946843
10242000,81.06452221180552
10245600,40.73036047196587
10249200,29.179991667097227
10252800,47.20055434341185
10256400,93.56397693488026
10260000,165.11066881111088
10263600,256.96484115713383
10267200,362.86678392392014
10270800,475.5994547230733
10274400,587.4803083391269
10278000,690.8848494900923
10281600,778.7662295805623
10285200,845.1354777881688
10288800,885.4696395280446
10292400,897.020008332903
10296000,878.9994456565895
10299600,832.6360230650964
10303200,761.0893311889284
10306800,669.2351588428269
10310400,563.3332160760845
10314000,450.6005452769314
10317600,338.7196916608304
10321200,235.31515050991177
10324800,147.43377041947485
10328400,81.06452221183343
10332000,40.7303604719566
10335600,29.179991667098363
10339200,47.20055434340918
10342800,93.56397693487537
10346400,165.11066881106814
10350000,256.96484115716896
10353600,362.866783923959
10357200,475.5994547230639
10360800,587.4803083391652
10364400,690.8848494900424
10368000,778.7662295805219
10371600,845.1354777881879
10375200,885.4696395280423
10378800,897.0200083329019
10382400,878.9994456566063
10386000,832.6360230651271
10389600,761.0893311888995
10393200,669.2351588428352
10396800,563.3332160760456
10400400,450.60054527689147
10404000,338.7196916608866
10407600,235.31515050991973
10411200,147.43377041948133
10414800,81.06452221181439
10418400,40.730360471947336
10422000,29.179991667096715
10425600,47.20055434340651
10429200,93.56397693487042
10432800,165.11066881109724
10436400,256.9648411572042
10440000,362.8667839239499
10443600,475.5994547230546
10447200,587.4803083391089
10450800,690.8848494900764
10454400,778.7662295805494
10458000,845.1354777881834
10461600,885.4696395280403
10465200,897.0200083329034
10468800,878.9994456565948
10472400,832.6360230651062
10476000,761.0893311889063
10479600,669.2351588428
10483200,563.3332160761026
10486800,450.60054527695013
10490400,338.7196916608483
10494000,235.31515050992772
10497600,147.43377041945382
10501200,81.0645222118423
10504800,40.73036047196092
10508400,29.179991667097852
10512000,47.20055434340384
10515600,93.56397693489146
10519200,165.11066881112635
10522800,256.9648411571525
10526400,362.86678392394083
10530000,475.5994547230452
10533600,587.4803083391473
10537200,690.8848494901104
10540800,778.766229580543
10544400,845.135477788179
10548000,885.469639528038
10551600,897.0200083329023
10555200,878.9994456565835
10558800,832.636023065111
10562400,761.089331188913
10566000,669.2351588428517
10569600,563.3332160760638
10573200,450.60054527691017
10576800,338.7196916608573
10580400,235.31515050989364
10584000,147.43377041949412
10587600,81.06452221182332
10591200,40.730360471951656
10594800,29.179991667097568
10598400,47.20055434341526
10602000,93.56397693486059
10605600,165.11066881108366
10609200,256.9648411571877
10612800,362.86678392393173
10616400,475.59945472308516
10620000,587.4803083391855
10623600,690.8848494900603
10627200,778.7662295805366
10630800,845.1354777881745
10634400,885.4696395280473
10638000,897.0200083329012
10641600,878.9994456566003
10645200,832.636023065116
10648800,761.0893311889199
10652400,669.2351588428164
10656000,563.3332160760249
10659600,450.60054527691955
10663200,338.71969166086626
10666800,235.31515050994363
10670400,147.43377041946673
10674000,81.06452221180433
10677600,40.73036047195387
10681200,29.17999166709734
10684800,47.20055434339844
10688400,93.56397693488162
10692000,165.1106688111127
10695600,256.9648411571795
10699200,362.8667839239706
10702800,475.5994547230265
10706400,587.4803083391294
10710000,690.8848494900944
10713600,778.7662295805301
10717200,845.1354777881935
10720800,885.4696395280337
10724400,897.0200083329029
10728000,878.9994456565887
10731600,832.6360230651209
10735200,761.0893311888908
10738800,669.2351588427813
10742400,563.333216076082
10746000,450.60054527692887
10749600,338.71969166087524
10753200,235.31515050990959
10756800,147.4337704194392
10760400,81.06452221183218
10764000,40.73036047195603
10767600,29.179991667097056
10771200,47.20055434340992
10774800,93.5639769349026
10778400,165.11066881110588
10782000,256.96484115717124
10785600,362.86678392391354
10789200,475.59945472306646
10792800,587.4803083391677
10796400,690.8848494900865
10800000,778.7662295805237
10803600,845.1354777881656
10807200,885.469639528043
10810800,897.0200083329017
10814400,878.9994456565914
10818000,832.6360230650998
10821600,761.0893311889334
10825200,669.2351588428329
10828800,563.3332160760431
10832400,450.60054527693825
10836000,338.71969166083693
10839600,235.31515050995958
10843200,147.43377041947952
10846800,81.0645222118132
10850400,40.73036047195819
10854000,29.179991667098193
10857600,47.2005543434214
10861200,93.56397693487179
10864800,165.11066881109912
10868400,256.964841157163
10872000,362.8667839239524
10875600,475.5994547231065
10879200,587.4803083391114
10882800,690.8848494900785
10886400,778.7662295805173
10890000,845.1354777881846
10893600,885.4696395280522
10897200,897.0200083329021
10900800,878.9994456565942
10904400,832.6360230651308
10908000,761.0893311889043
10911600,669.2351588427978
10915200,563.3332160760522
10918800,450.6005452769476
10922400,338.71969166089315
10926000,235.31515050992556
10929600,147.43377041945212
10933200,81.06452221181763
10936800,40.73036047194893
10940400,29.179991667096488
10944000,47.200554343404576
10947600,93.56397693489282
10951200,165.1106688110923
10954800,256.9648411571982
10958400,362.8667839238953
10962000,475.59945472304776
10965600,587.4803083391497
10969200,690.8848494900706
10972800,778.7662295805447
10976400,845.1354777882036
10980000,885.4696395280387
10983600,897.0200083329023
10987200,878.9994456565969
10990800,832.6360230651097
10994400,761.0893311888752
10998000,669.2351588428494
11001600,563.3332160760613
11005200,450.60054527695695
11008800,338.71969166085483
11012400,235.31515050989148
11016000,147.43377041945854
11019600,81.06452221182212
11023200,40.730360471962456
11026800,29.17999166709768
11030400,47.200554343416
11034000,93.56397693488788
11037600,165.11066881108547
11041200,256.9648411571465
11044800,362.86678392393424
11048400,475.5994547230877
11052000,587.4803083391407
11055600,690.8848494901046
11059200,778.7662295805044
11062800,845.1354777881756
11066400,885.4696395280479
11070000,897.0200083329025
11073600,878.9994456565853
11077200,832.6360230651405
11080800,761.089331188918
11084400,669.2351588428141
11088000,563.3332160760704
11091600,450.600545276917
11095200,338.7196916608165
11098800,235.31515050994145
11102400,147.4337704194649
11106000,81.06452221182656
11109600,40.73036047195325
11113200,29.179991667098818
11116800,47.200554343399176
11120400,93.56397693488299
11124000,165.11066881107865
11127600,256.9648411571817
11131200,362.8667839239731
11134800,475.5994547230784
11138400,587.4803083391317
11142000,690.8848494900546
11145600,778.7662295805319
11149200,845.1354777881947
11152800,885.4696395280457
11156400,897.0200083329028
11160000,878.9994456566021
11163600,832.6360230651195
11167200,761.0893311888889
11170800,669.2351588428224
11174400,563.3332160760315
11178000,450.60054527697565
11181600,338.71969166087274
11185200,235.31515050990743
11188800,147.4337704194714
11192400,81.06452221180757
11196000,40.73036047196683
11199600,29.179991667097113
11203200,47.20055434341066
11206800,93.56397693487804
11210400,165.11066881110776
11214000,256.96484115721694
11217600,362.866783923916
11221200,475.599454723069
11224800,587.4803083391228
11228400,690.8848494900886
11232000,778.7662295805594
11235600,845.1354777881668
11239200,885.4696395280436
11242800,897.020008332903
11246400,878.9994456565908
11250000,832.6360230650986
11253600,761.0893311888957
11257200,669.2351588428307
11260800,563.3332160760885
11264400,450.6005452769357
11268000,338.7196916608344
11271600,235.31515050991538
11275200,147.4337704194778
11278800,81.06452221183542
11282400,40.73036047195757
11286000,29.179991667098307
11289600,47.20055434340799
11293200,93.56397693489902
11296800,165.11066881106507
11300400,256.9648411571652
11304000,362.8667839239549
11307600,475.5994547230597
11311200,587.4803083391611
11314800,690.8848494900386
11318400,778.7662295805189
11322000,845.1354777881859
11325600,885.4696395280414
11329200,897.0200083329019
11332800,878.9994456565793
11336400,832.6360230651294
11340000,761.0893311889024
11343600,669.2351588428389
11347200,563.3332160760497
11350800,450.60054527689573
11354400,338.7196916608907
11358000,235.31515050992337
11361600,147.43377041948423
11365200,81.06452221181644
11368800,40.73036047194836
11372400,29.179991667098022
11376000,47.200554343405315
11379600,93.56397693486821
11383200,165.11066881109411
11386800,256.96484115720045
11390400,362.86678392394583
11394000,475.5994547230503
11397600,587.4803083391049
11401200,690.8848494900727
11404800,778.7662295805465
11408400,845.1354777881813
11412000,885.4696395280506
11415600,897.0200083329037
11419200,878.9994456565961
11422800,832.6360230651085
11426400,761.0893311889092
11430000,669.2351588428037
11433600,563.3332160761069
11437200,450.6005452769544
11440800,338.7196916608524
11444400,235.31515050993133
11448000,147.43377041945678
11451600,81.06452221179745
11455200,40.73036047196189
11458800,29.17999166709768
11462400,47.20055434340259
11466000,93.56397693488918
11469600,165.11066881112322
11473200,256.9648411571488
11476800,362.8667839239367
11480400,475.59945472304094
11484000,587.4803083391432
11487600,690.8848494901067
11491200,778.7662295805401
11494800,845.1354777881769
11498400,885.4696395280371
11502000,897.0200083329024
11505600,878.9994456565846
11509200,832.6360230651132
11512800,761.089331188916
11516400,669.2351588428554
11520000,563.3332160760679
11523600,450.60054527691443
11527200,338.7196916608614
11530800,235.3151505098973
11534400,147.43377041949708
11538000,81.06452221182536
11541600,40.73036047195262
11545200,29.179991667097454
11548800,47.20055434341407
11552400,93.56397693485837
11556000,165.11066881108053
11559600,256.96484115718397
11563200,362.8667839239276
11566800,475.59945472308095
11570400,587.4803083391815
11574000,690.8848494900567
11577600,778.7662295805336
11581200,845.1354777881725
11584800,885.4696395280463
11588400,897.0200083329013
11592000,878.9994456566014
11595600,832.6360230651183
11599200,761.0893311889229
11602800,669.2351588428202
11606400,563.333216076029
11610000,450.6005452769238
11613600,338.71969166087035
11617200,235.3151505099473
11620800,147.43377041946962
11624400,81.06452221180638
11628000,40.73036047195484
11631600,29.17999166709717
11635200,47.20055434339724
11638800,93.5639769348794
11642400,165.11066881110963
11646000,256.9648411571757
11649600,362.8667839239665
11653200,475.59945472302223
11656800,587.4803083391253
11660400,690.8848494900908
11664000,778.7662295805272
11667600,845.1354777881915
11671200,885.4696395280328
11674800,897.020008332903
11678400,878.99944565659
11682000,832.636023065123
11685600,761.0893311888938
11689200,669.235158842785
11692800,563.333216076086
11696400,450.60054527693313
11700000,338.71969166087933
11703600,235.31515050991322
11707200,147.43377041944217
11710800,81.06452221183423
11714400,40.730360471957
11718000,29.179991667096942
11721600,47.200554343408726
11725200,93.56397693490038
11728800,165.1106688111028
11732400,256.9648411571675
11736000,362.8667839239094
11739600,475.5994547230622
11743200,587.4803083391636
11746800,690.8848494900828
11750400,778.7662295805208
11754000,845.1354777881636
11757600,885.469639528042
11761200,897.0200083329019
11764800,878.9994456565927
11768400,832.6360230651021
11772000,761.0893311889365
11775600,669.2351588428367
11779200,563.3332160760472
11782800,450.6005452769425
11786400,338.71969166084097
11790000,235.3151505099632
11793600,147.43377041948247
11797200,81.06452221181524
11800800,40.73036047195916
11804400,29.17999166709808
11808000,47.20055434342015
11811600,93.56397693486957
11815200,165.110668811096
11818800,256.9648411571593
11822400,362.8667839239483
11826000,475.5994547231022
11829600,587.4803083391073
11833200,690.8848494900749
11836800,778.7662295805144
11840400,845.1354777881826
11844000,885.4696395280512
11847600,897.0200083329021
11851200,878.9994456565953
11854800,832.6360230651329
11858400,761.0893311889074
11862000,669.2351588428014
11865600,563.3332160760563
11869200,450.60054527695183
11872800,338.71969166089724
11876400,235.31515050992917
11880000,147.43377041945502
11883600,81.06452221181968
11887200,40.73036047194989
11890800,29.17999166709643
11894400,47.200554343403326
11898000,93.56397693489055
11901600,165.11066881108923
11905200,256.9648411571944
11908800,362.86678392389115
11912400,475.5994547230435
11916000,587.4803083391456
11919600,690.8848494900669
11923200,778.7662295805418
11926800,845.1354777882016
11930400,885.4696395280376
11934000,897.0200083329023
11937600,878.999445656598
11941200,832.6360230651119
11944800,761.0893311888783
11948400,669.2351588428531
11952000,563.3332160760655
11955600,450.6005452769612
11959200,338.7196916608589
11962800,235.3151505098951
11966400,147.43377041946144
11970000,81.06452221182411
11973600,40.73036047196348
11977200,29.17999166709751
11980800,47.20055434341481
11984400,93.5639769348856
11988000,165.1106688110824
11991600,256.9648411571428
11995200,362.8667839239301
11998800,475.5994547230835
12002400,587.4803083391366
12006000,690.8848494901009
12009600,778.7662295805015
12013200,845.1354777881736
12016800,885.4696395280469
12020400,897.0200083329026
12024000,878.9994456565867
12027600,832.6360230651428
12031200,761.089331188921
12034800,669.235158842818
12038400,563.3332160760746
12042000,450.60054527692125
12045600,338.7196916608206
12049200,235.31515050994508
12052800,147.43377041946786
12056400,81.0645222118286
12060000,40.730360471954214
12063600,29.179991667098648
12067200,47.20055434339798
12070800,93.56397693488071
12074400,165.11066881107558
12078000,256.964841157178
12081600,362.86678392396897
12085200,475.59945472307413
12088800,587.4803083391276
12092400,690.884849490051
12096000,778.766229580529
12099600,845.1354777881927
12103200,885.4696395280448
12106800,897.020008332903
12110400,878.9994456566035
12114000,832.6360230651218
12117600,761.089331188892
12121200,669.2351588428262
12124800,563.3332160760356
12128400,450.6005452769799
12132000,338.71969166087683
12135600,235.31515050991104
12139200,147.43377041947429
12142800,81.06452221180962
12146400,40.7303604719678
12150000,29.179991667097
12153600,47.200554343409465
12157200,93.56397693487577
12160800,165.11066881110463
12164400,256.9648411572132
12168000,362.86678392391184
12171600,475.59945472306475
12175200,587.4803083391187
12178800,690.884849490085
12182400,778.7662295805565
12186000,845.1354777881647
12189600,885.4696395280425
12193200,897.0200083329032
12196800,878.9994456565919
12200400,832.6360230651007
12204000,761.0893311888988
12207600,669.2351588428344
12211200,563.3332160760928
12214800,450.60054527693995
12218400,338.7196916608385
12222000,235.315150509919
12225600,147.4337704194807
12229200,81.06452221183747
12232800,40.73036047195859
12236400,29.179991667098136
12240000,47.200554343406736
12243600,93.5639769348968
12247200,165.110668811062
12250800,256.9648411571615
12254400,362.8667839239508
12258000,475.59945472305543
12261600,587.4803083391571
12265200,690.884849490035
12268800,778.7662295805162
12272400,845.1354777881838
12276000,885.4696395280405
12279600,897.0200083329021
12283200,878.9994456565805
12286800,832.6360230651316
12290400,761.0893311889056
12294000,669.2351588428427
12297600,563.3332160760539
12301200,450.6005452769
12304800,338.7196916608948
12308400,235.315150509927
12312000,147.43377041948713
12315600,81.06452221181848
12319200,40.730360471949325
12322800,29.17999166709791
12326400,47.20055434340412
12330000,93.56397693486599
12333600,165.11066881109105
12337200,256.9648411571967
12340800,362.8667839239417
12344400,475.59945472304605
12348000,587.4803083391008
12351600,690.8848494900691
12355200,778.7662295805435
12358800,845.1354777881793
12362400,885.4696395280496
12366000,897.0200083329037
12369600,878.9994456565973
12373200,832.6360230651106
12376800,761.0893311889124
12380400,669.2351588428074
12384000,563.3332160760149
12387600,450.60054527695866
12391200,338.7196916608565
12394800,235.31515050993494
12398400,147.43377041945968
12402000,81.0645222117995
12405600,40.730360471962854
12409200,29.179991667097624
12412800,47.20055434340139
12416400,93.56397693488697
12420000,165.1106688111201
12423600,256.96484115718846
12427200,362.86678392393253
12430800,475.59945472303673
12434400,587.4803083391391
12438000,690.8848494901031
12441600,778.7662295805371
12445200,845.135477788175
12448800,885.469639528036
12452400,897.0200083329025
12456000,878.9994456565857
12459600,832.6360230651155
12463200,761.0893311888833
12466800,669.2351588428592
12470400,563.3332160760721
12474000,450.6005452769187
12477600,338.71969166086546
12481200,235.31515050990092
12484800,147.43377041950004
12488400,81.06452221182741
12492000,40.730360471953645
12495600,29.17999166709734
12499200,47.200554343412875
12502800,93.563976934908
12506400,165.11066881107746
12510000,256.9648411571802
12513600,362.86678392392344
12517200,475.5994547230767
12520800,587.4803083391774
12524400,690.8848494900532
12528000,778.7662295805308
12531600,845.1354777881704
12535200,885.4696395280453
12538800,897.0200083329014
12542400,878.9994456565885
12546000,832.6360230651205
12549600,761.089331188926
12553200,669.2351588428239
12556800,563.3332160760331
12560400,450.600545276928
12564000,338.7196916608744
12567600,235.3151505099509
12571200,147.43377041947252
12574800,81.06452221180842
12578400,40.730360471955805
12582000,29.179991667098477
12585600,47.20055434339605
12589200,93.56397693487713
12592800,165.1106688111065
12596400,256.964841157172
12600000,362.8667839239624
12603600,475.59945472301797
12607200,587.4803083391212
12610800,690.8848494900872
12614400,778.7662295805243
12618000,845.1354777881894
12621600,885.4696395280546
12625200,897.0200083329031
12628800,878.9994456565912
12632400,832.6360230651253
12636000,761.089331188897
12639600,669.2351588427888
12643200,563.3332160760903
12646800,450.6005452769374
12650400,338.71969166088337
12654000,235.31515050991683
12657600,147.43377041944507
12661200,81.06452221181286
12664800,40.730360471957965
12668400,29.179991667096772
12672000,47.200554343407475
12675600,93.56397693489816
12679200,165.11066881109974
12682800,256.96484115716373
12686400,362.86678392390525
12690000,475.599454723058
12693600,587.4803083391595
12697200,690.8848494900792
12700800,778.7662295805517
12704400,845.1354777881616
12708000,885.469639528041
12711600,897.020008332902
12715200,878.9994456565939
12718800,832.6360230651044
12722400,761.0893311889396
12726000,669.2351588428404
12729600,563.3332160760514
12733200,450.6005452769468
12736800,338.71969166084506
12740400,235.3151505098828
12744000,147.43377041948543
12747600,81.06452221181729
12751200,40.730360471960125
12754800,29.179991667097966
12758400,47.20055434341896
12762000,93.5639769348673
12765600,165.11066881109292
12769200,256.9648411571555
12772800,362.8667839239441
12776400,475.59945472309795
12780000,587.4803083391505
12783600,690.8848494900712
12787200,778.7662295805114
12790800,845.1354777881805
12794400,885.4696395280503
12798000,897.0200083329023
12801600,878.9994456565965
12805200,832.6360230651351
12808800,761.0893311889106
12812400,669.2351588428053
12816000,563.3332160760605
12819600,450.60054527690676
12823200,338.7196916609013
12826800,235.31515050993278
12830400,147.43377041945791
12834000,81.06452221182172
12837600,40.73036047195092
12841200,29.17999166709626
12844800,47.20055434340213
12848400,93.56397693488833
12852000,165.1106688110861
12855600,256.9648411571907
12859200,362.86678392398306
12862800,475.59945472303923
12866400,587.4803083391415
12870000,690.8848494900633
12873600,778.766229580539
12877200,845.1354777881995
12880800,885.4696395280366
12884400,897.0200083329025
12888000,878.9994456565993
12891600,832.6360230651142
12895200,761.0893311888815
12898800,669.2351588428135
12902400,563.3332160760696
12906000,450.6005452769655
12909600,338.71969166086296
12913200,235.31515050989876
12916800,147.43377041946434
12920400,81.06452221182616
12924000,40.730360471964445
12927600,29.179991667097397
12931200,47.200554343413614
12934800,93.56397693488339
12938400,165.1106688111152
12942000,256.96484115713906
12945600,362.86678392392594
12949200,475.59945472307925
12952800,587.4803083391325
12956400,690.8848494900974
12960000,778.7662295804986
12963600,845.1354777881717
12967200,885.469639528046
12970800,897.0200083329028
12974400,878.9994456565878
12978000,832.6360230650932
12981600,761.0893311889242
12985200,669.2351588428216
12988800,563.3332160760787
12992400,450.6005452769255
12996000,338.71969166082465
12999600,235.31515050994872
13003200,147.43377041947082
13006800,81.06452221183059
13010400,40.73036047195518
13014000,29.17999166709859
13017600,47.200554343410886
13021200,93.5639769348785
13024800,165.11066881107251
13028400,256.9648411571742
13032000,362.8667839239648
13035600,475.59945472306987
13039200,587.4803083391237
13042800,690.8848494900474
13046400,778.766229580526
13050000,845.1354777881907
13053600,885.4696395280437
13057200,897.0200083329016
13060800,878.9994456566046
13064400,832.6360230651239
13068000,761.0893311888951
13071600,669.23515884283
13075200,563.3332160760398
13078800,450.6005452769842
13082400,338.7196916608809
13086000,235.31515050991467
13089600,147.43377041947724
13093200,81.0645222118116
13096800,40.73036047194597
13100400,29.179991667096886
13104000,47.200554343408214
13107600,93.56397693487355
13111200,165.11066881110156
13114800,256.96484115720943
13118400,362.86678392390775
13122000,475.59945472306055
13125600,587.4803083391147
13129200,690.8848494900814
13132800,778.7662295805535
13136400,845.1354777881862
13140000,885.4696395280416
13143600,897.0200083329032
13147200,878.9994456565931
13150800,832.636023065103
13154400,761.0893311889018
13158000,669.2351588428382
13161600,563.3332160760968
13165200,450.6005452769442
13168800,338.7196916608426
13172400,235.31515050992266
13176000,147.43377041944973
13179600,81.06452221183946
13183200,40.73036047195956
13186800,29.179991667098022
13190400,47.20055434340554
13194000,93.56397693489458
13197600,165.11066881105887
13201200,256.96484115715776
13204800,362.8667839239466
13208400,475.59945472305117
13212000,587.480308339153
13215600,690.8848494901154
13219200,778.7662295805133
13222800,845.1354777881818
13226400,885.4696395280394
13230000,897.0200083329021
13233600,878.9994456565817
13237200,832.6360230651338
13240800,761.0893311889088
13244400,669.2351588428464
13248000,563.333216076058
13251600,450.6005452769042
13255200,338.7196916608516
13258800,235.31515050993062
13262400,147.4337704194901
13266000,81.06452221182047
13269600,40.73036047195035
13273200,29.179991667097738
13276800,47.20055434340287
13280400,93.56397693486372
13284000,165.11066881108798
13287600,256.96484115719295
13291200,362.86678392393753
13294800,475.5994547230911
13298400,587.4803083390967
13302000,690.8848494900654
13305600,778.7662295805407
13309200,845.1354777881774
13312800,885.4696395280487
13316400,897.0200083329039
13320000,878.9994456565985
13323600,832.6360230651128
13327200,761.0893311889155
13330800,669.2351588428112
13334400,563.3332160760191
13338000,450.6005452769629
13341600,338.7196916608606
13345200,235.31515050993858
13348800,147.43377041946263
13352400,81.06452221180149
13356000,40.73036047196388
13359600,29.179991667097454
13363200,47.2005543434002
13366800,93.56397693488475
13370400,165.11066881111702
13374000,256.9648411571847
13377600,362.86678392392844
13381200,475.59945472303247
13384800,587.480308339135
13388400,690.8848494900994
13392000,778.7662295805342
13395600,845.1354777881729
13399200,885.469639528035
13402800,897.0200083329026
13406400,878.9994456565871
13410000,832.6360230651178
13413600,761.0893311888864
13417200,669.2351588428629
13420800,563.3332160760762
13424400,450.60054527692296
13428000,338.7196916608695
13431600,235.31515050990453
13435200,147.43377041950293
13438800,81.06452221182934
13442400,40.73036047195461
13446000,29.179991667097227
13449600,47.200554343411625
13453200,93.56397693490572
13456800,165.11066881107433
13460400,256.96484115717647
13464000,362.86678392391934
13467600,475.5994547230724
13471200,587.4803083391733
13474800,690.8848494900495
13478400,778.7662295805278
13482000,845.1354777881684
13485600,885.4696395280444
13489200,897.0200083329016
13492800,878.9994456565897
13496400,832.6360230651227
13500000,761.089331188929
13503600,669.2351588428277
13507200,563.3332160760373
13510800,450.6005452769323
13514400,338.7196916608785
13518000,235.31515050995452
13521600,147.43377041947548
13525200,81.06452221181036
13528800,40.73036047195677
13532400,29.179991667098363
13536000,47.2005543433948
13539600,93.56397693487492
13543200,165.11066881110344
13546800,256.9648411571683
13550400,362.8667839239582
13554000,475.59945472301376
13557600,587.4803083391171
13561200,690.8848494900835
13564800,778.7662295805214
13568400,845.1354777881875
13572000,885.4696395280536
13575600,897.0200083329032
13579200,878.9994456565925
13582800,832.6360230651276
13586400,761.0893311889
13590000,669.2351588427925
13593600,563.3332160760943
13597200,450.60054527694166
13600800,338.71969166088746
13604400,235.31515050992044
13608000,147.43377041944802
13611600,81.06452221181485
13615200,40.73036047195893
13618800,29.179991667096715
13622400,47.20055434340628
13626000,93.56397693489589
13629600,165.11066881109662
13633200,256.96484115716
13636800,362.8667839239011
13640400,475.5994547230537
13644000,587.4803083391554
13647600,690.8848494900756
13651200,778.7662295805487
13654800,845.1354777881595
13658400,885.46963952804
13662000,897.0200083329021
13665600,878.9994456565951
13669200,832.6360230651067
13672800,761.0893311889427
13676400,669.2351588428442
13680000,563.3332160760555
13683600,450.600545276951
13687200,338.71969166084915
13690800,235.31515050988642
13694400,147.43377041948833
13698000,81.06452221181928
13701600,40.73036047196115
13705200,29.179991667097852
13708800,47.200554343417764
13712400,93.56397693486508
13716000,165.1106688110898
13719600,256.9648411571518
13723200,362.86678392394003
13726800,475.5994547230937
13730400,587.4803083391464
13734000,690.8848494900676
13737600,778.7662295805085
13741200,845.1354777881786
13744800,885.4696395280492
13748400,897.0200083329023
13752000,878.9994456565978
13755600,832.6360230651374
13759200,761.0893311889135
13762800,669.2351588428089
13766400,563.3332160760646
13770000,450.600545276911
13773600,338.71969166090537
13777200,235.3151505099364
13780800,147.43377041946087
13784400,81.06452221182371
13788000,40.73036047195188
13791600,29.17999166709609
13795200,47.20055434340094
13798800,93.56397693488611
13802400,165.11066881108303
13806000,256.964841157187
13809600,362.8667839239789
13813200,475.599454723035
13816800,587.4803083391374
13820400,690.8848494900597
13824000,778.766229580536
13827600,845.1354777881975
13831200,885.4696395280357
13834800,897.0200083329026
13838400,878.9994456566005
13842000,832.6360230651164
13845600,761.0893311888846
13849200,669.2351588428172
13852800,563.3332160760737
13856400,450.60054527696974
13860000,338.71969166086706
13863600,235.31515050990237
13867200,147.4337704194673
13870800,81.06452221182815
13874400,40.73036047196541
13878000,29.179991667097283
13881600,47.200554343412364
13885200,93.56397693488117
13888800,165.11066881111213
13892400,256.9648411571353
13896000,362.8667839239218
13899600,475.599454723075
13903200,587.4803083391284
13906800,690.8848494900938
13910400,778.7662295804957
13914000,845.1354777881697
13917600,885.4696395280449
13921200,897.0200083329029
13924800,878.9994456565889
13928400,832.6360230650955
13932000,761.0893311889272
13935600,669.2351588428254
13939200,563.3332160760827
13942800,450.6005452769297
13946400,338.71969166082874
13950000,235.31515050995236
13953600,147.43377041947372
13957200,81.06452221183264
13960800,40.7303604719562
13964400,29.17999166709842
13968000,47.20055434340969
13971600,93.56397693487628
13975200,165.1106688110694
13978800,256.9648411571705
13982400,362.8667839239607
13986000,475.5994547230656
13989600,587.4803083391196
13993200,690.8848494900437
13996800,778.766229580523
14000400,845.1354777881886
14004000,885.4696395280428
14007600,897.0200083329017
14011200,878.9994456566058
14014800,832.6360230651262
14018400,761.0893311888981
14022000,669.2351588428337
14025600,563.3332160760439
14029200,450.60054527698844
14032800,338.719691660885
14036400,235.31515050991828
14040000,147.43377041948008
14043600,81.0645222118136
14047200,40.73036047194694
14050800,29.179991667096772
14054400,47.200554343406964
14058000,93.56397693487133
14061600,165.1106688110985
14065200,256.9648411572057
14068800,362.8667839239036
14072400,475.59945472300694
14076000,587.4803083391579
14079600,690.8848494900778
14083200,778.7662295805167
14086800,845.1354777882077
14090400,885.4696395280291
14094000,897.0200083329021
14097600,878.9994456565944
14101200,832.6360230651312
14104800,761.0893311888691
14108400,669.2351588428853
14112000,563.333216076053
14115600,450.6005452769484
14119200,338.719691660894
14122800,235.31515050988426
14126400,147.43377041945269
14130000,81.06452221181809
14133600,40.73036047196052
14137200,29.179991667096488
14140800,47.200554343418446
14144400,93.56397693489231
14148000,165.11066881109167
14151600,256.964841157154
14155200,362.86678392389445
14158800,475.59945472309624
14162400,587.4803083391489
14166000,690.8848494900699
14169600,778.7662295805103
14173200,845.1354777881563
14176800,885.4696395280498
14180400,897.0200083329023
14184000,878.9994456565971
14187600,832.636023065136
14191200,761.0893311889477
14194800,669.2351588428066
14198400,563.3332160760622
14202000,450.6005452769578
14205600,338.7196916608084
14209200,235.31515050997626
14212800,147.4337704194591
14216400,81.06452221182252
14220000,40.73036047196268
14223600,29.179991667099046
14227200,47.200554343415774
14230800,93.56397693488742
14234400,165.1106688110849
14238000,256.96484115714577
14241600,362.8667839239814
14245200,475.59945472308686
14248800,587.4803083391399
14252400,690.8848494900618
14256000,778.7662295805038
14259600,845.1354777881987
14263200,885.4696395280478
14266800,897.0200083329025
14270400,878.9994456565997
14274000,832.636023065141
14277600,761.0893311888826
14281200,669.2351588428149
14284800,563.3332160760713
14288400,450.6005452769672
14292000,338.7196916609119
14295600,235.3151505099002
14299200,147.43377041946553
14302800,81.06452221182695
14306400,40.73036047194205
14310000,29.17999166709592
14313600,47.2005543434131
14317200,93.56397693488248
14320800,165.11066881107803
14324400,256.9648411572244
14328000,362.86678392387626
14331600,475.59945472307754
14335200,587.4803083391309
14338800,690.8848494900539
14342400,778.7662295805652
14346000,845.1354777881943
14349600,885.4696395280455
14353200,897.0200083329028
14356800,878.9994456566023
14360400,832.6360230650942
14364000,761.0893311888894
14367600,669.2351588428232
14371200,563.3332160760804
14374800,450.6005452769765
14378400,338.7196916608263
14382000,235.31515050990816
14385600,147.43377041947195
14389200,81.06452221183139
14392800,40.730360471967
14396400,29.179991667098534
14400000,47.20055434341043
14403600,93.56397693487764
14407200,165.11066881107126
14410800,256.9648411571293
14414400,362.8667839239632
14418000,475.59945472306816
14421600,587.480308339122
14425200,690.8848494901299
14428800,778.766229580491
14432400,845.1354777881899
14436000,885.4696395280433
14439600,897.0200083329031
14443200,878.9994456565769
14446800,832.6360230651508
14450400,761.0893311888963
14454000,669.2351588428314
14457600,563.3332160760895
14461200,450.6005452768872
14464800,338.7196916608353
14468400,235.3151505099161
14472000,147.43377041947838
14475600,81.06452221183588
14479200,40.73036047194637
14482800,29.17999166709825
14486400,47.2005543434077
14490000,93.5639769348727
14493600,165.11066881106444
14497200,256.96484115720796
14500800,362.8667839239541
14504400,475.59945472305884
14508000,587.480308339113
14511600,690.8848494900379
14515200,778.7662295805524
14518800,845.1354777881854
14522400,885.4696395280412
14526000,897.0200083329033
14529600,878.9994456566078
14533200,832.6360230651039
14536800,761.0893311889031
14540400,669.2351588428396
14544000,563.3332160760025
14547600,450.6005452769952
14551200,338.7196916608442
14554800,235.3151505099241
14558400,147.4337704194848
14562000,81.06452221179342
14565600,40.73036047197132
14569200,29.179991667098022
14572800,47.20055434340509
14576400,93.56397693486781
14580000,165.11066881112941
14583600,256.96484115719966
14587200,362.866783923945
14590800,475.59945472304946
14594400,587.480308339104
14598000,690.884849490114
14601600,778.766229580546
14605200,845.1354777881809
14608800,885.469639528039
14612400,897.0200083329037
14616000,878.9994456565822
14619600,832.6360230651088
14623200,761.0893311889099
14626800,669.2351588428479
14630400,563.3332160761076
14634000,450.6005452769059
14637600,338.7196916608532
14641200,235.31515050993207
14644800,147.43377041949122
14648400,81.06452221184475
14652000,40.73036047195069
14655600,29.17999166709768
14659200,47.20055434340236
14662800,93.56397693491465
14666400,165.11066881105086
14670000,256.9648411571915
14673600,362.8667839239359
14677200,475.59945472304014
14680800,587.4803083391896
14684400,690.884849490022
14688000,778.7662295805395
14691600,845.1354777881766
14695200,885.4696395280369
14698800,897.020008332901
14702400,878.9994456565848
14706000,832.6360230651137
14709600,761.0893311889167
14713200,669.2351588428561
14716800,563.3332160760207
14720400,450.6005452769153
14724000,338.71969166086217
14727600,235.31515050994
14731200,147.43377041949765
14734800,81.06452221184918
14738400,40.730360471975644
14742000,29.179991667097397
14745600,47.20055434339969
14749200,93.56397693485798
14752800,165.11066881104404
14756400,256.9648411570963
14760000,362.8667839239268
14763600,475.59945472303076
14767200,587.4803083390862
14770800,690.884849490014
14774400,778.7662295804653
14778000,845.135477788172
14781600,885.4696395280348
14785200,897.0200083329041
14788800,878.9994456566159
14792400,832.6360230651704
14796000,761.0893311889236
14799600,669.2351588428644
14803200,563.3332160761258
14806800,450.6005452770233
14810400,338.71969166096574
14814000,235.315150509948
14817600,147.43377041950407
14821200,81.06452221185361
14824800,40.73036047195501
14828400,29.179991667094328
14832000,47.200554343397016
14835600,93.56397693485303
14839200,165.11066881103721
14842800,256.964841157175
14846400,362.86678392382163
14850000,475.5994547230214
14853600,587.4803083390772
14857200,690.884849490006
14860800,778.7662295805267
14864400,845.1354777881677
14868000,885.4696395280325
14871600,897.0200083329044
14875200,878.9994456566185
14878800,832.6360230651236
14882400,761.0893311889304
14886000,669.2351588428726
14889600,563.3332160761349
14893200,450.60054527703267
14896800,338.71969166088013
14900400,235.31515050995597
14904000,147.4337704195105
14907600,81.0645222118581
14911200,40.730360471979964
14914800,29.179991667096886
14918400,47.20055434339429
14922000,93.56397693484814
14925600,165.11066881103045
14929200,256.9648411570799
14932800,362.86678392390854
14936400,475.59945472301206
14940000,587.4803083390682
14943600,690.8848494900822
14947200,778.7662295804525
14950800,845.1354777881631
14954400,885.4696395280304
14958000,897.0200083329047
14961600,878.9994456565929
14965200,832.6360230651803
14968800,761.0893311889372
14972400,669.2351588428809
14976000,563.333216076144
14979600,450.60054527694336
14983200,338.7196916608891
14986800,235.31515050996393
14990400,147.43377041951692
14994000,81.06452221186254
14997600,40.73036047195933
15001200,29.179991667096658
15004800,47.20055434339167
15008400,93.5639769348432
15012000,165.11066881102363
15015600,256.9648411571585
15019200,362.86678392389945
15022800,475.5994547230027
15026400,587.4803083390592
15030000,690.8848494899901
15033600,778.7662295805137
15037200,845.1354777881587
15040800,885.4696395280282
15044400,897.020008332905
15048000,878.999445656624
15051600,832.6360230651334
15055200,761.089331188944
15058800,669.2351588428891
15062400,563.3332160760572
15066000,450.60054527705137
15069600,338.71969166089804
15073200,235.31515050997191
15076800,147.43377041952334
15080400,81.06452221182013
15084000,40.730360471984284
15087600,29.179991667096374
15091200,47.200554343388944
15094800,93.56397693483831
15098400,165.1106688110886
15102000,256.96484115715026
15105600,362.86678392389035
15109200,475.59945472299336
15112800,587.4803083390502
15116400,690.8848494900662
15120000,778.7662295805073
15123600,845.1354777881543
15127200,885.469639528026
15130800,897.0200083329053
15134400,878.9994456565983
15138000,832.6360230651383
15141600,761.0893311889508
15145200,669.2351588428974
15148800,563.3332160761623
15152400,450.60054527696207
15156000,338.719691660907
15159600,235.31515050997987
15163200,147.43377041952982
15166800,81.0645222118714
15170400,40.73036047196371
15174000,29.17999166709609
15177600,47.20055434338627
15181200,93.5639769348852
15184800,165.11066881101
15188400,256.964841157142
15192000,362.86678392388126
15195600,475.599454722984
15199200,587.4803083391358
15202800,690.8848494899742
15206400,778.766229580501
15210000,845.1354777881498
15213600,885.4696395280239
15217200,897.0200083329026
15220800,878.999445656601
15224400,832.6360230651433
15228000,761.0893311889577
15231600,669.2351588429055
15235200,563.3332160760754
15238800,450.60054527697145
15242400,338.71969166091594
15246000,235.31515050998783
15249600,147.4337704195362
15253200,81.064522211829
15256800,40.73036047196587
15260400,29.179991667095805
15264000,47.2005543433836
15267600,93.56397693482847
15271200,165.11066881107496
15274800,256.96484115713383
15278400,362.86678392387216
15282000,475.5994547229746
15285600,587.4803083390323
15289200,690.8848494900502
15292800,778.7662295804945
15296400,845.1354777881454
15300000,885.4696395280446
15303600,897.0200083329057
15307200,878.9994456566037
15310800,832.636023065148
15314400,761.0893311889644
15318000,669.2351588428269
15321600,563.3332160761805
15325200,450.60054527698077
15328800,338.7196916609249
15332400,235.31515050999576
15336000,147.43377041947485
15339600,81.06452221183343
15343200,40.73036047196797
15346800,29.17999166709552
15350400,47.20055434338093
15354000,93.56397693487537
15357600,165.11066881106814
15361200,256.96484115712553
15364800,362.866783923863
15368400,475.5994547229653
15372000,587.4803083391179
15375600,690.8848494900424
15379200,778.766229580488
15382800,845.135477788141
15386400,885.4696395280196
15390000,897.0200083329032
15393600,878.9994456566063
15397200,832.636023065153
15400800,761.0893311888995
15404400,669.235158842922
15408000,563.3332160760935
15411600,450.60054527699015
15415200,338.7196916609339
15418800,235.31515050991973
15422400,147.4337704195491
15426000,81.06452221183787
15429600,40.73036047197013
15433200,29.179991667095294
15436800,47.20055434340651
15440400,93.56397693487042
15444000,165.11066881106137
15447600,256.96484115711735
15451200,362.8667839238539
15454800,475.5994547230546
15458400,587.4803083391089
15462000,690.8848494900343
15465600,778.7662295804816
15469200,845.1354777881365
15472800,885.4696395280403
15476400,897.0200083329034
15480000,878.9994456566089
15483600,832.6360230651579
15487200,761.0893311889779
15490800,669.2351588428435
15494400,563.3332160761026
15498000,450.60054527699947
15501600,338.7196916609429
15505200,235.31515051001173
15508800,147.4337704194877
15512400,81.0645222118423
15516000,40.73036047197229
15519600,29.179991667097852
15523200,47.200554343375586
15526800,93.56397693486554
15530400,165.11066881105455
15534000,256.9648411571091
15537600,362.86678392394083
15541200,475.5994547229466
15544800,587.4803083391
15548400,690.8848494900263
15552000,778.7662295804753
15555600,845.135477788179
15559200,885.469639528038
15562800,897.0200083329037
15566400,878.9994456566117
15570000,832.6360230651628
15573600,761.089331188913
15577200,669.2351588428517
15580800,563.3332160761117
15584400,450.60054527700885
15588000,338.71969166095187
15591600,235.31515050993568
15595200,147.43377041949412
15598800,81.06452221184674
15602400,40.73036047197445
15606000,29.179991667094725
15609600,47.200554343401166
15613200,93.56397693486065
15616800,165.11066881104773
15620400,256.96484115710086
15624000,362.86678392383567
15627600,475.5994547230359
15631200,587.480308339091
15634800,690.8848494900184
15638400,778.7662295805366
15642000,845.1354777881277
15645600,885.4696395280359
15649200,897.020008332904
15652800,878.9994456566144
15656400,832.636023065116
15660000,761.0893311889915
15663600,669.2351588428598
15667200,563.3332160761208
15670800,450.60054527701817
15674400,338.71969166086626
15678000,235.31515050994363
15681600,147.4337704195006
15685200,81.06452221185117
15688800,40.73036047197667
15692400,29.17999166709734
15696000,47.20055434339844
15699600,93.56397693485576
15703200,165.1106688110409
15706800,256.9648411570926
15710400,362.86678392392264
15714000,475.5994547230265
15717600,587.4803083390821
15721200,690.8848494900104
15724800,778.7662295804623
15728400,845.1354777881701
15732000,885.4696395280337
15735600,897.0200083329042
15739200,878.9994456566171
15742800,832.6360230651727
15746400,761.0893311889266
15750000,669.2351588428681
15753600,563.3332160761299
15757200,450.60054527692887
15760800,338.7196916609698
15764400,235.31515050995162
15768000,147.43377041950703
15771600,81.0645222118556
15775200,40.73036047195603
15778800,29.179991667094214
15782400,47.20055434339582
15786000,93.56397693485081
15789600,165.11066881103415
15793200,256.96484115717124
15796800,362.86678392391354
15800400,475.5994547230172
15804000,587.4803083390731
15807600,690.8848494900025
15811200,778.7662295805237
15814800,845.1354777881656
15818400,885.4696395280316
15822000,897.0200083329046
15825600,878.9994456566197
15829200,832.6360230651258
15832800,761.0893311889334
15836400,669.2351588428763
15840000,563.3332160761391
15843600,450.60054527703693
15847200,338.7196916608842
15850800,235.31515050995958
15854400,147.4337704195134
15858000,81.0645222118601
15861600,40.73036047198093
15865200,29.179991667096772
15868800,47.200554343393094
15872400,93.56397693484593
15876000,165.11066881109912
15879600,256.96484115707614
15883200,362.86678392390445
15886800,475.5994547230078
15890400,587.4803083390641
15894000,690.8848494900785
15897600,778.7662295804496
15901200,845.1354777881612
15904800,885.4696395280293
15908400,897.0200083329048
15912000,878.9994456565942
15915600,832.6360230651308
15919200,761.0893311889402
15922800,669.2351588428846
15926400,563.3332160761482
15930000,450.6005452769476
15933600,338.71969166089315
15937200,235.31515050996754
15940800,147.43377041951987
15944400,81.06452221186453
15948000,40.730360471960296
15951600,29.179991667096488
15955200,47.20055434339042
15958800,93.56397693484098
15962400,165.1106688110205
15966000,256.96484115715475
15969600,362.8667839238953
15973200,475.5994547229984
15976800,587.4803083390551
15980400,690.8848494899864
15984000,778.7662295805109
15987600,845.1354777881568
15991200,885.4696395280273
15994800,897.0200083329023
15998400,878.9994456566251
16002000,832.6360230651356
16005600,761.0893311889471
16009200,669.2351588428928
16012800,563.3332160760613
16016400,450.60054527705563
16020000,338.71969166090213
16023600,235.31515050997552
16027200,147.4337704195263
16030800,81.06452221182212
16034400,40.730360471962456
16038000,29.179991667096203
16041600,47.20055434338775
16045200,93.56397693483609
16048800,165.11066881108553
16052400,256.9648411571465
16056000,362.8667839238862
16059600,475.5994547229891
16063200,587.4803083390461
16066800,690.8848494900626
16070400,778.7662295805044
16074000,845.1354777881522
16077600,885.469639528025
16081200,897.0200083329054
16084800,878.9994456565995
16088400,832.6360230651405
16092000,761.0893311889538
16095600,669.2351588429011
16099200,563.3332160761664
16102800,450.60054527696633
16106400,338.71969166091105
16110000,235.31515050998348
16113600,147.4337704194649
16117200,81.0645222118734
16120800,40.730360471964616
16124400,29.179991667095976
16128000,47.20055434338508
16131600,93.56397693488299
16135200,165.11066881100692
16138800,256.96484115713827
16142400,362.8667839238771
16146000,475.5994547229797
16149600,587.4803083391317
16153200,690.8848494900546
16156800,778.766229580498
16160400,845.1354777881479
16164000,885.469639528023
16167600,897.0200083329028
16171200,878.9994456566021
16174800,832.6360230651455
16178400,761.0893311889606
16182000,669.2351588429093
16185600,563.3332160760795
16189200,450.60054527697565
16192800,338.71969166092003
16196400,235.31515050999144
16200000,147.43377041953914
16203600,81.06452221183099
16207200,40.73036047196683
16210800,29.179991667095692
16214400,47.20055434338235
16218000,93.56397693482626
16221600,165.1106688110719
16225200,256.9648411571301
16228800,362.86678392386796
16232400,475.599454723069
16236000,587.4803083390283
16239600,690.8848494900467
16243200,778.7662295804917
16246800,845.1354777881434
16250400,885.4696395280436
16254000,897.020008332906
16257600,878.9994456566048
16261200,832.6360230651503
16264800,761.0893311889674
16268400,669.2351588428307
16272000,563.3332160760885
16275600,450.60054527698503
16279200,338.719691660929
16282800,235.31515050999943
16286400,147.4337704194778
16290000,81.06452221183542
16293600,40.73036047196899
16297200,29.179991667095464
16300800,47.200554343379736
16304400,93.56397693487315
16308000,165.11066881106507
16311600,256.9648411571218
16315200,362.86678392385886
16318800,475.599454722961
16322400,587.4803083391139
16326000,690.8848494900386
16329600,778.7662295804851
16333200,845.1354777881389
16336800,885.4696395280187
16340400,897.0200083329033
16344000,878.9994456566076
16347600,832.6360230651553
16351200,761.0893311889024
16354800,669.2351588429258
16358400,563.3332160760976
16362000,450.60054527699435
16365600,338.719691660938
16369200,235.31515050992337
16372800,147.433770419552
16376400,81.06452221183986
16380000,40.73036047197115
16383600,29.17999166709518
16387200,47.200554343405315
16390800,93.56397693486821
16394400,165.1106688110583
16398000,256.9648411571136
16401600,362.86678392384977
16405200,475.5994547230503
16408800,587.4803083391049
16412400,690.8848494900307
16416000,778.7662295804787
16419600,845.1354777881345
16423200,885.4696395280391
16426800,897.0200083329037
16430400,878.9994456566102
16434000,832.6360230651601
16437600,761.0893311889811
16441200,669.2351588428471
16444800,563.3332160761069
16448400,450.60054527700373
16452000,338.719691660947
16455600,235.31515051001534
16459200,147.43377041949066
16462800,81.06452221184435
16466400,40.730360471973256
16470000,29.17999166709768
16473600,47.200554343374336
16477200,93.56397693486332
16480800,165.11066881105143
16484400,256.9648411571053
16488000,362.8667839239367
16491600,475.5994547229423
16495200,587.4803083390959
16498800,690.8848494900227
16502400,778.7662295804723
16506000,845.1354777881769
16509600,885.4696395280371
16513200,897.0200083329039
16516800,878.9994456566129
16520400,832.6360230651651
16524000,761.089331188916
16527600,669.2351588428554
16531200,563.333216076116
16534800,450.6005452770131
16538400,338.71969166095596
16542000,235.3151505099393
16545600,147.43377041949708
16549200,81.06452221184878
16552800,40.730360471975416
16556400,29.179991667094612
16560000,47.20055434339997
16563600,93.56397693485837
16567200,165.11066881104466
16570800,256.9648411570971
16574400,362.8667839238316
16578000,475.5994547230316
16581600,587.480308339087
16585200,690.8848494900147
16588800,778.7662295805336
16592400,845.1354777881256
16596000,885.4696395280349
16599600,897.0200083329041
16603200,878.9994456566155
16606800,832.6360230651183
16610400,761.0893311889947
16614000,669.2351588428636
16617600,563.333216076125
16621200,450.60054527702243
16624800,338.71969166087035
16628400,235.3151505099473
16632000,147.4337704195035
16635600,81.06452221185322
16639200,40.73036047197763
16642800,29.17999166709717
16646400,47.20055434339724
16650000,93.56397693485349
16653600,165.11066881103784
16657200,256.96484115708887
16660800,362.8667839239185
16664400,475.59945472302223
16668000,587.480308339078
16671600,690.8848494900068
16675200,778.7662295804594
16678800,845.135477788168
16682400,885.4696395280328
16686000,897.0200083329044
16689600,878.9994456566183
16693200,832.6360230651749
16696800,761.0893311889297
16700400,669.2351588428719
16704000,563.3332160761341
16707600,450.60054527693313
16711200,338.71969166097387
16714800,235.31515050995523
16718400,147.43377041950993
16722000,81.06452221185765
16725600,40.730360471957
16729200,29.1799916670941
16732800,47.20055434339457
16736400,93.56397693484854
16740000,165.11066881103108
16743600,256.9648411571675
16747200,362.8667839239094
16750800,475.5994547230129
16754400,587.480308339069
16758000,690.8848494899988
16761600,778.7662295805208
16765200,845.1354777881636
16768800,885.4696395280306
16772400,897.0200083329047
16776000,878.999445656621
16779600,832.636023065128
16783200,761.0893311889365
16786800,669.2351588428801
16790400,563.3332160761432
16794000,450.60054527704114
16797600,338.71969166088826
16801200,235.3151505099632
16804800,147.43377041951635
16808400,81.06452221186214
16812000,40.73036047198195
16815600,29.179991667096658
16819200,47.2005543433919
16822800,93.56397693484365
16826400,165.110668811096
16830000,256.9648411570724
16833600,362.86678392390024
16837200,475.59945472300353
16840800,587.48030833906
16844400,690.8848494900749
16848000,778.7662295804466
16851600,845.1354777881592
16855200,885.4696395280284
16858800,897.0200083329049
16862400,878.9994456565953
16866000,832.6360230651329
16869600,761.0893311889433
16873200,669.2351588428884
16876800,563.3332160761523
16880400,450.60054527695183
16884000,338.71969166089724
16887600,235.31515050997115
16891200,147.43377041952277
16894800,81.06452221186657
16898400,40.73036047196132
16902000,29.17999166709643
16905600,47.20055434338923
16909200,93.56397693483876
16912800,165.11066881101743
16916400,256.964841157151
16920000,362.86678392389115
16923600,475.5994547229942
16927200,587.480308339051
16930800,690.8848494899829
16934400,778.7662295805079
16938000,845.1354777881547
16941600,885.4696395280262
16945200,897.0200083329023
16948800,878.9994456566263
16952400,832.6360230651378
16956000,761.0893311889502
16959600,669.2351588428966
16963200,563.3332160760654
16966800,450.6005452770599
16970400,338.71969166090616
16974000,235.31515050997913
16977600,147.4337704195292
16981200,81.06452221182411
16984800,40.73036047196348
16988400,29.17999166709609
16992000,47.2005543433865
16995600,93.56397693483387
16999200,165.1106688110824
17002800,256.9648411571428
17006400,362.86678392388205
17010000,475.59945472298483
17013600,587.480308339042
17017200,690.884849490059
17020800,778.7662295805015
17024400,845.1354777881502
17028000,885.4696395280241
17031600,897.0200083329055
17035200,878.9994456566008
17038800,832.6360230651428
17042400,761.089331188957
17046000,669.2351588429049
17049600,563.3332160761705
17053200,450.6005452769706
17056800,338.71969166091515
17060400,235.3151505099871
17064000,147.43377041946786
17067600,81.06452221187544
17071200,40.73036047196558
17074800,29.179991667095805
17078400,47.20055434338383
17082000,93.56397693488071
17085600,165.11066881100385
17089200,256.9648411571345
17092800,362.86678392387296
17096400,475.59945472297545
17100000,587.4803083391276
17103600,690.884849490051
17107200,778.7662295804951
17110800,845.1354777881459
17114400,885.469639528022
17118000,897.020008332903
17121600,878.9994456566035
17125200,832.6360230651477
17128800,761.0893311889638
17132400,669.235158842913
17136000,563.3332160760837
17139600,450.6005452769799
17143200,338.7196916609241
17146800,235.31515050999505
17150400,147.43377041954204
17154000,81.06452221183304
17157600,40.7303604719678
17161200,29.179991667095578
17164800,47.20055434338116
17168400,93.56397693482404
17172000,165.11066881106876
17175600,256.96484115712633
17179200,362.86678392386386
17182800,475.59945472306475
17186400,587.4803083390242
17190000,690.884849490043
17193600,778.7662295804887
17197200,845.1354777881413
17200800,885.4696395280425
17204400,897.0200083329061
17208000,878.999445656606
17211600,832.6360230651526
17215200,761.0893311889706
17218800,669.2351588428344
17222400,563.3332160760928
17226000,450.6005452769893
17229600,338.7196916609331
17233200,235.31515051000304
17236800,147.4337704194807
17240400,81.06452221183747
17244000,40.73036047196996
17247600,29.179991667095294
17251200,47.200554343378485
17254800,93.56397693487094
17258400,165.110668811062
17262000,256.9648411571181
17265600,362.86678392385477
17269200,475.59945472295675
17272800,587.4803083391098
17276400,690.884849490035
17280000,778.7662295804823
17283600,845.1354777881838
17287200,885.4696395280176
17290800,897.0200083329034
17294400,878.9994456566087
17298000,832.6360230651576
17301600,761.0893311889056
17305200,669.2351588429295
17308800,563.3332160761018
17312400,450.6005452769986
17316000,338.7196916609421
17319600,235.315150509927
17323200,147.43377041948713
17326800,81.0645222118419
17330400,40.73036047197212
17334000,29.179991667095067
17337600,47.20055434340412
17341200,93.56397693486599
17344800,165.11066881105512
17348400,256.96484115710984
17352000,362.8667839238456
17355600,475.59945472304605
17359200,587.4803083391008
17362800,690.8848494900271
17366400,778.7662295804759
17370000,845.1354777881324
17373600,885.4696395280382
17377200,897.0200083329037
17380800,878.9994456566114
17384400,832.6360230651624
17388000,761.0893311889843
17391600,669.2351588428509
17395200,563.333216076111
17398800,450.600545277008
17402400,338.7196916608565
17406000,235.31515051001895
17409600,147.43377041949356
17413200,81.0645222118464
17416800,40.73036047197428
17420400,29.179991667097624
17424000,47.200554343373085
17427600,93.5639769348611
17431200,165.11066881104836
17434800,256.9648411571016
17438400,362.86678392393253
17442000,475.59945472303673
17445600,587.4803083390918
17449200,690.8848494900192
17452800,778.7662295804694
17456400,845.135477788175
17460000,885.469639528036
17463600,897.0200083329039
17467200,878.9994456566142
17470800,832.6360230651674
17474400,761.0893311889192
17478000,669.2351588428592
17481600,563.33321607612
17485200,450.6005452770173
17488800,338.71969166096
17492400,235.3151505099429
17496000,147.43377041950004
17499600,81.06452221185083
17503200,40.73036047197644
17506800,29.179991667094498
17510400,47.20055434339872
17514000,93.56397693485616
17517600,165.11066881104153
17521200,256.9648411571802
17524800,362.8667839238274
17528400,475.59945472302735
17532000,587.4803083390829
17535600,690.8848494900111
17539200,778.7662295805308
17542800,845.1354777881236
17546400,885.4696395280339
17550000,897.0200083329042
17553600,878.9994456566169
17557200,832.6360230651205
17560800,761.089331188926
17564400,669.2351588428673
17568000,563.3332160761291
17571600,450.6005452770267
17575200,338.7196916608744
17578800,235.3151505099509
17582400,147.4337704195064
17586000,81.06452221185526
17589600,40.7303604719786
17593200,29.179991667097056
17596800,47.20055434339605
17600400,93.56397693485127
17604000,165.11066881103477
17607600,256.9648411570851
17611200,362.86678392391434
17614800,475.59945472301797
17618400,587.4803083390739
17622000,690.8848494900031
17625600,778.7662295804566
17629200,845.135477788166
17632800,885.4696395280317
17636400,897.0200083329046
17640000,878.9994456565912
17643600,832.6360230651771
17647200,761.0893311889329
17650800,669.2351588428755
17654400,563.3332160761382
17658000,450.6005452769374
17661600,338.7196916609779
17665200,235.31515050995884
17668800,147.43377041951283
17672400,81.0645222118597
17676000,40.730360471957965
17679600,29.179991667096772
17683200,47.20055434339332
17686800,93.56397693484632
17690400,165.11066881102795
17694000,256.96484115716373
17697600,362.86678392390525
17701200,475.59945472300865
17704800,587.4803083390649
17708400,690.8848494899952
17712000,778.7662295805178
17715600,845.1354777881616
17719200,885.4696395280296
17722800,897.0200083329048
17726400,878.9994456566221
17730000,832.6360230651303
17733600,761.0893311889396
17737200,669.2351588428838
17740800,563.3332160761474
17744400,450.6005452770454
17748000,338.71969166089235
17751600,235.3151505099668
17755200,147.43377041951925
17758800,81.06452221181729
17762400,40.73036047198292
17766000,29.179991667096544
17769600,47.20055434339065
17773200,93.56397693484143
17776800,165.11066881109292
17780400,256.9648411570687
17784000,362.86678392389615
17787600,475.59945472299927
17791200,587.4803083390559
17794800,690.8848494900712
17798400,778.7662295805114
17802000,845.1354777881571
17805600,885.4696395280275
17809200,897.020008332905
17812800,878.9994456565965
17816400,832.6360230651351
17820000,761.0893311889465
17823600,669.2351588428921
17827200,563.3332160761565
17830800,450.6005452769561
17834400,338.7196916609013
17838000,235.3151505099748
17841600,147.43377041952573
17845200,81.06452221186856
17848800,40.730360471962285
17852400,29.17999166709626
17856000,47.20055434338798
17859600,93.56397693483649
17863200,165.1106688110143
17866800,256.96484115714725
17870400,362.86678392388706
17874000,475.59945472298995
17877600,587.4803083391415
17881200,690.8848494899793
17884800,778.7662295805051
17888400,845.1354777881527
17892000,885.4696395280253
17895600,897.0200083329025
17899200,878.9994456566276
17902800,832.6360230651401
17906400,761.0893311889532
17910000,669.2351588429003
17913600,563.3332160760696
17917200,450.6005452769655
17920800,338.71969166091026
17924400,235.31515050998277
17928000,147.4337704195321
17931600,81.06452221182616
17935200,40.730360471964445
17938800,29.179991667095976
17942400,47.200554343385306
17946000,93.5639769348316
17949600,165.11066881107928
17953200,256.96484115713906
17956800,362.8667839238779
17960400,475.59945472298057
17964000,587.4803083390381
17967600,690.8848494900553
17971200,778.7662295804986
17974800,845.1354777881483
17978400,885.4696395280231
17982000,897.0200083329056
17985600,878.9994456566019
17989200,832.636023065145
17992800,761.08933118896
17996400,669.2351588428216
18000000,563.3332160761747
18003600,450.6005452769748
18007200,338.71969166091924
18010800,235.3151505099907
18014400,147.43377041947082
18018000,81.06452221187743
18021600,40.730360471966605
18025200,29.17999166709575
18028800,47.20055434338258
18032400,93.5639769348785
18036000,165.11066881107251
18039600,256.96484115713076
18043200,362.8667839238688
18046800,475.59945472297125
18050400,587.4803083391237
18054000,690.8848494900474
18057600,778.7662295804921
18061200,845.1354777881438
18064800,885.4696395280209
18068400,897.020008332903
18072000,878.9994456566046
18075600,832.6360230651499
18079200,761.0893311889668
18082800,669.2351588429168
18086400,563.3332160760878
18090000,450.6005452769842
18093600,338.7196916609282
18097200,235.31515050999872
18100800,147.433770419545
18104400,81.06452221183503
18108000,40.730360471968766
18111600,29.179991667095464
18115200,47.200554343408214
18118800,93.56397693482182
18122400,165.1106688110657
18126000,256.9648411571226
18129600,362.8667839238597
18133200,475.59945472306055
18136800,587.4803083390201
18140400,690.8848494900394
18144000,778.7662295804857
18147600,845.1354777881394
18151200,885.4696395280416
18154800,897.0200083329032
18158400,878.9994456566073
18162000,832.6360230651549
18165600,761.0893311889737
18169200,669.2351588428381
18172800,563.3332160760968
18176400,450.60054527699356
18180000,338.7196916609372
18183600,235.31515051000667
18187200,147.4337704194836
18190800,81.06452221183946
18194400,40.73036047197098
18198000,29.17999166709518
18201600,47.200554343377235
18205200,93.56397693486866
18208800,165.11066881105887
18212400,256.9648411571143
18216000,362.86678392385056
18219600,475.5994547229525
18223200,587.4803083391057
18226800,690.8848494900315
18230400,778.7662295804794
18234000,845.1354777881818
18237600,885.4696395280166
18241200,897.0200083329037
18244800,878.99944565661
18248400,832.6360230651597
18252000,761.0893311889088
18255600,669.2351588429333
18259200,563.3332160761059
18262800,450.6005452770029
18266400,338.7196916609462
18270000,235.31515050993062
18273600,147.43377041949003
18277200,81.0645222118439
18280800,40.730360471973086
18284400,29.179991667094896
18288000,47.20055434340287
18291600,93.56397693486372
18295200,165.11066881105205
18298800,256.9648411571061
18302400,362.86678392384147
18306000,475.5994547230418
18309600,587.4803083390967
18313200,690.8848494900235
18316800,778.7662295804729
18320400,845.1354777881304
18324000,885.4696395280373
18327600,897.0200083329039
18331200,878.9994456566127
18334800,832.6360230651646
18338400,761.0893311889872
18342000,669.2351588428546
18345600,563.3332160761151
18349200,450.60054527701226
18352800,338.7196916608606
18356400,235.31515051002262
18360000,147.4337704194965
18363600,81.06452221184833
18367200,40.730360471975246
18370800,29.179991667097454
18374400,47.20055434337189
18378000,93.56397693485883
18381600,165.1106688110453
18385200,256.96484115709785
18388800,362.86678392392844
18392400,475.59945472303247
18396000,587.4803083390877
18399600,690.8848494900154
18403200,778.7662295804664
18406800,845.1354777881729
18410400,885.469639528035
18414000,897.0200083329041
18417600,878.9994456566153
18421200,832.6360230651696
18424800,761.0893311889223
18428400,669.2351588428629
18432000,563.3332160761242
18435600,450.6005452770216
18439200,338.7196916609641
18442800,235.3151505099465
18446400,147.43377041950293
18450000,81.06452221185282
18453600,40.730360471977406
18457200,29.179991667094384
18460800,47.20055434339747
18464400,93.56397693485394
18468000,165.11066881103847
18471600,256.96484115717647
18475200,362.8667839238233
18478800,475.5994547230231
18482400,587.4803083390788
18486000,690.8848494900075
18489600,778.7662295805278
18493200,845.1354777881215
18496800,885.469639528033
18500400,897.0200083329044
18504000,878.999445656618
18507600,832.6360230651227
18511200,761.089331188929
18514800,669.2351588428711
18518400,563.3332160761333
18522000,450.60054527703096
18525600,338.7196916608785
18529200,235.31515050995452
18532800,147.4337704195093
18536400,81.06452221185725
18540000,40.730360471979566
18543600,29.179991667096942
18547200,47.2005543433948
18550800,93.56397693484905
18554400,165.1106688110317
18558000,256.96484115708137
18561600,362.86678392391025
18565200,475.59945472301376
18568800,587.4803083390698
18572400,690.8848494899995
18576000,778.7662295804537
18579600,845.135477788164
18583200,885.4696395280307
18586800,897.0200083329046
18590400,878.9994456565925
18594000,832.6360230651794
18597600,761.0893311889358
18601200,669.2351588428794
18604800,563.3332160761424
18608400,450.60054527694166
18612000,338.719691660982
18615600,235.31515050996248
18619200,147.43377041951578
18622800,81.06452221186169
18626400,40.73036047195893
18630000,29.179991667096715
18633600,47.20055434339213
18637200,93.5639769348441
18640800,165.11066881102482
18644400,256.96484115716
18648000,362.8667839239011
18651600,475.5994547230044
18655200,587.4803083390608
18658800,690.8848494899917
18662400,778.766229580515
18666000,845.1354777881595
18669600,885.4696395280287
18673200,897.0200083329049
18676800,878.9994456566234
18680400,832.6360230651326
18684000,761.0893311889427
18687600,669.2351588428876
18691200,563.3332160761515
18694800,450.60054527704966
18698400,338.7196916608964
18702000,235.3151505099704
18705600,147.4337704195222
18709200,81.06452221181928
18712800,40.73036047198394
18716400,29.17999166709643
18720000,47.200554343389456
18723600,93.56397693483922
18727200,165.1106688110898
18730800,256.96484115706494
18734400,362.866783923892
18738000,475.599454722995
18741600,587.4803083390518
18745200,690.8848494900676
18748800,778.7662295805085
18752400,845.1354777881552
18756000,885.4696395280264
18759600,897.0200083329053
18763200,878.9994456565978
18766800,832.6360230651374
18770400,761.0893311889495
18774000,669.2351588428089
18777600,563.3332160761606
18781200,450.60054527705904
18784800,338.71969166090537
18788400,235.31515050997842
18792000,147.43377041946087
18795600,81.06452221187061
18799200,40.73036047196331
18802800,29.17999166709609
18806400,47.20055434338673
18810000,93.56397693488611
18813600,165.11066881101124
18817200,256.9648411571435
18820800,362.8667839238829
18824400,475.5994547229857
18828000,587.4803083391374
18831600,690.8848494899756
18835200,778.7662295805021
18838800,845.1354777881506
18842400,885.4696395280243
18846000,897.0200083329026
18849600,878.9994456566287
18853200,832.6360230651424
18856800,761.0893311889563
18860400,669.2351588429041
18864000,563.3332160760737
18867600,450.60054527706836
18871200,338.71969166091435
18874800,235.31515050998638
18878400,147.4337704194673
18882000,81.06452221182815
18885600,40.730360471988206
18889200,29.179991667095862
18892800,47.20055434338411
18896400,93.56397693488117
18900000,165.1106688110762
18903600,256.96484115704845
18907200,362.86678392387375
18910800,475.5994547229763
18914400,587.4803083391284
18918000,690.8848494900517
18921600,778.766229580428
18925200,845.1354777881462
18928800,885.4696395280221
18932400,897.0200083329029
18936000,878.9994456566033
18939600,832.636023065199
18943200,761.0893311889631
18946800,669.2351588429124
18950400,563.3332160760827
18954000,450.60054527697906
18957600,338.71969166082874
18961200,235.31515050999434
18964800,147.43377041954147
18968400,81.06452221183264
18972000,40.73036047196757
18975600,29.17999166709842
18979200,47.200554343381384
18982800,93.56397693482444
18986400,165.1106688110694
18990000,256.96484115712707
18993600,362.8667839239607
18997200,475.599454722967
19000800,587.480308339025
19004400,690.8848494900437
19008000,778.7662295804892
19011600,845.1354777881886
19015200,885.46963952802
19018800,897.020008332906
19022400,878.9994456566058
19026000,832.6360230651521
19029600,761.0893311888981
19033200,669.2351588429206
19036800,563.333216076092
19040400,450.60054527698844
19044000,338.7196916609323
19047600,235.31515050991828
19051200,147.4337704195479
19054800,81.06452221183707
19058400,40.73036047196973
19062000,29.17999166709535
19065600,47.200554343406964
19069200,93.56397693481955
19072800,165.11066881106262
19076400,256.9648411571188
19080000,362.86678392385556
19083600,475.5994547230563
19087200,587.480308339016
19090800,690.8848494900358
19094400,778.7662295804828
19098000,845.1354777881373
19101600,885.4696395280406
19105200,897.0200083329063
19108800,878.9994456566085
19112400,832.636023065157
19116000,761.0893311889049
19119600,669.2351588428419
19123200,563.333216076197
19126800,450.60054527699776
19130400,338.71969166094124
19134000,235.31515050992627
19137600,147.43377041948656
19141200,81.06452221188835
19144800,40.73036047197195
19148400,29.179991667095067
19152000,47.20055434340435
19155600,93.56397693486645
19159200,165.110668810984
19162800,256.9648411571106
19166400,362.86678392384647
19170000,475.5994547230469
19173600,587.4803083391016
19177200,690.8848494899438
19180800,778.7662295804764
19184400,845.1354777881329
19188000,885.4696395280384
19191600,897.0200083329037
19195200,878.999445656583
19198800,832.6360230651619
19202400,761.0893311889836
19206000,669.2351588428502
19209600,563.3332160761101
19213200,450.60054527690846
19216800,338.7196916609502
19220400,235.31515051001824
19224000,147.433770419493
19227600,81.06452221184594
19231200,40.730360471951315
19234800,29.179991667094782
19238400,47.20055434337337
19242000,93.5639769348615
19245600,165.11066881104898
19249200,256.9648411571892
19252800,362.8667839238374
19256400,475.5994547229389
19260000,587.4803083390926
19263600,690.8848494900199
19267200,778.7662295805377
19270800,845.1354777881284
19274400,885.4696395280363
19278000,897.0200083329039
19281600,878.999445656614
19285200,832.6360230651151
19288800,761.0893311889904
19292400,669.2351588428584
19296000,563.3332160761192
19299600,450.6005452770165
19303200,338.7196916608646
19306800,235.31515051002623
19310400,147.4337704194994
19314000,81.06452221185037
19317600,40.73036047197627
19321200,29.179991667097397
19324800,47.2005543433707
19328400,93.56397693485661
19332000,165.11066881104216
19335600,256.9648411570941
19339200,362.8667839239243
19342800,475.5994547229295
19346400,587.4803083390836
19350000,690.8848494900119
19353600,778.7662295805313
19357200,845.1354777881709
19360800,885.4696395280114
19364400,897.0200083329042
19368000,878.9994456566166
19371600,832.63602306512
19375200,761.0893311889254
19378800,669.2351588429535
19382400,563.3332160761283
19386000,450.60054527702584
19389600,338.7196916608736
19393200,235.31515050995017
19396800,147.4337704195736
19400400,81.06452221185486
19404000,40.73036047197837
19407600,29.179991667097056
19411200,47.20055434339628
19414800,93.56397693479994
19418400,165.1106688110354
19422000,256.96484115708586
19425600,362.8667839239152
19429200,475.5994547230188
19432800,587.4803083391693
19436400,690.884849490004
19440000,778.7662295804571
19443600,845.1354777881664
19447200,885.469639528032
19450800,897.0200083329016
19454400,878.9994456566192
19458000,832.6360230651767
19461600,761.0893311889322
19465200,669.2351588428749
19468800,563.3332160760414
19472400,450.6005452770352
19476000,338.7196916609771
19479600,235.31515050995813
19483200,147.43377041951226
19486800,81.0645222118124
19490400,40.73036047198053
19494000,29.179991667093987
19497600,47.200554343393605
19501200,93.56397693484678
19504800,165.11066881110037
19508400,256.9648411570777
19512000,362.86678392390604
19515600,475.5994547230095
19519200,587.4803083390657
19522800,690.8848494900799
19526400,778.7662295804507
19530000,845.135477788162
19533600,885.4696395280298
19537200,897.0200083329048
19540800,878.9994456565937
19544400,832.6360230651817
19548000,761.089331188939
19551600,669.235158842883
19555200,563.3332160761465
19558800,450.6005452769459
19562400,338.7196916609861
19566000,235.3151505099661
19569600,147.43377041951868
19573200,81.06452221186373
19576800,40.7303604719599
19580400,29.179991667093702
19584000,47.20055434339088
19587600,93.56397693484189
19591200,165.1106688110935
19594800,256.9648411571563
19598400,362.86678392380094
19602000,475.5994547230001
19605600,587.4803083390568
19609200,690.8848494900719
19612800,778.766229580512
19616400,845.1354777881106
19620000,885.4696395280276
19623600,897.020008332905
19627200,878.9994456565963
19630800,832.6360230651347
19634400,761.0893311890176
19638000,669.2351588428913
19641600,563.3332160761556
19645200,450.60054527695524
19648800,338.7196916609005
19652400,235.3151505100581
19656000,147.4337704195251
19659600,81.06452221186817
19663200,40.730360471962115
19666800,29.17999166709626
19670400,47.20055434341651
19674000,93.563976934837
19677600,165.11066881101493
19681200,256.96484115714804
19684800,362.86678392388785
19688400,475.5994547230894
19692000,587.4803083390478
19695600,690.88484948998
19699200,778.7662295805056
19702800,845.1354777881531
19706400,885.4696395280482
19710000,897.0200083329053
19713600,878.9994456566274
19717200,832.6360230651396
19720800,761.0893311889527
19724400,669.2351588428128
19728000,563.3332160761647
19731600,450.60054527706325
19735200,338.71969166090946
19738800,235.31515050998203
19742400,147.43377041946377
19746000,81.0645222118726
19749600,40.730360471964275
19753200,29.179991667096033
19756800,47.200554343385534
19760400,93.56397693488384
19764000,165.11066881100817
19767600,256.9648411571398
19771200,362.86678392387876
19774800,475.5994547229814
19778400,587.4803083391334
19782000,690.884849489972
19785600,778.7662295804992
19789200,845.1354777881486
19792800,885.4696395280233
19796400,897.0200083329028
19800000,878.99944565663
19803600,832.6360230651446
19807200,761.0893311889595
19810800,669.2351588429078
19814400,563.3332160760779
19818000,450.6005452770726
19821600,338.71969166091844
19825200,235.31515050999
19828800,147.4337704194702
19832400,81.0645222118302
19836000,40.73036047198923
19839600,29.17999166709575
19843200,47.20055434338292
19846800,93.56397693487895
19850400,165.11066881107314
19854000,256.9648411570447
19857600,362.86678392386966
19861200,475.59945472297204
19864800,587.4803083391245
19868400,690.884849490048
19872000,778.766229580425
19875600,845.1354777881442
19879200,885.4696395280212
19882800,897.020008332903
19886400,878.9994456566044
19890000,832.6360230652012
19893600,761.0893311889662
19897200,669.235158842916
19900800,563.333216076087
19904400,450.6005452769833
19908000,338.71969166083284
19911600,235.31515050999798
19915200,147.43377041954443
19918800,81.06452221183463
19922400,40.730360471968595
19926000,29.179991667098307
19929600,47.20055434338019
19933200,93.56397693482222
19936800,165.11066881106632
19940400,256.9648411571233
19944000,362.8667839239566
19947600,475.5994547229627
19951200,587.4803083390209
19954800,690.8848494900401
19958400,778.7662295804864
19962000,845.1354777881866
19965600,885.4696395280189
19969200,897.0200083329062
19972800,878.9994456566071
19976400,832.6360230651544
19980000,761.0893311889013
19983600,669.2351588429243
19987200,563.333216076096
19990800,450.6005452769927
19994400,338.71969166093635
19998000,235.3151505099219
20001600,147.4337704195508
20005200,81.06452221183912
20008800,40.7303604719707
20012400,29.17999166709518
20016000,47.20055434340577
20019600,93.56397693481733
20023200,165.1106688110595
20026800,256.9648411571151
20030400,362.8667839238514
20034000,475.599454723052
20037600,587.4803083390119
20041200,690.8848494900321
20044800,778.7662295804798
20048400,845.1354777881821
20052000,885.4696395280396
20055600,897.0200083329064
20059200,878.9994456566097
20062800,832.6360230651593
20066400,761.0893311889081
20070000,669.2351588428456
20073600,563.3332160762012
20077200,450.600545277002
20080800,338.71969166094533
20084400,235.31515050992988
20088000,147.43377041948946
20091600,81.06452221189039
20095200,40.73036047197286
20098800,29.179991667094953
20102400,47.2005543434031
20106000,93.56397693486423
20109600,165.11066881098094
20113200,256.9648411571069
20116800,362.8667839238423
20120400,475.59945472304264
20124000,587.4803083390975
20127600,690.8848494901082
20131200,778.7662295804735
20134800,845.1354777881309
20138400,885.4696395280375
20142000,897.0200083329039
20145600,878.9994456565842
20149200,832.6360230651642
20152800,761.0893311889866
20156400,669.2351588428539
20160000,563.3332160761142
20163600,450.6005452769127
20167200,338.7196916609543
20170800,235.31515051002188
20174400,147.43377041949594
20178000,81.06452221184799
20181600,40.73036047195228
20185200,29.17999166709467
20188800,47.20055434337212
20192400,93.56397693485928
20196000,165.1106688110459
20199600,256.96484115718545
20203200,362.8667839238332
20206800,475.5994547230333
20210400,587.4803083390885
20214000,690.8848494900162
20217600,778.7662295805349
20221200,845.1354777881264
20224800,885.4696395280353
20228400,897.0200083329041
20232000,878.9994456566151
20235600,832.6360230651173
20239200,761.0893311889934
20242800,669.2351588428621
20246400,563.3332160761233
20250000,450.60054527702073
20253600,338.7196916608687
20257200,235.31515051002984
20260800,147.4337704195023
20264400,81.06452221185242
20268000,40.730360471977235
20271600,29.179991667097227
20275200,47.20055434336945
20278800,93.5639769348544
20282400,165.1106688110391
20286000,256.96484115717726
20289600,362.86678392392014
20293200,475.5994547229253
20296800,587.4803083390796
20300400,690.8848494900083
20304000,778.7662295805284
20307600,845.1354777881688
20311200,885.4696395280104
20314800,897.0200083329044
20318400,878.9994456566178
20322000,832.6360230651222
20325600,761.0893311889284
20329200,669.2351588429572
20332800,563.3332160761324
20336400,450.6005452770301
20340000,338.71969166087763
20343600,235.31515050995378
20347200,147.4337704195765
20350800,81.06452221185685
20354400,40.730360471979395
20358000,29.179991667097
20361600,47.20055434339503
20365200,93.56397693490129
20368800,165.11066881103227
20372400,256.9648411570821
20376000,362.86678392391104
20379600,475.5994547230146
20383200,587.4803083391652
20386800,690.8848494900003
20390400,778.7662295804541
20394000,845.1354777881644
20397600,885.4696395280309
20401200,897.0200083329019
20404800,878.9994456566205
20408400,832.636023065179
20412000,761.0893311889354
20415600,669.2351588428786
20419200,563.3332160760456
20422800,450.6005452770395
20426400,338.7196916609812
20430000,235.31515050996174
20433600,147.4337704195152
20437200,81.06452221181439
20440800,40.730360471981555
20444400,29.179991667096715
20448000,47.20055434339241
20451600,93.56397693484456
20455200,165.11066881109724
20458800,256.9648411570739
20462400,362.86678392390195
20466000,475.59945472300524
20469600,587.4803083390616
20473200,690.8848494900764
20476800,778.7662295804478
20480400,845.13547778816
20484000,885.4696395280288
20487600,897.0200083329048
20491200,878.9994456565948
20494800,832.6360230651838
20498400,761.0893311889421
20502000,669.2351588428869
20505600,563.3332160761507
20509200,450.60054527695013
20512800,338.7196916609902
20516400,235.3151505099697
20520000,147.43377041952158
20523600,81.06452221181883
20527200,40.73036047196092
20530800,29.17999166709359
20534400,47.20055434338968
20538000,93.56397693483967
20541600,165.11066881109042
20545200,256.9648411571525
20548800,362.8667839237968
20552400,475.59945472299586
20556000,587.4803083390527
20559600,690.8848494900684
20563200,778.7662295805092
20566800,845.1354777881086
20570400,885.4696395280266
20574000,897.0200083329053
20577600,878.9994456565976
20581200,832.6360230651369
20584800,761.0893311890206
20588400,669.2351588428951
20592000,563.3332160761598
20595600,450.6005452769595
20599200,338.7196916609046
20602800,235.31515050989364
20606400,147.433770419528
20610000,81.06452221187016
20613600,40.73036047196308
20617200,29.179991667096147
20620800,47.20055434341526
20624400,93.56397693483473
20628000,165.11066881101186
20631600,256.9648411571443
20635200,362.8667839238837
20638800,475.5994547230852
20642400,587.4803083390437
20646000,690.8848494899764
20649600,778.7662295805027
20653200,845.1354777881511
20656800,885.4696395280473
20660400,897.0200083329055
20664000,878.9994456566285
20667600,832.6360230651419
20671200,761.0893311889556
20674800,669.2351588428164
20678400,563.3332160761689
20682000,450.6005452769689
20685600,338.71969166091355
20689200,235.31515050998564
20692800,147.43377041946673
20696400,81.06452221187459
20700000,40.73036047196524
20703600,29.179991667095862
20707200,47.20055434338434
20710800,93.56397693488162
20714400,165.1106688110051
20718000,256.964841157136
20721600,362.8667839238746
20725200,475.59945472297716
20728800,587.4803083391294
20732400,690.8848494899685
20736000,778.7662295804962
20739600,845.1354777881467
20743200,885.4696395280223
20746800,897.0200083329029
20750400,878.9994456566312
20754000,832.6360230651468
20757600,761.0893311889624
20761200,669.2351588428247
20764800,563.333216076082
20768400,450.6005452770769
20772000,338.71969166092254
20775600,235.3151505099936
20779200,147.43377041947315
20782800,81.06452221183218
20786400,40.730360471990195
20790000,29.179991667095635
20793600,47.20055434338161
20797200,93.56397693487673
20800800,165.11066881107
20804400,256.96484115704095
20808000,362.8667839238655
20811600,475.59945472296783
20815200,587.4803083391204
20818800,690.8848494900444
20822400,778.7662295804221
20826000,845.1354777881422
20829600,885.4696395280203
20833200,897.0200083329032
20836800,878.9994456566055
20840400,832.6360230650998
20844000,761.0893311889693
20847600,669.2351588429198
20851200,563.333216076091
20854800,450.6005452769876
20858400,338.7196916608369
20862000,235.31515051000162
20865600,147.43377041954727
20869200,81.06452221183662
20872800,40.73036047196956
20876400,29.179991667098193
20880000,47.200554343379
20883600,93.56397693482
20887200,165.1106688110632
20890800,256.96484115711957
20894400,362.8667839239524
20898000,475.59945472295846
20901600,587.4803083390168
20905200,690.8848494900365
20908800,778.7662295804835
20912400,845.1354777881846
20916000,885.469639528018
20919600,897.0200083329034
20923200,878.9994456566083
20926800,832.6360230651566
20930400,761.0893311889043
20934000,669.2351588429281
20937600,563.3332160761001
20941200,450.6005452769969
20944800,338.71969166094044
20948400,235.31515050992556
20952000,147.4337704195537
20955600,81.06452221184111
20959200,40.73036047197172
20962800,29.179991667095123
20966400,47.200554343404576
20970000,93.56397693481512
20973600,165.11066881105643
20977200,256.9648411571113
20980800,362.86678392384727
20984400,475.59945472304776
20988000,587.4803083390078
20991600,690.8848494900285
20995200,778.766229580477
20998800,845.1354777881802
21002400,885.4696395280387
21006000,897.0200083329065
21009600,878.999445656611
21013200,832.6360230651615
21016800,761.0893311889112
21020400,669.2351588428494
21024000,563.3332160762053
21027600,450.6005452770063
21031200,338.71969166094937
21034800,235.31515050993352
21038400,147.43377041949242
21042000,81.06452221189238
21045600,40.73036047197388
21049200,29.17999166709484
21052800,47.200554343401905
21056400,93.56397693486196
21060000,165.11066881097787
21063600,256.9648411571031
21067200,362.86678392383817
21070800,475.59945472303843
21074400,587.4803083390934
21078000,690.8848494901046
21081600,778.7662295804705
21085200,845.1354777881288
21088800,885.4696395280364
21092400,897.0200083329039
21096000,878.9994456565853
21099600,832.6360230651665
21103200,761.0893311889897
21106800,669.2351588428576
21110400,563.3332160761184
21114000,450.600545276917
21117600,338.71969166095835
21121200,235.31515051002552
21124800,147.43377041949879
21128400,81.06452221184998
21132000,40.73036047195325
21135600,29.179991667094555
21139200,47.200554343370925
21142800,93.56397693485707
21146400,165.11066881104279
21150000,256.9648411571817
21153600,362.8667839238291
21157200,475.59945472302906
21160800,587.4803083390844
21164400,690.8848494900126
21168000,778.7662295805319
21171600,845.1354777881245
21175200,885.4696395280343
21178800,897.0200083329042
21182400,878.9994456566163
21186000,832.6360230651195
21189600,761.0893311889965
21193200,669.2351588428659
21196800,563.3332160761275
21200400,450.600545277025
21204000,338.71969166087274
21207600,235.31515051003345
21211200,147.43377041950527
21214800,81.06452221185441
21218400,40.7303604719782
21222000,29.179991667097113
21225600,47.20055434336825
21229200,93.56397693485218
21232800,165.11066881103596
21236400,256.9648411571735
21240000,362.866783923916
21243600,475.59945472292105
21247200,587.4803083390755
21250800,690.8848494900046
21254400,778.7662295805255
21258000,845.1354777881668
21261600,885.4696395280093
21265200,897.0200083329046
21268800,878.999445656619
21272400,832.6360230651244
21276000,761.0893311889316
21279600,669.235158842961
21283200,563.3332160761366
21286800,450.60054527703437
21290400,338.7196916608817
21294000,235.31515050995742
21297600,147.43377041957945
21301200,81.06452221185884
21304800,40.73036047198036
21308400,29.17999166709683
21312000,47.20055434339383
21315600,93.56397693489902
21319200,165.11066881102914
21322800,256.96484115707835
21326400,362.8667839239069
21330000,475.59945472301035
21333600,587.4803083391611
21337200,690.8848494899967
21340800,778.7662295804513
21344400,845.1354777881625
21348000,885.46963952803
21351600,897.0200083329019
21355200,878.9994456566217
21358800,832.6360230651812
21362400,761.0893311889383
21366000,669.2351588428824
21369600,563.3332160760497
21373200,450.6005452770437
21376800,338.7196916609853
21380400,235.31515050996535
21384000,147.4337704195181
21387600,81.06452221181644
21391200,40.73036047198252
21394800,29.1799916670966
21398400,47.20055434339116
21402000,93.56397693484234
21405600,165.11066881109411
21409200,256.96484115707017
21412800,362.8667839238978
21416400,475.599454723001
21420000,587.4803083390576
21423600,690.8848494900727
21427200,778.7662295804448
21430800,845.1354777881579
21434400,885.4696395280278
21438000,897.020008332905
21441600,878.9994456565961
21445200,832.636023065186
21448800,761.0893311889452
21452400,669.2351588428905
21456000,563.3332160761548
21459600,450.6005452769544
21463200,338.7196916609943
21466800,235.31515050997336
21470400,147.43377041952454
21474000,81.06452221182087
21477600,40.73036047196189
21481200,29.179991667093475
21484800,47.20055434338849
21488400,93.56397693483746
21492000,165.11066881108735
21495600,256.9648411571488
21499200,362.86678392379264
21502800,475.59945472299165
21506400,587.4803083390486
21510000,690.8848494900648
21513600,778.7662295805062
21517200,845.1354777881066
21520800,885.4696395280257
21524400,897.0200083329053
21528000,878.9994456565987
21531600,832.6360230651392
21535200,761.0893311890238
21538800,669.2351588428988
21542400,563.3332160761639
21546000,450.60054527696377
21549600,338.7196916609086
21553200,235.31515050989725
21556800,147.43377041953096
21560400,81.0645222118722
21564000,40.73036047196405
21567600,29.179991667096033
21571200,47.20055434341407
21574800,93.56397693483251
21578400,165.1106688110088
21582000,256.96484115714054
21585600,362.86678392387955
21589200,475.59945472308095
21592800,587.4803083390397
21596400,690.8848494899728
21600000,778.7662295804997
21603600,845.135477788149
21607200,885.4696395280463
21610800,897.0200083329055
21614400,878.9994456566297
21618000,832.6360230651442
21621600,761.0893311889588
21625200,669.2351588428202
21628800,563.333216076173
21632400,450.6005452769731
21636000,338.71969166091765
21639600,235.31515050998925
21643200,147.43377041946962
21646800,81.06452221187664
21650400,40.73036047196621
21654000,29.179991667095805
21657600,47.200554343383146
21661200,93.5639769348794
21664800,165.11066881100191
21668400,256.9648411571323
21672000,362.86678392387046
21675600,475.5994547229729
21679200,587.4803083391253
21682800,690.8848494899647
21686400,778.7662295804934
21690000,845.1354777881446
21693600,885.4696395280214
21697200,897.020008332903
21700800,878.9994456566324
21704400,832.636023065149
21708000,761.0893311889656
21711600,669.2351588428285
21715200,563.333216076086
21718800,450.60054527708115
21722400,338.71969166092657
21726000,235.3151505099972
21729600,147.43377041947605
21733200,81.06452221183423
21736800,40.73036047199116
21740400,29.179991667095464
21744000,47.20055434338042
21747600,93.56397693487452
21751200,165.1106688110669
21754800,256.9648411570372
21758400,362.86678392386136
21762000,475.59945472296357
21765600,587.4803083391163
21769200,690.8848494900409
21772800,778.7662295804191
21776400,845.1354777881402
21780000,885.4696395280192
21783600,897.0200083329032
21787200,878.9994456566068
21790800,832.6360230651021
21794400,761.0893311889724
21798000,669.2351588429235
21801600,563.3332160760953
21805200,450.60054527699185
21808800,338.71969166084097
21812400,235.31515051000522
21816000,147.43377041955023
21819600,81.06452221183866
21823200,40.73036047197053
21826800,29.17999166709808
21830400,47.200554343377746
21834000,93.56397693481779
21837600,165.11066881106012
21841200,256.9648411571158
21844800,362.86678392394833
21848400,475.5994547229542
21852000,587.4803083391073
21855600,690.8848494900328
21859200,778.7662295804805
21862800,845.1354777881826
21866400,885.4696395280171
21870000,897.0200083329036
21873600,878.9994456566095
21877200,832.6360230651587
21880800,761.0893311889074
21884400,669.2351588429318
21888000,563.3332160761043
21891600,450.6005452770012
21895200,338.7196916609445
21898800,235.31515050992917
21902400,147.43377041955665
21906000,81.0645222118431
21909600,40.73036047197269
21913200,29.179991667094953
21916800,47.200554343403326
21920400,93.56397693481284
21924000,165.1106688110533
21927600,256.96484115710757
21931200,362.8667839239392
21934800,475.5994547230435
21938400,587.4803083390037
21942000,690.8848494900249
21945600,778.766229580474
21949200,845.1354777881782
21952800,885.4696395280376
21956400,897.0200083329066
21960000,878.9994456566121
21963600,832.6360230651637
21967200,761.0893311889142
21970800,669.2351588428531
21974400,563.3332160762095
21978000,450.60054527701055
21981600,338.71969166095346
21985200,235.31515050993713
21988800,147.43377041949532
21992400,81.06452221189443
21996000,40.73036047197485
21999600,29.17999166709467
22003200,47.200554343400654
22006800,93.56397693485974
22010400,165.11066881111827
22014000,256.9648411570994
22017600,362.866783923834
22021200,475.59945472303417
22024800,587.4803083390893
22028400,690.8848494901009
22032000,778.7662295804677
22035600,845.1354777881268
22039200,885.4696395280355
22042800,897.0200083329041
22046400,878.9994456565867
22050000,832.6360230651686
22053600,761.0893311889929
22057200,669.2351588428614
22060800,563.3332160761225
22064400,450.60054527692125
22068000,338.71969166096244
22071600,235.31515051002913
22075200,147.43377041950174
22078800,81.06452221185202
22082400,40.730360471954214
22086000,29.17999166709444
22089600,47.20055434339798
22093200,93.56397693485485
22096800,165.11066881103972
22100400,256.964841157178
22104000,362.8667839238249
22107600,475.5994547230248
22111200,587.4803083390805
22114800,690.884849490009
22118400,778.766229580529
22122000,845.1354777881224
22125600,885.4696395280333
22129200,897.0200083329044
22132800,878.9994456566176
22136400,832.6360230651218
22140000,761.0893311889997
22143600,669.2351588428696
22147200,563.3332160761316
22150800,450.60054527702925
22154400,338.71969166087683
22158000,235.31515051003709
22161600,147.43377041950816
22165200,81.06452221185646
22168800,40.73036047195643
22172400,29.179991667097
22176000,47.20055434336706
22179600,93.5639769348499
22183200,165.1106688110329
22186800,256.96484115716976
22190400,362.86678392391184
22194000,475.5994547229168
22197600,587.4803083390715
22201200,690.884849490001
22204800,778.7662295805226
22208400,845.1354777881647
22212000,885.4696395280084
22215600,897.0200083329046
22219200,878.9994456566203
22222800,832.6360230651267
22226400,761.0893311889347
22230000,669.2351588429647
22233600,563.3332160761407
22237200,450.60054527703863
22240800,338.7196916608858
22244400,235.31515050996103
22248000,147.43377041944683
22251600,81.06452221186089
22255200,40.730360471981385
22258800,29.179991667096772
22262400,47.20055434339264
22266000,93.5639769348968
22269600,165.11066881102607
22273200,256.9648411570746
22276800,362.86678392390274
22280400,475.5994547230061
22284000,587.4803083391571
22287600,690.884849489993
22291200,778.7662295804483
22294800,845.1354777881604
22298400,885.469639528029
22302000,897.0200083329021
22305600,878.9994456566228
22309200,832.6360230651834
22312800,761.0893311889415
22316400,669.2351588428861
22320000,563.3332160760538
22323600,450.60054527704796
22327200,338.7196916608948
22330800,235.315150509969
22334400,147.433770419521
22338000,81.06452221181848
22341600,40.73036047198349
22345200,29.17999166709643
22348800,47.20055434338991
22352400,93.56397693484007
22356000,165.11066881109105
22359600,256.9648411570664
22363200,362.86678392389365
22366800,475.5994547229967
22370400,587.4803083390535
22374000,690.8848494900691
22377600,778.766229580442
22381200,845.1354777881559
22384800,885.4696395280268
22388400,897.0200083329051
22392000,878.9994456565973
22395600,832.6360230651883
22399200,761.0893311889483
22402800,669.2351588428943
22406400,563.333216076063
22410000,450.60054527695866
22413600,338.7196916609983
22417200,235.31515050997697
22420800,147.43377041952743
22424400,81.06452221182292
22428000,40.730360471962854
22431600,29.179991667093304
22435200,47.200554343387296
22438800,93.56397693483518
22442400,165.11066881108428
22446000,256.96484115714503
22449600,362.8667839237885
22453200,475.5994547229874
22456800,587.4803083390445
22460400,690.8848494900611
22464000,778.7662295805032
22467600,845.1354777881046
22471200,885.4696395280247
22474800,897.0200083329055
22478400,878.9994456566001
22482000,832.6360230651414
22485600,761.0893311888833
22489200,669.2351588429026
22492800,563.3332160761681
22496400,450.60054527696803
22500000,338.71969166091276
22503600,235.31515050990092
22507200,147.43377041953386
22510800,81.06452221187425
22514400,40.730360471965014
22518000,29.17999166709592
22521600,47.200554343412875
22525200,93.5639769348303
22528800,165.11066881100567
22532400,256.9648411571368
22536000,362.86678392387546
22539600,475.5994547230767
22543200,587.4803083390356
22546800,690.8848494899692
22550400,778.7662295804969
22554000,845.135477788147
22557600,885.4696395280453
22561200,897.0200083329057
22564800,878.9994456566026
22568400,832.6360230651463
22572000,761.089331188962
22575600,669.2351588428239
22579200,563.3332160761772
22582800,450.60054527697736
22586400,338.7196916609217
22590000,235.3151505099929
22593600,147.43377041947252
22597200,81.06452221187868
22600800,40.730360471967174
22604400,29.179991667095635
22608000,47.200554343381896
22611600,93.56397693487713
22615200,165.11066881099885
22618800,256.9648411571286
22622400,362.86678392386636
22626000,475.5994547229687
22629600,587.4803083391212
22633200,690.8848494899612
22636800,778.7662295804905
22640400,845.1354777881426
22644000,885.4696395280432
22647600,897.0200083329031
22651200,878.9994456566336
22654800,832.6360230651512
22658400,761.0893311889687
22662000,669.2351588428322
22665600,563.3332160760903
22669200,450.60054527708536
22672800,338.71969166093066
22676400,235.31515051000088
22680000,147.43377041947895
22683600,81.06452221183628
22687200,40.730360471992185
22690800,29.179991667095408
22694400,47.200554343379224
22698000,93.56397693487224
22701600,165.11066881106382
22705200,256.96484115703345
22708800,362.8667839238572
22712400,475.5994547229593
22716000,587.4803083391122
22719600,690.8848494900371
22723200,778.7662295805517
22726800,845.1354777881381
22730400,885.4696395280182
22734000,897.0200083329034
22737600,878.999445656608
22741200,832.6360230651044
22744800,761.0893311889755
22748400,669.2351588429273
22752000,563.3332160760993
22755600,450.60054527699606
22759200,338.71969166084506
22762800,235.31515051000883
22766400,147.43377041955313
22770000,81.06452221184071
22773600,40.73036047197155
22777200,29.179991667097966
22780800,47.20055434337655
22784400,93.56397693481557
22788000,165.11066881105705
22791600,256.9648411571121
22795200,362.8667839239441
22798800,475.59945472295
22802400,587.4803083391032
22806000,690.8848494900292
22809600,778.7662295804776
22813200,845.1354777881805
22816800,885.469639528016
22820400,897.0200083329037
22824000,878.9994456566108
22827600,832.636023065161
22831200,761.0893311889106
22834800,669.2351588429356
22838400,563.3332160761084
22842000,450.60054527700544
22845600,338.71969166094857
22849200,235.31515050993278
22852800,147.4337704195596
22856400,81.06452221184514
22860000,40.73036047197371
22863600,29.17999166709484
22867200,47.20055434340213
22870800,93.56397693481063
22874400,165.11066881105023
22878000,256.9648411571038
22881600,362.86678392393503
22885200,475.5994547230393
22888800,587.4803083389997
22892400,690.8848494900212
22896000,778.7662295804712
22899600,845.1354777881761
22903200,885.4696395280366
22906800,897.0200083329069
22910400,878.9994456566134
22914000,832.636023065166
22917600,761.0893311889174
22921200,669.2351588428569
22924800,563.3332160762136
22928400,450.6005452770148
22932000,338.71969166095755
22935600,235.31515050994074
22939200,147.43377041949822
22942800,81.06452221189647
22946400,40.730360471975814
22950000,29.179991667094555
22953600,47.20055434339946
22957200,93.56397693485752
22960800,165.1106688111152
22964400,256.96484115709563
22968000,362.8667839238299
22971600,475.5994547230299
22975200,587.4803083390852
22978800,690.8848494900974
22982400,778.7662295804647
22986000,845.1354777881248
22989600,885.4696395280346
22993200,897.0200083329041
22996800,878.9994456565878
23000400,832.6360230651709
23004000,761.0893311889959
23007600,669.2351588428651
23011200,563.3332160761266
23014800,450.60054527692546
23018400,338.71969166096653
23022000,235.31515051003274
23025600,147.43377041950464
23029200,81.06452221185401
23032800,40.73036047195518
23036400,29.17999166709427
23040000,47.20055434339679
23043600,93.56397693485263
23047200,165.1106688110366
23050800,256.9648411571742
23054400,362.8667839238208
23058000,475.59945472302053
23061600,587.4803083390764
23065200,690.8848494900053
23068800,778.766229580526
23072400,845.1354777881204
23076000,885.4696395280323
23079600,897.0200083329045
23083200,878.9994456566187
23086800,832.6360230651239
23090400,761.0893311890027
23094000,669.2351588428734
23097600,563.3332160761358
23101200,450.6005452770335
23104800,338.7196916608809
23108400,235.3151505100407
23112000,147.43377041951112
23115600,81.06452221185845
23119200,40.73036047195734
23122800,29.179991667096886
23126400,47.20055434336581
23130000,93.56397693484769
23133600,165.11066881102983
23137200,256.964841157166
23140800,362.86678392390775
23144400,475.5994547229125
23148000,587.4803083390674
23151600,690.8848494899974
23155200,778.7662295805196
23158800,845.1354777881628
23162400,885.4696395280074
23166000,897.0200083329048
23169600,878.9994456566214
23173200,832.6360230651289
23176800,761.0893311889378
23180400,669.2351588429684
23184000,563.3332160761449
23187600,450.60054527704284
23191200,338.7196916608899
23194800,235.31515050996464
23198400,147.43377041944973
23202000,81.06452221186288
23205600,40.73036047198235
23209200,29.1799916670966
23212800,47.200554343391445
23216400,93.56397693489458
23220000,165.110668811023
23223600,256.9648411570709
23227200,362.86678392389865
23230800,475.5994547230018
23234400,587.480308339153
23238000,690.8848494899894
23241600,778.7662295804455
23245200,845.1354777881584
23248800,885.469639528028
23252400,897.0200083329021
23256000,878.9994456566242
23259600,832.6360230651856
23263200,761.0893311889446
23266800,669.2351588428899
23270400,563.333216076058
23274000,450.6005452770522
23277600,338.71969166089883
23281200,235.3151505099726
23284800,147.4337704195239
23288400,81.06452221182047
23292000,40.73036047198451
23295600,29.179991667096374
23299200,47.20055434338872
23302800,93.56397693483785
23306400,165.11066881108798
23310000,256.96484115706266
23313600,362.8667839238895
23317200,475.5994547229925
23320800,587.4803083390494
23324400,690.8848494900654
23328000,778.766229580439
23331600,845.1354777881539
23335200,885.4696395280259
23338800,897.0200083329053
23342400,878.9994456565985
23346000,832.6360230651906
23349600,761.0893311889513
23353200,669.235158842898
23356800,563.3332160760671
23360400,450.6005452769629
23364000,338.7196916610024
23367600,235.31515050998058
23371200,147.4337704195304
23374800,81.06452221182491
23378400,40.73036047196388
23382000,29.179991667093248
23385600,47.200554343386045
23389200,93.56397693483297
23392800,165.11066881108115
23396400,256.9648411571413
23400000,362.8667839237844
23403600,475.5994547229831
23407200,587.4803083390404
23410800,690.8848494900575
23414400,778.7662295805003
23418000,845.1354777881027
23421600,885.4696395280237
23425200,897.0200083329055
23428800,878.9994456566012
23432400,832.6360230651436
23436000,761.0893311888864
23439600,669.2351588429063
23443200,563.3332160761722
23446800,450.60054527697224
23450400,338.7196916609168
23454000,235.31515050990453
23457600,147.4337704195368
23461200,81.06452221187624
23464800,40.73036047196604
23468400,29.179991667095805
23472000,47.200554343411625
23475600,93.56397693482802
23479200,165.11066881100254
23482800,256.96484115713304
23486400,362.8667839238713
23490000,475.5994547230724
23493600,587.4803083390315
23497200,690.8848494899655
23500800,778.7662295804939
23504400,845.135477788145
23508000,885.4696395280444
23511600,897.0200083329058
23515200,878.9994456566039
23518800,832.6360230651485
23522400,761.0893311889649
23526000,669.2351588428277
23529600,563.3332160761813
23533200,450.6005452769816
23536800,338.7196916609258
23540400,235.3151505099965
23544000,147.43377041947542
23547600,81.06452221188067
23551200,40.73036047196814
23554800,29.17999166709552
23558400,47.2005543433807
23562000,93.56397693487492
23565600,165.11066881099578
23569200,256.9648411571248
23572800,362.8667839238622
23576400,475.5994547229644
23580000,587.4803083391171
23583600,690.8848494899576
23587200,778.7662295804876
23590800,845.1354777881406
23594400,885.4696395280422
23598000,897.0200083329032
23601600,878.9994456566349
23605200,832.6360230651535
23608800,761.0893311889718
23612400,669.235158842836
23616000,563.3332160760943
23619600,450.6005452770896
23623200,338.7196916609347
23626800,235.3151505100045
23630400,147.4337704194819
23634000,81.06452221183827
23637600,40.73036047199315
23641200,29.179991667095237
23644800,47.20055434337797
23648400,93.56397693487003
23652000,165.11066881106075
23655600,256.9648411570297
23659200,362.86678392385306
23662800,475.59945472295504
23666400,587.4803083391081
23670000,690.8848494900336
23673600,778.7662295805487
23677200,845.1354777881361
23680800,885.4696395280173
23684400,897.0200083329034
23688000,878.9994456566092
23691600,832.6360230651067
23695200,761.0893311889786
23698800,669.235158842931
23702400,563.3332160761036
23706000,450.6005452770003
23709600,338.71969166084915
23713200,235.31515051001244
23716800,147.43377041955608
23720400,81.0645222118427
23724000,40.73036047197252
23727600,29.179991667097852
23731200,47.2005543433753
23734800,93.56397693486508
23738400,165.11066881105393
23742000,256.96484115710837
23745600,362.86678392394003
23749200,475.5994547229457
23752800,587.4803083390991
23756400,690.8848494900257
23760000,778.7662295804746
23763600,845.1354777881786
23767200,885.469639528015
23770800,897.0200083329038
23774400,878.9994456566119
23778000,832.6360230651633
23781600,761.0893311889135
23785200,669.2351588429392
23788800,563.3332160761126
23792400,450.6005452770097
23796000,338.71969166095266
23799600,235.3151505099364
23803200,147.43377041956245
23806800,81.06452221184713
23810400,40.73036047197468
23814000,29.179991667097568
23817600,47.20055434340094
23821200,93.56397693480841
23824800,165.11066881104716
23828400,256.96484115710007
23832000,362.86678392393094
23835600,475.599454723035
23839200,587.4803083389957
23842800,690.8848494900177
23846400,778.7662295804682
23850000,845.1354777881741
23853600,885.4696395280357
23857200,897.0200083329069
23860800,878.9994456566146
23864400,832.6360230651683
23868000,761.0893311889204
23871600,669.2351588428606
23875200,563.3332160762177
23878800,450.600545277019
23882400,338.71969166096164
23886000,235.31515050994435
23889600,147.43377041950117
23893200,81.06452221180473
23896800,40.73036047197684
23900400,29.17999166709444
23904000,47.20055434339821
23907600,93.56397693485525
23911200,165.11066881111213
23914800,256.9648411570919
23918400,362.8667839238258
23922000,475.59945472302564
23925600,587.4803083390813
23929200,690.8848494900938
23932800,778.7662295804619
23936400,845.1354777881228
23940000,885.4696395280334
23943600,897.0200083329044
23947200,878.9994456565889
23950800,832.636023065173
23954400,761.089331188999
23958000,669.2351588428688
23961600,563.3332160761308
23965200,450.6005452769297
23968800,338.71969166097057
23972400,235.31515050995236
23976000,147.4337704195076
23979600,81.06452221185606
23983200,40.7303604719562
23986800,29.179991667094214
23990400,47.20055434339554
23994000,93.56397693485036
23997600,165.11066881103352
24001200,256.9648411571705
24004800,362.8667839238167
24008400,475.5994547230163
24012000,587.4803083390723
24015600,690.8848494900017
24019200,778.766229580523
24022800,845.1354777881184
24026400,885.4696395280314
24030000,897.0200083329046
24033600,878.9994456566201
24037200,832.6360230651262
24040800,761.0893311890059
24044400,669.2351588428771
24048000,563.3332160761399
24051600,450.6005452769391
24055200,338.719691660885
24058800,235.3151505100443
24062400,147.43377041951402
24066000,81.06452221186049
24069600,40.73036047195836
24073200,29.179991667096772
24076800,47.20055434336456
24080400,93.56397693484547
24084000,165.1106688110267
24087600,256.96484115716225
24091200,362.8667839239036
24094800,475.59945472290826
24098400,587.4803083390633
24102000,690.8848494899937
24105600,778.7662295805167
24109200,845.1354777881608
24112800,885.4696395280064
24116400,897.0200083329048
24120000,878.9994456566226
24123600,832.6360230651312
24127200,761.0893311889408
24130800,669.2351588427985
24134400,563.333216076149
24138000,450.6005452770471
24141600,338.71969166089394
24145200,235.31515050996825
24148800,147.43377041945269
24152400,81.06452221186493
24156000,40.73036047198332
24159600,29.179991667096488
24163200,47.200554343390195
24166800,93.56397693489231
24170400,165.11066881101993
24174000,256.96484115706716
24177600,362.86678392389445
24181200,475.59945472299756
24184800,587.4803083391489
24188400,690.8848494899858
24192000,778.7662295804425
24195600,845.1354777881563
24199200,885.4696395280271
24202800,897.0200083329023
24206400,878.9994456566253
24210000,832.636023065136
24213600,761.0893311889477
24217200,669.2351588428936
24220800,563.3332160760621
24224400,450.6005452770565
24228000,338.7196916609029
24231600,235.31515050997626
24235200,147.43377041952687
24238800,81.06452221182252
24242400,40.73036047198548
24246000,29.179991667096203
24249600,47.20055434338752
24253200,93.56397693483564
24256800,165.1106688110849
24260400,256.9648411570589
24264000,362.86678392388535
24267600,475.59945472298824
24271200,587.4803083390453
24274800,690.8848494900618
24278400,778.7662295804361
24282000,845.1354777881519
24285600,885.4696395280249
24289200,897.0200083329025
24292800,878.9994456565997
24296400,832.6360230651928
24300000,761.0893311889545
24303600,669.2351588429018
24307200,563.3332160760713
24310800,450.6005452769672
24314400,338.71969166100644
24318000,235.3151505099842
24321600,147.4337704195333
24325200,81.06452221182695
24328800,40.73036047196484
24332400,29.179991667093077
24336000,47.200554343384795
24339600,93.56397693483075
24343200,165.11066881107803
24346800,256.9648411571376
24350400,362.86678392378025
24354000,475.59945472297886
24357600,587.4803083390364
24361200,690.8848494900539
24364800,778.7662295804975
24368400,845.1354777881943
24372000,885.4696395280228
24375600,897.0200083329057
24379200,878.9994456566023
24382800,832.6360230651459
24386400,761.0893311888894
24390000,669.2351588429101
24393600,563.3332160761763
24397200,450.6005452769765
24400800,338.7196916609209
24404400,235.31515050990816
24408000,147.4337704195397
24411600,81.06452221187828
24415200,40.730360471967
24418800,29.179991667095692
24422400,47.20055434341043
24426000,93.5639769348258
24429600,165.11066881099947
24433200,256.9648411571293
24436800,362.86678392386716
24440400,475.59945472306816
24444000,587.4803083390274
24447600,690.8848494900459
24451200,778.766229580491
24454800,845.1354777881429
24458400,885.4696395280433
24462000,897.020008332906
24465600,878.9994456566051
24469200,832.6360230651508
24472800,761.0893311889681
24476400,669.2351588428314
24480000,563.3332160761854
24483600,450.6005452769859
24487200,338.7196916609298
24490800,235.31515051000017
24494400,147.43377041947838
24498000,81.06452221188272
24501600,40.73036047196916
24505200,29.179991667095408
24508800,47.20055434337945
24512400,93.5639769348727
24516000,165.1106688109927
24519600,256.9648411571211
24523200,362.86678392385807
24526800,475.59945472305884
24530400,587.480308339113
24534000,690.8848494899539
24537600,778.7662295804846
24541200,845.1354777881386
24544800,885.4696395280412
24548400,897.0200083329033
24552000,878.9994456566361
24555600,832.6360230651558
24559200,761.0893311889749
24562800,669.2351588428396
24566400,563.3332160760986
24570000,450.6005452770939
24573600,338.7196916609388
24577200,235.3151505100081
24580800,147.4337704194848
24584400,81.06452221184031
24588000,40.73036047199412
24591600,29.17999166709518
24595200,47.20055434337678
24598800,93.56397693486781
24602400,165.11066881105768
24606000,256.96484115719966
24609600,362.86678392384897
24613200,475.5994547229508
24616800,587.480308339104
24620400,690.88484949003
24624000,778.766229580546
24627600,845.135477788134
24631200,885.4696395280162
24634800,897.0200083329037
24638400,878.9994456566105
24642000,832.6360230651088
24645600,761.0893311889816
24649200,669.2351588429348
24652800,563.3332160761076
24656400,450.6005452770046
24660000,338.7196916608532
24663600,235.31515051001605
24667200,147.43377041955898
24670800,81.06452221184475
24674400,40.73036047197354
24678000,29.17999166709768
24681600,47.20055434337405
24685200,93.56397693486286
24688800,165.11066881105086
24692400,256.9648411571046
24696000,362.8667839239359
24699600,475.59945472294146
24703200,587.480308339095
24706800,690.884849490022
24710400,778.7662295804718
24714000,845.1354777881766
24717600,885.4696395280141
24721200,897.0200083329039
24724800,878.9994456566131
24728400,832.6360230651655
24732000,761.0893311889167
24735600,669.2351588429431
24739200,563.3332160761167
24742800,450.60054527701396
24746400,338.71969166095676
24750000,235.31515050994
24753600,147.4337704195654
24757200,81.06452221184918
24760800,40.730360471975644
24764400,29.179991667097397
24768000,47.20055434339969
24771600,93.56397693480613
24775200,165.11066881104404
24778800,256.9648411570964
24782400,362.8667839239268
24786000,475.59945472303076
24789600,587.4803083389916
24793200,690.884849490014
24796800,778.7662295804653
24800400,845.135477788172
24804000,885.4696395280348
24807600,897.0200083329071
24811200,878.9994456566159
24814800,832.6360230651704
24818400,761.0893311889236
24822000,669.2351588428644
24825600,563.3332160762219
24829200,450.6005452770233
24832800,338.7196916609657
24836400,235.31515050994796
24840000,147.43377041950407
24843600,81.06452221180677
24847200,40.730360471977804
24850800,29.179991667094328
24854400,47.200554343397016
24858000,93.56397693485303
24861600,165.110668811109
24865200,256.96484115708813
24868800,362.86678392382163
24872400,475.5994547230214
24876000,587.4803083390772
24879600,690.8848494900901
24883200,778.7662295804589
24886800,845.1354777881207
24890400,885.4696395280325
24894000,897.0200083329044
24897600,878.9994456565903
24901200,832.6360230651753
24904800,761.0893311890021
24908400,669.2351588428726
24912000,563.3332160761349
24915600,450.600545276934
24919200,338.71969166097466
24922800,235.31515050995597
24926400,147.4337704195105
24930000,81.0645222118581
24933600,40.73036047195717
24937200,29.179991667094043
24940800,47.20055434339429
24944400,93.56397693484814
24948000,165.11066881103045
24951600,256.96484115716675
24955200,362.86678392381253
24958800,475.59945472301206
24962400,587.4803083390682
24966000,690.8848494899981
24969600,778.7662295805203
24973200,845.1354777881163
24976800,885.4696395280304
24980400,897.0200083329047
24984000,878.9994456566212
24987600,832.6360230651285
24991200,761.0893311890088
24994800,669.2351588428809
24998400,563.333216076144
25002000,450.60054527694336
25005600,338.71969166088905
25009200,235.31515051004797
25012800,147.43377041951692
25016400,81.06452221186254
25020000,40.73036047195933
25023600,29.179991667096658
25027200,47.200554343363365
25030800,93.5639769348432
25034400,165.11066881102363
25038000,256.9648411571585
25041600,362.86678392389945
25045200,475.59945472290406
25048800,587.4803083390592
25052400,690.8848494899902
25056000,778.7662295805137
25059600,845.1354777881587
25063200,885.4696395280055
25066800,897.020008332905
25070400,878.999445656624
25074000,832.6360230651334
25077600,761.089331188944
25081200,669.2351588428022
25084800,563.3332160761531
25088400,450.60054527705137
25092000,338.71969166089804
25095600,235.31515050997186
25099200,147.43377041945558
25102800,81.06452221186697
25106400,40.730360471984284
25110000,29.179991667096374
25113600,47.200554343388944
25117200,93.56397693489009
25120800,165.1106688110168
25124400,256.9648411570634
25128000,362.86678392389035
25131600,475.59945472299336
25135200,587.4803083391448
25138800,690.8848494899821
25142400,778.7662295804396
25146000,845.1354777881543
25149600,885.469639528026
25153200,897.0200083329023
25156800,878.9994456566266
25160400,832.6360230651383
25164000,761.0893311889507
25167600,669.2351588428974
25171200,563.3332160760663
25174800,450.60054527706075
25178400,338.719691660907
25182000,235.31515050997987
25185600,147.43377041952982
25189200,81.06452221182457
25192800,40.7303604719865
25196400,29.17999166709609
25200000,47.20055434338627
25203600,93.56397693483336
25207200,165.11066881108178
25210800,256.96484115705516
25214400,362.86678392388126
25218000,475.599454722984
25221600,587.4803083390412
25225200,690.8848494900582
25228800,778.7662295804332
25232400,845.1354777881498
25236000,885.4696395280239
25239600,897.0200083329026
25243200,878.999445656601
25246800,832.636023065195
25250400,761.0893311889577
25254000,669.2351588429055
25257600,563.3332160760754
25261200,450.6005452769714
25264800,338.71969166101053
25268400,235.31515050998783
25272000,147.4337704195362
25275600,81.064522211829
25279200,40.73036047196587
25282800,29.179991667092963
25286400,47.2005543433836
25290000,93.56397693482853
25293600,165.11066881107496
25297200,256.96484115713383
25300800,362.8667839237761
25304400,475.5994547229746
25308000,587.4803083390323
25311600,690.8848494900502
25315200,778.7662295804945
25318800,845.1354777881922
25322400,885.4696395280218
25326000,897.0200083329057
25329600,878.9994456566037
25333200,832.636023065148
25336800,761.0893311888926
25340400,669.2351588429137
25344000,563.3332160761805
25347600,450.60054527698077
25351200,338.7196916609249
25354800,235.31515050991177
25358400,147.4337704195426
25362000,81.06452221188033
25365600,40.73036047196797
25369200,29.17999166709552
25372800,47.20055434340918
25376400,93.56397693482359
25380000,165.1106688109964
25383600,256.96484115712553
25387200,362.866783923863
25390800,475.5994547230639
25394400,587.4803083390234
25398000,690.8848494900424
25401600,778.766229580488
25405200,845.135477788141
25408800,885.4696395280423
25412400,897.0200083329061
25416000,878.9994456566063
25419600,832.636023065153
25423200,761.0893311889712
25426800,669.2351588428352
25430400,563.3332160761896
25434000,450.60054527699015
25437600,338.7196916609339
25441200,235.31515051000378
25444800,147.43377041948133
25448400,81.06452221188476
25452000,40.73036047197013
25455600,29.179991667095294
25459200,47.2005543433782
25462800,93.56397693487042
25466400,165.11066881098958
25470000,256.96484115711735
25473600,362.8667839238539
25477200,475.5994547230546
25480800,587.4803083391089
25484400,690.8848494899503
25488000,778.7662295804816
25491600,845.1354777881365
25495200,885.4696395280403
25498800,897.0200083329034
25502400,878.9994456566374
25506000,832.6360230651579
25509600,761.0893311889779
25513200,669.2351588428435
25516800,563.3332160761026
25520400,450.60054527709815
25524000,338.7196916609429
25527600,235.31515051001173
25531200,147.4337704194877
25534800,81.0645222118423
25538400,40.730360471949496
25542000,29.17999166709501
25545600,47.200554343375586
25549200,93.56397693486554
25552800,165.11066881105455
25556400,256.96484115719596
25560000,362.8667839238448
25563600,475.5994547229466
25567200,587.4803083391
25570800,690.8848494900263
25574400,778.766229580543
25578000,845.1354777881321
25581600,885.4696395280153
25585200,897.0200083329037
25588800,878.9994456566117
25592400,832.636023065111
25596000,761.0893311889848
25599600,669.2351588429385
25603200,563.3332160761117
25606800,450.60054527700885
25610400,338.7196916608573
25614000,235.31515051001966
25617600,147.43377041949412
25621200,81.06452221184674
25624800,40.73036047197445
25628400,29.179991667097568
25632000,47.20055434337286
25635600,93.56397693486065
25639200,165.11066881104773
25642800,256.96484115710086
25646400,362.86678392393173
25650000,475.5994547229372
25653600,587.480308339091
25657200,690.8848494900184
25660800,778.7662295804688
25664400,845.1354777881745
25668000,885.4696395280131
25671600,897.020008332904
25675200,878.9994456566144
25678800,832.6360230651678
25682400,761.0893311889199
25686000,669.2351588429467
25689600,563.3332160761208
25693200,450.60054527701817
25696800,338.71969166086626
25700400,235.31515050994363
25704000,147.4337704195683
25707600,81.06452221185117
25711200,40.73036047197667
25714800,29.17999166709734
25718400,47.20055434339844
25722000,93.56397693480392
25725600,165.1106688110409
25729200,256.9648411570926
25732800,362.86678392392264
25736400,475.5994547230265
25740000,587.4803083389875
25743600,690.8848494900104
25747200,778.7662295804623
25750800,845.1354777881701
25754400,885.4696395280337
25758000,897.0200083329071
25761600,878.9994456566171
25765200,832.6360230651727
25768800,761.0893311889266
25772400,669.2351588428681
25776000,563.333216076034
25779600,450.60054527702755
25783200,338.7196916609698
25786800,235.31515050995162
25790400,147.43377041950703
25794000,81.06452221180876
25797600,40.73036047197883
25801200,29.179991667094214
25804800,47.20055434339582
25808400,93.56397693485081
25812000,165.11066881110588
25815600,256.9648411570844
25819200,362.8667839238175
25822800,475.5994547230172
25826400,587.4803083390731
25830000,690.8848494900865
25833600,778.766229580456
25837200,845.1354777881188
25840800,885.4696395280316
25844400,897.0200083329046
25848000,878.9994456565914
25851600,832.6360230651776
25855200,761.0893311889334
25858800,669.2351588428763
25862400,563.333216076139
25866000,450.60054527693825
25869600,338.71969166097875
25873200,235.31515050995958
25876800,147.4337704195134
25880400,81.0645222118601
25884000,40.73036047195819
25887600,29.17999166709393
25891200,47.200554343393094
25894800,93.56397693484593
25898400,165.11066881102732
25902000,256.964841157163
25905600,362.8667839238084
25909200,475.5994547230078
25912800,587.4803083390641
25916400,690.8848494899945
25920000,778.7662295805173
25923600,845.1354777881143
25927200,885.4696395280293
25930800,897.0200083329048
25934400,878.9994456565942
25938000,832.6360230651308
25941600,761.089331189012
25945200,669.2351588428846
25948800,563.3332160761482
25952400,450.60054527694757
25956000,338.71969166089315
25959600,235.31515051005158
25963200,147.43377041951987
25966800,81.06452221186453
25970400,40.730360471960296
25974000,29.179991667096488
25977600,47.20055434336217
25981200,93.56397693484098
25984800,165.11066881102056
25988400,256.96484115715475
25992000,362.8667839238953
25995600,475.5994547228998
25999200,587.4803083390551
26002800,690.8848494899864
26006400,778.7662295805109
26010000,845.1354777881568
26013600,885.46963952805
26017200,897.020008332905
26020800,878.9994456566251
26024400,832.6360230651356
26028000,761.089331188947
26031600,669.235158842806
26035200,563.3332160761573
26038800,450.60054527705563
26042400,338.71969166090213
26046000,235.31515050997552
26049600,147.43377041945854
26053200,81.06452221186896
26056800,40.73036047198525
26060400,29.179991667096203
26064000,47.20055434338775
26067600,93.56397693488788
26071200,165.11066881101368
26074800,256.9648411570597
26078400,362.8667839238862
26082000,475.5994547229891
26085600,587.4803083391407
26089200,690.8848494899785
26092800,778.7662295805044
26096400,845.1354777881522
26100000,885.469639528025
26103600,897.0200083329025
26107200,878.9994456566278
26110800,832.6360230651405
26114400,761.0893311889538
26118000,669.2351588429011
26121600,563.3332160760704
26125200,450.60054527706495
26128800,338.71969166091105
26132400,235.31515050998348
26136000,147.43377041953266
26139600,81.06452221182656
26143200,40.73036047198747
26146800,29.179991667095976
26150400,47.20055434338508
26154000,93.56397693483115
26157600,165.11066881107865
26161200,256.9648411570514
26164800,362.8667839238771
26168400,475.5994547229797
26172000,587.4803083391317
26175600,690.8848494900546
26179200,778.7662295804303
26182800,845.1354777881479
26186400,885.469639528023
26190000,897.0200083329028
26193600,878.9994456566021
26197200,832.6360230651972
26200800,761.0893311889606
26204400,669.2351588429093
26208000,563.3332160760795
26211600,450.60054527697565
26215200,338.7196916610146
26218800,235.31515050999144
26222400,147.4337704195391
26226000,81.06452221183099
26229600,40.73036047196683
26233200,29.17999166709285
26236800,47.20055434338235
26240400,93.56397693482626
26244000,165.1106688110719
26247600,256.9648411571301
26251200,362.866783923964
26254800,475.5994547229704
26258400,587.4803083390283
26262000,690.8848494900467
26265600,778.7662295804917
26269200,845.1354777881902
26272800,885.4696395280207
26276400,897.020008332906
26280000,878.9994456566048
26283600,832.6360230651503
26287200,761.0893311888957
26290800,669.2351588429176
26294400,563.3332160761846
26298000,450.60054527698503
26301600,338.719691660929
26305200,235.31515050991538
26308800,147.43377041954557
26312400,81.06452221188232
26316000,40.73036047196899
26319600,29.179991667095464
26323200,47.20055434340799
26326800,93.56397693482131
26330400,165.11066881106507
26334000,256.9648411571218
26337600,362.86678392385886
26341200,475.5994547230597
26344800,587.4803083390193
26348400,690.8848494900386
26352000,778.7662295804851
26355600,845.1354777881389
26359200,885.4696395280414
26362800,897.0200083329062
26366400,878.9994456566076
26370000,832.6360230651553
26373600,761.0893311889743
26377200,669.2351588428389
26380800,563.3332160761937
26384400,450.60054527699435
26388000,338.719691660938
26391600,235.31515051000738
26395200,147.43377041948423
26398800,81.06452221188675
26402400,40.73036047197115
26406000,29.17999166709518
26409600,47.200554343405315
26413200,93.56397693486821
26416800,165.11066881098645
26420400,256.9648411571136
26424000,362.86678392384977
26427600,475.5994547230503
26431200,587.4803083391049
26434800,690.8848494899466
26438400,778.7662295804787
26442000,845.1354777881345
26445600,885.4696395280391
26449200,897.0200083329037
26452800,878.9994456566385
26456400,832.6360230651601
26460000,761.0893311889811
26463600,669.2351588428471
26467200,563.3332160761069
26470800,450.6005452771024
26474400,338.7196916609469
26478000,235.31515051001534
26481600,147.43377041949066
26485200,81.06452221184435
26488800,40.73036047195052
26492400,29.179991667094896
26496000,47.200554343374336
26499600,93.56397693486332
26503200,165.11066881105143
26506800,256.9648411571922
26510400,362.86678392384067
26514000,475.5994547229423
26517600,587.4803083390959
26521200,690.8848494900227
26524800,778.7662295805401
26528400,845.1354777881301
26532000,885.4696395280143
26535600,897.0200083329039
26539200,878.9994456566129
26542800,832.6360230651132
26546400,761.0893311889879
26550000,669.2351588429423
26553600,563.333216076116
26557200,450.6005452770131
26560800,338.7196916608614
26564400,235.31515051002333
26568000,147.43377041949708
26571600,81.06452221184878
26575200,40.730360471975416
26578800,29.179991667097454
26582400,47.200554343371664
26586000,93.56397693485837
26589600,165.11066881104466
26593200,256.9648411570971
26596800,362.8667839239276
26600400,475.59945472293293
26604000,587.480308339087
26607600,690.8848494900147
26611200,778.766229580466
26614800,845.1354777881725
26618400,885.4696395280121
26622000,897.0200083329041
26625600,878.9994456566155
26629200,832.63602306517
26632800,761.0893311889229
26636400,669.2351588429506
26640000,563.333216076125
26643600,450.60054527702243
26647200,338.7196916608703
26650800,235.31515050994724
26654400,147.43377041957126
26658000,81.06452221185322
26661600,40.73036047197763
26665200,29.17999166709717
26668800,47.20055434339724
26672400,93.5639769348017
26676000,165.11066881103784
26679600,256.96484115708887
26683200,362.8667839239185
26686800,475.59945472302223
26690400,587.4803083389834
26694000,690.8848494900068
26697600,778.7662295804594
26701200,845.135477788168
26704800,885.4696395280328
26708400,897.0200083329073
26712000,878.9994456566183
26715600,832.6360230651749
26719200,761.0893311889297
26722800,669.2351588428719
26726400,563.3332160760381
26730000,450.6005452770318
26733600,338.71969166097387
26737200,235.31515050995523
26740800,147.43377041950987
26744400,81.06452221181081
26748000,40.73036047197979
26751600,29.1799916670941
26755200,47.20055434339457
26758800,93.56397693484854
26762400,165.1106688111028
26766000,256.9648411570806
26769600,362.8667839238134
26773200,475.5994547230129
26776800,587.480308339069
26780400,690.8848494900828
26784000,778.766229580453
26787600,845.1354777881168
26791200,885.4696395280306
26794800,897.0200083329047
26798400,878.9994456565927
26802000,832.6360230651799
26805600,761.0893311889365
26809200,669.2351588428801
26812800,563.3332160761432
26816400,450.6005452769425
26820000,338.7196916609828
26823600,235.3151505099632
26827200,147.43377041951635
26830800,81.06452221186208
26834400,40.73036047195916
26838000,29.179991667093816
26841600,47.2005543433919
26845200,93.56397693484371
26848800,165.11066881102425
26852400,256.9648411571593
26856000,362.86678392380423
26859600,475.59945472300353
26863200,587.48030833906
26866800,690.8848494899909
26870400,778.7662295805144
26874000,845.1354777881122
26877600,885.4696395280284
26881200,897.0200083329049
26884800,878.9994456565953
26888400,832.6360230651329
26892000,761.0893311890152
26895600,669.2351588428883
26899200,563.3332160761523
26902800,450.60054527695183
26906400,338.71969166089724
26910000,235.3151505100552
26913600,147.43377041952277
26917200,81.06452221186657
26920800,40.73036047196132
26924400,29.17999166709643
26928000,47.20055434336092
26931600,93.56397693483876
26935200,165.11066881101743
26938800,256.964841157151
26942400,362.86678392389115
26946000,475.59945472289553
26949600,587.480308339051
26953200,690.8848494899829
26956800,778.7662295805079
26960400,845.1354777881547
26964000,885.469639528049
26967600,897.0200083329053
26971200,878.9994456566263
26974800,832.6360230651378
26978400,761.0893311889502
26982000,669.2351588428097
26985600,563.3332160761614
26989200,450.6005452770599
26992800,338.71969166090616
26996400,235.31515050997913
27000000,147.43377041946144
27003600,81.06452221187101
27007200,40.73036047198627
27010800,29.17999166709609
27014400,47.2005543433865
27018000,93.5639769348856
27021600,165.1106688110106
27025200,256.96484115705596
27028800,362.86678392388205
27032400,475.59945472298483
27036000,587.4803083391366
27039600,690.884849489975
27043200,778.7662295805015
27046800,845.1354777881502
27050400,885.4696395280241
27054000,897.0200083329026
27057600,878.999445656629
27061200,832.6360230651428
27064800,761.089331188957
27068400,669.2351588429049
27072000,563.3332160760746
27075600,450.6005452770692
27079200,338.71969166091515
27082800,235.3151505099871
27086400,147.43377041953562
27090000,81.0645222118286
27093600,40.73036047198838
27097200,29.179991667095805
27100800,47.20055434338383
27104400,93.56397693482893
27108000,165.11066881107558
27111600,256.96484115704766
27115200,362.86678392387296
27118800,475.59945472297545
27122400,587.4803083391276
27126000,690.884849490051
27129600,778.7662295804273
27133200,845.1354777881459
27136800,885.469639528022
27140400,897.020008332903
27144000,878.9994456566035
27147600,832.6360230651994
27151200,761.0893311889638
27154800,669.235158842913
27158400,563.3332160760837
27162000,450.6005452769799
27165600,338.7196916610187
27169200,235.31515050999505
27172800,147.43377041954204
27176400,81.06452221183304
27180000,40.7303604719678
27183600,29.179991667092736
27187200,47.20055434338116
27190800,93.56397693482404
27194400,165.11066881106876
27198000,256.96484115712633
27201600,362.8667839239599
27205200,475.59945472296613
27208800,587.4803083390242
27212400,690.884849490043
27216000,778.7662295804887
27219600,845.1354777881882
27223200,885.4696395280198
27226800,897.0200083329061
27230400,878.999445656606
27234000,832.6360230651526
27237600,761.0893311888988
27241200,669.2351588429212
27244800,563.3332160761888
27248400,450.6005452769893
27252000,338.7196916609331
27255600,235.315150509919
27259200,147.43377041954847
27262800,81.06452221188437
27266400,40.73036047196996
27270000,29.179991667095294
27273600,47.200554343406736
27277200,93.5639769348191
27280800,165.110668811062
27284400,256.9648411571181
27288000,362.86678392385477
27291600,475.59945472305543
27295200,587.4803083390152
27298800,690.884849490035
27302400,778.7662295804823
27306000,845.135477788137
27309600,885.4696395280405
27313200,897.0200083329063
27316800,878.9994456566087
27320400,832.6360230651576
27324000,761.0893311889774
27327600,669.2351588428427
27331200,563.3332160761979
27334800,450.6005452769986
27338400,338.71969166094203
27342000,235.315150510011
27345600,147.43377041948713
27349200,81.0645222118888
27352800,40.73036047197212
27356400,29.179991667095067
27360000,47.20055434340412
27363600,93.56397693486599
27367200,165.11066881098338
27370800,256.96484115710984
27374400,362.8667839238456
27378000,475.59945472304605
27381600,587.4803083391008
27385200,690.884849489943
27388800,778.7662295804759
27392400,845.1354777881324
27396000,885.4696395280382
27399600,897.0200083329037
27403200,878.9994456566396
27406800,832.6360230651624
27410400,761.0893311889843
27414000,669.2351588428509
27417600,563.333216076111
27421200,450.6005452769093
27424800,338.71969166095107
27428400,235.31515051001895
27432000,147.43377041949356
27435600,81.0645222118464
27439200,40.730360471951485
27442800,29.179991667094782
27446400,47.200554343373085
27450000,93.5639769348611
27453600,165.11066881104836
27457200,256.96484115718846
27460800,362.8667839238365
27464400,475.59945472293805
27468000,587.4803083390918
27471600,690.8848494900192
27475200,778.7662295805371
27478800,845.135477788128
27482400,885.4696395280132
27486000,897.0200083329039
27489600,878.9994456566142
27493200,832.6360230651155
27496800,761.089331188991
27500400,669.2351588428592
27504000,563.33321607612
27507600,450.6005452770173
27511200,338.7196916608654
27514800,235.31515051002697
27518400,147.43377041949998
27522000,81.06452221185083
27525600,40.73036047197644
27529200,29.17999166709734
27532800,47.20055434337047
27536400,93.56397693485616
27540000,165.11066881104153
27543600,256.96484115709336
27547200,362.86678392392344
27550800,475.59945472292867
27554400,587.4803083390829
27558000,690.8848494900111
27561600,778.766229580463
27565200,845.1354777881704
27568800,885.4696395280112
27572400,897.0200083329042
27576000,878.9994456566169
27579600,832.6360230651205
27583200,761.089331188926
27586800,669.2351588429542
27590400,563.3332160761291
27594000,450.6005452770267
27597600,338.7196916608744
27601200,235.3151505099509
27604800,147.43377041957416
27608400,81.06452221185526
27612000,40.7303604719786
27615600,29.179991667097056
27619200,47.20055434339605
27622800,93.56397693479943
27626400,165.11066881103477
27630000,256.9648411570851
27633600,362.86678392391434
27637200,475.599454723018
27640800,587.4803083389793
27644400,690.8848494900031
27648000,778.7662295804566
27651600,845.135477788166
27655200,885.4696395280317
27658800,897.0200083329017
27662400,878.9994456566195
27666000,832.6360230651771
27669600,761.0893311889329
27673200,669.2351588428755
27676800,563.3332160760423
27680400,450.6005452770361
27684000,338.7196916609779
27687600,235.31515050995884
27691200,147.43377041951283
27694800,81.06452221181286
27698400,40.73036047198076
27702000,29.17999166709393
27705600,47.20055434339332
27709200,93.56397693484632
27712800,165.11066881109974
27716400,256.9648411570769
27720000,362.8667839238092
27723600,475.59945472300865
27727200,587.4803083390649
27730800,690.8848494900792
27734400,778.76622958045
27738000,845.1354777881616
27741600,885.4696395280296
27745200,897.0200083329048
27748800,878.9994456565939
27752400,832.636023065182
27756000,761.0893311889396
27759600,669.2351588428838
27763200,563.3332160761474
27766800,450.6005452769467
27770400,338.7196916609869
27774000,235.3151505099668
27777600,147.43377041951925
27781200,81.06452221186413
27784800,40.730360471960125
27788400,29.179991667093702
27792000,47.20055434339065
27795600,93.56397693484143
27799200,165.11066881102113
27802800,256.96484115715555
27806400,362.8667839238001
27810000,475.59945472299927
27813600,587.4803083390559
27817200,690.8848494900712
27820800,778.7662295805114
27824400,845.1354777881102
27828000,885.4696395280275
27831600,897.020008332905
27835200,878.9994456565965
27838800,832.6360230651351
27842400,761.0893311890181
27846000,669.2351588428921
27849600,563.3332160761565
27853200,450.6005452769561
27856800,338.7196916609013
27860400,235.3151505100588
27864000,147.43377041952573
27867600,81.06452221186856
27871200,40.730360471962285
27874800,29.17999166709626
27878400,47.20055434335973
27882000,93.56397693483649
27885600,165.1106688110143
27889200,256.96484115714725
27892800,362.86678392388706
27896400,475.59945472308857
27900000,587.480308339047
27903600,690.8848494899793
27907200,778.7662295805051
27910800,845.1354777881527
27914400,885.469639528048
27918000,897.0200083329053
27921600,878.9994456566276
27925200,832.6360230651401
27928800,761.0893311889532
27932400,669.2351588428135
27936000,563.3332160761656
27939600,450.6005452770641
27943200,338.71969166091026
27946800,235.31515050998277
27950400,147.43377041946434
27954000,81.064522211873
27957600,40.73036047198724
27961200,29.179991667095976
27964800,47.200554343385306
27968400,93.56397693488339
27972000,165.11066881100754
27975600,256.96484115713906
27979200,362.8667839238779
27982800,475.59945472298057
27986400,587.4803083391325
27990000,690.8848494899713
27993600,778.7662295804986
27997200,845.1354777881483
28000800,885.4696395280231
28004400,897.0200083329028
28008000,878.9994456566302
28011600,832.636023065145
28015200,761.08933118896
28018800,669.2351588429085
28022400,563.3332160760787
28026000,450.6005452770735
28029600,338.71969166091924
28033200,235.3151505099907
28036800,147.43377041953852
28040400,81.06452221183059
28044000,40.7303604719894
28047600,29.17999166709575
28051200,47.20055434338258
28054800,93.5639769348785
28058400,165.11066881107251
28062000,256.9648411570439
28065600,362.8667839238688
28069200,475.59945472297125
28072800,587.4803083391237
28076400,690.8848494900474
28080000,778.7662295804244
28083600,845.1354777881438
28087200,885.4696395280209
28090800,897.020008332903
28094400,878.9994456566046
28098000,832.6360230652017
28101600,761.0893311889668
28105200,669.2351588429168
28108800,563.3332160760878
28112400,450.6005452769842
28116000,338.7196916610228
28119600,235.31515050999872
28123200,147.433770419545
28126800,81.06452221183503
28130400,40.730360471968766
28134000,29.179991667098307
28137600,47.20055434337996
28141200,93.56397693482182
28144800,165.1106688110657
28148400,256.9648411571226
28152000,362.8667839238597
28155600,475.59945472306055
28159200,587.4803083390201
28162800,690.8848494900394
28166400,778.766229580418
28170000,845.1354777881394
28173600,885.4696395280416
28177200,897.0200083329062
28180800,878.9994456566073
28184400,832.6360230652067
28188000,761.0893311889736
28191600,669.2351588428381
28195200,563.3332160761929
28198800,450.6005452769935
28202400,338.71969166103173
28206000,235.31515051000667
28209600,147.4337704194836
28213200,81.06452221179256
28216800,40.73036047197098
28220400,29.179991667092338
28224000,47.200554343377235
28227600,93.56397693486866
28231200,165.11066881113067
28234800,256.9648411571143
28238400,362.86678392375455
28242000,475.5994547229525
28245600,587.4803083391057
28249200,690.8848494901155
28252800,778.7662295804794
28256400,845.1354777880881
28260000,885.4696395280166
28263600,897.0200083329037
28267200,878.9994456565817
28270800,832.6360230651597
28274400,761.0893311890522
28278000,669.2351588429333
28281600,563.3332160761059
28285200,450.6005452769042
28288800,338.7196916609462
28292400,235.31515050993062
28296000,147.4337704195578
28299600,81.0645222118439
28303200,40.73036047195035
28306800,29.179991667094896
28310400,47.20055434340287
28314000,93.56397693481199
28317600,165.11066881105205
28321200,256.96484115719295
28324800,362.86678392384147
28328400,475.59945472304184
28332000,587.4803083390021
28335600,690.8848494900235
28339200,778.7662295805407
28342800,845.1354777881304
28346400,885.4696395280373
28350000,897.0200083329066
28353600,878.9994456566127
28357200,832.6360230651128
28360800,761.0893311889872
28364400,669.2351588428546
28368000,563.3332160762111
28371600,450.60054527701226
28375200,338.7196916608605
28378800,235.31515051002256
28382400,147.4337704194965
28386000,81.06452221189522
28389600,40.730360471975246
28393200,29.179991667097454
28396800,47.20055434337189
28400400,93.56397693485889
28404000,165.1106688109735
28407600,256.96484115709785
28411200,362.86678392392844
28414800,475.5994547229338
28418400,587.4803083390877
28422000,690.8848494899314
28425600,778.7662295804664
28429200,845.1354777881729
28432800,885.4696395280123
28436400,897.0200083329041
28440000,878.9994456566436
28443600,832.6360230651696
28447200,761.0893311889223
28450800,669.235158842776
28454400,563.3332160761242
28458000,450.60054527712026
28461600,338.7196916609641
28465200,235.3151505099465
28468800,147.43377041943512
28472400,81.06452221185282
28476000,40.7303604720002
28479600,29.179991667094384
28483200,47.20055434339747
28486800,93.56397693490572
28490400,165.11066881103847
28494000,256.96484115700275
28497600,362.8667839238233
28501200,475.5994547230231
28504800,587.4803083391733
28508400,690.8848494900075
28512000,778.7662295803923
28515600,845.1354777881215
28519200,885.469639528033
28522800,897.0200083329016
28526400,878.999445656618
28530000,832.6360230651227
28533600,761.0893311890009
28537200,669.2351588428711
28540800,563.3332160760373
28544400,450.60054527703096
28548000,338.7196916608785
28551600,235.3151505100385
28555200,147.4337704195093
28558800,81.06452221181036
28562400,40.730360471979566
28566000,29.179991667096942
28569600,47.20055434336655
28573200,93.56397693484905
28576800,165.11066881110344
28580400,256.96484115708137
28584000,362.86678392391025
28587600,475.5994547229151
28591200,587.4803083390698
28594800,690.8848494900835
28598400,778.7662295804537
28602000,845.135477788164
28605600,885.469639528008
28609200,897.0200083329046
28612800,878.9994456565925
28616400,832.6360230651794
28620000,761.0893311889358
28623600,669.2351588429663
28627200,563.3332160761424
28630800,450.60054527694166
28634400,338.719691660982
28638000,235.31515050996248
28641600,147.43377041958354
28645200,81.06452221186169
28648800,40.73036047195893
28652400,29.179991667093873
28656000,47.20055434339213
28659600,93.56397693479232
28663200,165.11066881102482
28666800,256.96484115716
28670400,362.8667839238051
28674000,475.5994547230044
28677600,587.4803083389663
28681200,690.8848494899917
28684800,778.766229580515
28688400,845.1354777882065
28692000,885.4696395280287
28695600,897.0200083329078
28699200,878.9994456566234
28702800,832.6360230651326
28706400,761.0893311888709
28710000,669.2351588428876
28713600,563.3332160762476
28717200,450.60054527704966
28720800,338.7196916608964
28724400,235.31515050988642
28728000,147.4337704195222
28731600,81.06452221191302
28735200,40.73036047198394
28738800,29.17999166709643
28742400,47.200554343417764
28746000,93.56397693483922
28749600,165.11066881094627
28753200,256.96484115706494
28756800,362.866783923892
28760400,475.5994547230937
28764000,587.4803083390518
28767600,690.8848494900676
28771200,778.7662295804407
28774800,845.1354777881552
28778400,885.4696395280492
28782000,897.0200083329053
28785600,878.9994456565978
28789200,832.6360230651892
28792800,761.0893311889495
28796400,669.2351588428089
28800000,563.3332160761606
28803600,450.60054527696036
28807200,338.71969166099996
28810800,235.31515050997842
28814400,147.4337704194608
28818000,81.06452221187061
28821600,40.73036047196331
28825200,29.179991667093248
28828800,47.20055434338673
28832400,93.56397693488611
28836000,165.11066881101124
28839600,256.9648411571435
28843200,362.86678392378684
28846800,475.5994547229857
28850400,587.4803083391374
28854000,690.8848494899756
28857600,778.7662295805021
28861200,845.1354777881038
28864800,885.4696395280243
28868400,897.0200083329026
28872000,878.9994456566287
28875600,832.6360230651424
28879200,761.0893311890281
28882800,669.2351588429041
28886400,563.3332160760737
28890000,450.60054527706836
28893600,338.71969166091435
28897200,235.31515051007037
28900800,147.43377041953505
28904400,81.06452221182815
28908000,40.730360471988206
28911600,29.179991667095862
28915200,47.200554343355805
28918800,93.56397693482938
28922400,165.1106688110762
28926000,256.96484115722217
28929600,362.8667839238738
28933200,475.5994547228777
28936800,587.480308339034
28940400,690.8848494900517
28944000,778.7662295805635
28947600,845.1354777881462
28951200,885.4696395279993
28954800,897.0200083329057
28958400,878.9994456566033
28962000,832.6360230650955
28965600,761.0893311889631
28969200,669.2351588429991
28972800,563.3332160761788
28976400,450.60054527697906
28980000,338.71969166082874
28983600,235.31515050999434
28987200,147.43377041960923
28990800,81.06452221187948
28994400,40.73036047196757
28998000,29.17999166709842
29001600,47.200554343381384
29005200,93.56397693487628
29008800,165.11066881099765
29012400,256.96484115712707
29016000,362.8667839239607
29019600,475.599454722967
29023200,587.4803083391196
29026800,690.8848494899597
29030400,778.7662295804892
29034000,845.1354777881886
29037600,885.46963952802
29041200,897.0200083329032
29044800,878.9994456566342
29048400,832.6360230651521
29052000,761.0893311888981
29055600,669.2351588429206
29059200,563.333216076092
29062800,450.60054527708706
29066400,338.71969166093226
29070000,235.31515050991828
29073600,147.4337704195479
29077200,81.06452221183707
29080800,40.730360471992526
29084400,29.17999166709535
29088000,47.200554343406964
29091600,93.56397693481955
29095200,165.11066881106262
29098800,256.96484115703197
29102400,362.86678392385556
29106000,475.5994547230563
29109600,587.480308339016
29113200,690.8848494900358
29116800,778.766229580415
29120400,845.1354777881373
29124000,885.4696395280406
29127600,897.0200083329063
29131200,878.9994456566085
29134800,832.6360230652089
29138400,761.0893311889768
29142000,669.2351588428419
29145600,563.333216076197
29149200,450.60054527699776
29152800,338.7196916610358
29156400,235.31515051001028
29160000,147.43377041948656
29163600,81.06452221179461
29167200,40.73036047197195
29170800,29.179991667092224
29174400,47.20055434337604
29178000,93.56397693486645
29181600,165.1106688111276
29185200,256.9648411571106
29188800,362.8667839237504
29192400,475.5994547229483
29196000,587.4803083391016
29199600,690.8848494901118
29203200,778.7662295804764
29206800,845.1354777880861
29210400,885.4696395280157
29214000,897.0200083329037
29217600,878.999445656583
29221200,832.6360230651619
29224800,761.0893311889117
29228400,669.235158842937
29232000,563.3332160761101
29235600,450.60054527690846
29239200,338.7196916609502
29242800,235.31515050993423
29246400,147.43377041956074
29250000,81.06452221184594
29253600,40.730360471951315
29257200,29.179991667094782
29260800,47.20055434340162
29264400,93.56397693480972
29268000,165.11066881104898
29271600,256.9648411571892
29275200,362.8667839238374
29278800,475.5994547230376
29282400,587.480308338998
29286000,690.8848494900199
29289600,778.7662295805377
29293200,845.1354777881285
29296800,885.4696395280363
29300400,897.0200083329069
29304000,878.999445656614
29307600,832.6360230651151
29311200,761.0893311889904
29314800,669.2351588428584
29318400,563.3332160762153
29322000,450.60054527701647
29325600,338.7196916608646
29329200,235.31515051002623
29332800,147.4337704194994
29336400,81.06452221189727
29340000,40.73036047197627
29343600,29.179991667097397
29347200,47.2005543433707
29350800,93.56397693485661
29354400,165.11066881097042
29358000,256.9648411570941
29361600,362.8667839239243
29365200,475.5994547229295
29368800,587.4803083390836
29372400,690.8848494899278
29376000,778.7662295804636
29379600,845.1354777881709
29383200,885.4696395280569
29386800,897.0200083329042
29390400,878.9994456566449
29394000,832.6360230651718
29397600,761.0893311889254
29401200,669.2351588427798
29404800,563.3332160761283
29408400,450.6005452771245
29412000,338.7196916609681
29415600,235.31515050995017
29419200,147.43377041943808
29422800,81.06452221185486
29426400,40.730360472001166
29430000,29.179991667094214
29433600,47.20055434339628
29437200,93.56397693490351
29440800,165.1106688110354
29444400,256.964841156999
29448000,362.8667839238192
29451600,475.5994547230189
29455200,587.4803083391693
29458800,690.884849490004
29462400,778.7662295805249
29466000,845.1354777881195
29469600,885.469639528032
29473200,897.0200083329016
29476800,878.9994456566192
29480400,832.6360230651248
29484000,761.0893311888603
29487600,669.2351588428749
29491200,563.3332160760414
29494800,450.60054527683786
29498400,338.7196916608826
29502000,235.3151505098741
29505600,147.43377041951226
29509200,81.0645222118124
29512800,40.730360471935
29516400,29.17999166709683
29520000,47.20055434342186
29523600,93.56397693484678
29527200,165.11066881110037
29530800,256.9648411572514
29534400,362.86678392390604
29538000,475.5994547231082
29541600,587.4803083390657
29545200,690.8848494900799
29548800,778.7662295805862
29552400,845.1354777882557
29556000,885.4696395280525
29559600,897.0200083329048
29563200,878.9994456565937
29566800,832.636023065078
29570400,761.0893311887954
29574000,669.2351588427962
29577600,563.3332160761465
29581200,450.6005452769459
29584800,338.71969166079697
29588400,235.31515050979803
29592000,147.43377041945092
29595600,81.06452221186373
29599200,40.7303604719599
29602800,29.179991667099387
29606400,47.20055434344749
29610000,93.56397693489367
29613600,165.11066881102175
29617200,256.9648411571563
29620800,362.866783923993
29624400,475.5994547231975
29628000,587.4803083391513
29631600,690.8848494901561
29635200,778.766229580512
29638800,845.1354777882044
29642400,885.4696395280732
29646000,897.0200083329022
29649600,878.999445656568
29653200,832.6360230651347
29656800,761.089331188874
29660400,669.2351588427176
29664000,563.3332160760597
29667600,450.60054527685656
29671200,338.7196916609005
29674800,235.31515050989003
29678400,147.4337704193896
29682000,81.06452221182133
29685600,40.73036047193932
29689200,29.17999166709626
29692800,47.20055434341651
29696400,93.56397693494057
29700000,165.11066881108673
29703600,256.9648411572349
29707200,362.86678392388785
29710800,475.5994547230894
29714400,587.4803083392369
29718000,690.884849490064
29721600,778.7662295805734
29725200,845.1354777881531
29728800,885.4696395280482
29732400,897.0200083328996
29736000,878.999445656599
29739600,832.6360230650878
29743200,761.0893311889527
29746800,669.2351588428128
29750400,563.3332160759727
29754000,450.6005452769646
29757600,338.7196916608149
29761200,235.31515050998203
29764800,147.43377041946377
29768400,81.06452221177886
29772000,40.730360471964275
29775600,29.179991667098875
29779200,47.200554343385534
29782800,93.56397693488384
29786400,165.1106688111517
29790000,256.9648411573135
29793600,362.8667839239748
29797200,475.5994547229814
29800800,587.4803083391334
29804400,690.8848494901401
29808000,778.7662295806347
29811600,845.1354777881954
29815200,885.4696395280233
29818800,897.0200083329028
29822400,878.9994456565735
29826000,832.636023065041
29829600,761.0893311888876
29833200,669.2351588429078
29836800,563.3332160760779
29840400,450.6005452768753
29844000,338.71969166072927
29847600,235.31515050990598
29851200,147.43377041953795
29854800,81.0645222118302
29858400,40.73036047194364
29862000,29.179991667101433
29865600,47.20055434341111
29869200,93.56397693493074
29872800,165.11066881107314
29876400,256.9648411572184
29880000,362.8667839240617
29883600,475.5994547230707
29887200,587.4803083392189
29890800,690.884849490048
29894400,778.7662295805605
29898000,845.135477788238
29901600,885.4696395280439
29905200,897.0200083329001
29908800,878.9994456566044
29912400,832.6360230650977
29916000,761.0893311888226
29919600,669.2351588428292
29923200,563.3332160759909
29926800,450.6005452769833
29930400,338.71969166083284
29934000,235.31515050982992
29937600,147.43377041947662
29941200,81.06452221178779
29944800,40.730360471968595
29948400,29.179991667098307
29952000,47.20055434343675
29955600,93.56397693487406
29959200,165.1106688111381
29962800,256.9648411571233
29966400,362.8667839239566
29970000,475.59945472316
29973600,587.4803083391155
29977200,690.8848494901241
29980800,778.7662295804864
29984400,845.1354777881866
29988000,885.4696395280646
29991600,897.0200083329032
29995200,878.9994456565788
29998800,832.6360230651544
30002400,761.0893311889013
30006000,669.2351588427505
30009600,563.333216076096
30013200,450.600545276894
30016800,338.71969166093635
30020400,235.3151505099219
30024000,147.43377041941528
30027600,81.06452221174538
30031200,40.73036047194796
30034800,29.17999166709518
30038400,47.20055434340577
30042000,93.5639769349209
30045600,165.11066881120308
30049200,256.96484115720193
30052800,362.8667839238514
30056400,475.599454723052
30060000,587.4803083392011
30063600,690.8848494902002
30067200,778.7662295805476
30070800,845.1354777881353
30074400,885.4696395280396
30078000,897.0200083329007
30081600,878.9994456565532
30085200,832.6360230651076
30088800,761.0893311889798
30092400,669.2351588428456
30096000,563.3332160760091
30099600,450.6005452768047
30103200,338.71969166085074
30106800,235.31515050984584
30110400,147.43377041948946
30114000,81.06452221179666
30117600,40.73036047192733
30121200,29.179991667097795
30124800,47.20055434343135
30128400,93.56397693486423
30132000,165.11066881112447
30135600,256.9648411572806
30139200,362.8667839239383
30142800,475.5994547231413
30146400,587.4803083390975
30150000,690.8848494901082
30153600,778.766229580609
30157200,845.1354777881777
30160800,885.4696395280603
30164400,897.0200083329039
30168000,878.9994456565842
30171600,832.6360230650606
30175200,761.0893311889149
30178800,669.2351588427671
30182400,563.3332160761142
30186000,450.6005452769127
30189600,338.71969166076514
30193200,235.31515050993784
30196800,147.43377041942813
30200400,81.06452221184799
30204000,40.73036047195228
30207600,29.179991667100353
30211200,47.20055434340043
30214800,93.56397693491107
30218400,165.1106688110459
30222000,256.96484115718545
30225600,362.8667839240253
30229200,475.5994547230333
30232800,587.4803083391831
30236400,690.8848494900162
30240000,778.7662295805349
30243600,845.1354777882202
30247200,885.4696395280353
30250800,897.0200083329012
30254400,878.9994456566151
30258000,832.6360230651173
30261600,761.0893311888499
30265200,669.2351588426884
30268800,563.3332160760274
30272400,450.60054527702073
30276000,338.7196916608687
30279600,235.31515050986178
30283200,147.4337704193668
30286800,81.06452221180552
30290400,40.730360471977235
30294000,29.179991667097227
30297600,47.200554343426006
30301200,93.56397693495796
30304800,165.11066881111088
30308400,256.9648411570904
30312000,362.86678392392014
30315600,475.5994547231226
30319200,587.4803083392687
30322800,690.8848494900923
30326400,778.7662295804606
30330000,845.1354777881688
30333600,885.469639528056
30337200,897.0200083328987
30340800,878.9994456565895
30344400,832.6360230650705
30348000,761.0893311889284
30351600,669.2351588427834
30355200,563.3332160759404
30358800,450.6005452769314
30362400,338.7196916607831
30366000,235.31515050995378
30369600,147.43377041944098
30373200,81.06452221176312
30376800,40.7303604719566
30380400,29.17999166709984
30384000,47.20055434339503
30387600,93.56397693490129
30391200,165.11066881117586
30394800,256.96484115716896
30398400,362.86678392400705
30402000,475.5994547230146
30405600,587.4803083391652
30409200,690.8848494901683
30412800,778.7662295805219
30416400,845.1354777882113
30420000,885.4696395280309
30423600,897.0200083329019
30427200,878.9994456565639
30430800,832.6360230651271
30434400,761.0893311888635
30438000,669.2351588428786
30441600,563.3332160760456
30445200,450.6005452768421
30448800,338.7196916608866
30452400,235.31515050987775
30456000,147.4337704195152
30459600,81.06452221181439
30463200,40.73036047193597
30466800,29.179991667096715
30470400,47.20055434342066
30474000,93.56397693484456
30477600,165.1106688110973
30481200,256.96484115724763
30484800,362.86678392390195
30488400,475.5994547231039
30492000,587.4803083390616
30495600,690.8848494900764
30499200,778.7662295805833
30502800,845.1354777882536
30506400,885.4696395280516
30510000,897.0200083329048
30513600,878.9994456565948
30517200,832.6360230650803
30520800,761.0893311887985
30524400,669.2351588427999
30528000,563.3332160761506
30531600,450.60054527695013
30535200,338.719691660801
30538800,235.3151505098017
30542400,147.43377041945382
30546000,81.06452221186572
30549600,40.73036047196092
30553200,29.179991667099273
30556800,47.20055434344624
30560400,93.56397693489146
30564000,165.1106688111622
30567600,256.9648411571525
30571200,362.86678392398886
30574800,475.5994547231932
30578400,587.4803083391473
30582000,690.8848494901524
30585600,778.7662295805092
30589200,845.1354777882025
30592800,885.4696395280722
30596400,897.0200083329023
30600000,878.9994456565693
30603600,832.6360230651369
30607200,761.0893311888772
30610800,669.2351588427214
30614400,563.3332160760638
30618000,450.6005452768608
30621600,338.7196916609046
30625200,235.31515050989364
30628800,147.4337704193925
30632400,81.06452221182332
30636000,40.73036047194029
30639600,29.179991667096147
30643200,47.20055434341526
30646800,93.56397693493835
30650400,165.11066881108366
30654000,256.96484115723115
30657600,362.8667839238837
30661200,475.5994547230852
30664800,587.4803083392328
30668400,690.8848494900603
30672000,778.7662295805704
30675600,845.1354777881511
30679200,885.4696395280473
30682800,897.0200083328998
30686400,878.9994456566003
30690000,832.6360230650901
30693600,761.0893311889556
30697200,669.2351588428164
30700800,563.3332160759768
30704400,450.6005452769689
30708000,338.71969166081897
30711600,235.31515050998564
30715200,147.43377041946673
30718800,81.06452221178085
30722400,40.73036047191965
30726000,29.179991667098705
30729600,47.20055434338434
30733200,93.56397693488162
30736800,165.11066881114857
30740400,256.96484115730976
30744000,362.8667839239706
30747600,475.59945472297716
30751200,587.4803083391294
30754800,690.8848494901364
30758400,778.7662295806317
30762000,845.1354777881935
30765600,885.4696395280223
30769200,897.0200083329029
30772800,878.9994456565746
30776400,832.6360230650432
30780000,761.0893311888908
30783600,669.2351588429116
30787200,563.333216076082
30790800,450.60054527687953
30794400,338.71969166073336
30798000,235.31515050990959
30801600,147.43377041940533
30805200,81.06452221183218
30808800,40.73036047194461
30812400,29.17999166710132
30816000,47.20055434340992
30819600,93.56397693492852
30823200,165.11066881107
30826800,256.96484115721466
30830400,362.8667839240576
30834000,475.59945472306646
30837600,587.480308339215
30841200,690.8848494900444
30844800,778.7662295805576
30848400,845.1354777882359
30852000,885.469639528043
30855600,897.0200083329003
30859200,878.9994456566055
30862800,832.6360230650998
30866400,761.0893311888258
30870000,669.2351588428329
30873600,563.3332160759951
30877200,450.6005452769876
30880800,338.7196916608369
30884400,235.31515050983356
30888000,147.43377041947952
30891600,81.06452221178978
30895200,40.73036047196956
30898800,29.179991667098193
30902400,47.2005543434355
30906000,93.56397693487179
30909600,165.11066881113499
30913200,256.96484115711957
30916800,362.8667839239524
30920400,475.5994547231558
30924000,587.4803083391114
30927600,690.8848494901206
30931200,778.7662295804835
30934800,845.1354777881846
30938400,885.4696395280636
30942000,897.0200083329034
30945600,878.9994456565801
30949200,832.6360230651566
30952800,761.0893311889043
30956400,669.2351588427543
30960000,563.3332160759081
30963600,450.6005452768983
30967200,338.71969166094044
30970800,235.31515050992556
30974400,147.43377041941824
30978000,81.06452221174737
30981600,40.73036047194893
30985200,29.179991667095123
30988800,47.200554343404576
30992400,93.56397693491868
30996000,165.11066881119996
30999600,256.9648411571982
31003200,362.86678392384727
31006800,475.59945472304776
31010400,587.480308339197
31014000,690.8848494901965
31017600,778.7662295805447
31021200,845.1354777881334
31024800,885.4696395280387
31028400,897.0200083329008
31032000,878.9994456565544
31035600,832.6360230651097
31039200,761.0893311888394
31042800,669.2351588428494
31046400,563.3332160760133
31050000,450.60054527680893
31053600,338.71969166085483
31057200,235.31515050984945
31060800,147.43377041949242
31064400,81.06452221179865
31068000,40.73036047192829
31071600,29.17999166709768
31075200,47.200554343430156
31078800,93.56397693486196
31082400,165.11066881112134
31086000,256.96484115727685
31089600,362.86678392393424
31093200,475.59945472313706
31096800,587.4803083390934
31100400,690.8848494901046
31104000,778.766229580606
31107600,845.1354777881756
31111200,885.4696395280592
31114800,897.0200083329039
31118400,878.9994456565853
31122000,832.6360230650628
31125600,761.089331188918
31129200,669.2351588427707
31132800,563.3332160761183
31136400,450.600545276917
31140000,338.71969166076923
31143600,235.31515050994145
31147200,147.43377041943103
31150800,81.06452221184998
31154400,40.73036047195325
31158000,29.17999166710024
31161600,47.200554343399176
31165200,93.56397693490885
31168800,165.11066881104279
31172400,256.9648411571817
31176000,362.86678392402115
31179600,475.59945472302906
31183200,587.480308339179
31186800,690.8848494900126
31190400,778.7662295805319
31194000,845.1354777882182
31197600,885.4696395280798
31201200,897.0200083329014
31204800,878.9994456566163
31208400,832.6360230651195
31212000,761.0893311888531
31215600,669.2351588426922
31219200,563.3332160760315
31222800,450.600545277025
31226400,338.71969166087274
31230000,235.31515050986542
31233600,147.43377041936975
31237200,81.06452221180757
31240800,40.7303604719782
31244400,29.179991667097113
31248000,47.20055434342481
31251600,93.56397693495575
31255200,165.11066881110776
31258800,256.96484115708665
31262400,362.866783923916
31266000,475.59945472311836
31269600,587.4803083392646
31273200,690.8848494900886
31276800,778.7662295805933
31280400,845.1354777881668
31284000,885.469639528055
31287600,897.0200083328989
31291200,878.9994456565908
31294800,832.6360230650727
31298400,761.0893311889315
31302000,669.2351588427872
31305600,563.3332160759445
31309200,450.6005452769357
31312800,338.7196916607872
31316400,235.31515050995742
31320000,147.43377041944393
31323600,81.06452221176511
31327200,40.73036047195757
31330800,29.17999166709967
31334400,47.20055434339383
31338000,93.56397693489902
31341600,165.11066881117273
31345200,256.96484115716527
31348800,362.86678392400296
31352400,475.59945472301035
31356000,587.4803083391611
31359600,690.8848494901647
31363200,778.7662295805189
31366800,845.1354777882093
31370400,885.46963952803
31374000,897.0200083329019
31377600,878.9994456565651
31381200,832.6360230651294
31384800,761.0893311888666
31388400,669.2351588428824
31392000,563.3332160760497
31395600,450.6005452768464
31399200,338.7196916608907
31402800,235.31515050988136
31406400,147.4337704195181
31410000,81.06452221181644
31413600,40.73036047193693
31417200,29.1799916670966
31420800,47.20055434341941
31424400,93.56397693484234
31428000,165.11066881109411
31431600,256.9648411572439
31435200,362.8667839240899
31438800,475.59945472309965
31442400,587.4803083390576
31446000,690.8848494900727
31449600,778.7662295805803
31453200,845.1354777882517
31456800,885.4696395280506
31460400,897.020008332905
31464000,878.9994456565961
31467600,832.6360230650824
31471200,761.0893311888017
31474800,669.2351588428037
31478400,563.3332160761548
31482000,450.6005452769544
31485600,338.7196916608051
31489200,235.3151505098053
31492800,147.43377041945678
31496400,81.06452221186777
31500000,40.73036047196189
31503600,29.17999166709916
31507200,47.20055434344499
31510800,93.56397693488918
31514400,165.1106688111591
31518000,256.9648411571488
31521600,362.8667839239847
31525200,475.59945472318896
31528800,587.4803083391432
31532400,690.8848494901488
