t_seconds,gco2_per_kwh
0,888.6357169032894
3600,896.3434028107127
7200,874.5262667851612
10800,824.6711105922543
14400,750.1754807369973
18000,656.116131284177
21600,548.9030514585788
25200,435.8426354723251
28800,324.639763833708
32400,222.87272847346424
36000,137.47678467341757
39600,74.27152488007084
43200,37.56428309671048
46800,29.8565971892873
50400,51.673733214838876
54000,101.52888940774574
57600,176.02451926300256
61200,270.083868715823
64800,377.2969485414216
68400,490.3573645276751
72000,601.5602361662922
75600,703.3272715265356
79200,788.7232153265826
82800,851.9284751199293
86400,888.6357169032894
90000,896.3434028107127
93600,874.5262667851612
97200,824.6711105922541
100800,750.1754807369973
104400,656.1161312841771
108000,548.9030514585788
111600,435.8426354723246
115200,324.63976383370823
118800,222.87272847346418
122400,137.4767846734175
126000,74.2715248800709
129600,37.5642830967106
133200,29.856597189287356
136800,51.67373321483893
140400,101.52888940774551
144000,176.02451926300273
147600,270.0838687158229
151200,377.2969485414211
154800,490.3573645276754
158400,601.5602361662917
162000,703.3272715265358
165600,788.7232153265825
169200,851.9284751199291
172800,888.6357169032897
176400,896.3434028107129
180000,874.5262667851614
183600,824.6711105922541
187200,750.1754807369973
190800,656.1161312841765
194400,548.903051458579
198000,435.8426354723255
201600,324.63976383370766
205200,222.87272847346492
208800,137.47678467341757
212400,74.2715248800713
216000,37.56428309671094
219600,29.856597189287243
223200,51.67373321483865
226800,101.52888940774585
230400,176.02451926300205
234000,270.0838687158214
237600,377.29694854142025
241200,490.35736452767446
244800,601.5602361662909
248400,703.327271526535
252000,788.7232153265815
255600,851.9284751199286
259200,888.6357169032894
262800,896.3434028107129
266400,874.5262667851614
270000,824.671110592255
273600,750.175480736998
277200,656.1161312841787
280800,548.9030514585784
284400,435.8426354723256
288000,324.6397638337092
291600,222.872728473465
295200,137.47678467341865
298800,74.27152488007067
302400,37.56428309671065
306000,29.856597189287243
309600,51.67373321483865
313200,101.52888940774494
316800,176.02451926300085
320400,270.08386871582275
324000,377.2969485414202
327600,490.3573645276744
331200,601.5602361662908
334800,703.3272715265337
338400,788.7232153265825
342000,851.9284751199286
345600,888.6357169032894
349200,896.3434028107129
352800,874.5262667851619
356400,824.6711105922543
360000,750.175480736998
363600,656.1161312841774
367200,548.90305145858
370800,435.84263547232723
374400,324.6397638337093
378000,222.87272847346512
381600,137.47678467341768
385200,74.27152488007141
388800,37.564283096710994
392400,29.856597189287243
396000,51.67373321483865
399600,101.52888940774574
403200,176.02451926300193
406800,270.0838687158212
410400,377.2969485414201
414000,490.3573645276743
417600,601.5602361662922
421200,703.3272715265349
424800,788.7232153265822
428400,851.928475119928
432000,888.635716903289
435600,896.3434028107129
439200,874.5262667851614
442800,824.6711105922543
446400,750.1754807369971
450000,656.1161312841762
453600,548.9030514585801
457200,435.84263547232274
460800,324.63976383370795
464400,222.8727284734639
468000,137.47678467341672
471600,74.27152488007147
475200,37.564283096710085
478800,29.8565971892873
482400,51.67373321483905
486000,101.52888940774653
489600,176.02451926300182
493200,270.0838687158225
496800,377.29694854142144
500400,490.3573645276757
504000,601.5602361662935
507600,703.3272715265348
511200,788.7232153265822
514800,851.9284751199293
518400,888.6357169032897
522000,896.3434028107126
525600,874.5262667851615
529200,824.6711105922544
532800,750.1754807369971
536400,656.1161312841762
540000,548.9030514585771
543600,435.8426354723259
547200,324.63976383370806
550800,222.872728473464
554400,137.47678467341683
558000,74.27152488007016
561600,37.56428309671071
565200,29.8565971892873
568800,51.67373321483899
572400,101.52888940774477
576000,176.02451926300176
579600,270.0838687158224
583200,377.2969485414244
586800,490.3573645276756
590400,601.5602361662934
594000,703.3272715265373
597600,788.7232153265821
601200,851.9284751199293
604800,888.6357169032897
608400,896.3434028107129
612000,874.5262667851615
615600,824.6711105922544
619200,750.1754807369948
622800,656.1161312841763
626400,548.9030514585772
630000,435.84263547232297
633600,324.6397638337081
637200,222.8727284734641
640800,137.4767846734169
644400,74.27152488007152
648000,37.56428309671071
651600,29.8565971892873
655200,51.673733214837966
658800,101.52888940774642
662400,176.02451926300398
666000,270.08386871582513
669600,377.2969485414213
673200,490.3573645276755
676800,601.5602361662933
680400,703.3272715265347
684000,788.7232153265821
687600,851.9284751199292
691200,888.635716903289
694800,896.3434028107129
698400,874.5262667851606
702000,824.6711105922528
705600,750.1754807369973
709200,656.1161312841764
712800,548.9030514585774
716400,435.84263547232615
720000,324.63976383370823
723600,222.87272847346415
727200,137.476784673419
730800,74.27152488007158
734400,37.56428309671014
738000,29.856597189287527
741600,51.67373321483893
745200,101.52888940774636
748800,176.02451926300392
752400,270.08386871582223
756000,377.29694854142116
759600,490.3573645276754
763200,601.5602361662902
766800,703.3272715265346
770400,788.723215326582
774000,851.9284751199305
777600,888.6357169032897
781200,896.3434028107126
784800,874.5262667851606
788400,824.6711105922545
792000,750.1754807369973
795600,656.1161312841765
799200,548.9030514585804
802800,435.84263547232626
806400,324.63976383370834
810000,222.87272847346685
813600,137.476784673417
817200,74.27152488007027
820800,37.56428309671014
824400,29.856597189287243
828000,51.67373321483893
831600,101.52888940774625
835200,176.02451926300154
838800,270.0838687158222
842400,377.29694854142105
846000,490.3573645276722
849600,601.5602361662931
853200,703.3272715265371
856800,788.7232153265841
860400,851.9284751199291
864000,888.6357169032897
867600,896.3434028107129
871200,874.5262667851607
874800,824.6711105922546
878400,750.1754807369997
882000,656.1161312841766
885600,548.9030514585805
889200,435.84263547232325
892800,324.63976383370846
896400,222.8727284734618
900000,137.47678467341711
903600,74.2715248800717
907200,37.56428309671014
910800,29.856597189287243
914400,51.67373321483791
918000,101.52888940774625
921600,176.02451926300142
925200,270.0838687158193
928800,377.29694854142093
932400,490.35736452767827
936000,601.560236166293
939600,703.3272715265343
943200,788.723215326584
946800,851.9284751199291
950400,888.635716903289
954000,896.3434028107126
957600,874.5262667851616
961200,824.6711105922564
964800,750.1754807369975
968400,656.1161312841739
972000,548.9030514585777
975600,435.84263547232644
979200,324.6397638337056
982800,222.87272847346443
986400,137.47678467341916
990000,74.27152488007039
993600,37.56428309671077
997200,29.856597189287072
1000800,51.673733214838876
1004400,101.52888940774784
1008000,176.02451926300364
1011600,270.08386871582195
1015200,377.29694854142383
1018800,490.3573645276751
1022400,601.56023616629
1026000,703.3272715265368
1029600,788.7232153265818
1033200,851.9284751199276
1036800,888.6357169032896
1040400,896.3434028107129
1044000,874.5262667851607
1047600,824.6711105922548
1051200,750.1754807369953
1054800,656.1161312841768
1058400,548.9030514585808
1062000,435.8426354723235
1065600,324.6397638337087
1069200,222.87272847346708
1072800,137.47678467341723
1076400,74.27152488007175
1080000,37.5642830967102
1083600,29.856597189287243
1087200,51.67373321483984
1090800,101.52888940774614
1094400,176.0245192630013
1098000,270.0838687158246
1101600,377.29694854142076
1105200,490.3573645276719
1108800,601.5602361662928
1112400,703.3272715265342
1116000,788.7232153265797
1119600,851.9284751199289
1123200,888.6357169032901
1126800,896.3434028107126
1130400,874.5262667851617
1134000,824.6711105922532
1137600,750.1754807369977
1141200,656.1161312841796
1144800,548.9030514585778
1148400,435.84263547232666
1152000,324.63976383371164
1155600,222.87272847346463
1159200,137.47678467341933
1162800,74.27152488007044
1166400,37.564283096710824
1170000,29.85659718928747
1173600,51.67373321483683
1177200,101.52888940774437
1180800,176.02451926300353
1184400,270.0838687158217
1188000,377.29694854142366
1191600,490.35736452767486
1195200,601.5602361662957
1198800,703.3272715265315
1202400,788.7232153265817
1206000,851.9284751199275
1209600,888.6357169032894
1213200,896.3434028107129
1216800,874.5262667851607
1220400,824.6711105922515
1224000,750.175480737
1227600,656.116131284177
1231200,548.903051458581
1234800,435.8426354723237
1238400,324.63976383370886
1242000,222.8727284734621
1245600,137.47678467342143
1249200,74.27152488007187
1252800,37.564283096710255
1256400,29.856597189287243
1260000,51.67373321483973
1263600,101.52888940774596
1267200,176.0245192630058
1270800,270.0838687158189
1274400,377.29694854142053
1278000,490.3573645276717
1281600,601.5602361662926
1285200,703.327271526534
1288800,788.7232153265836
1292400,851.9284751199316
1296000,888.6357169032889
1299600,896.3434028107126
1303200,874.5262667851619
1306800,824.6711105922532
1310400,750.1754807369978
1314000,656.1161312841743
1317600,548.9030514585841
1321200,435.8426354723269
1324800,324.63976383371187
1328400,222.87272847346478
1332000,137.4767846734154
1335600,74.2715248800705
1339200,37.56428309670969
1342800,29.856597189287072
1346400,51.673733214838705
1350000,101.52888940774426
1353600,176.02451926300336
1357200,270.08386871582155
1360800,377.29694854142343
1364400,490.3573645276685
1368000,601.5602361662895
1371600,703.3272715265365
1375200,788.7232153265816
1378800,851.9284751199302
1382400,888.6357169032894
1386000,896.3434028107124
1389600,874.5262667851628
1393200,824.671110592255
1396800,750.1754807370003
1400400,656.1161312841771
1404000,548.9030514585812
1407600,435.84263547232393
1411200,324.6397638337032
1414800,222.87272847346742
1418400,137.4767846734175
1422000,74.27152488007198
1425600,37.56428309671031
1429200,29.856597189287243
1432800,51.67373321483967
1436400,101.52888940774244
1440000,176.02451926300097
1443600,270.0838687158187
1447200,377.2969485414203
1450800,490.35736452767765
1454400,601.5602361662924
1458000,703.327271526539
1461600,788.7232153265794
1465200,851.9284751199287
1468800,888.6357169032888
1472400,896.3434028107127
1476000,874.5262667851619
1479600,824.6711105922534
1483200,750.1754807369933
1486800,656.11613128418
1490400,548.9030514585783
1494000,435.8426354723271
1497600,324.6397638337062
1501200,222.87272847346497
1504800,137.47678467341558
1508400,74.27152488007334
1512000,37.56428309671094
1515600,29.856597189287015
1519200,51.67373321483865
1522800,101.5288894077475
1526400,176.02451926300324
1530000,270.0838687158269
1533600,377.2969485414172
1537200,490.35736452767446
1540800,601.5602361662894
1544400,703.3272715265364
1548000,788.7232153265813
1551600,851.92847511993
1555200,888.6357169032882
1558800,896.3434028107129
1562400,874.5262667851609
1566000,824.6711105922551
1569600,750.1754807369957
1573200,656.1161312841773
1576800,548.9030514585753
1580400,435.8426354723303
1584000,324.63976383370925
1587600,222.87272847346762
1591200,137.47678467341763
1594800,74.27152488007209
1598400,37.56428309671037
1602000,29.856597189287584
1605600,51.673733214837625
1609200,101.52888940774574
1612800,176.0245192630008
1616400,270.08386871582405
1620000,377.2969485414201
1623600,490.3573645276774
1627200,601.5602361662864
1630800,703.3272715265337
1634400,788.7232153265793
1638000,851.9284751199286
1641600,888.6357169032899
1645200,896.3434028107127
1648800,874.52626678516
1652400,824.6711105922568
1656000,750.1754807369981
1659600,656.1161312841803
1663200,548.9030514585785
1666800,435.8426354723273
1670400,324.6397638337064
1674000,222.87272847347026
1677600,137.4767846734198
1681200,74.27152488007073
1684800,37.564283096710994
1688400,29.856597189287413
1692000,51.67373321483859
1695600,101.52888940774744
1699200,176.0245192629984
1702800,270.0838687158212
1706400,377.296948541417
1710000,490.35736452767424
1713600,601.560236166295
1717200,703.3272715265362
1720800,788.7232153265853
1724400,851.9284751199273
1728000,888.6357169032893
1731600,896.3434028107129
1735200,874.5262667851609
1738800,824.6711105922552
1742400,750.1754807370005
1746000,656.1161312841775
1749600,548.9030514585755
1753200,435.8426354723182
1756800,324.6397638337095
1760400,222.87272847346264
1764000,137.4767846734219
1767600,74.27152488007215
1771200,37.56428309671037
1774800,29.856597189287584
1778400,51.67373321483757
1782000,101.52888940774562
1785600,176.02451926299602
1789200,270.0838687158183
1792800,377.2969485414199
1796400,490.3573645276772
1800000,601.5602361662978
1803600,703.3272715265335
1807200,788.7232153265832
1810800,851.9284751199258
1814400,888.6357169032888
1818000,896.3434028107127
1821600,874.52626678516
1825200,824.671110592257
1828800,750.1754807369982
1832400,656.1161312841748
1836000,548.9030514585847
1839600,435.8426354723275
1843200,324.63976383370664
1846800,222.8727284734602
1850400,137.4767846734199
1854000,74.27152488007079
1857600,37.564283096712245
1861200,29.856597189287015
1864800,51.673733214838535
1868400,101.52888940774727
1872000,176.0245192630075
1875600,270.08386871582104
1879200,377.2969485414228
1882800,490.35736452766787
1886400,601.560236166289
1890000,703.3272715265359
1893600,788.7232153265852
1897200,851.928475119927
1900800,888.6357169032893
1904400,896.3434028107133
1908000,874.526266785163
1911600,824.6711105922554
1915200,750.1754807369961
1918800,656.1161312841722
1922400,548.9030514585818
1926000,435.84263547232456
1929600,324.6397638337155
1933200,222.872728473468
1936800,137.4767846734179
1940400,74.27152488006953
1944000,37.564283096709175
1947600,29.856597189287243
1951200,51.673733214839444
1954800,101.52888940774216
1958400,176.02451926300046
1962000,270.08386871582366
1965600,377.29694854142576
1969200,490.3573645276708
1972800,601.5602361662918
1976400,703.3272715265282
1980000,788.7232153265791
1983600,851.9284751199284
1987200,888.6357169032899
1990800,896.3434028107124
1994400,874.5262667851621
1998000,824.6711105922536
2001600,750.175480737003
2005200,656.1161312841806
2008800,548.903051458579
2012400,435.8426354723216
2016000,324.63976383371266
2019600,222.8727284734655
2023200,137.47678467341598
2026800,74.27152488007368
2030400,37.56428309671105
2034000,29.856597189287413
2037600,51.67373321484041
2041200,101.52888940774375
2044800,176.02451926300273
2048400,270.08386871581524
2052000,377.29694854141655
2055600,490.3573645276738
2059200,601.5602361662947
2062800,703.3272715265409
2066400,788.723215326581
2070000,851.9284751199298
2073600,888.6357169032881
2077200,896.343402810713
2080800,874.5262667851612
2084400,824.671110592252
2088000,750.1754807370008
2091600,656.1161312841779
2095200,548.903051458588
2098800,435.8426354723309
2102400,324.6397638337098
2106000,222.87272847346304
2109600,137.476784673414
2113200,74.27152488007238
2116800,37.564283096710426
2120400,29.856597189286788
2124000,51.6737332148374
2127600,101.5288894077454
2131200,176.02451926300495
2134800,270.08386871581797
2138400,377.2969485414195
2142000,490.3573645276768
2145600,601.5602361662858
2149200,703.3272715265332
2152800,788.7232153265829
2156400,851.9284751199311
2160000,888.6357169032887
2163600,896.3434028107129
2167200,874.5262667851641
2170800,824.6711105922573
2174400,750.1754807369987
2178000,656.1161312841753
2181600,548.903051458573
2185200,435.84263547232797
2188800,324.63976383370704
2192400,222.8727284734708
2196000,137.47678467342018
2199600,74.27152488007101
2203200,37.56428309670986
2206800,29.85659718928696
2210400,51.673733214838364
2214000,101.52888940774704
2217600,176.02451926299796
2221200,270.0838687158206
2224800,377.2969485414224
2228400,490.35736452767975
2232000,601.5602361662886
2235600,703.3272715265356
2239200,788.7232153265768
2242800,851.928475119927
2246400,888.6357169032892
2250000,896.3434028107126
2253600,874.5262667851591
2257200,824.6711105922557
2260800,750.1754807369964
2264400,656.1161312841837
2268000,548.9030514585822
2271600,435.84263547232496
2275200,324.63976383370425
2278800,222.87272847346833
2282400,137.4767846734182
2286000,74.27152488007522
2289600,37.56428309671173
2293200,29.856597189287186
2296800,51.67373321483933
2300400,101.5288894077487
2304000,176.02451926300017
2307600,270.0838687158233
2311200,377.29694854141326
2314800,490.35736452767037
2318400,601.5602361662914
2322000,703.3272715265381
2325600,788.7232153265787
2329200,851.9284751199283
2332800,888.6357169032874
2336400,896.3434028107124
2340000,874.5262667851622
2343600,824.6711105922539
2347200,750.1754807370033
2350800,656.1161312841699
2354400,548.9030514585793
2358000,435.84263547233434
2361600,324.6397638337131
2365200,222.87272847346583
2368800,137.47678467341626
2372400,74.27152488007386
2376000,37.56428309670872
2379600,29.856597189287356
2383200,51.673733214836375
2386800,101.52888940774352
2390400,176.0245192630024
2394000,270.08386871582593
2397600,377.29694854141616
2401200,490.35736452766105
2404800,601.5602361662942
2408400,703.3272715265304
2412000,788.7232153265807
2415600,851.9284751199295
2419200,888.6357169032904
2422800,896.343402810713
2426400,874.5262667851653
2430000,824.6711105922523
2433600,750.1754807370012
2437200,656.1161312841783
2440800,548.9030514585885
2444400,435.84263547231905
2448000,324.6397638337103
2451600,222.87272847347364
2455200,137.47678467341427
2458800,74.27152488007255
2462400,37.56428309671054
2466000,29.856597189286788
2469600,51.67373321484121
2473200,101.52888940774517
2476800,176.0245192629954
2480400,270.0838687158176
2484000,377.29694854141906
2487600,490.35736452767634
2491200,601.5602361662853
2494800,703.327271526543
2498400,788.7232153265827
2502000,851.9284751199255
2505600,888.6357169032885
2509200,896.3434028107129
2512800,874.5262667851603
2516400,824.6711105922575
2520000,750.1754807369896
2523600,656.1161312841756
2527200,548.9030514585855
2530800,435.84263547232837
2534400,324.63976383370743
2538000,222.87272847346085
2541600,137.47678467342047
2545200,74.2715248800767
2548800,37.56428309670997
2552400,29.85659718928696
2556000,51.67373321483825
2559600,101.52888940774682
2563200,176.02451926300688
2566800,270.08386871582024
2570400,377.2969485414099
2574000,490.3573645276793
2577600,601.5602361662882
2581200,703.3272715265352
2584800,788.7232153265765
2588400,851.9284751199323
2592000,888.6357169032892
2595600,896.3434028107133
2599200,874.5262667851594
2602800,824.6711105922558
2606400,750.1754807369966
2610000,656.116131284184
2613600,548.9030514585705
2617200,435.8426354723254
2620800,324.6397638337163
2624400,222.87272847346867
2628000,137.47678467341854
2631600,74.27152488006988
2635200,37.56428309671179
2638800,29.856597189287925
2642400,51.67373321483922
2646000,101.52888940774164
2649600,176.02451926299983
2653200,270.0838687158229
2656800,377.2969485414249
2660400,490.35736452767
2664000,601.5602361662793
2667600,703.3272715265377
2671200,788.7232153265784
2674800,851.9284751199281
2678400,888.6357169032897
2682000,896.3434028107124
2685600,874.5262667851623
2689200,824.671110592261
2692800,750.1754807369945
2696400,656.1161312841814
2700000,548.9030514585797
2703600,435.84263547233473
2707200,324.63976383370175
2710800,222.87272847346622
2714400,137.47678467342467
2718000,74.27152488006857
2721600,37.56428309671122
2725200,29.8565971892873
2728800,51.673733214836204
2732400,101.52888940775011
2736000,176.02451926300205
2739600,270.08386871581456
2743200,377.29694854141576
2746800,490.3573645276729
2750400,601.5602361662939
2754000,703.3272715265299
2757600,788.7232153265886
2761200,851.9284751199294
2764800,888.6357169032879
2768400,896.3434028107131
2772000,874.5262667851614
2775600,824.6711105922525
2779200,750.1754807370014
2782800,656.1161312841897
2786400,548.9030514585768
2790000,435.8426354723318
2793600,324.6397638337106
2797200,222.8727284734637
2800800,137.47678467341456
2804400,74.27152488007272
2808000,37.5642830967131
2811600,29.856597189287527
2815200,51.67373321483717
2818800,101.52888940774494
2822400,176.0245192629951
2826000,270.0838687158282
2829600,377.29694854141866
2833200,490.3573645276636
2836800,601.5602361662966
2840400,703.3272715265324
2844000,788.7232153265825
2847600,851.9284751199252
2851200,888.6357169032909
2854800,896.3434028107129
2858400,874.5262667851644
2862000,824.6711105922577
2865600,750.1754807369992
2869200,656.1161312841759
2872800,548.903051458586
2876400,435.8426354723165
2880000,324.63976383370783
2883600,222.8727284734715
2887200,137.47678467342075
2890800,74.27152488007141
2894400,37.564283096710085
2898000,29.85659718928696
2901600,51.673733214834215
2905200,101.52888940774659
2908800,176.02451926299733
2912400,270.08386871581985
2916000,377.29694854142156
2919600,490.3573645276789
2923200,601.5602361662877
2926800,703.3272715265247
2930400,788.7232153265843
2934000,851.9284751199266
2937600,888.635716903289
2941200,896.3434028107134
2944800,874.5262667851596
2948400,824.671110592256
2952000,750.1754807370062
2955600,656.1161312841733
2959200,548.903051458583
2962800,435.8426354723258
2966400,324.6397638337167
2970000,222.87272847345875
2973600,137.47678467341882
2977200,74.27152488007556
2980800,37.56428309670946
2984400,29.85659718928713
2988000,51.67373321483905
2991600,101.52888940774142
2995200,176.02451926300876
2998800,270.0838687158225
3002400,377.2969485414124
3006000,490.3573645276696
3009600,601.5602361662906
3013200,703.3272715265374
3016800,788.7232153265782
3020400,851.9284751199334
3024000,888.6357169032897
3027600,896.3434028107132
3031200,874.5262667851625
3034800,824.6711105922544
3038400,750.1754807369948
3042000,656.1161312841817
3045600,548.9030514585922
3049200,435.84263547232285
3052800,324.6397638337139
3056400,222.87272847346654
3060000,137.47678467341683
3063600,74.27152488006874
3067200,37.564283096711335
3070800,29.85659718928656
3074400,51.67373321484001
3078000,101.52888940774307
3081600,176.02451926300176
3085200,270.0838687158141
3088800,377.2969485414274
3092400,490.35736452767253
3096000,601.5602361662817
3099600,703.3272715265398
3103200,788.7232153265802
3106800,851.9284751199293
3110400,888.6357169032879
3114000,896.3434028107122
3117600,874.5262667851615
3121200,824.6711105922595
3124800,750.1754807370019
3128400,656.116131284179
3132000,548.9030514585772
3135600,435.8426354723322
3139200,324.63976383369936
3142800,222.8727284734641
3146400,137.47678467342297
3150000,74.27152488007295
3153600,37.56428309671071
3157200,29.856597189287527
3160800,51.67373321483706
3164400,101.52888940773789
3168000,176.02451926300398
3171600,270.08386871581683
3175200,377.29694854141826
3178800,490.3573645276755
3182400,601.5602361662962
3186000,703.3272715265321
3189600,788.723215326574
3193200,851.9284751199305
3196800,888.6357169032884
3200400,896.3434028107129
3204000,874.5262667851646
3207600,824.6711105922511
3211200,750.1754807369996
3214800,656.1161312841874
3218400,548.9030514585743
3222000,435.8426354723292
3225600,324.63976383370823
3229200,222.87272847347185
3232800,137.47678467341285
3236400,74.27152488007158
3240000,37.564283096712586
3243600,29.85659718928696
3247200,51.673733214837966
3250800,101.52888940774636
3254400,176.024519262997
3258000,270.08386871583053
3261600,377.29694854142116
3265200,490.35736452766616
3268800,601.5602361662874
3272400,703.3272715265346
3276000,788.7232153265841
3279600,851.9284751199264
3283200,888.6357169032865
3286800,896.3434028107126
3290400,874.5262667851636
3294000,824.6711105922564
3297600,750.1754807369973
3301200,656.1161312841737
3304800,548.9030514585835
3308400,435.84263547233854
3312000,324.6397638337054
3315600,222.8727284734694
3319200,137.47678467341905
3322800,74.27152488007573
3326400,37.56428309670952
3330000,29.856597189287072
3333600,51.67373321483501
3337200,101.52888940774801
3340800,176.0245192629992
3344400,270.0838687158222
3348000,377.296948541412
3351600,490.35736452768145
3355200,601.5602361662902
3358800,703.3272715265267
3362400,788.7232153265779
3366000,851.9284751199277
3369600,888.6357169032897
3373200,896.3434028107133
3376800,874.5262667851587
3380400,824.6711105922546
3384000,750.1754807370044
3387600,656.1161312841821
3391200,548.9030514585805
3394800,435.84263547232325
3398400,324.63976383371426
3402000,222.8727284734772
3405600,137.47678467341711
3409200,74.27152488007442
3412800,37.56428309671139
3416400,29.856597189287243
3420000,51.6737332148399
3423600,101.52888940774278
3427200,176.02451926299221
3430800,270.0838687158248
3434400,377.2969485414149
3438000,490.3573645276721
3441600,601.560236166293
3445200,703.3272715265396
3448800,788.7232153265799
3452400,851.9284751199235
3456000,888.6357169032901
3459600,896.3434028107131
3463200,874.5262667851616
3466800,824.6711105922598
3470400,750.1754807369929
3474000,656.1161312841795
3477600,548.9030514585897
3481200,435.8426354723203
3484800,324.63976383371147
3488400,222.87272847346443
3492000,137.47678467342325
3495600,74.27152488006766
3499200,37.56428309671077
3502800,29.85659718928747
3506400,51.67373321483291
3510000,101.52888940775131
3513600,176.02451926299443
3517200,270.08386871581644
3520800,377.2969485414178
3524400,490.3573645276751
3528000,601.5602361662958
3531600,703.3272715265215
3535200,788.72321532659
3538800,851.9284751199248
3542400,888.6357169032883
3546000,896.3434028107129
3549600,874.5262667851607
3553200,824.6711105922514
3556800,750.1754807370091
3560400,656.1161312841657
3564000,548.9030514585868
3567600,435.8426354723297
3571200,324.6397638337087
3574800,222.87272847346196
3578400,137.47678467341314
3582000,74.27152488007727
3585600,37.56428309671264
3589200,29.8565971892869
3592800,51.67373321483785
3596400,101.52888940774614
3600000,176.0245192630059
3603600,270.08386871583014
3607200,377.29694854140865
3610800,490.3573645276657
3614400,601.5602361662869
3618000,703.3272715265342
3621600,788.7232153265838
3625200,851.9284751199207
3628800,888.6357169032913
3632400,896.3434028107134
3636000,874.5262667851637
3639600,824.6711105922566
3643200,750.1754807369977
3646800,656.1161312841741
3650400,548.903051458596
3654000,435.8426354723143
3657600,324.63976383371755
3661200,222.87272847346972
3664800,137.47678467341933
3668400,74.27152488007044
3672000,37.56428309670963
3675600,29.856597189286276
3679200,51.67373321484274
3682800,101.5288894077409
3686400,176.02451926299892
3690000,270.0838687158217
3693600,377.29694854142366
3697200,490.357364527681
3700800,601.5602361662781
3704400,703.3272715265264
3708000,788.7232153265776
3711600,851.9284751199275
3715200,888.6357169032894
3718800,896.3434028107124
3722400,874.5262667851589
3726000,824.6711105922617
3729600,750.1754807370046
3733200,656.1161312841825
3736800,548.903051458581
3740400,435.8426354723237
3744000,324.6397638337264
3747600,222.87272847345702
3751200,137.47678467342553
3754800,74.2715248800746
3758400,37.56428309671145
3762000,29.856597189287243
3765600,51.67373321483973
3769200,101.52888940773579
3772800,176.0245192630104
3776400,270.08386871581337
3780000,377.2969485414145
3783600,490.3573645276717
3787200,601.5602361662926
3790800,703.3272715265392
3794400,788.7232153265713
3798000,851.9284751199343
3801600,888.6357169032876
3805200,896.3434028107131
3808800,874.5262667851619
3812400,824.6711105922532
3816000,750.1754807369932
3819600,656.1161312841909
3823200,548.9030514585902
3826800,435.84263547233303
3830400,324.63976383371187
3834000,222.87272847346478
3837600,137.4767846734154
3841200,74.27152488006783
3844800,37.564283096713325
3848400,29.856597189286674
3852000,51.673733214836716
3855600,101.52888940774426
3859200,176.02451926300336
3862800,270.083868715805
3866400,377.2969485414295
3870000,490.35736452766236
3873600,601.5602361662837
3877200,703.3272715265314
3880800,788.7232153265816
3884400,851.9284751199302
3888000,888.6357169032858
3891600,896.3434028107122
3895200,874.5262667851648
3898800,824.6711105922584
3902400,750.1754807370003
3906000,656.1161312841771
3909600,548.9030514585752
3913200,435.8426354723424
3916800,324.6397638336973
3920400,222.87272847347256
3924000,137.4767846734216
3927600,74.27152488007198
3931200,37.56428309671031
3934800,29.856597189287584
3938400,51.67373321483376
3942000,101.52888940775267
3945600,176.02451926299636
3949200,270.0838687158187
3952800,377.2969485414203
3956400,490.35736452767765
3960000,601.5602361662983
3963600,703.3272715265235
3967200,788.7232153265754
3970800,851.928475119926
3974400,888.6357169032888
3978000,896.3434028107127
3981600,874.5262667851598
3985200,824.67111059225
3988800,750.1754807370072
3992400,656.1161312841855
3996000,548.9030514585843
3999600,435.8426354723271
4003200,324.6397638337062
4006800,222.87272847348038
4010400,137.4767846734115
4014000,74.27152488007613
4017600,37.56428309671213
4021200,29.856597189287015
4024800,51.67373321483865
4028400,101.5288894077475
4032000,176.02451926298937
4035600,270.0838687158324
4039200,377.29694854141115
4042800,490.35736452766827
4046400,601.5602361662894
4050000,703.3272715265364
4053600,788.7232153265854
4057200,851.9284751199218
4060800,888.635716903292
4064400,896.3434028107133
4068000,874.5262667851629
4071600,824.6711105922551
4075200,750.1754807369957
4078800,656.1161312841718
4082400,548.9030514585935
4086000,435.84263547233644
4089600,324.63976383371505
4093200,222.87272847346762
4096800,137.47678467341763
4100400,74.27152488006931
4104000,37.56428309670912
4107600,29.856597189286447
4111200,51.67373321483569
4114800,101.52888940774238
4118400,176.0245192630008
4122000,270.08386871582405
4125600,377.29694854140195
4129200,490.35736452768356
4132800,601.5602361662806
4136400,703.3272715265285
4140000,788.7232153265793
4143600,851.9284751199286
4147200,888.6357169032899
4150800,896.3434028107139
4154400,874.526266785158
4158000,824.6711105922602
4161600,750.1754807370028
4165200,656.1161312841803
4168800,548.9030514585785
4172400,435.84263547232115
4176000,324.6397638337239
4179600,222.87272847345483
4183200,137.47678467342388
4186800,74.27152488007346
4190400,37.564283096710994
4194000,29.856597189287413
4197600,51.673733214840524
4201200,101.52888940773715
4204800,176.0245192629938
4208400,270.0838687158157
4212000,377.296948541417
4215600,490.35736452767424
4219200,601.560236166295
4222800,703.3272715265413
4226400,788.7232153265732
4230000,851.9284751199245
4233600,888.6357169032881
4237200,896.3434028107129
4240800,874.5262667851609
4244400,824.6711105922654
4248000,750.1754807369913
4251600,656.1161312841886
4255200,548.9030514585877
4258800,435.84263547233047
4262400,324.6397638337095
4266000,222.87272847346264
4269600,137.47678467343002
4273200,74.27152488006669
4276800,37.56428309671281
4280400,29.856597189286845
4284000,51.67373321483757
4287600,101.52888940774562
4291200,176.0245192630053
4294800,270.0838687158073
4298400,377.296948541432
4302000,490.35736452766486
4305600,601.5602361662861
4309200,703.3272715265335
4312800,788.7232153265832
4316400,851.9284751199314
4320000,888.6357169032863
4323600,896.3434028107135
4327200,874.5262667851639
4330800,824.671110592257
4334400,750.1754807369982
4338000,656.1161312841748
4341600,548.9030514585727
4345200,435.84263547233985
4348800,324.63976383371835
4352400,222.87272847347046
4356000,137.4767846734199
4359600,74.27152488007079
4363200,37.5642830967098
4366800,29.85659718928781
4370400,51.673733214834556
4374000,101.52888940774045
4377600,176.02451926299824
4381200,270.08386871582104
4384800,377.2969485414228
4388400,490.35736452765553
4392000,601.5602361663007
4395600,703.3272715265257
4399200,788.723215326577
4402800,851.928475119927
4406400,888.6357169032893
4410000,896.3434028107125
4413600,874.526266785167
4417200,824.6711105922485
4420800,750.1754807370053
4424400,656.1161312841832
4428000,548.9030514585818
4431600,435.84263547232456
4435200,324.6397638337038
4438800,222.87272847347828
4442400,137.47678467340978
4446000,74.27152488007499
4449600,37.56428309671162
4453200,29.856597189287243
4456800,51.673733214839444
4460400,101.52888940774892
4464000,176.02451926299125
4467600,270.0838687158126
4471200,377.29694854141366
4474800,490.3573645276708
4478400,601.5602361662918
4482000,703.3272715265384
4485600,788.7232153265873
4489200,851.928475119923
4492800,888.6357169032874
4496400,896.3434028107131
4500000,874.5262667851621
4503600,824.6711105922536
4507200,750.1754807370123
4510800,656.1161312841696
4514400,548.903051458591
4518000,435.8426354723339
4521600,324.63976383371266
4525200,222.8727284734655
4528800,137.47678467341598
4532400,74.27152488007914
4536000,37.56428309670861
4539600,29.856597189286617
4543200,51.67373321483649
4546800,101.52888940774375
4550400,176.02451926300273
4554000,270.0838687158263
4557600,377.2969485414045
4561200,490.3573645276861
4564800,601.560236166283
4568400,703.3272715265307
4572000,788.723215326581
4575600,851.9284751199298
4579200,888.6357169032906
4582800,896.3434028107138
4586400,874.526266785165
4590000,824.6711105922589
4593600,750.1754807370008
4597200,656.1161312841779
4600800,548.903051458576
4604400,435.8426354723186
4608000,324.63976383372153
4611600,222.8727284734733
4615200,137.47678467342217
4618800,74.27152488007238
4622400,37.564283096710426
4626000,29.856597189285992
4629600,51.67373321484138
4633200,101.52888940773857
4636800,176.02451926299574
4640400,270.08386871581797
4644000,377.2969485414195
4647600,490.3573645276768
4651200,601.5602361662741
4654800,703.3272715265434
4658400,788.7232153265747
4662000,851.9284751199257
4665600,888.6357169032887
4669200,896.3434028107129
4672800,874.5262667851601
4676400,824.6711105922641
4680000,750.1754807369894
4683600,656.1161312841863
4687200,548.9030514585852
4690800,435.84263547232797
4694400,324.6397638337304
4698000,222.87272847346054
4701600,137.47678467341206
4705200,74.27152488007653
4708800,37.5642830967123
4712400,29.856597189288493
4716000,51.673733214838364
4719600,101.52888940774704
4723200,176.0245192629887
4726800,270.08386871580956
4730400,377.2969485414345
4734000,490.3573645276674
4737600,601.5602361662886
4741200,703.3272715265356
4744800,788.7232153265686
4748400,851.9284751199324
4752000,888.6357169032917
4755600,896.3434028107133
4759200,874.5262667851632
4762800,824.6711105922693
4766400,750.1754807369964
4770000,656.1161312841725
4773600,548.9030514585943
4777200,435.8426354723373
4780800,324.63976383369254
4784400,222.87272847346833
4788000,137.4767846734182
4791600,74.2715248800697
4795200,37.56428309671418
4798800,29.856597189287925
4802400,51.67373321483541
4806000,101.52888940774187
4809600,176.02451926300017
4813200,270.08386871580115
4816800,377.2969485414253
4820400,490.3573645276827
4824000,601.5602361662798
4827600,703.3272715265277
4831200,788.723215326595
4834800,851.9284751199283
4838400,888.6357169032899
4842000,896.343402810714
4845600,874.5262667851662
4849200,824.6711105922471
4852800,750.1754807370033
4856400,656.1161312841809
4860000,548.9030514585793
4863600,435.8426354723466
4867200,324.6397638337014
4870800,222.87272847345557
4874400,137.4767846734244
4878000,74.27152488007386
4881600,37.56428309671605
4885200,29.856597189287356
4888800,51.67373321484024
4892400,101.5288894077367
4896000,176.02451926299318
4899600,270.083868715837
4903200,377.29694854141616
4906800,490.3573645276734
4910400,601.5602361662942
4914000,703.32727152652
4917600,788.7232153265888
4921200,851.9284751199241
4924800,888.635716903288
4928400,896.343402810713
4932000,874.5262667851691
4935600,824.6711105922523
4939200,750.1754807369919
4942800,656.1161312841894
4946400,548.9030514585885
4950000,435.8426354723067
4953600,324.6397638337103
4957200,222.87272847346338
4960800,137.4767846734306
4964400,74.271524880078
4968000,37.56428309670815
4971600,29.856597189286788
4975200,51.673733214837284
4978800,101.52888940774517
4982400,176.02451926298613
4986000,270.08386871582866
4989600,377.29694854143116
4993200,490.357364527664
4996800,601.5602361662853
5000400,703.3272715265123
5004000,788.7232153265827
5007600,851.9284751199309
5011200,888.6357169032862
5014800,896.3434028107135
5018400,874.5262667851564
5022000,824.6711105922575
5025600,750.1754807369989
5029200,656.1161312841756
5032800,548.9030514585977
5036400,435.84263547231603
5040000,324.63976383371914
5043600,222.87272847347117
5047200,137.47678467342047
5050800,74.27152488008221
5054400,37.56428309670997
5058000,29.856597189287754
5061600,51.67373321483427
5065200,101.52888940774
5068800,176.02451926301615
5072400,270.08386871582024
5076000,377.296948541422
5079600,490.3573645276547
5083200,601.5602361662765
5086800,703.3272715265455
5090400,788.7232153265765
5094000,851.9284751199268
5097600,888.6357169032892
5101200,896.3434028107142
5104800,874.5262667851594
5108400,824.6711105922491
5112000,750.175480737006
5115600,656.116131284184
5119200,548.9030514586068
5122800,435.8426354723254
5126400,324.6397638337046
5130000,222.87272847347893
5133600,137.47678467342666
5137200,74.27152488006442
5140800,37.56428309671179
5144400,29.856597189287186
5148000,51.67373321483922
5151600,101.52888940773482
5155200,176.0245192630091
5158800,270.08386871581183
5162400,377.2969485414128
5166000,490.35736452767
5169600,601.5602361662676
5173200,703.3272715265377
5176800,788.7232153265866
5180400,851.9284751199226
5184000,888.6357169032873
5187600,896.3434028107116
5191200,874.5262667851623
5194800,824.6711105922541
5198400,750.175480737013
5202000,656.1161312841924
5205600,548.9030514585677
5209200,435.84263547233473
5212800,324.63976383371346
5216400,222.87272847346622
5220000,137.47678467343286
5223600,74.27152488006857
5227200,37.56428309670878
5230800,29.85659718928656
5234400,51.673733214836204
5238000,101.52888940772965
5241600,176.02451926300205
5245200,270.0838687158256
5248800,377.29694854140365
5252400,490.35736452766065
5256000,601.5602361663055
5259600,703.3272715265299
5263200,788.7232153265804
5266800,851.9284751199294
5270400,888.6357169032855
5274000,896.3434028107122
5277600,874.5262667851653
5281200,824.6711105922593
5284800,750.1754807370014
5288400,656.1161312842007
5292000,548.9030514585768
5295600,435.84263547231944
5299200,324.6397638337223
5302800,222.87272847347398
5306400,137.47678467340643
5310000,74.27152488007272
5313600,37.56428309671065
5317200,29.856597189285992
5320800,51.67373321483325
5324400,101.52888940775176
5328000,176.0245192629951
5331600,270.0838687158172
5335200,377.29694854141866
5338800,490.35736452765127
5342400,601.5602361662966
5346000,703.3272715265427
5349600,788.7232153265743
5353200,851.9284751199252
5356800,888.6357169032837
5360400,896.3434028107129
5364000,874.5262667851605
5367600,824.6711105922645
5371200,750.1754807370085
5374800,656.1161312841649
5378400,548.903051458586
5382000,435.84263547232877
5385600,324.63976383370783
5389200,222.87272847348177
5392800,137.47678467341257
5396400,74.27152488007687
5400000,37.56428309671247
5403600,29.85659718928696
5407200,51.673733214830236
5410800,101.52888940774659
5414400,176.02451926300654
5418000,270.0838687158088
5421600,377.2969485414095
5425200,490.35736452769123
5428800,601.5602361662877
5432400,703.3272715265349
5436000,788.723215326568
5439600,851.9284751199211
5443200,888.6357169032915
5446800,896.3434028107134
5450400,874.5262667851634
5454000,824.671110592256
5457600,750.1754807370155
5461200,656.1161312841733
5464800,548.903051458571
5468400,435.84263547233815
5472000,324.6397638337167
5475600,222.8727284734896
5479200,137.47678467341882
5482800,74.2715248800701
5486400,37.56428309671435
5490000,29.856597189286333
5493600,51.673733214843026
5497200,101.52888940774142
5500800,176.02451926299955
5504400,270.0838687158225
5508000,377.2969485414003
5511600,490.35736452768185
5515200,601.5602361663023
5518800,703.3272715265272
5522400,788.7232153265782
5526000,851.9284751199169
5529600,888.6357169032897
5533200,896.3434028107124
5536800,874.5262667851664
5540400,824.6711105922612
5544000,750.1754807369855
5547600,656.1161312841817
5551200,548.9030514585802
5554800,435.84263547232285
5558400,324.63976383372557
5562000,222.87272847345628
5565600,137.47678467342496
5569200,74.27152488007425
5572800,37.564283096711335
5576400,29.856597189285765
5580000,51.67373321484001
5583600,101.52888940774989
5587200,176.02451926299256
5590800,270.0838687158141
5594400,377.2969485414395
5598000,490.35736452767253
5601600,601.5602361662934
5605200,703.3272715265193
5608800,788.723215326572
5612400,851.9284751199347
5616000,888.6357169032879
5619600,896.3434028107131
5623200,874.5262667851615
5626800,824.6711105922664
5630400,750.1754807369925
5634000,656.116131284168
5637600,548.9030514585893
5641200,435.8426354723322
5644800,324.6397638337345
5648400,222.8727284734641
5652000,137.47678467341484
5655600,74.2715248800784
5659200,37.564283096713154
5662800,29.856597189288266
5666400,51.67373321483706
5670000,101.52888940774466
5673600,176.02451926300398
5677200,270.08386871580575
5680800,377.2969485414303
5684400,490.3573645276632
5688000,601.5602361662845
5691600,703.3272715265321
5695200,788.7232153265658
5698800,851.9284751199305
5702400,888.6357169032908
5706000,896.3434028107135
5709600,874.5262667851646
5713200,824.6711105922443
5716800,750.1754807369996
5720400,656.1161312841764
5724000,548.9030514585985
5727600,435.84263547234156
5731200,324.6397638336965
5734800,222.87272847347185
5738400,137.47678467342104
5742000,74.27152488007158
5745600,37.56428309671503
5749200,29.856597189287697
5752800,51.67373321484189
5756400,101.52888940773954
5760000,176.024519262997
5763600,270.0838687157974
5767200,377.29694854142116
5770800,490.35736452767844
5774400,601.5602361662757
5778000,703.3272715265243
5781600,788.7232153265923
5785200,851.9284751199264
5788800,888.635716903289
5792400,896.3434028107126
5796000,874.5262667851675
5799600,824.6711105922494
5803200,750.1754807370065
5806800,656.1161312841848
5810400,548.9030514585835
5814000,435.8426354723509
5817600,324.6397638337054
5821200,222.87272847345912
5824800,137.47678467342723
5828400,74.27152488007573
5832000,37.56428309670713
5835600,29.856597189287072
5839200,51.67373321483893
5842800,101.52888940773431
5846400,176.02451926299
5850000,270.0838687158332
5853600,377.296948541412
5857200,490.3573645276691
5860800,601.5602361662902
5864400,703.3272715265165
5868000,788.7232153265861
5871600,851.9284751199332
5875200,888.6357169032872
5878800,896.3434028107133
5882400,874.5262667851705
5886000,824.6711105922546
5889600,750.175480736995
5893200,656.1161312841931
5896800,548.9030514585927
5900400,435.842635472311
5904000,324.63976383371426
5907600,222.87272847346688
5911200,137.47678467341711
5914800,74.27152488007994
5918400,37.56428309670895
5922000,29.856597189286504
5925600,51.67373321483592
5929200,101.52888940774278
5932800,176.02451926298295
5936400,270.0838687158248
5940000,377.296948541427
5943600,490.3573645276598
5947200,601.5602361662814
5950800,703.3272715265498
5954400,788.7232153265799
5958000,851.9284751199291
5961600,888.6357169032854
5965200,896.3434028107138
5968800,874.5262667851578
5972400,824.6711105922598
5976000,750.1754807370021
5979600,656.1161312841795
5983200,548.9030514586018
5986800,435.8426354723203
5990400,324.63976383369976
5994000,222.8727284734747
5997600,137.47678467342325
6001200,74.27152488008409
6004800,37.56428309671077
6008400,29.85659718928747
6012000,51.67373321483291
6015600,101.52888940773767
6019200,176.02451926301296
6022800,270.08386871581644
6026400,377.2969485414178
6030000,490.3573645276751
6033600,601.5602361662725
6037200,703.327271526542
6040800,788.7232153265736
6044400,851.9284751199248
6048000,888.6357169032883
6051600,896.3434028107145
6055200,874.5262667851607
6058800,824.6711105922514
6062400,750.1754807370091
6066000,656.1161312841878
6069600,548.9030514585627
6073200,435.8426354723296
6076800,324.6397638337087
6080400,222.8727284734825
6084000,137.47678467342945
6087600,74.2715248800663
6091200,37.56428309671264
6094800,29.8565971892869
6098400,51.67373321483785
6102000,101.52888940773244
6105600,176.0245192630059
6109200,270.08386871583014
6112800,377.29694854140865
6116400,490.3573645276657
6120000,601.5602361662636
6123600,703.3272715265342
6127200,788.7232153265838
6130800,851.9284751199207
6134400,888.6357169032865
6138000,896.343402810712
6141600,874.5262667851637
6145200,824.6711105922566
6148800,750.1754807369977
6152400,656.1161312841962
6156000,548.9030514585718
6159600,435.842635472339
6163200,324.63976383371755
6166800,222.87272847346972
6170400,137.47678467343565
6174000,74.27152488007044
6177600,37.56428309670963
6181200,29.856597189286276
6184800,51.67373321483484
6188400,101.5288894077546
6192000,176.02451926299892
6195600,270.0838687158217
6199200,377.2969485413995
6202800,490.3573645276564
6206400,601.5602361663015
6210000,703.3272715265264
6213600,788.7232153265776
6217200,851.9284751199275
6220800,888.6357169032847
6224400,896.3434028107124
6228000,874.5262667851589
6231600,824.6711105922617
6235200,750.1754807370046
6238800,656.1161312842046
6242400,548.903051458581
6246000,435.8426354723237
6249600,324.6397638337264
6253200,222.87272847347754
6256800,137.4767846734092
6260400,74.2715248800746
6264000,37.56428309671145
6267600,29.856597189287243
6271200,51.673733214831884
6274800,101.52888940774943
6278400,176.02451926299193
6282000,270.08386871581337
6285600,377.2969485414145
6289200,490.35736452764706
6292800,601.5602361662926
6296400,703.3272715265392
6300000,788.7232153265713
6303600,851.9284751199234
6307200,888.6357169032925
6310800,896.3434028107131
6314400,874.5262667851619
6318000,824.6711105922668
6321600,750.1754807370116
6325200,656.1161312841688
6328800,548.9030514585902
6332400,435.84263547233303
6336000,324.63976383371187
6339600,222.87272847348535
6343200,137.4767846734154
6346800,74.27152488006783
6350400,37.564283096713325
6354000,29.856597189286674
6357600,51.67373321482887
6361200,101.52888940774426
6364800,176.02451926300336
6368400,270.083868715805
6372000,377.2969485414053
6375600,490.35736452768697
6379200,601.5602361662837
6382800,703.3272715265314
6386400,788.7232153265816
6390000,851.9284751199192
6393600,888.6357169032906
6397200,896.3434028107138
6400800,874.5262667851648
6404400,824.6711105922584
6408000,750.1754807370187
6411600,656.1161312841771
6415200,548.9030514585752
6418800,435.8426354723424
6422400,324.63976383372074
6426000,222.87272847345204
6429600,137.4767846734216
6433200,74.27152488007198
6436800,37.56428309671031
6440400,29.85659718928605
6444000,51.67373321484166
6447600,101.52888940773903
6451200,176.02451926299636
6454800,270.0838687158187
6458400,377.29694854139615
6462000,490.35736452767765
6465600,601.5602361662983
6469200,703.3272715265235
6472800,788.7232153265754
6476400,851.928475119937
6480000,888.6357169032888
6483600,896.3434028107127
6487200,874.5262667851678
6490800,824.6711105922636
6494400,750.1754807369887
6498000,656.1161312841855
6501600,548.9030514585843
6505200,435.8426354723271
6508800,324.6397638337296
6512400,222.8727284734598
6516000,137.4767846734115
6519600,74.27152488007613
6523200,37.56428309671213
6526800,29.85659718928548
6530400,51.67373321483865
6534000,101.5288894077475
6537600,176.02451926298937
6541200,270.08386871581035
6544800,377.2969485414353
6548400,490.35736452766827
6552000,601.5602361662894
6555600,703.3272715265364
6559200,788.7232153265692
6562800,851.9284751199327
6566400,888.635716903287
6570000,896.3434028107133
6573600,874.5262667851629
6577200,824.6711105922687
6580800,750.1754807369957
6584400,656.1161312841718
6588000,548.9030514585935
6591600,435.84263547233644
6595200,324.63976383369175
6598800,222.87272847346762
6602400,137.47678467341763
6606000,74.27152488008034
6609600,37.56428309671401
6613200,29.85659718928798
6616800,51.67373321483569
6620400,101.52888940774238
6624000,176.0245192630008
6627600,270.08386871580194
6631200,377.29694854142616
6634800,490.35736452768356
6638400,601.5602361662806
6642000,703.3272715265285
6645600,788.7232153265629
6649200,851.9284751199286
6652800,888.6357169032899
6656400,896.3434028107139
6660000,874.5262667851658
6663600,824.6711105922466
6667200,750.1754807370028
6670800,656.1161312841803
6674400,548.9030514585785
6678000,435.84263547234576
6681600,324.6397638337006
6685200,222.8727284734754
6688800,137.47678467342388
6692400,74.27152488007346
6696000,37.564283096715826
6699600,29.856597189287413
6703200,51.673733214840524
6706800,101.52888940773715
6710400,176.0245192629938
6714000,270.08386871583775
6717600,377.296948541417
6721200,490.35736452767424
6724800,601.5602361662717
6728400,703.3272715265207
6732000,788.7232153265895
6735600,851.9284751199245
6739200,888.6357169032881
6742800,896.3434028107129
6746400,874.5262667851689
6750000,824.6711105922518
6753600,750.1754807369913
6757200,656.1161312841886
6760800,548.9030514585877
6764400,435.84263547235514
6768000,324.6397638337095
6771600,222.87272847346264
6775200,137.47678467343002
6778800,74.27152488007766
6782400,37.564283096707925
6786000,29.856597189286845
6789600,51.67373321483757
6793200,101.52888940774562
6796800,176.02451926298681
6800400,270.0838687158294
6804000,377.2969485414078
6807600,490.35736452766486
6811200,601.5602361662861
6814800,703.327271526513
6818400,788.7232153265832
6822000,851.9284751199314
6825600,888.6357169032863
6829200,896.3434028107135
6832800,874.5262667851562
6836400,824.671110592257
6840000,750.1754807369982
6843600,656.116131284197
6847200,548.9030514585968
6850800,435.8426354723152
6854400,324.63976383371835
6858000,222.87272847347046
6861600,137.4767846734199
6865200,74.27152488008181
6868800,37.5642830967098
6872400,29.85659718928781
6876000,51.673733214834556
6879600,101.52888940774045
6883200,176.02451926297977
6886800,270.08386871582104
6890400,377.2969485414228
6894000,490.35736452765553
6897600,601.5602361662773
6901200,703.3272715265463
6904800,788.723215326577
6908400,851.928475119927
6912000,888.6357169032893
6915600,896.343402810714
6919200,874.5262667851591
6922800,824.6711105922622
6926400,750.1754807370053
6930000,656.1161312841832
6933600,548.903051458606
6937200,435.84263547232456
6940800,324.6397638337038
6944400,222.87272847347828
6948000,137.4767846734261
6951600,74.27152488006402
6955200,37.56428309671162
6958800,29.856597189287243
6962400,51.6737332148316
6966000,101.52888940773528
6969600,176.02451926300972
6973200,270.0838687158126
6976800,377.29694854141366
6980400,490.3573645276708
6984000,601.5602361662684
6987600,703.3272715265384
6991200,788.7232153265873
6994800,851.928475119923
6998400,888.6357169032874
7002000,896.3434028107147
7005600,874.5262667851621
7009200,824.6711105922536
7012800,750.1754807370123
7016400,656.1161312841916
7020000,548.9030514585668
7023600,435.8426354723585
7027200,324.63976383371266
7030800,222.87272847344497
7034400,137.47678467341598
7038000,74.27152488007914
7041600,37.56428309671833
7045200,29.856597189286617
7048800,51.67373321484433
7052400,101.52888940774375
7056000,176.02451926298426
7059600,270.0838687158263
7063200,377.2969485414045
7066800,490.3573645276861
7070400,601.560236166283
7074000,703.3272715265101
7077600,788.723215326581
7081200,851.9284751199189
7084800,888.6357169032906
7088400,896.3434028107138
7092000,874.526266785173
7095600,824.6711105922589
7099200,750.1754807369823
7102800,656.1161312841779
7106400,548.9030514586002
7110000,435.8426354723186
7113600,324.63976383372153
7117200,222.87272847345272
7120800,137.47678467342217
7124400,74.27152488008329
7128000,37.564283096710426
7131600,29.856597189285992
7135200,51.67373321484138
7138800,101.52888940773857
7142400,176.0245192629772
7146000,270.08386871581797
7149600,377.29694854144367
7153200,490.3573645276768
7156800,601.5602361662741
7160400,703.3272715265023
7164000,788.7232153265747
7167600,851.9284751199366
7171200,888.6357169032887
7174800,896.3434028107143
7178400,874.5262667851601
7182000,824.6711105922641
7185600,750.1754807369894
7189200,656.1161312841863
7192800,548.9030514586093
7196400,435.84263547232797
7200000,324.6397638337304
7203600,222.87272847346054
7207200,137.4767846734283
7210800,74.2715248800875
7214400,37.5642830967123
7218000,29.856597189288493
7221600,51.673733214838364
7225200,101.5288894077334
7228800,176.02451926300716
7232400,270.08386871580956
7236000,377.2969485414345
7239600,490.3573645276674
7243200,601.5602361662652
7246800,703.3272715265356
7250400,788.7232153265686
7254000,851.9284751199324
7257600,888.6357169032868
7261200,896.3434028107149
7264800,874.5262667851632
7268400,824.6711105922419
7272000,750.1754807369964
7275600,656.1161312841947
7279200,548.9030514586185
7282800,435.8426354723373
7286400,324.63976383369254
7290000,222.87272847346833
7293600,137.47678467343457
7297200,74.2715248800697
7300800,37.56428309671418
7304400,29.856597189287925
7308000,51.67373321483541
7311600,101.52888940772823
7315200,176.02451926300017
7318800,270.08386871580115
7322400,377.2969485414253
7326000,490.3573645276581
7329600,601.5602361662563
7333200,703.3272715265277
7336800,788.723215326595
7340400,851.9284751199283
7344000,888.6357169032849
7347600,896.3434028107124
7351200,874.5262667851662
7354800,824.6711105922743
7358400,750.1754807370033
7362000,656.1161312842031
7365600,548.9030514586277
7369200,435.8426354723466
7372800,324.63976383374813
7376400,222.87272847347614
7380000,137.4767846734407
7383600,74.2715248800958
7387200,37.56428309671605
7390800,29.856597189284287
7394400,51.673733214832396
7398000,101.52888940772306
7401600,176.02451926295612
7405200,270.0838687157928
7408800,377.29694854141616
7412400,490.35736452764877
7416000,601.5602361662475
7419600,703.32727152652
7423200,788.7232153265562
7426800,851.9284751199241
7430400,888.6357169032831
7434000,896.343402810716
7437600,874.5262667851691
7441200,824.6711105922795
7444800,750.1754807370104
7448400,656.1161312842114
7452000,548.9030514586368
7455600,435.84263547235594
7459200,324.6397638337103
7462800,222.8727284734839
7466400,137.4767846734469
7470000,74.27152488009995
7473600,37.56428309671787
7477200,29.856597189286788
7480800,51.67373321482944
7484400,101.52888940771783
7488000,176.02451926298613
7491600,270.08386871578443
7495200,377.296948541407
7498800,490.3573645276394
7502400,601.5602361662386
7506000,703.3272715265123
7509600,788.72321532655
7513200,851.92847511992
7516800,888.6357169032813
7520400,896.3434028107167
7524000,874.5262667851721
7527600,824.6711105922575
7531200,750.1754807370174
7534800,656.1161312842198
7538400,548.9030514585977
7542000,435.8426354723653
7545600,324.63976383371914
7549200,222.87272847349172
7552800,137.4767846734531
7556400,74.27152488008221
7560000,37.56428309671969
7563600,29.85659718928622
7567200,51.67373321482643
7570800,101.52888940771271
7574400,176.02451926297914
7578000,270.08386871582024
7581600,377.2969485413978
7585200,490.35736452763007
7588800,601.5602361662297
7592400,703.3272715265044
7596000,788.7232153265765
7599600,851.9284751199158
7603200,888.6357169032794
7606800,896.3434028107142
7610400,874.526266785175
7614000,824.6711105922627
7617600,750.1754807370244
7621200,656.1161312842282
7624800,548.9030514586068
7628400,435.84263547237464
7632000,324.639763833728
7635600,222.8727284734995
7639200,137.4767846734593
7642800,74.27152488008636
7646400,37.56428309671179
7650000,29.856597189285594
7653600,51.673733214823415
7657200,101.52888940773482
7660800,176.0245192629721
7664400,270.08386871581183
7668000,377.29694854138864
7671600,490.35736452762075
7675200,601.5602361662676
7678800,703.3272715264966
7682400,788.7232153265703
7686000,851.9284751199116
7689600,888.6357169032776
7693200,896.3434028107147
7696800,874.5262667851623
7700400,824.6711105922678
7704000,750.1754807370314
7707600,656.1161312842366
7711200,548.903051458616
7714800,435.84263547233473
7718400,324.6397638337369
7722000,222.87272847350732
7725600,137.47678467343286
7729200,74.27152488009051
7732800,37.564283096713666
7736400,29.856597189285026
7740000,51.67373321482046
7743600,101.52888940772965
7747200,176.02451926296504
7750800,270.0838687158035
7754400,377.29694854137944
7758000,490.35736452761137
7761600,601.5602361662587
7765200,703.3272715265299
7768800,788.7232153265641
7772400,851.9284751199075
7776000,888.6357169032855
7779600,896.3434028107154
7783200,874.5262667851653
7786800,824.671110592273
7790400,750.1754807370385
7794000,656.1161312842007
7797600,548.9030514586252
7801200,435.84263547234406
7804800,324.63976383374575
7808400,222.87272847351508
7812000,137.47678467343906
7815600,74.27152488007272
7819200,37.564283096715485
7822800,29.8565971892844
7826400,51.673733214817446
7830000,101.52888940772442
7833600,176.0245192629951
7837200,270.08386871579506
7840800,377.2969485413703
7844400,490.35736452765127
7848000,601.5602361662499
7851600,703.3272715265222
7855200,788.7232153265579
7858800,851.9284751199033
7862400,888.6357169032837
7866000,896.3434028107159
7869600,874.5262667851683
7873200,824.6711105922782
7876800,750.1754807370455
7880400,656.1161312842091
7884000,548.903051458586
7887600,435.84263547235344
7891200,324.6397638337546
7894800,222.87272847348177
7898400,137.4767846734452
7902000,74.27152488007687
7905600,37.56428309671736
7909200,29.856597189283832
7912800,51.673733214830236
7916400,101.5288894077193
7920000,176.02451926298806
7923600,270.0838687157867
7927200,377.2969485413611
7930800,490.35736452764195
7934400,601.5602361662877
7938000,703.3272715265143
7941600,788.7232153265518
7945200,851.9284751199211
7948800,888.6357169032817
7952400,896.3434028107134
7956000,874.5262667851713
7959600,824.6711105922834
7963200,750.1754807370155
7966800,656.1161312842175
7970400,548.9030514585952
7974000,435.84263547236276
7977600,324.6397638337635
7981200,222.8727284734896
7984800,137.47678467341882
7988400,74.27152488008102
7992000,37.56428309671924
7995600,29.856597189283264
7999200,51.67373321482722
8002800,101.52888940774142
8006400,176.02451926298102
8010000,270.0838687157783
8013600,377.2969485414003
8017200,490.3573645276326
8020800,601.5602361662789
8024400,703.3272715265066
8028000,788.7232153265455
8031600,851.9284751199169
8035200,888.6357169032799
8038800,896.343402810714
8042400,874.5262667851744
8046000,824.6711105922885
8049600,750.1754807370226
8053200,656.1161312841817
8056800,548.9030514586043
8060400,435.8426354723721
8064000,324.63976383372557
8067600,222.8727284734974
8071200,137.47678467342496
8074800,74.27152488008522
8078400,37.564283096721056
8082000,29.856597189285765
8085600,51.67373321482427
8089200,101.52888940773624
8092800,176.02451926297402
8096400,270.08386871576994
8100000,377.2969485413911
8103600,490.35736452767253
8107200,601.56023616627
8110800,703.3272715264987
8114400,788.7232153265394
8118000,851.9284751199127
8121600,888.6357169032879
8125200,896.3434028107146
8128800,874.5262667851773
8132400,824.6711105922664
8136000,750.1754807370296
8139600,656.11613128419
8143200,548.9030514586135
8146800,435.84263547238146
8150400,324.63976383373443
8154000,222.8727284735052
8157600,137.47678467343115
8161200,74.27152488008937
8164800,37.56428309672293
8168400,29.856597189285196
8172000,51.67373321483706
8175600,101.52888940773107
8179200,176.02451926296698
8182800,270.08386871580575
8186400,377.29694854138194
8190000,490.3573645276632
8193600,601.5602361662611
8197200,703.327271526491
8200800,788.7232153265658
8204400,851.9284751199086
8208000,888.635716903286
8211600,896.3434028107151
8215200,874.5262667851803
8218800,824.6711105922716
8222400,750.1754807369996
8226000,656.1161312841984
8229600,548.9030514586227
8233200,435.8426354723908
8236800,324.63976383374336
8240400,222.87272847347185
8244000,137.47678467343735
8247600,74.27152488009352
8251200,37.56428309671503
8254800,29.85659718928457
8258400,51.673733214834044
8262000,101.5288894077259
8265600,176.02451926295993
8269200,270.0838687157974
8272800,377.2969485413728
8276400,490.35736452765383
8280000,601.5602361662523
8283600,703.3272715264832
8287200,788.7232153265596
8290800,851.9284751199264
8294400,888.6357169032841
8298000,896.3434028107158
8301600,874.5262667851675
8305200,824.6711105922768
8308800,750.1754807370065
8312400,656.1161312842069
8316000,548.9030514586318
8319600,435.8426354723509
8323200,324.6397638337522
8326800,222.87272847347967
8330400,137.47678467344355
8334000,74.27152488009773
8337600,37.56428309671685
8341200,29.856597189287072
8344800,51.67373321483103
8348400,101.52888940772067
8352000,176.024519262953
8355600,270.083868715789
8359200,377.296948541412
8362800,490.3573645276445
8366400,601.5602361662434
8370000,703.3272715265165
8373600,788.7232153265534
8377200,851.9284751199223
8380800,888.6357169032823
8384400,896.3434028107163
8388000,874.5262667851705
8391600,824.671110592282
8395200,750.1754807370136
8398800,656.1161312842153
8402400,548.903051458641
8406000,435.8426354723602
8409600,324.63976383371426
8413200,222.87272847348746
8416800,137.47678467344974
8420400,74.27152488007994
8424000,37.56428309671867
8427600,29.856597189286504
8431200,51.673733214828076
8434800,101.52888940771555
8438400,176.02451926298295
8442000,270.08386871578057
8445600,377.2969485414028
8449200,490.3573645276352
8452800,601.5602361662345
8456400,703.3272715265086
8460000,788.7232153265799
8463600,851.9284751199181
8467200,888.6357169032804
8470800,896.343402810717
8474400,874.5262667851734
8478000,824.6711105922598
8481600,750.1754807370206
8485200,656.1161312842237
8488800,548.9030514586018
8492400,435.8426354723696
8496000,324.6397638337231
8499600,222.87272847349527
8503200,137.47678467345588
8506800,74.27152488008409
8510400,37.564283096720544
8514000,29.856597189285935
8517600,51.67373321482506
8521200,101.52888940771032
8524800,176.0245192629759
8528400,270.08386871581644
8532000,377.29694854139365
8535600,490.3573645276258
8539200,601.5602361662725
8542800,703.3272715265009
8546400,788.7232153265736
8550000,851.9284751199139
8553600,888.6357169032785
8557200,896.3434028107145
8560800,874.5262667851764
8564400,824.671110592265
8568000,750.1754807370276
8571600,656.116131284232
8575200,548.903051458611
8578800,435.8426354723296
8582400,324.639763833732
8586000,222.87272847350303
8589600,137.47678467346213
8593200,74.27152488008824
8596800,37.56428309671264
8600400,29.856597189285367
8604000,51.67373321482211
8607600,101.52888940773244
8611200,176.0245192629689
8614800,270.0838687158081
8618400,377.29694854138444
8622000,490.3573645276165
8625600,601.5602361662636
8629200,703.3272715264932
8632800,788.7232153265675
8636400,851.9284751199098
8640000,888.6357169032767
8643600,896.343402810715
8647200,874.5262667851637
8650800,824.6711105922702
8654400,750.1754807370346
8658000,656.1161312841962
8661600,548.9030514586202
8665200,435.842635472339
8668800,324.63976383374086
8672400,222.87272847351085
8676000,137.47678467343565
8679600,74.27152488009239
8683200,37.56428309671452
8686800,29.85659718928474
8690400,51.673733214819094
8694000,101.52888940772726
8697600,176.02451926299892
8701200,270.08386871579967
8704800,377.2969485413753
8708400,490.35736452760716
8712000,601.5602361662548
8715600,703.3272715265264
8719200,788.7232153265613
8722800,851.9284751199056
8726400,888.6357169032847
8730000,896.3434028107156
8733600,874.5262667851666
8737200,824.6711105922753
8740800,750.1754807370417
8744400,656.1161312842046
8748000,548.9030514586293
8751600,435.8426354723483
8755200,324.6397638337497
8758800,222.87272847351866
8762400,137.47678467344184
8766000,74.2715248800746
8769600,37.564283096716395
8773200,29.856597189284116
8776800,51.673733214831884
8780400,101.52888940772209
8784000,176.02451926299193
8787600,270.08386871579125
8791200,377.2969485413661
8794800,490.35736452764706
8798400,601.5602361662459
8802000,703.3272715265186
8805600,788.7232153265551
8809200,851.9284751199013
8812800,888.6357169032827
8816400,896.3434028107131
8820000,874.5262667851696
8823600,824.6711105922805
8827200,750.1754807370487
8830800,656.116131284213
8834400,548.9030514585902
8838000,435.84263547235764
8841600,324.6397638337586
8845200,222.87272847348535
8848800,137.47678467344804
8852400,74.27152488007874
8856000,37.56428309671821
8859600,29.856597189283548
8863200,51.67373321482887
8866800,101.52888940774426
8870400,176.02451926298488
8874000,270.08386871578284
8877600,377.2969485413569
8881200,490.3573645276377
8884800,601.5602361662837
8888400,703.3272715265108
8892000,788.7232153265488
8895600,851.9284751199192
8899200,888.6357169032809
8902800,896.3434028107138
8906400,874.5262667851727
8910000,824.6711105922857
8913600,750.1754807370187
8917200,656.1161312842214
8920800,548.9030514585993
8924400,435.842635472367
8928000,324.6397638337675
8931600,222.87272847349317
8935200,137.4767846734216
8938800,74.27152488008295
8942400,37.56428309672003
8946000,29.85659718928605
8949600,51.673733214825916
8953200,101.52888940773903
8956800,176.02451926297783
8960400,270.0838687157745
8964000,377.29694854139615
8967600,490.35736452762836
8971200,601.5602361662749
8974800,703.3272715265031
8978400,788.7232153265427
8982000,851.928475119915
8985600,888.6357169032888
8989200,896.3434028107142
8992800,874.5262667851757
8996400,824.6711105922909
9000000,750.1754807370257
9003600,656.1161312841855
9007200,548.9030514586085
9010800,435.84263547237634
9014400,324.6397638337296
9018000,222.87272847350093
9021600,137.47678467342774
9025200,74.2715248800871
9028800,37.56428309672191
9032400,29.85659718928548
9036000,51.6737332148229
9039600,101.52888940773391
9043200,176.02451926297084
9046800,270.08386871576613
9050400,377.29694854138694
9054000,490.35736452766827
9057600,601.560236166266
9061200,703.3272715264952
9064800,788.7232153265692
9068400,851.9284751199109
9072000,888.635716903287
9075600,896.3434028107149
9079200,874.5262667851787
9082800,824.6711105922687
9086400,750.1754807370328
9090000,656.1161312841939
9093600,548.9030514586177
9097200,435.84263547238567
9100800,324.63976383373847
9104400,222.87272847346762
9108000,137.476784673434
9111600,74.27152488009125
9115200,37.56428309672373
9118800,29.856597189284912
9122400,51.67373321483569
9126000,101.52888940772868
9129600,176.0245192629638
9133200,270.08386871580194
9136800,377.2969485413778
9140400,490.35736452765894
9144000,601.5602361662571
9147600,703.3272715264874
9151200,788.7232153265629
9154800,851.9284751199068
9158400,888.6357169032851
9162000,896.3434028107154
9165600,874.5262667851816
9169200,824.671110592274
9172800,750.1754807370028
9176400,656.1161312842023
9180000,548.9030514586268
9183600,435.84263547234576
9187200,324.63976383374734
9190800,222.8727284734754
9194400,137.47678467344014
9198000,74.27152488009546
9201600,37.564283096715826
9205200,29.856597189284344
9208800,51.67373321483268
9212400,101.52888940772351
9216000,176.02451926295674
9219600,270.0838687157935
9223200,377.296948541417
9226800,490.3573645276496
9230400,601.5602361662483
9234000,703.3272715264796
9237600,788.7232153265568
9241200,851.9284751199245
9244800,888.6357169032833
9248400,896.343402810716
9252000,874.5262667851689
9255600,824.6711105922791
9259200,750.1754807370098
9262800,656.1161312842107
9266400,548.903051458636
9270000,435.84263547235514
9273600,324.6397638337562
9277200,222.87272847348322
9280800,137.4767846734464
9284400,74.2715248800996
9288000,37.5642830967177
9291600,29.856597189286845
9295200,51.673733214829724
9298800,101.52888940771834
9302400,176.02451926298681
9306000,270.0838687157852
9309600,377.2969485414078
9313200,490.35736452764024
9316800,601.5602361662394
9320400,703.327271526513
9324000,788.7232153265506
9327600,851.9284751199203
9331200,888.6357169032815
9334800,896.3434028107166
9338400,874.5262667851719
9342000,824.671110592257
9345600,750.1754807370168
9349200,656.1161312842191
9352800,548.9030514586452
9356400,435.84263547236446
9360000,324.63976383371835
9363600,222.87272847349098
9367200,137.47678467345253
9370800,74.27152488008181
9374400,37.5642830967098
9378000,29.85659718928315
9381600,51.67373321482671
9385200,101.52888940771317
9388800,176.02451926297977
9392400,270.08386871582104
9396000,377.2969485413986
9399600,490.3573645276309
9403200,601.5602361662305
9406800,703.3272715265051
9410400,788.723215326577
9414000,851.9284751199161
9417600,888.6357169032796
9421200,896.3434028107172
9424800,874.5262667851748
9428400,824.6711105922622
9432000,750.1754807370238
9435600,656.1161312841832
9439200,548.9030514586543
9442800,435.8426354723738
9446400,324.6397638337272
9450000,222.8727284734988
9453600,137.4767846734261
9457200,74.2715248801079
9460800,37.5642830967214
9464400,29.85659718928565
9468000,51.673733214823756
9471600,101.52888940773528
9475200,176.02451926300972
9478800,270.0838687157684
9482400,377.29694854138944
9486000,490.3573645276216
9489600,601.5602361662684
9493200,703.3272715265384
9496800,788.7232153265381
9500400,851.928475119912
9504000,888.6357169032777
9507600,896.3434028107147
9511200,874.5262667851621
9514800,824.6711105922674
9518400,750.1754807370309
9522000,656.1161312842358
9525600,548.9030514586152
9529200,435.8426354723339
9532800,324.6397638337361
9536400,222.8727284735066
9540000,137.47678467346492
9543600,74.27152488009011
9547200,37.564283096713496
9550800,29.856597189285026
9554400,51.67373321483649
9558000,101.52888940770282
9561600,176.02451926296573
9565200,270.0838687158042
9568800,377.2969485413803
9572400,490.3573645276615
9576000,601.5602361662128
9579600,703.3272715264895
9583200,788.7232153265647
9586800,851.9284751199078
9590400,888.6357169032856
9594000,896.3434028107122
9597600,874.5262667851807
9601200,824.6711105922725
9604800,750.1754807370378
9608400,656.1161312842
9612000,548.903051458576
9615600,435.8426354723925
9619200,324.63976383374495
9622800,222.8727284735144
9626400,137.4767846734385
9630000,74.27152488007238
9633600,37.56428309671537
9637200,29.856597189284457
9640800,51.67373321481773
9644400,101.52888940772493
9648000,176.02451926299574
9651600,270.08386871579586
9655200,377.2969485413711
9658800,490.3573645276029
9662400,601.5602361662507
9666000,703.3272715265228
9669600,788.7232153265585
9673200,851.9284751199257
9676800,888.635716903274
9680400,896.3434028107158
9684000,874.526266785168
9687600,824.6711105922777
9691200,750.1754807370078
9694800,656.1161312842526
9698400,548.9030514586335
9702000,435.8426354723526
9705600,324.6397638337538
9709200,222.87272847348112
9712800,137.47678467341206
9716400,74.27152488009841
9720000,37.56428309671719
9723600,29.85659718928389
9727200,51.67373321483052
9730800,101.52888940774704
9734400,176.02451926295169
9738000,270.0838687157875
9741600,377.2969485413619
9745200,490.3573645276428
9748800,601.5602361662886
9752400,703.3272715265151
9756000,788.7232153265522
9759600,851.9284751198995
9763200,888.635716903282
9766800,896.3434028107133
9770400,874.526266785171
9774000,824.671110592283
9777600,750.1754807370519
9781200,656.1161312842167
9784800,548.9030514585943
9788400,435.8426354723619
9792000,324.6397638337159
9795600,222.87272847352997
9799200,137.47678467345082
9802800,74.27152488008062
9806400,37.56428309671901
9810000,29.85659718928639
9813600,51.67373321481176
9817200,101.52888940771459
9820800,176.0245192629817
9824400,270.0838687157791
9828000,377.29694854140115
9831600,490.3573645276827
9835200,601.5602361662329
9838800,703.3272715265073
9842400,788.7232153265461
9846000,851.9284751199173
9849600,888.6357169032899
9853200,896.343402810717
9856800,874.526266785174
9860400,824.6711105922881
9864000,750.1754807370219
9867600,656.1161312841809
9871200,548.9030514586035
9874800,435.8426354723712
9878400,324.63976383377155
9882000,222.87272847349666
9885600,137.4767846734244
9889200,74.27152488008483
9892800,37.564283096720885
9896400,29.856597189282752
9900000,51.67373321482455
9903600,101.5288894077367
9907200,176.02451926297465
9910800,270.0838687158149
9914400,377.29694854134357
9918000,490.3573645276241
9921600,601.5602361662709
9925200,703.3272715264994
9928800,788.7232153265725
9932400,851.9284751198912
9936000,888.6357169032783
9939600,896.3434028107145
9943200,874.526266785177
9946800,824.6711105922659
9950400,750.1754807369919
9954000,656.1161312842336
9957600,548.9030514586127
9961200,435.8426354723806
9964800,324.63976383373364
9968400,222.87272847346338
9972000,137.47678467346321
9975600,74.27152488008898
9979200,37.56428309672276
9982800,29.856597189285253
9986400,51.673733214837284
9990000,101.52888940773153
9993600,176.0245192629676
9997200,270.08386871576226
10000800,377.2969485413828
10004400,490.35736452766406
10008000,601.560236166262
10011600,703.3272715264917
10015200,788.7232153265337
10018800,851.928475119909
10022400,888.6357169032862
10026000,896.3434028107151
10029600,874.5262667851644
10033200,824.6711105922984
10036800,750.175480737036
10040400,656.1161312841978
10044000,548.9030514586218
10047600,435.8426354723407
10051200,324.6397638337893
10054800,222.8727284735123
10058400,137.47678467343678
10062000,74.27152488009312
10065600,37.5642830967148
10069200,29.856597189287754
10072800,51.67373321481858
10076400,101.5288894077263
10080000,176.0245192629606
10083600,270.08386871579813
10087200,377.296948541422
10090800,490.35736452760545
10094400,601.5602361662532
10098000,703.3272715264839
10101600,788.7232153265602
10105200,851.9284751199268
10108800,888.6357169032842
10112400,896.3434028107157
10116000,874.526266785183
10119600,824.6711105922762
10123200,750.175480737006
10126800,656.1161312842061
10130400,548.903051458631
10134000,435.84263547239925
10137600,324.6397638337514
10141200,222.87272847347893
10144800,137.47678467344298
10148400,74.27152488007539
10152000,37.564283096726456
10155600,29.85659718928406
10159200,51.673733214831316
10162800,101.52888940772118
10166400,176.02451926299062
10170000,270.08386871574555
10173600,377.29694854136443
10177200,490.35736452764536
10180800,601.5602361662443
10184400,703.3272715265172
10188000,788.7232153265866
10191600,851.9284751199007
10195200,888.6357169032824
10198800,896.3434028107163
10202400,874.5262667851703
10206000,824.6711105922541
10209600,750.17548073705
10213200,656.1161312842145
10216800,548.9030514586402
10220400,435.84263547235935
10224000,324.63976383371346
10227600,222.87272847348675
10231200,137.47678467344917
10234800,74.27152488010148
10238400,37.564283096718555
10242000,29.85659718928656
10245600,51.67373321482836
10249200,101.52888940774329
10252800,176.02451926294657
10256400,270.08386871578136
10260000,377.29694854140365
10263600,490.35736452763604
10267200,601.5602361662822
10270800,703.3272715264683
10274400,788.7232153265478
10278000,851.9284751199184
10281600,888.6357169032806
10285200,896.3434028107138
10288800,874.5262667851575
10292400,824.6711105922866
10296000,750.1754807370199
10299600,656.1161312842229
10303200,548.903051458601
10306800,435.84263547231944
10310400,324.6397638337691
10314000,222.87272847349456
10317600,137.47678467345537
10321200,74.27152488008369
10324800,37.56428309671065
10328400,29.856597189285992
10332000,51.67373321482535
10335600,101.52888940771078
10339200,176.02451926297658
10342800,270.0838687158172
10346400,377.29694854139444
10350000,490.35736452762666
10353600,601.5602361662264
10357200,703.3272715265016
10360800,788.7232153265743
10364400,851.9284751199143
10368000,888.6357169032885
10371600,896.3434028107174
10375200,874.5262667851762
10378800,824.6711105922645
10382400,750.175480737027
10386000,656.1161312841871
10389600,548.9030514586585
10393200,435.84263547237805
10396800,324.6397638337312
10400400,222.87272847350235
10404000,137.47678467342894
10407600,74.2715248800659
10411200,37.56428309672225
10414800,29.856597189285367
10418400,51.67373321482239
10422000,101.52888940773295
10425600,176.02451926300654
10429200,270.0838687157646
10432800,377.2969485413853
10436400,490.35736452761734
10440000,601.5602361662644
10443600,703.3272715265349
10447200,788.723215326568
10450800,851.9284751199101
10454400,888.635716903277
10458000,896.3434028107149
10461600,874.5262667851634
10465200,824.6711105922698
10468800,750.175480737034
10472400,656.1161312842396
10476000,548.9030514586193
10479600,435.84263547233815
10483200,324.63976383374006
10486800,222.87272847346907
10490400,137.4767846734677
10494000,74.27152488009204
10497600,37.56428309671435
10501200,29.8565971892848
10504800,51.673733214835124
10508400,101.52888940770043
10512000,176.02451926296249
10515600,270.08386871580046
10519200,377.2969485413761
10522800,490.35736452765724
10526400,601.5602361663023
10530000,703.327271526486
10533600,788.7232153265619
10537200,851.9284751199059
10540800,888.6357169032848
10544400,896.3434028107124
10548000,874.5262667851821
10551600,824.6711105922749
10555200,750.175480737041
10558800,656.1161312842038
10562400,548.9030514585802
10566000,435.84263547234747
10569600,324.63976383374893
10573200,222.87272847351792
10576800,137.47678467344133
10580400,74.27152488007425
10584000,37.56428309671617
10587600,29.85659718928423
10591200,51.67373321481642
10594800,101.52888940772255
10598400,176.02451926299256
10602000,270.08386871579205
10605600,377.2969485414153
10609200,490.35736452759863
10612800,601.5602361662467
10616400,703.3272715265193
10620000,788.7232153265556
10623600,851.9284751199237
10627200,888.6357169032732
10630800,896.3434028107162
10634400,874.5262667851694
10638000,824.67111059228
10641600,750.175480737011
10645200,656.116131284168
10648800,548.9030514586377
10652400,435.8426354723568
10656000,324.6397638337578
10659600,222.8727284734846
10663200,137.47678467341484
10666800,74.27152488010034
10670400,37.56428309671804
10674000,29.856597189283605
10677600,51.673733214829156
10681200,101.52888940774466
10684800,176.0245192629855
10688400,270.08386871578364
10692000,377.2969485413578
10695600,490.35736452763854
10699200,601.5602361662845
10702800,703.3272715265115
10706400,788.7232153265495
10710000,851.9284751198976
10713600,888.635716903281
10717200,896.3434028107135
10720800,874.5262667851723
10724400,824.671110592258
10728000,750.1754807370551
10731600,656.1161312842206
10735200,548.9030514585985
10738800,435.84263547236617
10742400,324.63976383371994
10746000,222.87272847353356
10749600,137.47678467345366
10753200,74.27152488008255
10756800,37.56428309671986
10760400,29.856597189286106
10764000,51.67373321484189
10767600,101.5288894077122
10771200,176.02451926297846
10774800,270.0838687157753
10778400,377.29694854139694
10782000,490.35736452767844
10785600,601.560236166229
10789200,703.3272715265038
10792800,788.7232153265433
10796400,851.9284751199154
10800000,888.635716903289
10803600,896.3434028107142
10807200,874.5262667851754
10810800,824.6711105922905
10814400,750.175480737025
10818000,656.1161312841848
10821600,548.9030514586077
10825200,435.8426354723755
10828800,324.63976383377553
10832400,222.87272847350025
10836000,137.47678467342723
10839600,74.2715248800867
10843200,37.56428309671196
10846800,29.856597189282468
10850400,51.67373321482319
10854000,101.52888940773431
10857600,176.02451926297147
10861200,270.0838687158111
10864800,377.2969485413394
10868400,490.3573645276199
10872000,601.5602361662668
10875600,703.3272715264959
10879200,788.7232153265697
10882800,851.9284751199332
10886400,888.6357169032774
10890000,896.3434028107148
10893600,874.5262667851783
10897200,824.6711105922683
10900800,750.175480736995
10904400,656.1161312842373
10908000,548.9030514586168
10911600,435.8426354723848
10915200,324.6397638337377
10918800,222.87272847346688
10922400,137.47678467343343
10926000,74.27152488009085
10929600,37.564283096723614
10933200,29.85659718928497
10936800,51.67373321483592
10940400,101.52888940772914
10944000,176.02451926296442
10947600,270.0838687157585
10951200,377.2969485413786
10954800,490.3573645276598
10958400,601.5602361662579
10962000,703.3272715265292
10965600,788.7232153265309
10969200,851.928475119907
10972800,888.6357169032854
10976400,896.3434028107154
10980000,874.5262667851656
10983600,824.6711105923007
10987200,750.1754807370392
10990800,656.1161312842015
10994400,548.903051458626
10998000,435.8426354723449
11001600,324.63976383369976
11005200,222.8727284735158
11008800,137.47678467343962
11012400,74.27152488009506
11016000,37.56428309671571
11019600,29.85659718928747
11023200,51.67373321481722
11026800,101.52888940772402
11030400,176.02451926295743
11034000,270.0838687157943
11037600,377.2969485414178
11041200,490.3573645276505
11044800,601.5602361662491
11048400,703.3272715264803
11052000,788.7232153265574
11055600,851.9284751199248
11059200,888.6357169032834
11062800,896.343402810716
11066400,874.5262667851844
11070000,824.6711105922786
11073600,750.1754807370091
11077200,656.1161312842099
11080800,548.9030514585868
11084400,435.8426354724035
11088000,324.6397638337554
11091600,222.8727284734825
11095200,137.47678467344576
11098800,74.27152488007727
11102400,37.56428309672725
11106000,29.856597189283775
11109600,51.67373321482995
11113200,101.5288894077188
11116800,176.02451926298744
11120400,270.08386871583014
11124000,377.2969485413603
11127600,490.3573645276411
11131200,601.5602361662402
11134800,703.3272715265136
11138400,788.7232153265838
11142000,851.9284751198988
11145600,888.6357169032816
11149200,896.3434028107165
11152800,874.5262667851716
11156400,824.6711105922566
11160000,750.1754807370162
11163600,656.1161312842182
11167200,548.9030514586443
11170800,435.8426354723636
11174400,324.63976383371755
11178000,222.8727284734903
11181600,137.47678467345196
11185200,74.27152488010336
11188800,37.56428309671935
11192400,29.856597189286276
11196000,51.67373321482694
11199600,101.5288894077409
11203200,176.0245192629434
11206800,270.08386871577756
11210400,377.2969485413995
11214000,490.3573645276318
11217600,601.5602361662781
11221200,703.3272715264648
11224800,788.723215326545
11228400,851.9284751199166
11232000,888.6357169032797
11235600,896.343402810714
11239200,874.5262667851589
11242800,824.671110592289
11246400,750.1754807370232
11250000,656.1161312842266
11253600,548.9030514586052
11257200,435.8426354723237
11260800,324.63976383377315
11264400,222.87272847349806
11268000,137.47678467345816
11271600,74.27152488008556
11275200,37.56428309671145
11278800,29.856597189285708
11282400,51.67373321482404
11286000,101.52888940770845
11289600,176.02451926297334
11293200,270.08386871581337
11296800,377.2969485413903
11300400,490.35736452762245
11304000,601.5602361662225
11307600,703.3272715264981
11311200,788.7232153265713
11314800,851.9284751199124
11318400,888.6357169032876
11322000,896.3434028107177
11325600,874.5262667851775
11329200,824.6711105922668
11332800,750.1754807370302
11336400,656.1161312841908
11340000,548.9030514586627
11343600,435.8426354723823
11347200,324.6397638337353
11350800,222.87272847350587
11354400,137.47678467343172
11358000,74.27152488006783
11361600,37.564283096723045
11365200,29.856597189285083
11368800,51.67373321482103
11372400,101.52888940773056
11376000,176.02451926300336
11379600,270.0838687157608
11383200,377.29694854138114
11386800,490.3573645276131
11390400,601.5602361662603
11394000,703.3272715265314
11397600,788.7232153265652
11401200,851.9284751199082
11404800,888.635716903276
11408400,896.3434028107152
11412000,874.5262667851648
11415600,824.671110592272
11419200,750.1754807370372
11422800,656.1161312842435
11426400,548.9030514586235
11430000,435.84263547234235
11433600,324.63976383374415
11437200,222.87272847347256
11440800,137.47678467347055
11444400,74.27152488009392
11448000,37.564283096715144
11451600,29.856597189284514
11455200,51.67373321483376
11458800,101.5288894076981
11462400,176.0245192629593
11466000,270.0838687157966
11469600,377.29694854137193
11473200,490.357364527653
11476800,601.5602361662983
11480400,703.3272715264825
11484000,788.7232153265591
11487600,851.9284751199041
11491200,888.635716903284
11494800,896.3434028107127
11498400,874.5262667851835
11502000,824.6711105922773
11505600,750.1754807370442
11509200,656.1161312842077
11512800,548.9030514585843
11516400,435.84263547235173
11520000,324.639763833753
11523600,222.8727284735215
11527200,137.47678467344412
11530800,74.27152488007613
11534400,37.56428309671702
11538000,29.856597189283946
11541600,51.67373321481506
11545200,101.52888940772021
11548800,176.02451926298937
11552400,270.08386871578824
11556000,377.29694854141115
11559600,490.3573645275944
11563200,601.5602361662426
11566800,703.3272715265158
11570400,788.7232153265529
11574000,851.9284751199218
11577600,888.6357169032724
11581200,896.3434028107164
11584800,874.5262667851707
11588400,824.6711105922824
11592000,750.1754807370141
11595600,656.1161312841718
11599200,548.9030514586418
11602800,435.84263547236105
11606400,324.6397638337619
11610000,222.8727284734882
11613600,137.47678467341763
11617200,74.27152488010222
11620800,37.564283096718896
11624400,29.856597189283377
11628000,51.67373321482779
11631600,101.52888940774238
11635200,176.02451926298232
11638800,270.0838687157799
11642400,377.2969485413536
11646000,490.35736452763433
11649600,601.5602361662806
11653200,703.327271526508
11656800,788.7232153265467
11660400,851.9284751198957
11664000,888.6357169032802
11667600,896.3434028107139
11671200,874.5262667851738
11674800,824.6711105922602
11678400,750.1754807370583
11682000,656.1161312842244
11685600,548.9030514586027
11689200,435.8426354723704
11692800,324.6397638337239
11696400,222.87272847353705
11700000,137.4767846734565
11703600,74.27152488008443
11707200,37.564283096720715
11710800,29.85659718928588
11714400,51.673733214840524
11718000,101.52888940770981
11721600,176.02451926297528
11725200,270.0838687157715
11728800,377.2969485413928
11732400,490.35736452767424
11736000,601.5602361662249
11739600,703.3272715265002
11743200,788.7232153265404
11746800,851.9284751199135
11750400,888.6357169032881
11754000,896.3434028107145
11757600,874.5262667851767
11761200,824.6711105922927
11764800,750.1754807370282
11768400,656.1161312841886
11772000,548.9030514586118
11775600,435.84263547237975
11779200,324.6397638337796
11782800,222.87272847350377
11786400,137.47678467343002
11790000,74.27152488008858
11793600,37.56428309671281
11797200,29.856597189282184
11800800,51.67373321482182
11804400,101.52888940773198
11808000,176.02451926296828
11811600,270.0838687158073
11815200,377.29694854133527
11818800,490.35736452761563
11822400,601.5602361662627
11826000,703.3272715264924
11829600,788.723215326567
11833200,851.9284751199314
11836800,888.6357169032765
11840400,896.343402810715
11844000,874.5262667851798
11847600,824.6711105922707
11851200,750.1754807369982
11854800,656.1161312842412
11858400,548.903051458621
11862000,435.8426354723891
11865600,324.6397638337417
11869200,222.87272847347046
11872800,137.47678467343627
11876400,74.27152488009278
11880000,37.56428309672441
11883600,29.85659718928474
11887200,51.673733214834556
11890800,101.52888940772681
11894400,176.02451926296123
11898000,270.08386871575465
11901600,377.29694854137443
11905200,490.35736452765553
11908800,601.5602361662538
11912400,703.3272715265257
11916000,788.7232153265281
11919600,851.9284751199052
11923200,888.6357169032844
11926800,896.3434028107156
11930400,874.526266785167
11934000,824.6711105923032
11937600,750.1754807370423
11941200,656.1161312842053
11944800,548.9030514586302
11948400,435.8426354723492
11952000,324.6397638337038
11955600,222.87272847351937
11959200,137.4767846734424
11962800,74.27152488009693
11966400,37.56428309671651
11970000,29.856597189287243
11973600,51.673733214815854
11977200,101.52888940772164
11980800,176.02451926295424
11984400,270.0838687157905
11988000,377.29694854141366
11991600,490.3573645276462
11995200,601.560236166245
11998800,703.3272715264768
12002400,788.7232153265545
12006000,851.928475119923
12009600,888.6357169032826
12013200,896.3434028107163
12016800,874.5262667851857
12020400,824.671110592281
12024000,750.1754807370123
12027600,656.1161312842137
12031200,548.903051458591
12034800,435.8426354724078
12038400,324.63976383375945
12042000,222.87272847348603
12045600,137.4767846734486
12049200,74.27152488007914
12052800,37.564283096728104
12056400,29.85659718928349
12060000,51.67373321482859
12063600,101.52888940771646
12067200,176.02451926298426
12070800,270.0838687158263
12074400,377.2969485413561
12078000,490.35736452763683
12081600,601.5602361662361
12085200,703.3272715265101
12088800,788.723215326581
12092400,851.9284751199189
12096000,888.6357169032808
12099600,896.3434028107168
12103200,874.526266785173
12106800,824.6711105922589
12110400,750.1754807370194
12114000,656.1161312842221
12117600,548.9030514586485
12121200,435.8426354723679
12124800,324.63976383372153
12128400,222.87272847349382
12132000,137.47678467342217
12135600,74.27152488010529
12139200,37.5642830967202
12142800,29.856597189285992
12146400,51.67373321482563
12150000,101.52888940773857
12153600,176.0245192629402
12157200,270.08386871577375
12160800,377.2969485413953
12164400,490.3573645276275
12168000,601.5602361662741
12171600,703.3272715265434
12175200,788.7232153265422
12178800,851.9284751199147
12182400,888.6357169032789
12186000,896.3434028107143
12189600,874.5262667851601
12193200,824.6711105922914
12196800,750.1754807370264
12200400,656.1161312842305
12204000,548.9030514586093
12207600,435.84263547232797
12211200,324.6397638337304
12214800,222.87272847350164
12218400,137.47678467346094
12222000,74.2715248800875
12225600,37.5642830967123
12229200,29.856597189285424
12232800,51.67373321482262
12236400,101.52888940770606
12240000,176.02451926297016
12243600,270.08386871580956
12247200,377.2969485413861
12250800,490.3573645276674
12254400,601.5602361662184
12258000,703.3272715264945
12261600,788.7232153265686
12265200,851.9284751199104
12268800,888.6357169032868
12272400,896.343402810718
12276000,874.5262667851789
12279600,824.6711105922693
12283200,750.1754807370335
12286800,656.1161312841947
12290400,548.9030514585702
12294000,435.8426354723865
12297600,324.63976383373927
12301200,222.87272847350945
12304800,137.47678467343457
12308400,74.2715248800697
12312000,37.564283096723955
12315600,29.856597189284855
12319200,51.673733214819606
12322800,101.52888940772823
12326400,176.02451926300017
12330000,270.08386871580115
12333600,377.29694854137693
12337200,490.35736452760887
12340800,601.5602361662563
12344400,703.3272715265277
12348000,788.7232153265625
12351600,851.9284751199064
12355200,888.6357169032751
12358800,896.3434028107155
12362400,874.5262667851662
12366000,824.6711105922743
12369600,750.1754807370033
12373200,656.1161312842473
12376800,548.9030514586277
12380400,435.8426354723466
12384000,324.63976383374813
12387600,222.87272847347614
12391200,137.47678467347333
12394800,74.2715248800958
12398400,37.56428309671605
12402000,29.856597189284287
12405600,51.673733214832396
12409200,101.5288894077504
12412800,176.02451926295612
12416400,270.08386871579285
12420000,377.2969485413678
12423600,490.35736452764877
12427200,601.5602361662942
12430800,703.327271526479
12434400,788.7232153265562
12438000,851.9284751199021
12441600,888.6357169032831
12445200,896.343402810713
12448800,874.5262667851691
12452400,824.6711105922795
12456000,750.1754807370473
12459600,656.1161312842114
12463200,548.9030514585885
12466800,435.84263547235594
12470400,324.639763833757
12474000,222.872728473525
12477600,137.4767846734469
12481200,74.271524880078
12484800,37.56428309671787
12488400,29.856597189286788
12492000,51.673733214813694
12495600,101.52888940771788
12499200,176.02451926298613
12502800,270.08386871578443
12506400,377.296948541407
12510000,490.35736452759016
12513600,601.5602361662386
12517200,703.3272715265123
12520800,788.72321532655
12524400,851.92847511992
12528000,888.635716903291
12531600,896.3434028107167
12535200,874.5262667851721
12538800,824.6711105922848
12542400,750.1754807370173
12546000,656.1161312841756
12549600,548.903051458646
12553200,435.8426354723653
12556800,324.63976383376587
12560400,222.87272847349172
12564000,137.47678467342047
12567600,74.27152488008221
12571200,37.56428309671969
12574800,29.856597189283093
12578400,51.67373321482643
12582000,101.52888940774
12585600,176.02451926297914
12589200,270.083868715776
12592800,377.2969485413494
12596400,490.35736452763007
12600000,601.5602361662765
12603600,703.3272715265044
12607200,788.7232153265765
12610800,851.9284751198938
12614400,888.6357169032794
12618000,896.3434028107142
12621600,874.526266785175
12625200,824.6711105922627
12628800,750.1754807370614
12632400,656.1161312842282
12636000,548.9030514586068
12639600,435.84263547237464
12643200,324.639763833728
12646800,222.8727284734584
12650400,137.4767846734593
12654000,74.27152488008636
12657600,37.56428309672157
12661200,29.856597189285594
12664800,51.67373321483922
12668400,101.52888940770754
12672000,176.0245192629721
12675600,270.08386871576766
12679200,377.29694854138864
12682800,490.35736452767
12686400,601.5602361662676
12690000,703.3272715264966
12693600,788.7232153265377
12697200,851.9284751199116
12700800,888.6357169032873
12704400,896.3434028107147
12708000,874.5262667851781
12711600,824.6711105922951
12715200,750.1754807370314
12718800,656.1161312841924
12722400,548.903051458616
12726000,435.84263547233473
12729600,324.6397638337836
12733200,222.87272847350732
12736800,137.4767846734328
12740400,74.27152488009051
12744000,37.564283096713666
12747600,29.8565971892819
12751200,51.67373321482046
12754800,101.52888940772965
12758400,176.02451926296504
12762000,270.0838687158035
12765600,377.2969485414278
12769200,490.35736452761137
12772800,601.5602361662587
12776400,703.3272715264889
12780000,788.7232153265641
12783600,851.9284751199294
12787200,888.6357169032758
12790800,896.3434028107154
12794400,874.5262667851811
12798000,824.671110592273
12801600,750.1754807370014
12805200,656.1161312842007
12808800,548.9030514586252
12812400,435.84263547239334
12816000,324.63976383374575
12819600,222.87272847347398
12823200,137.47678467343906
12826800,74.27152488009466
12830400,37.56428309672526
12834000,29.8565971892844
12837600,51.67373321483325
12841200,101.52888940772442
12844800,176.0245192629951
12848400,270.0838687157509
12852000,377.2969485413703
12855600,490.35736452765127
12859200,601.5602361662499
12862800,703.3272715265222
12866400,788.7232153265253
12870000,851.9284751199033
12873600,888.6357169032837
12877200,896.3434028107159
12880800,874.5262667851683
12884400,824.6711105922509
12888000,750.1754807370455
12891600,656.1161312842091
12895200,548.9030514586343
12898800,435.84263547235344
12902400,324.63976383370783
12906000,222.8727284735229
12909600,137.4767846734452
12913200,74.27152488009881
12916800,37.56428309671736
12920400,29.85659718928696
12924000,51.673733214830236
12927600,101.5288894077193
12931200,176.02451926295106
12934800,270.0838687157867
12938400,377.2969485414095
12942000,490.35736452764195
12945600,601.560236166241
12949200,703.3272715264733
12952800,788.7232153265518
12956400,851.9284751199211
12960000,888.6357169032817
12963600,896.3434028107134
12967200,874.5262667851871
12970800,824.6711105922834
12974400,750.1754807370155
12978000,656.1161312842175
12981600,548.9030514585952
12985200,435.842635472412
12988800,324.6397638337635
12992400,222.8727284734896
12996000,137.47678467345145
12999600,74.27152488008102
13003200,37.56428309670946
13006800,29.856597189283264
13010400,51.67373321482722
13014000,101.52888940771408
13017600,176.02451926298102
13021200,270.0838687158225
13024800,377.2969485413519
13028400,490.3573645276326
13032000,601.5602361662321
13035600,703.3272715265066
13039200,788.7232153265782
13042800,851.9284751199169
13046400,888.6357169032799
13050000,896.3434028107172
13053600,874.5262667851744
13057200,824.6711105922612
13060800,750.1754807370226
13064400,656.116131284226
13068000,548.9030514586527
13071600,435.8426354723721
13075200,324.63976383372557
13078800,222.8727284734974
13082400,137.47678467342496
13086000,74.27152488010717
13089600,37.564283096721056
13093200,29.856597189285765
13096800,51.67373321482427
13100400,101.52888940773624
13104000,176.02451926293702
13107600,270.08386871576994
13111200,377.29694854139115
13114800,490.3573645276233
13118400,601.56023616627
13122000,703.3272715265398
13125600,788.7232153265394
13129200,851.9284751199127
13132800,888.6357169032781
13136400,896.3434028107146
13140000,874.5262667851615
13143600,824.6711105922936
13147200,750.1754807370296
13150800,656.1161312842343
13154400,548.9030514586135
13158000,435.8426354723322
13161600,324.63976383373443
13165200,222.87272847350516
13168800,137.47678467346384
13172400,74.27152488008937
13176000,37.564283096713154
13179600,29.856597189285196
13183200,51.673733214821254
13186800,101.52888940770373
13190400,176.02451926296698
13194000,270.08386871580575
13197600,377.29694854138194
13201200,490.3573645276632
13204800,601.5602361662144
13208400,703.327271526491
13212000,788.7232153265658
13215600,851.9284751199086
13219200,888.635716903286
13222800,896.3434028107183
13226400,874.5262667851803
13230000,824.6711105922716
13233600,750.1754807370367
13237200,656.1161312841984
13240800,548.9030514585743
13244400,435.8426354723908
13248000,324.63976383374336
13251600,222.87272847351295
13255200,137.47678467343735
13258800,74.27152488007158
13262400,37.56428309672475
13266000,29.85659718928457
13269600,51.6737332148183
13273200,101.5288894077259
13276800,176.024519262997
13280400,270.0838687157974
13284000,377.2969485413728
13287600,490.3573645276046
13291200,601.5602361662523
13294800,703.3272715265243
13298400,788.7232153265596
13302000,851.9284751199045
13305600,888.6357169032744
13309200,896.3434028107158
13312800,874.5262667851675
13316400,824.6711105922768
13320000,750.1754807370065
13323600,656.1161312842511
13327200,548.9030514586318
13330800,435.8426354723509
13334400,324.6397638337522
13338000,222.87272847347967
13341600,137.47678467347617
13345200,74.27152488009773
13348800,37.56428309671685
13352400,29.856597189284003
13356000,51.67373321483103
13359600,101.52888940774801
13363200,176.024519262953
13366800,270.083868715789
13370400,377.2969485413636
13374000,490.3573645276445
13377600,601.5602361662902
13381200,703.3272715264754
13384800,788.7232153265534
13388400,851.9284751199002
13392000,888.6357169032823
13395600,896.3434028107133
13399200,874.5262667851705
13402800,824.671110592282
13406400,750.1754807370505
13410000,656.1161312842153
13413600,548.9030514585927
13417200,435.8426354723602
13420800,324.6397638337611
13424400,222.87272847352858
13428000,137.47678467344974
13431600,74.27152488007994
13435200,37.56428309671867
13438800,29.856597189286504
13442400,51.67373321481233
13446000,101.52888940771555
13449600,176.02451926298295
13453200,270.0838687157806
13456800,377.2969485414028
13460400,490.3573645275859
13464000,601.5602361662345
13467600,703.3272715265086
13471200,788.7232153265472
13474800,851.9284751199181
13478400,888.6357169032901
13482000,896.343402810717
13485600,874.5262667851734
13489200,824.671110592287
13492800,750.1754807370206
13496400,656.1161312841795
13500000,548.9030514586502
13503600,435.8426354723696
13507200,324.63976383376996
13510800,222.87272847349527
13514400,137.47678467342325
13518000,74.27152488008409
13521600,37.564283096720544
13525200,29.85659718928281
13528800,51.67373321482506
13532400,101.52888940773767
13536000,176.0245192629759
13539600,270.08386871577227
13543200,377.2969485413453
13546800,490.3573645276258
13550400,601.5602361662725
13554000,703.3272715265009
13557600,788.7232153265736
13561200,851.9284751198919
13564800,888.6357169032785
13568400,896.3434028107145
13572000,874.5262667851764
13575600,824.671110592265
13579200,750.1754807370646
13582800,656.116131284232
13586400,548.903051458611
13590000,435.8426354723789
13593600,324.639763833732
13597200,222.87272847346193
13600800,137.47678467346213
13604400,74.27152488008824
13608000,37.56428309672242
13611600,29.856597189285367
13615200,51.67373321483785
13618800,101.52888940770515
13622400,176.0245192629689
13626000,270.08386871576386
13629600,377.29694854138444
13633200,490.3573645276657
13636800,601.5602361662636
13640400,703.3272715264932
13644000,788.7232153265348
13647600,851.9284751199098
13651200,888.6357169032865
13654800,896.343402810715
13658400,874.5262667851795
13662000,824.6711105922975
13665600,750.1754807370346
13669200,656.1161312841962
13672800,548.9030514586202
13676400,435.842635472339
13680000,324.6397638337877
13683600,222.87272847351085
13687200,137.47678467343565
13690800,74.27152488009239
13694400,37.56428309671452
13698000,29.856597189281615
13701600,51.673733214819094
13705200,101.52888940772726
13708800,176.02451926296186
13712400,270.08386871579967
13716000,377.29694854142366
13719600,490.35736452760716
13723200,601.5602361662548
13726800,703.3272715264853
13730400,788.7232153265613
13734000,851.9284751199275
13737600,888.6357169032749
13741200,896.3434028107156
13744800,874.5262667851824
13748400,824.6711105922753
13752000,750.1754807370046
13755600,656.1161312842046
13759200,548.9030514586293
13762800,435.8426354723976
13766400,324.6397638337497
13770000,222.87272847347754
13773600,137.47678467344184
13777200,74.27152488009654
13780800,37.564283096726115
13784400,29.856597189284116
13788000,51.673733214831884
13791600,101.52888940772209
13795200,176.02451926299193
13798800,270.0838687157471
13802400,377.2969485413661
13806000,490.35736452764706
13809600,601.5602361662459
13813200,703.3272715265186
13816800,788.7232153265224
13820400,851.9284751199013
13824000,888.6357169032827
13827600,896.3434028107163
13831200,874.5262667851696
13834800,824.6711105922532
13838400,750.1754807370487
13842000,656.116131284213
13845600,548.9030514586385
13849200,435.84263547235764
13852800,324.63976383371187
13856400,222.87272847352645
13860000,137.47678467344804
13863600,74.27152488010069
13867200,37.56428309671821
13870800,29.856597189286674
13874400,51.67373321482887
13878000,101.52888940771692
13881600,176.02451926294788
13885200,270.08386871578284
13888800,377.2969485414053
13892400,490.3573645276377
13896000,601.560236166237
13899600,703.3272715264696
13903200,788.7232153265488
13906800,851.9284751199192
13910400,888.6357169032809
13914000,896.3434028107138
13917600,874.5262667851885
13921200,824.6711105922857
13924800,750.1754807370187
13928400,656.1161312842214
13932000,548.9030514585993
13935600,435.84263547231774
13939200,324.63976383376746
13942800,222.8727284734931
13946400,137.47678467345423
13950000,74.27152488008295
13953600,37.56428309671031
13957200,29.85659718928298
13960800,51.673733214825916
13964400,101.52888940771174
13968000,176.02451926297783
13971600,270.0838687158187
13975200,377.29694854139615
13978800,490.35736452762836
13982400,601.5602361662282
13986000,703.3272715265031
13989600,788.7232153265754
13993200,851.928475119915
13996800,888.635716903279
14000400,896.3434028107174
14004000,874.5262667851757
14007600,824.6711105922636
14011200,750.1754807370257
14014800,656.1161312841855
14018400,548.9030514586568
14022000,435.84263547237634
14025600,324.6397638337296
14029200,222.87272847350093
14032800,137.47678467342774
14036400,74.27152488010904
14040000,37.56428309672191
14043600,29.85659718928548
14047200,51.6737332148229
14050800,101.52888940773391
14054400,176.02451926300785
14058000,270.08386871576613
14061600,377.29694854138694
14065200,490.35736452766827
14068800,601.560236166266
14072400,703.3272715264952
14076000,788.7232153265365
14079600,851.928475119889
14083200,888.635716903287
14086800,896.3434028107149
14090400,874.5262667851787
14094000,824.6711105922413
14097600,750.1754807370697
14101200,656.1161312841939
14104800,548.9030514586177
14108400,435.84263547238567
14112000,324.63976383369175
14115600,222.87272847354984
14119200,137.476784673434
14122800,74.27152488009125
14126400,37.56428309672373
14130000,29.85659718928798
14133600,51.67373321483569
14137200,101.52888940772868
14140800,176.0245192629638
14144400,270.0838687157577
14148000,377.29694854142616
14151600,490.35736452765894
14155200,601.5602361662571
14158800,703.3272715264874
14162400,788.7232153265304
14166000,851.9284751199286
14169600,888.6357169032851
14173200,896.3434028107154
14176800,874.5262667851816
14180400,824.6711105923013
14184000,750.1754807370028
14187600,656.1161312842023
14191200,548.9030514586268
14194800,435.84263547239505
14198400,324.6397638337941
14202000,222.8727284734754
14205600,137.47678467344014
14209200,74.27152488009546
14212800,37.564283096706106
14216400,29.856597189281217
14220000,51.67373321483268
14223600,101.52888940772351
14227200,176.02451926295674
14230800,270.08386871583775
14234400,377.29694854132026
14238000,490.3573645276496
14241600,601.5602361662483
14245200,703.3272715264796
14248800,788.7232153265895
14252400,851.9284751199245
14256000,888.6357169032833
14259600,896.343402810716
14263200,874.5262667851846
14266800,824.6711105922518
14270400,750.1754807370098
14274000,656.1161312842107
14277600,548.903051458636
14281200,435.84263547240437
14284800,324.6397638337095
14288400,222.87272847348322
14292000,137.4767846734464
14295600,74.2715248800996
14299200,37.56428309672748
14302800,29.856597189286845
14306400,51.673733214829724
14310000,101.52888940771834
14313600,176.0245192629498
14317200,270.083868715741
14320800,377.2969485414078
14324400,490.35736452764024
14328000,601.5602361662394
14331600,703.327271526554
14335200,788.7232153265179
14338800,851.9284751199203
14342400,888.6357169032815
14346000,896.3434028107166
14349600,874.5262667851562
14353200,824.6711105923116
14356800,750.1754807370168
14360400,656.1161312842191
14364000,548.9030514586452
14367600,435.8426354723152
14371200,324.63976383371835
14374800,222.87272847349098
14378400,137.47678467345253
14382000,74.27152488010375
14385600,37.5642830967098
14389200,29.856597189286276
14392800,51.67373321482671
14396400,101.52888940771317
14400000,176.02451926294276
14403600,270.08386871582104
14407200,377.29694854139865
14410800,490.3573645276309
14414400,601.5602361662305
14418000,703.3272715264641
14421600,788.723215326577
14425200,851.9284751199161
14428800,888.6357169032796
14432400,896.3434028107172
14436000,874.5262667851905
14439600,824.6711105922622
14443200,750.1754807370238
14446800,656.1161312842274
14450400,548.9030514585577
14454000,435.84263547242307
14457600,324.6397638337272
14461200,222.8727284734988
14464800,137.47678467345872
14468400,74.27152488006402
14472000,37.564283096731174
14475600,29.85659718928565
14479200,51.673733214823756
14482800,101.52888940770794
14486400,176.02451926300972
14490000,270.0838687158126
14493600,377.29694854138944
14497200,490.3573645276216
14500800,601.5602361662217
14504400,703.3272715265384
14508000,788.7232153265709
14511600,851.928475119912
14515200,888.6357169032777
14518800,896.3434028107179
14522400,874.5262667851621
14526000,824.6711105922674
14529600,750.1754807370309
14533200,656.1161312842358
14536800,548.9030514586635
14540400,435.8426354723339
14544000,324.6397638337361
14547600,222.8727284735066
14551200,137.47678467346492
14554800,74.27152488011205
14558400,37.564283096713496
14562000,29.856597189285026
14565600,51.67373321482074
14569200,101.52888940775739
14572800,176.02451926292866
14576400,270.0838687158042
14580000,377.2969485413803
14583600,490.3573645276122
14587200,601.5602361663064
14590800,703.3272715264484
14594400,788.7232153265647
14598000,851.9284751199078
14601600,888.6357169032758
14605200,896.3434028107122
14608800,874.526266785165
14612400,824.6711105922725
14616000,750.1754807370378
14619600,656.1161312842441
14623200,548.903051458576
14626800,435.8426354723432
14630400,324.63976383374495
14634000,222.8727284735144
14637600,137.47678467347112
14641200,74.27152488007238
14644800,37.56428309671537
14648400,29.856597189284457
14652000,51.67373321481773
14655600,101.52888940769759
14659200,176.02451926299574
14662800,270.08386871579586
14666400,377.2969485413711
14670000,490.3573645276029
14673600,601.5602361662038
14677200,703.3272715265228
14680800,788.7232153265585
14684400,851.9284751199036
14688000,888.6357169032935
14691600,896.343402810719
14695200,874.526266785168
14698800,824.6711105922777
14702400,750.1754807370448
14706000,656.1161312841641
14709600,548.903051458682
14713200,435.8426354723526
14716800,324.6397638337538
14720400,222.87272847352216
14724000,137.476784673412
14727600,74.27152488007653
14731200,37.56428309671719
14734800,29.85659718928389
14738400,51.673733214814774
14742000,101.52888940774704
14745600,176.0245192629887
14749200,270.0838687157875
14752800,377.2969485413619
14756400,490.3573645275936
14760000,601.5602361662886
14763600,703.3272715265151
14767200,788.7232153265522
14770800,851.9284751198995
14774400,888.6357169032722
14778000,896.3434028107133
14781600,874.526266785171
14785200,824.671110592283
14788800,750.1754807370519
14792400,656.116131284261
14796000,548.9030514585943
14799600,435.8426354723619
14803200,324.6397638337627
14806800,222.87272847344775
14810400,137.47678467348345
14814000,74.27152488008062
14817600,37.56428309671901
14821200,29.85659718928332
14824800,51.67373321484325
14828400,101.52888940768725
14832000,176.0245192629817
14835600,270.0838687157791
14839200,377.2969485413528
14842800,490.3573645276827
14846400,601.5602361662798
14850000,703.3272715265073
14853600,788.7232153265461
14857200,851.9284751198953
14860800,888.6357169032899
14864400,896.343402810714
14868000,874.526266785174
14871600,824.6711105922881
14875200,750.1754807370589
14878800,656.1161312841809
14882400,548.9030514586035
14886000,435.8426354723712
14889600,324.63976383377155
14893200,222.8727284735378
14896800,137.4767846734244
14900400,74.27152488008483
14904000,37.564283096720885
14907600,29.856597189282752
14911200,51.673733214808806
14914800,101.5288894077367
14918400,176.02451926297465
14922000,270.0838687157707
14925600,377.2969485414403
14929200,490.3573645275749
14932800,601.5602361662709
14936400,703.3272715264994
14940000,788.72321532654
14943600,851.928475119935
14947200,888.6357169032685
14950800,896.3434028107145
14954400,874.526266785177
14958000,824.6711105922932
14961600,750.1754807369919
14965200,656.1161312841894
14968800,548.9030514586127
14972400,435.8426354723806
14976000,324.6397638337804
14979600,222.87272847346338
14983200,137.4767846734306
14986800,74.27152488008898
14990400,37.56428309672276
14994000,29.856597189282127
14997600,51.673733214837284
15001200,101.52888940773153
15004800,176.0245192629676
15008400,270.08386871576226
15012000,377.2969485413344
15015600,490.35736452766406
15019200,601.560236166262
15022800,703.3272715264917
15026400,788.7232153265337
15030000,851.928475119887
15033600,888.6357169032862
15037200,896.3434028107151
15040800,874.52626678518
15044400,824.6711105922438
15048000,750.175480737073
15051600,656.1161312841978
15055200,548.9030514586218
15058800,435.84263547238993
15062400,324.6397638336957
15066000,222.87272847355334
15069600,137.47678467343678
15073200,74.27152488009312
15076800,37.56428309672464
15080400,29.856597189287754
15084000,51.67373321483433
15087600,101.5288894077263
15091200,176.0245192629606
15094800,270.08386871575397
15098400,377.296948541422
15102000,490.3573645276547
15105600,601.5602361662532
15109200,703.3272715264839
15112800,788.7232153265275
15116400,851.9284751199268
15120000,888.6357169032842
15123600,896.3434028107157
15127200,874.526266785183
15130800,824.6711105923036
15134400,750.175480737006
15138000,656.1161312842061
15141600,548.903051458631
15145200,435.84263547239925
15148800,324.63976383379816
15152400,222.87272847347893
15156000,137.47678467344298
15159600,74.27152488009733
15163200,37.5642830967069
15166800,29.856597189280933
15170400,51.673733214831316
15174000,101.52888940772118
15177600,176.02451926295362
15181200,270.083868715834
15184800,377.29694854131606
15188400,490.35736452764536
15192000,601.5602361662443
15195600,703.3272715264761
15199200,788.7232153265866
15202800,851.9284751199226
15206400,888.6357169032824
15210000,896.3434028107163
15213600,874.526266785186
15217200,824.6711105922541
15220800,750.175480737013
15224400,656.1161312842145
15228000,548.9030514586402
15231600,435.84263547240863
15235200,324.63976383371346
15238800,222.87272847348675
15242400,137.47678467344917
15246000,74.27152488010148
15249600,37.564283096728275
15253200,29.85659718928656
15256800,51.67373321482836
15260400,101.52888940771595
15264000,176.02451926294657
15267600,270.08386871573714
15271200,377.29694854140365
15274800,490.35736452763604
15278400,601.5602361662354
15282000,703.3272715265505
15285600,788.7232153265152
15289200,851.9284751199184
15292800,888.6357169032806
15296400,896.343402810717
15300000,874.5262667851575
15303600,824.671110592314
15307200,750.1754807370199
15310800,656.1161312842229
15314400,548.9030514586493
15318000,435.84263547231944
15321600,324.6397638337223
15325200,222.87272847349456
15328800,137.4767846734553
15332400,74.27152488010563
15336000,37.56428309671065
15339600,29.856597189285992
15343200,51.67373321482535
15346800,101.52888940771078
15350400,176.02451926293958
15354000,270.0838687158172
15357600,377.2969485413945
15361200,490.35736452762666
15364800,601.5602361662266
15368400,703.3272715264604
15372000,788.7232153265743
15375600,851.9284751199143
15379200,888.6357169032788
15382800,896.3434028107174
15386400,874.5262667851919
15390000,824.6711105922645
15393600,750.175480737027
15397200,656.1161312842313
15400800,548.9030514585618
15404400,435.8426354724273
15408000,324.6397638337312
15411600,222.87272847350235
15415200,137.47678467346157
15418800,74.2715248800659
15422400,37.56428309673197
15426000,29.856597189285367
15429600,51.67373321482239
15433200,101.52888940770566
15436800,176.02451926300654
15440400,270.0838687158088
15444000,377.2969485413853
15447600,490.35736452761734
15451200,601.5602361662176
15454800,703.3272715265349
15458400,788.723215326568
15462000,851.9284751199101
15465600,888.635716903277
15469200,896.3434028107181
15472800,874.5262667851634
15476400,824.6711105922698
15480000,750.175480737034
15483600,656.1161312842396
15487200,548.9030514586677
15490800,435.84263547233815
15494400,324.63976383374006
15498000,222.8727284735101
15501600,137.4767846734677
15505200,74.27152488011393
15508800,37.56428309671435
15512400,29.8565971892848
15516000,51.67373321481938
15519600,101.52888940775506
15523200,176.02451926292548
15526800,270.08386871580046
15530400,377.29694854137614
15534000,490.357364527608
15537600,601.5602361663023
15541200,703.327271526445
15544800,788.7232153265619
15548400,851.9284751199059
15552000,888.6357169032751
15555600,896.3434028107124
15559200,874.5262667851664
15562800,824.6711105922749
15566400,750.175480737041
15570000,656.116131284248
15573600,548.9030514585802
15577200,435.84263547234747
15580800,324.63976383374893
15584400,222.87272847351792
15588000,137.47678467347396
15591600,74.27152488007425
15595200,37.56428309671617
15598800,29.85659718928423
15602400,51.67373321481642
15606000,101.52888940769526
15609600,176.02451926299256
15613200,270.08386871579205
15616800,377.29694854136693
15620400,490.35736452759863
15624000,601.5602361661998
15627600,703.3272715265193
15631200,788.7232153265556
15634800,851.9284751199018
15638400,888.6357169032926
15642000,896.3434028107192
15645600,874.5262667851694
15649200,824.67111059228
15652800,750.175480737048
15656400,656.116131284168
15660000,548.903051458686
15663600,435.8426354723568
15667200,324.6397638337578
15670800,222.87272847352574
15674400,137.47678467341484
15678000,74.2715248800784
15681600,37.564283096717986
15685200,29.856597189283605
15688800,51.67373321481341
15692400,101.52888940774466
15696000,176.0245192629855
15699600,270.08386871578364
15703200,377.2969485413578
15706800,490.3573645275893
15710400,601.5602361662845
15714000,703.3272715265115
15717600,788.7232153265495
15721200,851.9284751198976
15724800,888.6357169032713
15728400,896.3434028107135
15732000,874.5262667851723
15735600,824.6711105922852
15739200,750.1754807370551
15742800,656.1161312842648
15746400,548.9030514585985
15750000,435.84263547236617
15753600,324.63976383376666
15757200,222.87272847345133
15760800,137.4767846734863
15764400,74.27152488008255
15768000,37.56428309671986
15771600,29.856597189283036
15775200,51.67373321484189
15778800,101.52888940773954
15782400,176.02451926297846
15786000,270.0838687157753
15789600,377.29694854134857
15793200,490.35736452767844
15796800,601.5602361662757
15800400,703.3272715265038
15804000,788.7232153265433
15807600,851.9284751198934
15811200,888.635716903289
15814800,896.3434028107142
15818400,874.5262667851754
15822000,824.6711105922905
15825600,750.1754807370621
15829200,656.1161312841848
15832800,548.9030514586077
15836400,435.8426354723755
15840000,324.63976383377553
15843600,222.87272847354131
15847200,137.47678467342723
15850800,74.2715248800867
15854400,37.56428309672174
15858000,29.856597189288664
15861600,51.67373321480744
15865200,101.52888940773431
15868800,176.02451926297147
15872400,270.08386871576687
15876000,377.29694854143617
15879600,490.3573645275706
15883200,601.5602361662668
15886800,703.3272715264959
15890400,788.7232153265371
15894000,851.9284751199332
15897600,888.6357169032872
15901200,896.3434028107148
15904800,874.5262667851783
15908400,824.6711105922956
15912000,750.175480736995
15915600,656.1161312841931
15919200,548.9030514586168
15922800,435.8426354723848
15926400,324.6397638337844
15930000,222.87272847346688
15933600,137.47678467343343
15937200,74.27152488009085
15940800,37.564283096723614
15944400,29.856597189281842
15948000,51.67373321483592
15951600,101.52888940772914
15955200,176.02451926296442
15958800,270.0838687157585
15962400,377.29694854133027
15966000,490.3573645276598
15969600,601.5602361662579
15973200,703.3272715264882
15976800,788.7232153265961
15980400,851.9284751198852
15984000,888.6357169032854
15987600,896.3434028107154
15991200,874.5262667851814
15994800,824.6711105922461
15998400,750.1754807370762
16002000,656.1161312842015
16005600,548.903051458626
16009200,435.8426354723942
16012800,324.63976383369976
16016400,222.8727284734747
16020000,137.47678467343962
16023600,74.27152488009506
16027200,37.56428309672543
16030800,29.85659718928747
16034400,51.67373321483291
16038000,101.52888940772402
16041600,176.02451926295743
16045200,270.0838687157501
16048800,377.2969485414178
16052400,490.3573645276505
16056000,601.5602361662491
16059600,703.3272715264803
16063200,788.7232153265247
16066800,851.9284751199248
16070400,888.6357169032834
16074000,896.343402810716
16077600,874.5262667851844
16081200,824.6711105923059
16084800,750.1754807370091
16088400,656.1161312842099
16092000,548.9030514586352
16095600,435.842635472305
16099200,324.63976383380214
16102800,222.8727284734825
16106400,137.47678467344576
16110000,74.27152488009921
16113600,37.56428309670781
16117200,29.85659718928065
16120800,51.67373321482995
16124400,101.5288894077188
16128000,176.02451926295043
16131600,270.08386871583014
16135200,377.29694854140865
16138800,490.3573645276411
16142400,601.5602361662402
16146000,703.3272715264725
16149600,788.7232153265838
16153200,851.9284751199207
16156800,888.6357169032816
16160400,896.3434028107165
16164000,874.5262667851873
16167600,824.6711105922566
16171200,750.1754807370162
16174800,656.1161312842182
16178400,548.9030514586443
16182000,435.84263547241284
16185600,324.63976383371755
16189200,222.8727284734903
16192800,137.47678467345196
16196400,74.27152488010336
16200000,37.56428309672913
16203600,29.856597189286276
16207200,51.67373321482694
16210800,101.52888940771362
16214400,176.0245192630174
16218000,270.0838687157334
16221600,377.2969485413995
16225200,490.3573645276318
16228800,601.5602361662313
16232400,703.327271526547
16236000,788.7232153265123
16239600,851.9284751199166
16243200,888.6357169032797
16246800,896.3434028107172
16250400,874.5262667851589
16254000,824.6711105922617
16257600,750.1754807370232
16261200,656.1161312842266
16264800,548.9030514586535
16268400,435.8426354723237
16272000,324.6397638337264
16275600,222.87272847349806
16279200,137.47678467345816
16282800,74.27152488010756
16286400,37.56428309671145
16290000,29.856597189285708
16293600,51.67373321482404
16297200,101.52888940770845
16300800,176.02451926293634
16304400,270.0838687158134
16308000,377.2969485413903
16311600,490.35736452762245
16315200,601.5602361662225
16318800,703.327271526457
16322400,788.7232153265713
16326000,851.9284751199124
16329600,888.6357169032779
16333200,896.3434028107115
16336800,874.5262667851932
16340400,824.6711105922668
16344000,750.1754807370302
16347600,656.116131284235
16351200,548.903051458566
16354800,435.84263547243154
16358400,324.6397638337353
16362000,222.87272847350587
16365600,137.47678467346435
16369200,74.27152488006777
16372800,37.564283096713325
16376400,29.856597189285083
16380000,51.67373321482103
16383600,101.52888940770328
16387200,176.02451926300336
16390800,270.083868715805
16394400,377.29694854138114
16398000,490.3573645276131
16401600,601.5602361662136
16405200,703.3272715265314
16408800,788.7232153265652
16412400,851.9284751199082
16416000,888.635716903276
16419600,896.3434028107183
16423200,874.5262667851648
16426800,824.671110592272
16430400,750.1754807370372
16434000,656.1161312842435
16437600,548.9030514586719
16441200,435.84263547234235
16444800,324.63976383374415
16448400,222.8727284735137
16452000,137.47678467340523
16455600,74.2715248801158
16459200,37.564283096715144
16462800,29.856597189284514
16466400,51.673733214818014
16470000,101.52888940775273
16473600,176.0245192629223
16477200,270.0838687157966
16480800,377.29694854137193
16484400,490.35736452760375
16488000,601.5602361662983
16491600,703.3272715265235
16495200,788.7232153265591
16498800,851.9284751199041
16502400,888.6357169032742
16506000,896.3434028107127
16509600,874.5262667851678
16513200,824.6711105922773
16516800,750.1754807370442
16520400,656.1161312842519
16524000,548.9030514585843
16527600,435.84263547235173
16531200,324.639763833753
16534800,222.8727284735215
16538400,137.47678467347674
16542000,74.27152488007613
16545600,37.56428309671702
16549200,29.856597189283946
16552800,51.67373321481506
16556400,101.52888940769293
16560000,176.02451926298937
16563600,270.08386871578824
16567200,377.2969485413628
16570800,490.35736452769294
16574400,601.5602361661959
16578000,703.3272715265158
16581600,788.7232153265529
16585200,851.9284751198999
16588800,888.635716903292
16592400,896.3434028107195
16596000,874.5262667851707
16599600,824.6711105922824
16603200,750.1754807370512
16606800,656.1161312841718
16610400,548.9030514585935
16614000,435.84263547236105
16617600,324.6397638337619
16621200,222.87272847352926
16624800,137.47678467341763
16628400,74.27152488008034
16632000,37.564283096718896
16635600,29.856597189283377
16639200,51.673733214812046
16642800,101.52888940774238
16646400,176.02451926298232
16650000,270.0838687157799
16653600,377.2969485413536
16657200,490.35736452758505
16660800,601.5602361662806
16664400,703.327271526508
16668000,788.7232153265467
16671600,851.9284751198957
16675200,888.6357169032705
16678800,896.3434028107139
16682400,874.5262667851738
16686000,824.6711105922876
16689600,750.1754807369842
16693200,656.1161312842686
16696800,548.9030514586027
16700400,435.8426354723704
16704000,324.63976383377076
16707600,222.87272847345483
16711200,137.47678467348914
16714800,74.27152488008443
16718400,37.564283096720715
16722000,29.85659718928281
16725600,51.673733214840524
16729200,101.52888940773715
16732800,176.02451926297528
16736400,270.0838687157715
16740000,377.2969485413444
16743600,490.35736452767424
16747200,601.5602361662717
16750800,703.3272715265002
16754400,788.7232153265404
16758000,851.9284751198916
16761600,888.6357169032881
16765200,896.3434028107145
16768800,874.5262667851767
16772400,824.6711105922927
16776000,750.1754807370653
16779600,656.1161312841886
16783200,548.9030514586118
16786800,435.84263547237975
16790400,324.6397638337796
16794000,222.87272847354487
16797600,137.47678467343002
16801200,74.27152488008858
16804800,37.56428309672259
16808400,29.85659718928838
16812000,51.67373321480608
16815600,101.52888940773198
16819200,176.02451926296828
16822800,270.08386871576306
16826400,377.296948541432
16830000,490.3573645275664
16833600,601.5602361662628
16837200,703.3272715264924
16840800,788.7232153265343
16844400,851.9284751199314
16848000,888.6357169032863
16851600,896.343402810715
16855200,874.5262667851797
16858800,824.671110592298
16862400,750.1754807369982
16866000,656.116131284197
16869600,548.903051458621
16873200,435.8426354723891
16876800,324.6397638337885
16880400,222.87272847347046
16884000,137.47678467343627
16887600,74.27152488009278
16891200,37.56428309672441
16894800,29.85659718928156
16898400,51.673733214834556
16902000,101.52888940772681
16905600,176.02451926296123
16909200,270.08386871575465
16912800,377.29694854132606
16916400,490.35736452765553
16920000,601.5602361662538
16923600,703.3272715264845
16927200,788.7232153265934
16930800,851.9284751198833
16934400,888.6357169032844
16938000,896.3434028107156
16941600,874.5262667851827
16945200,824.6711105922485
16948800,750.1754807370794
16952400,656.1161312842053
16956000,548.9030514586302
16959600,435.84263547239846
16963200,324.6397638337038
16966800,222.87272847347828
16970400,137.4767846734424
16974000,74.27152488009693
16977600,37.56428309672623
16981200,29.856597189287243
16984800,51.6737332148316
16988400,101.52888940772164
16992000,176.02451926295424
16995600,270.0838687157463
16999200,377.29694854141366
17002800,490.3573645276462
17006400,601.560236166245
17010000,703.3272715264768
17013600,788.723215326522
17017200,851.928475119923
17020800,888.6357169032826
17024400,896.3434028107163
17028000,874.5262667851857
17031600,824.6711105923083
17035200,750.1754807370123
17038800,656.1161312842137
17042400,548.9030514586393
17046000,435.84263547230927
17049600,324.6397638338062
17053200,222.87272847348603
17056800,137.4767846734486
17060400,74.27152488010108
17064000,37.56428309670861
17067600,29.85659718928042
17071200,51.67373321482859
17074800,101.52888940771646
17078400,176.02451926294725
17082000,270.0838687158263
17085600,377.2969485414045
17089200,490.35736452763683
17092800,601.5602361662361
17096400,703.3272715264691
17100000,788.723215326581
17103600,851.9284751199189
17107200,888.6357169032808
17110800,896.3434028107168
17114400,874.5262667851887
17118000,824.6711105922589
17121600,750.1754807370194
17125200,656.1161312842221
17128800,548.9030514586485
17132400,435.8426354724171
17136000,324.63976383372153
17139600,222.87272847349382
17143200,137.4767846734548
17146800,74.27152488010529
17150400,37.56428309672998
17154000,29.856597189285992
17157600,51.67373321482563
17161200,101.52888940771129
17164800,176.0245192630142
17168400,270.0838687157295
17172000,377.2969485413953
17175600,490.3573645276275
17179200,601.5602361662272
17182800,703.3272715265434
17186400,788.7232153265095
17190000,851.9284751199147
17193600,888.6357169032789
17197200,896.3434028107174
17200800,874.5262667851601
17204400,824.6711105922641
17208000,750.1754807370264
17211600,656.1161312842305
17215200,548.9030514586577
17218800,435.84263547232797
17222400,324.6397638337304
17226000,222.87272847350164
17229600,137.47678467346094
17233200,74.27152488010944
17236800,37.5642830967123
17240400,29.856597189285424
17244000,51.67373321482262
17247600,101.52888940770606
17251200,176.02451926293315
17254800,270.08386871580956
17258400,377.2969485413861
17262000,490.3573645276182
17265600,601.5602361662184
17269200,703.3272715264534
17272800,788.7232153265686
17276400,851.9284751199104
17280000,888.6357169032771
17283600,896.3434028107118
17287200,874.5262667851946
17290800,824.6711105922693
17294400,750.1754807370335
17298000,656.1161312842389
17301600,548.9030514585702
17305200,435.8426354724358
17308800,324.63976383373927
17312400,222.87272847350945
17316000,137.4767846734672
17319600,74.2715248800697
17323200,37.56428309671418
17326800,29.856597189284855
17330400,51.673733214819606
17334000,101.52888940770094
17337600,176.02451926300017
17341200,270.0838687158012
17344800,377.29694854137693
17348400,490.35736452760887
17352000,601.5602361662095
17355600,703.3272715265277
17359200,788.7232153265625
17362800,851.9284751199064
17366400,888.6357169032751
17370000,896.3434028107185
17373600,874.5262667851662
17377200,824.6711105922743
17380800,750.1754807370404
17384400,656.1161312842473
17388000,548.903051458676
17391600,435.8426354723466
17395200,324.63976383374813
17398800,222.8727284735172
17402400,137.47678467340808
17406000,74.27152488011774
17409600,37.56428309671605
17413200,29.856597189284287
17416800,51.67373321481665
17420400,101.5288894077504
17424000,176.0245192629191
17427600,270.08386871579285
17431200,377.2969485413678
17434800,490.3573645275995
17438400,601.5602361662942
17442000,703.32727152652
17445600,788.7232153265562
17449200,851.9284751199021
17452800,888.6357169032733
17456400,896.343402810713
17460000,874.5262667851691
17463600,824.6711105922795
17467200,750.1754807370473
17470800,656.1161312842556
17474400,548.9030514585885
17478000,435.84263547235594
17481600,324.639763833757
17485200,222.872728473525
17488800,137.47678467347959
17492400,74.271524880078
17496000,37.56428309671787
17499600,29.85659718928366
17503200,51.673733214813694
17506800,101.52888940769054
17510400,176.02451926298613
17514000,270.08386871578443
17517600,377.2969485413586
17521200,490.3573645276887
17524800,601.5602361661918
17528400,703.3272715265123
17532000,788.72321532655
17535600,851.9284751198979
17539200,888.635716903291
17542800,896.3434028107197
17546400,874.5262667851721
17550000,824.6711105922848
17553600,750.1754807370544
17557200,656.1161312841756
17560800,548.9030514585977
17564400,435.8426354723653
17568000,324.63976383376587
17571600,222.87272847353282
17575200,137.47678467342047
17578800,74.27152488008221
17582400,37.56428309671969
17586000,29.856597189283093
17589600,51.67373321481074
17593200,101.52888940774
17596800,176.02451926297914
17600400,270.083868715776
17604000,377.2969485413494
17607600,490.35736452758084
17611200,601.5602361662765
17614800,703.3272715265044
17618400,788.7232153265438
17622000,851.9284751199377
17625600,888.6357169032697
17629200,896.3434028107142
17632800,874.526266785175
17636400,824.67111059229
17640000,750.1754807369874
17643600,656.1161312842725
17647200,548.9030514586068
17650800,435.84263547237464
17654400,324.63976383377474
17658000,222.8727284734584
17661600,137.47678467342666
17665200,74.27152488008636
17668800,37.56428309672157
17672400,29.856597189282525
17676000,51.67373321483922
17679600,101.52888940773482
17683200,176.0245192629721
17686800,270.08386871576766
17690400,377.29694854134027
17694000,490.35736452767
17697600,601.5602361662676
17701200,703.3272715264966
17704800,788.7232153265377
17708400,851.9284751198896
17712000,888.6357169032873
17715600,896.3434028107147
17719200,874.5262667851781
17722800,824.6711105922951
17726400,750.1754807370685
17730000,656.1161312841924
17733600,548.903051458616
17737200,435.84263547238396
17740800,324.6397638336901
17744400,222.8727284735484
17748000,137.4767846734328
17751600,74.27152488009045
17755200,37.564283096723386
17758800,29.856597189288095
17762400,51.67373321480471
17766000,101.52888940772965
17769600,176.02451926296504
17773200,270.0838687157593
17776800,377.2969485414278
17780400,490.35736452766065
17784000,601.5602361662587
17787600,703.3272715264889
17791200,788.7232153265315
17794800,851.9284751199294
17798400,888.6357169032855
17802000,896.3434028107154
17805600,874.5262667851811
17809200,824.6711105923004
17812800,750.1754807370014
17816400,656.1161312842007
17820000,548.9030514586252
17823600,435.84263547239334
17827200,324.63976383379253
17830800,222.87272847347398
17834400,137.47678467343906
17838000,74.27152488009466
17841600,37.56428309672526
17845200,29.85659718928133
17848800,51.67373321483325
17852400,101.52888940772442
17856000,176.02451926295805
17859600,270.0838687158393
17863200,377.2969485413219
17866800,490.3573645276513
17870400,601.5602361662499
17874000,703.3272715264811
17877600,788.7232153265905
17881200,851.9284751198813
17884800,888.6357169032837
17888400,896.3434028107159
17892000,874.5262667851841
17895600,824.6711105922509
17899200,750.1754807370085
17902800,656.1161312842091
17906400,548.9030514586343
17910000,435.84263547240266
17913600,324.63976383370783
17917200,222.87272847348177
17920800,137.4767846734452
17924400,74.27152488009881
17928000,37.56428309672714
17931600,29.85659718928696
17935200,51.673733214830236
17938800,101.5288894077193
17942400,176.02451926295106
17946000,270.0838687157425
17949600,377.2969485414095
17953200,490.35736452764195
17956800,601.560236166241
17960400,703.3272715264733
17964000,788.723215326519
17967600,851.9284751199211
17971200,888.6357169032817
17974800,896.3434028107165
17978400,874.5262667851555
17982000,824.6711105923107
17985600,750.1754807370155
17989200,656.1161312842175
17992800,548.9030514586435
17996400,435.8426354723135
18000000,324.63976383381026
18003600,222.8727284734896
18007200,137.47678467345145
18010800,74.27152488010302
18014400,37.56428309670946
18018000,29.856597189286333
18021600,51.67373321482722
18025200,101.52888940771408
18028800,176.024519262944
18032400,270.0838687158225
18036000,377.2969485414003
18039600,490.3573645276326
18043200,601.5602361662321
18046800,703.3272715264654
18050400,788.7232153265782
18054000,851.9284751199169
18057600,888.6357169032799
18061200,896.3434028107171
18064800,874.52626678519
18068400,824.6711105922612
18072000,750.1754807370226
18075600,656.116131284226
18079200,548.9030514586527
18082800,435.84263547242136
18086400,324.63976383372557
18090000,222.8727284734974
18093600,137.4767846734576
18097200,74.27152488006323
18100800,37.56428309673083
18104400,29.856597189285765
18108000,51.67373321482427
18111600,101.5288894077089
18115200,176.02451926301103
18118800,270.0838687157257
18122400,377.29694854139115
18126000,490.3573645276233
18129600,601.5602361662233
18133200,703.3272715265398
18136800,788.723215326572
18140400,851.9284751199127
18144000,888.6357169032781
18147600,896.3434028107176
18151200,874.5262667851615
18154800,824.6711105922664
18158400,750.1754807370296
18162000,656.1161312842343
18165600,548.9030514586618
18169200,435.8426354723322
18172800,324.63976383373443
18176400,222.87272847350516
18180000,137.47678467346384
18183600,74.27152488011131
18187200,37.564283096713154
18190800,29.856597189285196
18194400,51.673733214821254
18198000,101.52888940770373
18201600,176.02451926292997
18205200,270.08386871580575
18208800,377.29694854138194
18212400,490.3573645276139
18216000,601.560236166308
18219600,703.3272715264499
18223200,788.7232153265658
18226800,851.9284751199086
18230400,888.6357169032763
18234000,896.3434028107121
18237600,874.526266785196
18241200,824.6711105922716
18244800,750.1754807370367
18248400,656.1161312842427
18252000,548.9030514585743
18255600,435.8426354723415
18259200,324.6397638337433
18262800,222.87272847351295
18266400,137.47678467346998
18270000,74.27152488007158
18273600,37.56428309671503
18277200,29.85659718928457
18280800,51.6737332148183
18284400,101.52888940769856
18288000,176.024519262997
18291600,270.0838687157974
18295200,377.2969485413728
18298800,490.3573645276046
18302400,601.5602361662055
18306000,703.3272715265243
18309600,788.7232153265596
18313200,851.9284751199045
18316800,888.6357169032744
18320400,896.3434028107188
18324000,874.5262667851675
18327600,824.6711105922768
18331200,750.1754807370436
18334800,656.1161312841626
18338400,548.9030514586802
18342000,435.8426354723509
18345600,324.6397638337522
18349200,222.87272847352077
18352800,137.47678467341092
18356400,74.27152488011961
18360000,37.56428309671685
18363600,29.856597189284003
18367200,51.673733214815286
18370800,101.52888940774801
18374400,176.02451926299
18378000,270.083868715789
18381600,377.2969485413636
18385200,490.3573645275952
18388800,601.5602361662902
18392400,703.3272715265165
18396000,788.7232153265534
18399600,851.9284751199002
18403200,888.6357169032725
18406800,896.3434028107133
18410400,874.5262667851705
18414000,824.671110592282
18417600,750.1754807370505
18421200,656.1161312842595
18424800,548.9030514585927
18428400,435.8426354723602
18432000,324.6397638337611
18435600,222.87272847352858
18439200,137.47678467348237
18442800,74.27152488007994
18446400,37.56428309671867
18450000,29.856597189283434
18453600,51.67373321484382
18457200,101.52888940768821
18460800,176.02451926298295
18464400,270.0838687157806
18468000,377.2969485413544
18471600,490.3573645276844
18475200,601.5602361661878
18478800,703.3272715265086
18482400,788.7232153265472
18486000,851.9284751198961
18489600,888.6357169032901
18493200,896.3434028107138
18496800,874.5262667851734
18500400,824.671110592287
18504000,750.1754807370576
18507600,656.1161312841795
18511200,548.9030514586018
18514800,435.8426354723696
18518400,324.63976383376996
18522000,222.87272847353634
18525600,137.47678467342325
18529200,74.27152488008409
18532800,37.564283096720544
18536400,29.85659718928281
18540000,51.67373321480932
18543600,101.52888940773767
18547200,176.02451926297596
18550800,270.08386871577227
18554400,377.2969485413453
18558000,490.3573645275766
18561600,601.5602361662725
18565200,703.3272715265009
18568800,788.7232153265411
18572400,851.9284751199359
18576000,888.6357169032688
18579600,896.3434028107145
18583200,874.5262667851764
18586800,824.6711105922923
18590400,750.1754807369906
18594000,656.1161312842762
18597600,548.903051458611
18601200,435.8426354723789
18604800,324.63976383377883
18608400,222.87272847346193
18612000,137.47678467342945
18615600,74.27152488008824
18619200,37.56428309672242
18622800,29.85659718928224
18626400,51.67373321483785
18630000,101.52888940773244
18633600,176.0245192629689
18637200,270.08386871576386
18640800,377.29694854133606
18644400,490.3573645276657
18648000,601.5602361662636
18651600,703.3272715264932
18655200,788.7232153265348
18658800,851.9284751198877
18662400,888.6357169032865
18666000,896.343402810715
18669600,874.5262667851795
18673200,824.6711105922975
18676800,750.1754807370717
18680400,656.1161312841962
18684000,548.9030514586202
18687600,435.8426354723882
18691200,324.63976383369413
18694800,222.87272847355194
18698400,137.47678467343565
18702000,74.27152488009239
18705600,37.564283096724296
18709200,29.856597189287868
18712800,51.673733214803406
18716400,101.52888940772726
18720000,176.02451926296186
18723600,270.08386871575544
18727200,377.29694854142366
18730800,490.3573645276564
18734400,601.5602361662548
18738000,703.3272715264853
18741600,788.7232153265286
18745200,851.9284751199275
18748800,888.6357169032847
18752400,896.3434028107156
18756000,874.5262667851824
18759600,824.671110592248
18763200,750.1754807370046
18766800,656.116131284293
18770400,548.9030514586293
18774000,435.84263547239755
18777600,324.639763833703
18781200,222.87272847347754
18784800,137.47678467350715
18788400,74.27152488009654
18792000,37.564283096726115
18795600,29.856597189287243
18799200,51.673733214831884
18802800,101.52888940766746
18806400,176.02451926295487
18810000,270.0838687157471
18813600,377.2969485414145
18817200,490.35736452764706
18820800,601.5602361663393
18824400,703.3272715264775
18828000,788.7232153265224
18831600,851.9284751199234
18835200,888.6357169032827
18838800,896.3434028107099
18842400,874.5262667851855
18846000,824.6711105923079
18849600,750.1754807370116
18853200,656.116131284213
18856800,548.9030514585418
18860400,435.8426354724069
18864000,324.63976383380543
18867600,222.87272847348535
18871200,137.47678467344804
18874800,74.27152488005686
18878400,37.564283096727934
18882000,29.85659718928048
18885600,51.67373321482887
18889200,101.52888940771692
18892800,176.0245192630219
18896400,270.0838687157387
18900000,377.2969485414053
18903600,490.3573645276377
18907200,601.560236166237
18910800,703.3272715265518
18914400,788.7232153265163
18918000,851.9284751199192
18921600,888.6357169032809
18925200,896.3434028107167
18928800,874.5262667851568
18932400,824.671110592313
18936000,750.1754807370187
18939600,656.1161312842213
18943200,548.9030514586477
18946800,435.84263547231774
18950400,324.6397638338143
18954000,222.8727284734931
18957600,137.47678467345423
18961200,74.27152488010489
18964800,37.56428309671031
18968400,29.85659718927991
18972000,51.673733214825916
18975600,101.52888940771174
18979200,176.02451926301484
18982800,270.0838687158187
18986400,377.2969485412994
18990000,490.35736452762836
18993600,601.5602361662282
18997200,703.3272715265441
19000800,788.7232153265754
19004400,851.9284751198711
19008000,888.635716903279
19011600,896.3434028107174
19015200,874.5262667851598
19018800,824.6711105922636
19022400,750.1754807370997
19026000,656.1161312842297
19029600,548.9030514586568
19033200,435.8426354723271
19036800,324.6397638337296
19040400,222.87272847358312
19044000,137.47678467346043
19047600,74.27152488010904
19051200,37.56428309671213
19054800,29.85659718928548
19058400,51.673733214854394
19062000,101.52888940770657
19065600,176.02451926293378
19069200,270.08386871581035
19072800,377.296948541387
19076400,490.35736452771755
19080000,601.5602361662193
19083600,703.3272715264541
19087200,788.7232153265692
19090800,851.9284751199109
19094400,888.6357169032967
19098000,896.3434028107179
19101600,874.5262667851944
19105200,824.6711105922687
19108800,750.1754807370328
19112400,656.1161312841497
19116000,548.903051458666
19119600,435.84263547243495
19123200,324.63976383373847
19126800,222.87272847350872
19130400,137.47678467340137
19134000,74.27152488011319
19137600,37.56428309671401
19141200,29.856597189284912
19144800,51.67373321481995
19148400,101.52888940775603
19152000,176.0245192629268
19155600,270.08386871580194
19159200,377.2969485413778
19162800,490.3573645276097
19166400,601.5602361663039
19170000,703.3272715264463
19173600,788.7232153265629
19177200,851.9284751199068
19180800,888.6357169032754
19184400,896.3434028107124
19188000,874.5262667851973
19191600,824.6711105922739
19195200,750.1754807370398
19198800,656.1161312842464
19202400,548.9030514585785
19206000,435.8426354724443
19209600,324.63976383374734
19213200,222.87272847351653
19216800,137.4767846734075
19220400,74.27152488007346
19224000,37.56428309673538
19227600,29.856597189284344
19231200,51.673733214816934
19234800,101.5288894077508
19238400,176.0245192629938
19242000,270.08386871570514
19245600,377.2969485413686
19249200,490.35736452760034
19252800,601.560236166295
19256400,703.3272715265207
19260000,788.7232153264915
19263600,851.9284751199025
19267200,888.6357169032735
19270800,896.3434028107129
19274400,874.5262667851689
19278000,824.6711105923337
19281600,750.1754807370468
19285200,656.1161312842548
19288800,548.9030514585877
19292400,435.84263547235514
19296000,324.63976383366264
19299600,222.8727284735243
19303200,137.47678467347902
19306800,74.27152488007766
19310400,37.5642830967177
19314000,29.856597189289914
19317600,51.67373321481392
19321200,101.52888940769105
19324800,176.02451926298681
19328400,270.0838687157852
19332000,377.2969485414562
19335600,490.357364527591
19339200,601.5602361661927
19342800,703.327271526513
19346400,788.7232153265506
19350000,851.9284751199423
19353600,888.6357169032717
19357200,896.3434028107197
19360800,874.5262667851719
19364400,824.6711105922843
19368000,750.1754807369798
19371600,656.1161312842632
19375200,548.9030514585968
19378800,435.84263547236446
19382400,324.6397638337651
19386000,222.87272847344988
19389600,137.47678467348516
19393200,74.27152488008181
19396800,37.56428309671958
19400400,29.85659718928315
19404000,51.6737332148424
19407600,101.52888940768582
19411200,176.02451926297977
19414800,270.0838687157768
19418400,377.2969485413503
19422000,490.35736452768015
19425600,601.5602361661838
19429200,703.3272715265051
19432800,788.7232153265445
19436400,851.9284751198943
19440000,888.6357169032893
19443600,896.3434028107204
19447200,874.5262667851748
19450800,824.6711105922896
19454400,750.1754807369869
19458000,656.1161312841832
19461600,548.9030514587027
19465200,435.8426354723738
19468800,324.63976383377394
19472400,222.87272847345767
19476000,137.4767846734261
19479600,74.27152488012985
19483200,37.5642830967214
19486800,29.856597189282525
19490400,51.6737332148395
19494000,101.52888940773528
19497600,176.0245192628987
19501200,270.0838687157684
19504800,377.29694854134107
19508400,490.3573645276708
19512000,601.5602361662684
19515600,703.3272715264152
19519200,788.7232153265381
19522800,851.92847511989
19526400,888.6357169032874
19530000,896.3434028107147
19533600,874.5262667851464
19537200,824.6711105922947
19540800,750.1754807370678
19544400,656.1161312841916
19548000,548.9030514586152
19551600,435.84263547228466
19555200,324.6397638337828
19558800,222.8727284735477
19562400,137.4767846734323
19566000,74.27152488009011
19569600,37.56428309670372
19573200,29.856597189281956
19576800,51.673733214805
19580400,101.5288894077301
19584000,176.02451926296573
19587600,270.08386871584844
19591200,377.2969485413319
19594800,490.357364527563
19598400,601.5602361662595
19602000,703.3272715264895
19605600,788.7232153265973
19609200,851.9284751198859
19612800,888.6357169032856
19616400,896.3434028107154
19620000,874.5262667851807
19623600,824.6711105922452
19627200,750.1754807370748
19630800,656.1161312842
19634400,548.9030514586243
19638000,435.8426354723925
19641600,324.6397638336981
19645200,222.87272847355553
19648800,137.4767846734385
19652400,74.27152488009426
19656000,37.56428309672509
19659600,29.856597189287584
19663200,51.673733214801985
19666800,101.52888940772493
19670400,176.02451926295868
19674000,270.0838687157517
19677600,377.2969485414195
19681200,490.3573645275536
19684800,601.5602361662507
19688400,703.3272715264818
19692000,788.7232153265911
19695600,851.9284751199257
19699200,888.6357169032642
19702800,896.3434028107158
19706400,874.5262667851838
19710000,824.6711105922504
19713600,750.1754807370078
19717200,656.1161312842968
19720800,548.9030514586335
19724400,435.8426354724018
19728000,324.639763833707
19731600,222.87272847348106
19735200,137.47678467350994
19738800,74.27152488009841
19742400,37.56428309672691
19746000,29.85659718928696
19749600,51.67373321483052
19753200,101.52888940766513
19756800,176.02451926295169
19760400,270.0838687157433
19764000,377.2969485414103
19767600,490.3573645276428
19771200,601.5602361663354
19774800,703.327271526474
19778400,788.7232153265197
19782000,851.9284751199215
19785600,888.635716903282
19789200,896.3434028107102
19792800,874.5262667851867
19796400,824.6711105923102
19800000,750.1754807370148
19803600,656.1161312842167
19807200,548.903051458546
19810800,435.8426354724112
19814400,324.63976383380947
19818000,222.87272847348888
19821600,137.47678467345082
19825200,74.27152488005873
19828800,37.564283096728786
19832400,29.856597189280194
19836000,51.67373321482751
19839600,101.52888940771459
19843200,176.0245192630187
19846800,270.08386871573487
19850400,377.29694854140115
19854000,490.3573645276335
19857600,601.5602361662329
19861200,703.3272715265484
19864800,788.7232153265135
19868400,851.9284751199173
19872000,888.6357169032801
19875600,896.343402810717
19879200,874.5262667851582
19882800,824.6711105923154
19886400,750.1754807370219
19890000,656.1161312842252
19893600,548.9030514586518
19897200,435.842635472322
19900800,324.63976383381834
19904400,222.87272847349666
19908000,137.47678467345702
19911600,74.27152488010677
19915200,37.56428309671111
19918800,29.856597189279626
19922400,51.67373321482455
19926000,101.52888940770941
19929600,176.02451926301165
19933200,270.0838687158149
19936800,377.2969485412952
19940400,490.3573645276241
19944000,601.5602361662241
19947600,703.3272715265406
19951200,788.7232153265725
19954800,851.9284751198693
19958400,888.6357169032783
19962000,896.3434028107176
19965600,874.5262667851613
19969200,824.6711105922659
19972800,750.1754807371029
19976400,656.1161312842335
19980000,548.903051458661
19983600,435.8426354723313
19987200,324.63976383373364
19990800,222.8727284735867
19994400,137.47678467346321
19998000,74.27152488011092
20001600,37.564283096712984
20005200,29.856597189285253
20008800,51.67373321485303
20012400,101.52888940770418
20016000,176.0245192629306
20019600,270.0838687158065
20023200,377.2969485413828
20026800,490.3573645277133
20030400,601.5602361662152
20034000,703.3272715264505
20037600,788.7232153265663
20041200,851.928475119909
20044800,888.6357169032958
20048400,896.3434028107182
20052000,874.5262667851957
20055600,824.6711105922711
20059200,750.175480737036
20062800,656.1161312841535
20066400,548.9030514586702
20070000,435.8426354724392
20073600,324.6397638337425
20077200,222.87272847351224
20080800,137.47678467340415
20084400,74.27152488011512
20088000,37.5642830967148
20091600,29.856597189284628
20095200,51.67373321481858
20098800,101.52888940775364
20102400,176.0245192629236
20106000,270.08386871579813
20109600,377.2969485413736
20113200,490.35736452760545
20116800,601.5602361662999
20120400,703.3272715264428
20124000,788.7232153265602
20127600,851.9284751199048
20131200,888.6357169032744
20134800,896.3434028107126
20138400,874.5262667851987
20142000,824.6711105922762
20145600,750.175480737043
20149200,656.1161312842503
20152800,548.9030514585827
20156400,435.84263547244853
20160000,324.6397638337514
20163600,222.87272847352006
20167200,137.4767846734103
20170800,74.27152488007533
20174400,37.564283096736176
20178000,29.85659718928406
20181600,51.67373321481557
20185200,101.52888940774847
20188800,176.02451926299062
20192400,270.0838687157013
20196000,377.29694854136443
20199600,490.3573645275961
20203200,601.560236166291
20206800,703.3272715265172
20210400,788.7232153264888
20214000,851.9284751199007
20217600,888.6357169032726
20221200,896.3434028107132
20224800,874.5262667851703
20228400,824.6711105923362
20232000,750.17548073705
20235600,656.1161312842587
20239200,548.9030514585918
20242800,435.84263547235935
20246400,324.63976383366673
20250000,222.87272847352784
20253600,137.4767846734818
20257200,74.27152488007954
20260800,37.564283096718555
20264400,29.856597189289687
20268000,51.673733214812614
20271600,101.52888940768867
20275200,176.02451926298357
20278800,270.08386871578136
20282400,377.296948541452
20286000,490.35736452758675
20289600,601.5602361661886
20293200,703.3272715265094
20296800,788.7232153265478
20300400,851.9284751199403
20304000,888.6357169032708
20307600,896.3434028107199
20311200,874.5262667851732
20314800,824.6711105922866
20318400,750.175480736983
20322000,656.1161312842671
20325600,548.903051458601
20329200,435.8426354723687
20332800,324.6397638337691
20336400,222.87272847345344
20340000,137.476784673488
20343600,74.27152488008369
20347200,37.564283096720374
20350800,29.856597189282866
20354400,51.67373321484109
20358000,101.5288894076835
20361600,176.02451926297658
20365200,270.08386871577295
20368800,377.29694854134607
20372400,490.35736452767594
20376000,601.5602361661797
20379600,703.3272715265016
20383200,788.7232153265415
20386800,851.9284751199361
20390400,888.6357169032885
20394000,896.3434028107206
20397600,874.5262667851762
20401200,824.6711105922918
20404800,750.17548073699
20408400,656.1161312841871
20412000,548.903051458707
20415600,435.84263547237805
20419200,324.639763833778
20422800,222.87272847346125
20426400,137.47678467342894
20430000,74.27152488013172
20433600,37.56428309672225
20437200,29.856597189282297
20440800,51.67373321483808
20444400,101.52888940773295
20448000,176.02451926289552
20451600,270.0838687157646
20455200,377.2969485413369
20458800,490.35736452766656
20462400,601.5602361662644
20466000,703.3272715265759
20469600,788.7232153265354
20473200,851.9284751198882
20476800,888.6357169032866
20480400,896.3434028107149
20484000,874.5262667851478
20487600,824.671110592297
20491200,750.175480737071
20494800,656.1161312841955
20498400,548.9030514586193
20502000,435.84263547228886
20505600,324.6397638337869
20509200,222.87272847355123
20512800,137.47678467343508
20516400,74.27152488009204
20520000,37.56428309670457
20523600,29.856597189281672
20527200,51.67373321480363
20530800,101.52888940772777
20534400,176.02451926296249
20538000,270.08386871584463
20541600,377.29694854132777
20545200,490.35736452765724
20548800,601.5602361662555
20552400,703.327271526486
20556000,788.7232153265945
20559600,851.9284751198841
20563200,888.6357169032848
20566800,896.3434028107156
20570400,874.5262667851821
20574000,824.6711105922475
20577600,750.175480737078
20581200,656.1161312842038
20584800,548.9030514586285
20588400,435.84263547239675
20592000,324.6397638337022
20595600,222.87272847355905
20599200,137.47678467344133
20602800,74.27152488009614
20606400,37.56428309672589
20610000,29.8565971892873
20613600,51.67373321480062
20617200,101.52888940772255
20620800,176.0245192629555
20624400,270.0838687158363
20628000,377.2969485414153
20631600,490.3573645275494
20635200,601.5602361662467
20638800,703.3272715264782
20642400,788.7232153265883
20646000,851.9284751199237
20649600,888.6357169032634
20653200,896.3434028107162
20656800,874.5262667851852
20660400,824.6711105922527
20664000,750.175480737011
20667600,656.1161312843006
20671200,548.9030514586377
20674800,435.8426354724061
20678400,324.6397638337111
20682000,222.8727284734846
20685600,137.47678467351273
20689200,74.27152488010034
20692800,37.56428309672782
20696400,29.85659718928673
20700000,51.673733214829156
20703600,101.528889407772
20707200,176.0245192629485
20710800,270.08386871573947
20714400,377.29694854140615
20718000,490.35736452763854
20721600,601.5602361663314
20725200,703.3272715264704
20728800,788.7232153265169
20732400,851.9284751199195
20736000,888.635716903281
20739600,896.3434028107106
20743200,874.5262667851881
20746800,824.6711105923125
20750400,750.175480737018
20754000,656.1161312842206
20757600,548.9030514585501
20761200,435.8426354724154
20764800,324.6397638338135
20768400,222.87272847349243
20772000,137.47678467345366
20775600,74.27152488006061
20779200,37.56428309672964
20782800,29.856597189286106
20786400,51.6737332148262
20790000,101.5288894077122
20793600,176.02451926301552
20797200,270.0838687157311
20800800,377.29694854139694
20804400,490.3573645276292
20808000,601.560236166229
20811600,703.3272715265448
20815200,788.7232153265106
20818800,851.9284751199154
20822400,888.6357169032792
20826000,896.3434028107173
20829600,874.5262667851596
20833200,824.6711105923177
20836800,750.175480737025
20840400,656.1161312842289
20844000,548.903051458656
20847600,435.84263547232626
20851200,324.63976383382237
20854800,222.8727284735002
20858400,137.47678467345986
20862000,74.27152488006482
20865600,37.56428309671196
20869200,29.85659718927934
20872800,51.67373321482319
20876400,101.52888940770703
20880000,176.02451926300847
20883600,270.0838687158111
20887200,377.29694854129104
20890800,490.3573645276199
20894400,601.5602361662201
20898000,703.3272715265371
20901600,788.7232153265697
20905200,851.9284751198674
20908800,888.6357169032774
20912400,896.3434028107179
20916000,874.5262667851626
20919600,824.6711105922683
20923200,750.1754807371061
20926800,656.1161312842373
20930400,548.9030514586652
20934000,435.8426354723356
20937600,324.6397638337377
20941200,222.87272847342578
20944800,137.47678467346606
20948400,74.27152488011285
20952000,37.56428309671384
20955600,29.85659718928497
20959200,51.673733214851666
20962800,101.52888940770185
20966400,176.0245192629274
20970000,270.08386871580274
20973600,377.2969485413786
20977200,490.357364527709
20980800,601.5602361662112
20984400,703.327271526447
20988000,788.7232153265636
20991600,851.928475119907
20995200,888.6357169032951
20998800,896.3434028107185
21002400,874.5262667851971
21006000,824.6711105922734
21009600,750.1754807370392
21013200,656.1161312841573
21016800,548.9030514586744
21020400,435.8426354723449
21024000,324.63976383374654
21027600,222.8727284735158
21031200,137.47678467340694
21034800,74.271524880117
21038400,37.56428309671571
21042000,29.8565971892844
21045600,51.67373321481722
21049200,101.52888940775131
21052800,176.02451926292036
21056400,270.0838687157943
21060000,377.29694854136943
21063600,490.3573645276012
21067200,601.5602361662959
21070800,703.3272715264393
21074400,788.7232153265574
21078000,851.9284751199029
21081600,888.6357169032738
21085200,896.3434028107129
21088800,874.5262667852
21092400,824.6711105922786
21096000,750.1754807370462
21099600,656.1161312841657
21103200,548.9030514585868
21106800,435.8426354724528
21110400,324.6397638337554
21114000,222.8727284735236
21117600,137.47678467341314
21121200,74.27152488007727
21124800,37.56428309673703
21128400,29.856597189283775
21132000,51.673733214814206
21135600,101.52888940774614
21139200,176.02451926298744
21142800,270.0838687156975
21146400,377.2969485413603
21150000,490.35736452759187
21153600,601.560236166287
21157200,703.3272715265136
21160800,788.7232153264858
21164400,851.9284751198988
21168000,888.6357169032718
21171600,896.3434028107134
21175200,874.5262667851716
21178800,824.6711105922292
21182400,750.1754807370531
21186000,656.1161312842625
21189600,548.903051458596
21193200,435.8426354723636
21196800,324.6397638336707
21200400,222.87272847353142
21204000,137.47678467348464
21207600,74.27152488008142
21211200,37.56428309671935
21214800,29.856597189289403
21218400,51.67373321481125
21222000,101.52888940768634
21225600,176.0245192629804
21229200,270.08386871577756
21232800,377.2969485414478
21236400,490.3573645275825
21240000,601.5602361661845
21243600,703.3272715265059
21247200,788.723215326545
21250800,851.9284751199384
21254400,888.63571690327
21258000,896.343402810714
21261600,874.5262667851746
21265200,824.671110592289
21268800,750.1754807369862
21272400,656.1161312842709
21276000,548.9030514586052
21279600,435.84263547237293
21283200,324.63976383377315
21286800,222.87272847345696
21290400,137.47678467349078
21294000,74.27152488008556
21297600,37.564283096721226
21301200,29.85659718928258
21304800,51.67373321483973
21308400,101.5288894076811
21312000,176.0245192629734
21315600,270.0838687157692
21319200,377.2969485413419
21322800,490.3573645276717
21326400,601.5602361661756
21330000,703.3272715264981
21333600,788.7232153265388
21337200,851.9284751199343
21340800,888.6357169032876
21344400,896.3434028107208
21348000,874.5262667851775
21351600,824.6711105922942
21355200,750.1754807369932
21358800,656.1161312841908
21362400,548.9030514587112
21366000,435.8426354723823
21369600,324.639763833782
21373200,222.87272847346478
21376800,137.47678467343172
21380400,74.2715248801336
21384000,37.564283096723045
21387600,29.856597189282013
21391200,51.673733214836716
21394800,101.52888940773056
21398400,176.02451926289234
21402000,270.0838687157608
21405600,377.29694854133277
21409200,490.35736452766236
21412800,601.5602361662603
21416400,703.3272715265725
21420000,788.7232153265327
21423600,851.9284751198863
21427200,888.6357169032858
21430800,896.3434028107152
21434400,874.5262667851491
21438000,824.6711105922993
21441600,750.1754807370742
21445200,656.1161312841992
21448800,548.9030514586235
21452400,435.8426354722931
21456000,324.6397638337909
21459600,222.8727284735548
21463200,137.47678467343792
21466800,74.27152488009392
21470400,37.564283096705424
21474000,29.856597189281445
21477600,51.67373321480227
21481200,101.52888940772539
21484800,176.0245192629593
21488400,270.0838687158408
21492000,377.29694854132356
21495600,490.357364527653
21499200,601.5602361662515
21502800,703.3272715264825
21506400,788.7232153265917
21510000,851.928475119882
21513600,888.635716903284
21517200,896.3434028107158
21520800,874.5262667851835
21524400,824.67111059225
21528000,750.1754807370812
21531600,656.1161312842077
21535200,548.9030514586327
21538800,435.84263547240096
21542400,324.6397638337062
21546000,222.8727284735626
21549600,137.47678467344412
21553200,74.27152488009807
21556800,37.5642830967268
21560400,29.856597189287015
21564000,51.67373321479931
21567600,101.52888940772021
21571200,176.0245192629523
21574800,270.0838687158324
21578400,377.29694854141115
21582000,490.35736452754514
21585600,601.5602361662426
21589200,703.3272715264746
21592800,788.7232153265854
21596400,851.9284751199218
21600000,888.6357169032626
21603600,896.3434028107164
21607200,874.5262667851864
21610800,824.6711105922551
21614400,750.1754807370141
21618000,656.1161312843044
21621600,548.9030514586418
21625200,435.84263547241034
21628800,324.63976383371505
21632400,222.87272847348814
21636000,137.47678467351557
21639600,74.27152488010222
21643200,37.564283096728616
21646800,29.856597189286447
21650400,51.67373321482779
21654000,101.52888940776967
21657600,176.02451926294532
21661200,270.08386871573566
21664800,377.296948541402
21668400,490.35736452763433
21672000,601.5602361663273
21675600,703.3272715264669
21679200,788.723215326514
21682800,851.9284751199177
21686400,888.6357169032802
21690000,896.3434028107108
21693600,874.5262667851895
21697200,824.6711105923149
21700800,750.1754807370212
21704400,656.1161312842244
21708000,548.9030514585543
21711600,435.84263547241966
21715200,324.6397638338175
21718800,222.87272847349595
21722400,137.4767846734565
21726000,74.27152488006254
21729600,37.56428309673049
21733200,29.85659718928588
21736800,51.67373321482478
21740400,101.52888940770981
21744000,176.02451926301228
21747600,270.08386871572725
21751200,377.2969485413928
21754800,490.35736452762495
21758400,601.5602361662249
21762000,703.3272715265413
21765600,788.7232153265079
21769200,851.9284751199135
21772800,888.6357169032783
21776400,896.3434028107175
21780000,874.5262667851609
21783600,824.67111059232
21787200,750.1754807370282
21790800,656.1161312842328
21794400,548.9030514586602
21798000,435.84263547233047
21801600,324.63976383382635
21805200,222.87272847350377
21808800,137.47678467346265
21812400,74.27152488006669
21816000,37.56428309671281
21819600,29.856597189279057
21823200,51.67373321482182
21826800,101.5288894077047
21830400,176.0245192630053
21834000,270.0838687158073
21837600,377.29694854128684
21841200,490.35736452761563
21844800,601.560236166216
21848400,703.3272715265335
21852000,788.723215326567
21855600,851.9284751198654
21859200,888.6357169032765
21862800,896.3434028107182
21866400,874.5262667851639
21870000,824.6711105922707
21873600,750.1754807371093
21877200,656.1161312842412
21880800,548.9030514586693
21884400,435.84263547233985
21888000,324.63976383374165
21891600,222.87272847342933
21895200,137.4767846734689
21898800,74.27152488011473
21902400,37.56428309671469
21906000,29.85659718928474
21909600,51.67373321485036
21913200,101.52888940769952
21916800,176.02451926292423
21920400,270.08386871579887
21924000,377.29694854137443
21927600,490.3573645277048
21931200,601.5602361662071
21934800,703.3272715264435
21938400,788.7232153265606
21942000,851.9284751199052
21945600,888.6357169032942
21949200,896.3434028107188
21952800,874.5262667851985
21956400,824.6711105922759
21960000,750.1754807370423
21963600,656.1161312841612
21967200,548.9030514586785
21970800,435.8426354723492
21974400,324.6397638337506
21978000,222.87272847351937
21981600,137.47678467340978
21985200,74.27152488011887
21988800,37.56428309671651
21992400,29.85659718928406
21996000,51.673733214815854
21999600,101.52888940774892
22003200,176.02451926291718
22006800,270.0838687157905
22010400,377.2969485413653
22014000,490.3573645275969
22017600,601.5602361662918
22021200,703.3272715264357
22024800,788.7232153265545
22028400,851.9284751199011
22032000,888.6357169032729
22035600,896.3434028107131
22039200,874.5262667852014
22042800,824.671110592281
22046400,750.1754807370494
22050000,656.1161312841696
22053600,548.903051458591
22057200,435.842635472457
22060800,324.63976383375945
22064400,222.87272847352713
22068000,137.47678467341598
22071600,74.27152488007914
22075200,37.56428309673788
22078800,29.85659718928349
22082400,51.6737332148129
22086000,101.52888940774375
22089600,176.02451926298426
22093200,270.0838687156937
22096800,377.2969485413561
22100400,490.3573645275876
22104000,601.560236166283
22107600,703.3272715265101
22111200,788.7232153264831
22114800,851.9284751198969
22118400,888.635716903271
22122000,896.3434028107138
22125600,874.526266785173
22129200,824.6711105922316
22132800,750.1754807370563
22136400,656.1161312842663
22140000,548.9030514586002
22143600,435.8426354723679
22147200,324.6397638336748
22150800,222.87272847353495
22154400,137.47678467348743
22158000,74.27152488008329
22161600,37.5642830967202
22165200,29.856597189289175
22168800,51.673733214809886
22172400,101.52888940768395
22176000,176.0245192629772
22179600,270.08386871577375
22183200,377.29694854144367
22186800,490.3573645275783
22190400,601.5602361661805
22194000,703.3272715265023
22197600,788.7232153265422
22201200,851.9284751199366
22204800,888.6357169032692
22208400,896.3434028107143
22212000,874.526266785176
22215600,824.6711105922914
22219200,750.1754807369894
22222800,656.1161312842746
22226400,548.9030514586093
22230000,435.8426354723772
22233600,324.6397638337772
22237200,222.87272847346054
22240800,137.47678467349357
22244400,74.2715248800875
22248000,37.56428309672208
22251600,29.856597189282354
22255200,51.673733214838364
22258800,101.52888940767878
22262400,176.02451926297016
22266000,270.08386871576533
22269600,377.2969485414345
22273200,490.3573645276674
22276800,601.5602361661716
22280400,703.3272715264945
22284000,788.723215326536
22287600,851.9284751199324
22291200,888.6357169032868
22294800,896.343402810721
22298400,874.5262667851789
22302000,824.6711105922966
22305600,750.1754807369964
22309200,656.1161312841947
22312800,548.9030514587153
22316400,435.8426354723865
22320000,324.63976383378605
22323600,222.87272847346833
22327200,137.4767846734345
22330800,74.27152488013553
22334400,37.564283096723955
22338000,29.856597189281786
22341600,51.67373321483541
22345200,101.52888940772823
22348800,176.02451926303723
22352400,270.083868715757
22356000,377.29694854132856
22359600,490.3573645276581
22363200,601.5602361662563
22366800,703.3272715265689
22370400,788.7232153265297
22374000,851.9284751198843
22377600,888.6357169032849
22381200,896.3434028107155
22384800,874.5262667851504
22388400,824.6711105923017
22392000,750.1754807370774
22395600,656.116131284203
22399200,548.9030514586277
22402800,435.8426354722974
22406400,324.6397638337949
22410000,222.8727284735583
22413600,137.4767846734407
22417200,74.2715248800958
22420800,37.564283096706276
22424400,29.85659718928116
22428000,51.673733214832396
22431600,101.52888940772306
22435200,176.02451926295612
22438800,270.083868715837
22442400,377.2969485413194
22446000,490.35736452764877
22449600,601.5602361662475
22453200,703.327271526479
22456800,788.7232153265888
22460400,851.9284751198802
22464000,888.6357169032831
22467600,896.343402810716
22471200,874.5262667851848
22474800,824.6711105922523
22478400,750.1754807370844
22482000,656.1161312842114
22485600,548.9030514586368
22489200,435.8426354724052
22492800,324.6397638337103
22496400,222.87272847356613
22500000,137.4767846734469
22503600,74.27152488009995
22507200,37.56428309670815
22510800,29.856597189286788
22514400,51.67373321479795
22518000,101.52888940771788
22521600,176.02451926294913
22525200,270.08386871582866
22528800,377.296948541407
22532400,490.3573645275409
22536000,601.5602361662386
22539600,703.3272715264711
22543200,788.7232153265827
22546800,851.92847511992
22550400,888.6357169032617
22554000,896.3434028107167
22557600,874.5262667851878
22561200,824.6711105922575
22564800,750.1754807370173
22568400,656.1161312843083
22572000,548.903051458646
22575600,435.84263547241454
22579200,324.63976383371914
22582800,222.87272847349172
22586400,137.47678467338778
22590000,74.2715248801041
22593600,37.56428309672947
22597200,29.85659718928622
22600800,51.67373321482643
22604400,101.52888940776728
22608000,176.02451926294214
22611600,270.0838687157318
22615200,377.2969485413978
22618800,490.35736452763007
22622400,601.5602361663233
22626000,703.3272715264634
22629600,788.7232153265112
22633200,851.9284751199158
22636800,888.6357169032794
22640400,896.343402810711
22644000,874.5262667851908
22647600,824.6711105923173
22651200,750.1754807370244
22654800,656.1161312842282
22658400,548.9030514585585
22662000,435.8426354724239
22665600,324.639763833728
22669200,222.8727284734995
22672800,137.4767846734593
22676400,74.27152488006442
22680000,37.56428309673129
22683600,29.856597189285594
22687200,51.673733214823415
22690800,101.52888940770754
22694400,176.0245192630091
22698000,270.0838687157235
22701600,377.29694854138864
22705200,490.35736452762075
22708800,601.5602361662209
22712400,703.3272715265377
22716000,788.7232153265049
22719600,851.9284751199116
22723200,888.6357169032776
22726800,896.3434028107179
22730400,874.5262667851623
22734000,824.6711105923225
22737600,750.1754807370314
22741200,656.1161312842366
22744800,548.9030514585676
22748400,435.84263547233473
22752000,324.63976383383044
22755600,222.87272847350732
22759200,137.4767846734655
22762800,74.27152488006857
22766400,37.564283096713666
22770000,29.85659718927883
22773600,51.67373321482046
22777200,101.52888940770231
22780800,176.0245192630021
22784400,270.0838687158035
22788000,377.2969485412827
22791600,490.35736452761137
22795200,601.560236166212
22798800,703.32727152653
22802400,788.7232153265641
22806000,851.9284751198636
22809600,888.6357169032758
22813200,896.3434028107184
22816800,874.5262667851653
22820400,824.671110592273
22824000,750.1754807369643
22827600,656.116131284245
22831200,548.9030514586735
22834800,435.84263547234406
22838400,324.63976383374575
22842000,222.87272847343286
22845600,137.47678467347168
22849200,74.2715248801166
22852800,37.564283096715485
22856400,29.8565971892844
22860000,51.673733214848994
22863600,101.52888940769714
22867200,176.02451926292105
22870800,270.0838687157951
22874400,377.2969485413703
22878000,490.35736452770055
22881600,601.5602361662031
22885200,703.32727152644
22888800,788.7232153265579
22892400,851.9284751199033
22896000,888.6357169032933
22899600,896.343402810719
22903200,874.5262667851683
22906800,824.6711105922782
22910400,750.1754807370455
22914000,656.1161312841649
22917600,548.9030514586827
22921200,435.84263547235344
22924800,324.6397638337546
22928400,222.8727284735229
22932000,137.47678467341257
22935600,74.27152488012075
22939200,37.56428309671736
22942800,29.856597189283832
22946400,51.67373321481449
22950000,101.52888940774659
22953600,176.024519262914
22957200,270.0838687157867
22960800,377.2969485413611
22964400,490.3573645275927
22968000,601.5602361662877
22971600,703.3272715264321
22975200,788.7232153265518
22978800,851.9284751198991
22982400,888.6357169032915
22986000,896.3434028107134
22989600,874.5262667852028
22993200,824.6711105922834
22996800,750.1754807370526
23000400,656.1161312841733
23004000,548.9030514585952
23007600,435.84263547246127
23011200,324.6397638337635
23014800,222.87272847353069
23018400,137.47678467341882
23022000,74.27152488008102
23025600,37.564283096738734
23029200,29.856597189283264
23032800,51.673733214811534
23036400,101.52888940774142
23040000,176.02451926298102
23043600,270.0838687156899
23047200,377.2969485413519
23050800,490.35736452758334
23054400,601.5602361662789
23058000,703.3272715265066
23061600,788.7232153266108
23065200,851.928475119895
23068800,888.6357169032701
23072400,896.343402810714
23076000,874.5262667851744
23079600,824.6711105922338
23083200,750.1754807370595
23086800,656.1161312842701
23090400,548.9030514586043
23094000,435.8426354723721
23097600,324.6397638336788
23101200,222.8727284735385
23104800,137.47678467349022
23108400,74.27152488008522
23112000,37.564283096721056
23115600,29.856597189288834
23119200,51.67373321480852
23122800,101.52888940768162
23126400,176.02451926297402
23130000,270.08386871576994
23133600,377.2969485414395
23137200,490.357364527574
23140800,601.56023616627
23144400,703.3272715264987
23148000,788.7232153265394
23151600,851.9284751199348
23155200,888.6357169032683
23158800,896.3434028107146
23162400,874.5262667851773
23166000,824.6711105922936
23169600,750.1754807369925
23173200,656.1161312842785
23176800,548.9030514586135
23180400,435.84263547238146
23184000,324.6397638337812
23187600,222.87272847346404
23191200,137.47678467349647
23194800,74.27152488008937
23198400,37.56428309672293
23202000,29.85659718928207
23205600,51.67373321483706
23209200,101.52888940767644
23212800,176.02451926296698
23216400,270.0838687157616
23220000,377.2969485414303
23223600,490.3573645276632
23227200,601.5602361661677
23230800,703.327271526491
23234400,788.7232153265331
23238000,851.9284751199305
23241600,888.635716903286
23245200,896.3434028107213
23248800,874.5262667851803
23252400,824.6711105922989
23256000,750.1754807369996
23259600,656.1161312841984
23263200,548.9030514587195
23266800,435.8426354723908
23270400,324.6397638337901
23274000,222.87272847347185
23277600,137.47678467343735
23281200,74.2715248801374
23284800,37.56428309672475
23288400,29.8565971892815
23292000,51.673733214834044
23295600,101.5288894077259
23299200,176.02451926303405
23302800,270.08386871575317
23306400,377.2969485413244
23310000,490.35736452765383
23313600,601.5602361662523
23317200,703.3272715265654
23320800,788.723215326527
23324400,851.9284751198825
23328000,888.6357169032841
23331600,896.3434028107158
23335200,874.5262667851517
23338800,824.6711105923041
23342400,750.1754807370805
23346000,656.1161312842069
23349600,548.9030514586318
23353200,435.8426354723016
23356800,324.63976383379895
23360400,222.8727284735619
23364000,137.47678467344355
23367600,74.27152488009773
23371200,37.56428309670713
23374800,29.856597189280933
23378400,51.67373321483103
23382000,101.52888940772067
23385600,176.024519262953
23389200,270.0838687158332
23392800,377.29694854131526
23396400,490.3573645276445
23400000,601.5602361662434
23403600,703.3272715264754
23407200,788.7232153265861
23410800,851.9284751198784
23414400,888.6357169032823
23418000,896.3434028107163
23421600,874.5262667851862
23425200,824.6711105922546
23428800,750.1754807370876
23432400,656.1161312842153
23436000,548.903051458641
23439600,435.8426354724095
23443200,324.63976383371426
23446800,222.87272847356968
23450400,137.47678467344974
23454000,74.27152488010188
23457600,37.56428309670895
23461200,29.856597189286504
23464800,51.673733214796584
23468400,101.52888940771555
23472000,176.02451926294594
23475600,270.0838687158248
23479200,377.2969485414028
23482800,490.3573645275367
23486400,601.5602361662345
23490000,703.3272715264676
23493600,788.7232153265799
23497200,851.9284751199181
23500800,888.6357169032609
23504400,896.343402810717
23508000,874.5262667851893
23511600,824.6711105922598
23515200,750.1754807370206
23518800,656.116131284312
23522400,548.9030514586502
23526000,435.8426354724188
23529600,324.6397638337231
23533200,222.87272847349527
23536800,137.47678467339063
23540400,74.27152488010597
23544000,37.56428309673032
23547600,29.856597189285935
23551200,51.67373321482506
23554800,101.52888940776495
23558400,176.0245192629389
23562000,270.08386871572804
23565600,377.29694854139365
23569200,490.3573645276258
23572800,601.5602361663192
23576400,703.3272715264598
23580000,788.7232153265084
23583600,851.9284751199139
23587200,888.6357169032785
23590800,896.3434028107113
23594400,874.5262667851922
23598000,824.6711105923196
23601600,750.1754807370276
23605200,656.116131284232
23608800,548.9030514585626
23612400,435.8426354724281
23616000,324.639763833732
23619600,222.87272847350303
23623200,137.47678467346213
23626800,74.2715248800663
23630400,37.5642830967322
23634000,29.856597189285367
23637600,51.67373321482211
23641200,101.52888940770515
23644800,176.0245192630059
23648400,270.08386871571963
23652000,377.29694854138444
23655600,490.3573645276165
23659200,601.5602361662168
23662800,703.3272715265342
23666400,788.7232153265022
23670000,851.9284751199098
23673600,888.6357169032767
23677200,896.3434028107181
23680800,874.5262667851637
23684400,824.6711105923248
23688000,750.1754807370346
23691600,656.1161312842404
23695200,548.9030514585718
23698800,435.842635472339
23702400,324.6397638338344
23706000,222.87272847351085
23709600,137.47678467346827
23713200,74.27152488007044
23716800,37.56428309671452
23720400,29.856597189278546
23724000,51.673733214819094
23727600,101.52888940769998
23731200,176.02451926299892
23734800,270.08386871579967
23738400,377.29694854127854
23742000,490.35736452760716
23745600,601.5602361662079
23749200,703.3272715265264
23752800,788.7232153265613
23756400,851.9284751198617
23760000,888.6357169032749
23763600,896.3434028107188
23767200,874.5262667851666
23770800,824.6711105922753
23774400,750.1754807369675
23778000,656.1161312842488
23781600,548.9030514586777
23785200,435.8426354723483
23788800,324.6397638337497
23792400,222.87272847343644
23796000,137.47678467347447
23799600,74.27152488011848
23803200,37.564283096716395
23806800,29.856597189284116
23810400,51.67373321484757
23814000,101.5288894076948
23817600,176.0245192629178
23821200,270.08386871579125
23824800,377.2969485413661
23828400,490.3573645276963
23832000,601.560236166199
23835600,703.3272715264363
23839200,788.7232153265552
23842800,851.9284751199013
23846400,888.6357169032925
23850000,896.3434028107192
23853600,874.5262667851696
23857200,824.6711105922805
23860800,750.1754807370487
23864400,656.1161312841688
23868000,548.903051458687
23871600,435.84263547235764
23875200,324.6397638337586
23878800,222.87272847352645
23882400,137.47678467341535
23886000,74.27152488012268
23889600,37.56428309671821
23893200,29.856597189283548
23896800,51.673733214813126
23900400,101.52888940774426
23904000,176.02451926291081
23907600,270.0838687157829
23911200,377.2969485413569
23914800,490.35736452758846
23918400,601.5602361662837
23922000,703.3272715264286
23925600,788.7232153265488
23929200,851.9284751198973
23932800,888.6357169032906
23936400,896.3434028107138
23940000,874.5262667852041
23943600,824.6711105922857
23947200,750.1754807370558
23950800,656.1161312841771
23954400,548.9030514585993
23958000,435.84263547246553
23961600,324.63976383376746
23965200,222.8727284735342
23968800,137.4767846734216
23972400,74.2715248800829
23976000,37.56428309673953
23979600,29.85659718928298
23983200,51.67373321481011
23986800,101.52888940773903
23990400,176.02451926297783
23994000,270.0838687156861
23997600,377.2969485413478
24001200,490.35736452757914
24004800,601.5602361662749
24008400,703.3272715265031
24012000,788.7232153266079
24015600,851.9284751198932
24019200,888.6357169032693
24022800,896.3434028107142
24026400,874.5262667851757
24030000,824.6711105922363
24033600,750.1754807370628
24037200,656.1161312842739
24040800,548.9030514586085
24044400,435.84263547237634
24048000,324.6397638336828
24051600,222.87272847354203
24055200,137.47678467349306
24058800,74.2715248800871
24062400,37.56428309672191
24066000,29.85659718928855
24069600,51.67373321480716
24073200,101.52888940773391
24076800,176.02451926297084
24080400,270.08386871576613
24084000,377.2969485414353
24087600,490.35736452756976
24091200,601.560236166266
24094800,703.3272715264952
24098400,788.7232153265365
24102000,851.9284751199327
24105600,888.6357169032675
24109200,896.3434028107149
24112800,874.5262667851787
24116400,824.6711105922961
24120000,750.1754807369957
24123600,656.1161312842823
24127200,548.9030514586177
24130800,435.84263547238567
24134400,324.63976383378525
24138000,222.87272847346762
24141600,137.47678467349925
24145200,74.27152488009125
24148800,37.56428309672373
24152400,29.85659718928798
24156000,51.67373321483569
24159600,101.52888940767406
24163200,176.0245192629638
24166800,270.0838687157577
24170400,377.29694854142616
24174000,490.35736452765894
24177600,601.5602361661636
24181200,703.3272715264874
24184800,788.7232153265304
24188400,851.9284751199286
24192000,888.6357169032851
24195600,896.3434028107217
24199200,874.5262667851816
24202800,824.6711105923013
24206400,750.1754807370028
24210000,656.1161312842023
24213600,548.9030514587237
24217200,435.84263547239505
24220800,324.6397638337941
24224400,222.8727284734754
24228000,137.47678467344014
24231600,74.27152488005152
24235200,37.5642830967256
24238800,29.856597189281217
24242400,51.67373321483268
24246000,101.52888940772351
24249600,176.0245192630308
24253200,270.08386871574936
24256800,377.29694854132026
24260400,490.3573645276496
24264000,601.5602361662483
24267600,703.3272715265618
24271200,788.7232153265242
24274800,851.9284751198807
24278400,888.6357169032833
24282000,896.343402810716
24285600,874.5262667851532
24289200,824.6711105923064
24292800,750.1754807370838
24296400,656.1161312842107
24300000,548.903051458636
24303600,435.84263547230586
24307200,324.639763833803
24310800,222.87272847348322
24314400,137.4767846734464
24318000,74.2715248800996
24321600,37.564283096707925
24325200,29.856597189280592
24328800,51.673733214829724
24332400,101.52888940771834
24336000,176.0245192629498
24339600,270.0838687158294
24343200,377.29694854131105
24346800,490.35736452764024
24350400,601.5602361662394
24354000,703.3272715264718
24357600,788.7232153265832
24361200,851.9284751198765
24364800,888.6357169032815
24368400,896.3434028107166
24372000,874.5262667851875
24375600,824.671110592257
24379200,750.1754807370908
24382800,656.116131284219
24386400,548.9030514586452
24390000,435.8426354723152
24393600,324.63976383371835
24397200,222.8727284735732
24400800,137.47678467345253
24404400,74.27152488010375
24408000,37.564283096709744
24411600,29.856597189286276
24415200,51.67373321479522
24418800,101.52888940771317
24422400,176.02451926294276
24426000,270.08386871582104
24429600,377.29694854139865
24433200,490.3573645275324
24436800,601.5602361662305
24440400,703.3272715264641
24444000,788.723215326577
24447600,851.9284751199161
24451200,888.6357169032601
24454800,896.3434028107172
24458400,874.5262667851905
24462000,824.6711105922622
24465600,750.1754807370238
24469200,656.1161312841391
24472800,548.9030514586543
24476400,435.84263547242307
24480000,324.6397638337272
24483600,222.8727284734988
24487200,137.47678467339347
24490800,74.2715248801079
24494400,37.564283096731174
24498000,29.85659718928565
24501600,51.673733214823756
24505200,101.52888940776262
24508800,176.0245192629357
24512400,270.0838687157242
24516000,377.29694854138944
24519600,490.3573645276216
24523200,601.5602361663152
24526800,703.3272715264562
24530400,788.7232153265056
24534000,851.928475119912
24537600,888.6357169032777
24541200,896.3434028107115
24544800,874.5262667851936
24548400,824.6711105922674
24552000,750.1754807370309
24555600,656.1161312842358
24559200,548.9030514585668
24562800,435.8426354724324
24566400,324.6397638337361
24570000,222.8727284735066
24573600,137.47678467346492
24577200,74.27152488006817
24580800,37.56428309673299
24584400,29.856597189285026
24588000,51.67373321482074
24591600,101.52888940770282
24595200,176.02451926300273
24598800,270.0838687157158
24602400,377.2969485413803
24606000,490.3573645276122
24609600,601.5602361662128
24613200,703.3272715265307
24616800,788.7232153264995
24620400,851.9284751199078
24624000,888.6357169032758
24627600,896.3434028107122
24631200,874.526266785165
24634800,824.6711105923271
24638400,750.1754807370378
24642000,656.1161312842441
24645600,548.903051458576
24649200,435.8426354723432
24652800,324.63976383383846
24656400,222.8727284735144
24660000,137.47678467347112
24663600,74.27152488007238
24667200,37.56428309671537
24670800,29.856597189278318
24674400,51.67373321481773
24678000,101.52888940769759
24681600,176.02451926299574
24685200,270.08386871579586
24688800,377.29694854127433
24692400,490.3573645276029
24696000,601.5602361662039
24699600,703.3272715265228
24703200,788.7232153265585
24706800,851.9284751199475
24710400,888.635716903274
24714000,896.343402810719
24717600,874.526266785168
24721200,824.6711105922777
24724800,750.1754807369708
24728400,656.1161312842526
24732000,548.9030514586818
24735600,435.8426354723526
24739200,324.6397638337538
24742800,222.87272847343993
24746400,137.4767846734773
24750000,74.27152488012041
24753600,37.56428309671719
24757200,29.85659718928389
24760800,51.67373321484621
24764400,101.52888940769242
24768000,176.02451926291462
24771600,270.0838687157875
24775200,377.2969485413619
24778800,490.3573645276921
24782400,601.5602361661951
24786000,703.3272715265151
24789600,788.7232153265522
24793200,851.9284751198995
24796800,888.6357169032917
24800400,896.3434028107195
24804000,874.526266785171
24807600,824.671110592283
24811200,750.1754807370519
24814800,656.1161312841725
24818400,548.903051458691
24822000,435.8426354723619
24825600,324.6397638337627
24829200,222.87272847352997
24832800,137.4767846734182
24836400,74.27152488012456
24840000,37.56428309671901
24843600,29.85659718928332
24847200,51.67373321481176
24850800,101.52888940774187
24854400,176.0245192629077
24858000,270.0838687157791
24861600,377.2969485413528
24865200,490.3573645276827
24868800,601.5602361662798
24872400,703.3272715264251
24876000,788.7232153265461
24879600,851.9284751198953
24883200,888.6357169032899
24886800,896.343402810714
24890400,874.5262667852055
24894000,824.6711105922881
24897600,750.1754807370589
24901200,656.1161312841809
24904800,548.9030514586035
24908400,435.84263547246974
24912000,324.63976383377155
24915600,222.8727284735378
24919200,137.4767846734244
24922800,74.27152488008483
24926400,37.56428309674044
24930000,29.856597189282752
24933600,51.673733214808806
24937200,101.5288894077367
24940800,176.02451926297465
24944400,270.0838687158591
24948000,377.29694854134357
24951600,490.3573645275749
24955200,601.5602361662709
24958800,703.3272715264994
24962400,788.7232153266052
24966000,851.9284751198912
24969600,888.6357169032685
24973200,896.3434028107145
24976800,874.526266785177
24980400,824.6711105922386
24984000,750.175480737066
24987600,656.1161312842778
24991200,548.9030514586127
24994800,435.8426354723806
24998400,324.63976383368686
25002000,222.87272847354558
25005600,137.47678467349584
25009200,74.27152488008898
25012800,37.56428309672276
25016400,29.856597189288323
25020000,51.67373321480579
25023600,101.52888940773153
25027200,176.0245192629676
25030800,270.0838687157623
25034400,377.29694854143116
25038000,490.35736452756555
25041600,601.560236166262
25045200,703.3272715264917
25048800,788.7232153265337
25052400,851.9284751199309
25056000,888.6357169032666
25059600,896.3434028107151
25063200,874.52626678518
25066800,824.6711105922984
25070400,750.1754807369989
25074000,656.1161312842861
25077600,548.9030514586218
25081200,435.84263547238993
25084800,324.6397638337893
25088400,222.87272847347117
25092000,137.4767846735021
25095600,74.27152488009312
25099200,37.56428309672464
25102800,29.856597189287754
25106400,51.67373321483433
25110000,101.52888940767173
25113600,176.0245192629606
25117200,270.08386871575397
25120800,377.296948541422
25124400,490.3573645276547
25128000,601.5602361661595
25131600,703.3272715264839
25135200,788.7232153265275
25138800,851.9284751199268
25142400,888.6357169032842
25146000,896.343402810722
25149600,874.526266785183
25153200,824.6711105923036
25156800,750.175480737006
25160400,656.1161312842061
25164000,548.9030514587278
25167600,435.84263547239925
25171200,324.63976383379816
25174800,222.87272847347893
25178400,137.47678467344298
25182000,74.27152488005339
25185600,37.564283096726456
25189200,29.856597189280933
25192800,51.673733214831316
25196400,101.52888940772118
25200000,176.02451926302763
25203600,270.08386871574555
25207200,377.29694854131606
25210800,490.35736452764536
25214400,601.5602361662443
25218000,703.3272715265583
25221600,788.7232153265213
25225200,851.9284751198787
25228800,888.6357169032824
25232400,896.3434028107163
25236000,874.5262667851545
25239600,824.6711105923088
25243200,750.175480737087
25246800,656.1161312842145
25250400,548.9030514586402
25254000,435.8426354723101
25257600,324.639763833807
25261200,222.87272847348675
25264800,137.47678467344917
25268400,74.27152488010148
25272000,37.56428309670878
25275600,29.856597189280365
25279200,51.67373321482836
25282800,101.52888940771601
25286400,176.02451926294657
25290000,270.0838687158256
25293600,377.2969485413069
25297200,490.35736452763604
25300800,601.5602361662354
25304400,703.3272715264683
25308000,788.7232153265804
25311600,851.9284751198745
25315200,888.6357169032806
25318800,896.343402810717
25322400,874.5262667851889
25326000,824.6711105922593
25329600,750.175480737094
25333200,656.1161312842229
25336800,548.9030514586493
25340400,435.84263547231944
25344000,324.6397638337223
25347600,222.87272847357679
25351200,137.4767846734553
25354800,74.27152488010563
25358400,37.56428309671065
25362000,29.856597189285992
25365600,51.673733214793856
25369200,101.52888940771078
25372800,176.02451926293958
25376400,270.0838687158172
25380000,377.2969485413945
25383600,490.35736452752815
25387200,601.5602361662266
25390800,703.3272715264604
25394400,788.7232153265743
25398000,851.9284751199143
25401600,888.6357169032592
25405200,896.3434028107174
25408800,874.5262667851919
25412400,824.6711105922645
25416000,750.175480737027
25419600,656.1161312841429
25423200,548.9030514586585
25426800,435.8426354724273
25430400,324.6397638337312
25434000,222.87272847350235
25437600,137.4767846733963
25441200,74.27152488010978
25444800,37.56428309673197
25448400,29.856597189285367
25452000,51.67373321482239
25455600,101.52888940776023
25459200,176.02451926293253
25462800,270.0838687157204
25466400,377.2969485413853
25470000,490.35736452761734
25473600,601.5602361663111
25477200,703.3272715264527
25480800,788.7232153265028
25484400,851.9284751199101
25488000,888.635716903277
25491600,896.3434028107118
25495200,874.5262667851949
25498800,824.6711105922698
25502400,750.175480737034
25506000,656.1161312842396
25509600,548.903051458571
25513200,435.84263547243665
25516800,324.63976383374006
25520400,222.8727284735101
25524000,137.4767846734677
25527600,74.2715248800701
25531200,37.564283096733845
25534800,29.8565971892848
25538400,51.67373321481938
25542000,101.52888940770043
25545600,176.02451926299955
25549200,270.083868715712
25552800,377.29694854137614
25556400,490.357364527608
25560000,601.5602361662087
25563600,703.3272715265272
25567200,788.7232153264965
25570800,851.9284751199059
25574400,888.6357169032751
25578000,896.3434028107124
25581600,874.5262667851664
25585200,824.6711105923296
25588800,750.175480737041
25592400,656.116131284248
25596000,548.9030514585802
25599600,435.84263547234747
25603200,324.6397638338425
25606800,222.87272847351792
25610400,137.47678467347396
25614000,74.27152488007425
25617600,37.56428309671617
25621200,29.856597189278034
25624800,51.67373321481642
25628400,101.52888940769526
25632000,176.02451926299256
25635600,270.08386871579205
25639200,377.2969485412702
25642800,490.35736452759863
25646400,601.5602361661998
25650000,703.3272715265193
25653600,788.7232153265556
25657200,851.9284751199457
25660800,888.6357169032732
25664400,896.3434028107192
25668000,874.5262667851694
25671600,824.67111059228
25675200,750.175480736974
25678800,656.1161312842564
25682400,548.903051458686
25686000,435.8426354723568
25689600,324.6397638337578
25693200,222.87272847344352
25696800,137.4767846734801
25700400,74.27152488012229
25704000,37.564283096717986
25707600,29.856597189283605
25711200,51.6737332148449
25714800,101.52888940769009
25718400,176.0245192629115
25722000,270.08386871578364
25725600,377.2969485413578
25729200,490.3573645276878
25732800,601.560236166191
25736400,703.3272715265115
25740000,788.7232153265495
25743600,851.9284751198976
25747200,888.6357169032908
25750800,896.3434028107198
25754400,874.5262667851723
25758000,824.6711105922852
25761600,750.1754807370551
25765200,656.1161312841764
25768800,548.9030514586952
25772400,435.84263547236617
25776000,324.63976383376666
25779600,222.87272847353356
25783200,137.47678467342104
25786800,74.27152488012644
25790400,37.56428309671986
25794000,29.856597189283036
25797600,51.673733214810454
25801200,101.52888940773954
25804800,176.02451926290445
25808400,270.0838687157753
25812000,377.29694854134857
25815600,490.3573645276785
25819200,601.5602361662757
25822800,703.3272715264216
25826400,788.7232153265433
25830000,851.9284751198934
25833600,888.635716903289
25837200,896.3434028107142
25840800,874.5262667852069
25844400,824.6711105922905
25848000,750.1754807370621
25851600,656.1161312841848
25855200,548.9030514586077
25858800,435.842635472474
25862400,324.63976383377553
25866000,222.87272847354131
25869600,137.47678467342723
25873200,74.2715248800867
25876800,37.564283096741235
25880400,29.856597189282468
25884000,51.67373321480744
25887600,101.52888940773437
25891200,176.02451926297147
25894800,270.08386871585526
25898400,377.2969485413394
25902000,490.3573645275706
25905600,601.5602361662668
25909200,703.3272715264959
25912800,788.7232153266024
25916400,851.9284751198893
25920000,888.6357169032676
25923600,896.3434028107148
25927200,874.5262667851783
25930800,824.671110592241
25934400,750.1754807370692
25938000,656.1161312842816
25941600,548.9030514586168
25945200,435.8426354723848
25948800,324.6397638336909
25952400,222.8727284735491
25956000,137.47678467343343
25959600,74.27152488009085
25963200,37.564283096723614
25966800,29.85659718928804
25970400,51.67373321480443
25974000,101.52888940772914
25977600,176.02451926296442
25981200,270.0838687157585
25984800,377.296948541427
25988400,490.3573645275613
25992000,601.5602361662579
25995600,703.3272715264882
25999200,788.7232153265309
26002800,851.9284751199291
26006400,888.6357169032658
26010000,896.3434028107154
26013600,874.5262667851814
26017200,824.6711105923007
26020800,750.1754807370021
26024400,656.11613128429
26028000,548.903051458626
26031600,435.8426354723942
26035200,324.63976383369976
26038800,222.8727284734747
26042400,137.47678467350488
26046000,74.27152488009506
26049600,37.56428309672543
26053200,29.85659718928747
26056800,51.67373321483291
26060400,101.52888940766934
26064000,176.02451926295743
26067600,270.0838687157501
26071200,377.2969485414178
26074800,490.3573645276505
26078400,601.5602361661555
26082000,703.3272715264803
26085600,788.7232153265247
26089200,851.9284751199248
26092800,888.6357169032834
26096400,896.3434028107222
26100000,874.5262667851844
26103600,824.6711105923059
26107200,750.1754807370091
26110800,656.1161312842099
26114400,548.9030514585385
26118000,435.8426354724035
26121600,324.63976383380214
26125200,222.8727284734825
26128800,137.47678467344576
26132400,74.27152488005527
26136000,37.56428309672725
26139600,29.85659718928065
26143200,51.67373321482995
26146800,101.5288894077188
26150400,176.02451926302444
26154000,270.08386871574174
26157600,377.2969485413119
26161200,490.3573645276411
26164800,601.5602361662402
26168400,703.3272715265548
26172000,788.7232153265186
26175600,851.9284751198768
26179200,888.6357169032816
26182800,896.3434028107165
26186400,874.5262667851558
26190000,824.6711105923112
26193600,750.1754807370162
26197200,656.1161312842182
26200800,548.9030514586443
26204400,435.8426354723143
26208000,324.63976383381106
26211600,222.8727284734903
26215200,137.47678467345196
26218800,74.27152488010336
26222400,37.56428309670963
26226000,29.85659718928008
26229600,51.67373321482694
26233200,101.52888940771362
26236800,176.0245192629434
26240400,270.0838687158218
26244000,377.29694854130275
26247600,490.3573645276318
26251200,601.5602361662313
26254800,703.3272715264648
26258400,788.7232153265777
26262000,851.9284751198727
26265600,888.6357169032797
26269200,896.3434028107172
26272800,874.5262667851589
26276400,824.6711105922617
26280000,750.1754807370971
26283600,656.1161312842266
26287200,548.9030514586535
26290800,435.8426354723237
26294400,324.6397638337264
26298000,222.87272847358028
26301600,137.47678467345816
26305200,74.27152488010756
26308800,37.56428309671145
26312400,29.856597189285708
26316000,51.67373321479249
26319600,101.52888940770845
26323200,176.02451926293634
26326800,270.0838687158134
26330400,377.2969485413903
26334000,490.35736452752394
26337600,601.5602361662225
26341200,703.327271526457
26344800,788.7232153265713
26348400,851.9284751199124
26352000,888.6357169032974
26355600,896.3434028107177
26359200,874.5262667851932
26362800,824.6711105922668
26366400,750.1754807370302
26370000,656.1161312841466
26373600,548.9030514586627
26377200,435.84263547243154
26380800,324.6397638337353
26384400,222.87272847350587
26388000,137.4767846733991
26391600,74.27152488011166
26395200,37.56428309673288
26398800,29.856597189285083
26402400,51.67373321482103
26406000,101.5288894077579
26409600,176.02451926292935
26413200,270.08386871571656
26416800,377.29694854138114
26420400,490.3573645276131
26424000,601.5602361663072
26427600,703.3272715264492
26431200,788.7232153265652
26434800,851.9284751199082
26438400,888.635716903276
26442000,896.3434028107122
26445600,874.5262667851962
26449200,824.671110592272
26452800,750.1754807370372
26456400,656.1161312842435
26460000,548.9030514585751
26463600,435.84263547244086
26467200,324.63976383374415
26470800,222.8727284735137
26474400,137.47678467347055
26478000,74.27152488007198
26481600,37.5642830967347
26485200,29.856597189284514
26488800,51.673733214818014
26492400,101.5288894076981
26496000,176.02451926299636
26499600,270.0838687157082
26503200,377.29694854137193
26506800,490.35736452760375
26510400,601.5602361662983
26514000,703.3272715265235
26517600,788.7232153264938
26521200,851.9284751199041
26524800,888.6357169032742
26528400,896.3434028107127
26532000,874.5262667851678
26535600,824.6711105923318
26539200,750.1754807370442
26542800,656.1161312842519
26546400,548.9030514585843
26550000,435.84263547235173
26553600,324.63976383384653
26557200,222.8727284735215
26560800,137.47678467347674
26564400,74.27152488007613
26568000,37.56428309671702
26571600,29.85659718927775
26575200,51.67373321481506
26578800,101.52888940769293
26582400,176.02451926298937
26586000,270.08386871578824
26589600,377.2969485414595
26593200,490.3573645275944
26596800,601.5602361661959
26600400,703.3272715265158
26604000,788.7232153265529
26607600,851.9284751199439
26611200,888.6357169032724
26614800,896.3434028107195
26618400,874.5262667851707
26622000,824.6711105922824
26625600,750.1754807369772
26629200,656.1161312842602
26632800,548.9030514586902
26636400,435.84263547236105
26640000,324.6397638337619
26643600,222.87272847344707
26647200,137.47678467348294
26650800,74.27152488012416
26654400,37.564283096718896
26658000,29.856597189283377
26661600,51.67373321484354
26665200,101.5288894076877
26668800,176.02451926298232
26672400,270.0838687157799
26676000,377.2969485413536
26679600,490.35736452768356
26683200,601.560236166187
26686800,703.327271526508
26690400,788.7232153265467
26694000,851.9284751198957
26697600,888.6357169032899
26701200,896.3434028107201
26704800,874.5262667851738
26708400,824.6711105922876
26712000,750.1754807370583
26715600,656.1161312841801
26719200,548.9030514586995
26722800,435.8426354723704
26726400,324.63976383377076
26730000,222.87272847353705
26733600,137.47678467342388
26737200,74.27152488012831
26740800,37.564283096720715
26744400,29.85659718928281
26748000,51.673733214840524
26751600,101.52888940773715
26755200,176.02451926290126
26758800,270.0838687157715
26762400,377.2969485413444
26766000,490.35736452767424
26769600,601.5602361662717
26773200,703.3272715264179
26776800,788.7232153265404
26780400,851.9284751198916
26784000,888.6357169032881
26787600,896.3434028107145
26791200,874.5262667852082
26794800,824.6711105922927
26798400,750.1754807370653
26802000,656.1161312841886
26805600,548.9030514586118
26809200,435.84263547247826
26812800,324.6397638337796
26816400,222.87272847354487
26820000,137.47678467343002
26823600,74.27152488008858
26827200,37.56428309670309
26830800,29.856597189282184
26834400,51.67373321480608
26838000,101.52888940773198
26841600,176.02451926296828
26845200,270.0838687158515
26848800,377.29694854133527
26852400,490.3573645275664
26856000,601.5602361662628
26859600,703.3272715264924
26863200,788.7232153265995
26866800,851.9284751198875
26870400,888.6357169032668
26874000,896.343402810715
26877600,874.5262667851797
26881200,824.6711105922434
26884800,750.1754807370723
26888400,656.1161312842853
26892000,548.903051458621
26895600,435.8426354723891
26899200,324.63976383369493
26902800,222.87272847355268
26906400,137.4767846734362
26910000,74.27152488009278
26913600,37.56428309672441
26917200,29.85659718928781
26920800,51.67373321480312
26924400,101.52888940772681
26928000,176.02451926296123
26931600,270.08386871575465
26935200,377.2969485414228
26938800,490.357364527557
26942400,601.560236166254
26946000,703.3272715264845
26949600,788.7232153265281
26953200,851.9284751199272
26956800,888.6357169032649
26960400,896.3434028107156
26964000,874.5262667851827
26967600,824.6711105923032
26971200,750.1754807370053
26974800,656.1161312842937
26978400,548.9030514586302
26982000,435.8426354723984
26985600,324.6397638337038
26989200,222.87272847347828
26992800,137.47678467350767
26996400,74.27152488009693
27000000,37.56428309672623
27003600,29.856597189287243
27007200,51.6737332148316
27010800,101.52888940766701
27014400,176.02451926295424
27018000,270.0838687157463
27021600,377.29694854141366
27025200,490.3573645276462
27028800,601.5602361661515
27032400,703.3272715264768
27036000,788.723215326522
27039600,851.928475119923
27043200,888.6357169032826
27046800,896.3434028107224
27050400,874.5262667851857
27054000,824.6711105923083
27057600,750.1754807370123
27061200,656.1161312842137
27064800,548.9030514585426
27068400,435.8426354724078
27072000,324.6397638338062
27075600,222.87272847348603
27079200,137.4767846734486
27082800,74.2715248800572
27086400,37.564283096728104
27090000,29.85659718928042
27093600,51.67373321482859
27097200,101.52888940771646
27100800,176.02451926302126
27104400,270.08386871573794
27108000,377.2969485413077
27111600,490.3573645276369
27115200,601.5602361662361
27118800,703.3272715265513
27122400,788.7232153265156
27126000,851.928475119875
27129600,888.6357169032808
27133200,896.3434028107168
27136800,874.5262667851572
27140400,824.6711105923134
27144000,750.1754807370194
27147600,656.1161312842221
27151200,548.9030514586485
27154800,435.8426354723186
27158400,324.6397638338151
27162000,222.87272847349382
27165600,137.4767846734548
27169200,74.27152488010529
27172800,37.564283096710426
27176400,29.856597189279853
27180000,51.67373321482563
27183600,101.52888940771129
27187200,176.0245192629402
27190800,270.08386871581797
27194400,377.29694854129855
27198000,490.3573645276275
27201600,601.5602361662272
27205200,703.3272715264612
27208800,788.7232153265747
27212400,851.9284751198708
27216000,888.6357169032789
27219600,896.3434028107174
27223200,874.5262667851601
27226800,824.6711105922641
27230400,750.1754807371003
27234000,656.1161312842305
27237600,548.9030514586577
27241200,435.8426354723279
27244800,324.6397638337304
27248400,222.87272847358386
27252000,137.47678467346094
27255600,74.27152488010944
27259200,37.5642830967123
27262800,29.856597189285424
27266400,51.67373321479113
27270000,101.52888940770606
27273600,176.02451926293315
27277200,270.08386871580956
27280800,377.29694854138614
27284400,490.3573645275197
27288000,601.5602361662184
27291600,703.3272715264534
27295200,788.7232153265686
27298800,851.9284751199104
27302400,888.6357169032965
27306000,896.343402810718
27309600,874.5262667851946
27313200,824.6711105922693
27316800,750.1754807370334
27320400,656.1161312841505
27324000,548.9030514586668
27327600,435.8426354724358
27331200,324.63976383373927
27334800,222.87272847350945
27338400,137.47678467340188
27342000,74.27152488011359
27345600,37.564283096733675
27349200,29.856597189284855
27352800,51.673733214819606
27356400,101.52888940775551
27360000,176.02451926292616
27363600,270.0838687157128
27367200,377.29694854137693
27370800,490.35736452760887
27374400,601.5602361663031
27378000,703.3272715264457
27381600,788.7232153265625
27385200,851.9284751199064
27388800,888.6357169032751
27392400,896.3434028107124
27396000,874.5262667851975
27399600,824.6711105922743
27403200,750.1754807370404
27406800,656.1161312842473
27410400,548.9030514585793
27414000,435.8426354724451
27417600,324.63976383374813
27421200,222.8727284735172
27424800,137.47678467347333
27428400,74.27152488007386
27432000,37.564283096735494
27435600,29.856597189284287
27439200,51.67373321481671
27442800,101.52888940769571
27446400,176.02451926299318
27450000,270.0838687157044
27453600,377.2969485413678
27457200,490.3573645275995
27460800,601.5602361662942
27464400,703.32727152652
27468000,788.723215326491
27471600,851.9284751199021
27475200,888.6357169032733
27478800,896.343402810713
27482400,874.5262667851691
27486000,824.6711105923342
27489600,750.1754807370473
27493200,656.1161312842556
27496800,548.9030514585885
27500400,435.84263547235594
27504000,324.63976383385057
27507600,222.872728473525
27511200,137.47678467347953
27514800,74.271524880078
27518400,37.56428309671787
27522000,29.856597189277466
27525600,51.673733214813694
27529200,101.52888940769054
27532800,176.02451926298613
27536400,270.08386871578443
27540000,377.2969485414554
27543600,490.35736452759016
27547200,601.5602361661918
27550800,703.3272715265123
27554400,788.72321532655
27558000,851.9284751199418
27561600,888.6357169032715
27565200,896.3434028107197
27568800,874.5262667851721
27572400,824.6711105922848
27576000,750.1754807369804
27579600,656.116131284264
27583200,548.9030514586944
27586800,435.8426354723653
27590400,324.63976383376587
27594000,222.8727284734506
27597600,137.47678467348572
27601200,74.27152488012604
27604800,37.56428309671969
27608400,29.856597189283093
27612000,51.67373321484217
27615600,101.52888940768537
27619200,176.02451926297914
27622800,270.083868715776
27626400,377.2969485413494
27630000,490.35736452767935
27633600,601.5602361661829
27637200,703.3272715265044
27640800,788.7232153265438
27644400,851.9284751198938
27648000,888.6357169032892
27651600,896.3434028107204
27655200,874.526266785175
27658800,824.67111059229
27662400,750.1754807370614
27666000,656.116131284184
27669600,548.9030514587035
27673200,435.84263547237464
27676800,324.63976383377474
27680400,222.87272847354063
27684000,137.47678467342666
27687600,74.27152488013024
27691200,37.56428309672157
27694800,29.856597189282525
27698400,51.67373321483922
27702000,101.52888940773482
27705600,176.02451926289808
27709200,270.08386871576766
27712800,377.29694854134027
27716400,490.35736452767
27720000,601.5602361662676
27723600,703.3272715264145
27727200,788.7232153265377
27730800,851.9284751198896
27734400,888.6357169032873
27738000,896.3434028107147
27741600,874.5262667852096
27745200,824.6711105922951
27748800,750.1754807370685
27752400,656.1161312841923
27756000,548.903051458616
27759600,435.84263547228545
27763200,324.6397638337836
27766800,222.8727284735484
27770400,137.4767846734328
27774000,74.27152488009045
27777600,37.56428309670389
27781200,29.8565971892819
27784800,51.67373321480471
27788400,101.52888940772965
27792000,176.02451926296504
27795600,270.08386871584764
27799200,377.29694854133106
27802800,490.35736452756214
27806400,601.5602361662587
27810000,703.3272715264889
27813600,788.7232153265968
27817200,851.9284751198855
27820800,888.6357169032659
27824400,896.3434028107154
27828000,874.5262667851811
27831600,824.6711105922457
27835200,750.1754807370755
27838800,656.1161312842007
27842400,548.9030514586252
27846000,435.84263547239334
27849600,324.63976383369896
27853200,222.87272847355618
27856800,137.47678467343906
27860400,74.27152488009466
27864000,37.56428309672526
27867600,29.856597189287527
27871200,51.67373321480176
27874800,101.52888940772442
27878400,176.02451926295805
27882000,270.0838687157509
27885600,377.29694854141866
27889200,490.3573645275528
27892800,601.5602361662499
27896400,703.3272715264811
27900000,788.7232153265253
27903600,851.9284751199252
27907200,888.6357169032641
27910800,896.3434028107159
27914400,874.5262667851841
27918000,824.6711105922509
27921600,750.1754807370085
27925200,656.1161312842976
27928800,548.9030514586343
27932400,435.84263547240266
27936000,324.63976383370783
27939600,222.87272847348177
27943200,137.4767846735105
27946800,74.27152488009881
27950400,37.56428309672714
27954000,29.85659718928696
27957600,51.673733214830236
27961200,101.52888940766468
27964800,176.02451926295106
27968400,270.0838687157425
27972000,377.2969485414095
27975600,490.35736452764195
27979200,601.5602361661474
27982800,703.3272715264733
27986400,788.723215326519
27990000,851.9284751199211
27993600,888.6357169032817
27997200,896.3434028107104
28000800,874.5262667851871
28004400,824.6711105923107
28008000,750.1754807370155
28011600,656.1161312842175
28015200,548.9030514585468
28018800,435.842635472412
28022400,324.63976383381026
28026000,222.8727284734896
28029600,137.47678467345145
28033200,74.27152488005908
28036800,37.56428309672896
28040400,29.856597189280137
28044000,51.67373321482722
28047600,101.52888940771408
28051200,176.02451926301808
28054800,270.08386871573407
28058400,377.29694854130355
28062000,490.3573645276326
28065600,601.5602361662321
28069200,703.3272715265476
28072800,788.7232153265129
28076400,851.9284751199169
28080000,888.6357169032799
28083600,896.3434028107171
28087200,874.5262667851586
28090800,824.6711105923159
28094400,750.1754807370226
28098000,656.116131284226
28101600,548.9030514586527
28105200,435.84263547232285
28108800,324.63976383381913
28112400,222.8727284734974
28116000,137.4767846734576
28119600,74.27152488010717
28123200,37.564283096711335
28126800,29.85659718927957
28130400,51.67373321482427
28134000,101.5288894077089
28137600,176.02451926293702
28141200,270.0838687158141
28144800,377.29694854139115
28148400,490.3573645277218
28152000,601.5602361662233
28155600,703.3272715265398
28159200,788.7232153265068
28162800,851.9284751199127
28166400,888.6357169032976
28170000,896.3434028107176
28173600,874.5262667851615
28177200,824.6711105923209
28180800,750.1754807370296
28184400,656.1161312841459
28188000,548.9030514586618
28191600,435.8426354723322
28195200,324.639763833828
28198800,222.87272847350516
28202400,137.47678467339853
28206000,74.27152488011131
28209600,37.564283096713154
28213200,29.856597189279
28216800,51.673733214821254
28220400,101.52888940775836
28224000,176.02451926292997
28227600,270.08386871580575
28231200,377.2969485412852
28234800,490.3573645276139
28238400,601.560236166308
28242000,703.3272715264499
28245600,788.7232153265658
28249200,851.9284751198647
28252800,888.6357169032763
28256400,896.3434028107121
28260000,874.526266785196
28263600,824.6711105922716
28267200,750.1754807371105
28270800,656.1161312842427
28274400,548.9030514585743
28278000,435.84263547244
28281600,324.6397638337433
28285200,222.87272847359517
28288800,137.47678467346998
28292400,74.27152488007158
28296000,37.56428309673447
28299600,29.85659718928457
28303200,51.67373321478681
28306800,101.52888940769856
28310400,176.024519262997
28314000,270.0838687158858
28317600,377.2969485413728
28321200,490.3573645275061
28324800,601.5602361662055
28328400,703.3272715265243
28332000,788.7232153266249
28335600,851.9284751199045
28339200,888.6357169032549
28342800,896.3434028107188
28346400,874.5262667851675
28350000,824.6711105922221
28353600,750.1754807370436
28357200,656.1161312843394
28360800,548.9030514586802
28364400,435.8426354723509
28368000,324.63976383365866
28371600,222.87272847352077
28375200,137.47678467354143
28378800,74.27152488011961
28382400,37.56428309671685
28386000,29.8565971892902
28389600,51.673733214815286
28393200,101.52888940774801
28396800,176.02451926291593
28400400,270.083868715789
28404000,377.2969485414604
28407600,490.3573645275953
28411200,601.5602361662902
28414800,703.3272715264343
28418400,788.7232153265534
28422000,851.9284751199441
28425600,888.6357169032725
28429200,896.3434028107133
28432800,874.526266785202
28436400,824.671110592282
28440000,750.1754807369766
28443600,656.1161312842595
28447200,548.9030514585927
28450800,435.8426354724587
28454400,324.6397638337611
28458000,222.87272847344636
28461600,137.47678467348237
28465200,74.27152488007994
28468800,37.56428309673822
28472400,29.856597189283434
28476000,51.67373321484382
28479600,101.52888940768821
28483200,176.02451926298295
28486800,270.08386871569223
28490400,377.2969485413544
28494000,490.3573645276844
28497600,601.5602361661878
28501200,703.3272715265086
28504800,788.723215326482
28508400,851.9284751198961
28512000,888.6357169032901
28515600,896.34340281072
28519200,874.5262667851734
28522800,824.6711105923417
28526400,750.1754807370576
28530000,656.1161312841795
28533600,548.9030514586985
28537200,435.8426354723695
28540800,324.63976383386347
28544400,222.87272847353634
28548000,137.47678467342325
28551600,74.27152488004015
28555200,37.564283096720544
28558800,29.856597189276613
28562400,51.67373321480932
28566000,101.52888940773767
28569600,176.02451926304997
28573200,270.08386871577227
28576800,377.2969485412485
28580400,490.3573645275766
28584000,601.5602361662725
28587600,703.3272715265831
28591200,788.7232153265411
28594800,851.9284751198481
28598400,888.6357169032688
28602000,896.3434028107145
28605600,874.526266785145
28609200,824.6711105922923
28612800,750.1754807371387
28616400,656.1161312842762
28620000,548.903051458611
28623600,435.8426354722804
28627200,324.63976383377883
28630800,222.87272847346193
28634400,137.47678467349476
28638000,74.27152488008824
28641600,37.564283096702866
28645200,29.85659718928224
28648800,51.67373321483785
28652400,101.52888940767787
28656000,176.0245192629689
28659600,270.08386871585225
28663200,377.29694854133606
28666800,490.35736452766577
28670400,601.5602361661701
28674000,703.3272715264932
28677600,788.7232153266002
28681200,851.9284751198877
28684800,888.6357169032865
28688400,896.3434028107213
28692000,874.5262667851795
28695600,824.6711105922429
28699200,750.1754807370717
28702800,656.1161312841962
28706400,548.903051458717
28710000,435.8426354723882
28713600,324.63976383369413
28717200,222.87272847355194
28720800,137.47678467343565
28724400,74.27152488013627
28728000,37.564283096724296
28731600,29.856597189287868
28735200,51.673733214803406
28738800,101.52888940772726
28742400,176.02451926288785
28746000,270.08386871575544
28749600,377.29694854142366
28753200,490.3573645275579
28756800,601.5602361662548
28760400,703.3272715264031
28764000,788.7232153265286
28767600,851.9284751199275
28771200,888.6357169032651
28774800,896.3434028107156
28778400,874.5262667852139
28782000,824.6711105923026
28785600,750.1754807370046
28789200,656.1161312841161
28792800,548.9030514586293
28796400,435.84263547249606
28800000,324.63976383379656
28803600,222.87272847347754
28807200,137.47678467337659
28810800,74.27152488009654
28814400,37.56428309674561
28818000,29.856597189281047
28821600,51.673733214831884
28825200,101.52888940777672
28828800,176.02451926295487
28832400,270.0838687156587
28836000,377.29694854131776
28839600,490.35736452764706
28843200,601.5602361663393
28846800,703.3272715264775
28850400,788.7232153264572
28854000,851.9284751198795
28857600,888.6357169032827
28861200,896.3434028107099
28864800,874.5262667851855
28868400,824.6711105922532
28872000,750.1754807370858
28875600,656.116131284213
28879200,548.9030514585418
28882800,435.8426354724069
28886400,324.63976383371187
28890000,222.87272847356752
28893600,137.47678467344804
28897200,74.27152488005686
28900800,37.564283096727934
28904400,29.856597189286674
28908000,51.67373321479744
28911600,101.52888940771692
28915200,176.0245192630219
28918800,270.0838687157387
28922400,377.2969485414053
28926000,490.35736452753923
28929600,601.560236166237
28933200,703.3272715265518
28936800,788.7232153265163
28940400,851.9284751199192
28944000,888.6357169032615
28947600,896.3434028107167
28951200,874.5262667851568
28954800,824.671110592313
28958400,750.1754807370187
28962000,656.1161312843097
28965600,548.9030514586477
28969200,435.84263547231774
28972800,324.6397638338143
28976400,222.8727284734931
28980000,137.4767846735195
28983600,74.27152488010489
28987200,37.56428309671031
28990800,29.85659718927991
28994400,51.673733214825916
28998000,101.52888940765712
29001600,176.02451926294083
29005200,270.0838687158187
29008800,377.2969485412994
29012400,490.35736452762836
29016000,601.5602361661346
29019600,703.3272715264619
29023200,788.7232153265754
29026800,851.9284751199589
29030400,888.635716903279
29034000,896.3434028107235
29037600,874.5262667851914
29041200,824.6711105922636
29044800,750.1754807369516
29048400,656.1161312842297
29052000,548.9030514587537
29055600,435.84263547242557
29059200,324.6397638337296
29062800,222.8727284734187
29066400,137.47678467346037
29070000,74.27152488015292
29073600,37.56428309673163
29077200,29.85659718928548
29080800,51.673733214854394
29084400,101.52888940770657
29088000,176.02451926285977
29091600,270.0838687157219
29095200,377.296948541387
29098800,490.35736452771755
29102400,601.5602361662193
29106000,703.3272715265364
29109600,788.7232153265039
29113200,851.9284751199109
29116800,888.6357169032967
29120400,896.3434028107179
29124000,874.5262667851629
29127600,824.6711105923234
29131200,750.1754807370328
29134800,656.1161312841497
29138400,548.903051458666
29142000,435.84263547233644
29145600,324.63976383383203
29149200,222.87272847350872
29152800,137.47678467340137
29156400,74.27152488011319
29160000,37.56428309671401
29163600,29.856597189278716
29167200,51.67373321481995
29170800,101.52888940775603
29174400,176.0245192629268
29178000,270.08386871580194
29181600,377.29694854128104
29185200,490.3573645276097
29188800,601.5602361663039
29192400,703.3272715264463
29196000,788.7232153265629
29199600,851.9284751198628
29203200,888.6357169032754
29206800,896.3434028107124
29210400,874.5262667851973
29214000,824.6711105922739
29217600,750.1754807371137
29221200,656.1161312842464
29224800,548.9030514585785
29228400,435.8426354724443
29232000,324.63976383374734
29235600,222.8727284735987
29239200,137.47678467347276
29242800,74.27152488007346
29246400,37.56428309673538
29250000,29.856597189284344
29253600,51.67373321478544
29257200,101.52888940769623
29260800,176.0245192629938
29264400,270.083868715882
29268000,377.2969485413686
29271600,490.35736452750183
29275200,601.5602361662015
29278800,703.3272715265207
29282400,788.723215326622
29286000,851.9284751199025
29289600,888.635716903254
29293200,896.3434028107191
29296800,874.5262667851689
29300400,824.6711105922245
29304000,750.1754807370468
29307600,656.1161312843433
29311200,548.9030514586844
29314800,435.84263547235514
29318400,324.63976383366264
29322000,222.8727284735243
29325600,137.47678467354427
29329200,74.27152488012149
29332800,37.564283096717645
29336400,29.856597189289914
29340000,51.67373321481392
29343600,101.52888940774562
29347200,176.02451926291275
29350800,270.08386871578523
29354400,377.29694854145623
29358000,490.357364527591
29361600,601.5602361662861
29365200,703.3272715264308
29368800,788.7232153265506
29372400,851.9284751199423
29376000,888.6357169032717
29379600,896.3434028107135
29383200,874.5262667852032
29386800,824.6711105922843
29390400,750.1754807369798
29394000,656.1161312842632
29397600,548.9030514585968
29401200,435.842635472463
29404800,324.6397638337651
29408400,222.87272847344988
29412000,137.47678467348516
29415600,74.27152488008181
29419200,37.564283096739075
29422800,29.85659718928315
29426400,51.6737332148424
29430000,101.52888940768582
29433600,176.02451926297977
29437200,270.08386871568837
29440800,377.2969485413503
29444400,490.35736452768015
29448000,601.5602361661838
29451600,703.3272715265051
29455200,788.7232153264791
29458800,851.9284751198943
29462400,888.6357169032893
29466000,896.3434028107204
29469600,874.5262667851748
29473200,824.6711105923441
29476800,750.1754807370608
29480400,656.1161312841832
29484000,548.9030514587027
29487600,435.8426354723738
29491200,324.6397638338675
29494800,222.8727284735399
29498400,137.4767846734261
29502000,74.27152488004208
29505600,37.5642830967214
29509200,29.856597189276386
29512800,51.67373321480795
29516400,101.52888940773528
29520000,176.02451926304678
29523600,270.0838687157684
29527200,377.2969485412443
29530800,490.3573645275723
29534400,601.5602361662684
29538000,703.3272715265796
29541600,788.7232153265381
29545200,851.9284751198462
29548800,888.635716903268
29552400,896.3434028107147
29556000,874.5262667851464
29559600,824.6711105922947
29563200,750.1754807371419
29566800,656.1161312842801
29570400,548.9030514586152
29574000,435.84263547228466
29577600,324.6397638337828
29581200,222.8727284734655
29584800,137.47678467349755
29588400,74.27152488009011
29592000,37.56428309670372
29595600,29.856597189281956
29599200,51.67373321483649
29602800,101.52888940767548
29606400,176.02451926296573
29610000,270.08386871584844
29613600,377.2969485413319
29617200,490.3573645276615
29620800,601.5602361661661
29624400,703.3272715264895
29628000,788.7232153265973
29631600,851.9284751198859
29635200,888.6357169032856
29638800,896.3434028107215
29642400,874.5262667851807
29646000,824.6711105922452
29649600,750.1754807370748
29653200,656.1161312842
29656800,548.903051458721
29660400,435.8426354723925
29664000,324.6397638336981
29667600,222.87272847355547
29671200,137.4767846734385
29674800,74.2715248801382
29678400,37.56428309672509
29682000,29.856597189287584
29685600,51.673733214801985
29689200,101.52888940772493
29692800,176.02451926288467
29696400,270.0838687157517
29700000,377.2969485414195
29703600,490.35736452755367
29707200,601.5602361662507
29710800,703.3272715263995
29714400,788.7232153265259
29718000,851.9284751199257
29721600,888.6357169033033
29725200,896.3434028107158
29728800,874.5262667852153
29732400,824.671110592305
29736000,750.1754807370078
29739600,656.11613128412
29743200,548.9030514586335
29746800,435.8426354725003
29750400,324.63976383380054
29754000,222.87272847348106
29757600,137.47678467337937
29761200,74.27152488009841
29764800,37.564283096746465
29768400,29.85659718928082
29772000,51.67373321483052
29775600,101.52888940777439
29779200,176.02451926295169
29782800,270.08386871565483
29786400,377.29694854131355
29790000,490.3573645276428
29793600,601.5602361663354
29797200,703.327271526474
29800800,788.723215326585
29804400,851.9284751198776
29808000,888.635716903282
29811600,896.3434028107102
29815200,874.5262667851867
29818800,824.6711105922556
29822400,750.175480737089
29826000,656.1161312842167
29829600,548.903051458546
29833200,435.84263547241113
29836800,324.63976383371585
29840400,222.87272847357107
29844000,137.47678467345082
29847600,74.27152488005873
29851200,37.564283096728786
29854800,29.85659718928639
29858400,51.67373321479607
29862000,101.52888940771459
29865600,176.0245192630187
29869200,270.08386871573487
29872800,377.29694854140115
29876400,490.35736452753497
29880000,601.5602361662329
29883600,703.3272715265484
29887200,788.7232153265135
29890800,851.9284751199173
29894400,888.6357169032606
29898000,896.343402810717
29901600,874.5262667851582
29905200,824.6711105923154
29908800,750.1754807370219
29912400,656.1161312843135
29916000,548.9030514586518
29919600,435.842635472322
29923200,324.63976383381834
29926800,222.87272847349666
29930400,137.47678467352233
29934000,74.27152488010677
29937600,37.56428309671111
29941200,29.856597189279626
29944800,51.67373321482455
29948400,101.52888940765473
29952000,176.02451926293764
29955600,270.0838687158149
29959200,377.29694854148875
29962800,490.35736452762416
29966400,601.5602361661305
29970000,703.3272715264584
29973600,788.7232153265726
29977200,851.928475119957
29980800,888.6357169032783
29984400,896.3434028107238
29988000,874.5262667851928
29991600,824.6711105922659
29995200,750.1754807369549
29998800,656.1161312842335
30002400,548.9030514587578
30006000,435.84263547242983
30009600,324.63976383373364
30013200,222.87272847342226
30016800,137.47678467346321
30020400,74.2715248801548
30024000,37.56428309673254
30027600,29.856597189285253
30031200,51.67373321485303
30034800,101.52888940770418
30038400,176.02451926300466
30042000,270.0838687157181
30045600,377.2969485413828
30049200,490.3573645277133
30052800,601.5602361662152
30056400,703.3272715265327
30060000,788.7232153265011
30063600,851.928475119909
30067200,888.6357169032958
30070800,896.3434028107182
30074400,874.5262667851642
30078000,824.6711105923257
30081600,750.175480737036
30085200,656.1161312841535
30088800,548.9030514586702
30092400,435.84263547234065
30096000,324.63976383383607
30099600,222.87272847351224
30103200,137.47678467340415
30106800,74.27152488011512
30110400,37.5642830967148
30114000,29.856597189278432
30117600,51.67373321481858
30121200,101.52888940775364
30124800,176.0245192629236
30128400,270.08386871579813
30132000,377.29694854127683
30135600,490.35736452760545
30139200,601.5602361662999
30142800,703.3272715264428
30146400,788.7232153265602
30150000,851.9284751198609
30153600,888.6357169032744
30157200,896.3434028107126
30160800,874.5262667851987
30164400,824.6711105922762
30168000,750.1754807371169
30171600,656.1161312842503
30175200,548.9030514585827
30178800,435.84263547244853
30182400,324.6397638337514
30186000,222.87272847360228
30189600,137.4767846734756
30193200,74.27152488007533
30196800,37.56428309669718
30200400,29.85659718928406
30204000,51.673733214784136
30207600,101.52888940769384
30211200,176.02451926299062
30214800,270.08386871587817
30218400,377.29694854136443
30222000,490.3573645274976
30225600,601.5602361661975
30229200,703.3272715265172
30232800,788.7232153266193
30236400,851.9284751199007
30240000,888.6357169032532
30243600,896.3434028107195
30247200,874.5262667851703
30250800,824.6711105922268
30254400,750.17548073705
30258000,656.1161312843471
30261600,548.9030514586885
30265200,435.84263547235935
30268800,324.63976383366673
30272400,222.87272847352784
30276000,137.47678467341655
30279600,74.27152488012337
30283200,37.564283096718555
30286800,29.856597189289687
30290400,51.673733214812614
30294000,101.52888940774329
30297600,176.02451926290956
30301200,270.08386871578136
30304800,377.296948541452
30308400,490.35736452758675
30312000,601.5602361662822
30315600,703.3272715264272
30319200,788.7232153265478
30322800,851.9284751199403
30326400,888.6357169032708
30330000,896.3434028107138
30333600,874.5262667852047
30337200,824.6711105922866
30340800,750.175480736983
30344400,656.1161312842671
30348000,548.903051458601
30351600,435.8426354724672
30355200,324.6397638337691
30358800,222.87272847345344
30362400,137.476784673488
30366000,74.27152488008369
30369600,37.56428309673987
30373200,29.856597189282866
30376800,51.67373321484109
30380400,101.5288894076835
30384000,176.02451926297658
30387600,270.0838687156846
30391200,377.29694854134607
30394800,490.35736452767594
30398400,601.5602361661797
30402000,703.3272715265016
30405600,788.7232153264763
30409200,851.9284751198923
30412800,888.6357169032885
30416400,896.3434028107206
30420000,874.5262667851762
30423600,824.6711105923464
30427200,750.1754807370639
30430800,656.1161312841871
30434400,548.9030514585133
30438000,435.84263547237805
30441600,324.63976383387154
30445200,222.87272847354342
30448800,137.47678467342894
30452400,74.27152488004396
30456000,37.56428309672225
30459600,29.8565971892761
30463200,51.673733214806646
30466800,101.52888940773295
30470400,176.02451926304354
30474000,270.08386871576465
30477600,377.29694854124017
30481200,490.35736452756805
30484800,601.5602361662644
30488400,703.3272715265759
30492000,788.7232153265354
30495600,851.9284751198443
30499200,888.6357169032672
30502800,896.3434028107149
30506400,874.5262667851478
30510000,824.671110592297
30513600,750.1754807369971
30517200,656.1161312842838
30520800,548.9030514586193
30524400,435.84263547228886
30528000,324.63976383378684
30531600,222.872728473469
30535200,137.47678467350033
30538800,74.27152488009204
30542400,37.56428309670457
30546000,29.856597189281672
30549600,51.673733214835124
30553200,101.52888940767309
30556800,176.02451926296249
30560400,270.08386871584463
30564000,377.29694854132777
30567600,490.35736452765724
30571200,601.560236166162
30574800,703.327271526486
30578400,788.7232153265945
30582000,851.9284751198841
30585600,888.6357169032848
30589200,896.3434028107217
30592800,874.5262667851821
30596400,824.6711105922475
30600000,750.175480737078
30603600,656.1161312842038
30607200,548.9030514587253
30610800,435.84263547239675
30614400,324.6397638337022
30618000,222.87272847355905
30621600,137.47678467344133
30625200,74.27152488014008
30628800,37.56428309672589
30632400,29.8565971892873
30636000,51.67373321480062
30639600,101.52888940772255
30643200,176.02451926288148
30646800,270.0838687157478
30650400,377.2969485414153
30654000,490.3573645275494
30657600,601.5602361662467
30661200,703.327271526396
30664800,788.723215326523
30668400,851.9284751199237
30672000,888.6357169033024
30675600,896.3434028107162
30679200,874.5262667852166
30682800,824.6711105923073
30686400,750.175480737011
30690000,656.1161312841238
30693600,548.9030514586377
30697200,435.8426354725046
30700800,324.63976383380464
30704400,222.8727284734846
30708000,137.4767846733822
30711600,74.27152488010034
30715200,37.56428309674732
30718800,29.856597189280535
30722400,51.673733214829156
30726000,101.528889407772
30729600,176.0245192629485
30733200,270.0838687156511
30736800,377.2969485413094
30740400,490.35736452763854
30744000,601.5602361663314
30747600,703.3272715264704
30751200,788.7232153265821
30754800,851.9284751198757
30758400,888.635716903281
30762000,896.3434028107106
30765600,874.5262667851881
30769200,824.671110592258
30772800,750.1754807370921
30776400,656.1161312842206
30780000,548.9030514585501
30783600,435.8426354724154
30787200,324.63976383371994
30790800,222.8727284735746
30794400,137.47678467345366
30798000,74.27152488006061
30801600,37.56428309672964
30805200,29.856597189286106
30808800,51.67373321479465
30812400,101.5288894077122
30816000,176.02451926301552
30819600,270.0838687157311
30823200,377.296948541397
30826800,490.3573645275307
30830400,601.560236166229
30834000,703.3272715265448
30837600,788.7232153265106
30841200,851.9284751199154
30844800,888.6357169032597
30848400,896.3434028107173
30852000,874.5262667851596
30855600,824.6711105923177
30859200,750.175480737025
30862800,656.1161312843174
30866400,548.903051458656
30870000,435.84263547232626
30873600,324.63976383382237
30877200,222.8727284735002
30880800,137.47678467352512
30884400,74.27152488010864
30888000,37.56428309671196
30891600,29.85659718927934
30895200,51.67373321482319
30898800,101.52888940765246
30902400,176.02451926293446
30906000,270.0838687158111
30909600,377.29694854148454
30913200,490.3573645276199
30916800,601.5602361661265
30920400,703.3272715264549
30924000,788.7232153265697
30927600,851.9284751199552
30931200,888.6357169032774
30934800,896.3434028107241
30938400,874.5262667851941
30942000,824.6711105922683
30945600,750.1754807369581
30949200,656.1161312842373
30952800,548.903051458762
30956400,435.8426354724341
30960000,324.6397638337377
30963600,222.87272847342578
30967200,137.47678467346606
30970800,74.27152488015668
30974400,37.564283096733334
30978000,29.85659718928497
30981600,51.673733214851666
30985200,101.52888940770185
30988800,176.02451926300142
30992400,270.0838687157143
30996000,377.29694854137864
30999600,490.357364527709
31003200,601.5602361662112
31006800,703.3272715265292
31010400,788.7232153264982
31014000,851.928475119907
31017600,888.6357169032951
31021200,896.3434028107185
31024800,874.5262667851656
31028400,824.6711105923281
31032000,750.1754807370392
31035600,656.1161312841573
31039200,548.9030514586743
31042800,435.8426354723449
31046400,324.6397638338401
31050000,222.8727284735158
31053600,137.47678467340694
31057200,74.271524880117
31060800,37.56428309671571
31064400,29.856597189278148
31068000,51.67373321481722
31071600,101.52888940775131
31075200,176.02451926292036
31078800,270.0838687157943
31082400,377.2969485412727
31086000,490.3573645276012
31089600,601.5602361662959
31093200,703.3272715264393
31096800,788.7232153265574
31100400,851.9284751198591
31104000,888.6357169032738
31107600,896.3434028107129
31111200,874.5262667852
31114800,824.6711105922786
31118400,750.1754807371202
31122000,656.1161312842542
31125600,548.9030514585868
31129200,435.84263547245274
31132800,324.6397638337554
31136400,222.87272847360583
31140000,137.4767846734784
31143600,74.27152488007727
31147200,37.564283096698034
31150800,29.856597189283775
31154400,51.67373321478277
31158000,101.52888940769145
31161600,176.02451926298744
31165200,270.08386871587436
31168800,377.2969485413603
31172400,490.35736452749336
31176000,601.5602361661935
31179600,703.3272715265136
31183200,788.7232153266164
31186800,851.9284751198988
31190400,888.6357169032524
31194000,896.3434028107197
31197600,874.5262667851716
31201200,824.6711105922292
31204800,750.1754807370531
31208400,656.1161312843509
31212000,548.9030514586927
31215600,435.8426354723636
31219200,324.6397638336707
31222800,222.87272847353137
31226400,137.47678467341933
31230000,74.2715248801253
31233600,37.56428309671935
31237200,29.856597189289403
31240800,51.67373321481125
31244400,101.5288894077409
31248000,176.02451926290638
31251600,270.08386871577756
31255200,377.2969485414479
31258800,490.35736452758255
31262400,601.5602361662782
31266000,703.3272715264236
31269600,788.723215326545
31273200,851.9284751199384
31276800,888.63571690327
31280400,896.343402810714
31284000,874.5262667852061
31287600,824.671110592289
31291200,750.1754807369862
31294800,656.1161312842709
31298400,548.9030514586052
31302000,435.84263547247144
31305600,324.63976383377315
31309200,222.87272847345696
31312800,137.47678467349078
31316400,74.27152488008556
31320000,37.56428309674078
31323600,29.85659718928258
31327200,51.67373321483973
31330800,101.52888940768116
31334400,176.0245192629734
31338000,270.08386871568075
31341600,377.2969485413419
31345200,490.3573645276717
31348800,601.5602361661756
31352400,703.3272715264981
31356000,788.7232153264736
31359600,851.9284751198904
31363200,888.6357169032876
31366800,896.3434028107208
31370400,874.5262667851775
31374000,824.6711105923489
31377600,750.1754807370671
31381200,656.1161312841908
31384800,548.9030514585176
31388400,435.84263547238226
31392000,324.6397638338756
31395600,222.872728473547
31399200,137.47678467343172
31402800,74.27152488004583
31406400,37.564283096723045
31410000,29.856597189275874
31413600,51.67373321480528
31417200,101.52888940773056
31420800,176.02451926304042
31424400,270.0838687157608
31428000,377.296948541236
31431600,490.35736452756385
31435200,601.5602361662603
31438800,703.3272715265725
31442400,788.7232153265327
31446000,851.9284751199302
31449600,888.6357169032663
31453200,896.3434028107152
31456800,874.5262667851491
31460400,824.6711105922993
31464000,750.1754807370003
31467600,656.1161312842877
31471200,548.9030514586235
31474800,435.8426354722931
31478400,324.6397638337909
31482000,222.87272847347256
31485600,137.47678467350318
31489200,74.27152488009392
31492800,37.564283096705424
31496400,29.856597189281445
31500000,51.67373321483376
31503600,101.52888940767082
31507200,176.0245192629593
31510800,270.0838687158408
31514400,377.29694854132356
31518000,490.35736452765303
31521600,601.5602361661579
31525200,703.3272715264825
31528800,788.7232153265917
31532400,851.928475119882
