celula	algoritmo	seed	migracao	cenario	inicio	fim	parede_s	cpu_usuario_s	cpu_sistema_s	pico_memoria_kb	codigo_saida	tentativas	trabalhador_pid	sha256_binario
az-anticorr-alta	best_fit	52	none	configs/scenarios/fase1/geo9_azure_anticorr_alta.yaml	2026-08-07T13:37:52-03:00	2026-08-07T13:38:17-03:00	25.17	24.76	0.33	104352	0	1	488057	36bfe40eed33c8b8cb491894acd6f63c05c13e0d7a15a6e6f7b9401246d94c6d
az-anticorr-alta	best_fit	53	none	configs/scenarios/fase1/geo9_azure_anticorr_alta.yaml	2026-08-07T13:37:57-03:00	2026-08-07T13:38:21-03:00	23.94	23.53	0.32	107532	0	1	488181	36bfe40eed33c8b8cb491894acd6f63c05c13e0d7a15a6e6f7b9401246d94c6d
az-anticorr-alta	best_fit	54	none	configs/scenarios/fase1/geo9_azure_anticorr_alta.yaml	2026-08-07T13:37:58-03:00	2026-08-07T13:38:17-03:00	18.77	18.38	0.31	108604	0	1	488234	36bfe40eed33c8b8cb491894acd6f63c05c13e0d7a15a6e6f7b9401246d94c6d
az-anticorr-alta	best_fit	55	none	configs/scenarios/fase1/geo9_azure_anticorr_alta.yaml	2026-08-07T13:38:00-03:00	2026-08-07T13:38:17-03:00	16.74	16.46	0.26	107476	0	1	488278	36bfe40eed33c8b8cb491894acd6f63c05c13e0d7a15a6e6f7b9401246d94c6d
az-anticorr-alta	best_fit	56	none	configs/scenarios/fase1/geo9_azure_anticorr_alta.yaml	2026-08-07T13:38:08-03:00	2026-08-07T13:38:34-03:00	26.90	26.45	0.34	107884	0	1	488483	36bfe40eed33c8b8cb491894acd6f63c05c13e0d7a15a6e6f7b9401246d94c6d
az-anticorr-alta	best_fit	57	none	configs/scenarios/fase1/geo9_azure_anticorr_alta.yaml	2026-08-07T13:38:08-03:00	2026-08-07T13:38:28-03:00	20.45	20.04	0.35	107348	0	1	488496	36bfe40eed33c8b8cb491894acd6f63c05c13e0d7a15a6e6f7b9401246d94c6d
az-anticorr-alta	best_fit	58	none	configs/scenarios/fase1/geo9_azure_anticorr_alta.yaml	2026-08-07T13:38:10-03:00	2026-08-07T13:38:29-03:00	19.44	19.07	0.32	108332	0	1	488539	36bfe40eed33c8b8cb491894acd6f63c05c13e0d7a15a6e6f7b9401246d94c6d
az-anticorr-alta	best_fit	59	none	configs/scenarios/fase1/geo9_azure_anticorr_alta.yaml	2026-08-07T13:38:10-03:00	2026-08-07T13:38:26-03:00	15.94	15.54	0.31	107384	0	1	488552	36bfe40eed33c8b8cb491894acd6f63c05c13e0d7a15a6e6f7b9401246d94c6d
az-anticorr-alta	best_fit	60	none	configs/scenarios/fase1/geo9_azure_anticorr_alta.yaml	2026-08-07T13:38:17-03:00	2026-08-07T13:38:38-03:00	21.41	20.98	0.30	108748	0	1	488689	36bfe40eed33c8b8cb491894acd6f63c05c13e0d7a15a6e6f7b9401246d94c6d
az-anticorr-alta	best_fit	61	none	configs/scenarios/fase1/geo9_azure_anticorr_alta.yaml	2026-08-07T13:38:17-03:00	2026-08-07T13:38:39-03:00	22.53	22.08	0.32	106992	0	1	488705	36bfe40eed33c8b8cb491894acd6f63c05c13e0d7a15a6e6f7b9401246d94c6d
az-anticorr-alta	best_fit	62	none	configs/scenarios/fase1/geo9_azure_anticorr_alta.yaml	2026-08-07T13:38:17-03:00	2026-08-07T13:38:42-03:00	25.42	24.73	0.63	107564	0	1	488723	36bfe40eed33c8b8cb491894acd6f63c05c13e0d7a15a6e6f7b9401246d94c6d
az-anticorr-alta	best_fit	63	none	configs/scenarios/fase1/geo9_azure_anticorr_alta.yaml	2026-08-07T13:38:17-03:00	2026-08-07T13:38:40-03:00	23.04	22.61	0.31	107936	0	1	488736	36bfe40eed33c8b8cb491894acd6f63c05c13e0d7a15a6e6f7b9401246d94c6d
az-anticorr-alta	best_fit	64	none	configs/scenarios/fase1/geo9_azure_anticorr_alta.yaml	2026-08-07T13:38:17-03:00	2026-08-07T13:38:32-03:00	14.69	14.34	0.31	107132	0	1	488767	36bfe40eed33c8b8cb491894acd6f63c05c13e0d7a15a6e6f7b9401246d94c6d
az-anticorr-alta	best_fit	65	none	configs/scenarios/fase1/geo9_azure_anticorr_alta.yaml	2026-08-07T13:38:21-03:00	2026-08-07T13:38:45-03:00	24.11	23.63	0.33	108092	0	1	488831	36bfe40eed33c8b8cb491894acd6f63c05c13e0d7a15a6e6f7b9401246d94c6d
az-anticorr-alta	best_fit	66	none	configs/scenarios/fase1/geo9_azure_anticorr_alta.yaml	2026-08-07T13:38:26-03:00	2026-08-07T13:38:44-03:00	17.60	17.27	0.31	107248	0	1	488967	36bfe40eed33c8b8cb491894acd6f63c05c13e0d7a15a6e6f7b9401246d94c6d
az-anticorr-alta	best_fit	67	none	configs/scenarios/fase1/geo9_azure_anticorr_alta.yaml	2026-08-07T13:38:28-03:00	2026-08-07T13:38:46-03:00	17.48	17.15	0.31	107080	0	1	489038	36bfe40eed33c8b8cb491894acd6f63c05c13e0d7a15a6e6f7b9401246d94c6d
az-anticorr-alta	best_fit	68	none	configs/scenarios/fase1/geo9_azure_anticorr_alta.yaml	2026-08-07T13:38:29-03:00	2026-08-07T13:38:51-03:00	21.04	20.59	0.33	106860	0	1	489061	36bfe40eed33c8b8cb491894acd6f63c05c13e0d7a15a6e6f7b9401246d94c6d
az-anticorr-alta	best_fit	69	none	configs/scenarios/fase1/geo9_azure_anticorr_alta.yaml	2026-08-07T13:38:32-03:00	2026-08-07T13:39:00-03:00	27.71	27.28	0.34	108080	0	1	489146	36bfe40eed33c8b8cb491894acd6f63c05c13e0d7a15a6e6f7b9401246d94c6d
az-anticorr-alta	best_fit	70	none	configs/scenarios/fase1/geo9_azure_anticorr_alta.yaml	2026-08-07T13:38:34-03:00	2026-08-07T13:38:56-03:00	21.45	21.05	0.33	108452	0	1	489213	36bfe40eed33c8b8cb491894acd6f63c05c13e0d7a15a6e6f7b9401246d94c6d
az-anticorr-alta	best_fit	71	none	configs/scenarios/fase1/geo9_azure_anticorr_alta.yaml	2026-08-07T13:38:38-03:00	2026-08-07T13:38:59-03:00	20.62	20.19	0.32	108292	0	1	489313	36bfe40eed33c8b8cb491894acd6f63c05c13e0d7a15a6e6f7b9401246d94c6d
az-anticorr-alta	bfd	52	none	configs/scenarios/fase1/geo9_azure_anticorr_alta.yaml	2026-08-07T13:40:40-03:00	2026-08-07T13:41:02-03:00	22.56	22.08	0.35	104088	0	1	492650	36bfe40eed33c8b8cb491894acd6f63c05c13e0d7a15a6e6f7b9401246d94c6d
az-anticorr-alta	bfd	53	none	configs/scenarios/fase1/geo9_azure_anticorr_alta.yaml	2026-08-07T13:40:40-03:00	2026-08-07T13:40:56-03:00	15.80	15.44	0.33	106336	0	1	492674	36bfe40eed33c8b8cb491894acd6f63c05c13e0d7a15a6e6f7b9401246d94c6d
az-anticorr-alta	bfd	54	none	configs/scenarios/fase1/geo9_azure_anticorr_alta.yaml	2026-08-07T13:40:43-03:00	2026-08-07T13:41:09-03:00	25.69	25.26	0.37	107816	0	1	492738	36bfe40eed33c8b8cb491894acd6f63c05c13e0d7a15a6e6f7b9401246d94c6d
az-anticorr-alta	bfd	55	none	configs/scenarios/fase1/geo9_azure_anticorr_alta.yaml	2026-08-07T13:40:44-03:00	2026-08-07T13:40:59-03:00	15.03	14.58	0.31	105772	0	1	492764	36bfe40eed33c8b8cb491894acd6f63c05c13e0d7a15a6e6f7b9401246d94c6d
az-anticorr-alta	bfd	56	none	configs/scenarios/fase1/geo9_azure_anticorr_alta.yaml	2026-08-07T13:40:46-03:00	2026-08-07T13:41:07-03:00	20.61	20.17	0.35	151964	0	1	492841	36bfe40eed33c8b8cb491894acd6f63c05c13e0d7a15a6e6f7b9401246d94c6d
az-anticorr-alta	bfd	57	none	configs/scenarios/fase1/geo9_azure_anticorr_alta.yaml	2026-08-07T13:40:47-03:00	2026-08-07T13:41:04-03:00	16.90	16.58	0.29	106196	0	1	492869	36bfe40eed33c8b8cb491894acd6f63c05c13e0d7a15a6e6f7b9401246d94c6d
az-anticorr-alta	bfd	58	none	configs/scenarios/fase1/geo9_azure_anticorr_alta.yaml	2026-08-07T13:40:48-03:00	2026-08-07T13:41:11-03:00	23.10	22.68	0.37	107180	0	1	492892	36bfe40eed33c8b8cb491894acd6f63c05c13e0d7a15a6e6f7b9401246d94c6d
az-anticorr-alta	bfd	59	none	configs/scenarios/fase1/geo9_azure_anticorr_alta.yaml	2026-08-07T13:40:49-03:00	2026-08-07T13:41:13-03:00	24.10	23.70	0.33	105484	0	1	492936	36bfe40eed33c8b8cb491894acd6f63c05c13e0d7a15a6e6f7b9401246d94c6d
az-anticorr-alta	bfd	60	none	configs/scenarios/fase1/geo9_azure_anticorr_alta.yaml	2026-08-07T13:40:51-03:00	2026-08-07T13:41:16-03:00	24.69	24.22	0.34	106064	0	1	492997	36bfe40eed33c8b8cb491894acd6f63c05c13e0d7a15a6e6f7b9401246d94c6d
az-anticorr-alta	bfd	61	none	configs/scenarios/fase1/geo9_azure_anticorr_alta.yaml	2026-08-07T13:40:56-03:00	2026-08-07T13:41:24-03:00	27.63	27.29	0.31	105944	0	1	493098	36bfe40eed33c8b8cb491894acd6f63c05c13e0d7a15a6e6f7b9401246d94c6d
az-anticorr-alta	bfd	62	none	configs/scenarios/fase1/geo9_azure_anticorr_alta.yaml	2026-08-07T13:40:59-03:00	2026-08-07T13:41:15-03:00	15.68	15.34	0.31	106316	0	1	493171	36bfe40eed33c8b8cb491894acd6f63c05c13e0d7a15a6e6f7b9401246d94c6d
az-anticorr-alta	bfd	63	none	configs/scenarios/fase1/geo9_azure_anticorr_alta.yaml	2026-08-07T13:41:00-03:00	2026-08-07T13:41:25-03:00	25.79	25.33	0.39	106752	0	1	493194	36bfe40eed33c8b8cb491894acd6f63c05c13e0d7a15a6e6f7b9401246d94c6d
az-anticorr-alta	bfd	64	none	configs/scenarios/fase1/geo9_azure_anticorr_alta.yaml	2026-08-07T13:41:02-03:00	2026-08-07T13:41:21-03:00	19.44	19.06	0.33	105136	0	1	493267	36bfe40eed33c8b8cb491894acd6f63c05c13e0d7a15a6e6f7b9401246d94c6d
az-anticorr-alta	bfd	65	none	configs/scenarios/fase1/geo9_azure_anticorr_alta.yaml	2026-08-07T13:41:02-03:00	2026-08-07T13:41:21-03:00	18.38	17.99	0.30	106348	0	1	493280	36bfe40eed33c8b8cb491894acd6f63c05c13e0d7a15a6e6f7b9401246d94c6d
az-anticorr-alta	bfd	66	none	configs/scenarios/fase1/geo9_azure_anticorr_alta.yaml	2026-08-07T13:41:04-03:00	2026-08-07T13:41:26-03:00	21.91	21.51	0.34	105192	0	1	493332	36bfe40eed33c8b8cb491894acd6f63c05c13e0d7a15a6e6f7b9401246d94c6d
az-anticorr-alta	bfd	67	none	configs/scenarios/fase1/geo9_azure_anticorr_alta.yaml	2026-08-07T13:41:07-03:00	2026-08-07T13:41:33-03:00	25.39	24.89	0.35	106476	0	1	493428	36bfe40eed33c8b8cb491894acd6f63c05c13e0d7a15a6e6f7b9401246d94c6d
az-anticorr-alta	bfd	68	none	configs/scenarios/fase1/geo9_azure_anticorr_alta.yaml	2026-08-07T13:41:08-03:00	2026-08-07T13:41:23-03:00	15.28	14.82	0.42	106272	0	1	493451	36bfe40eed33c8b8cb491894acd6f63c05c13e0d7a15a6e6f7b9401246d94c6d
az-anticorr-alta	bfd	69	none	configs/scenarios/fase1/geo9_azure_anticorr_alta.yaml	2026-08-07T13:41:09-03:00	2026-08-07T13:41:33-03:00	24.01	23.61	0.35	106744	0	1	493464	36bfe40eed33c8b8cb491894acd6f63c05c13e0d7a15a6e6f7b9401246d94c6d
az-anticorr-alta	bfd	70	none	configs/scenarios/fase1/geo9_azure_anticorr_alta.yaml	2026-08-07T13:41:11-03:00	2026-08-07T13:41:29-03:00	17.73	17.32	0.30	106384	0	1	493549	36bfe40eed33c8b8cb491894acd6f63c05c13e0d7a15a6e6f7b9401246d94c6d
az-anticorr-alta	bfd	71	none	configs/scenarios/fase1/geo9_azure_anticorr_alta.yaml	2026-08-07T13:41:13-03:00	2026-08-07T13:41:30-03:00	16.53	16.08	0.31	107372	0	1	493598	36bfe40eed33c8b8cb491894acd6f63c05c13e0d7a15a6e6f7b9401246d94c6d
az-anticorr-alta	cnemesis	52	cnemesis	configs/scenarios/fase1/geo9_azure_anticorr_alta.yaml	2026-08-07T13:53:09-03:00	2026-08-07T14:08:48-03:00	938.29	933.93	0.64	118056	0	1	509317	36bfe40eed33c8b8cb491894acd6f63c05c13e0d7a15a6e6f7b9401246d94c6d
az-anticorr-alta	cnemesis	53	cnemesis	configs/scenarios/fase1/geo9_azure_anticorr_alta.yaml	2026-08-07T13:53:18-03:00	2026-08-07T14:18:35-03:00	1516.63	1507.86	1.96	118792	0	1	509483	36bfe40eed33c8b8cb491894acd6f63c05c13e0d7a15a6e6f7b9401246d94c6d
az-anticorr-alta	cnemesis	54	cnemesis	configs/scenarios/fase1/geo9_azure_anticorr_alta.yaml	2026-08-07T13:53:31-03:00	2026-08-07T14:07:58-03:00	866.31	861.46	1.04	118912	0	1	509777	36bfe40eed33c8b8cb491894acd6f63c05c13e0d7a15a6e6f7b9401246d94c6d
az-anticorr-alta	cnemesis	55	cnemesis	configs/scenarios/fase1/geo9_azure_anticorr_alta.yaml	2026-08-07T13:55:35-03:00	2026-08-07T14:20:42-03:00	1507.03	1500.14	1.02	118604	0	1	512353	36bfe40eed33c8b8cb491894acd6f63c05c13e0d7a15a6e6f7b9401246d94c6d
az-anticorr-alta	cnemesis	56	cnemesis	configs/scenarios/fase1/geo9_azure_anticorr_alta.yaml	2026-08-07T13:55:37-03:00	2026-08-07T14:12:17-03:00	999.88	994.95	1.02	116472	0	1	512427	36bfe40eed33c8b8cb491894acd6f63c05c13e0d7a15a6e6f7b9401246d94c6d
az-anticorr-alta	cnemesis	57	cnemesis	configs/scenarios/fase1/geo9_azure_anticorr_alta.yaml	2026-08-07T13:55:49-03:00	2026-08-07T14:11:52-03:00	962.68	957.36	0.99	118608	0	1	512680	36bfe40eed33c8b8cb491894acd6f63c05c13e0d7a15a6e6f7b9401246d94c6d
az-anticorr-alta	cnemesis	58	cnemesis	configs/scenarios/fase1/geo9_azure_anticorr_alta.yaml	2026-08-07T13:56:25-03:00	2026-08-07T14:13:43-03:00	1037.74	1031.45	1.46	115724	0	1	513438	36bfe40eed33c8b8cb491894acd6f63c05c13e0d7a15a6e6f7b9401246d94c6d
az-anticorr-alta	cnemesis	59	cnemesis	configs/scenarios/fase1/geo9_azure_anticorr_alta.yaml	2026-08-07T13:56:45-03:00	2026-08-07T14:15:49-03:00	1144.43	1137.53	0.82	118608	0	1	513849	36bfe40eed33c8b8cb491894acd6f63c05c13e0d7a15a6e6f7b9401246d94c6d
az-anticorr-alta	cnemesis	60	cnemesis	configs/scenarios/fase1/geo9_azure_anticorr_alta.yaml	2026-08-07T13:57:36-03:00	2026-08-07T14:20:02-03:00	1345.70	1339.33	0.91	119260	0	1	514924	36bfe40eed33c8b8cb491894acd6f63c05c13e0d7a15a6e6f7b9401246d94c6d
az-anticorr-alta	cnemesis	61	cnemesis	configs/scenarios/fase1/geo9_azure_anticorr_alta.yaml	2026-08-07T13:58:13-03:00	2026-08-07T14:20:26-03:00	1333.07	1327.02	1.18	115728	0	1	515721	36bfe40eed33c8b8cb491894acd6f63c05c13e0d7a15a6e6f7b9401246d94c6d
az-anticorr-alta	cnemesis	62	cnemesis	configs/scenarios/fase1/geo9_azure_anticorr_alta.yaml	2026-08-07T13:59:08-03:00	2026-08-07T14:21:19-03:00	1330.97	1323.82	1.86	118260	0	1	516872	36bfe40eed33c8b8cb491894acd6f63c05c13e0d7a15a6e6f7b9401246d94c6d
az-anticorr-alta	cnemesis	63	cnemesis	configs/scenarios/fase1/geo9_azure_anticorr_alta.yaml	2026-08-07T13:59:37-03:00	2026-08-07T14:17:46-03:00	1088.74	1082.36	1.26	118736	0	1	517492	36bfe40eed33c8b8cb491894acd6f63c05c13e0d7a15a6e6f7b9401246d94c6d
az-anticorr-alta	cnemesis	64	cnemesis	configs/scenarios/fase1/geo9_azure_anticorr_alta.yaml	2026-08-07T13:59:44-03:00	2026-08-07T14:17:23-03:00	1059.17	1053.21	1.03	118308	0	1	517656	36bfe40eed33c8b8cb491894acd6f63c05c13e0d7a15a6e6f7b9401246d94c6d
az-anticorr-alta	cnemesis	65	cnemesis	configs/scenarios/fase1/geo9_azure_anticorr_alta.yaml	2026-08-07T13:59:58-03:00	2026-08-07T14:18:16-03:00	1097.92	1092.71	0.98	118976	0	1	517966	36bfe40eed33c8b8cb491894acd6f63c05c13e0d7a15a6e6f7b9401246d94c6d
az-anticorr-alta	cnemesis	66	cnemesis	configs/scenarios/fase1/geo9_azure_anticorr_alta.yaml	2026-08-07T14:07:58-03:00	2026-08-07T14:26:18-03:00	1100.66	1095.82	0.68	115744	0	1	535163	36bfe40eed33c8b8cb491894acd6f63c05c13e0d7a15a6e6f7b9401246d94c6d
az-anticorr-alta	cnemesis	67	cnemesis	configs/scenarios/fase1/geo9_azure_anticorr_alta.yaml	2026-08-07T14:08:48-03:00	2026-08-07T14:34:46-03:00	1558.56	1552.12	1.48	115924	0	1	536317	36bfe40eed33c8b8cb491894acd6f63c05c13e0d7a15a6e6f7b9401246d94c6d
az-anticorr-alta	cnemesis	68	cnemesis	configs/scenarios/fase1/geo9_azure_anticorr_alta.yaml	2026-08-07T14:11:52-03:00	2026-08-07T14:32:08-03:00	1215.58	1211.40	0.53	116168	0	1	540602	36bfe40eed33c8b8cb491894acd6f63c05c13e0d7a15a6e6f7b9401246d94c6d
az-anticorr-alta	cnemesis	69	cnemesis	configs/scenarios/fase1/geo9_azure_anticorr_alta.yaml	2026-08-07T14:12:17-03:00	2026-08-07T14:36:57-03:00	1480.24	1474.81	1.45	119088	0	1	541221	36bfe40eed33c8b8cb491894acd6f63c05c13e0d7a15a6e6f7b9401246d94c6d
az-anticorr-alta	cnemesis	70	cnemesis	configs/scenarios/fase1/geo9_azure_anticorr_alta.yaml	2026-08-07T14:13:43-03:00	2026-08-07T14:39:40-03:00	1556.98	1550.25	2.64	118472	0	1	543100	36bfe40eed33c8b8cb491894acd6f63c05c13e0d7a15a6e6f7b9401246d94c6d
az-anticorr-alta	cnemesis	71	cnemesis	configs/scenarios/fase1/geo9_azure_anticorr_alta.yaml	2026-08-07T14:15:49-03:00	2026-08-07T14:40:06-03:00	1456.60	1451.49	1.03	116308	0	1	545848	36bfe40eed33c8b8cb491894acd6f63c05c13e0d7a15a6e6f7b9401246d94c6d
az-anticorr-alta	ffd	52	none	configs/scenarios/fase1/geo9_azure_anticorr_alta.yaml	2026-08-07T13:39:59-03:00	2026-08-07T13:40:24-03:00	25.20	24.54	0.33	107112	0	1	491497	36bfe40eed33c8b8cb491894acd6f63c05c13e0d7a15a6e6f7b9401246d94c6d
az-anticorr-alta	ffd	53	none	configs/scenarios/fase1/geo9_azure_anticorr_alta.yaml	2026-08-07T13:40:04-03:00	2026-08-07T13:40:28-03:00	23.96	23.55	0.31	109644	0	1	491634	36bfe40eed33c8b8cb491894acd6f63c05c13e0d7a15a6e6f7b9401246d94c6d
az-anticorr-alta	ffd	54	none	configs/scenarios/fase1/geo9_azure_anticorr_alta.yaml	2026-08-07T13:40:05-03:00	2026-08-07T13:40:24-03:00	19.90	19.51	0.34	110144	0	1	491647	36bfe40eed33c8b8cb491894acd6f63c05c13e0d7a15a6e6f7b9401246d94c6d
az-anticorr-alta	ffd	55	none	configs/scenarios/fase1/geo9_azure_anticorr_alta.yaml	2026-08-07T13:40:09-03:00	2026-08-07T13:40:35-03:00	25.91	25.42	0.39	108640	0	1	491763	36bfe40eed33c8b8cb491894acd6f63c05c13e0d7a15a6e6f7b9401246d94c6d
az-anticorr-alta	ffd	56	none	configs/scenarios/fase1/geo9_azure_anticorr_alta.yaml	2026-08-07T13:40:14-03:00	2026-08-07T13:40:28-03:00	13.68	13.35	0.30	109808	0	1	491934	36bfe40eed33c8b8cb491894acd6f63c05c13e0d7a15a6e6f7b9401246d94c6d
az-anticorr-alta	ffd	57	none	configs/scenarios/fase1/geo9_azure_anticorr_alta.yaml	2026-08-07T13:40:14-03:00	2026-08-07T13:40:33-03:00	18.26	17.83	0.34	109684	0	1	491935	36bfe40eed33c8b8cb491894acd6f63c05c13e0d7a15a6e6f7b9401246d94c6d
az-anticorr-alta	ffd	58	none	configs/scenarios/fase1/geo9_azure_anticorr_alta.yaml	2026-08-07T13:40:17-03:00	2026-08-07T13:40:39-03:00	22.06	21.67	0.33	110740	0	1	491983	36bfe40eed33c8b8cb491894acd6f63c05c13e0d7a15a6e6f7b9401246d94c6d
az-anticorr-alta	ffd	59	none	configs/scenarios/fase1/geo9_azure_anticorr_alta.yaml	2026-08-07T13:40:17-03:00	2026-08-07T13:40:40-03:00	22.85	22.29	0.48	109532	0	1	492001	36bfe40eed33c8b8cb491894acd6f63c05c13e0d7a15a6e6f7b9401246d94c6d
az-anticorr-alta	ffd	60	none	configs/scenarios/fase1/geo9_azure_anticorr_alta.yaml	2026-08-07T13:40:19-03:00	2026-08-07T13:40:44-03:00	25.45	25.05	0.35	108788	0	1	492045	36bfe40eed33c8b8cb491894acd6f63c05c13e0d7a15a6e6f7b9401246d94c6d
az-anticorr-alta	ffd	61	none	configs/scenarios/fase1/geo9_azure_anticorr_alta.yaml	2026-08-07T13:40:19-03:00	2026-08-07T13:40:40-03:00	20.08	19.71	0.32	108624	0	1	492085	36bfe40eed33c8b8cb491894acd6f63c05c13e0d7a15a6e6f7b9401246d94c6d
az-anticorr-alta	ffd	62	none	configs/scenarios/fase1/geo9_azure_anticorr_alta.yaml	2026-08-07T13:40:20-03:00	2026-08-07T13:40:43-03:00	23.07	22.72	0.33	109360	0	1	492098	36bfe40eed33c8b8cb491894acd6f63c05c13e0d7a15a6e6f7b9401246d94c6d
az-anticorr-alta	ffd	63	none	configs/scenarios/fase1/geo9_azure_anticorr_alta.yaml	2026-08-07T13:40:24-03:00	2026-08-07T13:40:39-03:00	15.05	14.66	0.33	109988	0	1	492210	36bfe40eed33c8b8cb491894acd6f63c05c13e0d7a15a6e6f7b9401246d94c6d
az-anticorr-alta	ffd	64	none	configs/scenarios/fase1/geo9_azure_anticorr_alta.yaml	2026-08-07T13:40:24-03:00	2026-08-07T13:40:46-03:00	22.22	21.77	0.32	109752	0	1	492224	36bfe40eed33c8b8cb491894acd6f63c05c13e0d7a15a6e6f7b9401246d94c6d
az-anticorr-alta	ffd	65	none	configs/scenarios/fase1/geo9_azure_anticorr_alta.yaml	2026-08-07T13:40:24-03:00	2026-08-07T13:40:49-03:00	24.69	24.31	0.33	109924	0	1	492243	36bfe40eed33c8b8cb491894acd6f63c05c13e0d7a15a6e6f7b9401246d94c6d
az-anticorr-alta	ffd	66	none	configs/scenarios/fase1/geo9_azure_anticorr_alta.yaml	2026-08-07T13:40:28-03:00	2026-08-07T13:40:48-03:00	20.11	19.75	0.31	109568	0	1	492312	36bfe40eed33c8b8cb491894acd6f63c05c13e0d7a15a6e6f7b9401246d94c6d
az-anticorr-alta	ffd	67	none	configs/scenarios/fase1/geo9_azure_anticorr_alta.yaml	2026-08-07T13:40:28-03:00	2026-08-07T13:40:47-03:00	18.51	18.16	0.30	108356	0	1	492336	36bfe40eed33c8b8cb491894acd6f63c05c13e0d7a15a6e6f7b9401246d94c6d
az-anticorr-alta	ffd	68	none	configs/scenarios/fase1/geo9_azure_anticorr_alta.yaml	2026-08-07T13:40:33-03:00	2026-08-07T13:40:51-03:00	18.52	18.03	0.30	105792	0	1	492447	36bfe40eed33c8b8cb491894acd6f63c05c13e0d7a15a6e6f7b9401246d94c6d
az-anticorr-alta	ffd	69	none	configs/scenarios/fase1/geo9_azure_anticorr_alta.yaml	2026-08-07T13:40:35-03:00	2026-08-07T13:41:00-03:00	24.33	23.94	0.35	110572	0	1	492526	36bfe40eed33c8b8cb491894acd6f63c05c13e0d7a15a6e6f7b9401246d94c6d
az-anticorr-alta	ffd	70	none	configs/scenarios/fase1/geo9_azure_anticorr_alta.yaml	2026-08-07T13:40:39-03:00	2026-08-07T13:41:02-03:00	23.15	22.66	0.36	109268	0	1	492595	36bfe40eed33c8b8cb491894acd6f63c05c13e0d7a15a6e6f7b9401246d94c6d
az-anticorr-alta	ffd	71	none	configs/scenarios/fase1/geo9_azure_anticorr_alta.yaml	2026-08-07T13:40:39-03:00	2026-08-07T13:41:08-03:00	28.59	28.18	0.35	109664	0	1	492618	36bfe40eed33c8b8cb491894acd6f63c05c13e0d7a15a6e6f7b9401246d94c6d
az-anticorr-alta	first_fit	52	none	configs/scenarios/fase1/geo9_azure_anticorr_alta.yaml	2026-08-07T13:37:21-03:00	2026-08-07T13:37:43-03:00	21.96	21.56	0.32	111272	0	1	487155	36bfe40eed33c8b8cb491894acd6f63c05c13e0d7a15a6e6f7b9401246d94c6d
az-anticorr-alta	first_fit	53	none	configs/scenarios/fase1/geo9_azure_anticorr_alta.yaml	2026-08-07T13:37:21-03:00	2026-08-07T13:37:36-03:00	15.28	14.82	0.27	110952	0	1	487168	36bfe40eed33c8b8cb491894acd6f63c05c13e0d7a15a6e6f7b9401246d94c6d
az-anticorr-alta	first_fit	54	none	configs/scenarios/fase1/geo9_azure_anticorr_alta.yaml	2026-08-07T13:37:21-03:00	2026-08-07T13:37:50-03:00	29.14	28.64	0.33	110784	0	1	487181	36bfe40eed33c8b8cb491894acd6f63c05c13e0d7a15a6e6f7b9401246d94c6d
az-anticorr-alta	first_fit	55	none	configs/scenarios/fase1/geo9_azure_anticorr_alta.yaml	2026-08-07T13:37:21-03:00	2026-08-07T13:37:41-03:00	20.04	19.63	0.31	109952	0	1	487194	36bfe40eed33c8b8cb491894acd6f63c05c13e0d7a15a6e6f7b9401246d94c6d
az-anticorr-alta	first_fit	56	none	configs/scenarios/fase1/geo9_azure_anticorr_alta.yaml	2026-08-07T13:37:21-03:00	2026-08-07T13:37:41-03:00	19.54	19.20	0.31	107468	0	1	487207	36bfe40eed33c8b8cb491894acd6f63c05c13e0d7a15a6e6f7b9401246d94c6d
az-anticorr-alta	first_fit	57	none	configs/scenarios/fase1/geo9_azure_anticorr_alta.yaml	2026-08-07T13:37:21-03:00	2026-08-07T13:37:41-03:00	19.74	19.34	0.33	110040	0	1	487220	36bfe40eed33c8b8cb491894acd6f63c05c13e0d7a15a6e6f7b9401246d94c6d
az-anticorr-alta	first_fit	58	none	configs/scenarios/fase1/geo9_azure_anticorr_alta.yaml	2026-08-07T13:37:21-03:00	2026-08-07T13:37:51-03:00	29.62	28.87	0.68	110820	0	1	487244	36bfe40eed33c8b8cb491894acd6f63c05c13e0d7a15a6e6f7b9401246d94c6d
az-anticorr-alta	first_fit	59	none	configs/scenarios/fase1/geo9_azure_anticorr_alta.yaml	2026-08-07T13:37:22-03:00	2026-08-07T13:37:47-03:00	25.03	24.52	0.32	106648	0	1	487257	36bfe40eed33c8b8cb491894acd6f63c05c13e0d7a15a6e6f7b9401246d94c6d
az-anticorr-alta	first_fit	60	none	configs/scenarios/fase1/geo9_azure_anticorr_alta.yaml	2026-08-07T13:37:22-03:00	2026-08-07T13:37:49-03:00	26.56	26.14	0.31	111240	0	1	487290	36bfe40eed33c8b8cb491894acd6f63c05c13e0d7a15a6e6f7b9401246d94c6d
az-anticorr-alta	first_fit	61	none	configs/scenarios/fase1/geo9_azure_anticorr_alta.yaml	2026-08-07T13:37:22-03:00	2026-08-07T13:37:44-03:00	22.27	21.82	0.32	110388	0	1	487313	36bfe40eed33c8b8cb491894acd6f63c05c13e0d7a15a6e6f7b9401246d94c6d
az-anticorr-alta	first_fit	62	none	configs/scenarios/fase1/geo9_azure_anticorr_alta.yaml	2026-08-07T13:37:36-03:00	2026-08-07T13:37:57-03:00	20.18	19.84	0.30	111152	0	1	487619	36bfe40eed33c8b8cb491894acd6f63c05c13e0d7a15a6e6f7b9401246d94c6d
az-anticorr-alta	first_fit	63	none	configs/scenarios/fase1/geo9_azure_anticorr_alta.yaml	2026-08-07T13:37:41-03:00	2026-08-07T13:38:08-03:00	26.76	26.31	0.33	110920	0	1	487732	36bfe40eed33c8b8cb491894acd6f63c05c13e0d7a15a6e6f7b9401246d94c6d
az-anticorr-alta	first_fit	64	none	configs/scenarios/fase1/geo9_azure_anticorr_alta.yaml	2026-08-07T13:37:41-03:00	2026-08-07T13:37:52-03:00	10.84	10.55	0.28	110176	0	1	487745	36bfe40eed33c8b8cb491894acd6f63c05c13e0d7a15a6e6f7b9401246d94c6d
az-anticorr-alta	first_fit	65	none	configs/scenarios/fase1/geo9_azure_anticorr_alta.yaml	2026-08-07T13:37:41-03:00	2026-08-07T13:37:58-03:00	16.72	16.40	0.31	110968	0	1	487758	36bfe40eed33c8b8cb491894acd6f63c05c13e0d7a15a6e6f7b9401246d94c6d
az-anticorr-alta	first_fit	66	none	configs/scenarios/fase1/geo9_azure_anticorr_alta.yaml	2026-08-07T13:37:43-03:00	2026-08-07T13:38:08-03:00	25.30	24.94	0.32	110828	0	1	487810	36bfe40eed33c8b8cb491894acd6f63c05c13e0d7a15a6e6f7b9401246d94c6d
az-anticorr-alta	first_fit	67	none	configs/scenarios/fase1/geo9_azure_anticorr_alta.yaml	2026-08-07T13:37:44-03:00	2026-08-07T13:38:00-03:00	15.62	15.29	0.30	111124	0	1	487853	36bfe40eed33c8b8cb491894acd6f63c05c13e0d7a15a6e6f7b9401246d94c6d
az-anticorr-alta	first_fit	68	none	configs/scenarios/fase1/geo9_azure_anticorr_alta.yaml	2026-08-07T13:37:47-03:00	2026-08-07T13:38:10-03:00	23.67	23.29	0.34	110276	0	1	487904	36bfe40eed33c8b8cb491894acd6f63c05c13e0d7a15a6e6f7b9401246d94c6d
az-anticorr-alta	first_fit	69	none	configs/scenarios/fase1/geo9_azure_anticorr_alta.yaml	2026-08-07T13:37:49-03:00	2026-08-07T13:38:10-03:00	21.41	21.01	0.31	110960	0	1	487957	36bfe40eed33c8b8cb491894acd6f63c05c13e0d7a15a6e6f7b9401246d94c6d
az-anticorr-alta	first_fit	70	none	configs/scenarios/fase1/geo9_azure_anticorr_alta.yaml	2026-08-07T13:37:50-03:00	2026-08-07T13:38:17-03:00	26.66	26.16	0.34	111232	0	1	488002	36bfe40eed33c8b8cb491894acd6f63c05c13e0d7a15a6e6f7b9401246d94c6d
az-anticorr-alta	first_fit	71	none	configs/scenarios/fase1/geo9_azure_anticorr_alta.yaml	2026-08-07T13:37:51-03:00	2026-08-07T13:38:17-03:00	26.40	26.01	0.34	110820	0	1	488036	36bfe40eed33c8b8cb491894acd6f63c05c13e0d7a15a6e6f7b9401246d94c6d
az-anticorr-alta	follow_renewables	52	follow_renewables	configs/scenarios/fase1/geo9_azure_anticorr_alta.yaml	2026-08-07T13:41:51-03:00	2026-08-07T13:43:58-03:00	126.84	125.80	0.58	196272	0	1	494670	36bfe40eed33c8b8cb491894acd6f63c05c13e0d7a15a6e6f7b9401246d94c6d
az-anticorr-alta	follow_renewables	53	follow_renewables	configs/scenarios/fase1/geo9_azure_anticorr_alta.yaml	2026-08-07T13:41:52-03:00	2026-08-07T13:43:38-03:00	105.68	104.72	0.59	196928	0	1	494683	36bfe40eed33c8b8cb491894acd6f63c05c13e0d7a15a6e6f7b9401246d94c6d
az-anticorr-alta	follow_renewables	54	follow_renewables	configs/scenarios/fase1/geo9_azure_anticorr_alta.yaml	2026-08-07T13:41:53-03:00	2026-08-07T13:44:45-03:00	172.19	171.07	0.58	196628	0	1	494729	36bfe40eed33c8b8cb491894acd6f63c05c13e0d7a15a6e6f7b9401246d94c6d
az-anticorr-alta	follow_renewables	55	follow_renewables	configs/scenarios/fase1/geo9_azure_anticorr_alta.yaml	2026-08-07T13:41:57-03:00	2026-08-07T13:44:00-03:00	122.93	121.93	0.60	194516	0	1	494821	36bfe40eed33c8b8cb491894acd6f63c05c13e0d7a15a6e6f7b9401246d94c6d
az-anticorr-alta	follow_renewables	56	follow_renewables	configs/scenarios/fase1/geo9_azure_anticorr_alta.yaml	2026-08-07T13:41:58-03:00	2026-08-07T13:44:13-03:00	135.03	134.02	0.55	194748	0	1	494840	36bfe40eed33c8b8cb491894acd6f63c05c13e0d7a15a6e6f7b9401246d94c6d
az-anticorr-alta	follow_renewables	57	follow_renewables	configs/scenarios/fase1/geo9_azure_anticorr_alta.yaml	2026-08-07T13:41:58-03:00	2026-08-07T13:43:20-03:00	81.88	80.95	0.56	195772	0	1	494880	36bfe40eed33c8b8cb491894acd6f63c05c13e0d7a15a6e6f7b9401246d94c6d
az-anticorr-alta	follow_renewables	58	follow_renewables	configs/scenarios/fase1/geo9_azure_anticorr_alta.yaml	2026-08-07T13:42:02-03:00	2026-08-07T13:43:44-03:00	102.37	101.48	0.57	195796	0	1	494953	36bfe40eed33c8b8cb491894acd6f63c05c13e0d7a15a6e6f7b9401246d94c6d
az-anticorr-alta	follow_renewables	59	follow_renewables	configs/scenarios/fase1/geo9_azure_anticorr_alta.yaml	2026-08-07T13:42:07-03:00	2026-08-07T13:43:09-03:00	62.27	61.36	0.59	194912	0	1	495105	36bfe40eed33c8b8cb491894acd6f63c05c13e0d7a15a6e6f7b9401246d94c6d
az-anticorr-alta	follow_renewables	60	follow_renewables	configs/scenarios/fase1/geo9_azure_anticorr_alta.yaml	2026-08-07T13:42:07-03:00	2026-08-07T13:44:13-03:00	125.28	124.26	0.67	196472	0	1	495118	36bfe40eed33c8b8cb491894acd6f63c05c13e0d7a15a6e6f7b9401246d94c6d
az-anticorr-alta	follow_renewables	61	follow_renewables	configs/scenarios/fase1/geo9_azure_anticorr_alta.yaml	2026-08-07T13:42:08-03:00	2026-08-07T13:44:44-03:00	156.83	155.91	0.58	194884	0	1	495131	36bfe40eed33c8b8cb491894acd6f63c05c13e0d7a15a6e6f7b9401246d94c6d
az-anticorr-alta	follow_renewables	62	follow_renewables	configs/scenarios/fase1/geo9_azure_anticorr_alta.yaml	2026-08-07T13:42:08-03:00	2026-08-07T13:44:45-03:00	156.99	156.05	0.59	195768	0	1	495144	36bfe40eed33c8b8cb491894acd6f63c05c13e0d7a15a6e6f7b9401246d94c6d
az-anticorr-alta	follow_renewables	63	follow_renewables	configs/scenarios/fase1/geo9_azure_anticorr_alta.yaml	2026-08-07T13:42:09-03:00	2026-08-07T13:44:29-03:00	140.27	138.91	0.97	193692	0	1	495187	36bfe40eed33c8b8cb491894acd6f63c05c13e0d7a15a6e6f7b9401246d94c6d
az-anticorr-alta	follow_renewables	64	follow_renewables	configs/scenarios/fase1/geo9_azure_anticorr_alta.yaml	2026-08-07T13:42:10-03:00	2026-08-07T13:44:53-03:00	162.79	161.61	0.63	198332	0	1	495200	36bfe40eed33c8b8cb491894acd6f63c05c13e0d7a15a6e6f7b9401246d94c6d
az-anticorr-alta	follow_renewables	65	follow_renewables	configs/scenarios/fase1/geo9_azure_anticorr_alta.yaml	2026-08-07T13:43:09-03:00	2026-08-07T13:45:02-03:00	113.17	111.79	0.92	198212	0	1	496378	36bfe40eed33c8b8cb491894acd6f63c05c13e0d7a15a6e6f7b9401246d94c6d
az-anticorr-alta	follow_renewables	66	follow_renewables	configs/scenarios/fase1/geo9_azure_anticorr_alta.yaml	2026-08-07T13:43:20-03:00	2026-08-07T13:45:07-03:00	106.95	105.84	0.58	196692	0	1	496575	36bfe40eed33c8b8cb491894acd6f63c05c13e0d7a15a6e6f7b9401246d94c6d
az-anticorr-alta	follow_renewables	67	follow_renewables	configs/scenarios/fase1/geo9_azure_anticorr_alta.yaml	2026-08-07T13:43:38-03:00	2026-08-07T13:45:38-03:00	119.99	118.86	0.63	195492	0	1	496967	36bfe40eed33c8b8cb491894acd6f63c05c13e0d7a15a6e6f7b9401246d94c6d
az-anticorr-alta	follow_renewables	68	follow_renewables	configs/scenarios/fase1/geo9_azure_anticorr_alta.yaml	2026-08-07T13:43:44-03:00	2026-08-07T13:45:40-03:00	115.55	114.15	0.55	198212	0	1	497096	36bfe40eed33c8b8cb491894acd6f63c05c13e0d7a15a6e6f7b9401246d94c6d
az-anticorr-alta	follow_renewables	69	follow_renewables	configs/scenarios/fase1/geo9_azure_anticorr_alta.yaml	2026-08-07T13:43:58-03:00	2026-08-07T13:47:01-03:00	182.77	181.45	0.76	195792	0	1	497377	36bfe40eed33c8b8cb491894acd6f63c05c13e0d7a15a6e6f7b9401246d94c6d
az-anticorr-alta	follow_renewables	70	follow_renewables	configs/scenarios/fase1/geo9_azure_anticorr_alta.yaml	2026-08-07T13:44:00-03:00	2026-08-07T13:46:46-03:00	165.68	164.50	0.55	195872	0	1	497433	36bfe40eed33c8b8cb491894acd6f63c05c13e0d7a15a6e6f7b9401246d94c6d
az-anticorr-alta	follow_renewables	71	follow_renewables	configs/scenarios/fase1/geo9_azure_anticorr_alta.yaml	2026-08-07T13:44:13-03:00	2026-08-07T13:46:17-03:00	124.77	123.75	0.61	194636	0	1	497701	36bfe40eed33c8b8cb491894acd6f63c05c13e0d7a15a6e6f7b9401246d94c6d
az-anticorr-alta	followme_s	52	followme_s	configs/scenarios/fase1/geo9_azure_anticorr_alta.yaml	2026-08-07T13:45:33-03:00	2026-08-07T13:50:04-03:00	270.47	269.04	0.49	127660	0	1	499562	36bfe40eed33c8b8cb491894acd6f63c05c13e0d7a15a6e6f7b9401246d94c6d
az-anticorr-alta	followme_s	53	followme_s	configs/scenarios/fase1/geo9_azure_anticorr_alta.yaml	2026-08-07T13:45:37-03:00	2026-08-07T13:51:33-03:00	356.32	354.63	0.48	127864	0	1	499660	36bfe40eed33c8b8cb491894acd6f63c05c13e0d7a15a6e6f7b9401246d94c6d
az-anticorr-alta	followme_s	54	followme_s	configs/scenarios/fase1/geo9_azure_anticorr_alta.yaml	2026-08-07T13:45:38-03:00	2026-08-07T13:50:21-03:00	283.32	282.02	0.44	126512	0	1	499684	36bfe40eed33c8b8cb491894acd6f63c05c13e0d7a15a6e6f7b9401246d94c6d
az-anticorr-alta	followme_s	55	followme_s	configs/scenarios/fase1/geo9_azure_anticorr_alta.yaml	2026-08-07T13:45:40-03:00	2026-08-07T13:50:50-03:00	310.34	308.97	0.50	126732	0	1	499750	36bfe40eed33c8b8cb491894acd6f63c05c13e0d7a15a6e6f7b9401246d94c6d
az-anticorr-alta	followme_s	56	followme_s	configs/scenarios/fase1/geo9_azure_anticorr_alta.yaml	2026-08-07T13:45:40-03:00	2026-08-07T13:55:49-03:00	609.11	606.11	0.84	127480	0	1	499784	36bfe40eed33c8b8cb491894acd6f63c05c13e0d7a15a6e6f7b9401246d94c6d
az-anticorr-alta	followme_s	57	followme_s	configs/scenarios/fase1/geo9_azure_anticorr_alta.yaml	2026-08-07T13:45:45-03:00	2026-08-07T13:55:35-03:00	589.94	587.46	0.52	126640	0	1	499879	36bfe40eed33c8b8cb491894acd6f63c05c13e0d7a15a6e6f7b9401246d94c6d
az-anticorr-alta	followme_s	58	followme_s	configs/scenarios/fase1/geo9_azure_anticorr_alta.yaml	2026-08-07T13:45:45-03:00	2026-08-07T13:55:37-03:00	592.01	589.22	0.54	128276	0	1	499892	36bfe40eed33c8b8cb491894acd6f63c05c13e0d7a15a6e6f7b9401246d94c6d
az-anticorr-alta	followme_s	59	followme_s	configs/scenarios/fase1/geo9_azure_anticorr_alta.yaml	2026-08-07T13:45:46-03:00	2026-08-07T13:59:08-03:00	801.70	797.96	1.08	126964	0	1	499912	36bfe40eed33c8b8cb491894acd6f63c05c13e0d7a15a6e6f7b9401246d94c6d
az-anticorr-alta	followme_s	60	followme_s	configs/scenarios/fase1/geo9_azure_anticorr_alta.yaml	2026-08-07T13:45:53-03:00	2026-08-07T13:51:48-03:00	354.51	352.75	0.54	127872	0	1	500081	36bfe40eed33c8b8cb491894acd6f63c05c13e0d7a15a6e6f7b9401246d94c6d
az-anticorr-alta	followme_s	61	followme_s	configs/scenarios/fase1/geo9_azure_anticorr_alta.yaml	2026-08-07T13:45:56-03:00	2026-08-07T13:53:09-03:00	433.60	431.32	1.00	125508	0	1	500126	36bfe40eed33c8b8cb491894acd6f63c05c13e0d7a15a6e6f7b9401246d94c6d
az-anticorr-alta	followme_s	62	followme_s	configs/scenarios/fase1/geo9_azure_anticorr_alta.yaml	2026-08-07T13:45:56-03:00	2026-08-07T13:52:36-03:00	400.20	398.17	0.65	127656	0	1	500140	36bfe40eed33c8b8cb491894acd6f63c05c13e0d7a15a6e6f7b9401246d94c6d
az-anticorr-alta	followme_s	63	followme_s	configs/scenarios/fase1/geo9_azure_anticorr_alta.yaml	2026-08-07T13:46:17-03:00	2026-08-07T13:53:18-03:00	420.72	418.69	0.50	127884	0	1	500574	36bfe40eed33c8b8cb491894acd6f63c05c13e0d7a15a6e6f7b9401246d94c6d
az-anticorr-alta	followme_s	64	followme_s	configs/scenarios/fase1/geo9_azure_anticorr_alta.yaml	2026-08-07T13:46:46-03:00	2026-08-07T13:56:45-03:00	598.66	594.96	0.90	128404	0	1	501144	36bfe40eed33c8b8cb491894acd6f63c05c13e0d7a15a6e6f7b9401246d94c6d
az-anticorr-alta	followme_s	65	followme_s	configs/scenarios/fase1/geo9_azure_anticorr_alta.yaml	2026-08-07T13:47:01-03:00	2026-08-07T13:53:31-03:00	390.31	387.60	1.29	127560	0	1	501431	36bfe40eed33c8b8cb491894acd6f63c05c13e0d7a15a6e6f7b9401246d94c6d
az-anticorr-alta	followme_s	66	followme_s	configs/scenarios/fase1/geo9_azure_anticorr_alta.yaml	2026-08-07T13:50:04-03:00	2026-08-07T13:58:13-03:00	489.64	487.38	0.61	126068	0	1	505336	36bfe40eed33c8b8cb491894acd6f63c05c13e0d7a15a6e6f7b9401246d94c6d
az-anticorr-alta	followme_s	67	followme_s	configs/scenarios/fase1/geo9_azure_anticorr_alta.yaml	2026-08-07T13:50:21-03:00	2026-08-07T13:56:25-03:00	364.23	361.55	0.86	126568	0	1	505704	36bfe40eed33c8b8cb491894acd6f63c05c13e0d7a15a6e6f7b9401246d94c6d
az-anticorr-alta	followme_s	68	followme_s	configs/scenarios/fase1/geo9_azure_anticorr_alta.yaml	2026-08-07T13:50:50-03:00	2026-08-07T13:59:58-03:00	547.87	545.00	0.82	127040	0	1	506315	36bfe40eed33c8b8cb491894acd6f63c05c13e0d7a15a6e6f7b9401246d94c6d
az-anticorr-alta	followme_s	69	followme_s	configs/scenarios/fase1/geo9_azure_anticorr_alta.yaml	2026-08-07T13:51:33-03:00	2026-08-07T13:57:36-03:00	363.03	361.32	0.54	127552	0	1	507233	36bfe40eed33c8b8cb491894acd6f63c05c13e0d7a15a6e6f7b9401246d94c6d
az-anticorr-alta	followme_s	70	followme_s	configs/scenarios/fase1/geo9_azure_anticorr_alta.yaml	2026-08-07T13:51:48-03:00	2026-08-07T13:59:44-03:00	475.60	472.66	0.90	129356	0	1	507581	36bfe40eed33c8b8cb491894acd6f63c05c13e0d7a15a6e6f7b9401246d94c6d
az-anticorr-alta	followme_s	71	followme_s	configs/scenarios/fase1/geo9_azure_anticorr_alta.yaml	2026-08-07T13:52:36-03:00	2026-08-07T13:59:37-03:00	420.60	418.65	0.53	126132	0	1	508619	36bfe40eed33c8b8cb491894acd6f63c05c13e0d7a15a6e6f7b9401246d94c6d
az-anticorr-alta	lowest_carbon_dc	52	none	configs/scenarios/fase1/geo9_azure_anticorr_alta.yaml	2026-08-07T13:41:15-03:00	2026-08-07T13:41:37-03:00	22.17	21.63	0.31	111576	0	1	493639	36bfe40eed33c8b8cb491894acd6f63c05c13e0d7a15a6e6f7b9401246d94c6d
az-anticorr-alta	lowest_carbon_dc	53	none	configs/scenarios/fase1/geo9_azure_anticorr_alta.yaml	2026-08-07T13:41:16-03:00	2026-08-07T13:41:42-03:00	25.56	25.10	0.38	111140	0	1	493683	36bfe40eed33c8b8cb491894acd6f63c05c13e0d7a15a6e6f7b9401246d94c6d
az-anticorr-alta	lowest_carbon_dc	54	none	configs/scenarios/fase1/geo9_azure_anticorr_alta.yaml	2026-08-07T13:41:21-03:00	2026-08-07T13:41:46-03:00	25.79	25.29	0.37	111252	0	1	493784	36bfe40eed33c8b8cb491894acd6f63c05c13e0d7a15a6e6f7b9401246d94c6d
az-anticorr-alta	lowest_carbon_dc	55	none	configs/scenarios/fase1/geo9_azure_anticorr_alta.yaml	2026-08-07T13:41:21-03:00	2026-08-07T13:41:46-03:00	25.02	24.46	0.37	107036	0	1	493807	36bfe40eed33c8b8cb491894acd6f63c05c13e0d7a15a6e6f7b9401246d94c6d
az-anticorr-alta	lowest_carbon_dc	56	none	configs/scenarios/fase1/geo9_azure_anticorr_alta.yaml	2026-08-07T13:41:23-03:00	2026-08-07T13:41:52-03:00	28.69	28.17	0.44	111836	0	1	493849	36bfe40eed33c8b8cb491894acd6f63c05c13e0d7a15a6e6f7b9401246d94c6d
az-anticorr-alta	lowest_carbon_dc	57	none	configs/scenarios/fase1/geo9_azure_anticorr_alta.yaml	2026-08-07T13:41:24-03:00	2026-08-07T13:41:47-03:00	23.38	23.02	0.30	111304	0	1	493880	36bfe40eed33c8b8cb491894acd6f63c05c13e0d7a15a6e6f7b9401246d94c6d
az-anticorr-alta	lowest_carbon_dc	58	none	configs/scenarios/fase1/geo9_azure_anticorr_alta.yaml	2026-08-07T13:41:25-03:00	2026-08-07T13:41:53-03:00	27.40	26.97	0.32	108500	0	1	493925	36bfe40eed33c8b8cb491894acd6f63c05c13e0d7a15a6e6f7b9401246d94c6d
az-anticorr-alta	lowest_carbon_dc	59	none	configs/scenarios/fase1/geo9_azure_anticorr_alta.yaml	2026-08-07T13:41:26-03:00	2026-08-07T13:41:46-03:00	20.33	19.94	0.31	111316	0	1	493958	36bfe40eed33c8b8cb491894acd6f63c05c13e0d7a15a6e6f7b9401246d94c6d
az-anticorr-alta	lowest_carbon_dc	60	none	configs/scenarios/fase1/geo9_azure_anticorr_alta.yaml	2026-08-07T13:41:29-03:00	2026-08-07T13:41:51-03:00	22.24	21.72	0.38	110200	0	1	494029	36bfe40eed33c8b8cb491894acd6f63c05c13e0d7a15a6e6f7b9401246d94c6d
az-anticorr-alta	lowest_carbon_dc	61	none	configs/scenarios/fase1/geo9_azure_anticorr_alta.yaml	2026-08-07T13:41:30-03:00	2026-08-07T13:41:57-03:00	27.54	27.15	0.32	110788	0	1	494062	36bfe40eed33c8b8cb491894acd6f63c05c13e0d7a15a6e6f7b9401246d94c6d
az-anticorr-alta	lowest_carbon_dc	62	none	configs/scenarios/fase1/geo9_azure_anticorr_alta.yaml	2026-08-07T13:41:33-03:00	2026-08-07T13:41:58-03:00	25.89	25.53	0.30	108204	0	1	494146	36bfe40eed33c8b8cb491894acd6f63c05c13e0d7a15a6e6f7b9401246d94c6d
az-anticorr-alta	lowest_carbon_dc	63	none	configs/scenarios/fase1/geo9_azure_anticorr_alta.yaml	2026-08-07T13:41:33-03:00	2026-08-07T13:41:57-03:00	24.94	24.55	0.31	112432	0	1	494159	36bfe40eed33c8b8cb491894acd6f63c05c13e0d7a15a6e6f7b9401246d94c6d
az-anticorr-alta	lowest_carbon_dc	64	none	configs/scenarios/fase1/geo9_azure_anticorr_alta.yaml	2026-08-07T13:41:37-03:00	2026-08-07T13:41:49-03:00	11.40	11.02	0.29	107628	0	1	494268	36bfe40eed33c8b8cb491894acd6f63c05c13e0d7a15a6e6f7b9401246d94c6d
az-anticorr-alta	lowest_carbon_dc	65	none	configs/scenarios/fase1/geo9_azure_anticorr_alta.yaml	2026-08-07T13:41:38-03:00	2026-08-07T13:42:02-03:00	23.58	23.13	0.38	111488	0	1	494319	36bfe40eed33c8b8cb491894acd6f63c05c13e0d7a15a6e6f7b9401246d94c6d
az-anticorr-alta	lowest_carbon_dc	66	none	configs/scenarios/fase1/geo9_azure_anticorr_alta.yaml	2026-08-07T13:41:42-03:00	2026-08-07T13:42:08-03:00	26.09	25.61	0.38	110528	0	1	494382	36bfe40eed33c8b8cb491894acd6f63c05c13e0d7a15a6e6f7b9401246d94c6d
az-anticorr-alta	lowest_carbon_dc	67	none	configs/scenarios/fase1/geo9_azure_anticorr_alta.yaml	2026-08-07T13:41:46-03:00	2026-08-07T13:42:07-03:00	21.01	20.56	0.34	110592	0	1	494507	36bfe40eed33c8b8cb491894acd6f63c05c13e0d7a15a6e6f7b9401246d94c6d
az-anticorr-alta	lowest_carbon_dc	68	none	configs/scenarios/fase1/geo9_azure_anticorr_alta.yaml	2026-08-07T13:41:46-03:00	2026-08-07T13:42:08-03:00	22.07	21.56	0.33	110720	0	1	494520	36bfe40eed33c8b8cb491894acd6f63c05c13e0d7a15a6e6f7b9401246d94c6d
az-anticorr-alta	lowest_carbon_dc	69	none	configs/scenarios/fase1/geo9_azure_anticorr_alta.yaml	2026-08-07T13:41:46-03:00	2026-08-07T13:42:09-03:00	22.79	22.37	0.31	107368	0	1	494533	36bfe40eed33c8b8cb491894acd6f63c05c13e0d7a15a6e6f7b9401246d94c6d
az-anticorr-alta	lowest_carbon_dc	70	none	configs/scenarios/fase1/geo9_azure_anticorr_alta.yaml	2026-08-07T13:41:47-03:00	2026-08-07T13:42:10-03:00	23.14	22.66	0.35	107404	0	1	494557	36bfe40eed33c8b8cb491894acd6f63c05c13e0d7a15a6e6f7b9401246d94c6d
az-anticorr-alta	lowest_carbon_dc	71	none	configs/scenarios/fase1/geo9_azure_anticorr_alta.yaml	2026-08-07T13:41:49-03:00	2026-08-07T13:42:07-03:00	18.27	17.91	0.31	110852	0	1	494610	36bfe40eed33c8b8cb491894acd6f63c05c13e0d7a15a6e6f7b9401246d94c6d
az-anticorr-alta	round_robin	52	none	configs/scenarios/fase1/geo9_azure_anticorr_alta.yaml	2026-08-07T13:39:20-03:00	2026-08-07T13:39:45-03:00	24.90	24.40	0.34	110716	0	1	490406	36bfe40eed33c8b8cb491894acd6f63c05c13e0d7a15a6e6f7b9401246d94c6d
az-anticorr-alta	round_robin	53	none	configs/scenarios/fase1/geo9_azure_anticorr_alta.yaml	2026-08-07T13:39:22-03:00	2026-08-07T13:39:50-03:00	28.21	27.87	0.29	110624	0	1	490455	36bfe40eed33c8b8cb491894acd6f63c05c13e0d7a15a6e6f7b9401246d94c6d
az-anticorr-alta	round_robin	54	none	configs/scenarios/fase1/geo9_azure_anticorr_alta.yaml	2026-08-07T13:39:23-03:00	2026-08-07T13:39:49-03:00	26.66	26.22	0.34	110072	0	1	490488	36bfe40eed33c8b8cb491894acd6f63c05c13e0d7a15a6e6f7b9401246d94c6d
az-anticorr-alta	round_robin	55	none	configs/scenarios/fase1/geo9_azure_anticorr_alta.yaml	2026-08-07T13:39:24-03:00	2026-08-07T13:39:40-03:00	16.11	15.72	0.32	111064	0	1	490532	36bfe40eed33c8b8cb491894acd6f63c05c13e0d7a15a6e6f7b9401246d94c6d
az-anticorr-alta	round_robin	56	none	configs/scenarios/fase1/geo9_azure_anticorr_alta.yaml	2026-08-07T13:39:31-03:00	2026-08-07T13:39:56-03:00	24.92	24.47	0.35	111156	0	1	490681	36bfe40eed33c8b8cb491894acd6f63c05c13e0d7a15a6e6f7b9401246d94c6d
az-anticorr-alta	round_robin	57	none	configs/scenarios/fase1/geo9_azure_anticorr_alta.yaml	2026-08-07T13:39:31-03:00	2026-08-07T13:39:56-03:00	24.58	24.20	0.30	111108	0	1	490703	36bfe40eed33c8b8cb491894acd6f63c05c13e0d7a15a6e6f7b9401246d94c6d
az-anticorr-alta	round_robin	58	none	configs/scenarios/fase1/geo9_azure_anticorr_alta.yaml	2026-08-07T13:39:35-03:00	2026-08-07T13:39:57-03:00	22.16	21.77	0.32	111480	0	1	490793	36bfe40eed33c8b8cb491894acd6f63c05c13e0d7a15a6e6f7b9401246d94c6d
az-anticorr-alta	round_robin	59	none	configs/scenarios/fase1/geo9_azure_anticorr_alta.yaml	2026-08-07T13:39:36-03:00	2026-08-07T13:39:57-03:00	21.03	20.59	0.33	110732	0	1	490816	36bfe40eed33c8b8cb491894acd6f63c05c13e0d7a15a6e6f7b9401246d94c6d
az-anticorr-alta	round_robin	60	none	configs/scenarios/fase1/geo9_azure_anticorr_alta.yaml	2026-08-07T13:39:36-03:00	2026-08-07T13:39:53-03:00	17.39	17.01	0.31	111268	0	1	490829	36bfe40eed33c8b8cb491894acd6f63c05c13e0d7a15a6e6f7b9401246d94c6d
az-anticorr-alta	round_robin	61	none	configs/scenarios/fase1/geo9_azure_anticorr_alta.yaml	2026-08-07T13:39:36-03:00	2026-08-07T13:39:59-03:00	22.54	22.07	0.30	110620	0	1	490842	36bfe40eed33c8b8cb491894acd6f63c05c13e0d7a15a6e6f7b9401246d94c6d
az-anticorr-alta	round_robin	62	none	configs/scenarios/fase1/geo9_azure_anticorr_alta.yaml	2026-08-07T13:39:40-03:00	2026-08-07T13:40:04-03:00	24.22	23.84	0.32	110080	0	1	490977	36bfe40eed33c8b8cb491894acd6f63c05c13e0d7a15a6e6f7b9401246d94c6d
az-anticorr-alta	round_robin	63	none	configs/scenarios/fase1/geo9_azure_anticorr_alta.yaml	2026-08-07T13:39:44-03:00	2026-08-07T13:40:09-03:00	25.44	24.93	0.42	107672	0	1	491079	36bfe40eed33c8b8cb491894acd6f63c05c13e0d7a15a6e6f7b9401246d94c6d
az-anticorr-alta	round_robin	64	none	configs/scenarios/fase1/geo9_azure_anticorr_alta.yaml	2026-08-07T13:39:45-03:00	2026-08-07T13:40:05-03:00	19.57	19.16	0.31	110960	0	1	491103	36bfe40eed33c8b8cb491894acd6f63c05c13e0d7a15a6e6f7b9401246d94c6d
az-anticorr-alta	round_robin	65	none	configs/scenarios/fase1/geo9_azure_anticorr_alta.yaml	2026-08-07T13:39:49-03:00	2026-08-07T13:40:14-03:00	25.01	24.43	0.51	111124	0	1	491218	36bfe40eed33c8b8cb491894acd6f63c05c13e0d7a15a6e6f7b9401246d94c6d
az-anticorr-alta	round_robin	66	none	configs/scenarios/fase1/geo9_azure_anticorr_alta.yaml	2026-08-07T13:39:50-03:00	2026-08-07T13:40:14-03:00	24.54	24.11	0.33	110536	0	1	491242	36bfe40eed33c8b8cb491894acd6f63c05c13e0d7a15a6e6f7b9401246d94c6d
az-anticorr-alta	round_robin	67	none	configs/scenarios/fase1/geo9_azure_anticorr_alta.yaml	2026-08-07T13:39:53-03:00	2026-08-07T13:40:17-03:00	23.06	22.71	0.30	111216	0	1	491314	36bfe40eed33c8b8cb491894acd6f63c05c13e0d7a15a6e6f7b9401246d94c6d
az-anticorr-alta	round_robin	68	none	configs/scenarios/fase1/geo9_azure_anticorr_alta.yaml	2026-08-07T13:39:56-03:00	2026-08-07T13:40:17-03:00	21.50	21.15	0.31	110552	0	1	491387	36bfe40eed33c8b8cb491894acd6f63c05c13e0d7a15a6e6f7b9401246d94c6d
az-anticorr-alta	round_robin	69	none	configs/scenarios/fase1/geo9_azure_anticorr_alta.yaml	2026-08-07T13:39:56-03:00	2026-08-07T13:40:19-03:00	22.65	22.20	0.31	110984	0	1	491400	36bfe40eed33c8b8cb491894acd6f63c05c13e0d7a15a6e6f7b9401246d94c6d
az-anticorr-alta	round_robin	70	none	configs/scenarios/fase1/geo9_azure_anticorr_alta.yaml	2026-08-07T13:39:57-03:00	2026-08-07T13:40:20-03:00	23.03	22.60	0.36	110808	0	1	491413	36bfe40eed33c8b8cb491894acd6f63c05c13e0d7a15a6e6f7b9401246d94c6d
az-anticorr-alta	round_robin	71	none	configs/scenarios/fase1/geo9_azure_anticorr_alta.yaml	2026-08-07T13:39:57-03:00	2026-08-07T13:40:19-03:00	22.05	21.53	0.32	111256	0	1	491436	36bfe40eed33c8b8cb491894acd6f63c05c13e0d7a15a6e6f7b9401246d94c6d
az-anticorr-alta	worst_fit	52	none	configs/scenarios/fase1/geo9_azure_anticorr_alta.yaml	2026-08-07T13:38:39-03:00	2026-08-07T13:39:01-03:00	21.39	21.03	0.31	108912	0	1	489336	36bfe40eed33c8b8cb491894acd6f63c05c13e0d7a15a6e6f7b9401246d94c6d
az-anticorr-alta	worst_fit	53	none	configs/scenarios/fase1/geo9_azure_anticorr_alta.yaml	2026-08-07T13:38:40-03:00	2026-08-07T13:38:57-03:00	17.17	16.84	0.28	109000	0	1	489370	36bfe40eed33c8b8cb491894acd6f63c05c13e0d7a15a6e6f7b9401246d94c6d
az-anticorr-alta	worst_fit	54	none	configs/scenarios/fase1/geo9_azure_anticorr_alta.yaml	2026-08-07T13:38:42-03:00	2026-08-07T13:39:06-03:00	23.11	22.67	0.33	109024	0	1	489414	36bfe40eed33c8b8cb491894acd6f63c05c13e0d7a15a6e6f7b9401246d94c6d
az-anticorr-alta	worst_fit	55	none	configs/scenarios/fase1/geo9_azure_anticorr_alta.yaml	2026-08-07T13:38:44-03:00	2026-08-07T13:39:13-03:00	29.26	28.81	0.34	108440	0	1	489475	36bfe40eed33c8b8cb491894acd6f63c05c13e0d7a15a6e6f7b9401246d94c6d
az-anticorr-alta	worst_fit	56	none	configs/scenarios/fase1/geo9_azure_anticorr_alta.yaml	2026-08-07T13:38:45-03:00	2026-08-07T13:39:09-03:00	24.06	23.62	0.36	108984	0	1	489499	36bfe40eed33c8b8cb491894acd6f63c05c13e0d7a15a6e6f7b9401246d94c6d
az-anticorr-alta	worst_fit	57	none	configs/scenarios/fase1/geo9_azure_anticorr_alta.yaml	2026-08-07T13:38:46-03:00	2026-08-07T13:39:08-03:00	21.89	21.51	0.33	108716	0	1	489535	36bfe40eed33c8b8cb491894acd6f63c05c13e0d7a15a6e6f7b9401246d94c6d
az-anticorr-alta	worst_fit	58	none	configs/scenarios/fase1/geo9_azure_anticorr_alta.yaml	2026-08-07T13:38:51-03:00	2026-08-07T13:39:15-03:00	24.05	23.66	0.31	108720	0	1	489641	36bfe40eed33c8b8cb491894acd6f63c05c13e0d7a15a6e6f7b9401246d94c6d
az-anticorr-alta	worst_fit	59	none	configs/scenarios/fase1/geo9_azure_anticorr_alta.yaml	2026-08-07T13:38:56-03:00	2026-08-07T13:39:23-03:00	26.72	26.26	0.34	108896	0	1	489753	36bfe40eed33c8b8cb491894acd6f63c05c13e0d7a15a6e6f7b9401246d94c6d
az-anticorr-alta	worst_fit	60	none	configs/scenarios/fase1/geo9_azure_anticorr_alta.yaml	2026-08-07T13:38:57-03:00	2026-08-07T13:39:17-03:00	19.47	19.07	0.32	108304	0	1	489787	36bfe40eed33c8b8cb491894acd6f63c05c13e0d7a15a6e6f7b9401246d94c6d
az-anticorr-alta	worst_fit	61	none	configs/scenarios/fase1/geo9_azure_anticorr_alta.yaml	2026-08-07T13:38:59-03:00	2026-08-07T13:39:16-03:00	16.83	16.47	0.32	109052	0	1	489847	36bfe40eed33c8b8cb491894acd6f63c05c13e0d7a15a6e6f7b9401246d94c6d
az-anticorr-alta	worst_fit	62	none	configs/scenarios/fase1/geo9_azure_anticorr_alta.yaml	2026-08-07T13:39:00-03:00	2026-08-07T13:39:24-03:00	24.10	23.70	0.33	108504	0	1	489870	36bfe40eed33c8b8cb491894acd6f63c05c13e0d7a15a6e6f7b9401246d94c6d
az-anticorr-alta	worst_fit	63	none	configs/scenarios/fase1/geo9_azure_anticorr_alta.yaml	2026-08-07T13:39:01-03:00	2026-08-07T13:39:20-03:00	19.21	18.81	0.31	109032	0	1	489901	36bfe40eed33c8b8cb491894acd6f63c05c13e0d7a15a6e6f7b9401246d94c6d
az-anticorr-alta	worst_fit	64	none	configs/scenarios/fase1/geo9_azure_anticorr_alta.yaml	2026-08-07T13:39:03-03:00	2026-08-07T13:39:31-03:00	28.15	27.71	0.36	108548	0	1	489978	36bfe40eed33c8b8cb491894acd6f63c05c13e0d7a15a6e6f7b9401246d94c6d
az-anticorr-alta	worst_fit	65	none	configs/scenarios/fase1/geo9_azure_anticorr_alta.yaml	2026-08-07T13:39:06-03:00	2026-08-07T13:39:22-03:00	15.99	15.48	0.31	110612	0	1	490027	36bfe40eed33c8b8cb491894acd6f63c05c13e0d7a15a6e6f7b9401246d94c6d
az-anticorr-alta	worst_fit	66	none	configs/scenarios/fase1/geo9_azure_anticorr_alta.yaml	2026-08-07T13:39:08-03:00	2026-08-07T13:39:35-03:00	27.30	26.85	0.34	108628	0	1	490071	36bfe40eed33c8b8cb491894acd6f63c05c13e0d7a15a6e6f7b9401246d94c6d
az-anticorr-alta	worst_fit	67	none	configs/scenarios/fase1/geo9_azure_anticorr_alta.yaml	2026-08-07T13:39:09-03:00	2026-08-07T13:39:31-03:00	22.29	21.92	0.33	109048	0	1	490131	36bfe40eed33c8b8cb491894acd6f63c05c13e0d7a15a6e6f7b9401246d94c6d
az-anticorr-alta	worst_fit	68	none	configs/scenarios/fase1/geo9_azure_anticorr_alta.yaml	2026-08-07T13:39:13-03:00	2026-08-07T13:39:36-03:00	23.20	22.71	0.33	108604	0	1	490211	36bfe40eed33c8b8cb491894acd6f63c05c13e0d7a15a6e6f7b9401246d94c6d
az-anticorr-alta	worst_fit	69	none	configs/scenarios/fase1/geo9_azure_anticorr_alta.yaml	2026-08-07T13:39:15-03:00	2026-08-07T13:39:36-03:00	21.46	21.07	0.33	109088	0	1	490266	36bfe40eed33c8b8cb491894acd6f63c05c13e0d7a15a6e6f7b9401246d94c6d
az-anticorr-alta	worst_fit	70	none	configs/scenarios/fase1/geo9_azure_anticorr_alta.yaml	2026-08-07T13:39:16-03:00	2026-08-07T13:39:36-03:00	19.84	19.32	0.32	108148	0	1	490297	36bfe40eed33c8b8cb491894acd6f63c05c13e0d7a15a6e6f7b9401246d94c6d
az-anticorr-alta	worst_fit	71	none	configs/scenarios/fase1/geo9_azure_anticorr_alta.yaml	2026-08-07T13:39:17-03:00	2026-08-07T13:39:44-03:00	26.90	26.53	0.32	108972	0	1	490331	36bfe40eed33c8b8cb491894acd6f63c05c13e0d7a15a6e6f7b9401246d94c6d
az-anticorr-alta	wsnb	52	none	configs/scenarios/fase1/geo9_azure_anticorr_alta.yaml	2026-08-07T13:44:13-03:00	2026-08-07T13:44:36-03:00	23.59	23.09	0.39	111556	0	1	497708	36bfe40eed33c8b8cb491894acd6f63c05c13e0d7a15a6e6f7b9401246d94c6d
az-anticorr-alta	wsnb	53	none	configs/scenarios/fase1/geo9_azure_anticorr_alta.yaml	2026-08-07T13:44:29-03:00	2026-08-07T13:44:48-03:00	18.59	18.20	0.31	106560	0	1	498024	36bfe40eed33c8b8cb491894acd6f63c05c13e0d7a15a6e6f7b9401246d94c6d
az-anticorr-alta	wsnb	54	none	configs/scenarios/fase1/geo9_azure_anticorr_alta.yaml	2026-08-07T13:44:36-03:00	2026-08-07T13:45:02-03:00	26.08	25.55	0.47	107000	0	1	498171	36bfe40eed33c8b8cb491894acd6f63c05c13e0d7a15a6e6f7b9401246d94c6d
az-anticorr-alta	wsnb	55	none	configs/scenarios/fase1/geo9_azure_anticorr_alta.yaml	2026-08-07T13:44:44-03:00	2026-08-07T13:45:09-03:00	24.69	24.27	0.32	110284	0	1	498350	36bfe40eed33c8b8cb491894acd6f63c05c13e0d7a15a6e6f7b9401246d94c6d
az-anticorr-alta	wsnb	56	none	configs/scenarios/fase1/geo9_azure_anticorr_alta.yaml	2026-08-07T13:44:45-03:00	2026-08-07T13:45:05-03:00	20.05	19.68	0.31	111568	0	1	498384	36bfe40eed33c8b8cb491894acd6f63c05c13e0d7a15a6e6f7b9401246d94c6d
az-anticorr-alta	wsnb	57	none	configs/scenarios/fase1/geo9_azure_anticorr_alta.yaml	2026-08-07T13:44:45-03:00	2026-08-07T13:45:16-03:00	30.97	30.52	0.37	107412	0	1	498397	36bfe40eed33c8b8cb491894acd6f63c05c13e0d7a15a6e6f7b9401246d94c6d
az-anticorr-alta	wsnb	58	none	configs/scenarios/fase1/geo9_azure_anticorr_alta.yaml	2026-08-07T13:44:48-03:00	2026-08-07T13:45:13-03:00	24.45	23.95	0.36	107604	0	1	498462	36bfe40eed33c8b8cb491894acd6f63c05c13e0d7a15a6e6f7b9401246d94c6d
az-anticorr-alta	wsnb	59	none	configs/scenarios/fase1/geo9_azure_anticorr_alta.yaml	2026-08-07T13:44:53-03:00	2026-08-07T13:45:19-03:00	25.82	25.31	0.35	111088	0	1	498582	36bfe40eed33c8b8cb491894acd6f63c05c13e0d7a15a6e6f7b9401246d94c6d
az-anticorr-alta	wsnb	60	none	configs/scenarios/fase1/geo9_azure_anticorr_alta.yaml	2026-08-07T13:45:02-03:00	2026-08-07T13:45:29-03:00	26.38	25.72	0.53	106456	0	1	498796	36bfe40eed33c8b8cb491894acd6f63c05c13e0d7a15a6e6f7b9401246d94c6d
az-anticorr-alta	wsnb	61	none	configs/scenarios/fase1/geo9_azure_anticorr_alta.yaml	2026-08-07T13:45:02-03:00	2026-08-07T13:45:20-03:00	17.38	16.86	0.32	109988	0	1	498809	36bfe40eed33c8b8cb491894acd6f63c05c13e0d7a15a6e6f7b9401246d94c6d
az-anticorr-alta	wsnb	62	none	configs/scenarios/fase1/geo9_azure_anticorr_alta.yaml	2026-08-07T13:45:05-03:00	2026-08-07T13:45:29-03:00	24.11	23.54	0.32	111152	0	1	498897	36bfe40eed33c8b8cb491894acd6f63c05c13e0d7a15a6e6f7b9401246d94c6d
az-anticorr-alta	wsnb	63	none	configs/scenarios/fase1/geo9_azure_anticorr_alta.yaml	2026-08-07T13:45:07-03:00	2026-08-07T13:45:27-03:00	19.72	19.21	0.29	110772	0	1	498958	36bfe40eed33c8b8cb491894acd6f63c05c13e0d7a15a6e6f7b9401246d94c6d
az-anticorr-alta	wsnb	64	none	configs/scenarios/fase1/geo9_azure_anticorr_alta.yaml	2026-08-07T13:45:09-03:00	2026-08-07T13:45:33-03:00	23.81	23.18	0.34	110584	0	1	499004	36bfe40eed33c8b8cb491894acd6f63c05c13e0d7a15a6e6f7b9401246d94c6d
az-anticorr-alta	wsnb	65	none	configs/scenarios/fase1/geo9_azure_anticorr_alta.yaml	2026-08-07T13:45:13-03:00	2026-08-07T13:45:37-03:00	24.07	23.41	0.35	107948	0	1	499065	36bfe40eed33c8b8cb491894acd6f63c05c13e0d7a15a6e6f7b9401246d94c6d
az-anticorr-alta	wsnb	66	none	configs/scenarios/fase1/geo9_azure_anticorr_alta.yaml	2026-08-07T13:45:16-03:00	2026-08-07T13:45:40-03:00	23.73	23.08	0.34	109888	0	1	499168	36bfe40eed33c8b8cb491894acd6f63c05c13e0d7a15a6e6f7b9401246d94c6d
az-anticorr-alta	wsnb	67	none	configs/scenarios/fase1/geo9_azure_anticorr_alta.yaml	2026-08-07T13:45:19-03:00	2026-08-07T13:45:45-03:00	25.93	25.40	0.33	111060	0	1	499242	36bfe40eed33c8b8cb491894acd6f63c05c13e0d7a15a6e6f7b9401246d94c6d
az-anticorr-alta	wsnb	68	none	configs/scenarios/fase1/geo9_azure_anticorr_alta.yaml	2026-08-07T13:45:20-03:00	2026-08-07T13:45:46-03:00	26.12	25.71	0.35	110244	0	1	499276	36bfe40eed33c8b8cb491894acd6f63c05c13e0d7a15a6e6f7b9401246d94c6d
az-anticorr-alta	wsnb	69	none	configs/scenarios/fase1/geo9_azure_anticorr_alta.yaml	2026-08-07T13:45:27-03:00	2026-08-07T13:45:53-03:00	26.39	26.02	0.34	110160	0	1	499407	36bfe40eed33c8b8cb491894acd6f63c05c13e0d7a15a6e6f7b9401246d94c6d
az-anticorr-alta	wsnb	70	none	configs/scenarios/fase1/geo9_azure_anticorr_alta.yaml	2026-08-07T13:45:29-03:00	2026-08-07T13:45:56-03:00	27.21	26.86	0.33	106948	0	1	499465	36bfe40eed33c8b8cb491894acd6f63c05c13e0d7a15a6e6f7b9401246d94c6d
az-anticorr-alta	wsnb	71	none	configs/scenarios/fase1/geo9_azure_anticorr_alta.yaml	2026-08-07T13:45:29-03:00	2026-08-07T13:45:56-03:00	26.44	25.91	0.35	110320	0	1	499478	36bfe40eed33c8b8cb491894acd6f63c05c13e0d7a15a6e6f7b9401246d94c6d
az-anticorr-folgada	best_fit	52	none	configs/scenarios/fase1/geo9_azure_anticorr_folgada.yaml	2026-08-07T13:36:42-03:00	2026-08-07T13:36:44-03:00	1.50	1.38	0.10	43808	0	1	483807	36bfe40eed33c8b8cb491894acd6f63c05c13e0d7a15a6e6f7b9401246d94c6d
az-anticorr-folgada	best_fit	53	none	configs/scenarios/fase1/geo9_azure_anticorr_folgada.yaml	2026-08-07T13:36:43-03:00	2026-08-07T13:36:45-03:00	1.57	1.46	0.09	43788	0	1	483831	36bfe40eed33c8b8cb491894acd6f63c05c13e0d7a15a6e6f7b9401246d94c6d
az-anticorr-folgada	best_fit	54	none	configs/scenarios/fase1/geo9_azure_anticorr_folgada.yaml	2026-08-07T13:36:43-03:00	2026-08-07T13:36:45-03:00	1.64	1.52	0.11	43852	0	1	483864	36bfe40eed33c8b8cb491894acd6f63c05c13e0d7a15a6e6f7b9401246d94c6d
az-anticorr-folgada	best_fit	55	none	configs/scenarios/fase1/geo9_azure_anticorr_folgada.yaml	2026-08-07T13:36:43-03:00	2026-08-07T13:36:45-03:00	1.55	1.42	0.11	43692	0	1	483878	36bfe40eed33c8b8cb491894acd6f63c05c13e0d7a15a6e6f7b9401246d94c6d
az-anticorr-folgada	best_fit	56	none	configs/scenarios/fase1/geo9_azure_anticorr_folgada.yaml	2026-08-07T13:36:44-03:00	2026-08-07T13:36:45-03:00	1.56	1.44	0.11	43784	0	1	483891	36bfe40eed33c8b8cb491894acd6f63c05c13e0d7a15a6e6f7b9401246d94c6d
az-anticorr-folgada	best_fit	57	none	configs/scenarios/fase1/geo9_azure_anticorr_folgada.yaml	2026-08-07T13:36:44-03:00	2026-08-07T13:36:45-03:00	1.60	1.48	0.12	43960	0	1	483904	36bfe40eed33c8b8cb491894acd6f63c05c13e0d7a15a6e6f7b9401246d94c6d
az-anticorr-folgada	best_fit	58	none	configs/scenarios/fase1/geo9_azure_anticorr_folgada.yaml	2026-08-07T13:36:44-03:00	2026-08-07T13:36:45-03:00	1.52	1.41	0.10	43820	0	1	483917	36bfe40eed33c8b8cb491894acd6f63c05c13e0d7a15a6e6f7b9401246d94c6d
az-anticorr-folgada	best_fit	59	none	configs/scenarios/fase1/geo9_azure_anticorr_folgada.yaml	2026-08-07T13:36:45-03:00	2026-08-07T13:36:47-03:00	1.84	1.73	0.09	43800	0	1	483942	36bfe40eed33c8b8cb491894acd6f63c05c13e0d7a15a6e6f7b9401246d94c6d
az-anticorr-folgada	best_fit	60	none	configs/scenarios/fase1/geo9_azure_anticorr_folgada.yaml	2026-08-07T13:36:45-03:00	2026-08-07T13:36:46-03:00	1.41	1.30	0.10	43704	0	1	483955	36bfe40eed33c8b8cb491894acd6f63c05c13e0d7a15a6e6f7b9401246d94c6d
az-anticorr-folgada	best_fit	61	none	configs/scenarios/fase1/geo9_azure_anticorr_folgada.yaml	2026-08-07T13:36:45-03:00	2026-08-07T13:36:46-03:00	1.51	1.40	0.09	43764	0	1	483968	36bfe40eed33c8b8cb491894acd6f63c05c13e0d7a15a6e6f7b9401246d94c6d
az-anticorr-folgada	best_fit	62	none	configs/scenarios/fase1/geo9_azure_anticorr_folgada.yaml	2026-08-07T13:36:45-03:00	2026-08-07T13:36:47-03:00	1.72	1.63	0.09	43808	0	1	483981	36bfe40eed33c8b8cb491894acd6f63c05c13e0d7a15a6e6f7b9401246d94c6d
az-anticorr-folgada	best_fit	63	none	configs/scenarios/fase1/geo9_azure_anticorr_folgada.yaml	2026-08-07T13:36:45-03:00	2026-08-07T13:36:47-03:00	1.55	1.42	0.10	43696	0	1	483994	36bfe40eed33c8b8cb491894acd6f63c05c13e0d7a15a6e6f7b9401246d94c6d
az-anticorr-folgada	best_fit	64	none	configs/scenarios/fase1/geo9_azure_anticorr_folgada.yaml	2026-08-07T13:36:45-03:00	2026-08-07T13:36:46-03:00	1.22	1.11	0.10	43796	0	1	484018	36bfe40eed33c8b8cb491894acd6f63c05c13e0d7a15a6e6f7b9401246d94c6d
az-anticorr-folgada	best_fit	65	none	configs/scenarios/fase1/geo9_azure_anticorr_folgada.yaml	2026-08-07T13:36:45-03:00	2026-08-07T13:36:47-03:00	1.49	1.36	0.11	43736	0	1	484041	36bfe40eed33c8b8cb491894acd6f63c05c13e0d7a15a6e6f7b9401246d94c6d
az-anticorr-folgada	best_fit	66	none	configs/scenarios/fase1/geo9_azure_anticorr_folgada.yaml	2026-08-07T13:36:46-03:00	2026-08-07T13:36:48-03:00	1.73	1.61	0.10	43772	0	1	484054	36bfe40eed33c8b8cb491894acd6f63c05c13e0d7a15a6e6f7b9401246d94c6d
az-anticorr-folgada	best_fit	67	none	configs/scenarios/fase1/geo9_azure_anticorr_folgada.yaml	2026-08-07T13:36:46-03:00	2026-08-07T13:36:48-03:00	1.96	1.82	0.10	43964	0	1	484105	36bfe40eed33c8b8cb491894acd6f63c05c13e0d7a15a6e6f7b9401246d94c6d
az-anticorr-folgada	best_fit	68	none	configs/scenarios/fase1/geo9_azure_anticorr_folgada.yaml	2026-08-07T13:36:46-03:00	2026-08-07T13:36:48-03:00	1.66	1.53	0.10	43772	0	1	484106	36bfe40eed33c8b8cb491894acd6f63c05c13e0d7a15a6e6f7b9401246d94c6d
az-anticorr-folgada	best_fit	69	none	configs/scenarios/fase1/geo9_azure_anticorr_folgada.yaml	2026-08-07T13:36:47-03:00	2026-08-07T13:36:48-03:00	1.67	1.58	0.08	43872	0	1	484123	36bfe40eed33c8b8cb491894acd6f63c05c13e0d7a15a6e6f7b9401246d94c6d
az-anticorr-folgada	best_fit	70	none	configs/scenarios/fase1/geo9_azure_anticorr_folgada.yaml	2026-08-07T13:36:47-03:00	2026-08-07T13:36:48-03:00	1.62	1.52	0.09	43572	0	1	484136	36bfe40eed33c8b8cb491894acd6f63c05c13e0d7a15a6e6f7b9401246d94c6d
az-anticorr-folgada	best_fit	71	none	configs/scenarios/fase1/geo9_azure_anticorr_folgada.yaml	2026-08-07T13:36:47-03:00	2026-08-07T13:36:48-03:00	1.63	1.50	0.11	43368	0	1	484157	36bfe40eed33c8b8cb491894acd6f63c05c13e0d7a15a6e6f7b9401246d94c6d
az-anticorr-folgada	bfd	52	none	configs/scenarios/fase1/geo9_azure_anticorr_folgada.yaml	2026-08-07T13:36:59-03:00	2026-08-07T13:37:01-03:00	1.73	1.60	0.11	43556	0	1	485159	36bfe40eed33c8b8cb491894acd6f63c05c13e0d7a15a6e6f7b9401246d94c6d
az-anticorr-folgada	bfd	53	none	configs/scenarios/fase1/geo9_azure_anticorr_folgada.yaml	2026-08-07T13:36:59-03:00	2026-08-07T13:37:01-03:00	1.24	1.15	0.08	43628	0	1	485172	36bfe40eed33c8b8cb491894acd6f63c05c13e0d7a15a6e6f7b9401246d94c6d
az-anticorr-folgada	bfd	54	none	configs/scenarios/fase1/geo9_azure_anticorr_folgada.yaml	2026-08-07T13:36:59-03:00	2026-08-07T13:37:01-03:00	1.55	1.44	0.10	58620	0	1	485185	36bfe40eed33c8b8cb491894acd6f63c05c13e0d7a15a6e6f7b9401246d94c6d
az-anticorr-folgada	bfd	55	none	configs/scenarios/fase1/geo9_azure_anticorr_folgada.yaml	2026-08-07T13:37:00-03:00	2026-08-07T13:37:01-03:00	1.71	1.57	0.10	43428	0	1	485217	36bfe40eed33c8b8cb491894acd6f63c05c13e0d7a15a6e6f7b9401246d94c6d
az-anticorr-folgada	bfd	56	none	configs/scenarios/fase1/geo9_azure_anticorr_folgada.yaml	2026-08-07T13:37:00-03:00	2026-08-07T13:37:01-03:00	1.49	1.37	0.11	56864	0	1	485230	36bfe40eed33c8b8cb491894acd6f63c05c13e0d7a15a6e6f7b9401246d94c6d
az-anticorr-folgada	bfd	57	none	configs/scenarios/fase1/geo9_azure_anticorr_folgada.yaml	2026-08-07T13:37:00-03:00	2026-08-07T13:37:01-03:00	1.59	1.49	0.09	43500	0	1	485243	36bfe40eed33c8b8cb491894acd6f63c05c13e0d7a15a6e6f7b9401246d94c6d
az-anticorr-folgada	bfd	58	none	configs/scenarios/fase1/geo9_azure_anticorr_folgada.yaml	2026-08-07T13:37:00-03:00	2026-08-07T13:37:02-03:00	1.62	1.49	0.11	43404	0	1	485256	36bfe40eed33c8b8cb491894acd6f63c05c13e0d7a15a6e6f7b9401246d94c6d
az-anticorr-folgada	bfd	59	none	configs/scenarios/fase1/geo9_azure_anticorr_folgada.yaml	2026-08-07T13:37:00-03:00	2026-08-07T13:37:01-03:00	1.22	1.13	0.08	43564	0	1	485269	36bfe40eed33c8b8cb491894acd6f63c05c13e0d7a15a6e6f7b9401246d94c6d
az-anticorr-folgada	bfd	60	none	configs/scenarios/fase1/geo9_azure_anticorr_folgada.yaml	2026-08-07T13:37:00-03:00	2026-08-07T13:37:02-03:00	1.29	1.19	0.09	43600	0	1	485282	36bfe40eed33c8b8cb491894acd6f63c05c13e0d7a15a6e6f7b9401246d94c6d
az-anticorr-folgada	bfd	61	none	configs/scenarios/fase1/geo9_azure_anticorr_folgada.yaml	2026-08-07T13:37:00-03:00	2026-08-07T13:37:02-03:00	1.44	1.34	0.10	43600	0	1	485295	36bfe40eed33c8b8cb491894acd6f63c05c13e0d7a15a6e6f7b9401246d94c6d
az-anticorr-folgada	bfd	62	none	configs/scenarios/fase1/geo9_azure_anticorr_folgada.yaml	2026-08-07T13:37:01-03:00	2026-08-07T13:37:02-03:00	1.35	1.24	0.09	43468	0	1	485308	36bfe40eed33c8b8cb491894acd6f63c05c13e0d7a15a6e6f7b9401246d94c6d
az-anticorr-folgada	bfd	63	none	configs/scenarios/fase1/geo9_azure_anticorr_folgada.yaml	2026-08-07T13:37:01-03:00	2026-08-07T13:37:03-03:00	1.73	1.60	0.10	43332	0	1	485331	36bfe40eed33c8b8cb491894acd6f63c05c13e0d7a15a6e6f7b9401246d94c6d
az-anticorr-folgada	bfd	64	none	configs/scenarios/fase1/geo9_azure_anticorr_folgada.yaml	2026-08-07T13:37:01-03:00	2026-08-07T13:37:03-03:00	1.51	1.40	0.10	43468	0	1	485344	36bfe40eed33c8b8cb491894acd6f63c05c13e0d7a15a6e6f7b9401246d94c6d
az-anticorr-folgada	bfd	65	none	configs/scenarios/fase1/geo9_azure_anticorr_folgada.yaml	2026-08-07T13:37:01-03:00	2026-08-07T13:37:03-03:00	1.62	1.51	0.10	43560	0	1	485357	36bfe40eed33c8b8cb491894acd6f63c05c13e0d7a15a6e6f7b9401246d94c6d
az-anticorr-folgada	bfd	66	none	configs/scenarios/fase1/geo9_azure_anticorr_folgada.yaml	2026-08-07T13:37:01-03:00	2026-08-07T13:37:03-03:00	1.67	1.56	0.09	43564	0	1	485370	36bfe40eed33c8b8cb491894acd6f63c05c13e0d7a15a6e6f7b9401246d94c6d
az-anticorr-folgada	bfd	67	none	configs/scenarios/fase1/geo9_azure_anticorr_folgada.yaml	2026-08-07T13:37:01-03:00	2026-08-07T13:37:03-03:00	1.49	1.38	0.10	43676	0	1	485383	36bfe40eed33c8b8cb491894acd6f63c05c13e0d7a15a6e6f7b9401246d94c6d
az-anticorr-folgada	bfd	68	none	configs/scenarios/fase1/geo9_azure_anticorr_folgada.yaml	2026-08-07T13:37:01-03:00	2026-08-07T13:37:03-03:00	1.59	1.47	0.11	58348	0	1	485396	36bfe40eed33c8b8cb491894acd6f63c05c13e0d7a15a6e6f7b9401246d94c6d
az-anticorr-folgada	bfd	69	none	configs/scenarios/fase1/geo9_azure_anticorr_folgada.yaml	2026-08-07T13:37:02-03:00	2026-08-07T13:37:03-03:00	1.66	1.51	0.10	43340	0	1	485437	36bfe40eed33c8b8cb491894acd6f63c05c13e0d7a15a6e6f7b9401246d94c6d
az-anticorr-folgada	bfd	70	none	configs/scenarios/fase1/geo9_azure_anticorr_folgada.yaml	2026-08-07T13:37:02-03:00	2026-08-07T13:37:03-03:00	1.68	1.51	0.11	57260	0	1	485461	36bfe40eed33c8b8cb491894acd6f63c05c13e0d7a15a6e6f7b9401246d94c6d
az-anticorr-folgada	bfd	71	none	configs/scenarios/fase1/geo9_azure_anticorr_folgada.yaml	2026-08-07T13:37:02-03:00	2026-08-07T13:37:03-03:00	1.45	1.32	0.10	57544	0	1	485474	36bfe40eed33c8b8cb491894acd6f63c05c13e0d7a15a6e6f7b9401246d94c6d
az-anticorr-folgada	cnemesis	52	cnemesis	configs/scenarios/fase1/geo9_azure_anticorr_folgada.yaml	2026-08-07T13:37:17-03:00	2026-08-07T13:37:18-03:00	1.67	1.54	0.12	46928	0	1	486815	36bfe40eed33c8b8cb491894acd6f63c05c13e0d7a15a6e6f7b9401246d94c6d
az-anticorr-folgada	cnemesis	53	cnemesis	configs/scenarios/fase1/geo9_azure_anticorr_folgada.yaml	2026-08-07T13:37:17-03:00	2026-08-07T13:37:19-03:00	1.74	1.61	0.11	46984	0	1	486846	36bfe40eed33c8b8cb491894acd6f63c05c13e0d7a15a6e6f7b9401246d94c6d
az-anticorr-folgada	cnemesis	54	cnemesis	configs/scenarios/fase1/geo9_azure_anticorr_folgada.yaml	2026-08-07T13:37:17-03:00	2026-08-07T13:37:19-03:00	1.84	1.67	0.16	46832	0	1	486870	36bfe40eed33c8b8cb491894acd6f63c05c13e0d7a15a6e6f7b9401246d94c6d
az-anticorr-folgada	cnemesis	55	cnemesis	configs/scenarios/fase1/geo9_azure_anticorr_folgada.yaml	2026-08-07T13:37:18-03:00	2026-08-07T13:37:19-03:00	1.83	1.70	0.12	46852	0	1	486883	36bfe40eed33c8b8cb491894acd6f63c05c13e0d7a15a6e6f7b9401246d94c6d
az-anticorr-folgada	cnemesis	56	cnemesis	configs/scenarios/fase1/geo9_azure_anticorr_folgada.yaml	2026-08-07T13:37:18-03:00	2026-08-07T13:37:19-03:00	1.84	1.72	0.12	46944	0	1	486896	36bfe40eed33c8b8cb491894acd6f63c05c13e0d7a15a6e6f7b9401246d94c6d
az-anticorr-folgada	cnemesis	57	cnemesis	configs/scenarios/fase1/geo9_azure_anticorr_folgada.yaml	2026-08-07T13:37:18-03:00	2026-08-07T13:37:19-03:00	1.81	1.66	0.14	46952	0	1	486909	36bfe40eed33c8b8cb491894acd6f63c05c13e0d7a15a6e6f7b9401246d94c6d
az-anticorr-folgada	cnemesis	58	cnemesis	configs/scenarios/fase1/geo9_azure_anticorr_folgada.yaml	2026-08-07T13:37:18-03:00	2026-08-07T13:37:20-03:00	1.93	1.76	0.13	46516	0	1	486932	36bfe40eed33c8b8cb491894acd6f63c05c13e0d7a15a6e6f7b9401246d94c6d
az-anticorr-folgada	cnemesis	59	cnemesis	configs/scenarios/fase1/geo9_azure_anticorr_folgada.yaml	2026-08-07T13:37:18-03:00	2026-08-07T13:37:20-03:00	1.72	1.60	0.11	46772	0	1	486955	36bfe40eed33c8b8cb491894acd6f63c05c13e0d7a15a6e6f7b9401246d94c6d
az-anticorr-folgada	cnemesis	60	cnemesis	configs/scenarios/fase1/geo9_azure_anticorr_folgada.yaml	2026-08-07T13:37:19-03:00	2026-08-07T13:37:20-03:00	1.74	1.63	0.10	47192	0	1	486968	36bfe40eed33c8b8cb491894acd6f63c05c13e0d7a15a6e6f7b9401246d94c6d
az-anticorr-folgada	cnemesis	61	cnemesis	configs/scenarios/fase1/geo9_azure_anticorr_folgada.yaml	2026-08-07T13:37:19-03:00	2026-08-07T13:37:20-03:00	1.57	1.44	0.11	46816	0	1	486981	36bfe40eed33c8b8cb491894acd6f63c05c13e0d7a15a6e6f7b9401246d94c6d
az-anticorr-folgada	cnemesis	62	cnemesis	configs/scenarios/fase1/geo9_azure_anticorr_folgada.yaml	2026-08-07T13:37:19-03:00	2026-08-07T13:37:21-03:00	1.89	1.75	0.13	46760	0	1	486994	36bfe40eed33c8b8cb491894acd6f63c05c13e0d7a15a6e6f7b9401246d94c6d
az-anticorr-folgada	cnemesis	63	cnemesis	configs/scenarios/fase1/geo9_azure_anticorr_folgada.yaml	2026-08-07T13:37:19-03:00	2026-08-07T13:37:21-03:00	1.97	1.83	0.12	47064	0	1	487013	36bfe40eed33c8b8cb491894acd6f63c05c13e0d7a15a6e6f7b9401246d94c6d
az-anticorr-folgada	cnemesis	64	cnemesis	configs/scenarios/fase1/geo9_azure_anticorr_folgada.yaml	2026-08-07T13:37:19-03:00	2026-08-07T13:37:21-03:00	1.92	1.75	0.15	46788	0	1	487030	36bfe40eed33c8b8cb491894acd6f63c05c13e0d7a15a6e6f7b9401246d94c6d
az-anticorr-folgada	cnemesis	65	cnemesis	configs/scenarios/fase1/geo9_azure_anticorr_folgada.yaml	2026-08-07T13:37:19-03:00	2026-08-07T13:37:21-03:00	1.63	1.50	0.12	47248	0	1	487043	36bfe40eed33c8b8cb491894acd6f63c05c13e0d7a15a6e6f7b9401246d94c6d
az-anticorr-folgada	cnemesis	66	cnemesis	configs/scenarios/fase1/geo9_azure_anticorr_folgada.yaml	2026-08-07T13:37:19-03:00	2026-08-07T13:37:21-03:00	1.65	1.52	0.13	47204	0	1	487056	36bfe40eed33c8b8cb491894acd6f63c05c13e0d7a15a6e6f7b9401246d94c6d
az-anticorr-folgada	cnemesis	67	cnemesis	configs/scenarios/fase1/geo9_azure_anticorr_folgada.yaml	2026-08-07T13:37:20-03:00	2026-08-07T13:37:21-03:00	1.66	1.54	0.11	46912	0	1	487069	36bfe40eed33c8b8cb491894acd6f63c05c13e0d7a15a6e6f7b9401246d94c6d
az-anticorr-folgada	cnemesis	68	cnemesis	configs/scenarios/fase1/geo9_azure_anticorr_folgada.yaml	2026-08-07T13:37:20-03:00	2026-08-07T13:37:21-03:00	1.48	1.37	0.10	46740	0	1	487082	36bfe40eed33c8b8cb491894acd6f63c05c13e0d7a15a6e6f7b9401246d94c6d
az-anticorr-folgada	cnemesis	69	cnemesis	configs/scenarios/fase1/geo9_azure_anticorr_folgada.yaml	2026-08-07T13:37:20-03:00	2026-08-07T13:37:22-03:00	1.76	1.62	0.11	46776	0	1	487116	36bfe40eed33c8b8cb491894acd6f63c05c13e0d7a15a6e6f7b9401246d94c6d
az-anticorr-folgada	cnemesis	70	cnemesis	configs/scenarios/fase1/geo9_azure_anticorr_folgada.yaml	2026-08-07T13:37:20-03:00	2026-08-07T13:37:22-03:00	1.38	1.27	0.10	46932	0	1	487129	36bfe40eed33c8b8cb491894acd6f63c05c13e0d7a15a6e6f7b9401246d94c6d
az-anticorr-folgada	cnemesis	71	cnemesis	configs/scenarios/fase1/geo9_azure_anticorr_folgada.yaml	2026-08-07T13:37:20-03:00	2026-08-07T13:37:22-03:00	1.83	1.70	0.12	47028	0	1	487142	36bfe40eed33c8b8cb491894acd6f63c05c13e0d7a15a6e6f7b9401246d94c6d
az-anticorr-folgada	ffd	52	none	configs/scenarios/fase1/geo9_azure_anticorr_folgada.yaml	2026-08-07T13:36:56-03:00	2026-08-07T13:36:57-03:00	1.38	1.27	0.09	57500	0	1	484840	36bfe40eed33c8b8cb491894acd6f63c05c13e0d7a15a6e6f7b9401246d94c6d
az-anticorr-folgada	ffd	53	none	configs/scenarios/fase1/geo9_azure_anticorr_folgada.yaml	2026-08-07T13:36:56-03:00	2026-08-07T13:36:58-03:00	1.49	1.35	0.11	58164	0	1	484853	36bfe40eed33c8b8cb491894acd6f63c05c13e0d7a15a6e6f7b9401246d94c6d
az-anticorr-folgada	ffd	54	none	configs/scenarios/fase1/geo9_azure_anticorr_folgada.yaml	2026-08-07T13:36:56-03:00	2026-08-07T13:36:58-03:00	1.52	1.41	0.09	58208	0	1	484866	36bfe40eed33c8b8cb491894acd6f63c05c13e0d7a15a6e6f7b9401246d94c6d
az-anticorr-folgada	ffd	55	none	configs/scenarios/fase1/geo9_azure_anticorr_folgada.yaml	2026-08-07T13:36:56-03:00	2026-08-07T13:36:58-03:00	1.43	1.32	0.10	57244	0	1	484879	36bfe40eed33c8b8cb491894acd6f63c05c13e0d7a15a6e6f7b9401246d94c6d
az-anticorr-folgada	ffd	56	none	configs/scenarios/fase1/geo9_azure_anticorr_folgada.yaml	2026-08-07T13:36:57-03:00	2026-08-07T13:36:58-03:00	1.46	1.33	0.10	57156	0	1	484911	36bfe40eed33c8b8cb491894acd6f63c05c13e0d7a15a6e6f7b9401246d94c6d
az-anticorr-folgada	ffd	57	none	configs/scenarios/fase1/geo9_azure_anticorr_folgada.yaml	2026-08-07T13:36:57-03:00	2026-08-07T13:36:58-03:00	1.56	1.44	0.11	58040	0	1	484936	36bfe40eed33c8b8cb491894acd6f63c05c13e0d7a15a6e6f7b9401246d94c6d
az-anticorr-folgada	ffd	58	none	configs/scenarios/fase1/geo9_azure_anticorr_folgada.yaml	2026-08-07T13:36:57-03:00	2026-08-07T13:36:58-03:00	1.57	1.44	0.12	57296	0	1	484949	36bfe40eed33c8b8cb491894acd6f63c05c13e0d7a15a6e6f7b9401246d94c6d
az-anticorr-folgada	ffd	59	none	configs/scenarios/fase1/geo9_azure_anticorr_folgada.yaml	2026-08-07T13:36:57-03:00	2026-08-07T13:36:58-03:00	1.36	1.26	0.09	58356	0	1	484962	36bfe40eed33c8b8cb491894acd6f63c05c13e0d7a15a6e6f7b9401246d94c6d
az-anticorr-folgada	ffd	60	none	configs/scenarios/fase1/geo9_azure_anticorr_folgada.yaml	2026-08-07T13:36:57-03:00	2026-08-07T13:36:59-03:00	1.26	1.14	0.11	57028	0	1	484975	36bfe40eed33c8b8cb491894acd6f63c05c13e0d7a15a6e6f7b9401246d94c6d
az-anticorr-folgada	ffd	61	none	configs/scenarios/fase1/geo9_azure_anticorr_folgada.yaml	2026-08-07T13:36:58-03:00	2026-08-07T13:36:59-03:00	1.41	1.29	0.11	57716	0	1	484999	36bfe40eed33c8b8cb491894acd6f63c05c13e0d7a15a6e6f7b9401246d94c6d
az-anticorr-folgada	ffd	62	none	configs/scenarios/fase1/geo9_azure_anticorr_folgada.yaml	2026-08-07T13:36:58-03:00	2026-08-07T13:36:59-03:00	1.34	1.24	0.09	57160	0	1	485018	36bfe40eed33c8b8cb491894acd6f63c05c13e0d7a15a6e6f7b9401246d94c6d
az-anticorr-folgada	ffd	63	none	configs/scenarios/fase1/geo9_azure_anticorr_folgada.yaml	2026-08-07T13:36:58-03:00	2026-08-07T13:36:59-03:00	1.51	1.40	0.10	58040	0	1	485031	36bfe40eed33c8b8cb491894acd6f63c05c13e0d7a15a6e6f7b9401246d94c6d
az-anticorr-folgada	ffd	64	none	configs/scenarios/fase1/geo9_azure_anticorr_folgada.yaml	2026-08-07T13:36:58-03:00	2026-08-07T13:36:59-03:00	1.54	1.43	0.11	57436	0	1	485044	36bfe40eed33c8b8cb491894acd6f63c05c13e0d7a15a6e6f7b9401246d94c6d
az-anticorr-folgada	ffd	65	none	configs/scenarios/fase1/geo9_azure_anticorr_folgada.yaml	2026-08-07T13:36:58-03:00	2026-08-07T13:37:00-03:00	1.70	1.59	0.10	57880	0	1	485057	36bfe40eed33c8b8cb491894acd6f63c05c13e0d7a15a6e6f7b9401246d94c6d
az-anticorr-folgada	ffd	66	none	configs/scenarios/fase1/geo9_azure_anticorr_folgada.yaml	2026-08-07T13:36:58-03:00	2026-08-07T13:37:00-03:00	1.28	1.17	0.10	58372	0	1	485070	36bfe40eed33c8b8cb491894acd6f63c05c13e0d7a15a6e6f7b9401246d94c6d
az-anticorr-folgada	ffd	67	none	configs/scenarios/fase1/geo9_azure_anticorr_folgada.yaml	2026-08-07T13:36:58-03:00	2026-08-07T13:37:00-03:00	1.66	1.49	0.13	58204	0	1	485083	36bfe40eed33c8b8cb491894acd6f63c05c13e0d7a15a6e6f7b9401246d94c6d
az-anticorr-folgada	ffd	68	none	configs/scenarios/fase1/geo9_azure_anticorr_folgada.yaml	2026-08-07T13:36:58-03:00	2026-08-07T13:37:00-03:00	1.60	1.48	0.11	58236	0	1	485096	36bfe40eed33c8b8cb491894acd6f63c05c13e0d7a15a6e6f7b9401246d94c6d
az-anticorr-folgada	ffd	69	none	configs/scenarios/fase1/geo9_azure_anticorr_folgada.yaml	2026-08-07T13:36:59-03:00	2026-08-07T13:37:00-03:00	1.06	0.97	0.08	58624	0	1	485109	36bfe40eed33c8b8cb491894acd6f63c05c13e0d7a15a6e6f7b9401246d94c6d
az-anticorr-folgada	ffd	70	none	configs/scenarios/fase1/geo9_azure_anticorr_folgada.yaml	2026-08-07T13:36:59-03:00	2026-08-07T13:37:00-03:00	1.37	1.25	0.11	57136	0	1	485133	36bfe40eed33c8b8cb491894acd6f63c05c13e0d7a15a6e6f7b9401246d94c6d
az-anticorr-folgada	ffd	71	none	configs/scenarios/fase1/geo9_azure_anticorr_folgada.yaml	2026-08-07T13:36:59-03:00	2026-08-07T13:37:00-03:00	1.28	1.17	0.10	57288	0	1	485146	36bfe40eed33c8b8cb491894acd6f63c05c13e0d7a15a6e6f7b9401246d94c6d
az-anticorr-folgada	first_fit	52	none	configs/scenarios/fase1/geo9_azure_anticorr_folgada.yaml	2026-08-07T13:36:35-03:00	2026-08-07T13:36:37-03:00	1.45	1.32	0.11	57496	0	1	483412	36bfe40eed33c8b8cb491894acd6f63c05c13e0d7a15a6e6f7b9401246d94c6d
az-anticorr-folgada	first_fit	53	none	configs/scenarios/fase1/geo9_azure_anticorr_folgada.yaml	2026-08-07T13:36:36-03:00	2026-08-07T13:36:38-03:00	1.52	1.38	0.11	58740	0	1	483435	36bfe40eed33c8b8cb491894acd6f63c05c13e0d7a15a6e6f7b9401246d94c6d
az-anticorr-folgada	first_fit	54	none	configs/scenarios/fase1/geo9_azure_anticorr_folgada.yaml	2026-08-07T13:36:37-03:00	2026-08-07T13:36:38-03:00	1.40	1.28	0.11	58252	0	1	483468	36bfe40eed33c8b8cb491894acd6f63c05c13e0d7a15a6e6f7b9401246d94c6d
az-anticorr-folgada	first_fit	55	none	configs/scenarios/fase1/geo9_azure_anticorr_folgada.yaml	2026-08-07T13:36:38-03:00	2026-08-07T13:36:39-03:00	1.23	1.11	0.09	57532	0	1	483502	36bfe40eed33c8b8cb491894acd6f63c05c13e0d7a15a6e6f7b9401246d94c6d
az-anticorr-folgada	first_fit	56	none	configs/scenarios/fase1/geo9_azure_anticorr_folgada.yaml	2026-08-07T13:36:38-03:00	2026-08-07T13:36:39-03:00	1.15	1.05	0.09	56948	0	1	483522	36bfe40eed33c8b8cb491894acd6f63c05c13e0d7a15a6e6f7b9401246d94c6d
az-anticorr-folgada	first_fit	57	none	configs/scenarios/fase1/geo9_azure_anticorr_folgada.yaml	2026-08-07T13:36:38-03:00	2026-08-07T13:36:39-03:00	1.50	1.38	0.11	57920	0	1	483524	36bfe40eed33c8b8cb491894acd6f63c05c13e0d7a15a6e6f7b9401246d94c6d
az-anticorr-folgada	first_fit	58	none	configs/scenarios/fase1/geo9_azure_anticorr_folgada.yaml	2026-08-07T13:36:39-03:00	2026-08-07T13:36:40-03:00	1.42	1.28	0.10	57196	0	1	483551	36bfe40eed33c8b8cb491894acd6f63c05c13e0d7a15a6e6f7b9401246d94c6d
az-anticorr-folgada	first_fit	59	none	configs/scenarios/fase1/geo9_azure_anticorr_folgada.yaml	2026-08-07T13:36:39-03:00	2026-08-07T13:36:40-03:00	1.39	1.28	0.10	58432	0	1	483564	36bfe40eed33c8b8cb491894acd6f63c05c13e0d7a15a6e6f7b9401246d94c6d
az-anticorr-folgada	first_fit	60	none	configs/scenarios/fase1/geo9_azure_anticorr_folgada.yaml	2026-08-07T13:36:39-03:00	2026-08-07T13:36:41-03:00	1.46	1.34	0.10	57232	0	1	483596	36bfe40eed33c8b8cb491894acd6f63c05c13e0d7a15a6e6f7b9401246d94c6d
az-anticorr-folgada	first_fit	61	none	configs/scenarios/fase1/geo9_azure_anticorr_folgada.yaml	2026-08-07T13:36:39-03:00	2026-08-07T13:36:41-03:00	1.36	1.22	0.11	58236	0	1	483609	36bfe40eed33c8b8cb491894acd6f63c05c13e0d7a15a6e6f7b9401246d94c6d
az-anticorr-folgada	first_fit	62	none	configs/scenarios/fase1/geo9_azure_anticorr_folgada.yaml	2026-08-07T13:36:40-03:00	2026-08-07T13:36:41-03:00	1.45	1.31	0.12	57320	0	1	483622	36bfe40eed33c8b8cb491894acd6f63c05c13e0d7a15a6e6f7b9401246d94c6d
az-anticorr-folgada	first_fit	63	none	configs/scenarios/fase1/geo9_azure_anticorr_folgada.yaml	2026-08-07T13:36:40-03:00	2026-08-07T13:36:42-03:00	1.53	1.42	0.10	58364	0	1	483650	36bfe40eed33c8b8cb491894acd6f63c05c13e0d7a15a6e6f7b9401246d94c6d
az-anticorr-folgada	first_fit	64	none	configs/scenarios/fase1/geo9_azure_anticorr_folgada.yaml	2026-08-07T13:36:40-03:00	2026-08-07T13:36:42-03:00	1.49	1.37	0.12	57604	0	1	483659	36bfe40eed33c8b8cb491894acd6f63c05c13e0d7a15a6e6f7b9401246d94c6d
az-anticorr-folgada	first_fit	65	none	configs/scenarios/fase1/geo9_azure_anticorr_folgada.yaml	2026-08-07T13:36:41-03:00	2026-08-07T13:36:42-03:00	1.42	1.29	0.11	58064	0	1	483672	36bfe40eed33c8b8cb491894acd6f63c05c13e0d7a15a6e6f7b9401246d94c6d
az-anticorr-folgada	first_fit	66	none	configs/scenarios/fase1/geo9_azure_anticorr_folgada.yaml	2026-08-07T13:36:41-03:00	2026-08-07T13:36:42-03:00	1.27	1.14	0.11	58724	0	1	483685	36bfe40eed33c8b8cb491894acd6f63c05c13e0d7a15a6e6f7b9401246d94c6d
az-anticorr-folgada	first_fit	67	none	configs/scenarios/fase1/geo9_azure_anticorr_folgada.yaml	2026-08-07T13:36:41-03:00	2026-08-07T13:36:43-03:00	1.62	1.48	0.12	58368	0	1	483734	36bfe40eed33c8b8cb491894acd6f63c05c13e0d7a15a6e6f7b9401246d94c6d
az-anticorr-folgada	first_fit	68	none	configs/scenarios/fase1/geo9_azure_anticorr_folgada.yaml	2026-08-07T13:36:42-03:00	2026-08-07T13:36:43-03:00	1.52	1.40	0.11	58340	0	1	483755	36bfe40eed33c8b8cb491894acd6f63c05c13e0d7a15a6e6f7b9401246d94c6d
az-anticorr-folgada	first_fit	69	none	configs/scenarios/fase1/geo9_azure_anticorr_folgada.yaml	2026-08-07T13:36:42-03:00	2026-08-07T13:36:43-03:00	1.58	1.46	0.10	58792	0	1	483768	36bfe40eed33c8b8cb491894acd6f63c05c13e0d7a15a6e6f7b9401246d94c6d
az-anticorr-folgada	first_fit	70	none	configs/scenarios/fase1/geo9_azure_anticorr_folgada.yaml	2026-08-07T13:36:42-03:00	2026-08-07T13:36:44-03:00	1.62	1.48	0.11	57148	0	1	483781	36bfe40eed33c8b8cb491894acd6f63c05c13e0d7a15a6e6f7b9401246d94c6d
az-anticorr-folgada	first_fit	71	none	configs/scenarios/fase1/geo9_azure_anticorr_folgada.yaml	2026-08-07T13:36:42-03:00	2026-08-07T13:36:44-03:00	1.59	1.44	0.12	57444	0	1	483794	36bfe40eed33c8b8cb491894acd6f63c05c13e0d7a15a6e6f7b9401246d94c6d
az-anticorr-folgada	follow_renewables	52	follow_renewables	configs/scenarios/fase1/geo9_azure_anticorr_folgada.yaml	2026-08-07T13:37:05-03:00	2026-08-07T13:37:06-03:00	1.14	1.04	0.09	57848	0	1	485801	36bfe40eed33c8b8cb491894acd6f63c05c13e0d7a15a6e6f7b9401246d94c6d
az-anticorr-folgada	follow_renewables	53	follow_renewables	configs/scenarios/fase1/geo9_azure_anticorr_folgada.yaml	2026-08-07T13:37:05-03:00	2026-08-07T13:37:07-03:00	1.40	1.28	0.10	59028	0	1	485814	36bfe40eed33c8b8cb491894acd6f63c05c13e0d7a15a6e6f7b9401246d94c6d
az-anticorr-folgada	follow_renewables	54	follow_renewables	configs/scenarios/fase1/geo9_azure_anticorr_folgada.yaml	2026-08-07T13:37:06-03:00	2026-08-07T13:37:08-03:00	1.70	1.59	0.10	58740	0	1	485849	36bfe40eed33c8b8cb491894acd6f63c05c13e0d7a15a6e6f7b9401246d94c6d
az-anticorr-folgada	follow_renewables	55	follow_renewables	configs/scenarios/fase1/geo9_azure_anticorr_folgada.yaml	2026-08-07T13:37:06-03:00	2026-08-07T13:37:08-03:00	1.66	1.53	0.12	57876	0	1	485858	36bfe40eed33c8b8cb491894acd6f63c05c13e0d7a15a6e6f7b9401246d94c6d
az-anticorr-folgada	follow_renewables	56	follow_renewables	configs/scenarios/fase1/geo9_azure_anticorr_folgada.yaml	2026-08-07T13:37:06-03:00	2026-08-07T13:37:08-03:00	1.72	1.60	0.10	57748	0	1	485871	36bfe40eed33c8b8cb491894acd6f63c05c13e0d7a15a6e6f7b9401246d94c6d
az-anticorr-folgada	follow_renewables	57	follow_renewables	configs/scenarios/fase1/geo9_azure_anticorr_folgada.yaml	2026-08-07T13:37:06-03:00	2026-08-07T13:37:08-03:00	1.71	1.61	0.10	58660	0	1	485884	36bfe40eed33c8b8cb491894acd6f63c05c13e0d7a15a6e6f7b9401246d94c6d
az-anticorr-folgada	follow_renewables	58	follow_renewables	configs/scenarios/fase1/geo9_azure_anticorr_folgada.yaml	2026-08-07T13:37:06-03:00	2026-08-07T13:37:08-03:00	1.51	1.39	0.10	57648	0	1	485897	36bfe40eed33c8b8cb491894acd6f63c05c13e0d7a15a6e6f7b9401246d94c6d
az-anticorr-folgada	follow_renewables	59	follow_renewables	configs/scenarios/fase1/geo9_azure_anticorr_folgada.yaml	2026-08-07T13:37:06-03:00	2026-08-07T13:37:08-03:00	1.20	1.10	0.09	58752	0	1	485917	36bfe40eed33c8b8cb491894acd6f63c05c13e0d7a15a6e6f7b9401246d94c6d
az-anticorr-folgada	follow_renewables	60	follow_renewables	configs/scenarios/fase1/geo9_azure_anticorr_folgada.yaml	2026-08-07T13:37:06-03:00	2026-08-07T13:37:08-03:00	1.59	1.46	0.12	57636	0	1	485919	36bfe40eed33c8b8cb491894acd6f63c05c13e0d7a15a6e6f7b9401246d94c6d
az-anticorr-folgada	follow_renewables	61	follow_renewables	configs/scenarios/fase1/geo9_azure_anticorr_folgada.yaml	2026-08-07T13:37:06-03:00	2026-08-07T13:37:08-03:00	1.62	1.50	0.11	58700	0	1	485936	36bfe40eed33c8b8cb491894acd6f63c05c13e0d7a15a6e6f7b9401246d94c6d
az-anticorr-folgada	follow_renewables	62	follow_renewables	configs/scenarios/fase1/geo9_azure_anticorr_folgada.yaml	2026-08-07T13:37:07-03:00	2026-08-07T13:37:08-03:00	1.61	1.49	0.11	57556	0	1	485949	36bfe40eed33c8b8cb491894acd6f63c05c13e0d7a15a6e6f7b9401246d94c6d
az-anticorr-folgada	follow_renewables	63	follow_renewables	configs/scenarios/fase1/geo9_azure_anticorr_folgada.yaml	2026-08-07T13:37:07-03:00	2026-08-07T13:37:08-03:00	1.37	1.23	0.12	58684	0	1	485981	36bfe40eed33c8b8cb491894acd6f63c05c13e0d7a15a6e6f7b9401246d94c6d
az-anticorr-folgada	follow_renewables	64	follow_renewables	configs/scenarios/fase1/geo9_azure_anticorr_folgada.yaml	2026-08-07T13:37:08-03:00	2026-08-07T13:37:09-03:00	1.52	1.38	0.12	57872	0	1	486004	36bfe40eed33c8b8cb491894acd6f63c05c13e0d7a15a6e6f7b9401246d94c6d
az-anticorr-folgada	follow_renewables	65	follow_renewables	configs/scenarios/fase1/geo9_azure_anticorr_folgada.yaml	2026-08-07T13:37:08-03:00	2026-08-07T13:37:09-03:00	1.52	1.42	0.10	58440	0	1	486035	36bfe40eed33c8b8cb491894acd6f63c05c13e0d7a15a6e6f7b9401246d94c6d
az-anticorr-folgada	follow_renewables	66	follow_renewables	configs/scenarios/fase1/geo9_azure_anticorr_folgada.yaml	2026-08-07T13:37:08-03:00	2026-08-07T13:37:10-03:00	1.94	1.81	0.12	59048	0	1	486053	36bfe40eed33c8b8cb491894acd6f63c05c13e0d7a15a6e6f7b9401246d94c6d
az-anticorr-folgada	follow_renewables	67	follow_renewables	configs/scenarios/fase1/geo9_azure_anticorr_folgada.yaml	2026-08-07T13:37:08-03:00	2026-08-07T13:37:10-03:00	1.76	1.64	0.11	58840	0	1	486071	36bfe40eed33c8b8cb491894acd6f63c05c13e0d7a15a6e6f7b9401246d94c6d
az-anticorr-folgada	follow_renewables	68	follow_renewables	configs/scenarios/fase1/geo9_azure_anticorr_folgada.yaml	2026-08-07T13:37:08-03:00	2026-08-07T13:37:10-03:00	1.64	1.51	0.11	58856	0	1	486077	36bfe40eed33c8b8cb491894acd6f63c05c13e0d7a15a6e6f7b9401246d94c6d
az-anticorr-folgada	follow_renewables	69	follow_renewables	configs/scenarios/fase1/geo9_azure_anticorr_folgada.yaml	2026-08-07T13:37:08-03:00	2026-08-07T13:37:09-03:00	1.23	1.11	0.10	59228	0	1	486100	36bfe40eed33c8b8cb491894acd6f63c05c13e0d7a15a6e6f7b9401246d94c6d
az-anticorr-folgada	follow_renewables	70	follow_renewables	configs/scenarios/fase1/geo9_azure_anticorr_folgada.yaml	2026-08-07T13:37:08-03:00	2026-08-07T13:37:09-03:00	1.24	1.13	0.10	57644	0	1	486101	36bfe40eed33c8b8cb491894acd6f63c05c13e0d7a15a6e6f7b9401246d94c6d
az-anticorr-folgada	follow_renewables	71	follow_renewables	configs/scenarios/fase1/geo9_azure_anticorr_folgada.yaml	2026-08-07T13:37:08-03:00	2026-08-07T13:37:10-03:00	1.65	1.51	0.12	57716	0	1	486118	36bfe40eed33c8b8cb491894acd6f63c05c13e0d7a15a6e6f7b9401246d94c6d
az-anticorr-folgada	followme_s	52	followme_s	configs/scenarios/fase1/geo9_azure_anticorr_folgada.yaml	2026-08-07T13:37:12-03:00	2026-08-07T13:37:14-03:00	2.24	2.11	0.12	51160	0	1	486454	36bfe40eed33c8b8cb491894acd6f63c05c13e0d7a15a6e6f7b9401246d94c6d
az-anticorr-folgada	followme_s	53	followme_s	configs/scenarios/fase1/geo9_azure_anticorr_folgada.yaml	2026-08-07T13:37:12-03:00	2026-08-07T13:37:14-03:00	2.23	2.06	0.14	50848	0	1	486487	36bfe40eed33c8b8cb491894acd6f63c05c13e0d7a15a6e6f7b9401246d94c6d
az-anticorr-folgada	followme_s	54	followme_s	configs/scenarios/fase1/geo9_azure_anticorr_folgada.yaml	2026-08-07T13:37:13-03:00	2026-08-07T13:37:16-03:00	2.66	2.51	0.13	51732	0	1	486520	36bfe40eed33c8b8cb491894acd6f63c05c13e0d7a15a6e6f7b9401246d94c6d
az-anticorr-folgada	followme_s	55	followme_s	configs/scenarios/fase1/geo9_azure_anticorr_folgada.yaml	2026-08-07T13:37:13-03:00	2026-08-07T13:37:15-03:00	2.07	1.84	0.19	50816	0	1	486533	36bfe40eed33c8b8cb491894acd6f63c05c13e0d7a15a6e6f7b9401246d94c6d
az-anticorr-folgada	followme_s	56	followme_s	configs/scenarios/fase1/geo9_azure_anticorr_folgada.yaml	2026-08-07T13:37:13-03:00	2026-08-07T13:37:16-03:00	2.67	2.52	0.13	51228	0	1	486556	36bfe40eed33c8b8cb491894acd6f63c05c13e0d7a15a6e6f7b9401246d94c6d
az-anticorr-folgada	followme_s	57	followme_s	configs/scenarios/fase1/geo9_azure_anticorr_folgada.yaml	2026-08-07T13:37:13-03:00	2026-08-07T13:37:15-03:00	2.05	1.90	0.14	51492	0	1	486569	36bfe40eed33c8b8cb491894acd6f63c05c13e0d7a15a6e6f7b9401246d94c6d
az-anticorr-folgada	followme_s	58	followme_s	configs/scenarios/fase1/geo9_azure_anticorr_folgada.yaml	2026-08-07T13:37:13-03:00	2026-08-07T13:37:17-03:00	3.43	3.28	0.12	51588	0	1	486590	36bfe40eed33c8b8cb491894acd6f63c05c13e0d7a15a6e6f7b9401246d94c6d
az-anticorr-folgada	followme_s	59	followme_s	configs/scenarios/fase1/geo9_azure_anticorr_folgada.yaml	2026-08-07T13:37:13-03:00	2026-08-07T13:37:16-03:00	2.24	2.09	0.12	51176	0	1	486591	36bfe40eed33c8b8cb491894acd6f63c05c13e0d7a15a6e6f7b9401246d94c6d
az-anticorr-folgada	followme_s	60	followme_s	configs/scenarios/fase1/geo9_azure_anticorr_folgada.yaml	2026-08-07T13:37:14-03:00	2026-08-07T13:37:16-03:00	2.71	2.53	0.16	51348	0	1	486612	36bfe40eed33c8b8cb491894acd6f63c05c13e0d7a15a6e6f7b9401246d94c6d
az-anticorr-folgada	followme_s	61	followme_s	configs/scenarios/fase1/geo9_azure_anticorr_folgada.yaml	2026-08-07T13:37:14-03:00	2026-08-07T13:37:16-03:00	2.11	1.97	0.14	50996	0	1	486621	36bfe40eed33c8b8cb491894acd6f63c05c13e0d7a15a6e6f7b9401246d94c6d
az-anticorr-folgada	followme_s	62	followme_s	configs/scenarios/fase1/geo9_azure_anticorr_folgada.yaml	2026-08-07T13:37:14-03:00	2026-08-07T13:37:16-03:00	2.09	1.95	0.13	51484	0	1	486655	36bfe40eed33c8b8cb491894acd6f63c05c13e0d7a15a6e6f7b9401246d94c6d
az-anticorr-folgada	followme_s	63	followme_s	configs/scenarios/fase1/geo9_azure_anticorr_folgada.yaml	2026-08-07T13:37:14-03:00	2026-08-07T13:37:17-03:00	2.41	2.26	0.14	51604	0	1	486668	36bfe40eed33c8b8cb491894acd6f63c05c13e0d7a15a6e6f7b9401246d94c6d
az-anticorr-folgada	followme_s	64	followme_s	configs/scenarios/fase1/geo9_azure_anticorr_folgada.yaml	2026-08-07T13:37:15-03:00	2026-08-07T13:37:17-03:00	2.25	2.07	0.17	51368	0	1	486681	36bfe40eed33c8b8cb491894acd6f63c05c13e0d7a15a6e6f7b9401246d94c6d
az-anticorr-folgada	followme_s	65	followme_s	configs/scenarios/fase1/geo9_azure_anticorr_folgada.yaml	2026-08-07T13:37:15-03:00	2026-08-07T13:37:18-03:00	2.28	2.12	0.14	51052	0	1	486704	36bfe40eed33c8b8cb491894acd6f63c05c13e0d7a15a6e6f7b9401246d94c6d
az-anticorr-folgada	followme_s	66	followme_s	configs/scenarios/fase1/geo9_azure_anticorr_folgada.yaml	2026-08-07T13:37:16-03:00	2026-08-07T13:37:19-03:00	3.17	3.00	0.15	51688	0	1	486717	36bfe40eed33c8b8cb491894acd6f63c05c13e0d7a15a6e6f7b9401246d94c6d
az-anticorr-folgada	followme_s	67	followme_s	configs/scenarios/fase1/geo9_azure_anticorr_folgada.yaml	2026-08-07T13:37:16-03:00	2026-08-07T13:37:18-03:00	1.97	1.81	0.14	51232	0	1	486730	36bfe40eed33c8b8cb491894acd6f63c05c13e0d7a15a6e6f7b9401246d94c6d
az-anticorr-folgada	followme_s	68	followme_s	configs/scenarios/fase1/geo9_azure_anticorr_folgada.yaml	2026-08-07T13:37:16-03:00	2026-08-07T13:37:18-03:00	1.88	1.73	0.14	51528	0	1	486743	36bfe40eed33c8b8cb491894acd6f63c05c13e0d7a15a6e6f7b9401246d94c6d
az-anticorr-folgada	followme_s	69	followme_s	configs/scenarios/fase1/geo9_azure_anticorr_folgada.yaml	2026-08-07T13:37:16-03:00	2026-08-07T13:37:19-03:00	3.30	3.12	0.16	51200	0	1	486766	36bfe40eed33c8b8cb491894acd6f63c05c13e0d7a15a6e6f7b9401246d94c6d
az-anticorr-folgada	followme_s	70	followme_s	configs/scenarios/fase1/geo9_azure_anticorr_folgada.yaml	2026-08-07T13:37:16-03:00	2026-08-07T13:37:18-03:00	1.77	1.60	0.14	51068	0	1	486789	36bfe40eed33c8b8cb491894acd6f63c05c13e0d7a15a6e6f7b9401246d94c6d
az-anticorr-folgada	followme_s	71	followme_s	configs/scenarios/fase1/geo9_azure_anticorr_folgada.yaml	2026-08-07T13:37:16-03:00	2026-08-07T13:37:19-03:00	2.19	2.04	0.13	51312	0	1	486802	36bfe40eed33c8b8cb491894acd6f63c05c13e0d7a15a6e6f7b9401246d94c6d
az-anticorr-folgada	lowest_carbon_dc	52	none	configs/scenarios/fase1/geo9_azure_anticorr_folgada.yaml	2026-08-07T13:37:02-03:00	2026-08-07T13:37:04-03:00	1.68	1.56	0.11	57912	0	1	485487	36bfe40eed33c8b8cb491894acd6f63c05c13e0d7a15a6e6f7b9401246d94c6d
az-anticorr-folgada	lowest_carbon_dc	53	none	configs/scenarios/fase1/geo9_azure_anticorr_folgada.yaml	2026-08-07T13:37:03-03:00	2026-08-07T13:37:04-03:00	1.71	1.56	0.12	58656	0	1	485500	36bfe40eed33c8b8cb491894acd6f63c05c13e0d7a15a6e6f7b9401246d94c6d
az-anticorr-folgada	lowest_carbon_dc	54	none	configs/scenarios/fase1/geo9_azure_anticorr_folgada.yaml	2026-08-07T13:37:03-03:00	2026-08-07T13:37:04-03:00	1.27	1.16	0.10	58652	0	1	485513	36bfe40eed33c8b8cb491894acd6f63c05c13e0d7a15a6e6f7b9401246d94c6d
az-anticorr-folgada	lowest_carbon_dc	55	none	configs/scenarios/fase1/geo9_azure_anticorr_folgada.yaml	2026-08-07T13:37:03-03:00	2026-08-07T13:37:04-03:00	1.51	1.39	0.12	57996	0	1	485537	36bfe40eed33c8b8cb491894acd6f63c05c13e0d7a15a6e6f7b9401246d94c6d
az-anticorr-folgada	lowest_carbon_dc	56	none	configs/scenarios/fase1/geo9_azure_anticorr_folgada.yaml	2026-08-07T13:37:03-03:00	2026-08-07T13:37:05-03:00	1.69	1.57	0.11	57764	0	1	485550	36bfe40eed33c8b8cb491894acd6f63c05c13e0d7a15a6e6f7b9401246d94c6d
az-anticorr-folgada	lowest_carbon_dc	57	none	configs/scenarios/fase1/geo9_azure_anticorr_folgada.yaml	2026-08-07T13:37:03-03:00	2026-08-07T13:37:05-03:00	1.62	1.50	0.11	58560	0	1	485563	36bfe40eed33c8b8cb491894acd6f63c05c13e0d7a15a6e6f7b9401246d94c6d
az-anticorr-folgada	lowest_carbon_dc	58	none	configs/scenarios/fase1/geo9_azure_anticorr_folgada.yaml	2026-08-07T13:37:03-03:00	2026-08-07T13:37:05-03:00	1.54	1.42	0.10	57620	0	1	485576	36bfe40eed33c8b8cb491894acd6f63c05c13e0d7a15a6e6f7b9401246d94c6d
az-anticorr-folgada	lowest_carbon_dc	59	none	configs/scenarios/fase1/geo9_azure_anticorr_folgada.yaml	2026-08-07T13:37:03-03:00	2026-08-07T13:37:05-03:00	1.58	1.46	0.10	58740	0	1	485590	36bfe40eed33c8b8cb491894acd6f63c05c13e0d7a15a6e6f7b9401246d94c6d
az-anticorr-folgada	lowest_carbon_dc	60	none	configs/scenarios/fase1/geo9_azure_anticorr_folgada.yaml	2026-08-07T13:37:03-03:00	2026-08-07T13:37:05-03:00	1.40	1.29	0.10	57536	0	1	485603	36bfe40eed33c8b8cb491894acd6f63c05c13e0d7a15a6e6f7b9401246d94c6d
az-anticorr-folgada	lowest_carbon_dc	61	none	configs/scenarios/fase1/geo9_azure_anticorr_folgada.yaml	2026-08-07T13:37:03-03:00	2026-08-07T13:37:05-03:00	1.34	1.22	0.11	58496	0	1	485616	36bfe40eed33c8b8cb491894acd6f63c05c13e0d7a15a6e6f7b9401246d94c6d
az-anticorr-folgada	lowest_carbon_dc	62	none	configs/scenarios/fase1/geo9_azure_anticorr_folgada.yaml	2026-08-07T13:37:04-03:00	2026-08-07T13:37:05-03:00	1.52	1.36	0.12	57660	0	1	485658	36bfe40eed33c8b8cb491894acd6f63c05c13e0d7a15a6e6f7b9401246d94c6d
az-anticorr-folgada	lowest_carbon_dc	63	none	configs/scenarios/fase1/geo9_azure_anticorr_folgada.yaml	2026-08-07T13:37:04-03:00	2026-08-07T13:37:05-03:00	1.50	1.39	0.10	58588	0	1	485674	36bfe40eed33c8b8cb491894acd6f63c05c13e0d7a15a6e6f7b9401246d94c6d
az-anticorr-folgada	lowest_carbon_dc	64	none	configs/scenarios/fase1/geo9_azure_anticorr_folgada.yaml	2026-08-07T13:37:04-03:00	2026-08-07T13:37:06-03:00	1.82	1.69	0.10	57824	0	1	485687	36bfe40eed33c8b8cb491894acd6f63c05c13e0d7a15a6e6f7b9401246d94c6d
az-anticorr-folgada	lowest_carbon_dc	65	none	configs/scenarios/fase1/geo9_azure_anticorr_folgada.yaml	2026-08-07T13:37:04-03:00	2026-08-07T13:37:06-03:00	1.77	1.63	0.12	58276	0	1	485700	36bfe40eed33c8b8cb491894acd6f63c05c13e0d7a15a6e6f7b9401246d94c6d
az-anticorr-folgada	lowest_carbon_dc	66	none	configs/scenarios/fase1/geo9_azure_anticorr_folgada.yaml	2026-08-07T13:37:05-03:00	2026-08-07T13:37:06-03:00	1.70	1.57	0.13	59076	0	1	485721	36bfe40eed33c8b8cb491894acd6f63c05c13e0d7a15a6e6f7b9401246d94c6d
az-anticorr-folgada	lowest_carbon_dc	67	none	configs/scenarios/fase1/geo9_azure_anticorr_folgada.yaml	2026-08-07T13:37:05-03:00	2026-08-07T13:37:06-03:00	1.50	1.36	0.11	58536	0	1	485722	36bfe40eed33c8b8cb491894acd6f63c05c13e0d7a15a6e6f7b9401246d94c6d
az-anticorr-folgada	lowest_carbon_dc	68	none	configs/scenarios/fase1/geo9_azure_anticorr_folgada.yaml	2026-08-07T13:37:05-03:00	2026-08-07T13:37:06-03:00	1.73	1.61	0.11	58648	0	1	485739	36bfe40eed33c8b8cb491894acd6f63c05c13e0d7a15a6e6f7b9401246d94c6d
az-anticorr-folgada	lowest_carbon_dc	69	none	configs/scenarios/fase1/geo9_azure_anticorr_folgada.yaml	2026-08-07T13:37:05-03:00	2026-08-07T13:37:07-03:00	1.75	1.61	0.12	59004	0	1	485752	36bfe40eed33c8b8cb491894acd6f63c05c13e0d7a15a6e6f7b9401246d94c6d
az-anticorr-folgada	lowest_carbon_dc	70	none	configs/scenarios/fase1/geo9_azure_anticorr_folgada.yaml	2026-08-07T13:37:05-03:00	2026-08-07T13:37:06-03:00	1.65	1.51	0.11	57644	0	1	485765	36bfe40eed33c8b8cb491894acd6f63c05c13e0d7a15a6e6f7b9401246d94c6d
az-anticorr-folgada	lowest_carbon_dc	71	none	configs/scenarios/fase1/geo9_azure_anticorr_folgada.yaml	2026-08-07T13:37:05-03:00	2026-08-07T13:37:06-03:00	1.56	1.44	0.11	57792	0	1	485788	36bfe40eed33c8b8cb491894acd6f63c05c13e0d7a15a6e6f7b9401246d94c6d
az-anticorr-folgada	round_robin	52	none	configs/scenarios/fase1/geo9_azure_anticorr_folgada.yaml	2026-08-07T13:36:52-03:00	2026-08-07T13:36:53-03:00	1.61	1.51	0.10	58176	0	1	484520	36bfe40eed33c8b8cb491894acd6f63c05c13e0d7a15a6e6f7b9401246d94c6d
az-anticorr-folgada	round_robin	53	none	configs/scenarios/fase1/geo9_azure_anticorr_folgada.yaml	2026-08-07T13:36:52-03:00	2026-08-07T13:36:54-03:00	1.80	1.68	0.11	59172	0	1	484533	36bfe40eed33c8b8cb491894acd6f63c05c13e0d7a15a6e6f7b9401246d94c6d
az-anticorr-folgada	round_robin	54	none	configs/scenarios/fase1/geo9_azure_anticorr_folgada.yaml	2026-08-07T13:36:53-03:00	2026-08-07T13:36:54-03:00	1.55	1.42	0.11	58888	0	1	484556	36bfe40eed33c8b8cb491894acd6f63c05c13e0d7a15a6e6f7b9401246d94c6d
az-anticorr-folgada	round_robin	55	none	configs/scenarios/fase1/geo9_azure_anticorr_folgada.yaml	2026-08-07T13:36:53-03:00	2026-08-07T13:36:54-03:00	1.55	1.44	0.10	58216	0	1	484569	36bfe40eed33c8b8cb491894acd6f63c05c13e0d7a15a6e6f7b9401246d94c6d
az-anticorr-folgada	round_robin	56	none	configs/scenarios/fase1/geo9_azure_anticorr_folgada.yaml	2026-08-07T13:36:53-03:00	2026-08-07T13:36:55-03:00	1.68	1.56	0.11	57768	0	1	484582	36bfe40eed33c8b8cb491894acd6f63c05c13e0d7a15a6e6f7b9401246d94c6d
az-anticorr-folgada	round_robin	57	none	configs/scenarios/fase1/geo9_azure_anticorr_folgada.yaml	2026-08-07T13:36:53-03:00	2026-08-07T13:36:55-03:00	1.72	1.60	0.11	58460	0	1	484595	36bfe40eed33c8b8cb491894acd6f63c05c13e0d7a15a6e6f7b9401246d94c6d
az-anticorr-folgada	round_robin	58	none	configs/scenarios/fase1/geo9_azure_anticorr_folgada.yaml	2026-08-07T13:36:53-03:00	2026-08-07T13:36:55-03:00	1.76	1.60	0.11	57976	0	1	484608	36bfe40eed33c8b8cb491894acd6f63c05c13e0d7a15a6e6f7b9401246d94c6d
az-anticorr-folgada	round_robin	59	none	configs/scenarios/fase1/geo9_azure_anticorr_folgada.yaml	2026-08-07T13:36:53-03:00	2026-08-07T13:36:55-03:00	1.53	1.40	0.10	58936	0	1	484636	36bfe40eed33c8b8cb491894acd6f63c05c13e0d7a15a6e6f7b9401246d94c6d
az-anticorr-folgada	round_robin	60	none	configs/scenarios/fase1/geo9_azure_anticorr_folgada.yaml	2026-08-07T13:36:53-03:00	2026-08-07T13:36:55-03:00	1.76	1.64	0.11	57768	0	1	484645	36bfe40eed33c8b8cb491894acd6f63c05c13e0d7a15a6e6f7b9401246d94c6d
az-anticorr-folgada	round_robin	61	none	configs/scenarios/fase1/geo9_azure_anticorr_folgada.yaml	2026-08-07T13:36:54-03:00	2026-08-07T13:36:55-03:00	1.59	1.48	0.09	58576	0	1	484665	36bfe40eed33c8b8cb491894acd6f63c05c13e0d7a15a6e6f7b9401246d94c6d
az-anticorr-folgada	round_robin	62	none	configs/scenarios/fase1/geo9_azure_anticorr_folgada.yaml	2026-08-07T13:36:54-03:00	2026-08-07T13:36:56-03:00	1.74	1.61	0.12	57996	0	1	484678	36bfe40eed33c8b8cb491894acd6f63c05c13e0d7a15a6e6f7b9401246d94c6d
az-anticorr-folgada	round_robin	63	none	configs/scenarios/fase1/geo9_azure_anticorr_folgada.yaml	2026-08-07T13:36:54-03:00	2026-08-07T13:36:56-03:00	1.34	1.24	0.09	58804	0	1	484691	36bfe40eed33c8b8cb491894acd6f63c05c13e0d7a15a6e6f7b9401246d94c6d
az-anticorr-folgada	round_robin	64	none	configs/scenarios/fase1/geo9_azure_anticorr_folgada.yaml	2026-08-07T13:36:55-03:00	2026-08-07T13:36:56-03:00	1.81	1.70	0.11	57944	0	1	484715	36bfe40eed33c8b8cb491894acd6f63c05c13e0d7a15a6e6f7b9401246d94c6d
az-anticorr-folgada	round_robin	65	none	configs/scenarios/fase1/geo9_azure_anticorr_folgada.yaml	2026-08-07T13:36:55-03:00	2026-08-07T13:36:56-03:00	1.41	1.30	0.09	58560	0	1	484728	36bfe40eed33c8b8cb491894acd6f63c05c13e0d7a15a6e6f7b9401246d94c6d
az-anticorr-folgada	round_robin	66	none	configs/scenarios/fase1/geo9_azure_anticorr_folgada.yaml	2026-08-07T13:36:55-03:00	2026-08-07T13:36:56-03:00	1.48	1.38	0.10	59300	0	1	484741	36bfe40eed33c8b8cb491894acd6f63c05c13e0d7a15a6e6f7b9401246d94c6d
az-anticorr-folgada	round_robin	67	none	configs/scenarios/fase1/geo9_azure_anticorr_folgada.yaml	2026-08-07T13:36:55-03:00	2026-08-07T13:36:57-03:00	1.73	1.62	0.10	59084	0	1	484754	36bfe40eed33c8b8cb491894acd6f63c05c13e0d7a15a6e6f7b9401246d94c6d
az-anticorr-folgada	round_robin	68	none	configs/scenarios/fase1/geo9_azure_anticorr_folgada.yaml	2026-08-07T13:36:55-03:00	2026-08-07T13:36:57-03:00	1.74	1.61	0.11	59044	0	1	484767	36bfe40eed33c8b8cb491894acd6f63c05c13e0d7a15a6e6f7b9401246d94c6d
az-anticorr-folgada	round_robin	69	none	configs/scenarios/fase1/geo9_azure_anticorr_folgada.yaml	2026-08-07T13:36:55-03:00	2026-08-07T13:36:57-03:00	1.32	1.20	0.10	59308	0	1	484780	36bfe40eed33c8b8cb491894acd6f63c05c13e0d7a15a6e6f7b9401246d94c6d
az-anticorr-folgada	round_robin	70	none	configs/scenarios/fase1/geo9_azure_anticorr_folgada.yaml	2026-08-07T13:36:55-03:00	2026-08-07T13:36:57-03:00	1.58	1.47	0.10	58016	0	1	484793	36bfe40eed33c8b8cb491894acd6f63c05c13e0d7a15a6e6f7b9401246d94c6d
az-anticorr-folgada	round_robin	71	none	configs/scenarios/fase1/geo9_azure_anticorr_folgada.yaml	2026-08-07T13:36:56-03:00	2026-08-07T13:36:58-03:00	1.71	1.59	0.10	57948	0	1	484827	36bfe40eed33c8b8cb491894acd6f63c05c13e0d7a15a6e6f7b9401246d94c6d
az-anticorr-folgada	worst_fit	52	none	configs/scenarios/fase1/geo9_azure_anticorr_folgada.yaml	2026-08-07T13:36:47-03:00	2026-08-07T13:36:48-03:00	1.68	1.53	0.11	57460	0	1	484158	36bfe40eed33c8b8cb491894acd6f63c05c13e0d7a15a6e6f7b9401246d94c6d
az-anticorr-folgada	worst_fit	53	none	configs/scenarios/fase1/geo9_azure_anticorr_folgada.yaml	2026-08-07T13:36:48-03:00	2026-08-07T13:36:50-03:00	1.66	1.51	0.11	58580	0	1	484196	36bfe40eed33c8b8cb491894acd6f63c05c13e0d7a15a6e6f7b9401246d94c6d
az-anticorr-folgada	worst_fit	54	none	configs/scenarios/fase1/geo9_azure_anticorr_folgada.yaml	2026-08-07T13:36:48-03:00	2026-08-07T13:36:50-03:00	1.57	1.43	0.12	58244	0	1	484209	36bfe40eed33c8b8cb491894acd6f63c05c13e0d7a15a6e6f7b9401246d94c6d
az-anticorr-folgada	worst_fit	55	none	configs/scenarios/fase1/geo9_azure_anticorr_folgada.yaml	2026-08-07T13:36:48-03:00	2026-08-07T13:36:50-03:00	1.76	1.64	0.11	57832	0	1	484222	36bfe40eed33c8b8cb491894acd6f63c05c13e0d7a15a6e6f7b9401246d94c6d
az-anticorr-folgada	worst_fit	56	none	configs/scenarios/fase1/geo9_azure_anticorr_folgada.yaml	2026-08-07T13:36:48-03:00	2026-08-07T13:36:50-03:00	1.65	1.54	0.11	57320	0	1	484235	36bfe40eed33c8b8cb491894acd6f63c05c13e0d7a15a6e6f7b9401246d94c6d
az-anticorr-folgada	worst_fit	57	none	configs/scenarios/fase1/geo9_azure_anticorr_folgada.yaml	2026-08-07T13:36:48-03:00	2026-08-07T13:36:50-03:00	1.75	1.63	0.10	58136	0	1	484265	36bfe40eed33c8b8cb491894acd6f63c05c13e0d7a15a6e6f7b9401246d94c6d
az-anticorr-folgada	worst_fit	58	none	configs/scenarios/fase1/geo9_azure_anticorr_folgada.yaml	2026-08-07T13:36:48-03:00	2026-08-07T13:36:50-03:00	1.53	1.42	0.10	57356	0	1	484268	36bfe40eed33c8b8cb491894acd6f63c05c13e0d7a15a6e6f7b9401246d94c6d
az-anticorr-folgada	worst_fit	59	none	configs/scenarios/fase1/geo9_azure_anticorr_folgada.yaml	2026-08-07T13:36:49-03:00	2026-08-07T13:36:50-03:00	1.73	1.61	0.10	58440	0	1	484284	36bfe40eed33c8b8cb491894acd6f63c05c13e0d7a15a6e6f7b9401246d94c6d
az-anticorr-folgada	worst_fit	60	none	configs/scenarios/fase1/geo9_azure_anticorr_folgada.yaml	2026-08-07T13:36:50-03:00	2026-08-07T13:36:51-03:00	1.70	1.56	0.13	57312	0	1	484319	36bfe40eed33c8b8cb491894acd6f63c05c13e0d7a15a6e6f7b9401246d94c6d
az-anticorr-folgada	worst_fit	61	none	configs/scenarios/fase1/geo9_azure_anticorr_folgada.yaml	2026-08-07T13:36:50-03:00	2026-08-07T13:36:51-03:00	1.59	1.45	0.12	58348	0	1	484332	36bfe40eed33c8b8cb491894acd6f63c05c13e0d7a15a6e6f7b9401246d94c6d
az-anticorr-folgada	worst_fit	62	none	configs/scenarios/fase1/geo9_azure_anticorr_folgada.yaml	2026-08-07T13:36:50-03:00	2026-08-07T13:36:52-03:00	1.65	1.52	0.12	57500	0	1	484350	36bfe40eed33c8b8cb491894acd6f63c05c13e0d7a15a6e6f7b9401246d94c6d
az-anticorr-folgada	worst_fit	63	none	configs/scenarios/fase1/geo9_azure_anticorr_folgada.yaml	2026-08-07T13:36:50-03:00	2026-08-07T13:36:52-03:00	1.57	1.47	0.09	58288	0	1	484357	36bfe40eed33c8b8cb491894acd6f63c05c13e0d7a15a6e6f7b9401246d94c6d
az-anticorr-folgada	worst_fit	64	none	configs/scenarios/fase1/geo9_azure_anticorr_folgada.yaml	2026-08-07T13:36:50-03:00	2026-08-07T13:36:52-03:00	1.60	1.48	0.12	57516	0	1	484371	36bfe40eed33c8b8cb491894acd6f63c05c13e0d7a15a6e6f7b9401246d94c6d
az-anticorr-folgada	worst_fit	65	none	configs/scenarios/fase1/geo9_azure_anticorr_folgada.yaml	2026-08-07T13:36:50-03:00	2026-08-07T13:36:52-03:00	1.56	1.44	0.10	58204	0	1	484384	36bfe40eed33c8b8cb491894acd6f63c05c13e0d7a15a6e6f7b9401246d94c6d
az-anticorr-folgada	worst_fit	66	none	configs/scenarios/fase1/geo9_azure_anticorr_folgada.yaml	2026-08-07T13:36:50-03:00	2026-08-07T13:36:52-03:00	1.64	1.52	0.11	58796	0	1	484397	36bfe40eed33c8b8cb491894acd6f63c05c13e0d7a15a6e6f7b9401246d94c6d
az-anticorr-folgada	worst_fit	67	none	configs/scenarios/fase1/geo9_azure_anticorr_folgada.yaml	2026-08-07T13:36:51-03:00	2026-08-07T13:36:53-03:00	1.49	1.37	0.11	58568	0	1	484427	36bfe40eed33c8b8cb491894acd6f63c05c13e0d7a15a6e6f7b9401246d94c6d
az-anticorr-folgada	worst_fit	68	none	configs/scenarios/fase1/geo9_azure_anticorr_folgada.yaml	2026-08-07T13:36:51-03:00	2026-08-07T13:36:53-03:00	1.48	1.37	0.10	58544	0	1	484457	36bfe40eed33c8b8cb491894acd6f63c05c13e0d7a15a6e6f7b9401246d94c6d
az-anticorr-folgada	worst_fit	69	none	configs/scenarios/fase1/geo9_azure_anticorr_folgada.yaml	2026-08-07T13:36:52-03:00	2026-08-07T13:36:53-03:00	1.79	1.65	0.12	58728	0	1	484481	36bfe40eed33c8b8cb491894acd6f63c05c13e0d7a15a6e6f7b9401246d94c6d
az-anticorr-folgada	worst_fit	70	none	configs/scenarios/fase1/geo9_azure_anticorr_folgada.yaml	2026-08-07T13:36:52-03:00	2026-08-07T13:36:53-03:00	1.12	1.03	0.09	57396	0	1	484494	36bfe40eed33c8b8cb491894acd6f63c05c13e0d7a15a6e6f7b9401246d94c6d
az-anticorr-folgada	worst_fit	71	none	configs/scenarios/fase1/geo9_azure_anticorr_folgada.yaml	2026-08-07T13:36:52-03:00	2026-08-07T13:36:53-03:00	1.61	1.48	0.11	57544	0	1	484507	36bfe40eed33c8b8cb491894acd6f63c05c13e0d7a15a6e6f7b9401246d94c6d
az-anticorr-folgada	wsnb	52	none	configs/scenarios/fase1/geo9_azure_anticorr_folgada.yaml	2026-08-07T13:37:08-03:00	2026-08-07T13:37:10-03:00	2.09	1.94	0.13	72508	0	1	486131	36bfe40eed33c8b8cb491894acd6f63c05c13e0d7a15a6e6f7b9401246d94c6d
az-anticorr-folgada	wsnb	53	none	configs/scenarios/fase1/geo9_azure_anticorr_folgada.yaml	2026-08-07T13:37:08-03:00	2026-08-07T13:37:10-03:00	1.86	1.71	0.13	70232	0	1	486144	36bfe40eed33c8b8cb491894acd6f63c05c13e0d7a15a6e6f7b9401246d94c6d
az-anticorr-folgada	wsnb	54	none	configs/scenarios/fase1/geo9_azure_anticorr_folgada.yaml	2026-08-07T13:37:09-03:00	2026-08-07T13:37:11-03:00	1.95	1.79	0.15	72808	0	1	486167	36bfe40eed33c8b8cb491894acd6f63c05c13e0d7a15a6e6f7b9401246d94c6d
az-anticorr-folgada	wsnb	55	none	configs/scenarios/fase1/geo9_azure_anticorr_folgada.yaml	2026-08-07T13:37:09-03:00	2026-08-07T13:37:11-03:00	1.92	1.80	0.12	72308	0	1	486184	36bfe40eed33c8b8cb491894acd6f63c05c13e0d7a15a6e6f7b9401246d94c6d
az-anticorr-folgada	wsnb	56	none	configs/scenarios/fase1/geo9_azure_anticorr_folgada.yaml	2026-08-07T13:37:09-03:00	2026-08-07T13:37:11-03:00	2.06	1.91	0.13	71608	0	1	486193	36bfe40eed33c8b8cb491894acd6f63c05c13e0d7a15a6e6f7b9401246d94c6d
az-anticorr-folgada	wsnb	57	none	configs/scenarios/fase1/geo9_azure_anticorr_folgada.yaml	2026-08-07T13:37:09-03:00	2026-08-07T13:37:11-03:00	2.03	1.85	0.14	73528	0	1	486206	36bfe40eed33c8b8cb491894acd6f63c05c13e0d7a15a6e6f7b9401246d94c6d
az-anticorr-folgada	wsnb	58	none	configs/scenarios/fase1/geo9_azure_anticorr_folgada.yaml	2026-08-07T13:37:10-03:00	2026-08-07T13:37:11-03:00	1.87	1.73	0.13	71912	0	1	486219	36bfe40eed33c8b8cb491894acd6f63c05c13e0d7a15a6e6f7b9401246d94c6d
az-anticorr-folgada	wsnb	59	none	configs/scenarios/fase1/geo9_azure_anticorr_folgada.yaml	2026-08-07T13:37:10-03:00	2026-08-07T13:37:11-03:00	1.76	1.63	0.11	73516	0	1	486232	36bfe40eed33c8b8cb491894acd6f63c05c13e0d7a15a6e6f7b9401246d94c6d
az-anticorr-folgada	wsnb	60	none	configs/scenarios/fase1/geo9_azure_anticorr_folgada.yaml	2026-08-07T13:37:10-03:00	2026-08-07T13:37:12-03:00	1.77	1.65	0.11	71632	0	1	486256	36bfe40eed33c8b8cb491894acd6f63c05c13e0d7a15a6e6f7b9401246d94c6d
az-anticorr-folgada	wsnb	61	none	configs/scenarios/fase1/geo9_azure_anticorr_folgada.yaml	2026-08-07T13:37:10-03:00	2026-08-07T13:37:12-03:00	1.75	1.62	0.12	73396	0	1	486269	36bfe40eed33c8b8cb491894acd6f63c05c13e0d7a15a6e6f7b9401246d94c6d
az-anticorr-folgada	wsnb	62	none	configs/scenarios/fase1/geo9_azure_anticorr_folgada.yaml	2026-08-07T13:37:10-03:00	2026-08-07T13:37:12-03:00	1.60	1.46	0.10	71140	0	1	486292	36bfe40eed33c8b8cb491894acd6f63c05c13e0d7a15a6e6f7b9401246d94c6d
az-anticorr-folgada	wsnb	63	none	configs/scenarios/fase1/geo9_azure_anticorr_folgada.yaml	2026-08-07T13:37:10-03:00	2026-08-07T13:37:12-03:00	1.75	1.58	0.13	73168	0	1	486305	36bfe40eed33c8b8cb491894acd6f63c05c13e0d7a15a6e6f7b9401246d94c6d
az-anticorr-folgada	wsnb	64	none	configs/scenarios/fase1/geo9_azure_anticorr_folgada.yaml	2026-08-07T13:37:11-03:00	2026-08-07T13:37:13-03:00	1.74	1.60	0.12	71712	0	1	486329	36bfe40eed33c8b8cb491894acd6f63c05c13e0d7a15a6e6f7b9401246d94c6d
az-anticorr-folgada	wsnb	65	none	configs/scenarios/fase1/geo9_azure_anticorr_folgada.yaml	2026-08-07T13:37:11-03:00	2026-08-07T13:37:13-03:00	1.91	1.77	0.11	72308	0	1	486342	36bfe40eed33c8b8cb491894acd6f63c05c13e0d7a15a6e6f7b9401246d94c6d
az-anticorr-folgada	wsnb	66	none	configs/scenarios/fase1/geo9_azure_anticorr_folgada.yaml	2026-08-07T13:37:11-03:00	2026-08-07T13:37:13-03:00	1.40	1.29	0.10	74168	0	1	486355	36bfe40eed33c8b8cb491894acd6f63c05c13e0d7a15a6e6f7b9401246d94c6d
az-anticorr-folgada	wsnb	67	none	configs/scenarios/fase1/geo9_azure_anticorr_folgada.yaml	2026-08-07T13:37:11-03:00	2026-08-07T13:37:13-03:00	1.80	1.64	0.14	74020	0	1	486368	36bfe40eed33c8b8cb491894acd6f63c05c13e0d7a15a6e6f7b9401246d94c6d
az-anticorr-folgada	wsnb	68	none	configs/scenarios/fase1/geo9_azure_anticorr_folgada.yaml	2026-08-07T13:37:11-03:00	2026-08-07T13:37:14-03:00	2.03	1.91	0.12	73516	0	1	486389	36bfe40eed33c8b8cb491894acd6f63c05c13e0d7a15a6e6f7b9401246d94c6d
az-anticorr-folgada	wsnb	69	none	configs/scenarios/fase1/geo9_azure_anticorr_folgada.yaml	2026-08-07T13:37:11-03:00	2026-08-07T13:37:13-03:00	1.86	1.70	0.13	74256	0	1	486390	36bfe40eed33c8b8cb491894acd6f63c05c13e0d7a15a6e6f7b9401246d94c6d
az-anticorr-folgada	wsnb	70	none	configs/scenarios/fase1/geo9_azure_anticorr_folgada.yaml	2026-08-07T13:37:12-03:00	2026-08-07T13:37:14-03:00	1.96	1.81	0.13	70784	0	1	486414	36bfe40eed33c8b8cb491894acd6f63c05c13e0d7a15a6e6f7b9401246d94c6d
az-anticorr-folgada	wsnb	71	none	configs/scenarios/fase1/geo9_azure_anticorr_folgada.yaml	2026-08-07T13:37:12-03:00	2026-08-07T13:37:13-03:00	1.77	1.65	0.11	71716	0	1	486416	36bfe40eed33c8b8cb491894acd6f63c05c13e0d7a15a6e6f7b9401246d94c6d
az-flat-alta	best_fit	52	none	configs/scenarios/fase1/geo9_azure_flat_alta.yaml	2026-08-07T13:15:13-03:00	2026-08-07T13:15:37-03:00	24.29	23.78	0.32	106308	0	1	452917	36bfe40eed33c8b8cb491894acd6f63c05c13e0d7a15a6e6f7b9401246d94c6d
az-flat-alta	best_fit	53	none	configs/scenarios/fase1/geo9_azure_flat_alta.yaml	2026-08-07T13:15:19-03:00	2026-08-07T13:15:36-03:00	16.69	16.26	0.30	106472	0	1	453054	36bfe40eed33c8b8cb491894acd6f63c05c13e0d7a15a6e6f7b9401246d94c6d
az-flat-alta	best_fit	54	none	configs/scenarios/fase1/geo9_azure_flat_alta.yaml	2026-08-07T13:15:20-03:00	2026-08-07T13:15:38-03:00	18.41	18.07	0.32	105860	0	1	453078	36bfe40eed33c8b8cb491894acd6f63c05c13e0d7a15a6e6f7b9401246d94c6d
az-flat-alta	best_fit	55	none	configs/scenarios/fase1/geo9_azure_flat_alta.yaml	2026-08-07T13:15:22-03:00	2026-08-07T13:15:42-03:00	19.88	19.46	0.33	106064	0	1	453135	36bfe40eed33c8b8cb491894acd6f63c05c13e0d7a15a6e6f7b9401246d94c6d
az-flat-alta	best_fit	56	none	configs/scenarios/fase1/geo9_azure_flat_alta.yaml	2026-08-07T13:15:29-03:00	2026-08-07T13:15:45-03:00	15.58	15.12	0.34	107472	0	1	453298	36bfe40eed33c8b8cb491894acd6f63c05c13e0d7a15a6e6f7b9401246d94c6d
az-flat-alta	best_fit	57	none	configs/scenarios/fase1/geo9_azure_flat_alta.yaml	2026-08-07T13:15:32-03:00	2026-08-07T13:15:58-03:00	25.43	24.94	0.45	107076	0	1	453406	36bfe40eed33c8b8cb491894acd6f63c05c13e0d7a15a6e6f7b9401246d94c6d
az-flat-alta	best_fit	58	none	configs/scenarios/fase1/geo9_azure_flat_alta.yaml	2026-08-07T13:15:36-03:00	2026-08-07T13:15:55-03:00	19.42	18.99	0.34	107980	0	1	453503	36bfe40eed33c8b8cb491894acd6f63c05c13e0d7a15a6e6f7b9401246d94c6d
az-flat-alta	best_fit	59	none	configs/scenarios/fase1/geo9_azure_flat_alta.yaml	2026-08-07T13:15:37-03:00	2026-08-07T13:15:48-03:00	11.22	10.89	0.26	106716	0	1	453545	36bfe40eed33c8b8cb491894acd6f63c05c13e0d7a15a6e6f7b9401246d94c6d
az-flat-alta	best_fit	60	none	configs/scenarios/fase1/geo9_azure_flat_alta.yaml	2026-08-07T13:15:39-03:00	2026-08-07T13:15:58-03:00	19.71	19.19	0.34	106300	0	1	453579	36bfe40eed33c8b8cb491894acd6f63c05c13e0d7a15a6e6f7b9401246d94c6d
az-flat-alta	best_fit	61	none	configs/scenarios/fase1/geo9_azure_flat_alta.yaml	2026-08-07T13:15:42-03:00	2026-08-07T13:16:08-03:00	25.94	25.46	0.35	107328	0	1	453657	36bfe40eed33c8b8cb491894acd6f63c05c13e0d7a15a6e6f7b9401246d94c6d
az-flat-alta	best_fit	62	none	configs/scenarios/fase1/geo9_azure_flat_alta.yaml	2026-08-07T13:15:45-03:00	2026-08-07T13:16:01-03:00	15.63	15.26	0.31	106588	0	1	453729	36bfe40eed33c8b8cb491894acd6f63c05c13e0d7a15a6e6f7b9401246d94c6d
az-flat-alta	best_fit	63	none	configs/scenarios/fase1/geo9_azure_flat_alta.yaml	2026-08-07T13:15:48-03:00	2026-08-07T13:16:14-03:00	25.41	25.04	0.34	107528	0	1	453810	36bfe40eed33c8b8cb491894acd6f63c05c13e0d7a15a6e6f7b9401246d94c6d
az-flat-alta	best_fit	64	none	configs/scenarios/fase1/geo9_azure_flat_alta.yaml	2026-08-07T13:15:55-03:00	2026-08-07T13:16:06-03:00	10.49	10.13	0.27	102212	0	1	453960	36bfe40eed33c8b8cb491894acd6f63c05c13e0d7a15a6e6f7b9401246d94c6d
az-flat-alta	best_fit	65	none	configs/scenarios/fase1/geo9_azure_flat_alta.yaml	2026-08-07T13:15:58-03:00	2026-08-07T13:16:21-03:00	22.82	22.35	0.32	107164	0	1	454033	36bfe40eed33c8b8cb491894acd6f63c05c13e0d7a15a6e6f7b9401246d94c6d
az-flat-alta	best_fit	66	none	configs/scenarios/fase1/geo9_azure_flat_alta.yaml	2026-08-07T13:15:58-03:00	2026-08-07T13:16:18-03:00	19.74	19.44	0.28	106180	0	1	454053	36bfe40eed33c8b8cb491894acd6f63c05c13e0d7a15a6e6f7b9401246d94c6d
az-flat-alta	best_fit	67	none	configs/scenarios/fase1/geo9_azure_flat_alta.yaml	2026-08-07T13:16:01-03:00	2026-08-07T13:16:19-03:00	18.27	17.89	0.33	105240	0	1	454095	36bfe40eed33c8b8cb491894acd6f63c05c13e0d7a15a6e6f7b9401246d94c6d
az-flat-alta	best_fit	68	none	configs/scenarios/fase1/geo9_azure_flat_alta.yaml	2026-08-07T13:16:06-03:00	2026-08-07T13:16:30-03:00	23.94	23.38	0.37	102468	0	1	454253	36bfe40eed33c8b8cb491894acd6f63c05c13e0d7a15a6e6f7b9401246d94c6d
az-flat-alta	best_fit	69	none	configs/scenarios/fase1/geo9_azure_flat_alta.yaml	2026-08-07T13:16:08-03:00	2026-08-07T13:16:29-03:00	20.99	20.60	0.35	106332	0	1	454298	36bfe40eed33c8b8cb491894acd6f63c05c13e0d7a15a6e6f7b9401246d94c6d
az-flat-alta	best_fit	70	none	configs/scenarios/fase1/geo9_azure_flat_alta.yaml	2026-08-07T13:16:14-03:00	2026-08-07T13:16:32-03:00	18.43	17.98	0.32	102660	0	1	454434	36bfe40eed33c8b8cb491894acd6f63c05c13e0d7a15a6e6f7b9401246d94c6d
az-flat-alta	best_fit	71	none	configs/scenarios/fase1/geo9_azure_flat_alta.yaml	2026-08-07T13:16:18-03:00	2026-08-07T13:16:37-03:00	18.75	18.24	0.33	106536	0	1	454526	36bfe40eed33c8b8cb491894acd6f63c05c13e0d7a15a6e6f7b9401246d94c6d
az-flat-alta	bfd	52	none	configs/scenarios/fase1/geo9_azure_flat_alta.yaml	2026-08-07T13:19:39-03:00	2026-08-07T13:20:03-03:00	23.23	22.83	0.34	106736	0	1	459553	36bfe40eed33c8b8cb491894acd6f63c05c13e0d7a15a6e6f7b9401246d94c6d
az-flat-alta	bfd	53	none	configs/scenarios/fase1/geo9_azure_flat_alta.yaml	2026-08-07T13:19:40-03:00	2026-08-07T13:19:54-03:00	14.42	13.98	0.32	104888	0	1	459576	36bfe40eed33c8b8cb491894acd6f63c05c13e0d7a15a6e6f7b9401246d94c6d
az-flat-alta	bfd	54	none	configs/scenarios/fase1/geo9_azure_flat_alta.yaml	2026-08-07T13:19:40-03:00	2026-08-07T13:20:03-03:00	22.87	22.51	0.34	106904	0	1	459603	36bfe40eed33c8b8cb491894acd6f63c05c13e0d7a15a6e6f7b9401246d94c6d
az-flat-alta	bfd	55	none	configs/scenarios/fase1/geo9_azure_flat_alta.yaml	2026-08-07T13:19:41-03:00	2026-08-07T13:19:59-03:00	17.87	17.51	0.33	105424	0	1	459626	36bfe40eed33c8b8cb491894acd6f63c05c13e0d7a15a6e6f7b9401246d94c6d
az-flat-alta	bfd	56	none	configs/scenarios/fase1/geo9_azure_flat_alta.yaml	2026-08-07T13:19:44-03:00	2026-08-07T13:20:05-03:00	21.54	21.13	0.36	106436	0	1	459708	36bfe40eed33c8b8cb491894acd6f63c05c13e0d7a15a6e6f7b9401246d94c6d
az-flat-alta	bfd	57	none	configs/scenarios/fase1/geo9_azure_flat_alta.yaml	2026-08-07T13:19:54-03:00	2026-08-07T13:20:10-03:00	16.27	15.91	0.29	105372	0	1	459944	36bfe40eed33c8b8cb491894acd6f63c05c13e0d7a15a6e6f7b9401246d94c6d
az-flat-alta	bfd	58	none	configs/scenarios/fase1/geo9_azure_flat_alta.yaml	2026-08-07T13:19:56-03:00	2026-08-07T13:20:16-03:00	20.31	19.88	0.30	106640	0	1	459988	36bfe40eed33c8b8cb491894acd6f63c05c13e0d7a15a6e6f7b9401246d94c6d
az-flat-alta	bfd	59	none	configs/scenarios/fase1/geo9_azure_flat_alta.yaml	2026-08-07T13:19:58-03:00	2026-08-07T13:20:19-03:00	21.11	20.70	0.33	104924	0	1	460041	36bfe40eed33c8b8cb491894acd6f63c05c13e0d7a15a6e6f7b9401246d94c6d
az-flat-alta	bfd	60	none	configs/scenarios/fase1/geo9_azure_flat_alta.yaml	2026-08-07T13:19:59-03:00	2026-08-07T13:20:12-03:00	13.59	13.20	0.32	105344	0	1	460094	36bfe40eed33c8b8cb491894acd6f63c05c13e0d7a15a6e6f7b9401246d94c6d
az-flat-alta	bfd	61	none	configs/scenarios/fase1/geo9_azure_flat_alta.yaml	2026-08-07T13:20:03-03:00	2026-08-07T13:20:25-03:00	22.75	22.32	0.32	104832	0	1	460155	36bfe40eed33c8b8cb491894acd6f63c05c13e0d7a15a6e6f7b9401246d94c6d
az-flat-alta	bfd	62	none	configs/scenarios/fase1/geo9_azure_flat_alta.yaml	2026-08-07T13:20:03-03:00	2026-08-07T13:20:23-03:00	20.14	19.78	0.32	106020	0	1	460188	36bfe40eed33c8b8cb491894acd6f63c05c13e0d7a15a6e6f7b9401246d94c6d
az-flat-alta	bfd	63	none	configs/scenarios/fase1/geo9_azure_flat_alta.yaml	2026-08-07T13:20:05-03:00	2026-08-07T13:20:26-03:00	20.54	20.11	0.33	105336	0	1	460253	36bfe40eed33c8b8cb491894acd6f63c05c13e0d7a15a6e6f7b9401246d94c6d
az-flat-alta	bfd	64	none	configs/scenarios/fase1/geo9_azure_flat_alta.yaml	2026-08-07T13:20:10-03:00	2026-08-07T13:20:30-03:00	19.73	19.38	0.32	104840	0	1	460388	36bfe40eed33c8b8cb491894acd6f63c05c13e0d7a15a6e6f7b9401246d94c6d
az-flat-alta	bfd	65	none	configs/scenarios/fase1/geo9_azure_flat_alta.yaml	2026-08-07T13:20:12-03:00	2026-08-07T13:20:30-03:00	17.39	16.99	0.33	105592	0	1	460433	36bfe40eed33c8b8cb491894acd6f63c05c13e0d7a15a6e6f7b9401246d94c6d
az-flat-alta	bfd	66	none	configs/scenarios/fase1/geo9_azure_flat_alta.yaml	2026-08-07T13:20:16-03:00	2026-08-07T13:20:38-03:00	21.68	21.21	0.34	104332	0	1	460529	36bfe40eed33c8b8cb491894acd6f63c05c13e0d7a15a6e6f7b9401246d94c6d
az-flat-alta	bfd	67	none	configs/scenarios/fase1/geo9_azure_flat_alta.yaml	2026-08-07T13:20:19-03:00	2026-08-07T13:20:44-03:00	25.26	24.58	0.65	105536	0	1	460616	36bfe40eed33c8b8cb491894acd6f63c05c13e0d7a15a6e6f7b9401246d94c6d
az-flat-alta	bfd	68	none	configs/scenarios/fase1/geo9_azure_flat_alta.yaml	2026-08-07T13:20:23-03:00	2026-08-07T13:20:42-03:00	18.46	18.11	0.31	106092	0	1	460712	36bfe40eed33c8b8cb491894acd6f63c05c13e0d7a15a6e6f7b9401246d94c6d
az-flat-alta	bfd	69	none	configs/scenarios/fase1/geo9_azure_flat_alta.yaml	2026-08-07T13:20:25-03:00	2026-08-07T13:20:52-03:00	27.03	26.61	0.32	106256	0	1	460776	36bfe40eed33c8b8cb491894acd6f63c05c13e0d7a15a6e6f7b9401246d94c6d
az-flat-alta	bfd	70	none	configs/scenarios/fase1/geo9_azure_flat_alta.yaml	2026-08-07T13:20:26-03:00	2026-08-07T13:20:45-03:00	19.31	18.95	0.34	105776	0	1	460799	36bfe40eed33c8b8cb491894acd6f63c05c13e0d7a15a6e6f7b9401246d94c6d
az-flat-alta	bfd	71	none	configs/scenarios/fase1/geo9_azure_flat_alta.yaml	2026-08-07T13:20:30-03:00	2026-08-07T13:20:57-03:00	27.22	26.70	0.35	107304	0	1	460900	36bfe40eed33c8b8cb491894acd6f63c05c13e0d7a15a6e6f7b9401246d94c6d
az-flat-alta	cnemesis	52	cnemesis	configs/scenarios/fase1/geo9_azure_flat_alta.yaml	2026-08-07T13:34:53-03:00	2026-08-07T13:35:18-03:00	25.24	24.45	0.75	114888	0	1	481006	36bfe40eed33c8b8cb491894acd6f63c05c13e0d7a15a6e6f7b9401246d94c6d
az-flat-alta	cnemesis	53	cnemesis	configs/scenarios/fase1/geo9_azure_flat_alta.yaml	2026-08-07T13:35:08-03:00	2026-08-07T13:35:32-03:00	23.30	22.88	0.36	116180	0	1	481375	36bfe40eed33c8b8cb491894acd6f63c05c13e0d7a15a6e6f7b9401246d94c6d
az-flat-alta	cnemesis	54	cnemesis	configs/scenarios/fase1/geo9_azure_flat_alta.yaml	2026-08-07T13:35:17-03:00	2026-08-07T13:35:37-03:00	19.81	19.26	0.36	115036	0	1	481557	36bfe40eed33c8b8cb491894acd6f63c05c13e0d7a15a6e6f7b9401246d94c6d
az-flat-alta	cnemesis	55	cnemesis	configs/scenarios/fase1/geo9_azure_flat_alta.yaml	2026-08-07T13:35:18-03:00	2026-08-07T13:35:46-03:00	27.88	27.30	0.37	113528	0	1	481585	36bfe40eed33c8b8cb491894acd6f63c05c13e0d7a15a6e6f7b9401246d94c6d
az-flat-alta	cnemesis	56	cnemesis	configs/scenarios/fase1/geo9_azure_flat_alta.yaml	2026-08-07T13:35:32-03:00	2026-08-07T13:35:51-03:00	19.44	19.01	0.33	113324	0	1	481903	36bfe40eed33c8b8cb491894acd6f63c05c13e0d7a15a6e6f7b9401246d94c6d
az-flat-alta	cnemesis	57	cnemesis	configs/scenarios/fase1/geo9_azure_flat_alta.yaml	2026-08-07T13:35:35-03:00	2026-08-07T13:35:58-03:00	22.70	22.29	0.36	115452	0	1	481991	36bfe40eed33c8b8cb491894acd6f63c05c13e0d7a15a6e6f7b9401246d94c6d
az-flat-alta	cnemesis	58	cnemesis	configs/scenarios/fase1/geo9_azure_flat_alta.yaml	2026-08-07T13:35:37-03:00	2026-08-07T13:35:59-03:00	22.29	21.88	0.36	116360	0	1	482053	36bfe40eed33c8b8cb491894acd6f63c05c13e0d7a15a6e6f7b9401246d94c6d
az-flat-alta	cnemesis	59	cnemesis	configs/scenarios/fase1/geo9_azure_flat_alta.yaml	2026-08-07T13:35:42-03:00	2026-08-07T13:36:03-03:00	20.68	20.30	0.34	116544	0	1	482160	36bfe40eed33c8b8cb491894acd6f63c05c13e0d7a15a6e6f7b9401246d94c6d
az-flat-alta	cnemesis	60	cnemesis	configs/scenarios/fase1/geo9_azure_flat_alta.yaml	2026-08-07T13:35:46-03:00	2026-08-07T13:36:04-03:00	18.13	17.73	0.32	113364	0	1	482261	36bfe40eed33c8b8cb491894acd6f63c05c13e0d7a15a6e6f7b9401246d94c6d
az-flat-alta	cnemesis	61	cnemesis	configs/scenarios/fase1/geo9_azure_flat_alta.yaml	2026-08-07T13:35:51-03:00	2026-08-07T13:36:15-03:00	23.61	23.23	0.34	116908	0	1	482373	36bfe40eed33c8b8cb491894acd6f63c05c13e0d7a15a6e6f7b9401246d94c6d
az-flat-alta	cnemesis	62	cnemesis	configs/scenarios/fase1/geo9_azure_flat_alta.yaml	2026-08-07T13:35:58-03:00	2026-08-07T13:36:19-03:00	20.51	20.10	0.32	114956	0	1	482518	36bfe40eed33c8b8cb491894acd6f63c05c13e0d7a15a6e6f7b9401246d94c6d
az-flat-alta	cnemesis	63	cnemesis	configs/scenarios/fase1/geo9_azure_flat_alta.yaml	2026-08-07T13:35:59-03:00	2026-08-07T13:36:23-03:00	24.08	23.63	0.39	116876	0	1	482531	36bfe40eed33c8b8cb491894acd6f63c05c13e0d7a15a6e6f7b9401246d94c6d
az-flat-alta	cnemesis	64	cnemesis	configs/scenarios/fase1/geo9_azure_flat_alta.yaml	2026-08-07T13:36:03-03:00	2026-08-07T13:36:35-03:00	31.90	31.50	0.38	113392	0	1	482634	36bfe40eed33c8b8cb491894acd6f63c05c13e0d7a15a6e6f7b9401246d94c6d
az-flat-alta	cnemesis	65	cnemesis	configs/scenarios/fase1/geo9_azure_flat_alta.yaml	2026-08-07T13:36:04-03:00	2026-08-07T13:36:15-03:00	10.67	10.34	0.30	116664	0	1	482664	36bfe40eed33c8b8cb491894acd6f63c05c13e0d7a15a6e6f7b9401246d94c6d
az-flat-alta	cnemesis	66	cnemesis	configs/scenarios/fase1/geo9_azure_flat_alta.yaml	2026-08-07T13:36:15-03:00	2026-08-07T13:36:31-03:00	16.24	15.80	0.32	114880	0	1	482911	36bfe40eed33c8b8cb491894acd6f63c05c13e0d7a15a6e6f7b9401246d94c6d
az-flat-alta	cnemesis	67	cnemesis	configs/scenarios/fase1/geo9_azure_flat_alta.yaml	2026-08-07T13:36:15-03:00	2026-08-07T13:36:39-03:00	23.65	23.22	0.34	114188	0	1	482924	36bfe40eed33c8b8cb491894acd6f63c05c13e0d7a15a6e6f7b9401246d94c6d
az-flat-alta	cnemesis	68	cnemesis	configs/scenarios/fase1/geo9_azure_flat_alta.yaml	2026-08-07T13:36:19-03:00	2026-08-07T13:36:42-03:00	23.04	22.67	0.31	113844	0	1	483024	36bfe40eed33c8b8cb491894acd6f63c05c13e0d7a15a6e6f7b9401246d94c6d
az-flat-alta	cnemesis	69	cnemesis	configs/scenarios/fase1/geo9_azure_flat_alta.yaml	2026-08-07T13:36:23-03:00	2026-08-07T13:36:45-03:00	21.65	21.26	0.32	113444	0	1	483128	36bfe40eed33c8b8cb491894acd6f63c05c13e0d7a15a6e6f7b9401246d94c6d
az-flat-alta	cnemesis	70	cnemesis	configs/scenarios/fase1/geo9_azure_flat_alta.yaml	2026-08-07T13:36:30-03:00	2026-08-07T13:36:55-03:00	24.53	24.16	0.34	117128	0	1	483266	36bfe40eed33c8b8cb491894acd6f63c05c13e0d7a15a6e6f7b9401246d94c6d
az-flat-alta	cnemesis	71	cnemesis	configs/scenarios/fase1/geo9_azure_flat_alta.yaml	2026-08-07T13:36:31-03:00	2026-08-07T13:36:53-03:00	21.51	21.07	0.36	112388	0	1	483301	36bfe40eed33c8b8cb491894acd6f63c05c13e0d7a15a6e6f7b9401246d94c6d
az-flat-alta	ffd	52	none	configs/scenarios/fase1/geo9_azure_flat_alta.yaml	2026-08-07T13:18:41-03:00	2026-08-07T13:18:54-03:00	13.42	13.12	0.28	106400	0	1	458049	36bfe40eed33c8b8cb491894acd6f63c05c13e0d7a15a6e6f7b9401246d94c6d
az-flat-alta	ffd	53	none	configs/scenarios/fase1/geo9_azure_flat_alta.yaml	2026-08-07T13:18:46-03:00	2026-08-07T13:19:06-03:00	20.31	19.87	0.33	108772	0	1	458165	36bfe40eed33c8b8cb491894acd6f63c05c13e0d7a15a6e6f7b9401246d94c6d
az-flat-alta	ffd	54	none	configs/scenarios/fase1/geo9_azure_flat_alta.yaml	2026-08-07T13:18:50-03:00	2026-08-07T13:19:04-03:00	14.14	13.78	0.33	109476	0	1	458257	36bfe40eed33c8b8cb491894acd6f63c05c13e0d7a15a6e6f7b9401246d94c6d
az-flat-alta	ffd	55	none	configs/scenarios/fase1/geo9_azure_flat_alta.yaml	2026-08-07T13:18:54-03:00	2026-08-07T13:19:17-03:00	22.44	22.03	0.31	108708	0	1	458369	36bfe40eed33c8b8cb491894acd6f63c05c13e0d7a15a6e6f7b9401246d94c6d
az-flat-alta	ffd	56	none	configs/scenarios/fase1/geo9_azure_flat_alta.yaml	2026-08-07T13:18:54-03:00	2026-08-07T13:19:18-03:00	23.18	22.61	0.35	109224	0	1	458382	36bfe40eed33c8b8cb491894acd6f63c05c13e0d7a15a6e6f7b9401246d94c6d
az-flat-alta	ffd	57	none	configs/scenarios/fase1/geo9_azure_flat_alta.yaml	2026-08-07T13:18:58-03:00	2026-08-07T13:19:12-03:00	14.32	14.01	0.28	109240	0	1	458472	36bfe40eed33c8b8cb491894acd6f63c05c13e0d7a15a6e6f7b9401246d94c6d
az-flat-alta	ffd	58	none	configs/scenarios/fase1/geo9_azure_flat_alta.yaml	2026-08-07T13:18:58-03:00	2026-08-07T13:19:20-03:00	21.14	20.79	0.30	109444	0	1	458495	36bfe40eed33c8b8cb491894acd6f63c05c13e0d7a15a6e6f7b9401246d94c6d
az-flat-alta	ffd	59	none	configs/scenarios/fase1/geo9_azure_flat_alta.yaml	2026-08-07T13:19:04-03:00	2026-08-07T13:19:23-03:00	19.56	19.23	0.32	109236	0	1	458645	36bfe40eed33c8b8cb491894acd6f63c05c13e0d7a15a6e6f7b9401246d94c6d
az-flat-alta	ffd	60	none	configs/scenarios/fase1/geo9_azure_flat_alta.yaml	2026-08-07T13:19:06-03:00	2026-08-07T13:19:23-03:00	16.57	16.22	0.30	108852	0	1	458687	36bfe40eed33c8b8cb491894acd6f63c05c13e0d7a15a6e6f7b9401246d94c6d
az-flat-alta	ffd	61	none	configs/scenarios/fase1/geo9_azure_flat_alta.yaml	2026-08-07T13:19:07-03:00	2026-08-07T13:19:23-03:00	15.08	14.71	0.30	107632	0	1	458728	36bfe40eed33c8b8cb491894acd6f63c05c13e0d7a15a6e6f7b9401246d94c6d
az-flat-alta	ffd	62	none	configs/scenarios/fase1/geo9_azure_flat_alta.yaml	2026-08-07T13:19:12-03:00	2026-08-07T13:19:26-03:00	13.09	12.73	0.27	108624	0	1	458842	36bfe40eed33c8b8cb491894acd6f63c05c13e0d7a15a6e6f7b9401246d94c6d
az-flat-alta	ffd	63	none	configs/scenarios/fase1/geo9_azure_flat_alta.yaml	2026-08-07T13:19:17-03:00	2026-08-07T13:19:40-03:00	22.77	22.36	0.35	109628	0	1	458947	36bfe40eed33c8b8cb491894acd6f63c05c13e0d7a15a6e6f7b9401246d94c6d
az-flat-alta	ffd	64	none	configs/scenarios/fase1/geo9_azure_flat_alta.yaml	2026-08-07T13:19:18-03:00	2026-08-07T13:19:38-03:00	20.80	20.35	0.32	108696	0	1	458979	36bfe40eed33c8b8cb491894acd6f63c05c13e0d7a15a6e6f7b9401246d94c6d
az-flat-alta	ffd	65	none	configs/scenarios/fase1/geo9_azure_flat_alta.yaml	2026-08-07T13:19:20-03:00	2026-08-07T13:19:41-03:00	21.31	20.92	0.32	109200	0	1	459040	36bfe40eed33c8b8cb491894acd6f63c05c13e0d7a15a6e6f7b9401246d94c6d
az-flat-alta	ffd	66	none	configs/scenarios/fase1/geo9_azure_flat_alta.yaml	2026-08-07T13:19:23-03:00	2026-08-07T13:19:37-03:00	14.69	14.33	0.30	108600	0	1	459099	36bfe40eed33c8b8cb491894acd6f63c05c13e0d7a15a6e6f7b9401246d94c6d
az-flat-alta	ffd	67	none	configs/scenarios/fase1/geo9_azure_flat_alta.yaml	2026-08-07T13:19:23-03:00	2026-08-07T13:19:44-03:00	20.68	20.28	0.34	108592	0	1	459123	36bfe40eed33c8b8cb491894acd6f63c05c13e0d7a15a6e6f7b9401246d94c6d
az-flat-alta	ffd	68	none	configs/scenarios/fase1/geo9_azure_flat_alta.yaml	2026-08-07T13:19:23-03:00	2026-08-07T13:19:40-03:00	16.81	16.45	0.32	108392	0	1	459154	36bfe40eed33c8b8cb491894acd6f63c05c13e0d7a15a6e6f7b9401246d94c6d
az-flat-alta	ffd	69	none	configs/scenarios/fase1/geo9_azure_flat_alta.yaml	2026-08-07T13:19:26-03:00	2026-08-07T13:19:39-03:00	13.69	13.30	0.29	109596	0	1	459209	36bfe40eed33c8b8cb491894acd6f63c05c13e0d7a15a6e6f7b9401246d94c6d
az-flat-alta	ffd	70	none	configs/scenarios/fase1/geo9_azure_flat_alta.yaml	2026-08-07T13:19:37-03:00	2026-08-07T13:19:56-03:00	18.38	17.89	0.32	108664	0	1	459457	36bfe40eed33c8b8cb491894acd6f63c05c13e0d7a15a6e6f7b9401246d94c6d
az-flat-alta	ffd	71	none	configs/scenarios/fase1/geo9_azure_flat_alta.yaml	2026-08-07T13:19:38-03:00	2026-08-07T13:19:58-03:00	19.57	19.14	0.30	108960	0	1	459530	36bfe40eed33c8b8cb491894acd6f63c05c13e0d7a15a6e6f7b9401246d94c6d
az-flat-alta	first_fit	52	none	configs/scenarios/fase1/geo9_azure_flat_alta.yaml	2026-08-07T13:13:49-03:00	2026-08-07T13:14:11-03:00	21.98	21.59	0.31	106856	0	1	450796	36bfe40eed33c8b8cb491894acd6f63c05c13e0d7a15a6e6f7b9401246d94c6d
az-flat-alta	first_fit	53	none	configs/scenarios/fase1/geo9_azure_flat_alta.yaml	2026-08-07T13:13:50-03:00	2026-08-07T13:14:05-03:00	15.33	14.91	0.32	109656	0	1	450840	36bfe40eed33c8b8cb491894acd6f63c05c13e0d7a15a6e6f7b9401246d94c6d
az-flat-alta	first_fit	54	none	configs/scenarios/fase1/geo9_azure_flat_alta.yaml	2026-08-07T13:13:50-03:00	2026-08-07T13:14:13-03:00	23.35	22.94	0.33	110632	0	1	450853	36bfe40eed33c8b8cb491894acd6f63c05c13e0d7a15a6e6f7b9401246d94c6d
az-flat-alta	first_fit	55	none	configs/scenarios/fase1/geo9_azure_flat_alta.yaml	2026-08-07T13:13:50-03:00	2026-08-07T13:14:13-03:00	22.49	22.08	0.33	108840	0	1	450877	36bfe40eed33c8b8cb491894acd6f63c05c13e0d7a15a6e6f7b9401246d94c6d
az-flat-alta	first_fit	56	none	configs/scenarios/fase1/geo9_azure_flat_alta.yaml	2026-08-07T13:14:05-03:00	2026-08-07T13:14:21-03:00	15.68	15.37	0.28	106648	0	1	451214	36bfe40eed33c8b8cb491894acd6f63c05c13e0d7a15a6e6f7b9401246d94c6d
az-flat-alta	first_fit	57	none	configs/scenarios/fase1/geo9_azure_flat_alta.yaml	2026-08-07T13:14:11-03:00	2026-08-07T13:14:33-03:00	22.18	21.81	0.35	110260	0	1	451327	36bfe40eed33c8b8cb491894acd6f63c05c13e0d7a15a6e6f7b9401246d94c6d
az-flat-alta	first_fit	58	none	configs/scenarios/fase1/geo9_azure_flat_alta.yaml	2026-08-07T13:14:13-03:00	2026-08-07T13:14:34-03:00	21.09	20.67	0.32	109840	0	1	451372	36bfe40eed33c8b8cb491894acd6f63c05c13e0d7a15a6e6f7b9401246d94c6d
az-flat-alta	first_fit	59	none	configs/scenarios/fase1/geo9_azure_flat_alta.yaml	2026-08-07T13:14:13-03:00	2026-08-07T13:14:38-03:00	25.06	24.58	0.35	109608	0	1	451403	36bfe40eed33c8b8cb491894acd6f63c05c13e0d7a15a6e6f7b9401246d94c6d
az-flat-alta	first_fit	60	none	configs/scenarios/fase1/geo9_azure_flat_alta.yaml	2026-08-07T13:14:21-03:00	2026-08-07T13:14:45-03:00	23.82	23.44	0.33	110456	0	1	451577	36bfe40eed33c8b8cb491894acd6f63c05c13e0d7a15a6e6f7b9401246d94c6d
az-flat-alta	first_fit	61	none	configs/scenarios/fase1/geo9_azure_flat_alta.yaml	2026-08-07T13:14:33-03:00	2026-08-07T13:14:57-03:00	24.26	23.87	0.32	109536	0	1	451865	36bfe40eed33c8b8cb491894acd6f63c05c13e0d7a15a6e6f7b9401246d94c6d
az-flat-alta	first_fit	62	none	configs/scenarios/fase1/geo9_azure_flat_alta.yaml	2026-08-07T13:14:34-03:00	2026-08-07T13:14:49-03:00	14.76	14.40	0.30	109888	0	1	451901	36bfe40eed33c8b8cb491894acd6f63c05c13e0d7a15a6e6f7b9401246d94c6d
az-flat-alta	first_fit	63	none	configs/scenarios/fase1/geo9_azure_flat_alta.yaml	2026-08-07T13:14:38-03:00	2026-08-07T13:14:59-03:00	20.35	19.79	0.33	110000	0	1	451995	36bfe40eed33c8b8cb491894acd6f63c05c13e0d7a15a6e6f7b9401246d94c6d
az-flat-alta	first_fit	64	none	configs/scenarios/fase1/geo9_azure_flat_alta.yaml	2026-08-07T13:14:45-03:00	2026-08-07T13:15:07-03:00	22.48	22.09	0.34	109400	0	1	452159	36bfe40eed33c8b8cb491894acd6f63c05c13e0d7a15a6e6f7b9401246d94c6d
az-flat-alta	first_fit	65	none	configs/scenarios/fase1/geo9_azure_flat_alta.yaml	2026-08-07T13:14:49-03:00	2026-08-07T13:15:13-03:00	23.90	23.53	0.33	110172	0	1	452240	36bfe40eed33c8b8cb491894acd6f63c05c13e0d7a15a6e6f7b9401246d94c6d
az-flat-alta	first_fit	66	none	configs/scenarios/fase1/geo9_azure_flat_alta.yaml	2026-08-07T13:14:56-03:00	2026-08-07T13:15:10-03:00	14.80	14.40	0.30	109972	0	1	452400	36bfe40eed33c8b8cb491894acd6f63c05c13e0d7a15a6e6f7b9401246d94c6d
az-flat-alta	first_fit	67	none	configs/scenarios/fase1/geo9_azure_flat_alta.yaml	2026-08-07T13:14:57-03:00	2026-08-07T13:15:20-03:00	22.60	22.24	0.32	109488	0	1	452478	36bfe40eed33c8b8cb491894acd6f63c05c13e0d7a15a6e6f7b9401246d94c6d
az-flat-alta	first_fit	68	none	configs/scenarios/fase1/geo9_azure_flat_alta.yaml	2026-08-07T13:14:59-03:00	2026-08-07T13:15:22-03:00	22.96	22.51	0.31	105552	0	1	452530	36bfe40eed33c8b8cb491894acd6f63c05c13e0d7a15a6e6f7b9401246d94c6d
az-flat-alta	first_fit	69	none	configs/scenarios/fase1/geo9_azure_flat_alta.yaml	2026-08-07T13:15:01-03:00	2026-08-07T13:15:19-03:00	18.65	18.26	0.31	106788	0	1	452611	36bfe40eed33c8b8cb491894acd6f63c05c13e0d7a15a6e6f7b9401246d94c6d
az-flat-alta	first_fit	70	none	configs/scenarios/fase1/geo9_azure_flat_alta.yaml	2026-08-07T13:15:07-03:00	2026-08-07T13:15:32-03:00	24.98	24.59	0.34	109412	0	1	452773	36bfe40eed33c8b8cb491894acd6f63c05c13e0d7a15a6e6f7b9401246d94c6d
az-flat-alta	first_fit	71	none	configs/scenarios/fase1/geo9_azure_flat_alta.yaml	2026-08-07T13:15:10-03:00	2026-08-07T13:15:29-03:00	18.99	18.69	0.28	110040	0	1	452853	36bfe40eed33c8b8cb491894acd6f63c05c13e0d7a15a6e6f7b9401246d94c6d
az-flat-alta	follow_renewables	52	follow_renewables	configs/scenarios/fase1/geo9_azure_flat_alta.yaml	2026-08-07T13:21:40-03:00	2026-08-07T13:21:56-03:00	15.75	15.40	0.31	111680	0	1	462613	36bfe40eed33c8b8cb491894acd6f63c05c13e0d7a15a6e6f7b9401246d94c6d
az-flat-alta	follow_renewables	53	follow_renewables	configs/scenarios/fase1/geo9_azure_flat_alta.yaml	2026-08-07T13:21:44-03:00	2026-08-07T13:22:11-03:00	27.42	26.94	0.34	106624	0	1	462690	36bfe40eed33c8b8cb491894acd6f63c05c13e0d7a15a6e6f7b9401246d94c6d
az-flat-alta	follow_renewables	54	follow_renewables	configs/scenarios/fase1/geo9_azure_flat_alta.yaml	2026-08-07T13:21:47-03:00	2026-08-07T13:22:10-03:00	23.86	23.43	0.32	110248	0	1	462772	36bfe40eed33c8b8cb491894acd6f63c05c13e0d7a15a6e6f7b9401246d94c6d
az-flat-alta	follow_renewables	55	follow_renewables	configs/scenarios/fase1/geo9_azure_flat_alta.yaml	2026-08-07T13:21:54-03:00	2026-08-07T13:22:11-03:00	16.95	16.59	0.31	106748	0	1	462941	36bfe40eed33c8b8cb491894acd6f63c05c13e0d7a15a6e6f7b9401246d94c6d
az-flat-alta	follow_renewables	56	follow_renewables	configs/scenarios/fase1/geo9_azure_flat_alta.yaml	2026-08-07T13:21:55-03:00	2026-08-07T13:22:12-03:00	16.38	16.00	0.31	107280	0	1	463001	36bfe40eed33c8b8cb491894acd6f63c05c13e0d7a15a6e6f7b9401246d94c6d
az-flat-alta	follow_renewables	57	follow_renewables	configs/scenarios/fase1/geo9_azure_flat_alta.yaml	2026-08-07T13:21:56-03:00	2026-08-07T13:22:18-03:00	21.79	21.35	0.32	110216	0	1	463024	36bfe40eed33c8b8cb491894acd6f63c05c13e0d7a15a6e6f7b9401246d94c6d
az-flat-alta	follow_renewables	58	follow_renewables	configs/scenarios/fase1/geo9_azure_flat_alta.yaml	2026-08-07T13:21:57-03:00	2026-08-07T13:22:19-03:00	22.69	22.29	0.33	112416	0	1	463038	36bfe40eed33c8b8cb491894acd6f63c05c13e0d7a15a6e6f7b9401246d94c6d
az-flat-alta	follow_renewables	59	follow_renewables	configs/scenarios/fase1/geo9_azure_flat_alta.yaml	2026-08-07T13:22:02-03:00	2026-08-07T13:22:26-03:00	24.53	24.11	0.33	110324	0	1	463162	36bfe40eed33c8b8cb491894acd6f63c05c13e0d7a15a6e6f7b9401246d94c6d
az-flat-alta	follow_renewables	60	follow_renewables	configs/scenarios/fase1/geo9_azure_flat_alta.yaml	2026-08-07T13:22:10-03:00	2026-08-07T13:22:35-03:00	24.14	23.61	0.35	106820	0	1	463332	36bfe40eed33c8b8cb491894acd6f63c05c13e0d7a15a6e6f7b9401246d94c6d
az-flat-alta	follow_renewables	61	follow_renewables	configs/scenarios/fase1/geo9_azure_flat_alta.yaml	2026-08-07T13:22:11-03:00	2026-08-07T13:22:39-03:00	28.16	27.67	0.33	110824	0	1	463365	36bfe40eed33c8b8cb491894acd6f63c05c13e0d7a15a6e6f7b9401246d94c6d
az-flat-alta	follow_renewables	62	follow_renewables	configs/scenarios/fase1/geo9_azure_flat_alta.yaml	2026-08-07T13:22:11-03:00	2026-08-07T13:22:34-03:00	23.46	23.06	0.30	107616	0	1	463386	36bfe40eed33c8b8cb491894acd6f63c05c13e0d7a15a6e6f7b9401246d94c6d
az-flat-alta	follow_renewables	63	follow_renewables	configs/scenarios/fase1/geo9_azure_flat_alta.yaml	2026-08-07T13:22:12-03:00	2026-08-07T13:22:30-03:00	17.69	17.31	0.28	111884	0	1	463420	36bfe40eed33c8b8cb491894acd6f63c05c13e0d7a15a6e6f7b9401246d94c6d
az-flat-alta	follow_renewables	64	follow_renewables	configs/scenarios/fase1/geo9_azure_flat_alta.yaml	2026-08-07T13:22:18-03:00	2026-08-07T13:22:45-03:00	27.15	26.66	0.34	106936	0	1	463572	36bfe40eed33c8b8cb491894acd6f63c05c13e0d7a15a6e6f7b9401246d94c6d
az-flat-alta	follow_renewables	65	follow_renewables	configs/scenarios/fase1/geo9_azure_flat_alta.yaml	2026-08-07T13:22:19-03:00	2026-08-07T13:22:40-03:00	20.73	20.23	0.32	110980	0	1	463623	36bfe40eed33c8b8cb491894acd6f63c05c13e0d7a15a6e6f7b9401246d94c6d
az-flat-alta	follow_renewables	66	follow_renewables	configs/scenarios/fase1/geo9_azure_flat_alta.yaml	2026-08-07T13:22:26-03:00	2026-08-07T13:22:46-03:00	19.76	19.35	0.31	110388	0	1	463790	36bfe40eed33c8b8cb491894acd6f63c05c13e0d7a15a6e6f7b9401246d94c6d
az-flat-alta	follow_renewables	67	follow_renewables	configs/scenarios/fase1/geo9_azure_flat_alta.yaml	2026-08-07T13:22:30-03:00	2026-08-07T13:22:53-03:00	23.84	23.29	0.33	110392	0	1	463866	36bfe40eed33c8b8cb491894acd6f63c05c13e0d7a15a6e6f7b9401246d94c6d
az-flat-alta	follow_renewables	68	follow_renewables	configs/scenarios/fase1/geo9_azure_flat_alta.yaml	2026-08-07T13:22:34-03:00	2026-08-07T13:22:59-03:00	24.20	23.84	0.30	110240	0	1	463994	36bfe40eed33c8b8cb491894acd6f63c05c13e0d7a15a6e6f7b9401246d94c6d
az-flat-alta	follow_renewables	69	follow_renewables	configs/scenarios/fase1/geo9_azure_flat_alta.yaml	2026-08-07T13:22:35-03:00	2026-08-07T13:22:48-03:00	13.68	13.32	0.29	111176	0	1	464018	36bfe40eed33c8b8cb491894acd6f63c05c13e0d7a15a6e6f7b9401246d94c6d
az-flat-alta	follow_renewables	70	follow_renewables	configs/scenarios/fase1/geo9_azure_flat_alta.yaml	2026-08-07T13:22:39-03:00	2026-08-07T13:23:04-03:00	24.97	24.57	0.33	111244	0	1	464120	36bfe40eed33c8b8cb491894acd6f63c05c13e0d7a15a6e6f7b9401246d94c6d
az-flat-alta	follow_renewables	71	follow_renewables	configs/scenarios/fase1/geo9_azure_flat_alta.yaml	2026-08-07T13:22:40-03:00	2026-08-07T13:22:59-03:00	19.14	18.76	0.31	110140	0	1	464153	36bfe40eed33c8b8cb491894acd6f63c05c13e0d7a15a6e6f7b9401246d94c6d
az-flat-alta	followme_s	52	followme_s	configs/scenarios/fase1/geo9_azure_flat_alta.yaml	2026-08-07T13:23:45-03:00	2026-08-07T13:28:38-03:00	292.62	290.72	0.69	127404	0	1	465764	36bfe40eed33c8b8cb491894acd6f63c05c13e0d7a15a6e6f7b9401246d94c6d
az-flat-alta	followme_s	53	followme_s	configs/scenarios/fase1/geo9_azure_flat_alta.yaml	2026-08-07T13:23:48-03:00	2026-08-07T13:30:30-03:00	401.99	399.53	1.06	125876	0	1	465841	36bfe40eed33c8b8cb491894acd6f63c05c13e0d7a15a6e6f7b9401246d94c6d
az-flat-alta	followme_s	54	followme_s	configs/scenarios/fase1/geo9_azure_flat_alta.yaml	2026-08-07T13:23:51-03:00	2026-08-07T13:28:59-03:00	307.14	304.65	0.78	127368	0	1	465932	36bfe40eed33c8b8cb491894acd6f63c05c13e0d7a15a6e6f7b9401246d94c6d
az-flat-alta	followme_s	55	followme_s	configs/scenarios/fase1/geo9_azure_flat_alta.yaml	2026-08-07T13:23:52-03:00	2026-08-07T13:29:32-03:00	340.22	338.37	0.45	128664	0	1	465964	36bfe40eed33c8b8cb491894acd6f63c05c13e0d7a15a6e6f7b9401246d94c6d
az-flat-alta	followme_s	56	followme_s	configs/scenarios/fase1/geo9_azure_flat_alta.yaml	2026-08-07T13:23:55-03:00	2026-08-07T13:30:48-03:00	412.57	410.52	0.63	126632	0	1	466023	36bfe40eed33c8b8cb491894acd6f63c05c13e0d7a15a6e6f7b9401246d94c6d
az-flat-alta	followme_s	57	followme_s	configs/scenarios/fase1/geo9_azure_flat_alta.yaml	2026-08-07T13:23:55-03:00	2026-08-07T13:31:19-03:00	444.05	441.40	0.73	127652	0	1	466036	36bfe40eed33c8b8cb491894acd6f63c05c13e0d7a15a6e6f7b9401246d94c6d
az-flat-alta	followme_s	58	followme_s	configs/scenarios/fase1/geo9_azure_flat_alta.yaml	2026-08-07T13:23:58-03:00	2026-08-07T13:30:07-03:00	368.69	366.23	0.54	124420	0	1	466116	36bfe40eed33c8b8cb491894acd6f63c05c13e0d7a15a6e6f7b9401246d94c6d
az-flat-alta	followme_s	59	followme_s	configs/scenarios/fase1/geo9_azure_flat_alta.yaml	2026-08-07T13:24:03-03:00	2026-08-07T13:30:38-03:00	395.25	393.24	0.65	128016	0	1	466222	36bfe40eed33c8b8cb491894acd6f63c05c13e0d7a15a6e6f7b9401246d94c6d
az-flat-alta	followme_s	60	followme_s	configs/scenarios/fase1/geo9_azure_flat_alta.yaml	2026-08-07T13:27:40-03:00	2026-08-07T13:30:53-03:00	193.36	192.26	0.46	139980	0	1	471693	36bfe40eed33c8b8cb491894acd6f63c05c13e0d7a15a6e6f7b9401246d94c6d
az-flat-alta	followme_s	61	followme_s	configs/scenarios/fase1/geo9_azure_flat_alta.yaml	2026-08-07T13:28:38-03:00	2026-08-07T13:32:24-03:00	225.77	224.36	0.45	126640	0	1	472931	36bfe40eed33c8b8cb491894acd6f63c05c13e0d7a15a6e6f7b9401246d94c6d
az-flat-alta	followme_s	62	followme_s	configs/scenarios/fase1/geo9_azure_flat_alta.yaml	2026-08-07T13:28:52-03:00	2026-08-07T13:36:36-03:00	464.03	460.26	2.43	129312	0	1	473246	36bfe40eed33c8b8cb491894acd6f63c05c13e0d7a15a6e6f7b9401246d94c6d
az-flat-alta	followme_s	63	followme_s	configs/scenarios/fase1/geo9_azure_flat_alta.yaml	2026-08-07T13:28:59-03:00	2026-08-07T13:35:08-03:00	369.80	368.59	0.48	126812	0	1	473384	36bfe40eed33c8b8cb491894acd6f63c05c13e0d7a15a6e6f7b9401246d94c6d
az-flat-alta	followme_s	64	followme_s	configs/scenarios/fase1/geo9_azure_flat_alta.yaml	2026-08-07T13:29:32-03:00	2026-08-07T13:36:30-03:00	417.74	416.36	0.42	128004	0	1	474115	36bfe40eed33c8b8cb491894acd6f63c05c13e0d7a15a6e6f7b9401246d94c6d
az-flat-alta	followme_s	65	followme_s	configs/scenarios/fase1/geo9_azure_flat_alta.yaml	2026-08-07T13:30:07-03:00	2026-08-07T13:35:35-03:00	328.62	326.54	0.66	126692	0	1	474923	36bfe40eed33c8b8cb491894acd6f63c05c13e0d7a15a6e6f7b9401246d94c6d
az-flat-alta	followme_s	66	followme_s	configs/scenarios/fase1/geo9_azure_flat_alta.yaml	2026-08-07T13:30:30-03:00	2026-08-07T13:39:03-03:00	512.99	510.78	0.50	123936	0	1	475427	36bfe40eed33c8b8cb491894acd6f63c05c13e0d7a15a6e6f7b9401246d94c6d
az-flat-alta	followme_s	67	followme_s	configs/scenarios/fase1/geo9_azure_flat_alta.yaml	2026-08-07T13:30:38-03:00	2026-08-07T13:35:17-03:00	278.77	277.34	0.45	125660	0	1	475617	36bfe40eed33c8b8cb491894acd6f63c05c13e0d7a15a6e6f7b9401246d94c6d
az-flat-alta	followme_s	68	followme_s	configs/scenarios/fase1/geo9_azure_flat_alta.yaml	2026-08-07T13:30:48-03:00	2026-08-07T13:36:40-03:00	352.67	350.34	0.65	123280	0	1	475824	36bfe40eed33c8b8cb491894acd6f63c05c13e0d7a15a6e6f7b9401246d94c6d
az-flat-alta	followme_s	69	followme_s	configs/scenarios/fase1/geo9_azure_flat_alta.yaml	2026-08-07T13:30:53-03:00	2026-08-07T13:35:42-03:00	289.49	288.20	0.47	126916	0	1	475945	36bfe40eed33c8b8cb491894acd6f63c05c13e0d7a15a6e6f7b9401246d94c6d
az-flat-alta	followme_s	70	followme_s	configs/scenarios/fase1/geo9_azure_flat_alta.yaml	2026-08-07T13:31:19-03:00	2026-08-07T13:36:59-03:00	339.59	337.83	0.60	127372	0	1	476483	36bfe40eed33c8b8cb491894acd6f63c05c13e0d7a15a6e6f7b9401246d94c6d
az-flat-alta	followme_s	71	followme_s	configs/scenarios/fase1/geo9_azure_flat_alta.yaml	2026-08-07T13:32:24-03:00	2026-08-07T13:40:24-03:00	480.58	478.48	0.52	126932	0	1	477823	36bfe40eed33c8b8cb491894acd6f63c05c13e0d7a15a6e6f7b9401246d94c6d
az-flat-alta	lowest_carbon_dc	52	none	configs/scenarios/fase1/geo9_azure_flat_alta.yaml	2026-08-07T13:20:30-03:00	2026-08-07T13:20:52-03:00	21.46	21.12	0.32	111792	0	1	460913	36bfe40eed33c8b8cb491894acd6f63c05c13e0d7a15a6e6f7b9401246d94c6d
az-flat-alta	lowest_carbon_dc	53	none	configs/scenarios/fase1/geo9_azure_flat_alta.yaml	2026-08-07T13:20:38-03:00	2026-08-07T13:21:05-03:00	26.85	26.39	0.34	111732	0	1	461081	36bfe40eed33c8b8cb491894acd6f63c05c13e0d7a15a6e6f7b9401246d94c6d
az-flat-alta	lowest_carbon_dc	54	none	configs/scenarios/fase1/geo9_azure_flat_alta.yaml	2026-08-07T13:20:42-03:00	2026-08-07T13:21:05-03:00	23.61	23.16	0.33	110944	0	1	461172	36bfe40eed33c8b8cb491894acd6f63c05c13e0d7a15a6e6f7b9401246d94c6d
az-flat-alta	lowest_carbon_dc	55	none	configs/scenarios/fase1/geo9_azure_flat_alta.yaml	2026-08-07T13:20:44-03:00	2026-08-07T13:21:10-03:00	25.50	24.74	0.69	106600	0	1	461256	36bfe40eed33c8b8cb491894acd6f63c05c13e0d7a15a6e6f7b9401246d94c6d
az-flat-alta	lowest_carbon_dc	56	none	configs/scenarios/fase1/geo9_azure_flat_alta.yaml	2026-08-07T13:20:45-03:00	2026-08-07T13:21:02-03:00	17.20	16.76	0.33	111084	0	1	461280	36bfe40eed33c8b8cb491894acd6f63c05c13e0d7a15a6e6f7b9401246d94c6d
az-flat-alta	lowest_carbon_dc	57	none	configs/scenarios/fase1/geo9_azure_flat_alta.yaml	2026-08-07T13:20:52-03:00	2026-08-07T13:21:07-03:00	15.20	14.69	0.30	110236	0	1	461423	36bfe40eed33c8b8cb491894acd6f63c05c13e0d7a15a6e6f7b9401246d94c6d
az-flat-alta	lowest_carbon_dc	58	none	configs/scenarios/fase1/geo9_azure_flat_alta.yaml	2026-08-07T13:20:52-03:00	2026-08-07T13:21:16-03:00	23.47	22.96	0.32	107872	0	1	461446	36bfe40eed33c8b8cb491894acd6f63c05c13e0d7a15a6e6f7b9401246d94c6d
az-flat-alta	lowest_carbon_dc	59	none	configs/scenarios/fase1/geo9_azure_flat_alta.yaml	2026-08-07T13:20:57-03:00	2026-08-07T13:21:24-03:00	26.74	26.36	0.33	109820	0	1	461557	36bfe40eed33c8b8cb491894acd6f63c05c13e0d7a15a6e6f7b9401246d94c6d
az-flat-alta	lowest_carbon_dc	60	none	configs/scenarios/fase1/geo9_azure_flat_alta.yaml	2026-08-07T13:21:02-03:00	2026-08-07T13:21:29-03:00	26.49	26.01	0.34	106676	0	1	461679	36bfe40eed33c8b8cb491894acd6f63c05c13e0d7a15a6e6f7b9401246d94c6d
az-flat-alta	lowest_carbon_dc	61	none	configs/scenarios/fase1/geo9_azure_flat_alta.yaml	2026-08-07T13:21:05-03:00	2026-08-07T13:21:22-03:00	17.39	17.02	0.34	109808	0	1	461750	36bfe40eed33c8b8cb491894acd6f63c05c13e0d7a15a6e6f7b9401246d94c6d
az-flat-alta	lowest_carbon_dc	62	none	configs/scenarios/fase1/geo9_azure_flat_alta.yaml	2026-08-07T13:21:05-03:00	2026-08-07T13:21:28-03:00	22.71	22.23	0.32	107004	0	1	461773	36bfe40eed33c8b8cb491894acd6f63c05c13e0d7a15a6e6f7b9401246d94c6d
az-flat-alta	lowest_carbon_dc	63	none	configs/scenarios/fase1/geo9_azure_flat_alta.yaml	2026-08-07T13:21:07-03:00	2026-08-07T13:21:32-03:00	25.34	24.95	0.30	112212	0	1	461802	36bfe40eed33c8b8cb491894acd6f63c05c13e0d7a15a6e6f7b9401246d94c6d
az-flat-alta	lowest_carbon_dc	64	none	configs/scenarios/fase1/geo9_azure_flat_alta.yaml	2026-08-07T13:21:10-03:00	2026-08-07T13:21:36-03:00	26.34	25.93	0.35	110852	0	1	461893	36bfe40eed33c8b8cb491894acd6f63c05c13e0d7a15a6e6f7b9401246d94c6d
az-flat-alta	lowest_carbon_dc	65	none	configs/scenarios/fase1/geo9_azure_flat_alta.yaml	2026-08-07T13:21:16-03:00	2026-08-07T13:21:40-03:00	24.15	23.77	0.32	111140	0	1	462017	36bfe40eed33c8b8cb491894acd6f63c05c13e0d7a15a6e6f7b9401246d94c6d
az-flat-alta	lowest_carbon_dc	66	none	configs/scenarios/fase1/geo9_azure_flat_alta.yaml	2026-08-07T13:21:22-03:00	2026-08-07T13:21:46-03:00	24.46	24.03	0.32	110712	0	1	462151	36bfe40eed33c8b8cb491894acd6f63c05c13e0d7a15a6e6f7b9401246d94c6d
az-flat-alta	lowest_carbon_dc	67	none	configs/scenarios/fase1/geo9_azure_flat_alta.yaml	2026-08-07T13:21:24-03:00	2026-08-07T13:21:43-03:00	19.56	19.17	0.35	110220	0	1	462197	36bfe40eed33c8b8cb491894acd6f63c05c13e0d7a15a6e6f7b9401246d94c6d
az-flat-alta	lowest_carbon_dc	68	none	configs/scenarios/fase1/geo9_azure_flat_alta.yaml	2026-08-07T13:21:28-03:00	2026-08-07T13:21:57-03:00	28.44	28.05	0.36	109784	0	1	462300	36bfe40eed33c8b8cb491894acd6f63c05c13e0d7a15a6e6f7b9401246d94c6d
az-flat-alta	lowest_carbon_dc	69	none	configs/scenarios/fase1/geo9_azure_flat_alta.yaml	2026-08-07T13:21:29-03:00	2026-08-07T13:21:55-03:00	26.53	26.12	0.34	110888	0	1	462323	36bfe40eed33c8b8cb491894acd6f63c05c13e0d7a15a6e6f7b9401246d94c6d
az-flat-alta	lowest_carbon_dc	70	none	configs/scenarios/fase1/geo9_azure_flat_alta.yaml	2026-08-07T13:21:32-03:00	2026-08-07T13:21:54-03:00	21.34	20.99	0.31	111192	0	1	462415	36bfe40eed33c8b8cb491894acd6f63c05c13e0d7a15a6e6f7b9401246d94c6d
az-flat-alta	lowest_carbon_dc	71	none	configs/scenarios/fase1/geo9_azure_flat_alta.yaml	2026-08-07T13:21:36-03:00	2026-08-07T13:22:02-03:00	25.29	24.75	0.33	110056	0	1	462531	36bfe40eed33c8b8cb491894acd6f63c05c13e0d7a15a6e6f7b9401246d94c6d
az-flat-alta	round_robin	52	none	configs/scenarios/fase1/geo9_azure_flat_alta.yaml	2026-08-07T13:17:30-03:00	2026-08-07T13:17:50-03:00	20.10	19.68	0.31	109140	0	1	456311	36bfe40eed33c8b8cb491894acd6f63c05c13e0d7a15a6e6f7b9401246d94c6d
az-flat-alta	round_robin	53	none	configs/scenarios/fase1/geo9_azure_flat_alta.yaml	2026-08-07T13:17:37-03:00	2026-08-07T13:17:58-03:00	20.56	20.21	0.29	109676	0	1	456496	36bfe40eed33c8b8cb491894acd6f63c05c13e0d7a15a6e6f7b9401246d94c6d
az-flat-alta	round_robin	54	none	configs/scenarios/fase1/geo9_azure_flat_alta.yaml	2026-08-07T13:17:42-03:00	2026-08-07T13:18:09-03:00	26.56	26.14	0.33	109516	0	1	456576	36bfe40eed33c8b8cb491894acd6f63c05c13e0d7a15a6e6f7b9401246d94c6d
az-flat-alta	round_robin	55	none	configs/scenarios/fase1/geo9_azure_flat_alta.yaml	2026-08-07T13:17:45-03:00	2026-08-07T13:18:03-03:00	18.48	18.14	0.31	110352	0	1	456656	36bfe40eed33c8b8cb491894acd6f63c05c13e0d7a15a6e6f7b9401246d94c6d
az-flat-alta	round_robin	56	none	configs/scenarios/fase1/geo9_azure_flat_alta.yaml	2026-08-07T13:17:45-03:00	2026-08-07T13:18:09-03:00	23.78	23.42	0.32	110488	0	1	456679	36bfe40eed33c8b8cb491894acd6f63c05c13e0d7a15a6e6f7b9401246d94c6d
az-flat-alta	round_robin	57	none	configs/scenarios/fase1/geo9_azure_flat_alta.yaml	2026-08-07T13:17:49-03:00	2026-08-07T13:18:17-03:00	27.61	27.15	0.32	110376	0	1	456772	36bfe40eed33c8b8cb491894acd6f63c05c13e0d7a15a6e6f7b9401246d94c6d
az-flat-alta	round_robin	58	none	configs/scenarios/fase1/geo9_azure_flat_alta.yaml	2026-08-07T13:17:50-03:00	2026-08-07T13:18:06-03:00	16.50	16.11	0.31	109692	0	1	456796	36bfe40eed33c8b8cb491894acd6f63c05c13e0d7a15a6e6f7b9401246d94c6d
az-flat-alta	round_robin	59	none	configs/scenarios/fase1/geo9_azure_flat_alta.yaml	2026-08-07T13:17:58-03:00	2026-08-07T13:18:12-03:00	13.73	13.38	0.30	110188	0	1	456995	36bfe40eed33c8b8cb491894acd6f63c05c13e0d7a15a6e6f7b9401246d94c6d
az-flat-alta	round_robin	60	none	configs/scenarios/fase1/geo9_azure_flat_alta.yaml	2026-08-07T13:18:03-03:00	2026-08-07T13:18:27-03:00	24.17	23.76	0.30	110376	0	1	457110	36bfe40eed33c8b8cb491894acd6f63c05c13e0d7a15a6e6f7b9401246d94c6d
az-flat-alta	round_robin	61	none	configs/scenarios/fase1/geo9_azure_flat_alta.yaml	2026-08-07T13:18:06-03:00	2026-08-07T13:18:17-03:00	11.16	10.88	0.25	110016	0	1	457177	36bfe40eed33c8b8cb491894acd6f63c05c13e0d7a15a6e6f7b9401246d94c6d
az-flat-alta	round_robin	62	none	configs/scenarios/fase1/geo9_azure_flat_alta.yaml	2026-08-07T13:18:09-03:00	2026-08-07T13:18:36-03:00	27.67	27.21	0.36	110208	0	1	457233	36bfe40eed33c8b8cb491894acd6f63c05c13e0d7a15a6e6f7b9401246d94c6d
az-flat-alta	round_robin	63	none	configs/scenarios/fase1/geo9_azure_flat_alta.yaml	2026-08-07T13:18:09-03:00	2026-08-07T13:18:32-03:00	22.41	22.05	0.33	111020	0	1	457261	36bfe40eed33c8b8cb491894acd6f63c05c13e0d7a15a6e6f7b9401246d94c6d
az-flat-alta	round_robin	64	none	configs/scenarios/fase1/geo9_azure_flat_alta.yaml	2026-08-07T13:18:12-03:00	2026-08-07T13:18:27-03:00	15.42	15.06	0.30	109944	0	1	457313	36bfe40eed33c8b8cb491894acd6f63c05c13e0d7a15a6e6f7b9401246d94c6d
az-flat-alta	round_robin	65	none	configs/scenarios/fase1/geo9_azure_flat_alta.yaml	2026-08-07T13:18:17-03:00	2026-08-07T13:18:41-03:00	24.34	23.86	0.36	110292	0	1	457419	36bfe40eed33c8b8cb491894acd6f63c05c13e0d7a15a6e6f7b9401246d94c6d
az-flat-alta	round_robin	66	none	configs/scenarios/fase1/geo9_azure_flat_alta.yaml	2026-08-07T13:18:17-03:00	2026-08-07T13:18:41-03:00	23.15	22.76	0.33	110136	0	1	457443	36bfe40eed33c8b8cb491894acd6f63c05c13e0d7a15a6e6f7b9401246d94c6d
az-flat-alta	round_robin	67	none	configs/scenarios/fase1/geo9_azure_flat_alta.yaml	2026-08-07T13:18:27-03:00	2026-08-07T13:18:46-03:00	18.79	18.37	0.30	110288	0	1	457666	36bfe40eed33c8b8cb491894acd6f63c05c13e0d7a15a6e6f7b9401246d94c6d
az-flat-alta	round_robin	68	none	configs/scenarios/fase1/geo9_azure_flat_alta.yaml	2026-08-07T13:18:27-03:00	2026-08-07T13:18:50-03:00	22.13	21.75	0.31	109844	0	1	457689	36bfe40eed33c8b8cb491894acd6f63c05c13e0d7a15a6e6f7b9401246d94c6d
az-flat-alta	round_robin	69	none	configs/scenarios/fase1/geo9_azure_flat_alta.yaml	2026-08-07T13:18:32-03:00	2026-08-07T13:18:54-03:00	22.78	22.32	0.35	110244	0	1	457792	36bfe40eed33c8b8cb491894acd6f63c05c13e0d7a15a6e6f7b9401246d94c6d
az-flat-alta	round_robin	70	none	configs/scenarios/fase1/geo9_azure_flat_alta.yaml	2026-08-07T13:18:36-03:00	2026-08-07T13:18:58-03:00	21.84	21.34	0.35	109512	0	1	457914	36bfe40eed33c8b8cb491894acd6f63c05c13e0d7a15a6e6f7b9401246d94c6d
az-flat-alta	round_robin	71	none	configs/scenarios/fase1/geo9_azure_flat_alta.yaml	2026-08-07T13:18:41-03:00	2026-08-07T13:19:07-03:00	26.86	26.40	0.34	110192	0	1	458026	36bfe40eed33c8b8cb491894acd6f63c05c13e0d7a15a6e6f7b9401246d94c6d
az-flat-alta	worst_fit	52	none	configs/scenarios/fase1/geo9_azure_flat_alta.yaml	2026-08-07T13:16:19-03:00	2026-08-07T13:16:36-03:00	17.10	16.68	0.30	111060	0	1	454557	36bfe40eed33c8b8cb491894acd6f63c05c13e0d7a15a6e6f7b9401246d94c6d
az-flat-alta	worst_fit	53	none	configs/scenarios/fase1/geo9_azure_flat_alta.yaml	2026-08-07T13:16:21-03:00	2026-08-07T13:16:44-03:00	23.44	23.03	0.32	111524	0	1	454598	36bfe40eed33c8b8cb491894acd6f63c05c13e0d7a15a6e6f7b9401246d94c6d
az-flat-alta	worst_fit	54	none	configs/scenarios/fase1/geo9_azure_flat_alta.yaml	2026-08-07T13:16:29-03:00	2026-08-07T13:16:52-03:00	22.83	22.33	0.33	110772	0	1	454789	36bfe40eed33c8b8cb491894acd6f63c05c13e0d7a15a6e6f7b9401246d94c6d
az-flat-alta	worst_fit	55	none	configs/scenarios/fase1/geo9_azure_flat_alta.yaml	2026-08-07T13:16:30-03:00	2026-08-07T13:16:55-03:00	24.76	24.38	0.33	111108	0	1	454824	36bfe40eed33c8b8cb491894acd6f63c05c13e0d7a15a6e6f7b9401246d94c6d
az-flat-alta	worst_fit	56	none	configs/scenarios/fase1/geo9_azure_flat_alta.yaml	2026-08-07T13:16:32-03:00	2026-08-07T13:16:47-03:00	14.44	14.07	0.30	112204	0	1	454885	36bfe40eed33c8b8cb491894acd6f63c05c13e0d7a15a6e6f7b9401246d94c6d
az-flat-alta	worst_fit	57	none	configs/scenarios/fase1/geo9_azure_flat_alta.yaml	2026-08-07T13:16:36-03:00	2026-08-07T13:16:53-03:00	17.23	16.89	0.29	112228	0	1	454995	36bfe40eed33c8b8cb491894acd6f63c05c13e0d7a15a6e6f7b9401246d94c6d
az-flat-alta	worst_fit	58	none	configs/scenarios/fase1/geo9_azure_flat_alta.yaml	2026-08-07T13:16:37-03:00	2026-08-07T13:16:57-03:00	20.45	19.95	0.33	111764	0	1	455037	36bfe40eed33c8b8cb491894acd6f63c05c13e0d7a15a6e6f7b9401246d94c6d
az-flat-alta	worst_fit	59	none	configs/scenarios/fase1/geo9_azure_flat_alta.yaml	2026-08-07T13:16:44-03:00	2026-08-07T13:17:07-03:00	22.43	21.95	0.35	110704	0	1	455186	36bfe40eed33c8b8cb491894acd6f63c05c13e0d7a15a6e6f7b9401246d94c6d
az-flat-alta	worst_fit	60	none	configs/scenarios/fase1/geo9_azure_flat_alta.yaml	2026-08-07T13:16:47-03:00	2026-08-07T13:17:07-03:00	19.71	19.29	0.32	111436	0	1	455269	36bfe40eed33c8b8cb491894acd6f63c05c13e0d7a15a6e6f7b9401246d94c6d
az-flat-alta	worst_fit	61	none	configs/scenarios/fase1/geo9_azure_flat_alta.yaml	2026-08-07T13:16:52-03:00	2026-08-07T13:17:16-03:00	24.66	24.23	0.34	111168	0	1	455383	36bfe40eed33c8b8cb491894acd6f63c05c13e0d7a15a6e6f7b9401246d94c6d
az-flat-alta	worst_fit	62	none	configs/scenarios/fase1/geo9_azure_flat_alta.yaml	2026-08-07T13:16:53-03:00	2026-08-07T13:17:22-03:00	28.26	27.87	0.35	111156	0	1	455422	36bfe40eed33c8b8cb491894acd6f63c05c13e0d7a15a6e6f7b9401246d94c6d
az-flat-alta	worst_fit	63	none	configs/scenarios/fase1/geo9_azure_flat_alta.yaml	2026-08-07T13:16:55-03:00	2026-08-07T13:17:20-03:00	25.56	24.90	0.62	108420	0	1	455455	36bfe40eed33c8b8cb491894acd6f63c05c13e0d7a15a6e6f7b9401246d94c6d
az-flat-alta	worst_fit	64	none	configs/scenarios/fase1/geo9_azure_flat_alta.yaml	2026-08-07T13:16:57-03:00	2026-08-07T13:17:15-03:00	17.57	17.10	0.33	110864	0	1	455534	36bfe40eed33c8b8cb491894acd6f63c05c13e0d7a15a6e6f7b9401246d94c6d
az-flat-alta	worst_fit	65	none	configs/scenarios/fase1/geo9_azure_flat_alta.yaml	2026-08-07T13:17:07-03:00	2026-08-07T13:17:30-03:00	23.04	22.63	0.34	111336	0	1	455734	36bfe40eed33c8b8cb491894acd6f63c05c13e0d7a15a6e6f7b9401246d94c6d
az-flat-alta	worst_fit	66	none	configs/scenarios/fase1/geo9_azure_flat_alta.yaml	2026-08-07T13:17:07-03:00	2026-08-07T13:17:26-03:00	19.28	18.91	0.31	110932	0	1	455766	36bfe40eed33c8b8cb491894acd6f63c05c13e0d7a15a6e6f7b9401246d94c6d
az-flat-alta	worst_fit	67	none	configs/scenarios/fase1/geo9_azure_flat_alta.yaml	2026-08-07T13:17:15-03:00	2026-08-07T13:17:42-03:00	27.09	26.65	0.34	112088	0	1	455935	36bfe40eed33c8b8cb491894acd6f63c05c13e0d7a15a6e6f7b9401246d94c6d
az-flat-alta	worst_fit	68	none	configs/scenarios/fase1/geo9_azure_flat_alta.yaml	2026-08-07T13:17:16-03:00	2026-08-07T13:17:37-03:00	21.19	20.80	0.32	111052	0	1	455969	36bfe40eed33c8b8cb491894acd6f63c05c13e0d7a15a6e6f7b9401246d94c6d
az-flat-alta	worst_fit	69	none	configs/scenarios/fase1/geo9_azure_flat_alta.yaml	2026-08-07T13:17:20-03:00	2026-08-07T13:17:45-03:00	25.14	24.49	0.50	111560	0	1	456071	36bfe40eed33c8b8cb491894acd6f63c05c13e0d7a15a6e6f7b9401246d94c6d
az-flat-alta	worst_fit	70	none	configs/scenarios/fase1/geo9_azure_flat_alta.yaml	2026-08-07T13:17:22-03:00	2026-08-07T13:17:45-03:00	23.06	22.54	0.36	111192	0	1	456105	36bfe40eed33c8b8cb491894acd6f63c05c13e0d7a15a6e6f7b9401246d94c6d
az-flat-alta	worst_fit	71	none	configs/scenarios/fase1/geo9_azure_flat_alta.yaml	2026-08-07T13:17:26-03:00	2026-08-07T13:17:49-03:00	22.99	22.59	0.33	111780	0	1	456219	36bfe40eed33c8b8cb491894acd6f63c05c13e0d7a15a6e6f7b9401246d94c6d
az-flat-alta	wsnb	52	none	configs/scenarios/fase1/geo9_azure_flat_alta.yaml	2026-08-07T13:22:45-03:00	2026-08-07T13:23:12-03:00	26.91	26.48	0.35	110932	0	1	464265	36bfe40eed33c8b8cb491894acd6f63c05c13e0d7a15a6e6f7b9401246d94c6d
az-flat-alta	wsnb	53	none	configs/scenarios/fase1/geo9_azure_flat_alta.yaml	2026-08-07T13:22:46-03:00	2026-08-07T13:23:06-03:00	19.93	19.56	0.34	111032	0	1	464318	36bfe40eed33c8b8cb491894acd6f63c05c13e0d7a15a6e6f7b9401246d94c6d
az-flat-alta	wsnb	54	none	configs/scenarios/fase1/geo9_azure_flat_alta.yaml	2026-08-07T13:22:48-03:00	2026-08-07T13:23:08-03:00	19.90	19.51	0.30	109836	0	1	464371	36bfe40eed33c8b8cb491894acd6f63c05c13e0d7a15a6e6f7b9401246d94c6d
az-flat-alta	wsnb	55	none	configs/scenarios/fase1/geo9_azure_flat_alta.yaml	2026-08-07T13:22:53-03:00	2026-08-07T13:23:19-03:00	25.21	24.73	0.32	110860	0	1	464485	36bfe40eed33c8b8cb491894acd6f63c05c13e0d7a15a6e6f7b9401246d94c6d
az-flat-alta	wsnb	56	none	configs/scenarios/fase1/geo9_azure_flat_alta.yaml	2026-08-07T13:22:59-03:00	2026-08-07T13:23:16-03:00	17.78	17.40	0.31	110204	0	1	464607	36bfe40eed33c8b8cb491894acd6f63c05c13e0d7a15a6e6f7b9401246d94c6d
az-flat-alta	wsnb	57	none	configs/scenarios/fase1/geo9_azure_flat_alta.yaml	2026-08-07T13:22:59-03:00	2026-08-07T13:23:26-03:00	26.85	26.40	0.33	109064	0	1	464630	36bfe40eed33c8b8cb491894acd6f63c05c13e0d7a15a6e6f7b9401246d94c6d
az-flat-alta	wsnb	58	none	configs/scenarios/fase1/geo9_azure_flat_alta.yaml	2026-08-07T13:23:04-03:00	2026-08-07T13:23:26-03:00	21.88	21.44	0.33	107348	0	1	464745	36bfe40eed33c8b8cb491894acd6f63c05c13e0d7a15a6e6f7b9401246d94c6d
az-flat-alta	wsnb	59	none	configs/scenarios/fase1/geo9_azure_flat_alta.yaml	2026-08-07T13:23:06-03:00	2026-08-07T13:23:18-03:00	11.77	11.46	0.28	109472	0	1	464791	36bfe40eed33c8b8cb491894acd6f63c05c13e0d7a15a6e6f7b9401246d94c6d
az-flat-alta	wsnb	60	none	configs/scenarios/fase1/geo9_azure_flat_alta.yaml	2026-08-07T13:23:08-03:00	2026-08-07T13:23:31-03:00	22.95	22.54	0.32	109844	0	1	464861	36bfe40eed33c8b8cb491894acd6f63c05c13e0d7a15a6e6f7b9401246d94c6d
az-flat-alta	wsnb	61	none	configs/scenarios/fase1/geo9_azure_flat_alta.yaml	2026-08-07T13:23:12-03:00	2026-08-07T13:23:30-03:00	18.32	17.96	0.31	109272	0	1	464953	36bfe40eed33c8b8cb491894acd6f63c05c13e0d7a15a6e6f7b9401246d94c6d
az-flat-alta	wsnb	62	none	configs/scenarios/fase1/geo9_azure_flat_alta.yaml	2026-08-07T13:23:16-03:00	2026-08-07T13:23:41-03:00	24.43	23.87	0.31	106292	0	1	465055	36bfe40eed33c8b8cb491894acd6f63c05c13e0d7a15a6e6f7b9401246d94c6d
az-flat-alta	wsnb	63	none	configs/scenarios/fase1/geo9_azure_flat_alta.yaml	2026-08-07T13:23:18-03:00	2026-08-07T13:23:42-03:00	24.18	23.72	0.37	111004	0	1	465099	36bfe40eed33c8b8cb491894acd6f63c05c13e0d7a15a6e6f7b9401246d94c6d
az-flat-alta	wsnb	64	none	configs/scenarios/fase1/geo9_azure_flat_alta.yaml	2026-08-07T13:23:19-03:00	2026-08-07T13:23:38-03:00	19.34	18.97	0.31	109268	0	1	465142	36bfe40eed33c8b8cb491894acd6f63c05c13e0d7a15a6e6f7b9401246d94c6d
az-flat-alta	wsnb	65	none	configs/scenarios/fase1/geo9_azure_flat_alta.yaml	2026-08-07T13:23:26-03:00	2026-08-07T13:23:45-03:00	19.51	18.93	0.56	110212	0	1	465277	36bfe40eed33c8b8cb491894acd6f63c05c13e0d7a15a6e6f7b9401246d94c6d
az-flat-alta	wsnb	66	none	configs/scenarios/fase1/geo9_azure_flat_alta.yaml	2026-08-07T13:23:26-03:00	2026-08-07T13:23:48-03:00	22.00	21.59	0.31	109556	0	1	465300	36bfe40eed33c8b8cb491894acd6f63c05c13e0d7a15a6e6f7b9401246d94c6d
az-flat-alta	wsnb	67	none	configs/scenarios/fase1/geo9_azure_flat_alta.yaml	2026-08-07T13:23:30-03:00	2026-08-07T13:23:51-03:00	21.34	20.84	0.33	110156	0	1	465397	36bfe40eed33c8b8cb491894acd6f63c05c13e0d7a15a6e6f7b9401246d94c6d
az-flat-alta	wsnb	68	none	configs/scenarios/fase1/geo9_azure_flat_alta.yaml	2026-08-07T13:23:31-03:00	2026-08-07T13:23:52-03:00	21.04	20.56	0.36	109576	0	1	465427	36bfe40eed33c8b8cb491894acd6f63c05c13e0d7a15a6e6f7b9401246d94c6d
az-flat-alta	wsnb	69	none	configs/scenarios/fase1/geo9_azure_flat_alta.yaml	2026-08-07T13:23:38-03:00	2026-08-07T13:23:55-03:00	17.22	16.88	0.31	109192	0	1	465594	36bfe40eed33c8b8cb491894acd6f63c05c13e0d7a15a6e6f7b9401246d94c6d
az-flat-alta	wsnb	70	none	configs/scenarios/fase1/geo9_azure_flat_alta.yaml	2026-08-07T13:23:41-03:00	2026-08-07T13:23:58-03:00	17.06	16.64	0.29	110392	0	1	465647	36bfe40eed33c8b8cb491894acd6f63c05c13e0d7a15a6e6f7b9401246d94c6d
az-flat-alta	wsnb	71	none	configs/scenarios/fase1/geo9_azure_flat_alta.yaml	2026-08-07T13:23:42-03:00	2026-08-07T13:24:03-03:00	20.90	20.54	0.29	109712	0	1	465699	36bfe40eed33c8b8cb491894acd6f63c05c13e0d7a15a6e6f7b9401246d94c6d
az-flat-folgada	best_fit	52	none	configs/scenarios/fase1/geo9_azure_flat_folgada.yaml	2026-08-07T13:10:13-03:00	2026-08-07T13:10:14-03:00	1.29	1.17	0.10	43208	0	1	443761	36bfe40eed33c8b8cb491894acd6f63c05c13e0d7a15a6e6f7b9401246d94c6d
az-flat-folgada	best_fit	53	none	configs/scenarios/fase1/geo9_azure_flat_folgada.yaml	2026-08-07T13:10:14-03:00	2026-08-07T13:10:16-03:00	1.55	1.41	0.10	43280	0	1	443804	36bfe40eed33c8b8cb491894acd6f63c05c13e0d7a15a6e6f7b9401246d94c6d
az-flat-folgada	best_fit	54	none	configs/scenarios/fase1/geo9_azure_flat_folgada.yaml	2026-08-07T13:10:16-03:00	2026-08-07T13:10:17-03:00	1.30	1.18	0.10	43060	0	1	443857	36bfe40eed33c8b8cb491894acd6f63c05c13e0d7a15a6e6f7b9401246d94c6d
az-flat-folgada	best_fit	55	none	configs/scenarios/fase1/geo9_azure_flat_folgada.yaml	2026-08-07T13:10:17-03:00	2026-08-07T13:10:19-03:00	1.48	1.38	0.09	43292	0	1	443895	36bfe40eed33c8b8cb491894acd6f63c05c13e0d7a15a6e6f7b9401246d94c6d
az-flat-folgada	best_fit	56	none	configs/scenarios/fase1/geo9_azure_flat_folgada.yaml	2026-08-07T13:10:19-03:00	2026-08-07T13:10:20-03:00	1.29	1.17	0.10	43160	0	1	443939	36bfe40eed33c8b8cb491894acd6f63c05c13e0d7a15a6e6f7b9401246d94c6d
az-flat-folgada	best_fit	57	none	configs/scenarios/fase1/geo9_azure_flat_folgada.yaml	2026-08-07T13:10:20-03:00	2026-08-07T13:10:21-03:00	1.30	1.20	0.09	43392	0	1	443982	36bfe40eed33c8b8cb491894acd6f63c05c13e0d7a15a6e6f7b9401246d94c6d
az-flat-folgada	best_fit	58	none	configs/scenarios/fase1/geo9_azure_flat_folgada.yaml	2026-08-07T13:10:21-03:00	2026-08-07T13:10:23-03:00	1.52	1.37	0.11	43052	0	1	444003	36bfe40eed33c8b8cb491894acd6f63c05c13e0d7a15a6e6f7b9401246d94c6d
az-flat-folgada	best_fit	59	none	configs/scenarios/fase1/geo9_azure_flat_folgada.yaml	2026-08-07T13:10:23-03:00	2026-08-07T13:10:24-03:00	1.51	1.39	0.11	43392	0	1	444077	36bfe40eed33c8b8cb491894acd6f63c05c13e0d7a15a6e6f7b9401246d94c6d
az-flat-folgada	best_fit	60	none	configs/scenarios/fase1/geo9_azure_flat_folgada.yaml	2026-08-07T13:10:24-03:00	2026-08-07T13:10:26-03:00	1.34	1.22	0.10	43128	0	1	444119	36bfe40eed33c8b8cb491894acd6f63c05c13e0d7a15a6e6f7b9401246d94c6d
az-flat-folgada	best_fit	61	none	configs/scenarios/fase1/geo9_azure_flat_folgada.yaml	2026-08-07T13:10:26-03:00	2026-08-07T13:10:27-03:00	1.58	1.46	0.10	43224	0	1	444153	36bfe40eed33c8b8cb491894acd6f63c05c13e0d7a15a6e6f7b9401246d94c6d
az-flat-folgada	best_fit	62	none	configs/scenarios/fase1/geo9_azure_flat_folgada.yaml	2026-08-07T13:10:27-03:00	2026-08-07T13:10:29-03:00	1.43	1.32	0.10	43412	0	1	444204	36bfe40eed33c8b8cb491894acd6f63c05c13e0d7a15a6e6f7b9401246d94c6d
az-flat-folgada	best_fit	63	none	configs/scenarios/fase1/geo9_azure_flat_folgada.yaml	2026-08-07T13:10:29-03:00	2026-08-07T13:10:30-03:00	1.39	1.26	0.10	43288	0	1	444249	36bfe40eed33c8b8cb491894acd6f63c05c13e0d7a15a6e6f7b9401246d94c6d
az-flat-folgada	best_fit	64	none	configs/scenarios/fase1/geo9_azure_flat_folgada.yaml	2026-08-07T13:10:30-03:00	2026-08-07T13:10:31-03:00	1.35	1.21	0.11	43368	0	1	444294	36bfe40eed33c8b8cb491894acd6f63c05c13e0d7a15a6e6f7b9401246d94c6d
az-flat-folgada	best_fit	65	none	configs/scenarios/fase1/geo9_azure_flat_folgada.yaml	2026-08-07T13:10:31-03:00	2026-08-07T13:10:33-03:00	1.52	1.43	0.08	43328	0	1	444315	36bfe40eed33c8b8cb491894acd6f63c05c13e0d7a15a6e6f7b9401246d94c6d
az-flat-folgada	best_fit	66	none	configs/scenarios/fase1/geo9_azure_flat_folgada.yaml	2026-08-07T13:10:33-03:00	2026-08-07T13:10:34-03:00	1.36	1.22	0.10	43452	0	1	444377	36bfe40eed33c8b8cb491894acd6f63c05c13e0d7a15a6e6f7b9401246d94c6d
az-flat-folgada	best_fit	67	none	configs/scenarios/fase1/geo9_azure_flat_folgada.yaml	2026-08-07T13:10:34-03:00	2026-08-07T13:10:36-03:00	1.45	1.29	0.10	43240	0	1	444426	36bfe40eed33c8b8cb491894acd6f63c05c13e0d7a15a6e6f7b9401246d94c6d
az-flat-folgada	best_fit	68	none	configs/scenarios/fase1/geo9_azure_flat_folgada.yaml	2026-08-07T13:10:36-03:00	2026-08-07T13:10:37-03:00	1.44	1.30	0.10	43044	0	1	444464	36bfe40eed33c8b8cb491894acd6f63c05c13e0d7a15a6e6f7b9401246d94c6d
az-flat-folgada	best_fit	69	none	configs/scenarios/fase1/geo9_azure_flat_folgada.yaml	2026-08-07T13:10:37-03:00	2026-08-07T13:10:39-03:00	1.36	1.25	0.09	43340	0	1	444512	36bfe40eed33c8b8cb491894acd6f63c05c13e0d7a15a6e6f7b9401246d94c6d
az-flat-folgada	best_fit	70	none	configs/scenarios/fase1/geo9_azure_flat_folgada.yaml	2026-08-07T13:10:39-03:00	2026-08-07T13:10:40-03:00	1.43	1.29	0.12	43012	0	1	444557	36bfe40eed33c8b8cb491894acd6f63c05c13e0d7a15a6e6f7b9401246d94c6d
az-flat-folgada	best_fit	71	none	configs/scenarios/fase1/geo9_azure_flat_folgada.yaml	2026-08-07T13:10:40-03:00	2026-08-07T13:10:41-03:00	1.29	1.18	0.09	43264	0	1	444591	36bfe40eed33c8b8cb491894acd6f63c05c13e0d7a15a6e6f7b9401246d94c6d
az-flat-folgada	bfd	52	none	configs/scenarios/fase1/geo9_azure_flat_folgada.yaml	2026-08-07T13:12:04-03:00	2026-08-07T13:12:05-03:00	1.31	1.20	0.09	43252	0	1	447107	36bfe40eed33c8b8cb491894acd6f63c05c13e0d7a15a6e6f7b9401246d94c6d
az-flat-folgada	bfd	53	none	configs/scenarios/fase1/geo9_azure_flat_folgada.yaml	2026-08-07T13:12:05-03:00	2026-08-07T13:12:07-03:00	1.50	1.39	0.10	43416	0	1	447148	36bfe40eed33c8b8cb491894acd6f63c05c13e0d7a15a6e6f7b9401246d94c6d
az-flat-folgada	bfd	54	none	configs/scenarios/fase1/geo9_azure_flat_folgada.yaml	2026-08-07T13:12:07-03:00	2026-08-07T13:12:08-03:00	1.33	1.22	0.09	58208	0	1	447193	36bfe40eed33c8b8cb491894acd6f63c05c13e0d7a15a6e6f7b9401246d94c6d
az-flat-folgada	bfd	55	none	configs/scenarios/fase1/geo9_azure_flat_folgada.yaml	2026-08-07T13:12:08-03:00	2026-08-07T13:12:09-03:00	1.51	1.40	0.10	43364	0	1	447248	36bfe40eed33c8b8cb491894acd6f63c05c13e0d7a15a6e6f7b9401246d94c6d
az-flat-folgada	bfd	56	none	configs/scenarios/fase1/geo9_azure_flat_folgada.yaml	2026-08-07T13:12:09-03:00	2026-08-07T13:12:11-03:00	1.16	1.05	0.10	56852	0	1	447272	36bfe40eed33c8b8cb491894acd6f63c05c13e0d7a15a6e6f7b9401246d94c6d
az-flat-folgada	bfd	57	none	configs/scenarios/fase1/geo9_azure_flat_folgada.yaml	2026-08-07T13:12:11-03:00	2026-08-07T13:12:12-03:00	1.56	1.42	0.12	43116	0	1	447318	36bfe40eed33c8b8cb491894acd6f63c05c13e0d7a15a6e6f7b9401246d94c6d
az-flat-folgada	bfd	58	none	configs/scenarios/fase1/geo9_azure_flat_folgada.yaml	2026-08-07T13:12:12-03:00	2026-08-07T13:12:13-03:00	1.15	1.04	0.08	43264	0	1	447351	36bfe40eed33c8b8cb491894acd6f63c05c13e0d7a15a6e6f7b9401246d94c6d
az-flat-folgada	bfd	59	none	configs/scenarios/fase1/geo9_azure_flat_folgada.yaml	2026-08-07T13:12:13-03:00	2026-08-07T13:12:15-03:00	1.59	1.46	0.10	43208	0	1	447393	36bfe40eed33c8b8cb491894acd6f63c05c13e0d7a15a6e6f7b9401246d94c6d
az-flat-folgada	bfd	60	none	configs/scenarios/fase1/geo9_azure_flat_folgada.yaml	2026-08-07T13:12:15-03:00	2026-08-07T13:12:16-03:00	1.09	0.99	0.08	43152	0	1	447432	36bfe40eed33c8b8cb491894acd6f63c05c13e0d7a15a6e6f7b9401246d94c6d
az-flat-folgada	bfd	61	none	configs/scenarios/fase1/geo9_azure_flat_folgada.yaml	2026-08-07T13:12:16-03:00	2026-08-07T13:12:18-03:00	1.57	1.44	0.09	43148	0	1	447471	36bfe40eed33c8b8cb491894acd6f63c05c13e0d7a15a6e6f7b9401246d94c6d
az-flat-folgada	bfd	62	none	configs/scenarios/fase1/geo9_azure_flat_folgada.yaml	2026-08-07T13:12:18-03:00	2026-08-07T13:12:19-03:00	1.42	1.28	0.09	42996	0	1	447494	36bfe40eed33c8b8cb491894acd6f63c05c13e0d7a15a6e6f7b9401246d94c6d
az-flat-folgada	bfd	63	none	configs/scenarios/fase1/geo9_azure_flat_folgada.yaml	2026-08-07T13:12:19-03:00	2026-08-07T13:12:21-03:00	1.37	1.27	0.09	43136	0	1	447555	36bfe40eed33c8b8cb491894acd6f63c05c13e0d7a15a6e6f7b9401246d94c6d
az-flat-folgada	bfd	64	none	configs/scenarios/fase1/geo9_azure_flat_folgada.yaml	2026-08-07T13:12:21-03:00	2026-08-07T13:12:22-03:00	1.32	1.19	0.12	43260	0	1	447597	36bfe40eed33c8b8cb491894acd6f63c05c13e0d7a15a6e6f7b9401246d94c6d
az-flat-folgada	bfd	65	none	configs/scenarios/fase1/geo9_azure_flat_folgada.yaml	2026-08-07T13:12:22-03:00	2026-08-07T13:12:23-03:00	1.29	1.17	0.10	43200	0	1	447620	36bfe40eed33c8b8cb491894acd6f63c05c13e0d7a15a6e6f7b9401246d94c6d
az-flat-folgada	bfd	66	none	configs/scenarios/fase1/geo9_azure_flat_folgada.yaml	2026-08-07T13:12:23-03:00	2026-08-07T13:12:25-03:00	1.37	1.26	0.10	43368	0	1	447682	36bfe40eed33c8b8cb491894acd6f63c05c13e0d7a15a6e6f7b9401246d94c6d
az-flat-folgada	bfd	67	none	configs/scenarios/fase1/geo9_azure_flat_folgada.yaml	2026-08-07T13:12:25-03:00	2026-08-07T13:12:26-03:00	1.37	1.25	0.10	43260	0	1	447718	36bfe40eed33c8b8cb491894acd6f63c05c13e0d7a15a6e6f7b9401246d94c6d
az-flat-folgada	bfd	68	none	configs/scenarios/fase1/geo9_azure_flat_folgada.yaml	2026-08-07T13:12:26-03:00	2026-08-07T13:12:27-03:00	1.53	1.40	0.12	57932	0	1	447741	36bfe40eed33c8b8cb491894acd6f63c05c13e0d7a15a6e6f7b9401246d94c6d
az-flat-folgada	bfd	69	none	configs/scenarios/fase1/geo9_azure_flat_folgada.yaml	2026-08-07T13:12:27-03:00	2026-08-07T13:12:29-03:00	1.21	1.09	0.10	43404	0	1	447784	36bfe40eed33c8b8cb491894acd6f63c05c13e0d7a15a6e6f7b9401246d94c6d
az-flat-folgada	bfd	70	none	configs/scenarios/fase1/geo9_azure_flat_folgada.yaml	2026-08-07T13:12:29-03:00	2026-08-07T13:12:30-03:00	1.54	1.41	0.11	57248	0	1	447857	36bfe40eed33c8b8cb491894acd6f63c05c13e0d7a15a6e6f7b9401246d94c6d
az-flat-folgada	bfd	71	none	configs/scenarios/fase1/geo9_azure_flat_folgada.yaml	2026-08-07T13:12:30-03:00	2026-08-07T13:12:32-03:00	1.52	1.41	0.10	57080	0	1	447890	36bfe40eed33c8b8cb491894acd6f63c05c13e0d7a15a6e6f7b9401246d94c6d
az-flat-folgada	cnemesis	52	cnemesis	configs/scenarios/fase1/geo9_azure_flat_folgada.yaml	2026-08-07T13:13:41-03:00	2026-08-07T13:13:42-03:00	1.42	1.26	0.12	46600	0	1	450399	36bfe40eed33c8b8cb491894acd6f63c05c13e0d7a15a6e6f7b9401246d94c6d
az-flat-folgada	cnemesis	53	cnemesis	configs/scenarios/fase1/geo9_azure_flat_folgada.yaml	2026-08-07T13:13:42-03:00	2026-08-07T13:13:43-03:00	1.58	1.47	0.10	46200	0	1	450420	36bfe40eed33c8b8cb491894acd6f63c05c13e0d7a15a6e6f7b9401246d94c6d
az-flat-folgada	cnemesis	54	cnemesis	configs/scenarios/fase1/geo9_azure_flat_folgada.yaml	2026-08-07T13:13:42-03:00	2026-08-07T13:13:44-03:00	1.57	1.44	0.10	46252	0	1	450443	36bfe40eed33c8b8cb491894acd6f63c05c13e0d7a15a6e6f7b9401246d94c6d
az-flat-folgada	cnemesis	55	cnemesis	configs/scenarios/fase1/geo9_azure_flat_folgada.yaml	2026-08-07T13:13:42-03:00	2026-08-07T13:13:44-03:00	1.54	1.35	0.11	46668	0	1	450456	36bfe40eed33c8b8cb491894acd6f63c05c13e0d7a15a6e6f7b9401246d94c6d
az-flat-folgada	cnemesis	56	cnemesis	configs/scenarios/fase1/geo9_azure_flat_folgada.yaml	2026-08-07T13:13:43-03:00	2026-08-07T13:13:44-03:00	1.41	1.28	0.12	46820	0	1	450477	36bfe40eed33c8b8cb491894acd6f63c05c13e0d7a15a6e6f7b9401246d94c6d
az-flat-folgada	cnemesis	57	cnemesis	configs/scenarios/fase1/geo9_azure_flat_folgada.yaml	2026-08-07T13:13:43-03:00	2026-08-07T13:13:45-03:00	1.74	1.59	0.12	46788	0	1	450491	36bfe40eed33c8b8cb491894acd6f63c05c13e0d7a15a6e6f7b9401246d94c6d
az-flat-folgada	cnemesis	58	cnemesis	configs/scenarios/fase1/geo9_azure_flat_folgada.yaml	2026-08-07T13:13:44-03:00	2026-08-07T13:13:45-03:00	1.68	1.55	0.12	46488	0	1	450515	36bfe40eed33c8b8cb491894acd6f63c05c13e0d7a15a6e6f7b9401246d94c6d
az-flat-folgada	cnemesis	59	cnemesis	configs/scenarios/fase1/geo9_azure_flat_folgada.yaml	2026-08-07T13:13:44-03:00	2026-08-07T13:13:45-03:00	1.23	1.12	0.10	47200	0	1	450529	36bfe40eed33c8b8cb491894acd6f63c05c13e0d7a15a6e6f7b9401246d94c6d
az-flat-folgada	cnemesis	60	cnemesis	configs/scenarios/fase1/geo9_azure_flat_folgada.yaml	2026-08-07T13:13:44-03:00	2026-08-07T13:13:46-03:00	1.33	1.22	0.09	46656	0	1	450567	36bfe40eed33c8b8cb491894acd6f63c05c13e0d7a15a6e6f7b9401246d94c6d
az-flat-folgada	cnemesis	61	cnemesis	configs/scenarios/fase1/geo9_azure_flat_folgada.yaml	2026-08-07T13:13:45-03:00	2026-08-07T13:13:47-03:00	1.69	1.55	0.13	46848	0	1	450594	36bfe40eed33c8b8cb491894acd6f63c05c13e0d7a15a6e6f7b9401246d94c6d
az-flat-folgada	cnemesis	62	cnemesis	configs/scenarios/fase1/geo9_azure_flat_folgada.yaml	2026-08-07T13:13:45-03:00	2026-08-07T13:13:47-03:00	1.58	1.44	0.10	46312	0	1	450602	36bfe40eed33c8b8cb491894acd6f63c05c13e0d7a15a6e6f7b9401246d94c6d
az-flat-folgada	cnemesis	63	cnemesis	configs/scenarios/fase1/geo9_azure_flat_folgada.yaml	2026-08-07T13:13:45-03:00	2026-08-07T13:13:47-03:00	1.81	1.67	0.12	46780	0	1	450616	36bfe40eed33c8b8cb491894acd6f63c05c13e0d7a15a6e6f7b9401246d94c6d
az-flat-folgada	cnemesis	64	cnemesis	configs/scenarios/fase1/geo9_azure_flat_folgada.yaml	2026-08-07T13:13:46-03:00	2026-08-07T13:13:47-03:00	1.33	1.20	0.11	47700	0	1	450629	36bfe40eed33c8b8cb491894acd6f63c05c13e0d7a15a6e6f7b9401246d94c6d
az-flat-folgada	cnemesis	65	cnemesis	configs/scenarios/fase1/geo9_azure_flat_folgada.yaml	2026-08-07T13:13:47-03:00	2026-08-07T13:13:48-03:00	1.50	1.39	0.09	46984	0	1	450673	36bfe40eed33c8b8cb491894acd6f63c05c13e0d7a15a6e6f7b9401246d94c6d
az-flat-folgada	cnemesis	66	cnemesis	configs/scenarios/fase1/geo9_azure_flat_folgada.yaml	2026-08-07T13:13:47-03:00	2026-08-07T13:13:49-03:00	1.73	1.58	0.12	46600	0	1	450686	36bfe40eed33c8b8cb491894acd6f63c05c13e0d7a15a6e6f7b9401246d94c6d
az-flat-folgada	cnemesis	67	cnemesis	configs/scenarios/fase1/geo9_azure_flat_folgada.yaml	2026-08-07T13:13:47-03:00	2026-08-07T13:13:49-03:00	1.73	1.58	0.12	46212	0	1	450699	36bfe40eed33c8b8cb491894acd6f63c05c13e0d7a15a6e6f7b9401246d94c6d
az-flat-folgada	cnemesis	68	cnemesis	configs/scenarios/fase1/geo9_azure_flat_folgada.yaml	2026-08-07T13:13:47-03:00	2026-08-07T13:13:49-03:00	1.62	1.50	0.11	46340	0	1	450712	36bfe40eed33c8b8cb491894acd6f63c05c13e0d7a15a6e6f7b9401246d94c6d
az-flat-folgada	cnemesis	69	cnemesis	configs/scenarios/fase1/geo9_azure_flat_folgada.yaml	2026-08-07T13:13:48-03:00	2026-08-07T13:13:50-03:00	1.58	1.43	0.12	46444	0	1	450746	36bfe40eed33c8b8cb491894acd6f63c05c13e0d7a15a6e6f7b9401246d94c6d
az-flat-folgada	cnemesis	70	cnemesis	configs/scenarios/fase1/geo9_azure_flat_folgada.yaml	2026-08-07T13:13:49-03:00	2026-08-07T13:13:50-03:00	1.28	1.11	0.12	46440	0	1	450770	36bfe40eed33c8b8cb491894acd6f63c05c13e0d7a15a6e6f7b9401246d94c6d
az-flat-folgada	cnemesis	71	cnemesis	configs/scenarios/fase1/geo9_azure_flat_folgada.yaml	2026-08-07T13:13:49-03:00	2026-08-07T13:13:50-03:00	1.76	1.59	0.12	46384	0	1	450783	36bfe40eed33c8b8cb491894acd6f63c05c13e0d7a15a6e6f7b9401246d94c6d
az-flat-folgada	ffd	52	none	configs/scenarios/fase1/geo9_azure_flat_folgada.yaml	2026-08-07T13:11:39-03:00	2026-08-07T13:11:40-03:00	1.24	1.12	0.11	57444	0	1	446348	36bfe40eed33c8b8cb491894acd6f63c05c13e0d7a15a6e6f7b9401246d94c6d
az-flat-folgada	ffd	53	none	configs/scenarios/fase1/geo9_azure_flat_folgada.yaml	2026-08-07T13:11:40-03:00	2026-08-07T13:11:42-03:00	1.18	1.07	0.09	58192	0	1	446379	36bfe40eed33c8b8cb491894acd6f63c05c13e0d7a15a6e6f7b9401246d94c6d
az-flat-folgada	ffd	54	none	configs/scenarios/fase1/geo9_azure_flat_folgada.yaml	2026-08-07T13:11:42-03:00	2026-08-07T13:11:43-03:00	1.04	0.94	0.09	57696	0	1	446413	36bfe40eed33c8b8cb491894acd6f63c05c13e0d7a15a6e6f7b9401246d94c6d
az-flat-folgada	ffd	55	none	configs/scenarios/fase1/geo9_azure_flat_folgada.yaml	2026-08-07T13:11:43-03:00	2026-08-07T13:11:44-03:00	0.98	0.89	0.09	56736	0	1	446464	36bfe40eed33c8b8cb491894acd6f63c05c13e0d7a15a6e6f7b9401246d94c6d
az-flat-folgada	ffd	56	none	configs/scenarios/fase1/geo9_azure_flat_folgada.yaml	2026-08-07T13:11:44-03:00	2026-08-07T13:11:45-03:00	0.97	0.88	0.09	57252	0	1	446496	36bfe40eed33c8b8cb491894acd6f63c05c13e0d7a15a6e6f7b9401246d94c6d
az-flat-folgada	ffd	57	none	configs/scenarios/fase1/geo9_azure_flat_folgada.yaml	2026-08-07T13:11:45-03:00	2026-08-07T13:11:46-03:00	0.98	0.89	0.08	57724	0	1	446520	36bfe40eed33c8b8cb491894acd6f63c05c13e0d7a15a6e6f7b9401246d94c6d
az-flat-folgada	ffd	58	none	configs/scenarios/fase1/geo9_azure_flat_folgada.yaml	2026-08-07T13:11:46-03:00	2026-08-07T13:11:46-03:00	0.90	0.81	0.09	56952	0	1	446554	36bfe40eed33c8b8cb491894acd6f63c05c13e0d7a15a6e6f7b9401246d94c6d
az-flat-folgada	ffd	59	none	configs/scenarios/fase1/geo9_azure_flat_folgada.yaml	2026-08-07T13:11:46-03:00	2026-08-07T13:11:47-03:00	0.98	0.87	0.09	57532	0	1	446577	36bfe40eed33c8b8cb491894acd6f63c05c13e0d7a15a6e6f7b9401246d94c6d
az-flat-folgada	ffd	60	none	configs/scenarios/fase1/geo9_azure_flat_folgada.yaml	2026-08-07T13:11:48-03:00	2026-08-07T13:11:49-03:00	1.44	1.30	0.11	56748	0	1	446611	36bfe40eed33c8b8cb491894acd6f63c05c13e0d7a15a6e6f7b9401246d94c6d
az-flat-folgada	ffd	61	none	configs/scenarios/fase1/geo9_azure_flat_folgada.yaml	2026-08-07T13:11:49-03:00	2026-08-07T13:11:50-03:00	1.42	1.28	0.11	57908	0	1	446651	36bfe40eed33c8b8cb491894acd6f63c05c13e0d7a15a6e6f7b9401246d94c6d
az-flat-folgada	ffd	62	none	configs/scenarios/fase1/geo9_azure_flat_folgada.yaml	2026-08-07T13:11:50-03:00	2026-08-07T13:11:52-03:00	1.37	1.25	0.11	57208	0	1	446702	36bfe40eed33c8b8cb491894acd6f63c05c13e0d7a15a6e6f7b9401246d94c6d
az-flat-folgada	ffd	63	none	configs/scenarios/fase1/geo9_azure_flat_folgada.yaml	2026-08-07T13:11:52-03:00	2026-08-07T13:11:53-03:00	1.24	1.12	0.10	57936	0	1	446733	36bfe40eed33c8b8cb491894acd6f63c05c13e0d7a15a6e6f7b9401246d94c6d
az-flat-folgada	ffd	64	none	configs/scenarios/fase1/geo9_azure_flat_folgada.yaml	2026-08-07T13:11:53-03:00	2026-08-07T13:11:54-03:00	1.36	1.25	0.10	57340	0	1	446771	36bfe40eed33c8b8cb491894acd6f63c05c13e0d7a15a6e6f7b9401246d94c6d
az-flat-folgada	ffd	65	none	configs/scenarios/fase1/geo9_azure_flat_folgada.yaml	2026-08-07T13:11:54-03:00	2026-08-07T13:11:56-03:00	1.23	1.11	0.11	57864	0	1	446824	36bfe40eed33c8b8cb491894acd6f63c05c13e0d7a15a6e6f7b9401246d94c6d
az-flat-folgada	ffd	66	none	configs/scenarios/fase1/geo9_azure_flat_folgada.yaml	2026-08-07T13:11:56-03:00	2026-08-07T13:11:57-03:00	1.24	1.14	0.10	58004	0	1	446869	36bfe40eed33c8b8cb491894acd6f63c05c13e0d7a15a6e6f7b9401246d94c6d
az-flat-folgada	ffd	67	none	configs/scenarios/fase1/geo9_azure_flat_folgada.yaml	2026-08-07T13:11:57-03:00	2026-08-07T13:11:58-03:00	1.31	1.14	0.10	57908	0	1	446892	36bfe40eed33c8b8cb491894acd6f63c05c13e0d7a15a6e6f7b9401246d94c6d
az-flat-folgada	ffd	68	none	configs/scenarios/fase1/geo9_azure_flat_folgada.yaml	2026-08-07T13:11:58-03:00	2026-08-07T13:12:00-03:00	1.22	1.11	0.09	58324	0	1	446965	36bfe40eed33c8b8cb491894acd6f63c05c13e0d7a15a6e6f7b9401246d94c6d
az-flat-folgada	ffd	69	none	configs/scenarios/fase1/geo9_azure_flat_folgada.yaml	2026-08-07T13:12:00-03:00	2026-08-07T13:12:01-03:00	1.28	1.15	0.12	58096	0	1	446990	36bfe40eed33c8b8cb491894acd6f63c05c13e0d7a15a6e6f7b9401246d94c6d
az-flat-folgada	ffd	70	none	configs/scenarios/fase1/geo9_azure_flat_folgada.yaml	2026-08-07T13:12:01-03:00	2026-08-07T13:12:02-03:00	1.43	1.32	0.10	56988	0	1	447021	36bfe40eed33c8b8cb491894acd6f63c05c13e0d7a15a6e6f7b9401246d94c6d
az-flat-folgada	ffd	71	none	configs/scenarios/fase1/geo9_azure_flat_folgada.yaml	2026-08-07T13:12:02-03:00	2026-08-07T13:12:04-03:00	1.37	1.24	0.12	56804	0	1	447064	36bfe40eed33c8b8cb491894acd6f63c05c13e0d7a15a6e6f7b9401246d94c6d
az-flat-folgada	first_fit	52	none	configs/scenarios/fase1/geo9_azure_flat_folgada.yaml	2026-08-07T13:09:44-03:00	2026-08-07T13:09:46-03:00	1.41	1.29	0.11	57648	0	1	442895	36bfe40eed33c8b8cb491894acd6f63c05c13e0d7a15a6e6f7b9401246d94c6d
az-flat-folgada	first_fit	53	none	configs/scenarios/fase1/geo9_azure_flat_folgada.yaml	2026-08-07T13:09:46-03:00	2026-08-07T13:09:47-03:00	1.36	1.23	0.11	58848	0	1	442926	36bfe40eed33c8b8cb491894acd6f63c05c13e0d7a15a6e6f7b9401246d94c6d
az-flat-folgada	first_fit	54	none	configs/scenarios/fase1/geo9_azure_flat_folgada.yaml	2026-08-07T13:09:47-03:00	2026-08-07T13:09:49-03:00	1.41	1.28	0.10	58160	0	1	442983	36bfe40eed33c8b8cb491894acd6f63c05c13e0d7a15a6e6f7b9401246d94c6d
az-flat-folgada	first_fit	55	none	configs/scenarios/fase1/geo9_azure_flat_folgada.yaml	2026-08-07T13:09:49-03:00	2026-08-07T13:09:50-03:00	1.41	1.29	0.11	57760	0	1	443019	36bfe40eed33c8b8cb491894acd6f63c05c13e0d7a15a6e6f7b9401246d94c6d
az-flat-folgada	first_fit	56	none	configs/scenarios/fase1/geo9_azure_flat_folgada.yaml	2026-08-07T13:09:50-03:00	2026-08-07T13:09:52-03:00	1.36	1.25	0.10	57336	0	1	443052	36bfe40eed33c8b8cb491894acd6f63c05c13e0d7a15a6e6f7b9401246d94c6d
az-flat-folgada	first_fit	57	none	configs/scenarios/fase1/geo9_azure_flat_folgada.yaml	2026-08-07T13:09:52-03:00	2026-08-07T13:09:53-03:00	1.29	1.17	0.12	58324	0	1	443115	36bfe40eed33c8b8cb491894acd6f63c05c13e0d7a15a6e6f7b9401246d94c6d
az-flat-folgada	first_fit	58	none	configs/scenarios/fase1/geo9_azure_flat_folgada.yaml	2026-08-07T13:09:53-03:00	2026-08-07T13:09:54-03:00	1.39	1.27	0.11	57352	0	1	443148	36bfe40eed33c8b8cb491894acd6f63c05c13e0d7a15a6e6f7b9401246d94c6d
az-flat-folgada	first_fit	59	none	configs/scenarios/fase1/geo9_azure_flat_folgada.yaml	2026-08-07T13:09:54-03:00	2026-08-07T13:09:56-03:00	1.48	1.31	0.12	58436	0	1	443172	36bfe40eed33c8b8cb491894acd6f63c05c13e0d7a15a6e6f7b9401246d94c6d
az-flat-folgada	first_fit	60	none	configs/scenarios/fase1/geo9_azure_flat_folgada.yaml	2026-08-07T13:09:56-03:00	2026-08-07T13:09:57-03:00	1.45	1.34	0.10	57192	0	1	443225	36bfe40eed33c8b8cb491894acd6f63c05c13e0d7a15a6e6f7b9401246d94c6d
az-flat-folgada	first_fit	61	none	configs/scenarios/fase1/geo9_azure_flat_folgada.yaml	2026-08-07T13:09:57-03:00	2026-08-07T13:09:59-03:00	1.38	1.27	0.10	58472	0	1	443291	36bfe40eed33c8b8cb491894acd6f63c05c13e0d7a15a6e6f7b9401246d94c6d
az-flat-folgada	first_fit	62	none	configs/scenarios/fase1/geo9_azure_flat_folgada.yaml	2026-08-07T13:09:59-03:00	2026-08-07T13:10:00-03:00	1.41	1.25	0.11	57172	0	1	443304	36bfe40eed33c8b8cb491894acd6f63c05c13e0d7a15a6e6f7b9401246d94c6d
az-flat-folgada	first_fit	63	none	configs/scenarios/fase1/geo9_azure_flat_folgada.yaml	2026-08-07T13:10:00-03:00	2026-08-07T13:10:02-03:00	1.45	1.31	0.11	58484	0	1	443348	36bfe40eed33c8b8cb491894acd6f63c05c13e0d7a15a6e6f7b9401246d94c6d
az-flat-folgada	first_fit	64	none	configs/scenarios/fase1/geo9_azure_flat_folgada.yaml	2026-08-07T13:10:02-03:00	2026-08-07T13:10:03-03:00	1.38	1.26	0.11	57616	0	1	443424	36bfe40eed33c8b8cb491894acd6f63c05c13e0d7a15a6e6f7b9401246d94c6d
az-flat-folgada	first_fit	65	none	configs/scenarios/fase1/geo9_azure_flat_folgada.yaml	2026-08-07T13:10:03-03:00	2026-08-07T13:10:04-03:00	1.26	1.14	0.10	58156	0	1	443458	36bfe40eed33c8b8cb491894acd6f63c05c13e0d7a15a6e6f7b9401246d94c6d
az-flat-folgada	first_fit	66	none	configs/scenarios/fase1/geo9_azure_flat_folgada.yaml	2026-08-07T13:10:04-03:00	2026-08-07T13:10:06-03:00	1.39	1.27	0.10	58756	0	1	443482	36bfe40eed33c8b8cb491894acd6f63c05c13e0d7a15a6e6f7b9401246d94c6d
az-flat-folgada	first_fit	67	none	configs/scenarios/fase1/geo9_azure_flat_folgada.yaml	2026-08-07T13:10:06-03:00	2026-08-07T13:10:07-03:00	1.40	1.28	0.11	58648	0	1	443532	36bfe40eed33c8b8cb491894acd6f63c05c13e0d7a15a6e6f7b9401246d94c6d
az-flat-folgada	first_fit	68	none	configs/scenarios/fase1/geo9_azure_flat_folgada.yaml	2026-08-07T13:10:07-03:00	2026-08-07T13:10:08-03:00	1.34	1.21	0.11	58308	0	1	443585	36bfe40eed33c8b8cb491894acd6f63c05c13e0d7a15a6e6f7b9401246d94c6d
az-flat-folgada	first_fit	69	none	configs/scenarios/fase1/geo9_azure_flat_folgada.yaml	2026-08-07T13:10:08-03:00	2026-08-07T13:10:10-03:00	1.47	1.34	0.12	58776	0	1	443617	36bfe40eed33c8b8cb491894acd6f63c05c13e0d7a15a6e6f7b9401246d94c6d
az-flat-folgada	first_fit	70	none	configs/scenarios/fase1/geo9_azure_flat_folgada.yaml	2026-08-07T13:10:10-03:00	2026-08-07T13:10:11-03:00	1.42	1.27	0.10	57248	0	1	443673	36bfe40eed33c8b8cb491894acd6f63c05c13e0d7a15a6e6f7b9401246d94c6d
az-flat-folgada	first_fit	71	none	configs/scenarios/fase1/geo9_azure_flat_folgada.yaml	2026-08-07T13:10:11-03:00	2026-08-07T13:10:13-03:00	1.45	1.32	0.11	57696	0	1	443737	36bfe40eed33c8b8cb491894acd6f63c05c13e0d7a15a6e6f7b9401246d94c6d
az-flat-folgada	follow_renewables	52	follow_renewables	configs/scenarios/fase1/geo9_azure_flat_folgada.yaml	2026-08-07T13:13:00-03:00	2026-08-07T13:13:01-03:00	1.52	1.37	0.13	57852	0	1	448820	36bfe40eed33c8b8cb491894acd6f63c05c13e0d7a15a6e6f7b9401246d94c6d
az-flat-folgada	follow_renewables	53	follow_renewables	configs/scenarios/fase1/geo9_azure_flat_folgada.yaml	2026-08-07T13:13:00-03:00	2026-08-07T13:13:02-03:00	1.50	1.39	0.10	58708	0	1	448833	36bfe40eed33c8b8cb491894acd6f63c05c13e0d7a15a6e6f7b9401246d94c6d
az-flat-folgada	follow_renewables	54	follow_renewables	configs/scenarios/fase1/geo9_azure_flat_folgada.yaml	2026-08-07T13:13:01-03:00	2026-08-07T13:13:03-03:00	1.44	1.30	0.11	58464	0	1	448864	36bfe40eed33c8b8cb491894acd6f63c05c13e0d7a15a6e6f7b9401246d94c6d
az-flat-folgada	follow_renewables	55	follow_renewables	configs/scenarios/fase1/geo9_azure_flat_folgada.yaml	2026-08-07T13:13:02-03:00	2026-08-07T13:13:03-03:00	1.43	1.32	0.10	58024	0	1	448913	36bfe40eed33c8b8cb491894acd6f63c05c13e0d7a15a6e6f7b9401246d94c6d
az-flat-folgada	follow_renewables	56	follow_renewables	configs/scenarios/fase1/geo9_azure_flat_folgada.yaml	2026-08-07T13:13:03-03:00	2026-08-07T13:13:04-03:00	1.28	1.17	0.10	57700	0	1	448934	36bfe40eed33c8b8cb491894acd6f63c05c13e0d7a15a6e6f7b9401246d94c6d
az-flat-folgada	follow_renewables	57	follow_renewables	configs/scenarios/fase1/geo9_azure_flat_folgada.yaml	2026-08-07T13:13:03-03:00	2026-08-07T13:13:05-03:00	1.50	1.34	0.11	58568	0	1	448958	36bfe40eed33c8b8cb491894acd6f63c05c13e0d7a15a6e6f7b9401246d94c6d
az-flat-folgada	follow_renewables	58	follow_renewables	configs/scenarios/fase1/geo9_azure_flat_folgada.yaml	2026-08-07T13:13:04-03:00	2026-08-07T13:13:05-03:00	1.37	1.27	0.10	57664	0	1	448999	36bfe40eed33c8b8cb491894acd6f63c05c13e0d7a15a6e6f7b9401246d94c6d
az-flat-folgada	follow_renewables	59	follow_renewables	configs/scenarios/fase1/geo9_azure_flat_folgada.yaml	2026-08-07T13:13:05-03:00	2026-08-07T13:13:06-03:00	1.46	1.34	0.10	58700	0	1	449022	36bfe40eed33c8b8cb491894acd6f63c05c13e0d7a15a6e6f7b9401246d94c6d
az-flat-folgada	follow_renewables	60	follow_renewables	configs/scenarios/fase1/geo9_azure_flat_folgada.yaml	2026-08-07T13:13:06-03:00	2026-08-07T13:13:07-03:00	1.51	1.38	0.11	57532	0	1	449045	36bfe40eed33c8b8cb491894acd6f63c05c13e0d7a15a6e6f7b9401246d94c6d
az-flat-folgada	follow_renewables	61	follow_renewables	configs/scenarios/fase1/geo9_azure_flat_folgada.yaml	2026-08-07T13:13:06-03:00	2026-08-07T13:13:08-03:00	1.55	1.42	0.12	58764	0	1	449068	36bfe40eed33c8b8cb491894acd6f63c05c13e0d7a15a6e6f7b9401246d94c6d
az-flat-folgada	follow_renewables	62	follow_renewables	configs/scenarios/fase1/geo9_azure_flat_folgada.yaml	2026-08-07T13:13:07-03:00	2026-08-07T13:13:09-03:00	1.55	1.40	0.11	57520	0	1	449091	36bfe40eed33c8b8cb491894acd6f63c05c13e0d7a15a6e6f7b9401246d94c6d
az-flat-folgada	follow_renewables	63	follow_renewables	configs/scenarios/fase1/geo9_azure_flat_folgada.yaml	2026-08-07T13:13:08-03:00	2026-08-07T13:13:10-03:00	1.51	1.37	0.11	58316	0	1	449125	36bfe40eed33c8b8cb491894acd6f63c05c13e0d7a15a6e6f7b9401246d94c6d
az-flat-folgada	follow_renewables	64	follow_renewables	configs/scenarios/fase1/geo9_azure_flat_folgada.yaml	2026-08-07T13:13:09-03:00	2026-08-07T13:13:10-03:00	1.49	1.33	0.11	57552	0	1	449158	36bfe40eed33c8b8cb491894acd6f63c05c13e0d7a15a6e6f7b9401246d94c6d
az-flat-folgada	follow_renewables	65	follow_renewables	configs/scenarios/fase1/geo9_azure_flat_folgada.yaml	2026-08-07T13:13:10-03:00	2026-08-07T13:13:11-03:00	1.57	1.43	0.11	58164	0	1	449192	36bfe40eed33c8b8cb491894acd6f63c05c13e0d7a15a6e6f7b9401246d94c6d
az-flat-folgada	follow_renewables	66	follow_renewables	configs/scenarios/fase1/geo9_azure_flat_folgada.yaml	2026-08-07T13:13:10-03:00	2026-08-07T13:13:12-03:00	1.55	1.44	0.10	59068	0	1	449215	36bfe40eed33c8b8cb491894acd6f63c05c13e0d7a15a6e6f7b9401246d94c6d
az-flat-folgada	follow_renewables	67	follow_renewables	configs/scenarios/fase1/geo9_azure_flat_folgada.yaml	2026-08-07T13:13:11-03:00	2026-08-07T13:13:13-03:00	1.44	1.32	0.10	58796	0	1	449239	36bfe40eed33c8b8cb491894acd6f63c05c13e0d7a15a6e6f7b9401246d94c6d
az-flat-folgada	follow_renewables	68	follow_renewables	configs/scenarios/fase1/geo9_azure_flat_folgada.yaml	2026-08-07T13:13:12-03:00	2026-08-07T13:13:13-03:00	1.51	1.38	0.10	58728	0	1	449262	36bfe40eed33c8b8cb491894acd6f63c05c13e0d7a15a6e6f7b9401246d94c6d
az-flat-folgada	follow_renewables	69	follow_renewables	configs/scenarios/fase1/geo9_azure_flat_folgada.yaml	2026-08-07T13:13:13-03:00	2026-08-07T13:13:14-03:00	1.52	1.40	0.11	59036	0	1	449285	36bfe40eed33c8b8cb491894acd6f63c05c13e0d7a15a6e6f7b9401246d94c6d
az-flat-folgada	follow_renewables	70	follow_renewables	configs/scenarios/fase1/geo9_azure_flat_folgada.yaml	2026-08-07T13:13:13-03:00	2026-08-07T13:13:15-03:00	1.45	1.32	0.11	57760	0	1	449309	36bfe40eed33c8b8cb491894acd6f63c05c13e0d7a15a6e6f7b9401246d94c6d
az-flat-folgada	follow_renewables	71	follow_renewables	configs/scenarios/fase1/geo9_azure_flat_folgada.yaml	2026-08-07T13:13:14-03:00	2026-08-07T13:13:16-03:00	1.51	1.40	0.11	57776	0	1	449366	36bfe40eed33c8b8cb491894acd6f63c05c13e0d7a15a6e6f7b9401246d94c6d
az-flat-folgada	followme_s	52	followme_s	configs/scenarios/fase1/geo9_azure_flat_folgada.yaml	2026-08-07T13:13:28-03:00	2026-08-07T13:13:30-03:00	1.64	1.52	0.11	50572	0	1	449881	36bfe40eed33c8b8cb491894acd6f63c05c13e0d7a15a6e6f7b9401246d94c6d
az-flat-folgada	followme_s	53	followme_s	configs/scenarios/fase1/geo9_azure_flat_folgada.yaml	2026-08-07T13:13:29-03:00	2026-08-07T13:13:31-03:00	1.85	1.69	0.13	50472	0	1	449905	36bfe40eed33c8b8cb491894acd6f63c05c13e0d7a15a6e6f7b9401246d94c6d
az-flat-folgada	followme_s	54	followme_s	configs/scenarios/fase1/geo9_azure_flat_folgada.yaml	2026-08-07T13:13:29-03:00	2026-08-07T13:13:32-03:00	2.72	2.50	0.15	51772	0	1	449937	36bfe40eed33c8b8cb491894acd6f63c05c13e0d7a15a6e6f7b9401246d94c6d
az-flat-folgada	followme_s	55	followme_s	configs/scenarios/fase1/geo9_azure_flat_folgada.yaml	2026-08-07T13:13:30-03:00	2026-08-07T13:13:31-03:00	1.72	1.59	0.13	50524	0	1	449960	36bfe40eed33c8b8cb491894acd6f63c05c13e0d7a15a6e6f7b9401246d94c6d
az-flat-folgada	followme_s	56	followme_s	configs/scenarios/fase1/geo9_azure_flat_folgada.yaml	2026-08-07T13:13:31-03:00	2026-08-07T13:13:32-03:00	1.85	1.73	0.11	51168	0	1	449996	36bfe40eed33c8b8cb491894acd6f63c05c13e0d7a15a6e6f7b9401246d94c6d
az-flat-folgada	followme_s	57	followme_s	configs/scenarios/fase1/geo9_azure_flat_folgada.yaml	2026-08-07T13:13:31-03:00	2026-08-07T13:13:33-03:00	1.79	1.64	0.13	50772	0	1	450009	36bfe40eed33c8b8cb491894acd6f63c05c13e0d7a15a6e6f7b9401246d94c6d
az-flat-folgada	followme_s	58	followme_s	configs/scenarios/fase1/geo9_azure_flat_folgada.yaml	2026-08-07T13:13:32-03:00	2026-08-07T13:13:34-03:00	2.48	2.29	0.14	51064	0	1	450033	36bfe40eed33c8b8cb491894acd6f63c05c13e0d7a15a6e6f7b9401246d94c6d
az-flat-folgada	followme_s	59	followme_s	configs/scenarios/fase1/geo9_azure_flat_folgada.yaml	2026-08-07T13:13:32-03:00	2026-08-07T13:13:34-03:00	1.82	1.66	0.14	50532	0	1	450066	36bfe40eed33c8b8cb491894acd6f63c05c13e0d7a15a6e6f7b9401246d94c6d
az-flat-folgada	followme_s	60	followme_s	configs/scenarios/fase1/geo9_azure_flat_folgada.yaml	2026-08-07T13:13:33-03:00	2026-08-07T13:13:35-03:00	2.19	2.04	0.13	50600	0	1	450079	36bfe40eed33c8b8cb491894acd6f63c05c13e0d7a15a6e6f7b9401246d94c6d
az-flat-folgada	followme_s	61	followme_s	configs/scenarios/fase1/geo9_azure_flat_folgada.yaml	2026-08-07T13:13:34-03:00	2026-08-07T13:13:36-03:00	2.24	2.09	0.14	51168	0	1	450137	36bfe40eed33c8b8cb491894acd6f63c05c13e0d7a15a6e6f7b9401246d94c6d
az-flat-folgada	followme_s	62	followme_s	configs/scenarios/fase1/geo9_azure_flat_folgada.yaml	2026-08-07T13:13:34-03:00	2026-08-07T13:13:37-03:00	2.44	2.26	0.16	51800	0	1	450157	36bfe40eed33c8b8cb491894acd6f63c05c13e0d7a15a6e6f7b9401246d94c6d
az-flat-folgada	followme_s	63	followme_s	configs/scenarios/fase1/geo9_azure_flat_folgada.yaml	2026-08-07T13:13:35-03:00	2026-08-07T13:13:37-03:00	1.67	1.54	0.12	51064	0	1	450170	36bfe40eed33c8b8cb491894acd6f63c05c13e0d7a15a6e6f7b9401246d94c6d
az-flat-folgada	followme_s	64	followme_s	configs/scenarios/fase1/geo9_azure_flat_folgada.yaml	2026-08-07T13:13:36-03:00	2026-08-07T13:13:38-03:00	1.62	1.47	0.13	50356	0	1	450211	36bfe40eed33c8b8cb491894acd6f63c05c13e0d7a15a6e6f7b9401246d94c6d
az-flat-folgada	followme_s	65	followme_s	configs/scenarios/fase1/geo9_azure_flat_folgada.yaml	2026-08-07T13:13:37-03:00	2026-08-07T13:13:39-03:00	1.92	1.77	0.14	50984	0	1	450224	36bfe40eed33c8b8cb491894acd6f63c05c13e0d7a15a6e6f7b9401246d94c6d
az-flat-folgada	followme_s	66	followme_s	configs/scenarios/fase1/geo9_azure_flat_folgada.yaml	2026-08-07T13:13:37-03:00	2026-08-07T13:13:39-03:00	2.40	2.22	0.15	50852	0	1	450237	36bfe40eed33c8b8cb491894acd6f63c05c13e0d7a15a6e6f7b9401246d94c6d
az-flat-folgada	followme_s	67	followme_s	configs/scenarios/fase1/geo9_azure_flat_folgada.yaml	2026-08-07T13:13:38-03:00	2026-08-07T13:13:40-03:00	2.22	2.05	0.14	50984	0	1	450271	36bfe40eed33c8b8cb491894acd6f63c05c13e0d7a15a6e6f7b9401246d94c6d
az-flat-folgada	followme_s	68	followme_s	configs/scenarios/fase1/geo9_azure_flat_folgada.yaml	2026-08-07T13:13:39-03:00	2026-08-07T13:13:41-03:00	2.23	2.05	0.14	50960	0	1	450294	36bfe40eed33c8b8cb491894acd6f63c05c13e0d7a15a6e6f7b9401246d94c6d
az-flat-folgada	followme_s	69	followme_s	configs/scenarios/fase1/geo9_azure_flat_folgada.yaml	2026-08-07T13:13:39-03:00	2026-08-07T13:13:42-03:00	2.40	2.22	0.14	49968	0	1	450328	36bfe40eed33c8b8cb491894acd6f63c05c13e0d7a15a6e6f7b9401246d94c6d
az-flat-folgada	followme_s	70	followme_s	configs/scenarios/fase1/geo9_azure_flat_folgada.yaml	2026-08-07T13:13:40-03:00	2026-08-07T13:13:42-03:00	1.93	1.77	0.14	51032	0	1	450362	36bfe40eed33c8b8cb491894acd6f63c05c13e0d7a15a6e6f7b9401246d94c6d
az-flat-folgada	followme_s	71	followme_s	configs/scenarios/fase1/geo9_azure_flat_folgada.yaml	2026-08-07T13:13:40-03:00	2026-08-07T13:13:43-03:00	2.35	2.19	0.14	50940	0	1	450375	36bfe40eed33c8b8cb491894acd6f63c05c13e0d7a15a6e6f7b9401246d94c6d
az-flat-folgada	lowest_carbon_dc	52	none	configs/scenarios/fase1/geo9_azure_flat_folgada.yaml	2026-08-07T13:12:32-03:00	2026-08-07T13:12:33-03:00	1.60	1.44	0.10	57524	0	1	447941	36bfe40eed33c8b8cb491894acd6f63c05c13e0d7a15a6e6f7b9401246d94c6d
az-flat-folgada	lowest_carbon_dc	53	none	configs/scenarios/fase1/geo9_azure_flat_folgada.yaml	2026-08-07T13:12:33-03:00	2026-08-07T13:12:35-03:00	1.57	1.44	0.11	58752	0	1	448015	36bfe40eed33c8b8cb491894acd6f63c05c13e0d7a15a6e6f7b9401246d94c6d
az-flat-folgada	lowest_carbon_dc	54	none	configs/scenarios/fase1/geo9_azure_flat_folgada.yaml	2026-08-07T13:12:35-03:00	2026-08-07T13:12:37-03:00	1.53	1.42	0.10	58760	0	1	448054	36bfe40eed33c8b8cb491894acd6f63c05c13e0d7a15a6e6f7b9401246d94c6d
az-flat-folgada	lowest_carbon_dc	55	none	configs/scenarios/fase1/geo9_azure_flat_folgada.yaml	2026-08-07T13:12:37-03:00	2026-08-07T13:12:38-03:00	1.51	1.40	0.10	57792	0	1	448087	36bfe40eed33c8b8cb491894acd6f63c05c13e0d7a15a6e6f7b9401246d94c6d
az-flat-folgada	lowest_carbon_dc	56	none	configs/scenarios/fase1/geo9_azure_flat_folgada.yaml	2026-08-07T13:12:38-03:00	2026-08-07T13:12:40-03:00	1.43	1.29	0.11	57572	0	1	448118	36bfe40eed33c8b8cb491894acd6f63c05c13e0d7a15a6e6f7b9401246d94c6d
az-flat-folgada	lowest_carbon_dc	57	none	configs/scenarios/fase1/geo9_azure_flat_folgada.yaml	2026-08-07T13:12:40-03:00	2026-08-07T13:12:41-03:00	1.56	1.44	0.11	58412	0	1	448181	36bfe40eed33c8b8cb491894acd6f63c05c13e0d7a15a6e6f7b9401246d94c6d
az-flat-folgada	lowest_carbon_dc	58	none	configs/scenarios/fase1/geo9_azure_flat_folgada.yaml	2026-08-07T13:12:41-03:00	2026-08-07T13:12:43-03:00	1.36	1.23	0.12	57684	0	1	448222	36bfe40eed33c8b8cb491894acd6f63c05c13e0d7a15a6e6f7b9401246d94c6d
az-flat-folgada	lowest_carbon_dc	59	none	configs/scenarios/fase1/geo9_azure_flat_folgada.yaml	2026-08-07T13:12:43-03:00	2026-08-07T13:12:44-03:00	1.45	1.28	0.10	58444	0	1	448245	36bfe40eed33c8b8cb491894acd6f63c05c13e0d7a15a6e6f7b9401246d94c6d
az-flat-folgada	lowest_carbon_dc	60	none	configs/scenarios/fase1/geo9_azure_flat_folgada.yaml	2026-08-07T13:12:44-03:00	2026-08-07T13:12:45-03:00	1.45	1.31	0.11	57464	0	1	448329	36bfe40eed33c8b8cb491894acd6f63c05c13e0d7a15a6e6f7b9401246d94c6d
az-flat-folgada	lowest_carbon_dc	61	none	configs/scenarios/fase1/geo9_azure_flat_folgada.yaml	2026-08-07T13:12:46-03:00	2026-08-07T13:12:47-03:00	1.42	1.30	0.10	58488	0	1	448374	36bfe40eed33c8b8cb491894acd6f63c05c13e0d7a15a6e6f7b9401246d94c6d
az-flat-folgada	lowest_carbon_dc	62	none	configs/scenarios/fase1/geo9_azure_flat_folgada.yaml	2026-08-07T13:12:47-03:00	2026-08-07T13:12:48-03:00	1.40	1.28	0.10	57816	0	1	448406	36bfe40eed33c8b8cb491894acd6f63c05c13e0d7a15a6e6f7b9401246d94c6d
az-flat-folgada	lowest_carbon_dc	63	none	configs/scenarios/fase1/geo9_azure_flat_folgada.yaml	2026-08-07T13:12:48-03:00	2026-08-07T13:12:50-03:00	1.26	1.13	0.10	58484	0	1	448458	36bfe40eed33c8b8cb491894acd6f63c05c13e0d7a15a6e6f7b9401246d94c6d
az-flat-folgada	lowest_carbon_dc	64	none	configs/scenarios/fase1/geo9_azure_flat_folgada.yaml	2026-08-07T13:12:50-03:00	2026-08-07T13:12:51-03:00	1.38	1.26	0.10	57776	0	1	448502	36bfe40eed33c8b8cb491894acd6f63c05c13e0d7a15a6e6f7b9401246d94c6d
az-flat-folgada	lowest_carbon_dc	65	none	configs/scenarios/fase1/geo9_azure_flat_folgada.yaml	2026-08-07T13:12:51-03:00	2026-08-07T13:12:53-03:00	1.54	1.39	0.14	58232	0	1	448536	36bfe40eed33c8b8cb491894acd6f63c05c13e0d7a15a6e6f7b9401246d94c6d
az-flat-folgada	lowest_carbon_dc	66	none	configs/scenarios/fase1/geo9_azure_flat_folgada.yaml	2026-08-07T13:12:53-03:00	2026-08-07T13:12:54-03:00	1.67	1.53	0.12	58984	0	1	448570	36bfe40eed33c8b8cb491894acd6f63c05c13e0d7a15a6e6f7b9401246d94c6d
az-flat-folgada	lowest_carbon_dc	67	none	configs/scenarios/fase1/geo9_azure_flat_folgada.yaml	2026-08-07T13:12:54-03:00	2026-08-07T13:12:56-03:00	1.54	1.38	0.15	58224	0	1	448631	36bfe40eed33c8b8cb491894acd6f63c05c13e0d7a15a6e6f7b9401246d94c6d
az-flat-folgada	lowest_carbon_dc	68	none	configs/scenarios/fase1/geo9_azure_flat_folgada.yaml	2026-08-07T13:12:56-03:00	2026-08-07T13:12:57-03:00	1.37	1.22	0.11	58828	0	1	448676	36bfe40eed33c8b8cb491894acd6f63c05c13e0d7a15a6e6f7b9401246d94c6d
az-flat-folgada	lowest_carbon_dc	69	none	configs/scenarios/fase1/geo9_azure_flat_folgada.yaml	2026-08-07T13:12:57-03:00	2026-08-07T13:12:59-03:00	1.38	1.26	0.10	59076	0	1	448710	36bfe40eed33c8b8cb491894acd6f63c05c13e0d7a15a6e6f7b9401246d94c6d
az-flat-folgada	lowest_carbon_dc	70	none	configs/scenarios/fase1/geo9_azure_flat_folgada.yaml	2026-08-07T13:12:59-03:00	2026-08-07T13:13:00-03:00	1.09	1.01	0.08	57700	0	1	448760	36bfe40eed33c8b8cb491894acd6f63c05c13e0d7a15a6e6f7b9401246d94c6d
az-flat-folgada	lowest_carbon_dc	71	none	configs/scenarios/fase1/geo9_azure_flat_folgada.yaml	2026-08-07T13:12:59-03:00	2026-08-07T13:13:00-03:00	1.28	1.15	0.11	57732	0	1	448797	36bfe40eed33c8b8cb491894acd6f63c05c13e0d7a15a6e6f7b9401246d94c6d
az-flat-folgada	round_robin	52	none	configs/scenarios/fase1/geo9_azure_flat_folgada.yaml	2026-08-07T13:11:08-03:00	2026-08-07T13:11:10-03:00	1.61	1.49	0.11	58208	0	1	445438	36bfe40eed33c8b8cb491894acd6f63c05c13e0d7a15a6e6f7b9401246d94c6d
az-flat-folgada	round_robin	53	none	configs/scenarios/fase1/geo9_azure_flat_folgada.yaml	2026-08-07T13:11:10-03:00	2026-08-07T13:11:11-03:00	1.52	1.38	0.12	59008	0	1	445479	36bfe40eed33c8b8cb491894acd6f63c05c13e0d7a15a6e6f7b9401246d94c6d
az-flat-folgada	round_robin	54	none	configs/scenarios/fase1/geo9_azure_flat_folgada.yaml	2026-08-07T13:11:11-03:00	2026-08-07T13:11:13-03:00	1.40	1.28	0.11	58840	0	1	445529	36bfe40eed33c8b8cb491894acd6f63c05c13e0d7a15a6e6f7b9401246d94c6d
az-flat-folgada	round_robin	55	none	configs/scenarios/fase1/geo9_azure_flat_folgada.yaml	2026-08-07T13:11:13-03:00	2026-08-07T13:11:14-03:00	1.47	1.34	0.11	58080	0	1	445583	36bfe40eed33c8b8cb491894acd6f63c05c13e0d7a15a6e6f7b9401246d94c6d
az-flat-folgada	round_robin	56	none	configs/scenarios/fase1/geo9_azure_flat_folgada.yaml	2026-08-07T13:11:14-03:00	2026-08-07T13:11:16-03:00	1.38	1.25	0.12	57700	0	1	445603	36bfe40eed33c8b8cb491894acd6f63c05c13e0d7a15a6e6f7b9401246d94c6d
az-flat-folgada	round_robin	57	none	configs/scenarios/fase1/geo9_azure_flat_folgada.yaml	2026-08-07T13:11:16-03:00	2026-08-07T13:11:17-03:00	1.62	1.50	0.10	58608	0	1	445648	36bfe40eed33c8b8cb491894acd6f63c05c13e0d7a15a6e6f7b9401246d94c6d
az-flat-folgada	round_robin	58	none	configs/scenarios/fase1/geo9_azure_flat_folgada.yaml	2026-08-07T13:11:17-03:00	2026-08-07T13:11:19-03:00	1.61	1.49	0.11	58008	0	1	445721	36bfe40eed33c8b8cb491894acd6f63c05c13e0d7a15a6e6f7b9401246d94c6d
az-flat-folgada	round_robin	59	none	configs/scenarios/fase1/geo9_azure_flat_folgada.yaml	2026-08-07T13:11:19-03:00	2026-08-07T13:11:20-03:00	1.47	1.32	0.10	58924	0	1	445756	36bfe40eed33c8b8cb491894acd6f63c05c13e0d7a15a6e6f7b9401246d94c6d
az-flat-folgada	round_robin	60	none	configs/scenarios/fase1/geo9_azure_flat_folgada.yaml	2026-08-07T13:11:20-03:00	2026-08-07T13:11:22-03:00	1.61	1.46	0.12	57900	0	1	445780	36bfe40eed33c8b8cb491894acd6f63c05c13e0d7a15a6e6f7b9401246d94c6d
az-flat-folgada	round_robin	61	none	configs/scenarios/fase1/geo9_azure_flat_folgada.yaml	2026-08-07T13:11:22-03:00	2026-08-07T13:11:24-03:00	1.64	1.49	0.11	58364	0	1	445832	36bfe40eed33c8b8cb491894acd6f63c05c13e0d7a15a6e6f7b9401246d94c6d
az-flat-folgada	round_robin	62	none	configs/scenarios/fase1/geo9_azure_flat_folgada.yaml	2026-08-07T13:11:24-03:00	2026-08-07T13:11:25-03:00	1.40	1.26	0.13	57756	0	1	445895	36bfe40eed33c8b8cb491894acd6f63c05c13e0d7a15a6e6f7b9401246d94c6d
az-flat-folgada	round_robin	63	none	configs/scenarios/fase1/geo9_azure_flat_folgada.yaml	2026-08-07T13:11:25-03:00	2026-08-07T13:11:26-03:00	1.09	0.98	0.09	58656	0	1	445939	36bfe40eed33c8b8cb491894acd6f63c05c13e0d7a15a6e6f7b9401246d94c6d
az-flat-folgada	round_robin	64	none	configs/scenarios/fase1/geo9_azure_flat_folgada.yaml	2026-08-07T13:11:26-03:00	2026-08-07T13:11:28-03:00	1.65	1.52	0.11	57856	0	1	445962	36bfe40eed33c8b8cb491894acd6f63c05c13e0d7a15a6e6f7b9401246d94c6d
az-flat-folgada	round_robin	65	none	configs/scenarios/fase1/geo9_azure_flat_folgada.yaml	2026-08-07T13:11:28-03:00	2026-08-07T13:11:29-03:00	1.41	1.28	0.13	58384	0	1	446033	36bfe40eed33c8b8cb491894acd6f63c05c13e0d7a15a6e6f7b9401246d94c6d
az-flat-folgada	round_robin	66	none	configs/scenarios/fase1/geo9_azure_flat_folgada.yaml	2026-08-07T13:11:29-03:00	2026-08-07T13:11:31-03:00	1.43	1.32	0.10	59260	0	1	446076	36bfe40eed33c8b8cb491894acd6f63c05c13e0d7a15a6e6f7b9401246d94c6d
az-flat-folgada	round_robin	67	none	configs/scenarios/fase1/geo9_azure_flat_folgada.yaml	2026-08-07T13:11:31-03:00	2026-08-07T13:11:33-03:00	1.59	1.44	0.12	59012	0	1	446106	36bfe40eed33c8b8cb491894acd6f63c05c13e0d7a15a6e6f7b9401246d94c6d
az-flat-folgada	round_robin	68	none	configs/scenarios/fase1/geo9_azure_flat_folgada.yaml	2026-08-07T13:11:33-03:00	2026-08-07T13:11:34-03:00	1.59	1.47	0.11	59116	0	1	446160	36bfe40eed33c8b8cb491894acd6f63c05c13e0d7a15a6e6f7b9401246d94c6d
az-flat-folgada	round_robin	69	none	configs/scenarios/fase1/geo9_azure_flat_folgada.yaml	2026-08-07T13:11:34-03:00	2026-08-07T13:11:36-03:00	1.64	1.47	0.14	59176	0	1	446208	36bfe40eed33c8b8cb491894acd6f63c05c13e0d7a15a6e6f7b9401246d94c6d
az-flat-folgada	round_robin	70	none	configs/scenarios/fase1/geo9_azure_flat_folgada.yaml	2026-08-07T13:11:36-03:00	2026-08-07T13:11:37-03:00	1.65	1.53	0.12	57836	0	1	446253	36bfe40eed33c8b8cb491894acd6f63c05c13e0d7a15a6e6f7b9401246d94c6d
az-flat-folgada	round_robin	71	none	configs/scenarios/fase1/geo9_azure_flat_folgada.yaml	2026-08-07T13:11:37-03:00	2026-08-07T13:11:39-03:00	1.55	1.44	0.11	58096	0	1	446314	36bfe40eed33c8b8cb491894acd6f63c05c13e0d7a15a6e6f7b9401246d94c6d
az-flat-folgada	worst_fit	52	none	configs/scenarios/fase1/geo9_azure_flat_folgada.yaml	2026-08-07T13:10:41-03:00	2026-08-07T13:10:43-03:00	1.43	1.30	0.12	57492	0	1	444623	36bfe40eed33c8b8cb491894acd6f63c05c13e0d7a15a6e6f7b9401246d94c6d
az-flat-folgada	worst_fit	53	none	configs/scenarios/fase1/geo9_azure_flat_folgada.yaml	2026-08-07T13:10:43-03:00	2026-08-07T13:10:44-03:00	1.43	1.31	0.11	58420	0	1	444687	36bfe40eed33c8b8cb491894acd6f63c05c13e0d7a15a6e6f7b9401246d94c6d
az-flat-folgada	worst_fit	54	none	configs/scenarios/fase1/geo9_azure_flat_folgada.yaml	2026-08-07T13:10:44-03:00	2026-08-07T13:10:46-03:00	1.44	1.32	0.10	58160	0	1	444732	36bfe40eed33c8b8cb491894acd6f63c05c13e0d7a15a6e6f7b9401246d94c6d
az-flat-folgada	worst_fit	55	none	configs/scenarios/fase1/geo9_azure_flat_folgada.yaml	2026-08-07T13:10:46-03:00	2026-08-07T13:10:47-03:00	1.06	0.95	0.09	57444	0	1	444756	36bfe40eed33c8b8cb491894acd6f63c05c13e0d7a15a6e6f7b9401246d94c6d
az-flat-folgada	worst_fit	56	none	configs/scenarios/fase1/geo9_azure_flat_folgada.yaml	2026-08-07T13:10:47-03:00	2026-08-07T13:10:48-03:00	0.95	0.86	0.09	57192	0	1	444813	36bfe40eed33c8b8cb491894acd6f63c05c13e0d7a15a6e6f7b9401246d94c6d
az-flat-folgada	worst_fit	57	none	configs/scenarios/fase1/geo9_azure_flat_folgada.yaml	2026-08-07T13:10:48-03:00	2026-08-07T13:10:49-03:00	1.43	1.31	0.11	57948	0	1	444847	36bfe40eed33c8b8cb491894acd6f63c05c13e0d7a15a6e6f7b9401246d94c6d
az-flat-folgada	worst_fit	58	none	configs/scenarios/fase1/geo9_azure_flat_folgada.yaml	2026-08-07T13:10:49-03:00	2026-08-07T13:10:51-03:00	1.37	1.24	0.11	57132	0	1	444871	36bfe40eed33c8b8cb491894acd6f63c05c13e0d7a15a6e6f7b9401246d94c6d
az-flat-folgada	worst_fit	59	none	configs/scenarios/fase1/geo9_azure_flat_folgada.yaml	2026-08-07T13:10:51-03:00	2026-08-07T13:10:52-03:00	1.40	1.29	0.10	58248	0	1	444915	36bfe40eed33c8b8cb491894acd6f63c05c13e0d7a15a6e6f7b9401246d94c6d
az-flat-folgada	worst_fit	60	none	configs/scenarios/fase1/geo9_azure_flat_folgada.yaml	2026-08-07T13:10:52-03:00	2026-08-07T13:10:54-03:00	1.36	1.24	0.10	57248	0	1	444977	36bfe40eed33c8b8cb491894acd6f63c05c13e0d7a15a6e6f7b9401246d94c6d
az-flat-folgada	worst_fit	61	none	configs/scenarios/fase1/geo9_azure_flat_folgada.yaml	2026-08-07T13:10:54-03:00	2026-08-07T13:10:55-03:00	1.46	1.31	0.11	57940	0	1	445002	36bfe40eed33c8b8cb491894acd6f63c05c13e0d7a15a6e6f7b9401246d94c6d
az-flat-folgada	worst_fit	62	none	configs/scenarios/fase1/geo9_azure_flat_folgada.yaml	2026-08-07T13:10:55-03:00	2026-08-07T13:10:56-03:00	1.33	1.22	0.10	57208	0	1	445046	36bfe40eed33c8b8cb491894acd6f63c05c13e0d7a15a6e6f7b9401246d94c6d
az-flat-folgada	worst_fit	63	none	configs/scenarios/fase1/geo9_azure_flat_folgada.yaml	2026-08-07T13:10:56-03:00	2026-08-07T13:10:58-03:00	1.10	0.99	0.09	57980	0	1	445087	36bfe40eed33c8b8cb491894acd6f63c05c13e0d7a15a6e6f7b9401246d94c6d
az-flat-folgada	worst_fit	64	none	configs/scenarios/fase1/geo9_azure_flat_folgada.yaml	2026-08-07T13:10:58-03:00	2026-08-07T13:10:59-03:00	0.99	0.89	0.09	57192	0	1	445129	36bfe40eed33c8b8cb491894acd6f63c05c13e0d7a15a6e6f7b9401246d94c6d
az-flat-folgada	worst_fit	65	none	configs/scenarios/fase1/geo9_azure_flat_folgada.yaml	2026-08-07T13:10:59-03:00	2026-08-07T13:11:00-03:00	0.96	0.87	0.09	57972	0	1	445159	36bfe40eed33c8b8cb491894acd6f63c05c13e0d7a15a6e6f7b9401246d94c6d
az-flat-folgada	worst_fit	66	none	configs/scenarios/fase1/geo9_azure_flat_folgada.yaml	2026-08-07T13:11:00-03:00	2026-08-07T13:11:01-03:00	1.42	1.30	0.11	58612	0	1	445182	36bfe40eed33c8b8cb491894acd6f63c05c13e0d7a15a6e6f7b9401246d94c6d
az-flat-folgada	worst_fit	67	none	configs/scenarios/fase1/geo9_azure_flat_folgada.yaml	2026-08-07T13:11:01-03:00	2026-08-07T13:11:02-03:00	1.45	1.31	0.12	58256	0	1	445226	36bfe40eed33c8b8cb491894acd6f63c05c13e0d7a15a6e6f7b9401246d94c6d
az-flat-folgada	worst_fit	68	none	configs/scenarios/fase1/geo9_azure_flat_folgada.yaml	2026-08-07T13:11:02-03:00	2026-08-07T13:11:04-03:00	1.43	1.30	0.12	58136	0	1	445287	36bfe40eed33c8b8cb491894acd6f63c05c13e0d7a15a6e6f7b9401246d94c6d
az-flat-folgada	worst_fit	69	none	configs/scenarios/fase1/geo9_azure_flat_folgada.yaml	2026-08-07T13:11:04-03:00	2026-08-07T13:11:05-03:00	1.45	1.33	0.11	58680	0	1	445312	36bfe40eed33c8b8cb491894acd6f63c05c13e0d7a15a6e6f7b9401246d94c6d
az-flat-folgada	worst_fit	70	none	configs/scenarios/fase1/geo9_azure_flat_folgada.yaml	2026-08-07T13:11:05-03:00	2026-08-07T13:11:07-03:00	1.41	1.29	0.11	57320	0	1	445355	36bfe40eed33c8b8cb491894acd6f63c05c13e0d7a15a6e6f7b9401246d94c6d
az-flat-folgada	worst_fit	71	none	configs/scenarios/fase1/geo9_azure_flat_folgada.yaml	2026-08-07T13:11:07-03:00	2026-08-07T13:11:08-03:00	1.35	1.21	0.12	57396	0	1	445396	36bfe40eed33c8b8cb491894acd6f63c05c13e0d7a15a6e6f7b9401246d94c6d
az-flat-folgada	wsnb	52	none	configs/scenarios/fase1/geo9_azure_flat_folgada.yaml	2026-08-07T13:13:15-03:00	2026-08-07T13:13:16-03:00	1.46	1.36	0.09	57580	0	1	449379	36bfe40eed33c8b8cb491894acd6f63c05c13e0d7a15a6e6f7b9401246d94c6d
az-flat-folgada	wsnb	53	none	configs/scenarios/fase1/geo9_azure_flat_folgada.yaml	2026-08-07T13:13:16-03:00	2026-08-07T13:13:17-03:00	1.49	1.35	0.12	58700	0	1	449410	36bfe40eed33c8b8cb491894acd6f63c05c13e0d7a15a6e6f7b9401246d94c6d
az-flat-folgada	wsnb	54	none	configs/scenarios/fase1/geo9_azure_flat_folgada.yaml	2026-08-07T13:13:16-03:00	2026-08-07T13:13:17-03:00	1.14	1.02	0.11	58488	0	1	449433	36bfe40eed33c8b8cb491894acd6f63c05c13e0d7a15a6e6f7b9401246d94c6d
az-flat-folgada	wsnb	55	none	configs/scenarios/fase1/geo9_azure_flat_folgada.yaml	2026-08-07T13:13:17-03:00	2026-08-07T13:13:19-03:00	1.47	1.35	0.11	57564	0	1	449456	36bfe40eed33c8b8cb491894acd6f63c05c13e0d7a15a6e6f7b9401246d94c6d
az-flat-folgada	wsnb	56	none	configs/scenarios/fase1/geo9_azure_flat_folgada.yaml	2026-08-07T13:13:17-03:00	2026-08-07T13:13:18-03:00	0.98	0.89	0.08	57568	0	1	449469	36bfe40eed33c8b8cb491894acd6f63c05c13e0d7a15a6e6f7b9401246d94c6d
az-flat-folgada	wsnb	57	none	configs/scenarios/fase1/geo9_azure_flat_folgada.yaml	2026-08-07T13:13:18-03:00	2026-08-07T13:13:19-03:00	1.11	1.00	0.09	57656	0	1	449503	36bfe40eed33c8b8cb491894acd6f63c05c13e0d7a15a6e6f7b9401246d94c6d
az-flat-folgada	wsnb	58	none	configs/scenarios/fase1/geo9_azure_flat_folgada.yaml	2026-08-07T13:13:19-03:00	2026-08-07T13:13:20-03:00	1.30	1.19	0.10	57520	0	1	449535	36bfe40eed33c8b8cb491894acd6f63c05c13e0d7a15a6e6f7b9401246d94c6d
az-flat-folgada	wsnb	59	none	configs/scenarios/fase1/geo9_azure_flat_folgada.yaml	2026-08-07T13:13:20-03:00	2026-08-07T13:13:21-03:00	1.27	1.16	0.10	58272	0	1	449569	36bfe40eed33c8b8cb491894acd6f63c05c13e0d7a15a6e6f7b9401246d94c6d
az-flat-folgada	wsnb	60	none	configs/scenarios/fase1/geo9_azure_flat_folgada.yaml	2026-08-07T13:13:20-03:00	2026-08-07T13:13:21-03:00	1.30	1.18	0.11	57472	0	1	449591	36bfe40eed33c8b8cb491894acd6f63c05c13e0d7a15a6e6f7b9401246d94c6d
az-flat-folgada	wsnb	61	none	configs/scenarios/fase1/geo9_azure_flat_folgada.yaml	2026-08-07T13:13:21-03:00	2026-08-07T13:13:22-03:00	1.54	1.39	0.12	58432	0	1	449604	36bfe40eed33c8b8cb491894acd6f63c05c13e0d7a15a6e6f7b9401246d94c6d
az-flat-folgada	wsnb	62	none	configs/scenarios/fase1/geo9_azure_flat_folgada.yaml	2026-08-07T13:13:21-03:00	2026-08-07T13:13:23-03:00	1.32	1.21	0.09	57620	0	1	449627	36bfe40eed33c8b8cb491894acd6f63c05c13e0d7a15a6e6f7b9401246d94c6d
az-flat-folgada	wsnb	63	none	configs/scenarios/fase1/geo9_azure_flat_folgada.yaml	2026-08-07T13:13:22-03:00	2026-08-07T13:13:24-03:00	1.34	1.23	0.10	58564	0	1	449660	36bfe40eed33c8b8cb491894acd6f63c05c13e0d7a15a6e6f7b9401246d94c6d
az-flat-folgada	wsnb	64	none	configs/scenarios/fase1/geo9_azure_flat_folgada.yaml	2026-08-07T13:13:23-03:00	2026-08-07T13:13:24-03:00	1.44	1.31	0.12	57620	0	1	449674	36bfe40eed33c8b8cb491894acd6f63c05c13e0d7a15a6e6f7b9401246d94c6d
az-flat-folgada	wsnb	65	none	configs/scenarios/fase1/geo9_azure_flat_folgada.yaml	2026-08-07T13:13:24-03:00	2026-08-07T13:13:25-03:00	1.38	1.26	0.10	57960	0	1	449708	36bfe40eed33c8b8cb491894acd6f63c05c13e0d7a15a6e6f7b9401246d94c6d
az-flat-folgada	wsnb	66	none	configs/scenarios/fase1/geo9_azure_flat_folgada.yaml	2026-08-07T13:13:24-03:00	2026-08-07T13:13:26-03:00	1.53	1.40	0.11	58744	0	1	449752	36bfe40eed33c8b8cb491894acd6f63c05c13e0d7a15a6e6f7b9401246d94c6d
az-flat-folgada	wsnb	67	none	configs/scenarios/fase1/geo9_azure_flat_folgada.yaml	2026-08-07T13:13:25-03:00	2026-08-07T13:13:27-03:00	1.46	1.36	0.09	58712	0	1	449765	36bfe40eed33c8b8cb491894acd6f63c05c13e0d7a15a6e6f7b9401246d94c6d
az-flat-folgada	wsnb	68	none	configs/scenarios/fase1/geo9_azure_flat_folgada.yaml	2026-08-07T13:13:26-03:00	2026-08-07T13:13:27-03:00	1.47	1.35	0.10	58492	0	1	449798	36bfe40eed33c8b8cb491894acd6f63c05c13e0d7a15a6e6f7b9401246d94c6d
az-flat-folgada	wsnb	69	none	configs/scenarios/fase1/geo9_azure_flat_folgada.yaml	2026-08-07T13:13:27-03:00	2026-08-07T13:13:28-03:00	1.26	1.13	0.11	58776	0	1	449822	36bfe40eed33c8b8cb491894acd6f63c05c13e0d7a15a6e6f7b9401246d94c6d
az-flat-folgada	wsnb	70	none	configs/scenarios/fase1/geo9_azure_flat_folgada.yaml	2026-08-07T13:13:27-03:00	2026-08-07T13:13:29-03:00	1.49	1.37	0.11	57412	0	1	449835	36bfe40eed33c8b8cb491894acd6f63c05c13e0d7a15a6e6f7b9401246d94c6d
az-flat-folgada	wsnb	71	none	configs/scenarios/fase1/geo9_azure_flat_folgada.yaml	2026-08-07T13:13:27-03:00	2026-08-07T13:13:29-03:00	1.55	1.43	0.11	57704	0	1	449858	36bfe40eed33c8b8cb491894acd6f63c05c13e0d7a15a6e6f7b9401246d94c6d
az-realjan-alta	best_fit	52	none	configs/scenarios/fase1/geo9_azure_realjan_alta.yaml	2026-08-07T12:05:03-03:00	2026-08-07T12:05:23-03:00	20.25	19.87	0.33	104488	0	1	359041	36bfe40eed33c8b8cb491894acd6f63c05c13e0d7a15a6e6f7b9401246d94c6d
az-realjan-alta	best_fit	53	none	configs/scenarios/fase1/geo9_azure_realjan_alta.yaml	2026-08-07T12:05:06-03:00	2026-08-07T12:05:19-03:00	13.44	13.00	0.41	107720	0	1	359107	36bfe40eed33c8b8cb491894acd6f63c05c13e0d7a15a6e6f7b9401246d94c6d
az-realjan-alta	best_fit	54	none	configs/scenarios/fase1/geo9_azure_realjan_alta.yaml	2026-08-07T12:05:10-03:00	2026-08-07T12:05:35-03:00	25.27	24.88	0.33	107756	0	1	359208	36bfe40eed33c8b8cb491894acd6f63c05c13e0d7a15a6e6f7b9401246d94c6d
az-realjan-alta	best_fit	55	none	configs/scenarios/fase1/geo9_azure_realjan_alta.yaml	2026-08-07T12:05:13-03:00	2026-08-07T12:05:38-03:00	25.79	25.17	0.44	107548	0	1	359289	36bfe40eed33c8b8cb491894acd6f63c05c13e0d7a15a6e6f7b9401246d94c6d
az-realjan-alta	best_fit	56	none	configs/scenarios/fase1/geo9_azure_realjan_alta.yaml	2026-08-07T12:05:19-03:00	2026-08-07T12:05:43-03:00	24.14	23.43	0.65	107864	0	1	359426	36bfe40eed33c8b8cb491894acd6f63c05c13e0d7a15a6e6f7b9401246d94c6d
az-realjan-alta	best_fit	57	none	configs/scenarios/fase1/geo9_azure_realjan_alta.yaml	2026-08-07T12:05:23-03:00	2026-08-07T12:05:43-03:00	19.77	19.35	0.34	107252	0	1	359529	36bfe40eed33c8b8cb491894acd6f63c05c13e0d7a15a6e6f7b9401246d94c6d
az-realjan-alta	best_fit	58	none	configs/scenarios/fase1/geo9_azure_realjan_alta.yaml	2026-08-07T12:05:26-03:00	2026-08-07T12:05:50-03:00	24.23	23.74	0.37	107928	0	1	359572	36bfe40eed33c8b8cb491894acd6f63c05c13e0d7a15a6e6f7b9401246d94c6d
az-realjan-alta	best_fit	59	none	configs/scenarios/fase1/geo9_azure_realjan_alta.yaml	2026-08-07T12:05:29-03:00	2026-08-07T12:05:54-03:00	25.17	24.76	0.32	107848	0	1	359674	36bfe40eed33c8b8cb491894acd6f63c05c13e0d7a15a6e6f7b9401246d94c6d
az-realjan-alta	best_fit	60	none	configs/scenarios/fase1/geo9_azure_realjan_alta.yaml	2026-08-07T12:05:35-03:00	2026-08-07T12:05:54-03:00	19.11	18.72	0.33	103976	0	1	359830	36bfe40eed33c8b8cb491894acd6f63c05c13e0d7a15a6e6f7b9401246d94c6d
az-realjan-alta	best_fit	61	none	configs/scenarios/fase1/geo9_azure_realjan_alta.yaml	2026-08-07T12:05:38-03:00	2026-08-07T12:06:02-03:00	23.16	22.78	0.31	108580	0	1	359920	36bfe40eed33c8b8cb491894acd6f63c05c13e0d7a15a6e6f7b9401246d94c6d
az-realjan-alta	best_fit	62	none	configs/scenarios/fase1/geo9_azure_realjan_alta.yaml	2026-08-07T12:05:43-03:00	2026-08-07T12:06:08-03:00	25.31	24.81	0.31	107244	0	1	360033	36bfe40eed33c8b8cb491894acd6f63c05c13e0d7a15a6e6f7b9401246d94c6d
az-realjan-alta	best_fit	63	none	configs/scenarios/fase1/geo9_azure_realjan_alta.yaml	2026-08-07T12:05:43-03:00	2026-08-07T12:06:07-03:00	24.09	23.71	0.33	108268	0	1	360046	36bfe40eed33c8b8cb491894acd6f63c05c13e0d7a15a6e6f7b9401246d94c6d
az-realjan-alta	best_fit	64	none	configs/scenarios/fase1/geo9_azure_realjan_alta.yaml	2026-08-07T12:05:50-03:00	2026-08-07T12:06:13-03:00	22.61	22.15	0.34	107104	0	1	360176	36bfe40eed33c8b8cb491894acd6f63c05c13e0d7a15a6e6f7b9401246d94c6d
az-realjan-alta	best_fit	65	none	configs/scenarios/fase1/geo9_azure_realjan_alta.yaml	2026-08-07T12:05:54-03:00	2026-08-07T12:06:17-03:00	23.07	22.67	0.36	106464	0	1	360279	36bfe40eed33c8b8cb491894acd6f63c05c13e0d7a15a6e6f7b9401246d94c6d
az-realjan-alta	best_fit	66	none	configs/scenarios/fase1/geo9_azure_realjan_alta.yaml	2026-08-07T12:05:54-03:00	2026-08-07T12:06:11-03:00	17.02	16.57	0.30	107244	0	1	360302	36bfe40eed33c8b8cb491894acd6f63c05c13e0d7a15a6e6f7b9401246d94c6d
az-realjan-alta	best_fit	67	none	configs/scenarios/fase1/geo9_azure_realjan_alta.yaml	2026-08-07T12:06:02-03:00	2026-08-07T12:06:20-03:00	18.80	18.35	0.29	106104	0	1	360458	36bfe40eed33c8b8cb491894acd6f63c05c13e0d7a15a6e6f7b9401246d94c6d
az-realjan-alta	best_fit	68	none	configs/scenarios/fase1/geo9_azure_realjan_alta.yaml	2026-08-07T12:06:07-03:00	2026-08-07T12:06:33-03:00	25.24	24.86	0.32	107040	0	1	360581	36bfe40eed33c8b8cb491894acd6f63c05c13e0d7a15a6e6f7b9401246d94c6d
az-realjan-alta	best_fit	69	none	configs/scenarios/fase1/geo9_azure_realjan_alta.yaml	2026-08-07T12:06:08-03:00	2026-08-07T12:06:34-03:00	26.05	25.65	0.33	108428	0	1	360631	36bfe40eed33c8b8cb491894acd6f63c05c13e0d7a15a6e6f7b9401246d94c6d
az-realjan-alta	best_fit	70	none	configs/scenarios/fase1/geo9_azure_realjan_alta.yaml	2026-08-07T12:06:11-03:00	2026-08-07T12:06:33-03:00	21.12	20.77	0.32	107252	0	1	360699	36bfe40eed33c8b8cb491894acd6f63c05c13e0d7a15a6e6f7b9401246d94c6d
az-realjan-alta	best_fit	71	none	configs/scenarios/fase1/geo9_azure_realjan_alta.yaml	2026-08-07T12:06:13-03:00	2026-08-07T12:06:35-03:00	22.25	21.83	0.33	107688	0	1	360722	36bfe40eed33c8b8cb491894acd6f63c05c13e0d7a15a6e6f7b9401246d94c6d
az-realjan-alta	bfd	52	none	configs/scenarios/fase1/geo9_azure_realjan_alta.yaml	2026-08-07T12:09:26-03:00	2026-08-07T12:09:46-03:00	19.10	18.72	0.32	104148	0	1	365674	36bfe40eed33c8b8cb491894acd6f63c05c13e0d7a15a6e6f7b9401246d94c6d
az-realjan-alta	bfd	53	none	configs/scenarios/fase1/geo9_azure_realjan_alta.yaml	2026-08-07T12:09:29-03:00	2026-08-07T12:09:50-03:00	20.06	19.59	0.33	106288	0	1	365729	36bfe40eed33c8b8cb491894acd6f63c05c13e0d7a15a6e6f7b9401246d94c6d
az-realjan-alta	bfd	54	none	configs/scenarios/fase1/geo9_azure_realjan_alta.yaml	2026-08-07T12:09:34-03:00	2026-08-07T12:09:55-03:00	20.35	19.98	0.33	107648	0	1	365844	36bfe40eed33c8b8cb491894acd6f63c05c13e0d7a15a6e6f7b9401246d94c6d
az-realjan-alta	bfd	55	none	configs/scenarios/fase1/geo9_azure_realjan_alta.yaml	2026-08-07T12:09:35-03:00	2026-08-07T12:09:58-03:00	23.26	22.87	0.31	105836	0	1	365878	36bfe40eed33c8b8cb491894acd6f63c05c13e0d7a15a6e6f7b9401246d94c6d
az-realjan-alta	bfd	56	none	configs/scenarios/fase1/geo9_azure_realjan_alta.yaml	2026-08-07T12:09:39-03:00	2026-08-07T12:09:59-03:00	19.75	19.36	0.35	107328	0	1	365983	36bfe40eed33c8b8cb491894acd6f63c05c13e0d7a15a6e6f7b9401246d94c6d
az-realjan-alta	bfd	57	none	configs/scenarios/fase1/geo9_azure_realjan_alta.yaml	2026-08-07T12:09:41-03:00	2026-08-07T12:09:59-03:00	17.87	17.49	0.30	105868	0	1	366058	36bfe40eed33c8b8cb491894acd6f63c05c13e0d7a15a6e6f7b9401246d94c6d
az-realjan-alta	bfd	58	none	configs/scenarios/fase1/geo9_azure_realjan_alta.yaml	2026-08-07T12:09:42-03:00	2026-08-07T12:10:01-03:00	18.91	18.53	0.32	106832	0	1	366082	36bfe40eed33c8b8cb491894acd6f63c05c13e0d7a15a6e6f7b9401246d94c6d
az-realjan-alta	bfd	59	none	configs/scenarios/fase1/geo9_azure_realjan_alta.yaml	2026-08-07T12:09:46-03:00	2026-08-07T12:10:07-03:00	21.54	21.11	0.32	105684	0	1	366164	36bfe40eed33c8b8cb491894acd6f63c05c13e0d7a15a6e6f7b9401246d94c6d
az-realjan-alta	bfd	60	none	configs/scenarios/fase1/geo9_azure_realjan_alta.yaml	2026-08-07T12:09:50-03:00	2026-08-07T12:10:10-03:00	20.67	20.21	0.32	105832	0	1	366268	36bfe40eed33c8b8cb491894acd6f63c05c13e0d7a15a6e6f7b9401246d94c6d
az-realjan-alta	bfd	61	none	configs/scenarios/fase1/geo9_azure_realjan_alta.yaml	2026-08-07T12:09:55-03:00	2026-08-07T12:10:13-03:00	18.83	18.46	0.33	105852	0	1	366381	36bfe40eed33c8b8cb491894acd6f63c05c13e0d7a15a6e6f7b9401246d94c6d
az-realjan-alta	bfd	62	none	configs/scenarios/fase1/geo9_azure_realjan_alta.yaml	2026-08-07T12:09:58-03:00	2026-08-07T12:10:19-03:00	20.64	20.27	0.34	107312	0	1	366487	36bfe40eed33c8b8cb491894acd6f63c05c13e0d7a15a6e6f7b9401246d94c6d
az-realjan-alta	bfd	63	none	configs/scenarios/fase1/geo9_azure_realjan_alta.yaml	2026-08-07T12:09:59-03:00	2026-08-07T12:10:17-03:00	18.84	18.46	0.35	106620	0	1	366500	36bfe40eed33c8b8cb491894acd6f63c05c13e0d7a15a6e6f7b9401246d94c6d
az-realjan-alta	bfd	64	none	configs/scenarios/fase1/geo9_azure_realjan_alta.yaml	2026-08-07T12:09:59-03:00	2026-08-07T12:10:22-03:00	22.91	22.41	0.36	105248	0	1	366513	36bfe40eed33c8b8cb491894acd6f63c05c13e0d7a15a6e6f7b9401246d94c6d
az-realjan-alta	bfd	65	none	configs/scenarios/fase1/geo9_azure_realjan_alta.yaml	2026-08-07T12:10:01-03:00	2026-08-07T12:10:20-03:00	19.49	19.12	0.32	106428	0	1	366556	36bfe40eed33c8b8cb491894acd6f63c05c13e0d7a15a6e6f7b9401246d94c6d
az-realjan-alta	bfd	66	none	configs/scenarios/fase1/geo9_azure_realjan_alta.yaml	2026-08-07T12:10:07-03:00	2026-08-07T12:10:28-03:00	20.37	20.05	0.30	105108	0	1	366707	36bfe40eed33c8b8cb491894acd6f63c05c13e0d7a15a6e6f7b9401246d94c6d
az-realjan-alta	bfd	67	none	configs/scenarios/fase1/geo9_azure_realjan_alta.yaml	2026-08-07T12:10:10-03:00	2026-08-07T12:10:29-03:00	18.85	18.48	0.33	106724	0	1	366802	36bfe40eed33c8b8cb491894acd6f63c05c13e0d7a15a6e6f7b9401246d94c6d
az-realjan-alta	bfd	68	none	configs/scenarios/fase1/geo9_azure_realjan_alta.yaml	2026-08-07T12:10:13-03:00	2026-08-07T12:10:34-03:00	20.79	20.45	0.30	107100	0	1	366882	36bfe40eed33c8b8cb491894acd6f63c05c13e0d7a15a6e6f7b9401246d94c6d
az-realjan-alta	bfd	69	none	configs/scenarios/fase1/geo9_azure_realjan_alta.yaml	2026-08-07T12:10:17-03:00	2026-08-07T12:10:39-03:00	21.32	20.83	0.33	106688	0	1	366994	36bfe40eed33c8b8cb491894acd6f63c05c13e0d7a15a6e6f7b9401246d94c6d
az-realjan-alta	bfd	70	none	configs/scenarios/fase1/geo9_azure_realjan_alta.yaml	2026-08-07T12:10:19-03:00	2026-08-07T12:10:39-03:00	19.43	19.06	0.31	106348	0	1	367046	36bfe40eed33c8b8cb491894acd6f63c05c13e0d7a15a6e6f7b9401246d94c6d
az-realjan-alta	bfd	71	none	configs/scenarios/fase1/geo9_azure_realjan_alta.yaml	2026-08-07T12:10:20-03:00	2026-08-07T12:10:42-03:00	21.72	21.27	0.33	107420	0	1	367081	36bfe40eed33c8b8cb491894acd6f63c05c13e0d7a15a6e6f7b9401246d94c6d
az-realjan-alta	cnemesis	52	cnemesis	configs/scenarios/fase1/geo9_azure_realjan_alta.yaml	2026-08-07T12:40:17-03:00	2026-08-07T13:14:56-03:00	2078.25	2071.17	1.19	116240	0	1	405500	36bfe40eed33c8b8cb491894acd6f63c05c13e0d7a15a6e6f7b9401246d94c6d
az-realjan-alta	cnemesis	53	cnemesis	configs/scenarios/fase1/geo9_azure_realjan_alta.yaml	2026-08-07T12:40:22-03:00	2026-08-07T13:01:11-03:00	1249.06	1243.75	1.35	115636	0	1	405593	36bfe40eed33c8b8cb491894acd6f63c05c13e0d7a15a6e6f7b9401246d94c6d
az-realjan-alta	cnemesis	54	cnemesis	configs/scenarios/fase1/geo9_azure_realjan_alta.yaml	2026-08-07T12:40:25-03:00	2026-08-07T13:09:34-03:00	1748.77	1743.48	0.62	117808	0	1	405684	36bfe40eed33c8b8cb491894acd6f63c05c13e0d7a15a6e6f7b9401246d94c6d
az-realjan-alta	cnemesis	55	cnemesis	configs/scenarios/fase1/geo9_azure_realjan_alta.yaml	2026-08-07T12:41:27-03:00	2026-08-07T13:07:24-03:00	1557.45	1551.98	0.68	117316	0	1	406997	36bfe40eed33c8b8cb491894acd6f63c05c13e0d7a15a6e6f7b9401246d94c6d
az-realjan-alta	cnemesis	56	cnemesis	configs/scenarios/fase1/geo9_azure_realjan_alta.yaml	2026-08-07T12:42:05-03:00	2026-08-07T13:15:01-03:00	1975.74	1967.33	1.87	115700	0	1	407797	36bfe40eed33c8b8cb491894acd6f63c05c13e0d7a15a6e6f7b9401246d94c6d
az-realjan-alta	cnemesis	57	cnemesis	configs/scenarios/fase1/geo9_azure_realjan_alta.yaml	2026-08-07T12:42:23-03:00	2026-08-07T13:07:09-03:00	1485.42	1479.74	0.97	117812	0	1	408199	36bfe40eed33c8b8cb491894acd6f63c05c13e0d7a15a6e6f7b9401246d94c6d
az-realjan-alta	cnemesis	58	cnemesis	configs/scenarios/fase1/geo9_azure_realjan_alta.yaml	2026-08-07T12:42:34-03:00	2026-08-07T13:13:27-03:00	1853.03	1847.54	0.63	115868	0	1	408443	36bfe40eed33c8b8cb491894acd6f63c05c13e0d7a15a6e6f7b9401246d94c6d
az-realjan-alta	cnemesis	59	cnemesis	configs/scenarios/fase1/geo9_azure_realjan_alta.yaml	2026-08-07T12:43:06-03:00	2026-08-07T13:01:25-03:00	1099.30	1094.67	0.97	117328	0	1	409057	36bfe40eed33c8b8cb491894acd6f63c05c13e0d7a15a6e6f7b9401246d94c6d
az-realjan-alta	cnemesis	60	cnemesis	configs/scenarios/fase1/geo9_azure_realjan_alta.yaml	2026-08-07T12:43:16-03:00	2026-08-07T13:09:44-03:00	1588.22	1582.47	1.06	118512	0	1	409288	36bfe40eed33c8b8cb491894acd6f63c05c13e0d7a15a6e6f7b9401246d94c6d
az-realjan-alta	cnemesis	61	cnemesis	configs/scenarios/fase1/geo9_azure_realjan_alta.yaml	2026-08-07T12:43:54-03:00	2026-08-07T13:23:55-03:00	2400.56	2391.69	1.45	115152	0	1	410133	36bfe40eed33c8b8cb491894acd6f63c05c13e0d7a15a6e6f7b9401246d94c6d
az-realjan-alta	cnemesis	62	cnemesis	configs/scenarios/fase1/geo9_azure_realjan_alta.yaml	2026-08-07T12:44:01-03:00	2026-08-07T13:18:58-03:00	2097.71	2089.87	1.66	115816	0	1	410265	36bfe40eed33c8b8cb491894acd6f63c05c13e0d7a15a6e6f7b9401246d94c6d
az-realjan-alta	cnemesis	63	cnemesis	configs/scenarios/fase1/geo9_azure_realjan_alta.yaml	2026-08-07T12:44:36-03:00	2026-08-07T13:13:40-03:00	1744.43	1738.83	1.20	118744	0	1	411011	36bfe40eed33c8b8cb491894acd6f63c05c13e0d7a15a6e6f7b9401246d94c6d
az-realjan-alta	cnemesis	64	cnemesis	configs/scenarios/fase1/geo9_azure_realjan_alta.yaml	2026-08-07T12:44:58-03:00	2026-08-07T13:12:59-03:00	1681.55	1675.27	1.35	117792	0	1	411487	36bfe40eed33c8b8cb491894acd6f63c05c13e0d7a15a6e6f7b9401246d94c6d
az-realjan-alta	cnemesis	65	cnemesis	configs/scenarios/fase1/geo9_azure_realjan_alta.yaml	2026-08-07T12:45:26-03:00	2026-08-07T13:08:27-03:00	1380.14	1374.33	1.60	117836	0	1	412145	36bfe40eed33c8b8cb491894acd6f63c05c13e0d7a15a6e6f7b9401246d94c6d
az-realjan-alta	cnemesis	66	cnemesis	configs/scenarios/fase1/geo9_azure_realjan_alta.yaml	2026-08-07T13:01:11-03:00	2026-08-07T13:28:52-03:00	1661.20	1654.50	1.72	113676	0	1	432009	36bfe40eed33c8b8cb491894acd6f63c05c13e0d7a15a6e6f7b9401246d94c6d
az-realjan-alta	cnemesis	67	cnemesis	configs/scenarios/fase1/geo9_azure_realjan_alta.yaml	2026-08-07T13:01:25-03:00	2026-08-07T13:27:40-03:00	1574.40	1567.84	1.34	115120	0	1	432308	36bfe40eed33c8b8cb491894acd6f63c05c13e0d7a15a6e6f7b9401246d94c6d
az-realjan-alta	cnemesis	68	cnemesis	configs/scenarios/fase1/geo9_azure_realjan_alta.yaml	2026-08-07T13:07:09-03:00	2026-08-07T13:45:45-03:00	2316.27	2306.67	1.45	117544	0	1	439529	36bfe40eed33c8b8cb491894acd6f63c05c13e0d7a15a6e6f7b9401246d94c6d
az-realjan-alta	cnemesis	69	cnemesis	configs/scenarios/fase1/geo9_azure_realjan_alta.yaml	2026-08-07T13:07:24-03:00	2026-08-07T13:36:38-03:00	1753.94	1748.24	0.57	118344	0	1	439887	36bfe40eed33c8b8cb491894acd6f63c05c13e0d7a15a6e6f7b9401246d94c6d
az-realjan-alta	cnemesis	70	cnemesis	configs/scenarios/fase1/geo9_azure_realjan_alta.yaml	2026-08-07T13:08:27-03:00	2026-08-07T13:41:38-03:00	1991.74	1984.34	1.07	115300	0	1	441199	36bfe40eed33c8b8cb491894acd6f63c05c13e0d7a15a6e6f7b9401246d94c6d
az-realjan-alta	cnemesis	71	cnemesis	configs/scenarios/fase1/geo9_azure_realjan_alta.yaml	2026-08-07T13:09:34-03:00	2026-08-07T13:34:53-03:00	1518.58	1512.42	0.93	114724	0	1	442620	36bfe40eed33c8b8cb491894acd6f63c05c13e0d7a15a6e6f7b9401246d94c6d
az-realjan-alta	ffd	52	none	configs/scenarios/fase1/geo9_azure_realjan_alta.yaml	2026-08-07T12:08:30-03:00	2026-08-07T12:08:52-03:00	22.51	22.02	0.34	109836	0	1	364182	36bfe40eed33c8b8cb491894acd6f63c05c13e0d7a15a6e6f7b9401246d94c6d
az-realjan-alta	ffd	53	none	configs/scenarios/fase1/geo9_azure_realjan_alta.yaml	2026-08-07T12:08:34-03:00	2026-08-07T12:08:55-03:00	21.10	20.69	0.33	109320	0	1	364287	36bfe40eed33c8b8cb491894acd6f63c05c13e0d7a15a6e6f7b9401246d94c6d
az-realjan-alta	ffd	54	none	configs/scenarios/fase1/geo9_azure_realjan_alta.yaml	2026-08-07T12:08:37-03:00	2026-08-07T12:09:00-03:00	22.59	22.24	0.31	110080	0	1	364389	36bfe40eed33c8b8cb491894acd6f63c05c13e0d7a15a6e6f7b9401246d94c6d
az-realjan-alta	ffd	55	none	configs/scenarios/fase1/geo9_azure_realjan_alta.yaml	2026-08-07T12:08:39-03:00	2026-08-07T12:08:54-03:00	15.15	14.85	0.28	108928	0	1	364423	36bfe40eed33c8b8cb491894acd6f63c05c13e0d7a15a6e6f7b9401246d94c6d
az-realjan-alta	ffd	56	none	configs/scenarios/fase1/geo9_azure_realjan_alta.yaml	2026-08-07T12:08:43-03:00	2026-08-07T12:09:06-03:00	22.84	22.46	0.33	109680	0	1	364526	36bfe40eed33c8b8cb491894acd6f63c05c13e0d7a15a6e6f7b9401246d94c6d
az-realjan-alta	ffd	57	none	configs/scenarios/fase1/geo9_azure_realjan_alta.yaml	2026-08-07T12:08:44-03:00	2026-08-07T12:09:02-03:00	17.58	17.01	0.45	110076	0	1	364559	36bfe40eed33c8b8cb491894acd6f63c05c13e0d7a15a6e6f7b9401246d94c6d
az-realjan-alta	ffd	58	none	configs/scenarios/fase1/geo9_azure_realjan_alta.yaml	2026-08-07T12:08:52-03:00	2026-08-07T12:09:07-03:00	14.80	14.40	0.32	110192	0	1	364768	36bfe40eed33c8b8cb491894acd6f63c05c13e0d7a15a6e6f7b9401246d94c6d
az-realjan-alta	ffd	59	none	configs/scenarios/fase1/geo9_azure_realjan_alta.yaml	2026-08-07T12:08:53-03:00	2026-08-07T12:09:11-03:00	17.85	17.42	0.31	109344	0	1	364802	36bfe40eed33c8b8cb491894acd6f63c05c13e0d7a15a6e6f7b9401246d94c6d
az-realjan-alta	ffd	60	none	configs/scenarios/fase1/geo9_azure_realjan_alta.yaml	2026-08-07T12:08:54-03:00	2026-08-07T12:09:19-03:00	25.03	24.61	0.35	108444	0	1	364823	36bfe40eed33c8b8cb491894acd6f63c05c13e0d7a15a6e6f7b9401246d94c6d
az-realjan-alta	ffd	61	none	configs/scenarios/fase1/geo9_azure_realjan_alta.yaml	2026-08-07T12:08:55-03:00	2026-08-07T12:09:10-03:00	14.90	14.58	0.30	108984	0	1	364842	36bfe40eed33c8b8cb491894acd6f63c05c13e0d7a15a6e6f7b9401246d94c6d
az-realjan-alta	ffd	62	none	configs/scenarios/fase1/geo9_azure_realjan_alta.yaml	2026-08-07T12:09:00-03:00	2026-08-07T12:09:16-03:00	15.63	15.26	0.31	108888	0	1	364966	36bfe40eed33c8b8cb491894acd6f63c05c13e0d7a15a6e6f7b9401246d94c6d
az-realjan-alta	ffd	63	none	configs/scenarios/fase1/geo9_azure_realjan_alta.yaml	2026-08-07T12:09:02-03:00	2026-08-07T12:09:20-03:00	18.24	17.77	0.35	109724	0	1	365028	36bfe40eed33c8b8cb491894acd6f63c05c13e0d7a15a6e6f7b9401246d94c6d
az-realjan-alta	ffd	64	none	configs/scenarios/fase1/geo9_azure_realjan_alta.yaml	2026-08-07T12:09:06-03:00	2026-08-07T12:09:29-03:00	23.88	23.45	0.33	108952	0	1	365101	36bfe40eed33c8b8cb491894acd6f63c05c13e0d7a15a6e6f7b9401246d94c6d
az-realjan-alta	ffd	65	none	configs/scenarios/fase1/geo9_azure_realjan_alta.yaml	2026-08-07T12:09:07-03:00	2026-08-07T12:09:23-03:00	15.54	15.13	0.28	110320	0	1	365160	36bfe40eed33c8b8cb491894acd6f63c05c13e0d7a15a6e6f7b9401246d94c6d
az-realjan-alta	ffd	66	none	configs/scenarios/fase1/geo9_azure_realjan_alta.yaml	2026-08-07T12:09:10-03:00	2026-08-07T12:09:26-03:00	16.79	16.37	0.32	109152	0	1	365217	36bfe40eed33c8b8cb491894acd6f63c05c13e0d7a15a6e6f7b9401246d94c6d
az-realjan-alta	ffd	67	none	configs/scenarios/fase1/geo9_azure_realjan_alta.yaml	2026-08-07T12:09:11-03:00	2026-08-07T12:09:34-03:00	23.01	22.60	0.35	108372	0	1	365279	36bfe40eed33c8b8cb491894acd6f63c05c13e0d7a15a6e6f7b9401246d94c6d
az-realjan-alta	ffd	68	none	configs/scenarios/fase1/geo9_azure_realjan_alta.yaml	2026-08-07T12:09:16-03:00	2026-08-07T12:09:39-03:00	23.10	22.63	0.34	108692	0	1	365366	36bfe40eed33c8b8cb491894acd6f63c05c13e0d7a15a6e6f7b9401246d94c6d
az-realjan-alta	ffd	69	none	configs/scenarios/fase1/geo9_azure_realjan_alta.yaml	2026-08-07T12:09:19-03:00	2026-08-07T12:09:42-03:00	22.60	22.18	0.34	110160	0	1	365469	36bfe40eed33c8b8cb491894acd6f63c05c13e0d7a15a6e6f7b9401246d94c6d
az-realjan-alta	ffd	70	none	configs/scenarios/fase1/geo9_azure_realjan_alta.yaml	2026-08-07T12:09:20-03:00	2026-08-07T12:09:35-03:00	15.19	14.80	0.32	109508	0	1	365490	36bfe40eed33c8b8cb491894acd6f63c05c13e0d7a15a6e6f7b9401246d94c6d
az-realjan-alta	ffd	71	none	configs/scenarios/fase1/geo9_azure_realjan_alta.yaml	2026-08-07T12:09:23-03:00	2026-08-07T12:09:41-03:00	18.63	18.28	0.32	109932	0	1	365572	36bfe40eed33c8b8cb491894acd6f63c05c13e0d7a15a6e6f7b9401246d94c6d
az-realjan-alta	first_fit	52	none	configs/scenarios/fase1/geo9_azure_realjan_alta.yaml	2026-08-07T12:03:40-03:00	2026-08-07T12:04:06-03:00	25.75	25.18	0.53	110776	0	1	356996	36bfe40eed33c8b8cb491894acd6f63c05c13e0d7a15a6e6f7b9401246d94c6d
az-realjan-alta	first_fit	53	none	configs/scenarios/fase1/geo9_azure_realjan_alta.yaml	2026-08-07T12:03:40-03:00	2026-08-07T12:04:01-03:00	21.42	21.09	0.31	111012	0	1	357009	36bfe40eed33c8b8cb491894acd6f63c05c13e0d7a15a6e6f7b9401246d94c6d
az-realjan-alta	first_fit	54	none	configs/scenarios/fase1/geo9_azure_realjan_alta.yaml	2026-08-07T12:03:41-03:00	2026-08-07T12:04:05-03:00	23.39	23.03	0.34	111476	0	1	357042	36bfe40eed33c8b8cb491894acd6f63c05c13e0d7a15a6e6f7b9401246d94c6d
az-realjan-alta	first_fit	55	none	configs/scenarios/fase1/geo9_azure_realjan_alta.yaml	2026-08-07T12:03:42-03:00	2026-08-07T12:04:03-03:00	21.03	20.65	0.33	110332	0	1	357088	36bfe40eed33c8b8cb491894acd6f63c05c13e0d7a15a6e6f7b9401246d94c6d
az-realjan-alta	first_fit	56	none	configs/scenarios/fase1/geo9_azure_realjan_alta.yaml	2026-08-07T12:04:01-03:00	2026-08-07T12:04:26-03:00	24.37	23.83	0.33	107156	0	1	357471	36bfe40eed33c8b8cb491894acd6f63c05c13e0d7a15a6e6f7b9401246d94c6d
az-realjan-alta	first_fit	57	none	configs/scenarios/fase1/geo9_azure_realjan_alta.yaml	2026-08-07T12:04:03-03:00	2026-08-07T12:04:25-03:00	22.30	21.86	0.31	109728	0	1	357537	36bfe40eed33c8b8cb491894acd6f63c05c13e0d7a15a6e6f7b9401246d94c6d
az-realjan-alta	first_fit	58	none	configs/scenarios/fase1/geo9_azure_realjan_alta.yaml	2026-08-07T12:04:05-03:00	2026-08-07T12:04:27-03:00	22.81	22.31	0.37	110624	0	1	357578	36bfe40eed33c8b8cb491894acd6f63c05c13e0d7a15a6e6f7b9401246d94c6d
az-realjan-alta	first_fit	59	none	configs/scenarios/fase1/geo9_azure_realjan_alta.yaml	2026-08-07T12:04:06-03:00	2026-08-07T12:04:29-03:00	23.81	23.18	0.43	106992	0	1	357599	36bfe40eed33c8b8cb491894acd6f63c05c13e0d7a15a6e6f7b9401246d94c6d
az-realjan-alta	first_fit	60	none	configs/scenarios/fase1/geo9_azure_realjan_alta.yaml	2026-08-07T12:04:14-03:00	2026-08-07T12:04:38-03:00	23.88	23.43	0.33	110788	0	1	357814	36bfe40eed33c8b8cb491894acd6f63c05c13e0d7a15a6e6f7b9401246d94c6d
az-realjan-alta	first_fit	61	none	configs/scenarios/fase1/geo9_azure_realjan_alta.yaml	2026-08-07T12:04:25-03:00	2026-08-07T12:04:49-03:00	24.20	23.77	0.32	109572	0	1	358065	36bfe40eed33c8b8cb491894acd6f63c05c13e0d7a15a6e6f7b9401246d94c6d
az-realjan-alta	first_fit	62	none	configs/scenarios/fase1/geo9_azure_realjan_alta.yaml	2026-08-07T12:04:26-03:00	2026-08-07T12:04:44-03:00	17.87	17.51	0.29	110720	0	1	358088	36bfe40eed33c8b8cb491894acd6f63c05c13e0d7a15a6e6f7b9401246d94c6d
az-realjan-alta	first_fit	63	none	configs/scenarios/fase1/geo9_azure_realjan_alta.yaml	2026-08-07T12:04:27-03:00	2026-08-07T12:04:53-03:00	25.26	24.85	0.33	110752	0	1	358159	36bfe40eed33c8b8cb491894acd6f63c05c13e0d7a15a6e6f7b9401246d94c6d
az-realjan-alta	first_fit	64	none	configs/scenarios/fase1/geo9_azure_realjan_alta.yaml	2026-08-07T12:04:29-03:00	2026-08-07T12:04:47-03:00	17.64	17.27	0.31	110808	0	1	358205	36bfe40eed33c8b8cb491894acd6f63c05c13e0d7a15a6e6f7b9401246d94c6d
az-realjan-alta	first_fit	65	none	configs/scenarios/fase1/geo9_azure_realjan_alta.yaml	2026-08-07T12:04:38-03:00	2026-08-07T12:05:03-03:00	24.80	24.31	0.34	110848	0	1	358383	36bfe40eed33c8b8cb491894acd6f63c05c13e0d7a15a6e6f7b9401246d94c6d
az-realjan-alta	first_fit	66	none	configs/scenarios/fase1/geo9_azure_realjan_alta.yaml	2026-08-07T12:04:44-03:00	2026-08-07T12:05:02-03:00	18.64	18.32	0.28	110620	0	1	358515	36bfe40eed33c8b8cb491894acd6f63c05c13e0d7a15a6e6f7b9401246d94c6d
az-realjan-alta	first_fit	67	none	configs/scenarios/fase1/geo9_azure_realjan_alta.yaml	2026-08-07T12:04:47-03:00	2026-08-07T12:05:10-03:00	22.54	22.15	0.33	111064	0	1	358612	36bfe40eed33c8b8cb491894acd6f63c05c13e0d7a15a6e6f7b9401246d94c6d
az-realjan-alta	first_fit	68	none	configs/scenarios/fase1/geo9_azure_realjan_alta.yaml	2026-08-07T12:04:49-03:00	2026-08-07T12:05:06-03:00	16.30	15.93	0.26	106336	0	1	358673	36bfe40eed33c8b8cb491894acd6f63c05c13e0d7a15a6e6f7b9401246d94c6d
az-realjan-alta	first_fit	69	none	configs/scenarios/fase1/geo9_azure_realjan_alta.yaml	2026-08-07T12:04:53-03:00	2026-08-07T12:05:13-03:00	19.84	19.35	0.33	106908	0	1	358755	36bfe40eed33c8b8cb491894acd6f63c05c13e0d7a15a6e6f7b9401246d94c6d
az-realjan-alta	first_fit	70	none	configs/scenarios/fase1/geo9_azure_realjan_alta.yaml	2026-08-07T12:05:02-03:00	2026-08-07T12:05:26-03:00	23.42	23.02	0.35	110540	0	1	358995	36bfe40eed33c8b8cb491894acd6f63c05c13e0d7a15a6e6f7b9401246d94c6d
az-realjan-alta	first_fit	71	none	configs/scenarios/fase1/geo9_azure_realjan_alta.yaml	2026-08-07T12:05:03-03:00	2026-08-07T12:05:29-03:00	26.22	25.74	0.31	110544	0	1	359028	36bfe40eed33c8b8cb491894acd6f63c05c13e0d7a15a6e6f7b9401246d94c6d
az-realjan-alta	follow_renewables	52	follow_renewables	configs/scenarios/fase1/geo9_azure_realjan_alta.yaml	2026-08-07T12:11:17-03:00	2026-08-07T12:21:33-03:00	615.71	612.56	1.47	193420	0	1	368525	36bfe40eed33c8b8cb491894acd6f63c05c13e0d7a15a6e6f7b9401246d94c6d
az-realjan-alta	follow_renewables	53	follow_renewables	configs/scenarios/fase1/geo9_azure_realjan_alta.yaml	2026-08-07T12:11:19-03:00	2026-08-07T12:21:32-03:00	612.87	610.35	0.76	193580	0	1	368612	36bfe40eed33c8b8cb491894acd6f63c05c13e0d7a15a6e6f7b9401246d94c6d
az-realjan-alta	follow_renewables	54	follow_renewables	configs/scenarios/fase1/geo9_azure_realjan_alta.yaml	2026-08-07T12:11:19-03:00	2026-08-07T12:21:46-03:00	626.71	623.68	1.36	193528	0	1	368625	36bfe40eed33c8b8cb491894acd6f63c05c13e0d7a15a6e6f7b9401246d94c6d
az-realjan-alta	follow_renewables	55	follow_renewables	configs/scenarios/fase1/geo9_azure_realjan_alta.yaml	2026-08-07T12:11:27-03:00	2026-08-07T12:22:09-03:00	642.37	639.27	0.67	193756	0	1	368773	36bfe40eed33c8b8cb491894acd6f63c05c13e0d7a15a6e6f7b9401246d94c6d
az-realjan-alta	follow_renewables	56	follow_renewables	configs/scenarios/fase1/geo9_azure_realjan_alta.yaml	2026-08-07T12:11:28-03:00	2026-08-07T12:21:44-03:00	615.84	613.45	0.72	196172	0	1	368825	36bfe40eed33c8b8cb491894acd6f63c05c13e0d7a15a6e6f7b9401246d94c6d
az-realjan-alta	follow_renewables	57	follow_renewables	configs/scenarios/fase1/geo9_azure_realjan_alta.yaml	2026-08-07T12:11:31-03:00	2026-08-07T12:23:29-03:00	718.61	715.50	0.77	194900	0	1	368879	36bfe40eed33c8b8cb491894acd6f63c05c13e0d7a15a6e6f7b9401246d94c6d
az-realjan-alta	follow_renewables	58	follow_renewables	configs/scenarios/fase1/geo9_azure_realjan_alta.yaml	2026-08-07T12:11:32-03:00	2026-08-07T12:23:39-03:00	726.53	723.61	0.66	194104	0	1	368912	36bfe40eed33c8b8cb491894acd6f63c05c13e0d7a15a6e6f7b9401246d94c6d
az-realjan-alta	follow_renewables	59	follow_renewables	configs/scenarios/fase1/geo9_azure_realjan_alta.yaml	2026-08-07T12:11:40-03:00	2026-08-07T12:28:05-03:00	985.51	981.02	1.52	194460	0	1	369069	36bfe40eed33c8b8cb491894acd6f63c05c13e0d7a15a6e6f7b9401246d94c6d
az-realjan-alta	follow_renewables	60	follow_renewables	configs/scenarios/fase1/geo9_azure_realjan_alta.yaml	2026-08-07T12:14:54-03:00	2026-08-07T12:31:02-03:00	968.56	964.89	0.71	193148	0	1	373130	36bfe40eed33c8b8cb491894acd6f63c05c13e0d7a15a6e6f7b9401246d94c6d
az-realjan-alta	follow_renewables	61	follow_renewables	configs/scenarios/fase1/geo9_azure_realjan_alta.yaml	2026-08-07T12:18:23-03:00	2026-08-07T12:33:01-03:00	878.32	874.48	1.39	190268	0	1	377696	36bfe40eed33c8b8cb491894acd6f63c05c13e0d7a15a6e6f7b9401246d94c6d
az-realjan-alta	follow_renewables	62	follow_renewables	configs/scenarios/fase1/geo9_azure_realjan_alta.yaml	2026-08-07T12:21:32-03:00	2026-08-07T12:36:14-03:00	881.53	878.30	0.71	192920	0	1	381635	36bfe40eed33c8b8cb491894acd6f63c05c13e0d7a15a6e6f7b9401246d94c6d
az-realjan-alta	follow_renewables	63	follow_renewables	configs/scenarios/fase1/geo9_azure_realjan_alta.yaml	2026-08-07T12:21:33-03:00	2026-08-07T12:32:08-03:00	634.89	632.05	1.18	191016	0	1	381648	36bfe40eed33c8b8cb491894acd6f63c05c13e0d7a15a6e6f7b9401246d94c6d
az-realjan-alta	follow_renewables	64	follow_renewables	configs/scenarios/fase1/geo9_azure_realjan_alta.yaml	2026-08-07T12:21:44-03:00	2026-08-07T12:32:03-03:00	618.81	616.14	0.69	193472	0	1	381896	36bfe40eed33c8b8cb491894acd6f63c05c13e0d7a15a6e6f7b9401246d94c6d
az-realjan-alta	follow_renewables	65	follow_renewables	configs/scenarios/fase1/geo9_azure_realjan_alta.yaml	2026-08-07T12:21:46-03:00	2026-08-07T12:30:00-03:00	493.61	491.32	0.61	192916	0	1	381959	36bfe40eed33c8b8cb491894acd6f63c05c13e0d7a15a6e6f7b9401246d94c6d
az-realjan-alta	follow_renewables	66	follow_renewables	configs/scenarios/fase1/geo9_azure_realjan_alta.yaml	2026-08-07T12:22:09-03:00	2026-08-07T12:35:53-03:00	824.17	820.72	1.29	191016	0	1	382402	36bfe40eed33c8b8cb491894acd6f63c05c13e0d7a15a6e6f7b9401246d94c6d
az-realjan-alta	follow_renewables	67	follow_renewables	configs/scenarios/fase1/geo9_azure_realjan_alta.yaml	2026-08-07T12:23:29-03:00	2026-08-07T12:40:17-03:00	1008.01	1004.15	1.01	192692	0	1	384033	36bfe40eed33c8b8cb491894acd6f63c05c13e0d7a15a6e6f7b9401246d94c6d
az-realjan-alta	follow_renewables	68	follow_renewables	configs/scenarios/fase1/geo9_azure_realjan_alta.yaml	2026-08-07T12:23:39-03:00	2026-08-07T12:39:31-03:00	951.60	949.06	0.69	191104	0	1	384246	36bfe40eed33c8b8cb491894acd6f63c05c13e0d7a15a6e6f7b9401246d94c6d
az-realjan-alta	follow_renewables	69	follow_renewables	configs/scenarios/fase1/geo9_azure_realjan_alta.yaml	2026-08-07T12:25:06-03:00	2026-08-07T12:37:30-03:00	744.30	740.64	1.51	190760	0	1	386068	36bfe40eed33c8b8cb491894acd6f63c05c13e0d7a15a6e6f7b9401246d94c6d
az-realjan-alta	follow_renewables	70	follow_renewables	configs/scenarios/fase1/geo9_azure_realjan_alta.yaml	2026-08-07T12:26:17-03:00	2026-08-07T12:35:10-03:00	532.66	530.10	0.89	191472	0	1	387763	36bfe40eed33c8b8cb491894acd6f63c05c13e0d7a15a6e6f7b9401246d94c6d
az-realjan-alta	follow_renewables	71	follow_renewables	configs/scenarios/fase1/geo9_azure_realjan_alta.yaml	2026-08-07T12:28:05-03:00	2026-08-07T12:43:06-03:00	900.66	897.19	1.28	193272	0	1	390022	36bfe40eed33c8b8cb491894acd6f63c05c13e0d7a15a6e6f7b9401246d94c6d
az-realjan-alta	followme_s	52	followme_s	configs/scenarios/fase1/geo9_azure_realjan_alta.yaml	2026-08-07T12:32:26-03:00	2026-08-07T12:35:31-03:00	184.63	182.79	1.33	124632	0	1	395676	36bfe40eed33c8b8cb491894acd6f63c05c13e0d7a15a6e6f7b9401246d94c6d
az-realjan-alta	followme_s	53	followme_s	configs/scenarios/fase1/geo9_azure_realjan_alta.yaml	2026-08-07T12:32:28-03:00	2026-08-07T12:37:39-03:00	311.14	309.90	0.50	126264	0	1	395700	36bfe40eed33c8b8cb491894acd6f63c05c13e0d7a15a6e6f7b9401246d94c6d
az-realjan-alta	followme_s	54	followme_s	configs/scenarios/fase1/geo9_azure_realjan_alta.yaml	2026-08-07T12:32:30-03:00	2026-08-07T12:37:45-03:00	314.53	312.86	0.76	127692	0	1	395791	36bfe40eed33c8b8cb491894acd6f63c05c13e0d7a15a6e6f7b9401246d94c6d
az-realjan-alta	followme_s	55	followme_s	configs/scenarios/fase1/geo9_azure_realjan_alta.yaml	2026-08-07T12:32:31-03:00	2026-08-07T12:37:18-03:00	286.35	284.89	0.56	128300	0	1	395814	36bfe40eed33c8b8cb491894acd6f63c05c13e0d7a15a6e6f7b9401246d94c6d
az-realjan-alta	followme_s	56	followme_s	configs/scenarios/fase1/geo9_azure_realjan_alta.yaml	2026-08-07T12:32:35-03:00	2026-08-07T12:38:08-03:00	332.57	330.81	0.49	127012	0	1	395915	36bfe40eed33c8b8cb491894acd6f63c05c13e0d7a15a6e6f7b9401246d94c6d
az-realjan-alta	followme_s	57	followme_s	configs/scenarios/fase1/geo9_azure_realjan_alta.yaml	2026-08-07T12:32:47-03:00	2026-08-07T12:38:49-03:00	362.23	360.85	0.47	126948	0	1	396157	36bfe40eed33c8b8cb491894acd6f63c05c13e0d7a15a6e6f7b9401246d94c6d
az-realjan-alta	followme_s	58	followme_s	configs/scenarios/fase1/geo9_azure_realjan_alta.yaml	2026-08-07T12:33:01-03:00	2026-08-07T12:37:35-03:00	273.90	272.00	0.87	128044	0	1	396449	36bfe40eed33c8b8cb491894acd6f63c05c13e0d7a15a6e6f7b9401246d94c6d
az-realjan-alta	followme_s	59	followme_s	configs/scenarios/fase1/geo9_azure_realjan_alta.yaml	2026-08-07T12:35:10-03:00	2026-08-07T12:40:22-03:00	311.73	310.29	0.50	127700	0	1	399136	36bfe40eed33c8b8cb491894acd6f63c05c13e0d7a15a6e6f7b9401246d94c6d
az-realjan-alta	followme_s	60	followme_s	configs/scenarios/fase1/geo9_azure_realjan_alta.yaml	2026-08-07T12:35:31-03:00	2026-08-07T12:38:41-03:00	190.34	189.06	0.53	126948	0	1	399580	36bfe40eed33c8b8cb491894acd6f63c05c13e0d7a15a6e6f7b9401246d94c6d
az-realjan-alta	followme_s	61	followme_s	configs/scenarios/fase1/geo9_azure_realjan_alta.yaml	2026-08-07T12:35:53-03:00	2026-08-07T12:40:25-03:00	272.01	270.83	0.47	126008	0	1	400029	36bfe40eed33c8b8cb491894acd6f63c05c13e0d7a15a6e6f7b9401246d94c6d
az-realjan-alta	followme_s	62	followme_s	configs/scenarios/fase1/geo9_azure_realjan_alta.yaml	2026-08-07T12:36:14-03:00	2026-08-07T12:43:54-03:00	460.75	459.24	0.71	128532	0	1	400438	36bfe40eed33c8b8cb491894acd6f63c05c13e0d7a15a6e6f7b9401246d94c6d
az-realjan-alta	followme_s	63	followme_s	configs/scenarios/fase1/geo9_azure_realjan_alta.yaml	2026-08-07T12:37:18-03:00	2026-08-07T12:42:05-03:00	286.98	285.64	0.42	127524	0	1	401758	36bfe40eed33c8b8cb491894acd6f63c05c13e0d7a15a6e6f7b9401246d94c6d
az-realjan-alta	followme_s	64	followme_s	configs/scenarios/fase1/geo9_azure_realjan_alta.yaml	2026-08-07T12:37:30-03:00	2026-08-07T12:44:36-03:00	425.87	423.65	0.68	126880	0	1	401986	36bfe40eed33c8b8cb491894acd6f63c05c13e0d7a15a6e6f7b9401246d94c6d
az-realjan-alta	followme_s	65	followme_s	configs/scenarios/fase1/geo9_azure_realjan_alta.yaml	2026-08-07T12:37:35-03:00	2026-08-07T12:42:23-03:00	287.76	286.63	0.48	128064	0	1	402106	36bfe40eed33c8b8cb491894acd6f63c05c13e0d7a15a6e6f7b9401246d94c6d
az-realjan-alta	followme_s	66	followme_s	configs/scenarios/fase1/geo9_azure_realjan_alta.yaml	2026-08-07T12:37:39-03:00	2026-08-07T12:44:58-03:00	438.78	436.60	1.01	126736	0	1	402188	36bfe40eed33c8b8cb491894acd6f63c05c13e0d7a15a6e6f7b9401246d94c6d
az-realjan-alta	followme_s	67	followme_s	configs/scenarios/fase1/geo9_azure_realjan_alta.yaml	2026-08-07T12:37:45-03:00	2026-08-07T12:42:34-03:00	289.28	288.31	0.47	126912	0	1	402312	36bfe40eed33c8b8cb491894acd6f63c05c13e0d7a15a6e6f7b9401246d94c6d
az-realjan-alta	followme_s	68	followme_s	configs/scenarios/fase1/geo9_azure_realjan_alta.yaml	2026-08-07T12:38:08-03:00	2026-08-07T12:43:16-03:00	308.37	307.34	0.41	123152	0	1	402805	36bfe40eed33c8b8cb491894acd6f63c05c13e0d7a15a6e6f7b9401246d94c6d
az-realjan-alta	followme_s	69	followme_s	configs/scenarios/fase1/geo9_azure_realjan_alta.yaml	2026-08-07T12:38:41-03:00	2026-08-07T12:41:27-03:00	165.04	164.13	0.45	128416	0	1	403503	36bfe40eed33c8b8cb491894acd6f63c05c13e0d7a15a6e6f7b9401246d94c6d
az-realjan-alta	followme_s	70	followme_s	configs/scenarios/fase1/geo9_azure_realjan_alta.yaml	2026-08-07T12:38:49-03:00	2026-08-07T12:44:01-03:00	311.38	310.28	0.45	127348	0	1	403668	36bfe40eed33c8b8cb491894acd6f63c05c13e0d7a15a6e6f7b9401246d94c6d
az-realjan-alta	followme_s	71	followme_s	configs/scenarios/fase1/geo9_azure_realjan_alta.yaml	2026-08-07T12:39:31-03:00	2026-08-07T12:45:26-03:00	355.80	354.03	0.52	126480	0	1	404507	36bfe40eed33c8b8cb491894acd6f63c05c13e0d7a15a6e6f7b9401246d94c6d
az-realjan-alta	lowest_carbon_dc	52	none	configs/scenarios/fase1/geo9_azure_realjan_alta.yaml	2026-08-07T12:10:22-03:00	2026-08-07T12:10:45-03:00	22.66	22.27	0.31	111100	0	1	367136	36bfe40eed33c8b8cb491894acd6f63c05c13e0d7a15a6e6f7b9401246d94c6d
az-realjan-alta	lowest_carbon_dc	53	none	configs/scenarios/fase1/geo9_azure_realjan_alta.yaml	2026-08-07T12:10:28-03:00	2026-08-07T12:10:50-03:00	22.26	21.77	0.31	111060	0	1	367258	36bfe40eed33c8b8cb491894acd6f63c05c13e0d7a15a6e6f7b9401246d94c6d
az-realjan-alta	lowest_carbon_dc	54	none	configs/scenarios/fase1/geo9_azure_realjan_alta.yaml	2026-08-07T12:10:29-03:00	2026-08-07T12:10:51-03:00	21.80	21.43	0.31	111436	0	1	367309	36bfe40eed33c8b8cb491894acd6f63c05c13e0d7a15a6e6f7b9401246d94c6d
az-realjan-alta	lowest_carbon_dc	55	none	configs/scenarios/fase1/geo9_azure_realjan_alta.yaml	2026-08-07T12:10:34-03:00	2026-08-07T12:10:50-03:00	16.12	15.79	0.30	106740	0	1	367437	36bfe40eed33c8b8cb491894acd6f63c05c13e0d7a15a6e6f7b9401246d94c6d
az-realjan-alta	lowest_carbon_dc	56	none	configs/scenarios/fase1/geo9_azure_realjan_alta.yaml	2026-08-07T12:10:39-03:00	2026-08-07T12:10:59-03:00	20.03	19.63	0.33	107744	0	1	367548	36bfe40eed33c8b8cb491894acd6f63c05c13e0d7a15a6e6f7b9401246d94c6d
az-realjan-alta	lowest_carbon_dc	57	none	configs/scenarios/fase1/geo9_azure_realjan_alta.yaml	2026-08-07T12:10:39-03:00	2026-08-07T12:10:54-03:00	15.15	14.75	0.30	110760	0	1	367561	36bfe40eed33c8b8cb491894acd6f63c05c13e0d7a15a6e6f7b9401246d94c6d
az-realjan-alta	lowest_carbon_dc	58	none	configs/scenarios/fase1/geo9_azure_realjan_alta.yaml	2026-08-07T12:10:42-03:00	2026-08-07T12:11:08-03:00	25.76	25.32	0.40	108536	0	1	367638	36bfe40eed33c8b8cb491894acd6f63c05c13e0d7a15a6e6f7b9401246d94c6d
az-realjan-alta	lowest_carbon_dc	59	none	configs/scenarios/fase1/geo9_azure_realjan_alta.yaml	2026-08-07T12:10:45-03:00	2026-08-07T12:11:08-03:00	23.38	23.00	0.34	110380	0	1	367709	36bfe40eed33c8b8cb491894acd6f63c05c13e0d7a15a6e6f7b9401246d94c6d
az-realjan-alta	lowest_carbon_dc	60	none	configs/scenarios/fase1/geo9_azure_realjan_alta.yaml	2026-08-07T12:10:48-03:00	2026-08-07T12:11:05-03:00	17.23	16.77	0.34	110980	0	1	367782	36bfe40eed33c8b8cb491894acd6f63c05c13e0d7a15a6e6f7b9401246d94c6d
az-realjan-alta	lowest_carbon_dc	61	none	configs/scenarios/fase1/geo9_azure_realjan_alta.yaml	2026-08-07T12:10:50-03:00	2026-08-07T12:11:14-03:00	24.25	23.87	0.29	110464	0	1	367834	36bfe40eed33c8b8cb491894acd6f63c05c13e0d7a15a6e6f7b9401246d94c6d
az-realjan-alta	lowest_carbon_dc	62	none	configs/scenarios/fase1/geo9_azure_realjan_alta.yaml	2026-08-07T12:10:50-03:00	2026-08-07T12:11:08-03:00	17.96	17.59	0.30	107800	0	1	367853	36bfe40eed33c8b8cb491894acd6f63c05c13e0d7a15a6e6f7b9401246d94c6d
az-realjan-alta	lowest_carbon_dc	63	none	configs/scenarios/fase1/geo9_azure_realjan_alta.yaml	2026-08-07T12:10:51-03:00	2026-08-07T12:11:17-03:00	26.05	25.69	0.33	112792	0	1	367880	36bfe40eed33c8b8cb491894acd6f63c05c13e0d7a15a6e6f7b9401246d94c6d
az-realjan-alta	lowest_carbon_dc	64	none	configs/scenarios/fase1/geo9_azure_realjan_alta.yaml	2026-08-07T12:10:54-03:00	2026-08-07T12:11:19-03:00	25.36	24.92	0.35	107028	0	1	367960	36bfe40eed33c8b8cb491894acd6f63c05c13e0d7a15a6e6f7b9401246d94c6d
az-realjan-alta	lowest_carbon_dc	65	none	configs/scenarios/fase1/geo9_azure_realjan_alta.yaml	2026-08-07T12:10:59-03:00	2026-08-07T12:11:09-03:00	10.73	10.43	0.29	111628	0	1	368074	36bfe40eed33c8b8cb491894acd6f63c05c13e0d7a15a6e6f7b9401246d94c6d
az-realjan-alta	lowest_carbon_dc	66	none	configs/scenarios/fase1/geo9_azure_realjan_alta.yaml	2026-08-07T12:11:05-03:00	2026-08-07T12:11:27-03:00	21.63	21.16	0.35	109740	0	1	368220	36bfe40eed33c8b8cb491894acd6f63c05c13e0d7a15a6e6f7b9401246d94c6d
az-realjan-alta	lowest_carbon_dc	67	none	configs/scenarios/fase1/geo9_azure_realjan_alta.yaml	2026-08-07T12:11:08-03:00	2026-08-07T12:11:31-03:00	22.78	22.33	0.37	110172	0	1	368293	36bfe40eed33c8b8cb491894acd6f63c05c13e0d7a15a6e6f7b9401246d94c6d
az-realjan-alta	lowest_carbon_dc	68	none	configs/scenarios/fase1/geo9_azure_realjan_alta.yaml	2026-08-07T12:11:08-03:00	2026-08-07T12:11:19-03:00	11.05	10.72	0.29	110016	0	1	368316	36bfe40eed33c8b8cb491894acd6f63c05c13e0d7a15a6e6f7b9401246d94c6d
az-realjan-alta	lowest_carbon_dc	69	none	configs/scenarios/fase1/geo9_azure_realjan_alta.yaml	2026-08-07T12:11:08-03:00	2026-08-07T12:11:32-03:00	23.90	23.32	0.48	107312	0	1	368330	36bfe40eed33c8b8cb491894acd6f63c05c13e0d7a15a6e6f7b9401246d94c6d
az-realjan-alta	lowest_carbon_dc	70	none	configs/scenarios/fase1/geo9_azure_realjan_alta.yaml	2026-08-07T12:11:09-03:00	2026-08-07T12:11:28-03:00	18.80	18.47	0.31	110752	0	1	368372	36bfe40eed33c8b8cb491894acd6f63c05c13e0d7a15a6e6f7b9401246d94c6d
az-realjan-alta	lowest_carbon_dc	71	none	configs/scenarios/fase1/geo9_azure_realjan_alta.yaml	2026-08-07T12:11:14-03:00	2026-08-07T12:11:40-03:00	25.43	25.02	0.33	110456	0	1	368478	36bfe40eed33c8b8cb491894acd6f63c05c13e0d7a15a6e6f7b9401246d94c6d
az-realjan-alta	round_robin	52	none	configs/scenarios/fase1/geo9_azure_realjan_alta.yaml	2026-08-07T12:07:24-03:00	2026-08-07T12:07:42-03:00	17.95	17.46	0.43	110940	0	1	362540	36bfe40eed33c8b8cb491894acd6f63c05c13e0d7a15a6e6f7b9401246d94c6d
az-realjan-alta	round_robin	53	none	configs/scenarios/fase1/geo9_azure_realjan_alta.yaml	2026-08-07T12:07:31-03:00	2026-08-07T12:07:58-03:00	27.21	26.84	0.31	110844	0	1	362703	36bfe40eed33c8b8cb491894acd6f63c05c13e0d7a15a6e6f7b9401246d94c6d
az-realjan-alta	round_robin	54	none	configs/scenarios/fase1/geo9_azure_realjan_alta.yaml	2026-08-07T12:07:32-03:00	2026-08-07T12:07:51-03:00	19.26	18.91	0.30	110316	0	1	362726	36bfe40eed33c8b8cb491894acd6f63c05c13e0d7a15a6e6f7b9401246d94c6d
az-realjan-alta	round_robin	55	none	configs/scenarios/fase1/geo9_azure_realjan_alta.yaml	2026-08-07T12:07:36-03:00	2026-08-07T12:07:52-03:00	16.43	16.08	0.31	111152	0	1	362832	36bfe40eed33c8b8cb491894acd6f63c05c13e0d7a15a6e6f7b9401246d94c6d
az-realjan-alta	round_robin	56	none	configs/scenarios/fase1/geo9_azure_realjan_alta.yaml	2026-08-07T12:07:40-03:00	2026-08-07T12:08:04-03:00	24.11	23.76	0.31	111460	0	1	362947	36bfe40eed33c8b8cb491894acd6f63c05c13e0d7a15a6e6f7b9401246d94c6d
az-realjan-alta	round_robin	57	none	configs/scenarios/fase1/geo9_azure_realjan_alta.yaml	2026-08-07T12:07:42-03:00	2026-08-07T12:08:01-03:00	18.96	18.57	0.32	111244	0	1	362982	36bfe40eed33c8b8cb491894acd6f63c05c13e0d7a15a6e6f7b9401246d94c6d
az-realjan-alta	round_robin	58	none	configs/scenarios/fase1/geo9_azure_realjan_alta.yaml	2026-08-07T12:07:49-03:00	2026-08-07T12:08:15-03:00	25.70	25.16	0.33	111584	0	1	363137	36bfe40eed33c8b8cb491894acd6f63c05c13e0d7a15a6e6f7b9401246d94c6d
az-realjan-alta	round_robin	59	none	configs/scenarios/fase1/geo9_azure_realjan_alta.yaml	2026-08-07T12:07:51-03:00	2026-08-07T12:08:16-03:00	25.54	25.20	0.31	111108	0	1	363200	36bfe40eed33c8b8cb491894acd6f63c05c13e0d7a15a6e6f7b9401246d94c6d
az-realjan-alta	round_robin	60	none	configs/scenarios/fase1/geo9_azure_realjan_alta.yaml	2026-08-07T12:07:52-03:00	2026-08-07T12:08:19-03:00	26.84	26.45	0.34	111644	0	1	363233	36bfe40eed33c8b8cb491894acd6f63c05c13e0d7a15a6e6f7b9401246d94c6d
az-realjan-alta	round_robin	61	none	configs/scenarios/fase1/geo9_azure_realjan_alta.yaml	2026-08-07T12:07:52-03:00	2026-08-07T12:08:12-03:00	20.17	19.73	0.30	110440	0	1	363256	36bfe40eed33c8b8cb491894acd6f63c05c13e0d7a15a6e6f7b9401246d94c6d
az-realjan-alta	round_robin	62	none	configs/scenarios/fase1/geo9_azure_realjan_alta.yaml	2026-08-07T12:07:58-03:00	2026-08-07T12:08:17-03:00	19.56	19.19	0.32	110132	0	1	363376	36bfe40eed33c8b8cb491894acd6f63c05c13e0d7a15a6e6f7b9401246d94c6d
az-realjan-alta	round_robin	63	none	configs/scenarios/fase1/geo9_azure_realjan_alta.yaml	2026-08-07T12:08:01-03:00	2026-08-07T12:08:26-03:00	24.89	24.43	0.35	107556	0	1	363459	36bfe40eed33c8b8cb491894acd6f63c05c13e0d7a15a6e6f7b9401246d94c6d
az-realjan-alta	round_robin	64	none	configs/scenarios/fase1/geo9_azure_realjan_alta.yaml	2026-08-07T12:08:04-03:00	2026-08-07T12:08:28-03:00	23.63	23.18	0.34	110876	0	1	363524	36bfe40eed33c8b8cb491894acd6f63c05c13e0d7a15a6e6f7b9401246d94c6d
az-realjan-alta	round_robin	65	none	configs/scenarios/fase1/geo9_azure_realjan_alta.yaml	2026-08-07T12:08:12-03:00	2026-08-07T12:08:37-03:00	25.07	24.60	0.33	110832	0	1	363720	36bfe40eed33c8b8cb491894acd6f63c05c13e0d7a15a6e6f7b9401246d94c6d
az-realjan-alta	round_robin	66	none	configs/scenarios/fase1/geo9_azure_realjan_alta.yaml	2026-08-07T12:08:15-03:00	2026-08-07T12:08:34-03:00	18.84	18.35	0.34	110964	0	1	363782	36bfe40eed33c8b8cb491894acd6f63c05c13e0d7a15a6e6f7b9401246d94c6d
az-realjan-alta	round_robin	67	none	configs/scenarios/fase1/geo9_azure_realjan_alta.yaml	2026-08-07T12:08:16-03:00	2026-08-07T12:08:43-03:00	26.27	25.83	0.37	111440	0	1	363830	36bfe40eed33c8b8cb491894acd6f63c05c13e0d7a15a6e6f7b9401246d94c6d
az-realjan-alta	round_robin	68	none	configs/scenarios/fase1/geo9_azure_realjan_alta.yaml	2026-08-07T12:08:17-03:00	2026-08-07T12:08:30-03:00	12.23	11.87	0.31	110540	0	1	363861	36bfe40eed33c8b8cb491894acd6f63c05c13e0d7a15a6e6f7b9401246d94c6d
az-realjan-alta	round_robin	69	none	configs/scenarios/fase1/geo9_azure_realjan_alta.yaml	2026-08-07T12:08:19-03:00	2026-08-07T12:08:44-03:00	25.49	25.14	0.33	111308	0	1	363894	36bfe40eed33c8b8cb491894acd6f63c05c13e0d7a15a6e6f7b9401246d94c6d
az-realjan-alta	round_robin	70	none	configs/scenarios/fase1/geo9_azure_realjan_alta.yaml	2026-08-07T12:08:26-03:00	2026-08-07T12:08:39-03:00	13.43	13.09	0.27	110428	0	1	364094	36bfe40eed33c8b8cb491894acd6f63c05c13e0d7a15a6e6f7b9401246d94c6d
az-realjan-alta	round_robin	71	none	configs/scenarios/fase1/geo9_azure_realjan_alta.yaml	2026-08-07T12:08:28-03:00	2026-08-07T12:08:53-03:00	25.45	25.05	0.35	111536	0	1	364149	36bfe40eed33c8b8cb491894acd6f63c05c13e0d7a15a6e6f7b9401246d94c6d
az-realjan-alta	worst_fit	52	none	configs/scenarios/fase1/geo9_azure_realjan_alta.yaml	2026-08-07T12:06:17-03:00	2026-08-07T12:06:38-03:00	21.23	20.82	0.34	108440	0	1	360835	36bfe40eed33c8b8cb491894acd6f63c05c13e0d7a15a6e6f7b9401246d94c6d
az-realjan-alta	worst_fit	53	none	configs/scenarios/fase1/geo9_azure_realjan_alta.yaml	2026-08-07T12:06:20-03:00	2026-08-07T12:06:42-03:00	21.07	20.67	0.31	108724	0	1	360935	36bfe40eed33c8b8cb491894acd6f63c05c13e0d7a15a6e6f7b9401246d94c6d
az-realjan-alta	worst_fit	54	none	configs/scenarios/fase1/geo9_azure_realjan_alta.yaml	2026-08-07T12:06:33-03:00	2026-08-07T12:06:57-03:00	24.15	23.55	0.55	109272	0	1	361176	36bfe40eed33c8b8cb491894acd6f63c05c13e0d7a15a6e6f7b9401246d94c6d
az-realjan-alta	worst_fit	55	none	configs/scenarios/fase1/geo9_azure_realjan_alta.yaml	2026-08-07T12:06:33-03:00	2026-08-07T12:06:58-03:00	25.56	25.12	0.34	108784	0	1	361189	36bfe40eed33c8b8cb491894acd6f63c05c13e0d7a15a6e6f7b9401246d94c6d
az-realjan-alta	worst_fit	56	none	configs/scenarios/fase1/geo9_azure_realjan_alta.yaml	2026-08-07T12:06:34-03:00	2026-08-07T12:07:00-03:00	25.48	24.97	0.36	108812	0	1	361287	36bfe40eed33c8b8cb491894acd6f63c05c13e0d7a15a6e6f7b9401246d94c6d
az-realjan-alta	worst_fit	57	none	configs/scenarios/fase1/geo9_azure_realjan_alta.yaml	2026-08-07T12:06:35-03:00	2026-08-07T12:07:00-03:00	24.90	24.53	0.33	108988	0	1	361300	36bfe40eed33c8b8cb491894acd6f63c05c13e0d7a15a6e6f7b9401246d94c6d
az-realjan-alta	worst_fit	58	none	configs/scenarios/fase1/geo9_azure_realjan_alta.yaml	2026-08-07T12:06:38-03:00	2026-08-07T12:07:01-03:00	22.56	22.16	0.32	108524	0	1	361377	36bfe40eed33c8b8cb491894acd6f63c05c13e0d7a15a6e6f7b9401246d94c6d
az-realjan-alta	worst_fit	59	none	configs/scenarios/fase1/geo9_azure_realjan_alta.yaml	2026-08-07T12:06:42-03:00	2026-08-07T12:07:07-03:00	25.89	25.50	0.36	108928	0	1	361455	36bfe40eed33c8b8cb491894acd6f63c05c13e0d7a15a6e6f7b9401246d94c6d
az-realjan-alta	worst_fit	60	none	configs/scenarios/fase1/geo9_azure_realjan_alta.yaml	2026-08-07T12:06:46-03:00	2026-08-07T12:07:09-03:00	22.70	22.30	0.32	108716	0	1	361571	36bfe40eed33c8b8cb491894acd6f63c05c13e0d7a15a6e6f7b9401246d94c6d
az-realjan-alta	worst_fit	61	none	configs/scenarios/fase1/geo9_azure_realjan_alta.yaml	2026-08-07T12:06:57-03:00	2026-08-07T12:07:16-03:00	19.54	19.09	0.32	108428	0	1	361788	36bfe40eed33c8b8cb491894acd6f63c05c13e0d7a15a6e6f7b9401246d94c6d
az-realjan-alta	worst_fit	62	none	configs/scenarios/fase1/geo9_azure_realjan_alta.yaml	2026-08-07T12:06:58-03:00	2026-08-07T12:07:20-03:00	21.66	21.20	0.32	108676	0	1	361822	36bfe40eed33c8b8cb491894acd6f63c05c13e0d7a15a6e6f7b9401246d94c6d
az-realjan-alta	worst_fit	63	none	configs/scenarios/fase1/geo9_azure_realjan_alta.yaml	2026-08-07T12:07:00-03:00	2026-08-07T12:07:23-03:00	23.35	22.90	0.33	108716	0	1	361890	36bfe40eed33c8b8cb491894acd6f63c05c13e0d7a15a6e6f7b9401246d94c6d
az-realjan-alta	worst_fit	64	none	configs/scenarios/fase1/geo9_azure_realjan_alta.yaml	2026-08-07T12:07:00-03:00	2026-08-07T12:07:24-03:00	23.62	23.19	0.36	108620	0	1	361903	36bfe40eed33c8b8cb491894acd6f63c05c13e0d7a15a6e6f7b9401246d94c6d
az-realjan-alta	worst_fit	65	none	configs/scenarios/fase1/geo9_azure_realjan_alta.yaml	2026-08-07T12:07:01-03:00	2026-08-07T12:07:23-03:00	22.48	22.11	0.31	108928	0	1	361937	36bfe40eed33c8b8cb491894acd6f63c05c13e0d7a15a6e6f7b9401246d94c6d
az-realjan-alta	worst_fit	66	none	configs/scenarios/fase1/geo9_azure_realjan_alta.yaml	2026-08-07T12:07:07-03:00	2026-08-07T12:07:31-03:00	23.10	22.72	0.31	109060	0	1	362099	36bfe40eed33c8b8cb491894acd6f63c05c13e0d7a15a6e6f7b9401246d94c6d
az-realjan-alta	worst_fit	67	none	configs/scenarios/fase1/geo9_azure_realjan_alta.yaml	2026-08-07T12:07:09-03:00	2026-08-07T12:07:32-03:00	22.48	22.01	0.30	108804	0	1	362136	36bfe40eed33c8b8cb491894acd6f63c05c13e0d7a15a6e6f7b9401246d94c6d
az-realjan-alta	worst_fit	68	none	configs/scenarios/fase1/geo9_azure_realjan_alta.yaml	2026-08-07T12:07:16-03:00	2026-08-07T12:07:36-03:00	19.34	18.93	0.31	108444	0	1	362327	36bfe40eed33c8b8cb491894acd6f63c05c13e0d7a15a6e6f7b9401246d94c6d
az-realjan-alta	worst_fit	69	none	configs/scenarios/fase1/geo9_azure_realjan_alta.yaml	2026-08-07T12:07:20-03:00	2026-08-07T12:07:40-03:00	20.17	19.71	0.31	108724	0	1	362430	36bfe40eed33c8b8cb491894acd6f63c05c13e0d7a15a6e6f7b9401246d94c6d
az-realjan-alta	worst_fit	70	none	configs/scenarios/fase1/geo9_azure_realjan_alta.yaml	2026-08-07T12:07:23-03:00	2026-08-07T12:07:49-03:00	25.84	25.41	0.32	108488	0	1	362495	36bfe40eed33c8b8cb491894acd6f63c05c13e0d7a15a6e6f7b9401246d94c6d
az-realjan-alta	worst_fit	71	none	configs/scenarios/fase1/geo9_azure_realjan_alta.yaml	2026-08-07T12:07:24-03:00	2026-08-07T12:07:52-03:00	28.19	27.71	0.33	109052	0	1	362519	36bfe40eed33c8b8cb491894acd6f63c05c13e0d7a15a6e6f7b9401246d94c6d
az-realjan-alta	wsnb	52	none	configs/scenarios/fase1/geo9_azure_realjan_alta.yaml	2026-08-07T12:30:00-03:00	2026-08-07T12:30:24-03:00	24.11	23.55	0.53	111716	0	1	392414	36bfe40eed33c8b8cb491894acd6f63c05c13e0d7a15a6e6f7b9401246d94c6d
az-realjan-alta	wsnb	53	none	configs/scenarios/fase1/geo9_azure_realjan_alta.yaml	2026-08-07T12:30:24-03:00	2026-08-07T12:30:43-03:00	19.31	18.86	0.34	111032	0	1	392943	36bfe40eed33c8b8cb491894acd6f63c05c13e0d7a15a6e6f7b9401246d94c6d
az-realjan-alta	wsnb	54	none	configs/scenarios/fase1/geo9_azure_realjan_alta.yaml	2026-08-07T12:30:38-03:00	2026-08-07T12:30:58-03:00	19.46	19.08	0.36	107456	0	1	393246	36bfe40eed33c8b8cb491894acd6f63c05c13e0d7a15a6e6f7b9401246d94c6d
az-realjan-alta	wsnb	55	none	configs/scenarios/fase1/geo9_azure_realjan_alta.yaml	2026-08-07T12:30:43-03:00	2026-08-07T12:31:12-03:00	29.24	28.75	0.37	110232	0	1	393352	36bfe40eed33c8b8cb491894acd6f63c05c13e0d7a15a6e6f7b9401246d94c6d
az-realjan-alta	wsnb	56	none	configs/scenarios/fase1/geo9_azure_realjan_alta.yaml	2026-08-07T12:30:58-03:00	2026-08-07T12:31:18-03:00	20.30	19.87	0.31	106752	0	1	393634	36bfe40eed33c8b8cb491894acd6f63c05c13e0d7a15a6e6f7b9401246d94c6d
az-realjan-alta	wsnb	57	none	configs/scenarios/fase1/geo9_azure_realjan_alta.yaml	2026-08-07T12:31:02-03:00	2026-08-07T12:31:15-03:00	12.88	12.56	0.30	106728	0	1	393748	36bfe40eed33c8b8cb491894acd6f63c05c13e0d7a15a6e6f7b9401246d94c6d
az-realjan-alta	wsnb	58	none	configs/scenarios/fase1/geo9_azure_realjan_alta.yaml	2026-08-07T12:31:12-03:00	2026-08-07T12:31:37-03:00	24.36	23.84	0.36	107720	0	1	393980	36bfe40eed33c8b8cb491894acd6f63c05c13e0d7a15a6e6f7b9401246d94c6d
az-realjan-alta	wsnb	59	none	configs/scenarios/fase1/geo9_azure_realjan_alta.yaml	2026-08-07T12:31:15-03:00	2026-08-07T12:31:36-03:00	20.50	19.96	0.50	111136	0	1	394030	36bfe40eed33c8b8cb491894acd6f63c05c13e0d7a15a6e6f7b9401246d94c6d
az-realjan-alta	wsnb	60	none	configs/scenarios/fase1/geo9_azure_realjan_alta.yaml	2026-08-07T12:31:18-03:00	2026-08-07T12:31:36-03:00	17.72	17.19	0.33	110348	0	1	394112	36bfe40eed33c8b8cb491894acd6f63c05c13e0d7a15a6e6f7b9401246d94c6d
az-realjan-alta	wsnb	61	none	configs/scenarios/fase1/geo9_azure_realjan_alta.yaml	2026-08-07T12:31:36-03:00	2026-08-07T12:32:04-03:00	28.09	27.68	0.39	111600	0	1	394485	36bfe40eed33c8b8cb491894acd6f63c05c13e0d7a15a6e6f7b9401246d94c6d
az-realjan-alta	wsnb	62	none	configs/scenarios/fase1/geo9_azure_realjan_alta.yaml	2026-08-07T12:31:36-03:00	2026-08-07T12:32:05-03:00	29.32	28.83	0.38	110920	0	1	394508	36bfe40eed33c8b8cb491894acd6f63c05c13e0d7a15a6e6f7b9401246d94c6d
az-realjan-alta	wsnb	63	none	configs/scenarios/fase1/geo9_azure_realjan_alta.yaml	2026-08-07T12:31:37-03:00	2026-08-07T12:31:49-03:00	12.02	11.69	0.31	110808	0	1	394528	36bfe40eed33c8b8cb491894acd6f63c05c13e0d7a15a6e6f7b9401246d94c6d
az-realjan-alta	wsnb	64	none	configs/scenarios/fase1/geo9_azure_realjan_alta.yaml	2026-08-07T12:31:49-03:00	2026-08-07T12:32:06-03:00	17.03	16.69	0.31	110992	0	1	394799	36bfe40eed33c8b8cb491894acd6f63c05c13e0d7a15a6e6f7b9401246d94c6d
az-realjan-alta	wsnb	65	none	configs/scenarios/fase1/geo9_azure_realjan_alta.yaml	2026-08-07T12:32:03-03:00	2026-08-07T12:32:30-03:00	27.52	27.02	0.38	111924	0	1	395088	36bfe40eed33c8b8cb491894acd6f63c05c13e0d7a15a6e6f7b9401246d94c6d
az-realjan-alta	wsnb	66	none	configs/scenarios/fase1/geo9_azure_realjan_alta.yaml	2026-08-07T12:32:04-03:00	2026-08-07T12:32:25-03:00	21.55	21.16	0.33	106508	0	1	395122	36bfe40eed33c8b8cb491894acd6f63c05c13e0d7a15a6e6f7b9401246d94c6d
az-realjan-alta	wsnb	67	none	configs/scenarios/fase1/geo9_azure_realjan_alta.yaml	2026-08-07T12:32:05-03:00	2026-08-07T12:32:31-03:00	26.15	25.76	0.35	112984	0	1	395146	36bfe40eed33c8b8cb491894acd6f63c05c13e0d7a15a6e6f7b9401246d94c6d
az-realjan-alta	wsnb	68	none	configs/scenarios/fase1/geo9_azure_realjan_alta.yaml	2026-08-07T12:32:06-03:00	2026-08-07T12:32:26-03:00	20.47	20.02	0.32	106744	0	1	395181	36bfe40eed33c8b8cb491894acd6f63c05c13e0d7a15a6e6f7b9401246d94c6d
az-realjan-alta	wsnb	69	none	configs/scenarios/fase1/geo9_azure_realjan_alta.yaml	2026-08-07T12:32:08-03:00	2026-08-07T12:32:28-03:00	19.87	19.49	0.32	107416	0	1	395226	36bfe40eed33c8b8cb491894acd6f63c05c13e0d7a15a6e6f7b9401246d94c6d
az-realjan-alta	wsnb	70	none	configs/scenarios/fase1/geo9_azure_realjan_alta.yaml	2026-08-07T12:32:15-03:00	2026-08-07T12:32:35-03:00	19.77	19.33	0.31	111040	0	1	395408	36bfe40eed33c8b8cb491894acd6f63c05c13e0d7a15a6e6f7b9401246d94c6d
az-realjan-alta	wsnb	71	none	configs/scenarios/fase1/geo9_azure_realjan_alta.yaml	2026-08-07T12:32:25-03:00	2026-08-07T12:32:47-03:00	21.71	21.26	0.34	106896	0	1	395643	36bfe40eed33c8b8cb491894acd6f63c05c13e0d7a15a6e6f7b9401246d94c6d
az-realjan-folgada	best_fit	52	none	configs/scenarios/fase1/geo9_azure_realjan_folgada.yaml	2026-08-07T12:01:42-03:00	2026-08-07T12:01:44-03:00	1.45	1.30	0.11	43560	0	1	352061	36bfe40eed33c8b8cb491894acd6f63c05c13e0d7a15a6e6f7b9401246d94c6d
az-realjan-folgada	best_fit	53	none	configs/scenarios/fase1/geo9_azure_realjan_folgada.yaml	2026-08-07T12:01:44-03:00	2026-08-07T12:01:45-03:00	1.50	1.36	0.11	43572	0	1	352105	36bfe40eed33c8b8cb491894acd6f63c05c13e0d7a15a6e6f7b9401246d94c6d
az-realjan-folgada	best_fit	54	none	configs/scenarios/fase1/geo9_azure_realjan_folgada.yaml	2026-08-07T12:01:45-03:00	2026-08-07T12:01:47-03:00	1.39	1.27	0.11	43632	0	1	352157	36bfe40eed33c8b8cb491894acd6f63c05c13e0d7a15a6e6f7b9401246d94c6d
az-realjan-folgada	best_fit	55	none	configs/scenarios/fase1/geo9_azure_realjan_folgada.yaml	2026-08-07T12:01:47-03:00	2026-08-07T12:01:48-03:00	1.66	1.54	0.11	43716	0	1	352201	36bfe40eed33c8b8cb491894acd6f63c05c13e0d7a15a6e6f7b9401246d94c6d
az-realjan-folgada	best_fit	56	none	configs/scenarios/fase1/geo9_azure_realjan_folgada.yaml	2026-08-07T12:01:48-03:00	2026-08-07T12:01:50-03:00	1.59	1.45	0.11	43424	0	1	352245	36bfe40eed33c8b8cb491894acd6f63c05c13e0d7a15a6e6f7b9401246d94c6d
az-realjan-folgada	best_fit	57	none	configs/scenarios/fase1/geo9_azure_realjan_folgada.yaml	2026-08-07T12:01:49-03:00	2026-08-07T12:01:50-03:00	1.34	1.25	0.08	43776	0	1	352258	36bfe40eed33c8b8cb491894acd6f63c05c13e0d7a15a6e6f7b9401246d94c6d
az-realjan-folgada	best_fit	58	none	configs/scenarios/fase1/geo9_azure_realjan_folgada.yaml	2026-08-07T12:01:50-03:00	2026-08-07T12:01:51-03:00	1.36	1.24	0.10	43552	0	1	352302	36bfe40eed33c8b8cb491894acd6f63c05c13e0d7a15a6e6f7b9401246d94c6d
az-realjan-folgada	best_fit	59	none	configs/scenarios/fase1/geo9_azure_realjan_folgada.yaml	2026-08-07T12:01:50-03:00	2026-08-07T12:01:51-03:00	1.49	1.40	0.09	43700	0	1	352315	36bfe40eed33c8b8cb491894acd6f63c05c13e0d7a15a6e6f7b9401246d94c6d
az-realjan-folgada	best_fit	60	none	configs/scenarios/fase1/geo9_azure_realjan_folgada.yaml	2026-08-07T12:01:51-03:00	2026-08-07T12:01:53-03:00	1.58	1.45	0.11	43632	0	1	352364	36bfe40eed33c8b8cb491894acd6f63c05c13e0d7a15a6e6f7b9401246d94c6d
az-realjan-folgada	best_fit	61	none	configs/scenarios/fase1/geo9_azure_realjan_folgada.yaml	2026-08-07T12:01:52-03:00	2026-08-07T12:01:53-03:00	1.41	1.28	0.09	43576	0	1	352387	36bfe40eed33c8b8cb491894acd6f63c05c13e0d7a15a6e6f7b9401246d94c6d
az-realjan-folgada	best_fit	62	none	configs/scenarios/fase1/geo9_azure_realjan_folgada.yaml	2026-08-07T12:01:53-03:00	2026-08-07T12:01:54-03:00	1.56	1.45	0.10	43780	0	1	352410	36bfe40eed33c8b8cb491894acd6f63c05c13e0d7a15a6e6f7b9401246d94c6d
az-realjan-folgada	best_fit	63	none	configs/scenarios/fase1/geo9_azure_realjan_folgada.yaml	2026-08-07T12:01:53-03:00	2026-08-07T12:01:54-03:00	1.47	1.36	0.10	43652	0	1	352423	36bfe40eed33c8b8cb491894acd6f63c05c13e0d7a15a6e6f7b9401246d94c6d
az-realjan-folgada	best_fit	64	none	configs/scenarios/fase1/geo9_azure_realjan_folgada.yaml	2026-08-07T12:01:54-03:00	2026-08-07T12:01:56-03:00	1.63	1.50	0.11	43764	0	1	352458	36bfe40eed33c8b8cb491894acd6f63c05c13e0d7a15a6e6f7b9401246d94c6d
az-realjan-folgada	best_fit	65	none	configs/scenarios/fase1/geo9_azure_realjan_folgada.yaml	2026-08-07T12:01:54-03:00	2026-08-07T12:01:56-03:00	1.53	1.42	0.09	43540	0	1	352471	36bfe40eed33c8b8cb491894acd6f63c05c13e0d7a15a6e6f7b9401246d94c6d
az-realjan-folgada	best_fit	66	none	configs/scenarios/fase1/geo9_azure_realjan_folgada.yaml	2026-08-07T12:01:56-03:00	2026-08-07T12:01:58-03:00	1.51	1.42	0.09	43692	0	1	352533	36bfe40eed33c8b8cb491894acd6f63c05c13e0d7a15a6e6f7b9401246d94c6d
az-realjan-folgada	best_fit	67	none	configs/scenarios/fase1/geo9_azure_realjan_folgada.yaml	2026-08-07T12:01:56-03:00	2026-08-07T12:01:58-03:00	1.60	1.51	0.09	43784	0	1	352546	36bfe40eed33c8b8cb491894acd6f63c05c13e0d7a15a6e6f7b9401246d94c6d
az-realjan-folgada	best_fit	68	none	configs/scenarios/fase1/geo9_azure_realjan_folgada.yaml	2026-08-07T12:01:58-03:00	2026-08-07T12:01:59-03:00	1.12	1.02	0.09	43640	0	1	352585	36bfe40eed33c8b8cb491894acd6f63c05c13e0d7a15a6e6f7b9401246d94c6d
az-realjan-folgada	best_fit	69	none	configs/scenarios/fase1/geo9_azure_realjan_folgada.yaml	2026-08-07T12:01:58-03:00	2026-08-07T12:01:59-03:00	1.70	1.57	0.12	43764	0	1	352598	36bfe40eed33c8b8cb491894acd6f63c05c13e0d7a15a6e6f7b9401246d94c6d
az-realjan-folgada	best_fit	70	none	configs/scenarios/fase1/geo9_azure_realjan_folgada.yaml	2026-08-07T12:01:59-03:00	2026-08-07T12:02:00-03:00	1.39	1.29	0.08	43472	0	1	352611	36bfe40eed33c8b8cb491894acd6f63c05c13e0d7a15a6e6f7b9401246d94c6d
az-realjan-folgada	best_fit	71	none	configs/scenarios/fase1/geo9_azure_realjan_folgada.yaml	2026-08-07T12:01:59-03:00	2026-08-07T12:02:01-03:00	1.32	1.19	0.10	43552	0	1	352644	36bfe40eed33c8b8cb491894acd6f63c05c13e0d7a15a6e6f7b9401246d94c6d
az-realjan-folgada	bfd	52	none	configs/scenarios/fase1/geo9_azure_realjan_folgada.yaml	2026-08-07T12:02:41-03:00	2026-08-07T12:02:42-03:00	1.34	1.23	0.10	43556	0	1	354291	36bfe40eed33c8b8cb491894acd6f63c05c13e0d7a15a6e6f7b9401246d94c6d
az-realjan-folgada	bfd	53	none	configs/scenarios/fase1/geo9_azure_realjan_folgada.yaml	2026-08-07T12:02:42-03:00	2026-08-07T12:02:43-03:00	1.38	1.27	0.09	43424	0	1	354323	36bfe40eed33c8b8cb491894acd6f63c05c13e0d7a15a6e6f7b9401246d94c6d
az-realjan-folgada	bfd	54	none	configs/scenarios/fase1/geo9_azure_realjan_folgada.yaml	2026-08-07T12:02:42-03:00	2026-08-07T12:02:43-03:00	1.41	1.31	0.09	58536	0	1	354336	36bfe40eed33c8b8cb491894acd6f63c05c13e0d7a15a6e6f7b9401246d94c6d
az-realjan-folgada	bfd	55	none	configs/scenarios/fase1/geo9_azure_realjan_folgada.yaml	2026-08-07T12:02:42-03:00	2026-08-07T12:02:43-03:00	1.39	1.24	0.10	43440	0	1	354350	36bfe40eed33c8b8cb491894acd6f63c05c13e0d7a15a6e6f7b9401246d94c6d
az-realjan-folgada	bfd	56	none	configs/scenarios/fase1/geo9_azure_realjan_folgada.yaml	2026-08-07T12:02:43-03:00	2026-08-07T12:02:44-03:00	1.42	1.30	0.10	56780	0	1	354391	36bfe40eed33c8b8cb491894acd6f63c05c13e0d7a15a6e6f7b9401246d94c6d
az-realjan-folgada	bfd	57	none	configs/scenarios/fase1/geo9_azure_realjan_folgada.yaml	2026-08-07T12:02:43-03:00	2026-08-07T12:02:45-03:00	1.38	1.26	0.09	43440	0	1	354404	36bfe40eed33c8b8cb491894acd6f63c05c13e0d7a15a6e6f7b9401246d94c6d
az-realjan-folgada	bfd	58	none	configs/scenarios/fase1/geo9_azure_realjan_folgada.yaml	2026-08-07T12:02:43-03:00	2026-08-07T12:02:45-03:00	1.24	1.12	0.09	43472	0	1	354417	36bfe40eed33c8b8cb491894acd6f63c05c13e0d7a15a6e6f7b9401246d94c6d
az-realjan-folgada	bfd	59	none	configs/scenarios/fase1/geo9_azure_realjan_folgada.yaml	2026-08-07T12:02:44-03:00	2026-08-07T12:02:46-03:00	1.15	1.04	0.09	43476	0	1	354450	36bfe40eed33c8b8cb491894acd6f63c05c13e0d7a15a6e6f7b9401246d94c6d
az-realjan-folgada	bfd	60	none	configs/scenarios/fase1/geo9_azure_realjan_folgada.yaml	2026-08-07T12:02:45-03:00	2026-08-07T12:02:46-03:00	1.44	1.32	0.12	43456	0	1	354463	36bfe40eed33c8b8cb491894acd6f63c05c13e0d7a15a6e6f7b9401246d94c6d
az-realjan-folgada	bfd	61	none	configs/scenarios/fase1/geo9_azure_realjan_folgada.yaml	2026-08-07T12:02:45-03:00	2026-08-07T12:02:46-03:00	1.60	1.49	0.10	43520	0	1	354486	36bfe40eed33c8b8cb491894acd6f63c05c13e0d7a15a6e6f7b9401246d94c6d
az-realjan-folgada	bfd	62	none	configs/scenarios/fase1/geo9_azure_realjan_folgada.yaml	2026-08-07T12:02:46-03:00	2026-08-07T12:02:47-03:00	1.20	1.08	0.09	43360	0	1	354499	36bfe40eed33c8b8cb491894acd6f63c05c13e0d7a15a6e6f7b9401246d94c6d
az-realjan-folgada	bfd	63	none	configs/scenarios/fase1/geo9_azure_realjan_folgada.yaml	2026-08-07T12:02:46-03:00	2026-08-07T12:02:47-03:00	1.20	1.09	0.08	43104	0	1	354531	36bfe40eed33c8b8cb491894acd6f63c05c13e0d7a15a6e6f7b9401246d94c6d
az-realjan-folgada	bfd	64	none	configs/scenarios/fase1/geo9_azure_realjan_folgada.yaml	2026-08-07T12:02:46-03:00	2026-08-07T12:02:48-03:00	1.55	1.46	0.09	43484	0	1	354564	36bfe40eed33c8b8cb491894acd6f63c05c13e0d7a15a6e6f7b9401246d94c6d
az-realjan-folgada	bfd	65	none	configs/scenarios/fase1/geo9_azure_realjan_folgada.yaml	2026-08-07T12:02:47-03:00	2026-08-07T12:02:48-03:00	1.39	1.26	0.10	43376	0	1	354585	36bfe40eed33c8b8cb491894acd6f63c05c13e0d7a15a6e6f7b9401246d94c6d
az-realjan-folgada	bfd	66	none	configs/scenarios/fase1/geo9_azure_realjan_folgada.yaml	2026-08-07T12:02:47-03:00	2026-08-07T12:02:48-03:00	1.05	0.96	0.08	43388	0	1	354598	36bfe40eed33c8b8cb491894acd6f63c05c13e0d7a15a6e6f7b9401246d94c6d
az-realjan-folgada	bfd	67	none	configs/scenarios/fase1/geo9_azure_realjan_folgada.yaml	2026-08-07T12:02:48-03:00	2026-08-07T12:02:50-03:00	1.59	1.49	0.09	43520	0	1	354634	36bfe40eed33c8b8cb491894acd6f63c05c13e0d7a15a6e6f7b9401246d94c6d
az-realjan-folgada	bfd	68	none	configs/scenarios/fase1/geo9_azure_realjan_folgada.yaml	2026-08-07T12:02:48-03:00	2026-08-07T12:02:50-03:00	1.56	1.45	0.10	57868	0	1	354658	36bfe40eed33c8b8cb491894acd6f63c05c13e0d7a15a6e6f7b9401246d94c6d
az-realjan-folgada	bfd	69	none	configs/scenarios/fase1/geo9_azure_realjan_folgada.yaml	2026-08-07T12:02:48-03:00	2026-08-07T12:02:49-03:00	1.00	0.91	0.08	43656	0	1	354682	36bfe40eed33c8b8cb491894acd6f63c05c13e0d7a15a6e6f7b9401246d94c6d
az-realjan-folgada	bfd	70	none	configs/scenarios/fase1/geo9_azure_realjan_folgada.yaml	2026-08-07T12:02:49-03:00	2026-08-07T12:02:50-03:00	1.04	0.95	0.08	57316	0	1	354706	36bfe40eed33c8b8cb491894acd6f63c05c13e0d7a15a6e6f7b9401246d94c6d
az-realjan-folgada	bfd	71	none	configs/scenarios/fase1/geo9_azure_realjan_folgada.yaml	2026-08-07T12:02:50-03:00	2026-08-07T12:02:51-03:00	1.47	1.34	0.10	57120	0	1	354719	36bfe40eed33c8b8cb491894acd6f63c05c13e0d7a15a6e6f7b9401246d94c6d
az-realjan-folgada	cnemesis	52	cnemesis	configs/scenarios/fase1/geo9_azure_realjan_folgada.yaml	2026-08-07T12:03:31-03:00	2026-08-07T12:03:33-03:00	1.50	1.40	0.09	46820	0	1	356593	36bfe40eed33c8b8cb491894acd6f63c05c13e0d7a15a6e6f7b9401246d94c6d
az-realjan-folgada	cnemesis	53	cnemesis	configs/scenarios/fase1/geo9_azure_realjan_folgada.yaml	2026-08-07T12:03:33-03:00	2026-08-07T12:03:35-03:00	1.66	1.50	0.12	46824	0	1	356616	36bfe40eed33c8b8cb491894acd6f63c05c13e0d7a15a6e6f7b9401246d94c6d
az-realjan-folgada	cnemesis	54	cnemesis	configs/scenarios/fase1/geo9_azure_realjan_folgada.yaml	2026-08-07T12:03:33-03:00	2026-08-07T12:03:34-03:00	1.51	1.37	0.11	46700	0	1	356629	36bfe40eed33c8b8cb491894acd6f63c05c13e0d7a15a6e6f7b9401246d94c6d
az-realjan-folgada	cnemesis	55	cnemesis	configs/scenarios/fase1/geo9_azure_realjan_folgada.yaml	2026-08-07T12:03:33-03:00	2026-08-07T12:03:35-03:00	1.54	1.41	0.11	46956	0	1	356642	36bfe40eed33c8b8cb491894acd6f63c05c13e0d7a15a6e6f7b9401246d94c6d
az-realjan-folgada	cnemesis	56	cnemesis	configs/scenarios/fase1/geo9_azure_realjan_folgada.yaml	2026-08-07T12:03:33-03:00	2026-08-07T12:03:35-03:00	1.08	0.99	0.09	46864	0	1	356681	36bfe40eed33c8b8cb491894acd6f63c05c13e0d7a15a6e6f7b9401246d94c6d
az-realjan-folgada	cnemesis	57	cnemesis	configs/scenarios/fase1/geo9_azure_realjan_folgada.yaml	2026-08-07T12:03:34-03:00	2026-08-07T12:03:36-03:00	1.71	1.58	0.12	47312	0	1	356702	36bfe40eed33c8b8cb491894acd6f63c05c13e0d7a15a6e6f7b9401246d94c6d
az-realjan-folgada	cnemesis	58	cnemesis	configs/scenarios/fase1/geo9_azure_realjan_folgada.yaml	2026-08-07T12:03:35-03:00	2026-08-07T12:03:36-03:00	1.40	1.26	0.12	47024	0	1	356715	36bfe40eed33c8b8cb491894acd6f63c05c13e0d7a15a6e6f7b9401246d94c6d
az-realjan-folgada	cnemesis	59	cnemesis	configs/scenarios/fase1/geo9_azure_realjan_folgada.yaml	2026-08-07T12:03:35-03:00	2026-08-07T12:03:36-03:00	1.91	1.78	0.11	46740	0	1	356728	36bfe40eed33c8b8cb491894acd6f63c05c13e0d7a15a6e6f7b9401246d94c6d
az-realjan-folgada	cnemesis	60	cnemesis	configs/scenarios/fase1/geo9_azure_realjan_folgada.yaml	2026-08-07T12:03:35-03:00	2026-08-07T12:03:36-03:00	1.77	1.64	0.11	47144	0	1	356741	36bfe40eed33c8b8cb491894acd6f63c05c13e0d7a15a6e6f7b9401246d94c6d
az-realjan-folgada	cnemesis	61	cnemesis	configs/scenarios/fase1/geo9_azure_realjan_folgada.yaml	2026-08-07T12:03:36-03:00	2026-08-07T12:03:37-03:00	1.32	1.21	0.10	46624	0	1	356784	36bfe40eed33c8b8cb491894acd6f63c05c13e0d7a15a6e6f7b9401246d94c6d
az-realjan-folgada	cnemesis	62	cnemesis	configs/scenarios/fase1/geo9_azure_realjan_folgada.yaml	2026-08-07T12:03:36-03:00	2026-08-07T12:03:38-03:00	1.47	1.36	0.10	47008	0	1	356797	36bfe40eed33c8b8cb491894acd6f63c05c13e0d7a15a6e6f7b9401246d94c6d
az-realjan-folgada	cnemesis	63	cnemesis	configs/scenarios/fase1/geo9_azure_realjan_folgada.yaml	2026-08-07T12:03:36-03:00	2026-08-07T12:03:38-03:00	1.52	1.41	0.11	47092	0	1	356829	36bfe40eed33c8b8cb491894acd6f63c05c13e0d7a15a6e6f7b9401246d94c6d
az-realjan-folgada	cnemesis	64	cnemesis	configs/scenarios/fase1/geo9_azure_realjan_folgada.yaml	2026-08-07T12:03:36-03:00	2026-08-07T12:03:38-03:00	1.53	1.41	0.11	46988	0	1	356843	36bfe40eed33c8b8cb491894acd6f63c05c13e0d7a15a6e6f7b9401246d94c6d
az-realjan-folgada	cnemesis	65	cnemesis	configs/scenarios/fase1/geo9_azure_realjan_folgada.yaml	2026-08-07T12:03:37-03:00	2026-08-07T12:03:39-03:00	1.27	1.14	0.11	47080	0	1	356856	36bfe40eed33c8b8cb491894acd6f63c05c13e0d7a15a6e6f7b9401246d94c6d
az-realjan-folgada	cnemesis	66	cnemesis	configs/scenarios/fase1/geo9_azure_realjan_folgada.yaml	2026-08-07T12:03:38-03:00	2026-08-07T12:03:39-03:00	1.59	1.47	0.11	47000	0	1	356887	36bfe40eed33c8b8cb491894acd6f63c05c13e0d7a15a6e6f7b9401246d94c6d
az-realjan-folgada	cnemesis	67	cnemesis	configs/scenarios/fase1/geo9_azure_realjan_folgada.yaml	2026-08-07T12:03:38-03:00	2026-08-07T12:03:40-03:00	1.79	1.63	0.14	46988	0	1	356905	36bfe40eed33c8b8cb491894acd6f63c05c13e0d7a15a6e6f7b9401246d94c6d
az-realjan-folgada	cnemesis	68	cnemesis	configs/scenarios/fase1/geo9_azure_realjan_folgada.yaml	2026-08-07T12:03:38-03:00	2026-08-07T12:03:40-03:00	1.69	1.57	0.11	46864	0	1	356923	36bfe40eed33c8b8cb491894acd6f63c05c13e0d7a15a6e6f7b9401246d94c6d
az-realjan-folgada	cnemesis	69	cnemesis	configs/scenarios/fase1/geo9_azure_realjan_folgada.yaml	2026-08-07T12:03:39-03:00	2026-08-07T12:03:40-03:00	1.21	1.10	0.10	46660	0	1	356936	36bfe40eed33c8b8cb491894acd6f63c05c13e0d7a15a6e6f7b9401246d94c6d
az-realjan-folgada	cnemesis	70	cnemesis	configs/scenarios/fase1/geo9_azure_realjan_folgada.yaml	2026-08-07T12:03:39-03:00	2026-08-07T12:03:41-03:00	1.88	1.75	0.12	46740	0	1	356949	36bfe40eed33c8b8cb491894acd6f63c05c13e0d7a15a6e6f7b9401246d94c6d
az-realjan-folgada	cnemesis	71	cnemesis	configs/scenarios/fase1/geo9_azure_realjan_folgada.yaml	2026-08-07T12:03:40-03:00	2026-08-07T12:03:42-03:00	1.87	1.72	0.13	47012	0	1	356983	36bfe40eed33c8b8cb491894acd6f63c05c13e0d7a15a6e6f7b9401246d94c6d
az-realjan-folgada	ffd	52	none	configs/scenarios/fase1/geo9_azure_realjan_folgada.yaml	2026-08-07T12:02:29-03:00	2026-08-07T12:02:31-03:00	1.38	1.28	0.09	57256	0	1	353794	36bfe40eed33c8b8cb491894acd6f63c05c13e0d7a15a6e6f7b9401246d94c6d
az-realjan-folgada	ffd	53	none	configs/scenarios/fase1/geo9_azure_realjan_folgada.yaml	2026-08-07T12:02:31-03:00	2026-08-07T12:02:32-03:00	1.46	1.34	0.11	58252	0	1	353858	36bfe40eed33c8b8cb491894acd6f63c05c13e0d7a15a6e6f7b9401246d94c6d
az-realjan-folgada	ffd	54	none	configs/scenarios/fase1/geo9_azure_realjan_folgada.yaml	2026-08-07T12:02:31-03:00	2026-08-07T12:02:32-03:00	1.45	1.34	0.10	58052	0	1	353871	36bfe40eed33c8b8cb491894acd6f63c05c13e0d7a15a6e6f7b9401246d94c6d
az-realjan-folgada	ffd	55	none	configs/scenarios/fase1/geo9_azure_realjan_folgada.yaml	2026-08-07T12:02:32-03:00	2026-08-07T12:02:33-03:00	1.03	0.95	0.08	57184	0	1	353906	36bfe40eed33c8b8cb491894acd6f63c05c13e0d7a15a6e6f7b9401246d94c6d
az-realjan-folgada	ffd	56	none	configs/scenarios/fase1/geo9_azure_realjan_folgada.yaml	2026-08-07T12:02:32-03:00	2026-08-07T12:02:34-03:00	1.33	1.20	0.09	57052	0	1	353919	36bfe40eed33c8b8cb491894acd6f63c05c13e0d7a15a6e6f7b9401246d94c6d
az-realjan-folgada	ffd	57	none	configs/scenarios/fase1/geo9_azure_realjan_folgada.yaml	2026-08-07T12:02:33-03:00	2026-08-07T12:02:35-03:00	1.46	1.33	0.10	57816	0	1	353944	36bfe40eed33c8b8cb491894acd6f63c05c13e0d7a15a6e6f7b9401246d94c6d
az-realjan-folgada	ffd	58	none	configs/scenarios/fase1/geo9_azure_realjan_folgada.yaml	2026-08-07T12:02:34-03:00	2026-08-07T12:02:35-03:00	1.36	1.25	0.11	57012	0	1	353970	36bfe40eed33c8b8cb491894acd6f63c05c13e0d7a15a6e6f7b9401246d94c6d
az-realjan-folgada	ffd	59	none	configs/scenarios/fase1/geo9_azure_realjan_folgada.yaml	2026-08-07T12:02:35-03:00	2026-08-07T12:02:36-03:00	1.31	1.21	0.09	58012	0	1	354011	36bfe40eed33c8b8cb491894acd6f63c05c13e0d7a15a6e6f7b9401246d94c6d
az-realjan-folgada	ffd	60	none	configs/scenarios/fase1/geo9_azure_realjan_folgada.yaml	2026-08-07T12:02:35-03:00	2026-08-07T12:02:36-03:00	1.28	1.17	0.10	56996	0	1	354024	36bfe40eed33c8b8cb491894acd6f63c05c13e0d7a15a6e6f7b9401246d94c6d
az-realjan-folgada	ffd	61	none	configs/scenarios/fase1/geo9_azure_realjan_folgada.yaml	2026-08-07T12:02:36-03:00	2026-08-07T12:02:37-03:00	1.40	1.29	0.10	57828	0	1	354066	36bfe40eed33c8b8cb491894acd6f63c05c13e0d7a15a6e6f7b9401246d94c6d
az-realjan-folgada	ffd	62	none	configs/scenarios/fase1/geo9_azure_realjan_folgada.yaml	2026-08-07T12:02:36-03:00	2026-08-07T12:02:38-03:00	1.48	1.33	0.10	57132	0	1	354089	36bfe40eed33c8b8cb491894acd6f63c05c13e0d7a15a6e6f7b9401246d94c6d
az-realjan-folgada	ffd	63	none	configs/scenarios/fase1/geo9_azure_realjan_folgada.yaml	2026-08-07T12:02:36-03:00	2026-08-07T12:02:38-03:00	1.40	1.29	0.10	58144	0	1	354102	36bfe40eed33c8b8cb491894acd6f63c05c13e0d7a15a6e6f7b9401246d94c6d
az-realjan-folgada	ffd	64	none	configs/scenarios/fase1/geo9_azure_realjan_folgada.yaml	2026-08-07T12:02:37-03:00	2026-08-07T12:02:39-03:00	1.31	1.19	0.09	57120	0	1	354125	36bfe40eed33c8b8cb491894acd6f63c05c13e0d7a15a6e6f7b9401246d94c6d
az-realjan-folgada	ffd	65	none	configs/scenarios/fase1/geo9_azure_realjan_folgada.yaml	2026-08-07T12:02:38-03:00	2026-08-07T12:02:39-03:00	1.45	1.33	0.11	57704	0	1	354138	36bfe40eed33c8b8cb491894acd6f63c05c13e0d7a15a6e6f7b9401246d94c6d
az-realjan-folgada	ffd	66	none	configs/scenarios/fase1/geo9_azure_realjan_folgada.yaml	2026-08-07T12:02:38-03:00	2026-08-07T12:02:39-03:00	1.37	1.24	0.09	58460	0	1	354151	36bfe40eed33c8b8cb491894acd6f63c05c13e0d7a15a6e6f7b9401246d94c6d
az-realjan-folgada	ffd	67	none	configs/scenarios/fase1/geo9_azure_realjan_folgada.yaml	2026-08-07T12:02:39-03:00	2026-08-07T12:02:40-03:00	1.42	1.31	0.10	58100	0	1	354194	36bfe40eed33c8b8cb491894acd6f63c05c13e0d7a15a6e6f7b9401246d94c6d
az-realjan-folgada	ffd	68	none	configs/scenarios/fase1/geo9_azure_realjan_folgada.yaml	2026-08-07T12:02:39-03:00	2026-08-07T12:02:41-03:00	1.44	1.31	0.11	58112	0	1	354207	36bfe40eed33c8b8cb491894acd6f63c05c13e0d7a15a6e6f7b9401246d94c6d
az-realjan-folgada	ffd	69	none	configs/scenarios/fase1/geo9_azure_realjan_folgada.yaml	2026-08-07T12:02:39-03:00	2026-08-07T12:02:41-03:00	1.50	1.34	0.11	58372	0	1	354220	36bfe40eed33c8b8cb491894acd6f63c05c13e0d7a15a6e6f7b9401246d94c6d
az-realjan-folgada	ffd	70	none	configs/scenarios/fase1/geo9_azure_realjan_folgada.yaml	2026-08-07T12:02:40-03:00	2026-08-07T12:02:42-03:00	1.39	1.25	0.11	57064	0	1	354254	36bfe40eed33c8b8cb491894acd6f63c05c13e0d7a15a6e6f7b9401246d94c6d
az-realjan-folgada	ffd	71	none	configs/scenarios/fase1/geo9_azure_realjan_folgada.yaml	2026-08-07T12:02:41-03:00	2026-08-07T12:02:42-03:00	1.18	1.07	0.11	56996	0	1	354268	36bfe40eed33c8b8cb491894acd6f63c05c13e0d7a15a6e6f7b9401246d94c6d
az-realjan-folgada	first_fit	52	none	configs/scenarios/fase1/geo9_azure_realjan_folgada.yaml	2026-08-07T12:01:13-03:00	2026-08-07T12:01:15-03:00	1.38	1.28	0.10	57656	0	1	351170	36bfe40eed33c8b8cb491894acd6f63c05c13e0d7a15a6e6f7b9401246d94c6d
az-realjan-folgada	first_fit	53	none	configs/scenarios/fase1/geo9_azure_realjan_folgada.yaml	2026-08-07T12:01:15-03:00	2026-08-07T12:01:16-03:00	1.50	1.33	0.11	58616	0	1	351204	36bfe40eed33c8b8cb491894acd6f63c05c13e0d7a15a6e6f7b9401246d94c6d
az-realjan-folgada	first_fit	54	none	configs/scenarios/fase1/geo9_azure_realjan_folgada.yaml	2026-08-07T12:01:16-03:00	2026-08-07T12:01:18-03:00	1.49	1.36	0.11	58040	0	1	351265	36bfe40eed33c8b8cb491894acd6f63c05c13e0d7a15a6e6f7b9401246d94c6d
az-realjan-folgada	first_fit	55	none	configs/scenarios/fase1/geo9_azure_realjan_folgada.yaml	2026-08-07T12:01:18-03:00	2026-08-07T12:01:19-03:00	1.41	1.26	0.11	57744	0	1	351318	36bfe40eed33c8b8cb491894acd6f63c05c13e0d7a15a6e6f7b9401246d94c6d
az-realjan-folgada	first_fit	56	none	configs/scenarios/fase1/geo9_azure_realjan_folgada.yaml	2026-08-07T12:01:19-03:00	2026-08-07T12:01:20-03:00	1.44	1.32	0.11	56952	0	1	351362	36bfe40eed33c8b8cb491894acd6f63c05c13e0d7a15a6e6f7b9401246d94c6d
az-realjan-folgada	first_fit	57	none	configs/scenarios/fase1/geo9_azure_realjan_folgada.yaml	2026-08-07T12:01:20-03:00	2026-08-07T12:01:22-03:00	1.30	1.22	0.08	58080	0	1	351415	36bfe40eed33c8b8cb491894acd6f63c05c13e0d7a15a6e6f7b9401246d94c6d
az-realjan-folgada	first_fit	58	none	configs/scenarios/fase1/geo9_azure_realjan_folgada.yaml	2026-08-07T12:01:22-03:00	2026-08-07T12:01:23-03:00	1.34	1.21	0.10	57216	0	1	351448	36bfe40eed33c8b8cb491894acd6f63c05c13e0d7a15a6e6f7b9401246d94c6d
az-realjan-folgada	first_fit	59	none	configs/scenarios/fase1/geo9_azure_realjan_folgada.yaml	2026-08-07T12:01:23-03:00	2026-08-07T12:01:25-03:00	1.47	1.33	0.11	58472	0	1	351493	36bfe40eed33c8b8cb491894acd6f63c05c13e0d7a15a6e6f7b9401246d94c6d
az-realjan-folgada	first_fit	60	none	configs/scenarios/fase1/geo9_azure_realjan_folgada.yaml	2026-08-07T12:01:25-03:00	2026-08-07T12:01:26-03:00	1.41	1.31	0.09	57252	0	1	351528	36bfe40eed33c8b8cb491894acd6f63c05c13e0d7a15a6e6f7b9401246d94c6d
az-realjan-folgada	first_fit	61	none	configs/scenarios/fase1/geo9_azure_realjan_folgada.yaml	2026-08-07T12:01:26-03:00	2026-08-07T12:01:28-03:00	1.50	1.37	0.11	58412	0	1	351577	36bfe40eed33c8b8cb491894acd6f63c05c13e0d7a15a6e6f7b9401246d94c6d
az-realjan-folgada	first_fit	62	none	configs/scenarios/fase1/geo9_azure_realjan_folgada.yaml	2026-08-07T12:01:28-03:00	2026-08-07T12:01:29-03:00	1.60	1.40	0.12	57260	0	1	351620	36bfe40eed33c8b8cb491894acd6f63c05c13e0d7a15a6e6f7b9401246d94c6d
az-realjan-folgada	first_fit	63	none	configs/scenarios/fase1/geo9_azure_realjan_folgada.yaml	2026-08-07T12:01:29-03:00	2026-08-07T12:01:31-03:00	1.55	1.39	0.12	58516	0	1	351662	36bfe40eed33c8b8cb491894acd6f63c05c13e0d7a15a6e6f7b9401246d94c6d
az-realjan-folgada	first_fit	64	none	configs/scenarios/fase1/geo9_azure_realjan_folgada.yaml	2026-08-07T12:01:31-03:00	2026-08-07T12:01:32-03:00	1.50	1.39	0.09	57520	0	1	351724	36bfe40eed33c8b8cb491894acd6f63c05c13e0d7a15a6e6f7b9401246d94c6d
az-realjan-folgada	first_fit	65	none	configs/scenarios/fase1/geo9_azure_realjan_folgada.yaml	2026-08-07T12:01:32-03:00	2026-08-07T12:01:34-03:00	1.42	1.28	0.12	58108	0	1	351756	36bfe40eed33c8b8cb491894acd6f63c05c13e0d7a15a6e6f7b9401246d94c6d
az-realjan-folgada	first_fit	66	none	configs/scenarios/fase1/geo9_azure_realjan_folgada.yaml	2026-08-07T12:01:34-03:00	2026-08-07T12:01:35-03:00	1.46	1.35	0.10	58920	0	1	351805	36bfe40eed33c8b8cb491894acd6f63c05c13e0d7a15a6e6f7b9401246d94c6d
az-realjan-folgada	first_fit	67	none	configs/scenarios/fase1/geo9_azure_realjan_folgada.yaml	2026-08-07T12:01:35-03:00	2026-08-07T12:01:37-03:00	1.38	1.25	0.10	58736	0	1	351867	36bfe40eed33c8b8cb491894acd6f63c05c13e0d7a15a6e6f7b9401246d94c6d
az-realjan-folgada	first_fit	68	none	configs/scenarios/fase1/geo9_azure_realjan_folgada.yaml	2026-08-07T12:01:37-03:00	2026-08-07T12:01:38-03:00	1.38	1.24	0.11	58284	0	1	351899	36bfe40eed33c8b8cb491894acd6f63c05c13e0d7a15a6e6f7b9401246d94c6d
az-realjan-folgada	first_fit	69	none	configs/scenarios/fase1/geo9_azure_realjan_folgada.yaml	2026-08-07T12:01:38-03:00	2026-08-07T12:01:39-03:00	1.40	1.24	0.12	58896	0	1	351932	36bfe40eed33c8b8cb491894acd6f63c05c13e0d7a15a6e6f7b9401246d94c6d
az-realjan-folgada	first_fit	70	none	configs/scenarios/fase1/geo9_azure_realjan_folgada.yaml	2026-08-07T12:01:39-03:00	2026-08-07T12:01:41-03:00	1.43	1.27	0.11	57292	0	1	351975	36bfe40eed33c8b8cb491894acd6f63c05c13e0d7a15a6e6f7b9401246d94c6d
az-realjan-folgada	first_fit	71	none	configs/scenarios/fase1/geo9_azure_realjan_folgada.yaml	2026-08-07T12:01:41-03:00	2026-08-07T12:01:42-03:00	1.35	1.19	0.11	57472	0	1	352028	36bfe40eed33c8b8cb491894acd6f63c05c13e0d7a15a6e6f7b9401246d94c6d
az-realjan-folgada	follow_renewables	52	follow_renewables	configs/scenarios/fase1/geo9_azure_realjan_folgada.yaml	2026-08-07T12:02:59-03:00	2026-08-07T12:03:00-03:00	1.44	1.33	0.10	58052	0	1	355177	36bfe40eed33c8b8cb491894acd6f63c05c13e0d7a15a6e6f7b9401246d94c6d
az-realjan-folgada	follow_renewables	53	follow_renewables	configs/scenarios/fase1/geo9_azure_realjan_folgada.yaml	2026-08-07T12:03:00-03:00	2026-08-07T12:03:01-03:00	1.41	1.31	0.09	58956	0	1	355204	36bfe40eed33c8b8cb491894acd6f63c05c13e0d7a15a6e6f7b9401246d94c6d
az-realjan-folgada	follow_renewables	54	follow_renewables	configs/scenarios/fase1/geo9_azure_realjan_folgada.yaml	2026-08-07T12:03:00-03:00	2026-08-07T12:03:01-03:00	1.17	1.05	0.11	58688	0	1	355214	36bfe40eed33c8b8cb491894acd6f63c05c13e0d7a15a6e6f7b9401246d94c6d
az-realjan-folgada	follow_renewables	55	follow_renewables	configs/scenarios/fase1/geo9_azure_realjan_folgada.yaml	2026-08-07T12:03:00-03:00	2026-08-07T12:03:02-03:00	1.45	1.32	0.11	57924	0	1	355227	36bfe40eed33c8b8cb491894acd6f63c05c13e0d7a15a6e6f7b9401246d94c6d
az-realjan-folgada	follow_renewables	56	follow_renewables	configs/scenarios/fase1/geo9_azure_realjan_folgada.yaml	2026-08-07T12:03:01-03:00	2026-08-07T12:03:02-03:00	1.27	1.17	0.10	57700	0	1	355277	36bfe40eed33c8b8cb491894acd6f63c05c13e0d7a15a6e6f7b9401246d94c6d
az-realjan-folgada	follow_renewables	57	follow_renewables	configs/scenarios/fase1/geo9_azure_realjan_folgada.yaml	2026-08-07T12:03:01-03:00	2026-08-07T12:03:03-03:00	1.49	1.33	0.12	58496	0	1	355300	36bfe40eed33c8b8cb491894acd6f63c05c13e0d7a15a6e6f7b9401246d94c6d
az-realjan-folgada	follow_renewables	58	follow_renewables	configs/scenarios/fase1/geo9_azure_realjan_folgada.yaml	2026-08-07T12:03:02-03:00	2026-08-07T12:03:03-03:00	1.49	1.38	0.10	57884	0	1	355314	36bfe40eed33c8b8cb491894acd6f63c05c13e0d7a15a6e6f7b9401246d94c6d
az-realjan-folgada	follow_renewables	59	follow_renewables	configs/scenarios/fase1/geo9_azure_realjan_folgada.yaml	2026-08-07T12:03:02-03:00	2026-08-07T12:03:04-03:00	1.38	1.27	0.09	58864	0	1	355328	36bfe40eed33c8b8cb491894acd6f63c05c13e0d7a15a6e6f7b9401246d94c6d
az-realjan-folgada	follow_renewables	60	follow_renewables	configs/scenarios/fase1/geo9_azure_realjan_folgada.yaml	2026-08-07T12:03:03-03:00	2026-08-07T12:03:04-03:00	1.53	1.39	0.10	57804	0	1	355361	36bfe40eed33c8b8cb491894acd6f63c05c13e0d7a15a6e6f7b9401246d94c6d
az-realjan-folgada	follow_renewables	61	follow_renewables	configs/scenarios/fase1/geo9_azure_realjan_folgada.yaml	2026-08-07T12:03:03-03:00	2026-08-07T12:03:05-03:00	1.44	1.28	0.11	58708	0	1	355384	36bfe40eed33c8b8cb491894acd6f63c05c13e0d7a15a6e6f7b9401246d94c6d
az-realjan-folgada	follow_renewables	62	follow_renewables	configs/scenarios/fase1/geo9_azure_realjan_folgada.yaml	2026-08-07T12:03:04-03:00	2026-08-07T12:03:05-03:00	1.49	1.35	0.12	57808	0	1	355397	36bfe40eed33c8b8cb491894acd6f63c05c13e0d7a15a6e6f7b9401246d94c6d
az-realjan-folgada	follow_renewables	63	follow_renewables	configs/scenarios/fase1/geo9_azure_realjan_folgada.yaml	2026-08-07T12:03:04-03:00	2026-08-07T12:03:06-03:00	1.42	1.31	0.10	58612	0	1	355410	36bfe40eed33c8b8cb491894acd6f63c05c13e0d7a15a6e6f7b9401246d94c6d
az-realjan-folgada	follow_renewables	64	follow_renewables	configs/scenarios/fase1/geo9_azure_realjan_folgada.yaml	2026-08-07T12:03:05-03:00	2026-08-07T12:03:06-03:00	1.24	1.14	0.10	57872	0	1	355443	36bfe40eed33c8b8cb491894acd6f63c05c13e0d7a15a6e6f7b9401246d94c6d
az-realjan-folgada	follow_renewables	65	follow_renewables	configs/scenarios/fase1/geo9_azure_realjan_folgada.yaml	2026-08-07T12:03:05-03:00	2026-08-07T12:03:07-03:00	1.40	1.26	0.13	58372	0	1	355466	36bfe40eed33c8b8cb491894acd6f63c05c13e0d7a15a6e6f7b9401246d94c6d
az-realjan-folgada	follow_renewables	66	follow_renewables	configs/scenarios/fase1/geo9_azure_realjan_folgada.yaml	2026-08-07T12:03:06-03:00	2026-08-07T12:03:07-03:00	1.51	1.37	0.11	59156	0	1	355479	36bfe40eed33c8b8cb491894acd6f63c05c13e0d7a15a6e6f7b9401246d94c6d
az-realjan-folgada	follow_renewables	67	follow_renewables	configs/scenarios/fase1/geo9_azure_realjan_folgada.yaml	2026-08-07T12:03:06-03:00	2026-08-07T12:03:08-03:00	1.40	1.26	0.11	58952	0	1	355512	36bfe40eed33c8b8cb491894acd6f63c05c13e0d7a15a6e6f7b9401246d94c6d
az-realjan-folgada	follow_renewables	68	follow_renewables	configs/scenarios/fase1/geo9_azure_realjan_folgada.yaml	2026-08-07T12:03:07-03:00	2026-08-07T12:03:08-03:00	1.52	1.38	0.12	58644	0	1	355548	36bfe40eed33c8b8cb491894acd6f63c05c13e0d7a15a6e6f7b9401246d94c6d
az-realjan-folgada	follow_renewables	69	follow_renewables	configs/scenarios/fase1/geo9_azure_realjan_folgada.yaml	2026-08-07T12:03:07-03:00	2026-08-07T12:03:09-03:00	1.48	1.36	0.11	59156	0	1	355572	36bfe40eed33c8b8cb491894acd6f63c05c13e0d7a15a6e6f7b9401246d94c6d
az-realjan-folgada	follow_renewables	70	follow_renewables	configs/scenarios/fase1/geo9_azure_realjan_folgada.yaml	2026-08-07T12:03:08-03:00	2026-08-07T12:03:09-03:00	1.48	1.36	0.11	57736	0	1	355585	36bfe40eed33c8b8cb491894acd6f63c05c13e0d7a15a6e6f7b9401246d94c6d
az-realjan-folgada	follow_renewables	71	follow_renewables	configs/scenarios/fase1/geo9_azure_realjan_folgada.yaml	2026-08-07T12:03:08-03:00	2026-08-07T12:03:10-03:00	1.49	1.34	0.11	57836	0	1	355598	36bfe40eed33c8b8cb491894acd6f63c05c13e0d7a15a6e6f7b9401246d94c6d
az-realjan-folgada	followme_s	52	followme_s	configs/scenarios/fase1/geo9_azure_realjan_folgada.yaml	2026-08-07T12:03:19-03:00	2026-08-07T12:03:21-03:00	1.71	1.59	0.12	51240	0	1	356090	36bfe40eed33c8b8cb491894acd6f63c05c13e0d7a15a6e6f7b9401246d94c6d
az-realjan-folgada	followme_s	53	followme_s	configs/scenarios/fase1/geo9_azure_realjan_folgada.yaml	2026-08-07T12:03:19-03:00	2026-08-07T12:03:21-03:00	2.07	1.91	0.14	51268	0	1	356103	36bfe40eed33c8b8cb491894acd6f63c05c13e0d7a15a6e6f7b9401246d94c6d
az-realjan-folgada	followme_s	54	followme_s	configs/scenarios/fase1/geo9_azure_realjan_folgada.yaml	2026-08-07T12:03:21-03:00	2026-08-07T12:03:23-03:00	2.29	2.14	0.14	52180	0	1	356127	36bfe40eed33c8b8cb491894acd6f63c05c13e0d7a15a6e6f7b9401246d94c6d
az-realjan-folgada	followme_s	55	followme_s	configs/scenarios/fase1/geo9_azure_realjan_folgada.yaml	2026-08-07T12:03:21-03:00	2026-08-07T12:03:23-03:00	2.06	1.91	0.13	50928	0	1	356140	36bfe40eed33c8b8cb491894acd6f63c05c13e0d7a15a6e6f7b9401246d94c6d
az-realjan-folgada	followme_s	56	followme_s	configs/scenarios/fase1/geo9_azure_realjan_folgada.yaml	2026-08-07T12:03:21-03:00	2026-08-07T12:03:24-03:00	2.76	2.60	0.14	51348	0	1	356191	36bfe40eed33c8b8cb491894acd6f63c05c13e0d7a15a6e6f7b9401246d94c6d
az-realjan-folgada	followme_s	57	followme_s	configs/scenarios/fase1/geo9_azure_realjan_folgada.yaml	2026-08-07T12:03:23-03:00	2026-08-07T12:03:25-03:00	1.85	1.70	0.13	50708	0	1	356217	36bfe40eed33c8b8cb491894acd6f63c05c13e0d7a15a6e6f7b9401246d94c6d
az-realjan-folgada	followme_s	58	followme_s	configs/scenarios/fase1/geo9_azure_realjan_folgada.yaml	2026-08-07T12:03:23-03:00	2026-08-07T12:03:25-03:00	2.33	2.19	0.13	51952	0	1	356230	36bfe40eed33c8b8cb491894acd6f63c05c13e0d7a15a6e6f7b9401246d94c6d
az-realjan-folgada	followme_s	59	followme_s	configs/scenarios/fase1/geo9_azure_realjan_folgada.yaml	2026-08-07T12:03:24-03:00	2026-08-07T12:03:26-03:00	2.14	1.98	0.13	51296	0	1	356274	36bfe40eed33c8b8cb491894acd6f63c05c13e0d7a15a6e6f7b9401246d94c6d
az-realjan-folgada	followme_s	60	followme_s	configs/scenarios/fase1/geo9_azure_realjan_folgada.yaml	2026-08-07T12:03:25-03:00	2026-08-07T12:03:26-03:00	1.43	1.31	0.11	51200	0	1	356287	36bfe40eed33c8b8cb491894acd6f63c05c13e0d7a15a6e6f7b9401246d94c6d
az-realjan-folgada	followme_s	61	followme_s	configs/scenarios/fase1/geo9_azure_realjan_folgada.yaml	2026-08-07T12:03:25-03:00	2026-08-07T12:03:27-03:00	1.88	1.73	0.14	51688	0	1	356318	36bfe40eed33c8b8cb491894acd6f63c05c13e0d7a15a6e6f7b9401246d94c6d
az-realjan-folgada	followme_s	62	followme_s	configs/scenarios/fase1/geo9_azure_realjan_folgada.yaml	2026-08-07T12:03:26-03:00	2026-08-07T12:03:29-03:00	2.44	2.25	0.14	51756	0	1	356341	36bfe40eed33c8b8cb491894acd6f63c05c13e0d7a15a6e6f7b9401246d94c6d
az-realjan-folgada	followme_s	63	followme_s	configs/scenarios/fase1/geo9_azure_realjan_folgada.yaml	2026-08-07T12:03:26-03:00	2026-08-07T12:03:29-03:00	2.46	2.28	0.17	51612	0	1	356354	36bfe40eed33c8b8cb491894acd6f63c05c13e0d7a15a6e6f7b9401246d94c6d
az-realjan-folgada	followme_s	64	followme_s	configs/scenarios/fase1/geo9_azure_realjan_folgada.yaml	2026-08-07T12:03:27-03:00	2026-08-07T12:03:29-03:00	1.96	1.81	0.14	50980	0	1	356407	36bfe40eed33c8b8cb491894acd6f63c05c13e0d7a15a6e6f7b9401246d94c6d
az-realjan-folgada	followme_s	65	followme_s	configs/scenarios/fase1/geo9_azure_realjan_folgada.yaml	2026-08-07T12:03:29-03:00	2026-08-07T12:03:30-03:00	1.68	1.53	0.12	50960	0	1	356430	36bfe40eed33c8b8cb491894acd6f63c05c13e0d7a15a6e6f7b9401246d94c6d
az-realjan-folgada	followme_s	66	followme_s	configs/scenarios/fase1/geo9_azure_realjan_folgada.yaml	2026-08-07T12:03:29-03:00	2026-08-07T12:03:31-03:00	2.76	2.60	0.15	51212	0	1	356443	36bfe40eed33c8b8cb491894acd6f63c05c13e0d7a15a6e6f7b9401246d94c6d
az-realjan-folgada	followme_s	67	followme_s	configs/scenarios/fase1/geo9_azure_realjan_folgada.yaml	2026-08-07T12:03:29-03:00	2026-08-07T12:03:31-03:00	1.99	1.83	0.14	51476	0	1	356456	36bfe40eed33c8b8cb491894acd6f63c05c13e0d7a15a6e6f7b9401246d94c6d
az-realjan-folgada	followme_s	68	followme_s	configs/scenarios/fase1/geo9_azure_realjan_folgada.yaml	2026-08-07T12:03:29-03:00	2026-08-07T12:03:31-03:00	1.69	1.54	0.14	51356	0	1	356491	36bfe40eed33c8b8cb491894acd6f63c05c13e0d7a15a6e6f7b9401246d94c6d
az-realjan-folgada	followme_s	69	followme_s	configs/scenarios/fase1/geo9_azure_realjan_folgada.yaml	2026-08-07T12:03:30-03:00	2026-08-07T12:03:33-03:00	2.49	2.32	0.15	50568	0	1	356514	36bfe40eed33c8b8cb491894acd6f63c05c13e0d7a15a6e6f7b9401246d94c6d
az-realjan-folgada	followme_s	70	followme_s	configs/scenarios/fase1/geo9_azure_realjan_folgada.yaml	2026-08-07T12:03:31-03:00	2026-08-07T12:03:33-03:00	1.95	1.79	0.14	51136	0	1	356527	36bfe40eed33c8b8cb491894acd6f63c05c13e0d7a15a6e6f7b9401246d94c6d
az-realjan-folgada	followme_s	71	followme_s	configs/scenarios/fase1/geo9_azure_realjan_folgada.yaml	2026-08-07T12:03:31-03:00	2026-08-07T12:03:33-03:00	2.31	2.14	0.14	51300	0	1	356540	36bfe40eed33c8b8cb491894acd6f63c05c13e0d7a15a6e6f7b9401246d94c6d
az-realjan-folgada	lowest_carbon_dc	52	none	configs/scenarios/fase1/geo9_azure_realjan_folgada.yaml	2026-08-07T12:02:50-03:00	2026-08-07T12:02:51-03:00	1.37	1.25	0.11	58020	0	1	354732	36bfe40eed33c8b8cb491894acd6f63c05c13e0d7a15a6e6f7b9401246d94c6d
az-realjan-folgada	lowest_carbon_dc	53	none	configs/scenarios/fase1/geo9_azure_realjan_folgada.yaml	2026-08-07T12:02:50-03:00	2026-08-07T12:02:52-03:00	1.25	1.13	0.10	58880	0	1	354766	36bfe40eed33c8b8cb491894acd6f63c05c13e0d7a15a6e6f7b9401246d94c6d
az-realjan-folgada	lowest_carbon_dc	54	none	configs/scenarios/fase1/geo9_azure_realjan_folgada.yaml	2026-08-07T12:02:51-03:00	2026-08-07T12:02:53-03:00	1.69	1.54	0.11	58548	0	1	354808	36bfe40eed33c8b8cb491894acd6f63c05c13e0d7a15a6e6f7b9401246d94c6d
az-realjan-folgada	lowest_carbon_dc	55	none	configs/scenarios/fase1/geo9_azure_realjan_folgada.yaml	2026-08-07T12:02:51-03:00	2026-08-07T12:02:52-03:00	1.26	1.14	0.12	57960	0	1	354821	36bfe40eed33c8b8cb491894acd6f63c05c13e0d7a15a6e6f7b9401246d94c6d
az-realjan-folgada	lowest_carbon_dc	56	none	configs/scenarios/fase1/geo9_azure_realjan_folgada.yaml	2026-08-07T12:02:52-03:00	2026-08-07T12:02:53-03:00	1.33	1.21	0.10	57800	0	1	354834	36bfe40eed33c8b8cb491894acd6f63c05c13e0d7a15a6e6f7b9401246d94c6d
az-realjan-folgada	lowest_carbon_dc	57	none	configs/scenarios/fase1/geo9_azure_realjan_folgada.yaml	2026-08-07T12:02:52-03:00	2026-08-07T12:02:54-03:00	1.50	1.38	0.10	58408	0	1	354868	36bfe40eed33c8b8cb491894acd6f63c05c13e0d7a15a6e6f7b9401246d94c6d
az-realjan-folgada	lowest_carbon_dc	58	none	configs/scenarios/fase1/geo9_azure_realjan_folgada.yaml	2026-08-07T12:02:53-03:00	2026-08-07T12:02:54-03:00	0.96	0.86	0.09	57844	0	1	354881	36bfe40eed33c8b8cb491894acd6f63c05c13e0d7a15a6e6f7b9401246d94c6d
az-realjan-folgada	lowest_carbon_dc	59	none	configs/scenarios/fase1/geo9_azure_realjan_folgada.yaml	2026-08-07T12:02:53-03:00	2026-08-07T12:02:54-03:00	1.42	1.28	0.12	58744	0	1	354905	36bfe40eed33c8b8cb491894acd6f63c05c13e0d7a15a6e6f7b9401246d94c6d
az-realjan-folgada	lowest_carbon_dc	60	none	configs/scenarios/fase1/geo9_azure_realjan_folgada.yaml	2026-08-07T12:02:54-03:00	2026-08-07T12:02:55-03:00	1.03	0.93	0.09	57596	0	1	354918	36bfe40eed33c8b8cb491894acd6f63c05c13e0d7a15a6e6f7b9401246d94c6d
az-realjan-folgada	lowest_carbon_dc	61	none	configs/scenarios/fase1/geo9_azure_realjan_folgada.yaml	2026-08-07T12:02:54-03:00	2026-08-07T12:02:56-03:00	1.61	1.48	0.12	58704	0	1	354931	36bfe40eed33c8b8cb491894acd6f63c05c13e0d7a15a6e6f7b9401246d94c6d
az-realjan-folgada	lowest_carbon_dc	62	none	configs/scenarios/fase1/geo9_azure_realjan_folgada.yaml	2026-08-07T12:02:54-03:00	2026-08-07T12:02:56-03:00	1.50	1.37	0.11	57884	0	1	354966	36bfe40eed33c8b8cb491894acd6f63c05c13e0d7a15a6e6f7b9401246d94c6d
az-realjan-folgada	lowest_carbon_dc	63	none	configs/scenarios/fase1/geo9_azure_realjan_folgada.yaml	2026-08-07T12:02:55-03:00	2026-08-07T12:02:56-03:00	0.94	0.85	0.08	58612	0	1	354979	36bfe40eed33c8b8cb491894acd6f63c05c13e0d7a15a6e6f7b9401246d94c6d
az-realjan-folgada	lowest_carbon_dc	64	none	configs/scenarios/fase1/geo9_azure_realjan_folgada.yaml	2026-08-07T12:02:56-03:00	2026-08-07T12:02:57-03:00	1.56	1.44	0.11	57720	0	1	355002	36bfe40eed33c8b8cb491894acd6f63c05c13e0d7a15a6e6f7b9401246d94c6d
az-realjan-folgada	lowest_carbon_dc	65	none	configs/scenarios/fase1/geo9_azure_realjan_folgada.yaml	2026-08-07T12:02:56-03:00	2026-08-07T12:02:57-03:00	1.50	1.35	0.10	58256	0	1	355015	36bfe40eed33c8b8cb491894acd6f63c05c13e0d7a15a6e6f7b9401246d94c6d
az-realjan-folgada	lowest_carbon_dc	66	none	configs/scenarios/fase1/geo9_azure_realjan_folgada.yaml	2026-08-07T12:02:56-03:00	2026-08-07T12:02:57-03:00	1.07	0.96	0.10	59088	0	1	355047	36bfe40eed33c8b8cb491894acd6f63c05c13e0d7a15a6e6f7b9401246d94c6d
az-realjan-folgada	lowest_carbon_dc	67	none	configs/scenarios/fase1/geo9_azure_realjan_folgada.yaml	2026-08-07T12:02:57-03:00	2026-08-07T12:02:59-03:00	1.78	1.55	0.09	58728	0	1	355091	36bfe40eed33c8b8cb491894acd6f63c05c13e0d7a15a6e6f7b9401246d94c6d
az-realjan-folgada	lowest_carbon_dc	68	none	configs/scenarios/fase1/geo9_azure_realjan_folgada.yaml	2026-08-07T12:02:57-03:00	2026-08-07T12:02:59-03:00	1.32	1.21	0.10	58908	0	1	355104	36bfe40eed33c8b8cb491894acd6f63c05c13e0d7a15a6e6f7b9401246d94c6d
az-realjan-folgada	lowest_carbon_dc	69	none	configs/scenarios/fase1/geo9_azure_realjan_folgada.yaml	2026-08-07T12:02:57-03:00	2026-08-07T12:02:58-03:00	1.02	0.92	0.09	59072	0	1	355117	36bfe40eed33c8b8cb491894acd6f63c05c13e0d7a15a6e6f7b9401246d94c6d
az-realjan-folgada	lowest_carbon_dc	70	none	configs/scenarios/fase1/geo9_azure_realjan_folgada.yaml	2026-08-07T12:02:58-03:00	2026-08-07T12:03:00-03:00	1.48	1.36	0.09	57540	0	1	355130	36bfe40eed33c8b8cb491894acd6f63c05c13e0d7a15a6e6f7b9401246d94c6d
az-realjan-folgada	lowest_carbon_dc	71	none	configs/scenarios/fase1/geo9_azure_realjan_folgada.yaml	2026-08-07T12:02:59-03:00	2026-08-07T12:03:00-03:00	1.23	1.10	0.10	57636	0	1	355164	36bfe40eed33c8b8cb491894acd6f63c05c13e0d7a15a6e6f7b9401246d94c6d
az-realjan-folgada	round_robin	52	none	configs/scenarios/fase1/geo9_azure_realjan_folgada.yaml	2026-08-07T12:02:14-03:00	2026-08-07T12:02:15-03:00	1.42	1.30	0.11	58092	0	1	353207	36bfe40eed33c8b8cb491894acd6f63c05c13e0d7a15a6e6f7b9401246d94c6d
az-realjan-folgada	round_robin	53	none	configs/scenarios/fase1/geo9_azure_realjan_folgada.yaml	2026-08-07T12:02:15-03:00	2026-08-07T12:02:17-03:00	1.38	1.27	0.10	58936	0	1	353229	36bfe40eed33c8b8cb491894acd6f63c05c13e0d7a15a6e6f7b9401246d94c6d
az-realjan-folgada	round_robin	54	none	configs/scenarios/fase1/geo9_azure_realjan_folgada.yaml	2026-08-07T12:02:15-03:00	2026-08-07T12:02:17-03:00	1.48	1.31	0.10	58488	0	1	353259	36bfe40eed33c8b8cb491894acd6f63c05c13e0d7a15a6e6f7b9401246d94c6d
az-realjan-folgada	round_robin	55	none	configs/scenarios/fase1/geo9_azure_realjan_folgada.yaml	2026-08-07T12:02:17-03:00	2026-08-07T12:02:18-03:00	1.42	1.29	0.10	58072	0	1	353303	36bfe40eed33c8b8cb491894acd6f63c05c13e0d7a15a6e6f7b9401246d94c6d
az-realjan-folgada	round_robin	56	none	configs/scenarios/fase1/geo9_azure_realjan_folgada.yaml	2026-08-07T12:02:17-03:00	2026-08-07T12:02:19-03:00	1.69	1.55	0.10	57520	0	1	353316	36bfe40eed33c8b8cb491894acd6f63c05c13e0d7a15a6e6f7b9401246d94c6d
az-realjan-folgada	round_robin	57	none	configs/scenarios/fase1/geo9_azure_realjan_folgada.yaml	2026-08-07T12:02:18-03:00	2026-08-07T12:02:20-03:00	1.67	1.52	0.12	58588	0	1	353386	36bfe40eed33c8b8cb491894acd6f63c05c13e0d7a15a6e6f7b9401246d94c6d
az-realjan-folgada	round_robin	58	none	configs/scenarios/fase1/geo9_azure_realjan_folgada.yaml	2026-08-07T12:02:19-03:00	2026-08-07T12:02:20-03:00	1.50	1.35	0.11	58016	0	1	353399	36bfe40eed33c8b8cb491894acd6f63c05c13e0d7a15a6e6f7b9401246d94c6d
az-realjan-folgada	round_robin	59	none	configs/scenarios/fase1/geo9_azure_realjan_folgada.yaml	2026-08-07T12:02:20-03:00	2026-08-07T12:02:21-03:00	1.40	1.27	0.10	58896	0	1	353433	36bfe40eed33c8b8cb491894acd6f63c05c13e0d7a15a6e6f7b9401246d94c6d
az-realjan-folgada	round_robin	60	none	configs/scenarios/fase1/geo9_azure_realjan_folgada.yaml	2026-08-07T12:02:20-03:00	2026-08-07T12:02:22-03:00	1.42	1.30	0.11	57760	0	1	353456	36bfe40eed33c8b8cb491894acd6f63c05c13e0d7a15a6e6f7b9401246d94c6d
az-realjan-folgada	round_robin	61	none	configs/scenarios/fase1/geo9_azure_realjan_folgada.yaml	2026-08-07T12:02:21-03:00	2026-08-07T12:02:23-03:00	1.76	1.64	0.11	58796	0	1	353490	36bfe40eed33c8b8cb491894acd6f63c05c13e0d7a15a6e6f7b9401246d94c6d
az-realjan-folgada	round_robin	62	none	configs/scenarios/fase1/geo9_azure_realjan_folgada.yaml	2026-08-07T12:02:22-03:00	2026-08-07T12:02:23-03:00	1.46	1.35	0.10	57808	0	1	353514	36bfe40eed33c8b8cb491894acd6f63c05c13e0d7a15a6e6f7b9401246d94c6d
az-realjan-folgada	round_robin	63	none	configs/scenarios/fase1/geo9_azure_realjan_folgada.yaml	2026-08-07T12:02:23-03:00	2026-08-07T12:02:25-03:00	1.68	1.51	0.11	58688	0	1	353554	36bfe40eed33c8b8cb491894acd6f63c05c13e0d7a15a6e6f7b9401246d94c6d
az-realjan-folgada	round_robin	64	none	configs/scenarios/fase1/geo9_azure_realjan_folgada.yaml	2026-08-07T12:02:23-03:00	2026-08-07T12:02:25-03:00	1.52	1.41	0.11	58056	0	1	353559	36bfe40eed33c8b8cb491894acd6f63c05c13e0d7a15a6e6f7b9401246d94c6d
az-realjan-folgada	round_robin	65	none	configs/scenarios/fase1/geo9_azure_realjan_folgada.yaml	2026-08-07T12:02:25-03:00	2026-08-07T12:02:26-03:00	1.49	1.37	0.11	58620	0	1	353614	36bfe40eed33c8b8cb491894acd6f63c05c13e0d7a15a6e6f7b9401246d94c6d
az-realjan-folgada	round_robin	66	none	configs/scenarios/fase1/geo9_azure_realjan_folgada.yaml	2026-08-07T12:02:25-03:00	2026-08-07T12:02:26-03:00	1.46	1.31	0.10	59188	0	1	353627	36bfe40eed33c8b8cb491894acd6f63c05c13e0d7a15a6e6f7b9401246d94c6d
az-realjan-folgada	round_robin	67	none	configs/scenarios/fase1/geo9_azure_realjan_folgada.yaml	2026-08-07T12:02:26-03:00	2026-08-07T12:02:28-03:00	1.72	1.59	0.11	58892	0	1	353679	36bfe40eed33c8b8cb491894acd6f63c05c13e0d7a15a6e6f7b9401246d94c6d
az-realjan-folgada	round_robin	68	none	configs/scenarios/fase1/geo9_azure_realjan_folgada.yaml	2026-08-07T12:02:26-03:00	2026-08-07T12:02:28-03:00	1.54	1.44	0.09	58776	0	1	353702	36bfe40eed33c8b8cb491894acd6f63c05c13e0d7a15a6e6f7b9401246d94c6d
az-realjan-folgada	round_robin	69	none	configs/scenarios/fase1/geo9_azure_realjan_folgada.yaml	2026-08-07T12:02:28-03:00	2026-08-07T12:02:29-03:00	1.57	1.44	0.12	59060	0	1	353725	36bfe40eed33c8b8cb491894acd6f63c05c13e0d7a15a6e6f7b9401246d94c6d
az-realjan-folgada	round_robin	70	none	configs/scenarios/fase1/geo9_azure_realjan_folgada.yaml	2026-08-07T12:02:28-03:00	2026-08-07T12:02:29-03:00	1.33	1.20	0.11	57792	0	1	353749	36bfe40eed33c8b8cb491894acd6f63c05c13e0d7a15a6e6f7b9401246d94c6d
az-realjan-folgada	round_robin	71	none	configs/scenarios/fase1/geo9_azure_realjan_folgada.yaml	2026-08-07T12:02:29-03:00	2026-08-07T12:02:31-03:00	1.47	1.35	0.11	58196	0	1	353781	36bfe40eed33c8b8cb491894acd6f63c05c13e0d7a15a6e6f7b9401246d94c6d
az-realjan-folgada	worst_fit	52	none	configs/scenarios/fase1/geo9_azure_realjan_folgada.yaml	2026-08-07T12:02:00-03:00	2026-08-07T12:02:01-03:00	1.33	1.22	0.10	57724	0	1	352667	36bfe40eed33c8b8cb491894acd6f63c05c13e0d7a15a6e6f7b9401246d94c6d
az-realjan-folgada	worst_fit	53	none	configs/scenarios/fase1/geo9_azure_realjan_folgada.yaml	2026-08-07T12:02:01-03:00	2026-08-07T12:02:02-03:00	1.47	1.33	0.11	58700	0	1	352712	36bfe40eed33c8b8cb491894acd6f63c05c13e0d7a15a6e6f7b9401246d94c6d
az-realjan-folgada	worst_fit	54	none	configs/scenarios/fase1/geo9_azure_realjan_folgada.yaml	2026-08-07T12:02:02-03:00	2026-08-07T12:02:03-03:00	1.35	1.25	0.09	58292	0	1	352746	36bfe40eed33c8b8cb491894acd6f63c05c13e0d7a15a6e6f7b9401246d94c6d
az-realjan-folgada	worst_fit	55	none	configs/scenarios/fase1/geo9_azure_realjan_folgada.yaml	2026-08-07T12:02:02-03:00	2026-08-07T12:02:04-03:00	1.40	1.30	0.10	57764	0	1	352771	36bfe40eed33c8b8cb491894acd6f63c05c13e0d7a15a6e6f7b9401246d94c6d
az-realjan-folgada	worst_fit	56	none	configs/scenarios/fase1/geo9_azure_realjan_folgada.yaml	2026-08-07T12:02:03-03:00	2026-08-07T12:02:04-03:00	1.35	1.23	0.10	57468	0	1	352784	36bfe40eed33c8b8cb491894acd6f63c05c13e0d7a15a6e6f7b9401246d94c6d
az-realjan-folgada	worst_fit	57	none	configs/scenarios/fase1/geo9_azure_realjan_folgada.yaml	2026-08-07T12:02:04-03:00	2026-08-07T12:02:05-03:00	1.32	1.19	0.10	58068	0	1	352828	36bfe40eed33c8b8cb491894acd6f63c05c13e0d7a15a6e6f7b9401246d94c6d
az-realjan-folgada	worst_fit	58	none	configs/scenarios/fase1/geo9_azure_realjan_folgada.yaml	2026-08-07T12:02:04-03:00	2026-08-07T12:02:06-03:00	1.25	1.13	0.10	57312	0	1	352841	36bfe40eed33c8b8cb491894acd6f63c05c13e0d7a15a6e6f7b9401246d94c6d
az-realjan-folgada	worst_fit	59	none	configs/scenarios/fase1/geo9_azure_realjan_folgada.yaml	2026-08-07T12:02:05-03:00	2026-08-07T12:02:07-03:00	1.54	1.38	0.11	58500	0	1	352854	36bfe40eed33c8b8cb491894acd6f63c05c13e0d7a15a6e6f7b9401246d94c6d
az-realjan-folgada	worst_fit	60	none	configs/scenarios/fase1/geo9_azure_realjan_folgada.yaml	2026-08-07T12:02:06-03:00	2026-08-07T12:02:07-03:00	1.40	1.27	0.10	57528	0	1	352907	36bfe40eed33c8b8cb491894acd6f63c05c13e0d7a15a6e6f7b9401246d94c6d
az-realjan-folgada	worst_fit	61	none	configs/scenarios/fase1/geo9_azure_realjan_folgada.yaml	2026-08-07T12:02:07-03:00	2026-08-07T12:02:08-03:00	1.36	1.27	0.08	58484	0	1	352930	36bfe40eed33c8b8cb491894acd6f63c05c13e0d7a15a6e6f7b9401246d94c6d
az-realjan-folgada	worst_fit	62	none	configs/scenarios/fase1/geo9_azure_realjan_folgada.yaml	2026-08-07T12:02:07-03:00	2026-08-07T12:02:08-03:00	1.44	1.33	0.10	57368	0	1	352943	36bfe40eed33c8b8cb491894acd6f63c05c13e0d7a15a6e6f7b9401246d94c6d
az-realjan-folgada	worst_fit	63	none	configs/scenarios/fase1/geo9_azure_realjan_folgada.yaml	2026-08-07T12:02:08-03:00	2026-08-07T12:02:09-03:00	1.45	1.33	0.11	58528	0	1	352986	36bfe40eed33c8b8cb491894acd6f63c05c13e0d7a15a6e6f7b9401246d94c6d
az-realjan-folgada	worst_fit	64	none	configs/scenarios/fase1/geo9_azure_realjan_folgada.yaml	2026-08-07T12:02:08-03:00	2026-08-07T12:02:10-03:00	1.44	1.33	0.10	57548	0	1	352999	36bfe40eed33c8b8cb491894acd6f63c05c13e0d7a15a6e6f7b9401246d94c6d
az-realjan-folgada	worst_fit	65	none	configs/scenarios/fase1/geo9_azure_realjan_folgada.yaml	2026-08-07T12:02:09-03:00	2026-08-07T12:02:11-03:00	1.44	1.31	0.09	58068	0	1	353034	36bfe40eed33c8b8cb491894acd6f63c05c13e0d7a15a6e6f7b9401246d94c6d
az-realjan-folgada	worst_fit	66	none	configs/scenarios/fase1/geo9_azure_realjan_folgada.yaml	2026-08-07T12:02:10-03:00	2026-08-07T12:02:11-03:00	1.19	1.06	0.11	58620	0	1	353057	36bfe40eed33c8b8cb491894acd6f63c05c13e0d7a15a6e6f7b9401246d94c6d
az-realjan-folgada	worst_fit	67	none	configs/scenarios/fase1/geo9_azure_realjan_folgada.yaml	2026-08-07T12:02:11-03:00	2026-08-07T12:02:12-03:00	1.45	1.32	0.12	58644	0	1	353088	36bfe40eed33c8b8cb491894acd6f63c05c13e0d7a15a6e6f7b9401246d94c6d
az-realjan-folgada	worst_fit	68	none	configs/scenarios/fase1/geo9_azure_realjan_folgada.yaml	2026-08-07T12:02:11-03:00	2026-08-07T12:02:13-03:00	1.37	1.25	0.10	58404	0	1	353101	36bfe40eed33c8b8cb491894acd6f63c05c13e0d7a15a6e6f7b9401246d94c6d
az-realjan-folgada	worst_fit	69	none	configs/scenarios/fase1/geo9_azure_realjan_folgada.yaml	2026-08-07T12:02:12-03:00	2026-08-07T12:02:14-03:00	1.38	1.28	0.10	58908	0	1	353147	36bfe40eed33c8b8cb491894acd6f63c05c13e0d7a15a6e6f7b9401246d94c6d
az-realjan-folgada	worst_fit	70	none	configs/scenarios/fase1/geo9_azure_realjan_folgada.yaml	2026-08-07T12:02:13-03:00	2026-08-07T12:02:14-03:00	1.40	1.30	0.10	57568	0	1	353160	36bfe40eed33c8b8cb491894acd6f63c05c13e0d7a15a6e6f7b9401246d94c6d
az-realjan-folgada	worst_fit	71	none	configs/scenarios/fase1/geo9_azure_realjan_folgada.yaml	2026-08-07T12:02:14-03:00	2026-08-07T12:02:15-03:00	1.42	1.31	0.10	57624	0	1	353193	36bfe40eed33c8b8cb491894acd6f63c05c13e0d7a15a6e6f7b9401246d94c6d
az-realjan-folgada	wsnb	52	none	configs/scenarios/fase1/geo9_azure_realjan_folgada.yaml	2026-08-07T12:03:09-03:00	2026-08-07T12:03:10-03:00	1.65	1.51	0.12	68228	0	1	355631	36bfe40eed33c8b8cb491894acd6f63c05c13e0d7a15a6e6f7b9401246d94c6d
az-realjan-folgada	wsnb	53	none	configs/scenarios/fase1/geo9_azure_realjan_folgada.yaml	2026-08-07T12:03:09-03:00	2026-08-07T12:03:11-03:00	1.56	1.45	0.11	70444	0	1	355644	36bfe40eed33c8b8cb491894acd6f63c05c13e0d7a15a6e6f7b9401246d94c6d
az-realjan-folgada	wsnb	54	none	configs/scenarios/fase1/geo9_azure_realjan_folgada.yaml	2026-08-07T12:03:10-03:00	2026-08-07T12:03:11-03:00	1.62	1.47	0.11	61612	0	1	355667	36bfe40eed33c8b8cb491894acd6f63c05c13e0d7a15a6e6f7b9401246d94c6d
az-realjan-folgada	wsnb	55	none	configs/scenarios/fase1/geo9_azure_realjan_folgada.yaml	2026-08-07T12:03:10-03:00	2026-08-07T12:03:12-03:00	1.67	1.52	0.11	68324	0	1	355680	36bfe40eed33c8b8cb491894acd6f63c05c13e0d7a15a6e6f7b9401246d94c6d
az-realjan-folgada	wsnb	56	none	configs/scenarios/fase1/geo9_azure_realjan_folgada.yaml	2026-08-07T12:03:11-03:00	2026-08-07T12:03:12-03:00	1.50	1.39	0.10	65884	0	1	355693	36bfe40eed33c8b8cb491894acd6f63c05c13e0d7a15a6e6f7b9401246d94c6d
az-realjan-folgada	wsnb	57	none	configs/scenarios/fase1/geo9_azure_realjan_folgada.yaml	2026-08-07T12:03:11-03:00	2026-08-07T12:03:13-03:00	1.61	1.47	0.11	64760	0	1	355756	36bfe40eed33c8b8cb491894acd6f63c05c13e0d7a15a6e6f7b9401246d94c6d
az-realjan-folgada	wsnb	58	none	configs/scenarios/fase1/geo9_azure_realjan_folgada.yaml	2026-08-07T12:03:12-03:00	2026-08-07T12:03:13-03:00	1.10	0.99	0.10	68172	0	1	355769	36bfe40eed33c8b8cb491894acd6f63c05c13e0d7a15a6e6f7b9401246d94c6d
az-realjan-folgada	wsnb	59	none	configs/scenarios/fase1/geo9_azure_realjan_folgada.yaml	2026-08-07T12:03:12-03:00	2026-08-07T12:03:14-03:00	1.71	1.54	0.11	63396	0	1	355782	36bfe40eed33c8b8cb491894acd6f63c05c13e0d7a15a6e6f7b9401246d94c6d
az-realjan-folgada	wsnb	60	none	configs/scenarios/fase1/geo9_azure_realjan_folgada.yaml	2026-08-07T12:03:13-03:00	2026-08-07T12:03:15-03:00	1.57	1.45	0.11	63444	0	1	355813	36bfe40eed33c8b8cb491894acd6f63c05c13e0d7a15a6e6f7b9401246d94c6d
az-realjan-folgada	wsnb	61	none	configs/scenarios/fase1/geo9_azure_realjan_folgada.yaml	2026-08-07T12:03:13-03:00	2026-08-07T12:03:14-03:00	1.09	1.01	0.08	69752	0	1	355826	36bfe40eed33c8b8cb491894acd6f63c05c13e0d7a15a6e6f7b9401246d94c6d
az-realjan-folgada	wsnb	62	none	configs/scenarios/fase1/geo9_azure_realjan_folgada.yaml	2026-08-07T12:03:14-03:00	2026-08-07T12:03:16-03:00	1.59	1.47	0.11	68208	0	1	355849	36bfe40eed33c8b8cb491894acd6f63c05c13e0d7a15a6e6f7b9401246d94c6d
az-realjan-folgada	wsnb	63	none	configs/scenarios/fase1/geo9_azure_realjan_folgada.yaml	2026-08-07T12:03:14-03:00	2026-08-07T12:03:16-03:00	1.62	1.49	0.11	61888	0	1	355862	36bfe40eed33c8b8cb491894acd6f63c05c13e0d7a15a6e6f7b9401246d94c6d
az-realjan-folgada	wsnb	64	none	configs/scenarios/fase1/geo9_azure_realjan_folgada.yaml	2026-08-07T12:03:15-03:00	2026-08-07T12:03:16-03:00	1.62	1.46	0.13	60768	0	1	355875	36bfe40eed33c8b8cb491894acd6f63c05c13e0d7a15a6e6f7b9401246d94c6d
az-realjan-folgada	wsnb	65	none	configs/scenarios/fase1/geo9_azure_realjan_folgada.yaml	2026-08-07T12:03:16-03:00	2026-08-07T12:03:17-03:00	1.63	1.51	0.11	69060	0	1	355917	36bfe40eed33c8b8cb491894acd6f63c05c13e0d7a15a6e6f7b9401246d94c6d
az-realjan-folgada	wsnb	66	none	configs/scenarios/fase1/geo9_azure_realjan_folgada.yaml	2026-08-07T12:03:16-03:00	2026-08-07T12:03:17-03:00	1.26	1.16	0.10	68952	0	1	355930	36bfe40eed33c8b8cb491894acd6f63c05c13e0d7a15a6e6f7b9401246d94c6d
az-realjan-folgada	wsnb	67	none	configs/scenarios/fase1/geo9_azure_realjan_folgada.yaml	2026-08-07T12:03:16-03:00	2026-08-07T12:03:18-03:00	1.43	1.28	0.13	70248	0	1	355961	36bfe40eed33c8b8cb491894acd6f63c05c13e0d7a15a6e6f7b9401246d94c6d
az-realjan-folgada	wsnb	68	none	configs/scenarios/fase1/geo9_azure_realjan_folgada.yaml	2026-08-07T12:03:17-03:00	2026-08-07T12:03:19-03:00	1.64	1.50	0.12	70420	0	1	355996	36bfe40eed33c8b8cb491894acd6f63c05c13e0d7a15a6e6f7b9401246d94c6d
az-realjan-folgada	wsnb	69	none	configs/scenarios/fase1/geo9_azure_realjan_folgada.yaml	2026-08-07T12:03:17-03:00	2026-08-07T12:03:19-03:00	1.65	1.52	0.12	70836	0	1	356009	36bfe40eed33c8b8cb491894acd6f63c05c13e0d7a15a6e6f7b9401246d94c6d
az-realjan-folgada	wsnb	70	none	configs/scenarios/fase1/geo9_azure_realjan_folgada.yaml	2026-08-07T12:03:18-03:00	2026-08-07T12:03:19-03:00	1.48	1.32	0.12	63016	0	1	356043	36bfe40eed33c8b8cb491894acd6f63c05c13e0d7a15a6e6f7b9401246d94c6d
az-realjan-folgada	wsnb	71	none	configs/scenarios/fase1/geo9_azure_realjan_folgada.yaml	2026-08-07T12:03:19-03:00	2026-08-07T12:03:21-03:00	1.68	1.57	0.11	68200	0	1	356056	36bfe40eed33c8b8cb491894acd6f63c05c13e0d7a15a6e6f7b9401246d94c6d
az-realjun-alta	best_fit	52	none	configs/scenarios/fase1/geo9_azure_realjun_alta.yaml	2026-08-07T11:01:42-03:00	2026-08-07T11:02:04-03:00	21.50	21.05	0.28	104596	0	1	271705	36bfe40eed33c8b8cb491894acd6f63c05c13e0d7a15a6e6f7b9401246d94c6d
az-realjun-alta	best_fit	53	none	configs/scenarios/fase1/geo9_azure_realjun_alta.yaml	2026-08-07T11:01:42-03:00	2026-08-07T11:02:04-03:00	21.76	20.98	0.35	107840	0	1	271718	36bfe40eed33c8b8cb491894acd6f63c05c13e0d7a15a6e6f7b9401246d94c6d
az-realjun-alta	best_fit	54	none	configs/scenarios/fase1/geo9_azure_realjun_alta.yaml	2026-08-07T11:01:42-03:00	2026-08-07T11:02:09-03:00	26.37	25.88	0.32	107616	0	1	271731	36bfe40eed33c8b8cb491894acd6f63c05c13e0d7a15a6e6f7b9401246d94c6d
az-realjun-alta	best_fit	55	none	configs/scenarios/fase1/geo9_azure_realjun_alta.yaml	2026-08-07T11:01:43-03:00	2026-08-07T11:01:59-03:00	15.78	15.33	0.31	107324	0	1	271754	36bfe40eed33c8b8cb491894acd6f63c05c13e0d7a15a6e6f7b9401246d94c6d
az-realjun-alta	best_fit	56	none	configs/scenarios/fase1/geo9_azure_realjun_alta.yaml	2026-08-07T11:01:43-03:00	2026-08-07T11:02:11-03:00	27.36	26.77	0.34	107592	0	1	271767	36bfe40eed33c8b8cb491894acd6f63c05c13e0d7a15a6e6f7b9401246d94c6d
az-realjun-alta	best_fit	57	none	configs/scenarios/fase1/geo9_azure_realjun_alta.yaml	2026-08-07T11:01:43-03:00	2026-08-07T11:02:07-03:00	23.99	23.16	0.36	107196	0	1	271780	36bfe40eed33c8b8cb491894acd6f63c05c13e0d7a15a6e6f7b9401246d94c6d
az-realjun-alta	best_fit	58	none	configs/scenarios/fase1/geo9_azure_realjun_alta.yaml	2026-08-07T11:01:43-03:00	2026-08-07T11:02:00-03:00	16.28	15.88	0.30	108316	0	1	271793	36bfe40eed33c8b8cb491894acd6f63c05c13e0d7a15a6e6f7b9401246d94c6d
az-realjun-alta	best_fit	59	none	configs/scenarios/fase1/geo9_azure_realjun_alta.yaml	2026-08-07T11:01:43-03:00	2026-08-07T11:02:04-03:00	20.20	19.42	0.34	107528	0	1	271806	36bfe40eed33c8b8cb491894acd6f63c05c13e0d7a15a6e6f7b9401246d94c6d
az-realjun-alta	best_fit	60	none	configs/scenarios/fase1/geo9_azure_realjun_alta.yaml	2026-08-07T11:01:59-03:00	2026-08-07T11:02:21-03:00	21.74	21.15	0.35	103704	0	1	272139	36bfe40eed33c8b8cb491894acd6f63c05c13e0d7a15a6e6f7b9401246d94c6d
az-realjun-alta	best_fit	61	none	configs/scenarios/fase1/geo9_azure_realjun_alta.yaml	2026-08-07T11:02:00-03:00	2026-08-07T11:02:25-03:00	25.66	25.23	0.32	108388	0	1	272162	36bfe40eed33c8b8cb491894acd6f63c05c13e0d7a15a6e6f7b9401246d94c6d
az-realjun-alta	best_fit	62	none	configs/scenarios/fase1/geo9_azure_realjun_alta.yaml	2026-08-07T11:02:00-03:00	2026-08-07T11:02:30-03:00	29.92	29.42	0.36	107096	0	1	272215	36bfe40eed33c8b8cb491894acd6f63c05c13e0d7a15a6e6f7b9401246d94c6d
az-realjun-alta	best_fit	63	none	configs/scenarios/fase1/geo9_azure_realjun_alta.yaml	2026-08-07T11:02:01-03:00	2026-08-07T11:02:24-03:00	22.50	22.02	0.33	107900	0	1	272239	36bfe40eed33c8b8cb491894acd6f63c05c13e0d7a15a6e6f7b9401246d94c6d
az-realjun-alta	best_fit	64	none	configs/scenarios/fase1/geo9_azure_realjun_alta.yaml	2026-08-07T11:02:03-03:00	2026-08-07T11:02:20-03:00	16.83	16.31	0.33	106940	0	1	272281	36bfe40eed33c8b8cb491894acd6f63c05c13e0d7a15a6e6f7b9401246d94c6d
az-realjun-alta	best_fit	65	none	configs/scenarios/fase1/geo9_azure_realjun_alta.yaml	2026-08-07T11:02:04-03:00	2026-08-07T11:02:30-03:00	26.63	26.03	0.35	106068	0	1	272306	36bfe40eed33c8b8cb491894acd6f63c05c13e0d7a15a6e6f7b9401246d94c6d
az-realjun-alta	best_fit	66	none	configs/scenarios/fase1/geo9_azure_realjun_alta.yaml	2026-08-07T11:02:04-03:00	2026-08-07T11:02:29-03:00	25.67	25.15	0.39	106976	0	1	272319	36bfe40eed33c8b8cb491894acd6f63c05c13e0d7a15a6e6f7b9401246d94c6d
az-realjun-alta	best_fit	67	none	configs/scenarios/fase1/geo9_azure_realjun_alta.yaml	2026-08-07T11:02:04-03:00	2026-08-07T11:02:26-03:00	21.99	21.48	0.35	105812	0	1	272332	36bfe40eed33c8b8cb491894acd6f63c05c13e0d7a15a6e6f7b9401246d94c6d
az-realjun-alta	best_fit	68	none	configs/scenarios/fase1/geo9_azure_realjun_alta.yaml	2026-08-07T11:02:04-03:00	2026-08-07T11:02:29-03:00	24.00	23.34	0.40	106444	0	1	272365	36bfe40eed33c8b8cb491894acd6f63c05c13e0d7a15a6e6f7b9401246d94c6d
az-realjun-alta	best_fit	69	none	configs/scenarios/fase1/geo9_azure_realjun_alta.yaml	2026-08-07T11:02:06-03:00	2026-08-07T11:02:31-03:00	24.86	24.40	0.34	108028	0	1	272447	36bfe40eed33c8b8cb491894acd6f63c05c13e0d7a15a6e6f7b9401246d94c6d
az-realjun-alta	best_fit	70	none	configs/scenarios/fase1/geo9_azure_realjun_alta.yaml	2026-08-07T11:02:07-03:00	2026-08-07T11:02:31-03:00	23.47	22.97	0.33	106896	0	1	272480	36bfe40eed33c8b8cb491894acd6f63c05c13e0d7a15a6e6f7b9401246d94c6d
az-realjun-alta	best_fit	71	none	configs/scenarios/fase1/geo9_azure_realjun_alta.yaml	2026-08-07T11:02:09-03:00	2026-08-07T11:02:26-03:00	17.19	16.81	0.33	107664	0	1	272526	36bfe40eed33c8b8cb491894acd6f63c05c13e0d7a15a6e6f7b9401246d94c6d
az-realjun-alta	bfd	52	none	configs/scenarios/fase1/geo9_azure_realjun_alta.yaml	2026-08-07T11:03:55-03:00	2026-08-07T11:04:19-03:00	24.20	23.55	0.33	103992	0	1	275595	36bfe40eed33c8b8cb491894acd6f63c05c13e0d7a15a6e6f7b9401246d94c6d
az-realjun-alta	bfd	53	none	configs/scenarios/fase1/geo9_azure_realjun_alta.yaml	2026-08-07T11:03:58-03:00	2026-08-07T11:04:19-03:00	21.28	20.65	0.35	106332	0	1	275676	36bfe40eed33c8b8cb491894acd6f63c05c13e0d7a15a6e6f7b9401246d94c6d
az-realjun-alta	bfd	54	none	configs/scenarios/fase1/geo9_azure_realjun_alta.yaml	2026-08-07T11:03:59-03:00	2026-08-07T11:04:21-03:00	22.01	21.20	0.39	107168	0	1	275705	36bfe40eed33c8b8cb491894acd6f63c05c13e0d7a15a6e6f7b9401246d94c6d
az-realjun-alta	bfd	55	none	configs/scenarios/fase1/geo9_azure_realjun_alta.yaml	2026-08-07T11:04:00-03:00	2026-08-07T11:04:27-03:00	26.42	25.67	0.36	105784	0	1	275749	36bfe40eed33c8b8cb491894acd6f63c05c13e0d7a15a6e6f7b9401246d94c6d
az-realjun-alta	bfd	56	none	configs/scenarios/fase1/geo9_azure_realjun_alta.yaml	2026-08-07T11:04:01-03:00	2026-08-07T11:04:22-03:00	21.27	20.59	0.33	106936	0	1	275762	36bfe40eed33c8b8cb491894acd6f63c05c13e0d7a15a6e6f7b9401246d94c6d
az-realjun-alta	bfd	57	none	configs/scenarios/fase1/geo9_azure_realjun_alta.yaml	2026-08-07T11:04:01-03:00	2026-08-07T11:04:27-03:00	26.31	25.40	0.38	105812	0	1	275776	36bfe40eed33c8b8cb491894acd6f63c05c13e0d7a15a6e6f7b9401246d94c6d
az-realjun-alta	bfd	58	none	configs/scenarios/fase1/geo9_azure_realjun_alta.yaml	2026-08-07T11:04:02-03:00	2026-08-07T11:04:29-03:00	26.50	25.51	0.36	106412	0	1	275828	36bfe40eed33c8b8cb491894acd6f63c05c13e0d7a15a6e6f7b9401246d94c6d
az-realjun-alta	bfd	59	none	configs/scenarios/fase1/geo9_azure_realjun_alta.yaml	2026-08-07T11:04:04-03:00	2026-08-07T11:04:25-03:00	21.10	20.46	0.35	105504	0	1	275898	36bfe40eed33c8b8cb491894acd6f63c05c13e0d7a15a6e6f7b9401246d94c6d
az-realjun-alta	bfd	60	none	configs/scenarios/fase1/geo9_azure_realjun_alta.yaml	2026-08-07T11:04:07-03:00	2026-08-07T11:04:34-03:00	27.11	26.29	0.35	105828	0	1	275976	36bfe40eed33c8b8cb491894acd6f63c05c13e0d7a15a6e6f7b9401246d94c6d
az-realjun-alta	bfd	61	none	configs/scenarios/fase1/geo9_azure_realjun_alta.yaml	2026-08-07T11:04:07-03:00	2026-08-07T11:04:28-03:00	20.66	19.93	0.32	105712	0	1	275992	36bfe40eed33c8b8cb491894acd6f63c05c13e0d7a15a6e6f7b9401246d94c6d
az-realjun-alta	bfd	62	none	configs/scenarios/fase1/geo9_azure_realjun_alta.yaml	2026-08-07T11:04:07-03:00	2026-08-07T11:04:33-03:00	25.26	24.41	0.32	107084	0	1	276002	36bfe40eed33c8b8cb491894acd6f63c05c13e0d7a15a6e6f7b9401246d94c6d
az-realjun-alta	bfd	63	none	configs/scenarios/fase1/geo9_azure_realjun_alta.yaml	2026-08-07T11:04:08-03:00	2026-08-07T11:04:31-03:00	22.29	21.66	0.31	106516	0	1	276036	36bfe40eed33c8b8cb491894acd6f63c05c13e0d7a15a6e6f7b9401246d94c6d
az-realjun-alta	bfd	64	none	configs/scenarios/fase1/geo9_azure_realjun_alta.yaml	2026-08-07T11:04:11-03:00	2026-08-07T11:04:31-03:00	20.04	19.14	0.35	105364	0	1	276101	36bfe40eed33c8b8cb491894acd6f63c05c13e0d7a15a6e6f7b9401246d94c6d
az-realjun-alta	bfd	65	none	configs/scenarios/fase1/geo9_azure_realjun_alta.yaml	2026-08-07T11:04:16-03:00	2026-08-07T11:04:39-03:00	23.49	22.70	0.33	106204	0	1	276205	36bfe40eed33c8b8cb491894acd6f63c05c13e0d7a15a6e6f7b9401246d94c6d
az-realjun-alta	bfd	66	none	configs/scenarios/fase1/geo9_azure_realjun_alta.yaml	2026-08-07T11:04:19-03:00	2026-08-07T11:04:37-03:00	17.68	16.97	0.33	104852	0	1	276318	36bfe40eed33c8b8cb491894acd6f63c05c13e0d7a15a6e6f7b9401246d94c6d
az-realjun-alta	bfd	67	none	configs/scenarios/fase1/geo9_azure_realjun_alta.yaml	2026-08-07T11:04:19-03:00	2026-08-07T11:04:44-03:00	25.21	24.28	0.40	106336	0	1	276331	36bfe40eed33c8b8cb491894acd6f63c05c13e0d7a15a6e6f7b9401246d94c6d
az-realjun-alta	bfd	68	none	configs/scenarios/fase1/geo9_azure_realjun_alta.yaml	2026-08-07T11:04:21-03:00	2026-08-07T11:04:43-03:00	22.70	22.00	0.36	106956	0	1	276365	36bfe40eed33c8b8cb491894acd6f63c05c13e0d7a15a6e6f7b9401246d94c6d
az-realjun-alta	bfd	69	none	configs/scenarios/fase1/geo9_azure_realjun_alta.yaml	2026-08-07T11:04:22-03:00	2026-08-07T11:04:43-03:00	21.35	20.78	0.33	106564	0	1	276403	36bfe40eed33c8b8cb491894acd6f63c05c13e0d7a15a6e6f7b9401246d94c6d
az-realjun-alta	bfd	70	none	configs/scenarios/fase1/geo9_azure_realjun_alta.yaml	2026-08-07T11:04:25-03:00	2026-08-07T11:04:52-03:00	26.55	25.50	0.38	106172	0	1	276491	36bfe40eed33c8b8cb491894acd6f63c05c13e0d7a15a6e6f7b9401246d94c6d
az-realjun-alta	bfd	71	none	configs/scenarios/fase1/geo9_azure_realjun_alta.yaml	2026-08-07T11:04:27-03:00	2026-08-07T11:04:52-03:00	25.43	24.40	0.35	107188	0	1	276525	36bfe40eed33c8b8cb491894acd6f63c05c13e0d7a15a6e6f7b9401246d94c6d
az-realjun-alta	cnemesis	52	cnemesis	configs/scenarios/fase1/geo9_azure_realjun_alta.yaml	2026-08-07T11:26:56-03:00	2026-08-07T11:46:16-03:00	1160.48	1155.51	1.10	115404	0	1	305701	36bfe40eed33c8b8cb491894acd6f63c05c13e0d7a15a6e6f7b9401246d94c6d
az-realjun-alta	cnemesis	53	cnemesis	configs/scenarios/fase1/geo9_azure_realjun_alta.yaml	2026-08-07T11:28:00-03:00	2026-08-07T12:04:14-03:00	2173.91	2164.46	2.19	115308	0	1	307073	36bfe40eed33c8b8cb491894acd6f63c05c13e0d7a15a6e6f7b9401246d94c6d
az-realjun-alta	cnemesis	54	cnemesis	configs/scenarios/fase1/geo9_azure_realjun_alta.yaml	2026-08-07T11:29:37-03:00	2026-08-07T12:03:29-03:00	2032.51	2025.19	1.92	117832	0	1	309092	36bfe40eed33c8b8cb491894acd6f63c05c13e0d7a15a6e6f7b9401246d94c6d
az-realjun-alta	cnemesis	55	cnemesis	configs/scenarios/fase1/geo9_azure_realjun_alta.yaml	2026-08-07T11:30:05-03:00	2026-08-07T12:05:03-03:00	2097.81	2089.48	1.64	116932	0	1	309712	36bfe40eed33c8b8cb491894acd6f63c05c13e0d7a15a6e6f7b9401246d94c6d
az-realjun-alta	cnemesis	56	cnemesis	configs/scenarios/fase1/geo9_azure_realjun_alta.yaml	2026-08-07T11:30:12-03:00	2026-08-07T12:01:49-03:00	1896.55	1889.58	0.95	115808	0	1	309876	36bfe40eed33c8b8cb491894acd6f63c05c13e0d7a15a6e6f7b9401246d94c6d
az-realjun-alta	cnemesis	57	cnemesis	configs/scenarios/fase1/geo9_azure_realjun_alta.yaml	2026-08-07T11:30:19-03:00	2026-08-07T11:48:27-03:00	1087.77	1082.73	1.16	117420	0	1	310045	36bfe40eed33c8b8cb491894acd6f63c05c13e0d7a15a6e6f7b9401246d94c6d
az-realjun-alta	cnemesis	58	cnemesis	configs/scenarios/fase1/geo9_azure_realjun_alta.yaml	2026-08-07T11:30:39-03:00	2026-08-07T11:56:53-03:00	1573.71	1567.53	0.83	115808	0	1	310476	36bfe40eed33c8b8cb491894acd6f63c05c13e0d7a15a6e6f7b9401246d94c6d
az-realjun-alta	cnemesis	59	cnemesis	configs/scenarios/fase1/geo9_azure_realjun_alta.yaml	2026-08-07T11:30:42-03:00	2026-08-07T12:02:36-03:00	1914.01	1905.93	2.23	117544	0	1	310553	36bfe40eed33c8b8cb491894acd6f63c05c13e0d7a15a6e6f7b9401246d94c6d
az-realjun-alta	cnemesis	60	cnemesis	configs/scenarios/fase1/geo9_azure_realjun_alta.yaml	2026-08-07T11:30:53-03:00	2026-08-07T11:57:07-03:00	1573.61	1566.51	1.90	118332	0	1	310803	36bfe40eed33c8b8cb491894acd6f63c05c13e0d7a15a6e6f7b9401246d94c6d
az-realjun-alta	cnemesis	61	cnemesis	configs/scenarios/fase1/geo9_azure_realjun_alta.yaml	2026-08-07T11:31:05-03:00	2026-08-07T12:10:48-03:00	2382.43	2373.78	1.07	115220	0	1	311069	36bfe40eed33c8b8cb491894acd6f63c05c13e0d7a15a6e6f7b9401246d94c6d
az-realjun-alta	cnemesis	62	cnemesis	configs/scenarios/fase1/geo9_azure_realjun_alta.yaml	2026-08-07T11:31:08-03:00	2026-08-07T12:06:46-03:00	2138.13	2130.98	1.05	115732	0	1	311147	36bfe40eed33c8b8cb491894acd6f63c05c13e0d7a15a6e6f7b9401246d94c6d
az-realjun-alta	cnemesis	63	cnemesis	configs/scenarios/fase1/geo9_azure_realjun_alta.yaml	2026-08-07T11:31:54-03:00	2026-08-07T12:00:40-03:00	1725.80	1719.51	1.41	118372	0	1	312112	36bfe40eed33c8b8cb491894acd6f63c05c13e0d7a15a6e6f7b9401246d94c6d
az-realjun-alta	cnemesis	64	cnemesis	configs/scenarios/fase1/geo9_azure_realjun_alta.yaml	2026-08-07T11:32:10-03:00	2026-08-07T11:55:59-03:00	1429.36	1423.91	0.98	118164	0	1	312457	36bfe40eed33c8b8cb491894acd6f63c05c13e0d7a15a6e6f7b9401246d94c6d
az-realjun-alta	cnemesis	65	cnemesis	configs/scenarios/fase1/geo9_azure_realjun_alta.yaml	2026-08-07T11:34:04-03:00	2026-08-07T12:01:13-03:00	1629.04	1622.25	0.76	117924	0	1	314840	36bfe40eed33c8b8cb491894acd6f63c05c13e0d7a15a6e6f7b9401246d94c6d
az-realjun-alta	cnemesis	66	cnemesis	configs/scenarios/fase1/geo9_azure_realjun_alta.yaml	2026-08-07T11:46:16-03:00	2026-08-07T12:14:54-03:00	1717.72	1711.10	1.02	113864	0	1	330159	36bfe40eed33c8b8cb491894acd6f63c05c13e0d7a15a6e6f7b9401246d94c6d
az-realjun-alta	cnemesis	67	cnemesis	configs/scenarios/fase1/geo9_azure_realjun_alta.yaml	2026-08-07T11:48:27-03:00	2026-08-07T12:18:23-03:00	1795.91	1788.67	2.25	115268	0	1	334721	36bfe40eed33c8b8cb491894acd6f63c05c13e0d7a15a6e6f7b9401246d94c6d
az-realjun-alta	cnemesis	68	cnemesis	configs/scenarios/fase1/geo9_azure_realjun_alta.yaml	2026-08-07T11:55:59-03:00	2026-08-07T12:32:15-03:00	2176.19	2168.25	1.67	117712	0	1	344301	36bfe40eed33c8b8cb491894acd6f63c05c13e0d7a15a6e6f7b9401246d94c6d
az-realjun-alta	cnemesis	69	cnemesis	configs/scenarios/fase1/geo9_azure_realjun_alta.yaml	2026-08-07T11:56:53-03:00	2026-08-07T12:26:17-03:00	1764.57	1757.32	1.78	118396	0	1	345450	36bfe40eed33c8b8cb491894acd6f63c05c13e0d7a15a6e6f7b9401246d94c6d
az-realjun-alta	cnemesis	70	cnemesis	configs/scenarios/fase1/geo9_azure_realjun_alta.yaml	2026-08-07T11:57:07-03:00	2026-08-07T12:25:06-03:00	1678.53	1673.00	1.33	115216	0	1	345789	36bfe40eed33c8b8cb491894acd6f63c05c13e0d7a15a6e6f7b9401246d94c6d
az-realjun-alta	cnemesis	71	cnemesis	configs/scenarios/fase1/geo9_azure_realjun_alta.yaml	2026-08-07T12:00:40-03:00	2026-08-07T12:30:38-03:00	1798.16	1791.19	1.15	115048	0	1	350411	36bfe40eed33c8b8cb491894acd6f63c05c13e0d7a15a6e6f7b9401246d94c6d
az-realjun-alta	ffd	52	none	configs/scenarios/fase1/geo9_azure_realjun_alta.yaml	2026-08-07T11:03:17-03:00	2026-08-07T11:03:38-03:00	20.58	19.80	0.33	109884	0	1	274568	36bfe40eed33c8b8cb491894acd6f63c05c13e0d7a15a6e6f7b9401246d94c6d
az-realjun-alta	ffd	53	none	configs/scenarios/fase1/geo9_azure_realjun_alta.yaml	2026-08-07T11:03:19-03:00	2026-08-07T11:03:41-03:00	22.21	21.60	0.34	109400	0	1	274612	36bfe40eed33c8b8cb491894acd6f63c05c13e0d7a15a6e6f7b9401246d94c6d
az-realjun-alta	ffd	54	none	configs/scenarios/fase1/geo9_azure_realjun_alta.yaml	2026-08-07T11:03:19-03:00	2026-08-07T11:03:40-03:00	20.94	20.39	0.32	109808	0	1	274625	36bfe40eed33c8b8cb491894acd6f63c05c13e0d7a15a6e6f7b9401246d94c6d
az-realjun-alta	ffd	55	none	configs/scenarios/fase1/geo9_azure_realjun_alta.yaml	2026-08-07T11:03:20-03:00	2026-08-07T11:03:43-03:00	23.07	22.32	0.36	108760	0	1	274659	36bfe40eed33c8b8cb491894acd6f63c05c13e0d7a15a6e6f7b9401246d94c6d
az-realjun-alta	ffd	56	none	configs/scenarios/fase1/geo9_azure_realjun_alta.yaml	2026-08-07T11:03:24-03:00	2026-08-07T11:03:44-03:00	20.67	20.14	0.35	109456	0	1	274742	36bfe40eed33c8b8cb491894acd6f63c05c13e0d7a15a6e6f7b9401246d94c6d
az-realjun-alta	ffd	57	none	configs/scenarios/fase1/geo9_azure_realjun_alta.yaml	2026-08-07T11:03:31-03:00	2026-08-07T11:03:55-03:00	23.96	23.46	0.34	110064	0	1	274894	36bfe40eed33c8b8cb491894acd6f63c05c13e0d7a15a6e6f7b9401246d94c6d
az-realjun-alta	ffd	58	none	configs/scenarios/fase1/geo9_azure_realjun_alta.yaml	2026-08-07T11:03:31-03:00	2026-08-07T11:03:50-03:00	18.71	18.22	0.33	109808	0	1	274907	36bfe40eed33c8b8cb491894acd6f63c05c13e0d7a15a6e6f7b9401246d94c6d
az-realjun-alta	ffd	59	none	configs/scenarios/fase1/geo9_azure_realjun_alta.yaml	2026-08-07T11:03:33-03:00	2026-08-07T11:04:02-03:00	29.02	28.28	0.47	109180	0	1	274978	36bfe40eed33c8b8cb491894acd6f63c05c13e0d7a15a6e6f7b9401246d94c6d
az-realjun-alta	ffd	60	none	configs/scenarios/fase1/geo9_azure_realjun_alta.yaml	2026-08-07T11:03:36-03:00	2026-08-07T11:03:59-03:00	22.26	21.69	0.34	108600	0	1	275078	36bfe40eed33c8b8cb491894acd6f63c05c13e0d7a15a6e6f7b9401246d94c6d
az-realjun-alta	ffd	61	none	configs/scenarios/fase1/geo9_azure_realjun_alta.yaml	2026-08-07T11:03:38-03:00	2026-08-07T11:03:58-03:00	19.70	19.25	0.34	108952	0	1	275129	36bfe40eed33c8b8cb491894acd6f63c05c13e0d7a15a6e6f7b9401246d94c6d
az-realjun-alta	ffd	62	none	configs/scenarios/fase1/geo9_azure_realjun_alta.yaml	2026-08-07T11:03:38-03:00	2026-08-07T11:04:01-03:00	22.40	21.74	0.34	108876	0	1	275142	36bfe40eed33c8b8cb491894acd6f63c05c13e0d7a15a6e6f7b9401246d94c6d
az-realjun-alta	ffd	63	none	configs/scenarios/fase1/geo9_azure_realjun_alta.yaml	2026-08-07T11:03:39-03:00	2026-08-07T11:04:00-03:00	21.21	20.65	0.39	109584	0	1	275175	36bfe40eed33c8b8cb491894acd6f63c05c13e0d7a15a6e6f7b9401246d94c6d
az-realjun-alta	ffd	64	none	configs/scenarios/fase1/geo9_azure_realjun_alta.yaml	2026-08-07T11:03:40-03:00	2026-08-07T11:04:01-03:00	20.68	19.98	0.49	108888	0	1	275198	36bfe40eed33c8b8cb491894acd6f63c05c13e0d7a15a6e6f7b9401246d94c6d
az-realjun-alta	ffd	65	none	configs/scenarios/fase1/geo9_azure_realjun_alta.yaml	2026-08-07T11:03:41-03:00	2026-08-07T11:04:07-03:00	25.73	25.13	0.36	110108	0	1	275256	36bfe40eed33c8b8cb491894acd6f63c05c13e0d7a15a6e6f7b9401246d94c6d
az-realjun-alta	ffd	66	none	configs/scenarios/fase1/geo9_azure_realjun_alta.yaml	2026-08-07T11:03:42-03:00	2026-08-07T11:04:08-03:00	26.60	25.92	0.38	108840	0	1	275277	36bfe40eed33c8b8cb491894acd6f63c05c13e0d7a15a6e6f7b9401246d94c6d
az-realjun-alta	ffd	67	none	configs/scenarios/fase1/geo9_azure_realjun_alta.yaml	2026-08-07T11:03:42-03:00	2026-08-07T11:04:04-03:00	22.26	21.73	0.33	108480	0	1	275290	36bfe40eed33c8b8cb491894acd6f63c05c13e0d7a15a6e6f7b9401246d94c6d
az-realjun-alta	ffd	68	none	configs/scenarios/fase1/geo9_azure_realjun_alta.yaml	2026-08-07T11:03:43-03:00	2026-08-07T11:04:07-03:00	24.47	23.74	0.35	108836	0	1	275304	36bfe40eed33c8b8cb491894acd6f63c05c13e0d7a15a6e6f7b9401246d94c6d
az-realjun-alta	ffd	69	none	configs/scenarios/fase1/geo9_azure_realjun_alta.yaml	2026-08-07T11:03:43-03:00	2026-08-07T11:04:07-03:00	23.63	23.05	0.35	110008	0	1	275340	36bfe40eed33c8b8cb491894acd6f63c05c13e0d7a15a6e6f7b9401246d94c6d
az-realjun-alta	ffd	70	none	configs/scenarios/fase1/geo9_azure_realjun_alta.yaml	2026-08-07T11:03:44-03:00	2026-08-07T11:04:11-03:00	26.47	25.55	0.55	109300	0	1	275363	36bfe40eed33c8b8cb491894acd6f63c05c13e0d7a15a6e6f7b9401246d94c6d
az-realjun-alta	ffd	71	none	configs/scenarios/fase1/geo9_azure_realjun_alta.yaml	2026-08-07T11:03:50-03:00	2026-08-07T11:04:15-03:00	25.75	24.89	0.35	109596	0	1	275482	36bfe40eed33c8b8cb491894acd6f63c05c13e0d7a15a6e6f7b9401246d94c6d
az-realjun-alta	first_fit	52	none	configs/scenarios/fase1/geo9_azure_realjun_alta.yaml	2026-08-07T11:01:18-03:00	2026-08-07T11:01:36-03:00	18.26	17.68	0.45	110776	0	1	270925	36bfe40eed33c8b8cb491894acd6f63c05c13e0d7a15a6e6f7b9401246d94c6d
az-realjun-alta	first_fit	53	none	configs/scenarios/fase1/geo9_azure_realjun_alta.yaml	2026-08-07T11:01:18-03:00	2026-08-07T11:01:36-03:00	18.53	18.16	0.32	110632	0	1	270948	36bfe40eed33c8b8cb491894acd6f63c05c13e0d7a15a6e6f7b9401246d94c6d
az-realjun-alta	first_fit	54	none	configs/scenarios/fase1/geo9_azure_realjun_alta.yaml	2026-08-07T11:01:18-03:00	2026-08-07T11:01:43-03:00	24.95	24.41	0.36	111040	0	1	270961	36bfe40eed33c8b8cb491894acd6f63c05c13e0d7a15a6e6f7b9401246d94c6d
az-realjun-alta	first_fit	55	none	configs/scenarios/fase1/geo9_azure_realjun_alta.yaml	2026-08-07T11:01:18-03:00	2026-08-07T11:01:43-03:00	24.99	24.49	0.33	110072	0	1	270974	36bfe40eed33c8b8cb491894acd6f63c05c13e0d7a15a6e6f7b9401246d94c6d
az-realjun-alta	first_fit	56	none	configs/scenarios/fase1/geo9_azure_realjun_alta.yaml	2026-08-07T11:01:18-03:00	2026-08-07T11:01:42-03:00	23.58	23.07	0.31	106800	0	1	270987	36bfe40eed33c8b8cb491894acd6f63c05c13e0d7a15a6e6f7b9401246d94c6d
az-realjun-alta	first_fit	57	none	configs/scenarios/fase1/geo9_azure_realjun_alta.yaml	2026-08-07T11:01:19-03:00	2026-08-07T11:01:42-03:00	23.52	22.95	0.40	109680	0	1	271008	36bfe40eed33c8b8cb491894acd6f63c05c13e0d7a15a6e6f7b9401246d94c6d
az-realjun-alta	first_fit	58	none	configs/scenarios/fase1/geo9_azure_realjun_alta.yaml	2026-08-07T11:01:19-03:00	2026-08-07T11:01:41-03:00	21.93	21.47	0.33	110716	0	1	271009	36bfe40eed33c8b8cb491894acd6f63c05c13e0d7a15a6e6f7b9401246d94c6d
az-realjun-alta	first_fit	59	none	configs/scenarios/fase1/geo9_azure_realjun_alta.yaml	2026-08-07T11:01:19-03:00	2026-08-07T11:01:43-03:00	24.50	23.85	0.34	106724	0	1	271026	36bfe40eed33c8b8cb491894acd6f63c05c13e0d7a15a6e6f7b9401246d94c6d
az-realjun-alta	first_fit	60	none	configs/scenarios/fase1/geo9_azure_realjun_alta.yaml	2026-08-07T11:01:19-03:00	2026-08-07T11:01:42-03:00	23.18	22.72	0.36	110644	0	1	271046	36bfe40eed33c8b8cb491894acd6f63c05c13e0d7a15a6e6f7b9401246d94c6d
az-realjun-alta	first_fit	61	none	configs/scenarios/fase1/geo9_azure_realjun_alta.yaml	2026-08-07T11:01:19-03:00	2026-08-07T11:01:40-03:00	21.63	21.12	0.34	109616	0	1	271048	36bfe40eed33c8b8cb491894acd6f63c05c13e0d7a15a6e6f7b9401246d94c6d
az-realjun-alta	first_fit	62	none	configs/scenarios/fase1/geo9_azure_realjun_alta.yaml	2026-08-07T11:01:19-03:00	2026-08-07T11:01:43-03:00	24.52	24.02	0.35	110716	0	1	271075	36bfe40eed33c8b8cb491894acd6f63c05c13e0d7a15a6e6f7b9401246d94c6d
az-realjun-alta	first_fit	63	none	configs/scenarios/fase1/geo9_azure_realjun_alta.yaml	2026-08-07T11:01:19-03:00	2026-08-07T11:01:41-03:00	22.31	21.80	0.36	110600	0	1	271093	36bfe40eed33c8b8cb491894acd6f63c05c13e0d7a15a6e6f7b9401246d94c6d
az-realjun-alta	first_fit	64	none	configs/scenarios/fase1/geo9_azure_realjun_alta.yaml	2026-08-07T11:01:19-03:00	2026-08-07T11:01:43-03:00	24.03	23.34	0.38	110512	0	1	271100	36bfe40eed33c8b8cb491894acd6f63c05c13e0d7a15a6e6f7b9401246d94c6d
az-realjun-alta	first_fit	65	none	configs/scenarios/fase1/geo9_azure_realjun_alta.yaml	2026-08-07T11:01:19-03:00	2026-08-07T11:01:41-03:00	22.23	21.69	0.36	110496	0	1	271124	36bfe40eed33c8b8cb491894acd6f63c05c13e0d7a15a6e6f7b9401246d94c6d
az-realjun-alta	first_fit	66	none	configs/scenarios/fase1/geo9_azure_realjun_alta.yaml	2026-08-07T11:01:36-03:00	2026-08-07T11:02:00-03:00	24.50	23.92	0.34	110340	0	1	271516	36bfe40eed33c8b8cb491894acd6f63c05c13e0d7a15a6e6f7b9401246d94c6d
az-realjun-alta	first_fit	67	none	configs/scenarios/fase1/geo9_azure_realjun_alta.yaml	2026-08-07T11:01:36-03:00	2026-08-07T11:02:01-03:00	24.75	24.08	0.35	110720	0	1	271539	36bfe40eed33c8b8cb491894acd6f63c05c13e0d7a15a6e6f7b9401246d94c6d
az-realjun-alta	first_fit	68	none	configs/scenarios/fase1/geo9_azure_realjun_alta.yaml	2026-08-07T11:01:40-03:00	2026-08-07T11:02:04-03:00	24.01	23.63	0.33	106348	0	1	271635	36bfe40eed33c8b8cb491894acd6f63c05c13e0d7a15a6e6f7b9401246d94c6d
az-realjun-alta	first_fit	69	none	configs/scenarios/fase1/geo9_azure_realjun_alta.yaml	2026-08-07T11:01:41-03:00	2026-08-07T11:02:10-03:00	29.69	28.84	0.34	106904	0	1	271648	36bfe40eed33c8b8cb491894acd6f63c05c13e0d7a15a6e6f7b9401246d94c6d
az-realjun-alta	first_fit	70	none	configs/scenarios/fase1/geo9_azure_realjun_alta.yaml	2026-08-07T11:01:41-03:00	2026-08-07T11:02:03-03:00	21.37	20.80	0.32	110520	0	1	271662	36bfe40eed33c8b8cb491894acd6f63c05c13e0d7a15a6e6f7b9401246d94c6d
az-realjun-alta	first_fit	71	none	configs/scenarios/fase1/geo9_azure_realjun_alta.yaml	2026-08-07T11:01:42-03:00	2026-08-07T11:02:06-03:00	24.66	23.95	0.35	110408	0	1	271675	36bfe40eed33c8b8cb491894acd6f63c05c13e0d7a15a6e6f7b9401246d94c6d
az-realjun-alta	follow_renewables	52	follow_renewables	configs/scenarios/fase1/geo9_azure_realjun_alta.yaml	2026-08-07T11:04:58-03:00	2026-08-07T11:15:04-03:00	605.44	600.77	0.81	193492	0	1	277503	36bfe40eed33c8b8cb491894acd6f63c05c13e0d7a15a6e6f7b9401246d94c6d
az-realjun-alta	follow_renewables	53	follow_renewables	configs/scenarios/fase1/geo9_azure_realjun_alta.yaml	2026-08-07T11:05:00-03:00	2026-08-07T11:16:23-03:00	683.03	678.37	1.18	193868	0	1	277581	36bfe40eed33c8b8cb491894acd6f63c05c13e0d7a15a6e6f7b9401246d94c6d
az-realjun-alta	follow_renewables	54	follow_renewables	configs/scenarios/fase1/geo9_azure_realjun_alta.yaml	2026-08-07T11:05:05-03:00	2026-08-07T11:13:27-03:00	501.78	497.58	1.05	193512	0	1	277732	36bfe40eed33c8b8cb491894acd6f63c05c13e0d7a15a6e6f7b9401246d94c6d
az-realjun-alta	follow_renewables	55	follow_renewables	configs/scenarios/fase1/geo9_azure_realjun_alta.yaml	2026-08-07T11:05:08-03:00	2026-08-07T11:17:04-03:00	716.23	711.05	1.12	193696	0	1	277794	36bfe40eed33c8b8cb491894acd6f63c05c13e0d7a15a6e6f7b9401246d94c6d
az-realjun-alta	follow_renewables	56	follow_renewables	configs/scenarios/fase1/geo9_azure_realjun_alta.yaml	2026-08-07T11:05:09-03:00	2026-08-07T11:14:27-03:00	558.34	553.05	1.41	195692	0	1	277817	36bfe40eed33c8b8cb491894acd6f63c05c13e0d7a15a6e6f7b9401246d94c6d
az-realjun-alta	follow_renewables	57	follow_renewables	configs/scenarios/fase1/geo9_azure_realjun_alta.yaml	2026-08-07T11:05:10-03:00	2026-08-07T11:17:41-03:00	750.35	743.62	1.75	194628	0	1	277861	36bfe40eed33c8b8cb491894acd6f63c05c13e0d7a15a6e6f7b9401246d94c6d
az-realjun-alta	follow_renewables	58	follow_renewables	configs/scenarios/fase1/geo9_azure_realjun_alta.yaml	2026-08-07T11:05:13-03:00	2026-08-07T11:15:41-03:00	628.63	624.06	1.38	194328	0	1	277927	36bfe40eed33c8b8cb491894acd6f63c05c13e0d7a15a6e6f7b9401246d94c6d
az-realjun-alta	follow_renewables	59	follow_renewables	configs/scenarios/fase1/geo9_azure_realjun_alta.yaml	2026-08-07T11:05:15-03:00	2026-08-07T11:20:49-03:00	934.24	928.21	1.30	194420	0	1	277973	36bfe40eed33c8b8cb491894acd6f63c05c13e0d7a15a6e6f7b9401246d94c6d
az-realjun-alta	follow_renewables	60	follow_renewables	configs/scenarios/fase1/geo9_azure_realjun_alta.yaml	2026-08-07T11:05:16-03:00	2026-08-07T11:22:20-03:00	1024.06	1018.47	0.80	192912	0	1	278006	36bfe40eed33c8b8cb491894acd6f63c05c13e0d7a15a6e6f7b9401246d94c6d
az-realjun-alta	follow_renewables	61	follow_renewables	configs/scenarios/fase1/geo9_azure_realjun_alta.yaml	2026-08-07T11:05:17-03:00	2026-08-07T11:20:23-03:00	906.25	900.83	1.01	190216	0	1	278029	36bfe40eed33c8b8cb491894acd6f63c05c13e0d7a15a6e6f7b9401246d94c6d
az-realjun-alta	follow_renewables	62	follow_renewables	configs/scenarios/fase1/geo9_azure_realjun_alta.yaml	2026-08-07T11:05:19-03:00	2026-08-07T11:18:50-03:00	810.78	805.88	0.76	192624	0	1	278093	36bfe40eed33c8b8cb491894acd6f63c05c13e0d7a15a6e6f7b9401246d94c6d
az-realjun-alta	follow_renewables	63	follow_renewables	configs/scenarios/fase1/geo9_azure_realjun_alta.yaml	2026-08-07T11:05:19-03:00	2026-08-07T11:15:22-03:00	603.40	599.12	0.92	191384	0	1	278106	36bfe40eed33c8b8cb491894acd6f63c05c13e0d7a15a6e6f7b9401246d94c6d
az-realjun-alta	follow_renewables	64	follow_renewables	configs/scenarios/fase1/geo9_azure_realjun_alta.yaml	2026-08-07T11:05:21-03:00	2026-08-07T11:16:10-03:00	649.59	644.63	1.14	193208	0	1	278147	36bfe40eed33c8b8cb491894acd6f63c05c13e0d7a15a6e6f7b9401246d94c6d
az-realjun-alta	follow_renewables	65	follow_renewables	configs/scenarios/fase1/geo9_azure_realjun_alta.yaml	2026-08-07T11:05:23-03:00	2026-08-07T11:15:23-03:00	599.66	594.64	1.40	192716	0	1	278212	36bfe40eed33c8b8cb491894acd6f63c05c13e0d7a15a6e6f7b9401246d94c6d
az-realjun-alta	follow_renewables	66	follow_renewables	configs/scenarios/fase1/geo9_azure_realjun_alta.yaml	2026-08-07T11:13:27-03:00	2026-08-07T11:24:28-03:00	660.34	656.46	2.29	191388	0	1	288793	36bfe40eed33c8b8cb491894acd6f63c05c13e0d7a15a6e6f7b9401246d94c6d
az-realjun-alta	follow_renewables	67	follow_renewables	configs/scenarios/fase1/geo9_azure_realjun_alta.yaml	2026-08-07T11:14:27-03:00	2026-08-07T11:31:54-03:00	1046.51	1042.06	1.36	192480	0	1	289969	36bfe40eed33c8b8cb491894acd6f63c05c13e0d7a15a6e6f7b9401246d94c6d
az-realjun-alta	follow_renewables	68	follow_renewables	configs/scenarios/fase1/geo9_azure_realjun_alta.yaml	2026-08-07T11:15:04-03:00	2026-08-07T11:26:54-03:00	710.28	706.89	1.44	190492	0	1	290770	36bfe40eed33c8b8cb491894acd6f63c05c13e0d7a15a6e6f7b9401246d94c6d
az-realjun-alta	follow_renewables	69	follow_renewables	configs/scenarios/fase1/geo9_azure_realjun_alta.yaml	2026-08-07T11:15:23-03:00	2026-08-07T11:26:20-03:00	657.01	654.43	0.91	191160	0	1	291161	36bfe40eed33c8b8cb491894acd6f63c05c13e0d7a15a6e6f7b9401246d94c6d
az-realjun-alta	follow_renewables	70	follow_renewables	configs/scenarios/fase1/geo9_azure_realjun_alta.yaml	2026-08-07T11:15:23-03:00	2026-08-07T11:26:18-03:00	655.65	652.90	0.84	191828	0	1	291174	36bfe40eed33c8b8cb491894acd6f63c05c13e0d7a15a6e6f7b9401246d94c6d
az-realjun-alta	follow_renewables	71	follow_renewables	configs/scenarios/fase1/geo9_azure_realjun_alta.yaml	2026-08-07T11:15:41-03:00	2026-08-07T11:30:12-03:00	870.60	867.07	0.69	193588	0	1	291576	36bfe40eed33c8b8cb491894acd6f63c05c13e0d7a15a6e6f7b9401246d94c6d
az-realjun-alta	followme_s	52	followme_s	configs/scenarios/fase1/geo9_azure_realjun_alta.yaml	2026-08-07T11:18:31-03:00	2026-08-07T11:23:43-03:00	312.86	311.38	0.49	124416	0	1	295217	36bfe40eed33c8b8cb491894acd6f63c05c13e0d7a15a6e6f7b9401246d94c6d
az-realjun-alta	followme_s	53	followme_s	configs/scenarios/fase1/geo9_azure_realjun_alta.yaml	2026-08-07T11:18:45-03:00	2026-08-07T11:23:37-03:00	291.90	290.68	0.52	125972	0	1	295518	36bfe40eed33c8b8cb491894acd6f63c05c13e0d7a15a6e6f7b9401246d94c6d
az-realjun-alta	followme_s	54	followme_s	configs/scenarios/fase1/geo9_azure_realjun_alta.yaml	2026-08-07T11:18:48-03:00	2026-08-07T11:22:42-03:00	234.32	233.16	0.47	127552	0	1	295583	36bfe40eed33c8b8cb491894acd6f63c05c13e0d7a15a6e6f7b9401246d94c6d
az-realjun-alta	followme_s	55	followme_s	configs/scenarios/fase1/geo9_azure_realjun_alta.yaml	2026-08-07T11:18:50-03:00	2026-08-07T11:22:43-03:00	233.56	232.23	0.59	128396	0	1	295628	36bfe40eed33c8b8cb491894acd6f63c05c13e0d7a15a6e6f7b9401246d94c6d
az-realjun-alta	followme_s	56	followme_s	configs/scenarios/fase1/geo9_azure_realjun_alta.yaml	2026-08-07T11:18:53-03:00	2026-08-07T11:25:19-03:00	386.19	384.13	0.65	126500	0	1	295701	36bfe40eed33c8b8cb491894acd6f63c05c13e0d7a15a6e6f7b9401246d94c6d
az-realjun-alta	followme_s	57	followme_s	configs/scenarios/fase1/geo9_azure_realjun_alta.yaml	2026-08-07T11:20:23-03:00	2026-08-07T11:25:28-03:00	304.58	302.79	0.53	127120	0	1	297612	36bfe40eed33c8b8cb491894acd6f63c05c13e0d7a15a6e6f7b9401246d94c6d
az-realjun-alta	followme_s	58	followme_s	configs/scenarios/fase1/geo9_azure_realjun_alta.yaml	2026-08-07T11:20:49-03:00	2026-08-07T11:25:23-03:00	273.77	272.46	0.47	128396	0	1	298121	36bfe40eed33c8b8cb491894acd6f63c05c13e0d7a15a6e6f7b9401246d94c6d
az-realjun-alta	followme_s	59	followme_s	configs/scenarios/fase1/geo9_azure_realjun_alta.yaml	2026-08-07T11:22:20-03:00	2026-08-07T11:28:00-03:00	340.61	338.71	0.87	127192	0	1	299986	36bfe40eed33c8b8cb491894acd6f63c05c13e0d7a15a6e6f7b9401246d94c6d
az-realjun-alta	followme_s	60	followme_s	configs/scenarios/fase1/geo9_azure_realjun_alta.yaml	2026-08-07T11:22:42-03:00	2026-08-07T11:26:56-03:00	253.43	251.93	0.51	126924	0	1	300468	36bfe40eed33c8b8cb491894acd6f63c05c13e0d7a15a6e6f7b9401246d94c6d
az-realjun-alta	followme_s	61	followme_s	configs/scenarios/fase1/geo9_azure_realjun_alta.yaml	2026-08-07T11:22:43-03:00	2026-08-07T11:26:54-03:00	250.65	249.32	0.47	125920	0	1	300492	36bfe40eed33c8b8cb491894acd6f63c05c13e0d7a15a6e6f7b9401246d94c6d
az-realjun-alta	followme_s	62	followme_s	configs/scenarios/fase1/geo9_azure_realjun_alta.yaml	2026-08-07T11:23:37-03:00	2026-08-07T11:30:05-03:00	388.53	386.41	0.64	128144	0	1	301574	36bfe40eed33c8b8cb491894acd6f63c05c13e0d7a15a6e6f7b9401246d94c6d
az-realjun-alta	followme_s	63	followme_s	configs/scenarios/fase1/geo9_azure_realjun_alta.yaml	2026-08-07T11:23:43-03:00	2026-08-07T11:29:37-03:00	353.23	351.75	0.81	127820	0	1	301753	36bfe40eed33c8b8cb491894acd6f63c05c13e0d7a15a6e6f7b9401246d94c6d
az-realjun-alta	followme_s	64	followme_s	configs/scenarios/fase1/geo9_azure_realjun_alta.yaml	2026-08-07T11:24:28-03:00	2026-08-07T11:30:39-03:00	371.46	369.21	0.50	126664	0	1	302631	36bfe40eed33c8b8cb491894acd6f63c05c13e0d7a15a6e6f7b9401246d94c6d
az-realjun-alta	followme_s	65	followme_s	configs/scenarios/fase1/geo9_azure_realjun_alta.yaml	2026-08-07T11:25:19-03:00	2026-08-07T11:30:19-03:00	300.01	298.83	0.47	128316	0	1	303704	36bfe40eed33c8b8cb491894acd6f63c05c13e0d7a15a6e6f7b9401246d94c6d
az-realjun-alta	followme_s	66	followme_s	configs/scenarios/fase1/geo9_azure_realjun_alta.yaml	2026-08-07T11:25:23-03:00	2026-08-07T11:32:10-03:00	406.90	405.30	0.58	126464	0	1	303782	36bfe40eed33c8b8cb491894acd6f63c05c13e0d7a15a6e6f7b9401246d94c6d
az-realjun-alta	followme_s	67	followme_s	configs/scenarios/fase1/geo9_azure_realjun_alta.yaml	2026-08-07T11:25:28-03:00	2026-08-07T11:31:05-03:00	337.53	336.05	0.45	126584	0	1	303886	36bfe40eed33c8b8cb491894acd6f63c05c13e0d7a15a6e6f7b9401246d94c6d
az-realjun-alta	followme_s	68	followme_s	configs/scenarios/fase1/geo9_azure_realjun_alta.yaml	2026-08-07T11:26:18-03:00	2026-08-07T11:30:53-03:00	274.88	273.05	0.67	122676	0	1	304912	36bfe40eed33c8b8cb491894acd6f63c05c13e0d7a15a6e6f7b9401246d94c6d
az-realjun-alta	followme_s	69	followme_s	configs/scenarios/fase1/geo9_azure_realjun_alta.yaml	2026-08-07T11:26:20-03:00	2026-08-07T11:30:42-03:00	262.30	261.01	0.51	127764	0	1	304965	36bfe40eed33c8b8cb491894acd6f63c05c13e0d7a15a6e6f7b9401246d94c6d
az-realjun-alta	followme_s	70	followme_s	configs/scenarios/fase1/geo9_azure_realjun_alta.yaml	2026-08-07T11:26:54-03:00	2026-08-07T11:31:08-03:00	254.22	252.94	0.50	127388	0	1	305636	36bfe40eed33c8b8cb491894acd6f63c05c13e0d7a15a6e6f7b9401246d94c6d
az-realjun-alta	followme_s	71	followme_s	configs/scenarios/fase1/geo9_azure_realjun_alta.yaml	2026-08-07T11:26:54-03:00	2026-08-07T11:34:04-03:00	430.09	428.11	0.49	126348	0	1	305649	36bfe40eed33c8b8cb491894acd6f63c05c13e0d7a15a6e6f7b9401246d94c6d
az-realjun-alta	lowest_carbon_dc	52	none	configs/scenarios/fase1/geo9_azure_realjun_alta.yaml	2026-08-07T11:04:27-03:00	2026-08-07T11:04:52-03:00	24.08	23.28	0.36	111236	0	1	276567	36bfe40eed33c8b8cb491894acd6f63c05c13e0d7a15a6e6f7b9401246d94c6d
az-realjun-alta	lowest_carbon_dc	53	none	configs/scenarios/fase1/geo9_azure_realjun_alta.yaml	2026-08-07T11:04:28-03:00	2026-08-07T11:04:53-03:00	24.90	23.97	0.43	110756	0	1	276580	36bfe40eed33c8b8cb491894acd6f63c05c13e0d7a15a6e6f7b9401246d94c6d
az-realjun-alta	lowest_carbon_dc	54	none	configs/scenarios/fase1/geo9_azure_realjun_alta.yaml	2026-08-07T11:04:29-03:00	2026-08-07T11:04:52-03:00	23.69	22.64	0.34	110688	0	1	276613	36bfe40eed33c8b8cb491894acd6f63c05c13e0d7a15a6e6f7b9401246d94c6d
az-realjun-alta	lowest_carbon_dc	55	none	configs/scenarios/fase1/geo9_azure_realjun_alta.yaml	2026-08-07T11:04:31-03:00	2026-08-07T11:05:00-03:00	29.53	28.68	0.36	106480	0	1	276664	36bfe40eed33c8b8cb491894acd6f63c05c13e0d7a15a6e6f7b9401246d94c6d
az-realjun-alta	lowest_carbon_dc	56	none	configs/scenarios/fase1/geo9_azure_realjun_alta.yaml	2026-08-07T11:04:31-03:00	2026-08-07T11:04:57-03:00	26.43	25.58	0.37	107200	0	1	276677	36bfe40eed33c8b8cb491894acd6f63c05c13e0d7a15a6e6f7b9401246d94c6d
az-realjun-alta	lowest_carbon_dc	57	none	configs/scenarios/fase1/geo9_azure_realjun_alta.yaml	2026-08-07T11:04:33-03:00	2026-08-07T11:04:58-03:00	25.02	24.23	0.34	110656	0	1	276741	36bfe40eed33c8b8cb491894acd6f63c05c13e0d7a15a6e6f7b9401246d94c6d
az-realjun-alta	lowest_carbon_dc	58	none	configs/scenarios/fase1/geo9_azure_realjun_alta.yaml	2026-08-07T11:04:34-03:00	2026-08-07T11:04:58-03:00	23.49	22.87	0.32	108220	0	1	276799	36bfe40eed33c8b8cb491894acd6f63c05c13e0d7a15a6e6f7b9401246d94c6d
az-realjun-alta	lowest_carbon_dc	59	none	configs/scenarios/fase1/geo9_azure_realjun_alta.yaml	2026-08-07T11:04:37-03:00	2026-08-07T11:04:58-03:00	21.53	20.72	0.34	110192	0	1	276881	36bfe40eed33c8b8cb491894acd6f63c05c13e0d7a15a6e6f7b9401246d94c6d
az-realjun-alta	lowest_carbon_dc	60	none	configs/scenarios/fase1/geo9_azure_realjun_alta.yaml	2026-08-07T11:04:39-03:00	2026-08-07T11:05:05-03:00	26.29	25.19	0.42	110452	0	1	276955	36bfe40eed33c8b8cb491894acd6f63c05c13e0d7a15a6e6f7b9401246d94c6d
az-realjun-alta	lowest_carbon_dc	61	none	configs/scenarios/fase1/geo9_azure_realjun_alta.yaml	2026-08-07T11:04:43-03:00	2026-08-07T11:05:09-03:00	25.87	24.99	0.49	110220	0	1	277052	36bfe40eed33c8b8cb491894acd6f63c05c13e0d7a15a6e6f7b9401246d94c6d
az-realjun-alta	lowest_carbon_dc	62	none	configs/scenarios/fase1/geo9_azure_realjun_alta.yaml	2026-08-07T11:04:43-03:00	2026-08-07T11:05:13-03:00	29.27	28.62	0.40	107692	0	1	277065	36bfe40eed33c8b8cb491894acd6f63c05c13e0d7a15a6e6f7b9401246d94c6d
az-realjun-alta	lowest_carbon_dc	63	none	configs/scenarios/fase1/geo9_azure_realjun_alta.yaml	2026-08-07T11:04:44-03:00	2026-08-07T11:05:08-03:00	23.33	22.74	0.34	112576	0	1	277091	36bfe40eed33c8b8cb491894acd6f63c05c13e0d7a15a6e6f7b9401246d94c6d
az-realjun-alta	lowest_carbon_dc	64	none	configs/scenarios/fase1/geo9_azure_realjun_alta.yaml	2026-08-07T11:04:52-03:00	2026-08-07T11:05:17-03:00	25.30	24.79	0.34	107144	0	1	277250	36bfe40eed33c8b8cb491894acd6f63c05c13e0d7a15a6e6f7b9401246d94c6d
az-realjun-alta	lowest_carbon_dc	65	none	configs/scenarios/fase1/geo9_azure_realjun_alta.yaml	2026-08-07T11:04:52-03:00	2026-08-07T11:05:21-03:00	28.62	28.01	0.42	111400	0	1	277274	36bfe40eed33c8b8cb491894acd6f63c05c13e0d7a15a6e6f7b9401246d94c6d
az-realjun-alta	lowest_carbon_dc	66	none	configs/scenarios/fase1/geo9_azure_realjun_alta.yaml	2026-08-07T11:04:52-03:00	2026-08-07T11:05:16-03:00	23.33	22.85	0.37	109724	0	1	277287	36bfe40eed33c8b8cb491894acd6f63c05c13e0d7a15a6e6f7b9401246d94c6d
az-realjun-alta	lowest_carbon_dc	67	none	configs/scenarios/fase1/geo9_azure_realjun_alta.yaml	2026-08-07T11:04:52-03:00	2026-08-07T11:05:10-03:00	17.99	17.51	0.29	109988	0	1	277319	36bfe40eed33c8b8cb491894acd6f63c05c13e0d7a15a6e6f7b9401246d94c6d
az-realjun-alta	lowest_carbon_dc	68	none	configs/scenarios/fase1/geo9_azure_realjun_alta.yaml	2026-08-07T11:04:53-03:00	2026-08-07T11:05:15-03:00	22.00	21.41	0.42	109732	0	1	277332	36bfe40eed33c8b8cb491894acd6f63c05c13e0d7a15a6e6f7b9401246d94c6d
az-realjun-alta	lowest_carbon_dc	69	none	configs/scenarios/fase1/geo9_azure_realjun_alta.yaml	2026-08-07T11:04:57-03:00	2026-08-07T11:05:19-03:00	21.54	21.06	0.34	107048	0	1	277434	36bfe40eed33c8b8cb491894acd6f63c05c13e0d7a15a6e6f7b9401246d94c6d
az-realjun-alta	lowest_carbon_dc	70	none	configs/scenarios/fase1/geo9_azure_realjun_alta.yaml	2026-08-07T11:04:58-03:00	2026-08-07T11:05:19-03:00	21.50	21.03	0.35	110472	0	1	277467	36bfe40eed33c8b8cb491894acd6f63c05c13e0d7a15a6e6f7b9401246d94c6d
az-realjun-alta	lowest_carbon_dc	71	none	configs/scenarios/fase1/geo9_azure_realjun_alta.yaml	2026-08-07T11:04:58-03:00	2026-08-07T11:05:23-03:00	25.34	24.82	0.33	110428	0	1	277480	36bfe40eed33c8b8cb491894acd6f63c05c13e0d7a15a6e6f7b9401246d94c6d
az-realjun-alta	round_robin	52	none	configs/scenarios/fase1/geo9_azure_realjun_alta.yaml	2026-08-07T11:02:48-03:00	2026-08-07T11:03:15-03:00	27.64	27.04	0.33	110748	0	1	273669	36bfe40eed33c8b8cb491894acd6f63c05c13e0d7a15a6e6f7b9401246d94c6d
az-realjun-alta	round_robin	53	none	configs/scenarios/fase1/geo9_azure_realjun_alta.yaml	2026-08-07T11:02:49-03:00	2026-08-07T11:03:09-03:00	19.99	19.47	0.33	110824	0	1	273706	36bfe40eed33c8b8cb491894acd6f63c05c13e0d7a15a6e6f7b9401246d94c6d
az-realjun-alta	round_robin	54	none	configs/scenarios/fase1/geo9_azure_realjun_alta.yaml	2026-08-07T11:02:49-03:00	2026-08-07T11:03:14-03:00	25.15	24.56	0.35	109948	0	1	273712	36bfe40eed33c8b8cb491894acd6f63c05c13e0d7a15a6e6f7b9401246d94c6d
az-realjun-alta	round_robin	55	none	configs/scenarios/fase1/geo9_azure_realjun_alta.yaml	2026-08-07T11:02:51-03:00	2026-08-07T11:03:19-03:00	27.90	27.26	0.33	110752	0	1	273790	36bfe40eed33c8b8cb491894acd6f63c05c13e0d7a15a6e6f7b9401246d94c6d
az-realjun-alta	round_robin	56	none	configs/scenarios/fase1/geo9_azure_realjun_alta.yaml	2026-08-07T11:02:52-03:00	2026-08-07T11:03:15-03:00	23.32	22.78	0.32	111300	0	1	273817	36bfe40eed33c8b8cb491894acd6f63c05c13e0d7a15a6e6f7b9401246d94c6d
az-realjun-alta	round_robin	57	none	configs/scenarios/fase1/geo9_azure_realjun_alta.yaml	2026-08-07T11:02:53-03:00	2026-08-07T11:03:14-03:00	21.31	20.88	0.35	111300	0	1	273844	36bfe40eed33c8b8cb491894acd6f63c05c13e0d7a15a6e6f7b9401246d94c6d
az-realjun-alta	round_robin	58	none	configs/scenarios/fase1/geo9_azure_realjun_alta.yaml	2026-08-07T11:02:53-03:00	2026-08-07T11:03:19-03:00	26.10	25.51	0.37	111780	0	1	273857	36bfe40eed33c8b8cb491894acd6f63c05c13e0d7a15a6e6f7b9401246d94c6d
az-realjun-alta	round_robin	59	none	configs/scenarios/fase1/geo9_azure_realjun_alta.yaml	2026-08-07T11:02:53-03:00	2026-08-07T11:03:08-03:00	14.30	13.84	0.31	110956	0	1	273880	36bfe40eed33c8b8cb491894acd6f63c05c13e0d7a15a6e6f7b9401246d94c6d
az-realjun-alta	round_robin	60	none	configs/scenarios/fase1/geo9_azure_realjun_alta.yaml	2026-08-07T11:02:55-03:00	2026-08-07T11:03:17-03:00	22.62	22.02	0.34	111168	0	1	273921	36bfe40eed33c8b8cb491894acd6f63c05c13e0d7a15a6e6f7b9401246d94c6d
az-realjun-alta	round_robin	61	none	configs/scenarios/fase1/geo9_azure_realjun_alta.yaml	2026-08-07T11:02:56-03:00	2026-08-07T11:03:20-03:00	24.14	23.48	0.33	110328	0	1	273975	36bfe40eed33c8b8cb491894acd6f63c05c13e0d7a15a6e6f7b9401246d94c6d
az-realjun-alta	round_robin	62	none	configs/scenarios/fase1/geo9_azure_realjun_alta.yaml	2026-08-07T11:03:04-03:00	2026-08-07T11:03:24-03:00	19.84	19.23	0.32	110008	0	1	274138	36bfe40eed33c8b8cb491894acd6f63c05c13e0d7a15a6e6f7b9401246d94c6d
az-realjun-alta	round_robin	63	none	configs/scenarios/fase1/geo9_azure_realjun_alta.yaml	2026-08-07T11:03:08-03:00	2026-08-07T11:03:33-03:00	25.16	24.46	0.35	107632	0	1	274244	36bfe40eed33c8b8cb491894acd6f63c05c13e0d7a15a6e6f7b9401246d94c6d
az-realjun-alta	round_robin	64	none	configs/scenarios/fase1/geo9_azure_realjun_alta.yaml	2026-08-07T11:03:09-03:00	2026-08-07T11:03:31-03:00	21.88	21.10	0.31	110648	0	1	274278	36bfe40eed33c8b8cb491894acd6f63c05c13e0d7a15a6e6f7b9401246d94c6d
az-realjun-alta	round_robin	65	none	configs/scenarios/fase1/geo9_azure_realjun_alta.yaml	2026-08-07T11:03:10-03:00	2026-08-07T11:03:31-03:00	21.13	20.43	0.32	110728	0	1	274302	36bfe40eed33c8b8cb491894acd6f63c05c13e0d7a15a6e6f7b9401246d94c6d
az-realjun-alta	round_robin	66	none	configs/scenarios/fase1/geo9_azure_realjun_alta.yaml	2026-08-07T11:03:10-03:00	2026-08-07T11:03:36-03:00	26.02	25.11	0.38	110832	0	1	274326	36bfe40eed33c8b8cb491894acd6f63c05c13e0d7a15a6e6f7b9401246d94c6d
az-realjun-alta	round_robin	67	none	configs/scenarios/fase1/geo9_azure_realjun_alta.yaml	2026-08-07T11:03:14-03:00	2026-08-07T11:03:43-03:00	28.59	27.80	0.43	111096	0	1	274423	36bfe40eed33c8b8cb491894acd6f63c05c13e0d7a15a6e6f7b9401246d94c6d
az-realjun-alta	round_robin	68	none	configs/scenarios/fase1/geo9_azure_realjun_alta.yaml	2026-08-07T11:03:14-03:00	2026-08-07T11:03:38-03:00	23.32	22.63	0.35	110324	0	1	274439	36bfe40eed33c8b8cb491894acd6f63c05c13e0d7a15a6e6f7b9401246d94c6d
az-realjun-alta	round_robin	69	none	configs/scenarios/fase1/geo9_azure_realjun_alta.yaml	2026-08-07T11:03:15-03:00	2026-08-07T11:03:42-03:00	27.14	26.52	0.33	111260	0	1	274452	36bfe40eed33c8b8cb491894acd6f63c05c13e0d7a15a6e6f7b9401246d94c6d
az-realjun-alta	round_robin	70	none	configs/scenarios/fase1/geo9_azure_realjun_alta.yaml	2026-08-07T11:03:15-03:00	2026-08-07T11:03:42-03:00	26.46	25.59	0.36	110204	0	1	274475	36bfe40eed33c8b8cb491894acd6f63c05c13e0d7a15a6e6f7b9401246d94c6d
az-realjun-alta	round_robin	71	none	configs/scenarios/fase1/geo9_azure_realjun_alta.yaml	2026-08-07T11:03:15-03:00	2026-08-07T11:03:39-03:00	23.72	23.05	0.35	111280	0	1	274488	36bfe40eed33c8b8cb491894acd6f63c05c13e0d7a15a6e6f7b9401246d94c6d
az-realjun-alta	worst_fit	52	none	configs/scenarios/fase1/geo9_azure_realjun_alta.yaml	2026-08-07T11:02:10-03:00	2026-08-07T11:02:36-03:00	25.43	24.97	0.32	108520	0	1	272577	36bfe40eed33c8b8cb491894acd6f63c05c13e0d7a15a6e6f7b9401246d94c6d
az-realjun-alta	worst_fit	53	none	configs/scenarios/fase1/geo9_azure_realjun_alta.yaml	2026-08-07T11:02:11-03:00	2026-08-07T11:02:29-03:00	18.81	18.30	0.34	108524	0	1	272600	36bfe40eed33c8b8cb491894acd6f63c05c13e0d7a15a6e6f7b9401246d94c6d
az-realjun-alta	worst_fit	54	none	configs/scenarios/fase1/geo9_azure_realjun_alta.yaml	2026-08-07T11:02:20-03:00	2026-08-07T11:02:44-03:00	24.56	24.07	0.36	108976	0	1	272802	36bfe40eed33c8b8cb491894acd6f63c05c13e0d7a15a6e6f7b9401246d94c6d
az-realjun-alta	worst_fit	55	none	configs/scenarios/fase1/geo9_azure_realjun_alta.yaml	2026-08-07T11:02:21-03:00	2026-08-07T11:02:42-03:00	21.19	20.70	0.34	108388	0	1	272855	36bfe40eed33c8b8cb491894acd6f63c05c13e0d7a15a6e6f7b9401246d94c6d
az-realjun-alta	worst_fit	56	none	configs/scenarios/fase1/geo9_azure_realjun_alta.yaml	2026-08-07T11:02:24-03:00	2026-08-07T11:02:47-03:00	22.81	22.27	0.35	108860	0	1	272919	36bfe40eed33c8b8cb491894acd6f63c05c13e0d7a15a6e6f7b9401246d94c6d
az-realjun-alta	worst_fit	57	none	configs/scenarios/fase1/geo9_azure_realjun_alta.yaml	2026-08-07T11:02:25-03:00	2026-08-07T11:02:48-03:00	22.48	21.75	0.43	108812	0	1	272953	36bfe40eed33c8b8cb491894acd6f63c05c13e0d7a15a6e6f7b9401246d94c6d
az-realjun-alta	worst_fit	58	none	configs/scenarios/fase1/geo9_azure_realjun_alta.yaml	2026-08-07T11:02:26-03:00	2026-08-07T11:02:47-03:00	20.99	20.47	0.34	108700	0	1	272997	36bfe40eed33c8b8cb491894acd6f63c05c13e0d7a15a6e6f7b9401246d94c6d
az-realjun-alta	worst_fit	59	none	configs/scenarios/fase1/geo9_azure_realjun_alta.yaml	2026-08-07T11:02:26-03:00	2026-08-07T11:02:49-03:00	23.06	22.53	0.35	108432	0	1	273010	36bfe40eed33c8b8cb491894acd6f63c05c13e0d7a15a6e6f7b9401246d94c6d
az-realjun-alta	worst_fit	60	none	configs/scenarios/fase1/geo9_azure_realjun_alta.yaml	2026-08-07T11:02:29-03:00	2026-08-07T11:02:53-03:00	24.72	24.11	0.36	108328	0	1	273062	36bfe40eed33c8b8cb491894acd6f63c05c13e0d7a15a6e6f7b9401246d94c6d
az-realjun-alta	worst_fit	61	none	configs/scenarios/fase1/geo9_azure_realjun_alta.yaml	2026-08-07T11:02:29-03:00	2026-08-07T11:02:55-03:00	25.44	24.90	0.39	108436	0	1	273096	36bfe40eed33c8b8cb491894acd6f63c05c13e0d7a15a6e6f7b9401246d94c6d
az-realjun-alta	worst_fit	62	none	configs/scenarios/fase1/geo9_azure_realjun_alta.yaml	2026-08-07T11:02:29-03:00	2026-08-07T11:02:49-03:00	19.46	19.02	0.32	108736	0	1	273109	36bfe40eed33c8b8cb491894acd6f63c05c13e0d7a15a6e6f7b9401246d94c6d
az-realjun-alta	worst_fit	63	none	configs/scenarios/fase1/geo9_azure_realjun_alta.yaml	2026-08-07T11:02:30-03:00	2026-08-07T11:02:52-03:00	21.83	21.38	0.34	108768	0	1	273135	36bfe40eed33c8b8cb491894acd6f63c05c13e0d7a15a6e6f7b9401246d94c6d
az-realjun-alta	worst_fit	64	none	configs/scenarios/fase1/geo9_azure_realjun_alta.yaml	2026-08-07T11:02:30-03:00	2026-08-07T11:02:53-03:00	23.02	22.51	0.32	108660	0	1	273167	36bfe40eed33c8b8cb491894acd6f63c05c13e0d7a15a6e6f7b9401246d94c6d
az-realjun-alta	worst_fit	65	none	configs/scenarios/fase1/geo9_azure_realjun_alta.yaml	2026-08-07T11:02:31-03:00	2026-08-07T11:02:51-03:00	20.50	20.10	0.31	108972	0	1	273186	36bfe40eed33c8b8cb491894acd6f63c05c13e0d7a15a6e6f7b9401246d94c6d
az-realjun-alta	worst_fit	66	none	configs/scenarios/fase1/geo9_azure_realjun_alta.yaml	2026-08-07T11:02:31-03:00	2026-08-07T11:02:53-03:00	22.05	21.59	0.35	108904	0	1	273209	36bfe40eed33c8b8cb491894acd6f63c05c13e0d7a15a6e6f7b9401246d94c6d
az-realjun-alta	worst_fit	67	none	configs/scenarios/fase1/geo9_azure_realjun_alta.yaml	2026-08-07T11:02:36-03:00	2026-08-07T11:02:56-03:00	20.29	19.85	0.34	108764	0	1	273353	36bfe40eed33c8b8cb491894acd6f63c05c13e0d7a15a6e6f7b9401246d94c6d
az-realjun-alta	worst_fit	68	none	configs/scenarios/fase1/geo9_azure_realjun_alta.yaml	2026-08-07T11:02:42-03:00	2026-08-07T11:03:04-03:00	21.71	21.24	0.34	108208	0	1	273486	36bfe40eed33c8b8cb491894acd6f63c05c13e0d7a15a6e6f7b9401246d94c6d
az-realjun-alta	worst_fit	69	none	configs/scenarios/fase1/geo9_azure_realjun_alta.yaml	2026-08-07T11:02:44-03:00	2026-08-07T11:03:10-03:00	26.04	25.56	0.34	109100	0	1	273549	36bfe40eed33c8b8cb491894acd6f63c05c13e0d7a15a6e6f7b9401246d94c6d
az-realjun-alta	worst_fit	70	none	configs/scenarios/fase1/geo9_azure_realjun_alta.yaml	2026-08-07T11:02:47-03:00	2026-08-07T11:03:15-03:00	28.02	27.32	0.34	108776	0	1	273622	36bfe40eed33c8b8cb491894acd6f63c05c13e0d7a15a6e6f7b9401246d94c6d
az-realjun-alta	worst_fit	71	none	configs/scenarios/fase1/geo9_azure_realjun_alta.yaml	2026-08-07T11:02:47-03:00	2026-08-07T11:03:10-03:00	22.94	22.46	0.35	108892	0	1	273635	36bfe40eed33c8b8cb491894acd6f63c05c13e0d7a15a6e6f7b9401246d94c6d
az-realjun-alta	wsnb	52	none	configs/scenarios/fase1/geo9_azure_realjun_alta.yaml	2026-08-07T11:16:10-03:00	2026-08-07T11:16:37-03:00	26.82	26.23	0.41	111216	0	1	292126	36bfe40eed33c8b8cb491894acd6f63c05c13e0d7a15a6e6f7b9401246d94c6d
az-realjun-alta	wsnb	53	none	configs/scenarios/fase1/geo9_azure_realjun_alta.yaml	2026-08-07T11:16:23-03:00	2026-08-07T11:16:43-03:00	19.30	18.90	0.34	111244	0	1	292401	36bfe40eed33c8b8cb491894acd6f63c05c13e0d7a15a6e6f7b9401246d94c6d
az-realjun-alta	wsnb	54	none	configs/scenarios/fase1/geo9_azure_realjun_alta.yaml	2026-08-07T11:16:37-03:00	2026-08-07T11:17:03-03:00	26.11	25.68	0.39	107660	0	1	292712	36bfe40eed33c8b8cb491894acd6f63c05c13e0d7a15a6e6f7b9401246d94c6d
az-realjun-alta	wsnb	55	none	configs/scenarios/fase1/geo9_azure_realjun_alta.yaml	2026-08-07T11:16:43-03:00	2026-08-07T11:17:10-03:00	27.79	27.34	0.38	110396	0	1	292827	36bfe40eed33c8b8cb491894acd6f63c05c13e0d7a15a6e6f7b9401246d94c6d
az-realjun-alta	wsnb	56	none	configs/scenarios/fase1/geo9_azure_realjun_alta.yaml	2026-08-07T11:17:03-03:00	2026-08-07T11:17:31-03:00	27.54	27.07	0.38	106540	0	1	293238	36bfe40eed33c8b8cb491894acd6f63c05c13e0d7a15a6e6f7b9401246d94c6d
az-realjun-alta	wsnb	57	none	configs/scenarios/fase1/geo9_azure_realjun_alta.yaml	2026-08-07T11:17:04-03:00	2026-08-07T11:17:26-03:00	22.24	21.73	0.35	106188	0	1	293280	36bfe40eed33c8b8cb491894acd6f63c05c13e0d7a15a6e6f7b9401246d94c6d
az-realjun-alta	wsnb	58	none	configs/scenarios/fase1/geo9_azure_realjun_alta.yaml	2026-08-07T11:17:10-03:00	2026-08-07T11:17:26-03:00	15.29	14.91	0.30	107704	0	1	293412	36bfe40eed33c8b8cb491894acd6f63c05c13e0d7a15a6e6f7b9401246d94c6d
az-realjun-alta	wsnb	59	none	configs/scenarios/fase1/geo9_azure_realjun_alta.yaml	2026-08-07T11:17:26-03:00	2026-08-07T11:17:43-03:00	17.51	17.10	0.32	111076	0	1	293736	36bfe40eed33c8b8cb491894acd6f63c05c13e0d7a15a6e6f7b9401246d94c6d
az-realjun-alta	wsnb	60	none	configs/scenarios/fase1/geo9_azure_realjun_alta.yaml	2026-08-07T11:17:26-03:00	2026-08-07T11:17:50-03:00	24.01	23.62	0.34	110488	0	1	293749	36bfe40eed33c8b8cb491894acd6f63c05c13e0d7a15a6e6f7b9401246d94c6d
az-realjun-alta	wsnb	61	none	configs/scenarios/fase1/geo9_azure_realjun_alta.yaml	2026-08-07T11:17:31-03:00	2026-08-07T11:17:57-03:00	26.00	25.57	0.34	111540	0	1	293854	36bfe40eed33c8b8cb491894acd6f63c05c13e0d7a15a6e6f7b9401246d94c6d
az-realjun-alta	wsnb	62	none	configs/scenarios/fase1/geo9_azure_realjun_alta.yaml	2026-08-07T11:17:41-03:00	2026-08-07T11:18:08-03:00	27.43	26.94	0.37	110788	0	1	294057	36bfe40eed33c8b8cb491894acd6f63c05c13e0d7a15a6e6f7b9401246d94c6d
az-realjun-alta	wsnb	63	none	configs/scenarios/fase1/geo9_azure_realjun_alta.yaml	2026-08-07T11:17:43-03:00	2026-08-07T11:18:02-03:00	18.19	17.73	0.31	111040	0	1	294133	36bfe40eed33c8b8cb491894acd6f63c05c13e0d7a15a6e6f7b9401246d94c6d
az-realjun-alta	wsnb	64	none	configs/scenarios/fase1/geo9_azure_realjun_alta.yaml	2026-08-07T11:17:50-03:00	2026-08-07T11:18:17-03:00	27.25	26.56	0.65	111120	0	1	294291	36bfe40eed33c8b8cb491894acd6f63c05c13e0d7a15a6e6f7b9401246d94c6d
az-realjun-alta	wsnb	65	none	configs/scenarios/fase1/geo9_azure_realjun_alta.yaml	2026-08-07T11:17:57-03:00	2026-08-07T11:18:16-03:00	19.26	18.86	0.34	111948	0	1	294440	36bfe40eed33c8b8cb491894acd6f63c05c13e0d7a15a6e6f7b9401246d94c6d
az-realjun-alta	wsnb	66	none	configs/scenarios/fase1/geo9_azure_realjun_alta.yaml	2026-08-07T11:18:02-03:00	2026-08-07T11:18:23-03:00	21.61	21.14	0.36	106648	0	1	294541	36bfe40eed33c8b8cb491894acd6f63c05c13e0d7a15a6e6f7b9401246d94c6d
az-realjun-alta	wsnb	67	none	configs/scenarios/fase1/geo9_azure_realjun_alta.yaml	2026-08-07T11:18:08-03:00	2026-08-07T11:18:30-03:00	21.87	21.38	0.35	113188	0	1	294694	36bfe40eed33c8b8cb491894acd6f63c05c13e0d7a15a6e6f7b9401246d94c6d
az-realjun-alta	wsnb	68	none	configs/scenarios/fase1/geo9_azure_realjun_alta.yaml	2026-08-07T11:18:16-03:00	2026-08-07T11:18:45-03:00	28.58	28.16	0.32	106768	0	1	294854	36bfe40eed33c8b8cb491894acd6f63c05c13e0d7a15a6e6f7b9401246d94c6d
az-realjun-alta	wsnb	69	none	configs/scenarios/fase1/geo9_azure_realjun_alta.yaml	2026-08-07T11:18:18-03:00	2026-08-07T11:18:31-03:00	13.02	12.62	0.33	107044	0	1	294899	36bfe40eed33c8b8cb491894acd6f63c05c13e0d7a15a6e6f7b9401246d94c6d
az-realjun-alta	wsnb	70	none	configs/scenarios/fase1/geo9_azure_realjun_alta.yaml	2026-08-07T11:18:23-03:00	2026-08-07T11:18:48-03:00	24.58	24.17	0.34	110968	0	1	295063	36bfe40eed33c8b8cb491894acd6f63c05c13e0d7a15a6e6f7b9401246d94c6d
az-realjun-alta	wsnb	71	none	configs/scenarios/fase1/geo9_azure_realjun_alta.yaml	2026-08-07T11:18:30-03:00	2026-08-07T11:18:53-03:00	22.94	22.57	0.32	106512	0	1	295204	36bfe40eed33c8b8cb491894acd6f63c05c13e0d7a15a6e6f7b9401246d94c6d
az-realjun-folgada	best_fit	52	none	configs/scenarios/geo_9dc_azure.yaml	2026-08-07T11:00:51-03:00	2026-08-07T11:00:53-03:00	2.13	2.01	0.11	43592	0	1	267803	36bfe40eed33c8b8cb491894acd6f63c05c13e0d7a15a6e6f7b9401246d94c6d
az-realjun-folgada	best_fit	53	none	configs/scenarios/geo_9dc_azure.yaml	2026-08-07T11:00:51-03:00	2026-08-07T11:00:53-03:00	1.92	1.77	0.12	43356	0	1	267810	36bfe40eed33c8b8cb491894acd6f63c05c13e0d7a15a6e6f7b9401246d94c6d
az-realjun-folgada	best_fit	54	none	configs/scenarios/geo_9dc_azure.yaml	2026-08-07T11:00:51-03:00	2026-08-07T11:00:53-03:00	1.82	1.71	0.10	43288	0	1	267811	36bfe40eed33c8b8cb491894acd6f63c05c13e0d7a15a6e6f7b9401246d94c6d
az-realjun-folgada	best_fit	55	none	configs/scenarios/geo_9dc_azure.yaml	2026-08-07T11:00:51-03:00	2026-08-07T11:00:53-03:00	1.99	1.86	0.10	43772	0	1	267830	36bfe40eed33c8b8cb491894acd6f63c05c13e0d7a15a6e6f7b9401246d94c6d
az-realjun-folgada	best_fit	56	none	configs/scenarios/geo_9dc_azure.yaml	2026-08-07T11:00:51-03:00	2026-08-07T11:00:53-03:00	1.56	1.43	0.10	43664	0	1	267846	36bfe40eed33c8b8cb491894acd6f63c05c13e0d7a15a6e6f7b9401246d94c6d
az-realjun-folgada	best_fit	57	none	configs/scenarios/geo_9dc_azure.yaml	2026-08-07T11:00:51-03:00	2026-08-07T11:00:53-03:00	1.66	1.57	0.09	43800	0	1	267856	36bfe40eed33c8b8cb491894acd6f63c05c13e0d7a15a6e6f7b9401246d94c6d
az-realjun-folgada	best_fit	58	none	configs/scenarios/geo_9dc_azure.yaml	2026-08-07T11:00:51-03:00	2026-08-07T11:00:53-03:00	1.80	1.70	0.09	43712	0	1	267877	36bfe40eed33c8b8cb491894acd6f63c05c13e0d7a15a6e6f7b9401246d94c6d
az-realjun-folgada	best_fit	59	none	configs/scenarios/geo_9dc_azure.yaml	2026-08-07T11:00:51-03:00	2026-08-07T11:00:53-03:00	1.83	1.70	0.12	43840	0	1	267878	36bfe40eed33c8b8cb491894acd6f63c05c13e0d7a15a6e6f7b9401246d94c6d
az-realjun-folgada	best_fit	60	none	configs/scenarios/geo_9dc_azure.yaml	2026-08-07T11:00:52-03:00	2026-08-07T11:00:53-03:00	1.63	1.49	0.12	43532	0	1	267895	36bfe40eed33c8b8cb491894acd6f63c05c13e0d7a15a6e6f7b9401246d94c6d
az-realjun-folgada	best_fit	61	none	configs/scenarios/geo_9dc_azure.yaml	2026-08-07T11:00:52-03:00	2026-08-07T11:00:54-03:00	1.77	1.65	0.11	43868	0	1	267908	36bfe40eed33c8b8cb491894acd6f63c05c13e0d7a15a6e6f7b9401246d94c6d
az-realjun-folgada	best_fit	62	none	configs/scenarios/geo_9dc_azure.yaml	2026-08-07T11:00:52-03:00	2026-08-07T11:00:54-03:00	1.94	1.79	0.10	43576	0	1	267931	36bfe40eed33c8b8cb491894acd6f63c05c13e0d7a15a6e6f7b9401246d94c6d
az-realjun-folgada	best_fit	63	none	configs/scenarios/geo_9dc_azure.yaml	2026-08-07T11:00:52-03:00	2026-08-07T11:00:54-03:00	1.78	1.64	0.10	43628	0	1	267950	36bfe40eed33c8b8cb491894acd6f63c05c13e0d7a15a6e6f7b9401246d94c6d
az-realjun-folgada	best_fit	64	none	configs/scenarios/geo_9dc_azure.yaml	2026-08-07T11:00:53-03:00	2026-08-07T11:00:54-03:00	1.82	1.70	0.09	43428	0	1	267967	36bfe40eed33c8b8cb491894acd6f63c05c13e0d7a15a6e6f7b9401246d94c6d
az-realjun-folgada	best_fit	65	none	configs/scenarios/geo_9dc_azure.yaml	2026-08-07T11:00:53-03:00	2026-08-07T11:00:54-03:00	1.60	1.49	0.10	43536	0	1	267980	36bfe40eed33c8b8cb491894acd6f63c05c13e0d7a15a6e6f7b9401246d94c6d
az-realjun-folgada	best_fit	66	none	configs/scenarios/geo_9dc_azure.yaml	2026-08-07T11:00:53-03:00	2026-08-07T11:00:55-03:00	1.77	1.64	0.12	43788	0	1	267993	36bfe40eed33c8b8cb491894acd6f63c05c13e0d7a15a6e6f7b9401246d94c6d
az-realjun-folgada	best_fit	67	none	configs/scenarios/geo_9dc_azure.yaml	2026-08-07T11:00:53-03:00	2026-08-07T11:00:55-03:00	2.00	1.80	0.14	43660	0	1	268010	36bfe40eed33c8b8cb491894acd6f63c05c13e0d7a15a6e6f7b9401246d94c6d
az-realjun-folgada	best_fit	68	none	configs/scenarios/geo_9dc_azure.yaml	2026-08-07T11:00:53-03:00	2026-08-07T11:00:55-03:00	1.92	1.76	0.12	43600	0	1	268016	36bfe40eed33c8b8cb491894acd6f63c05c13e0d7a15a6e6f7b9401246d94c6d
az-realjun-folgada	best_fit	69	none	configs/scenarios/geo_9dc_azure.yaml	2026-08-07T11:00:53-03:00	2026-08-07T11:00:55-03:00	1.56	1.44	0.10	43664	0	1	268032	36bfe40eed33c8b8cb491894acd6f63c05c13e0d7a15a6e6f7b9401246d94c6d
az-realjun-folgada	best_fit	70	none	configs/scenarios/geo_9dc_azure.yaml	2026-08-07T11:00:53-03:00	2026-08-07T11:00:55-03:00	1.88	1.77	0.09	43012	0	1	268053	36bfe40eed33c8b8cb491894acd6f63c05c13e0d7a15a6e6f7b9401246d94c6d
az-realjun-folgada	best_fit	71	none	configs/scenarios/geo_9dc_azure.yaml	2026-08-07T11:00:53-03:00	2026-08-07T11:00:55-03:00	1.59	1.47	0.09	43492	0	1	268066	36bfe40eed33c8b8cb491894acd6f63c05c13e0d7a15a6e6f7b9401246d94c6d
az-realjun-folgada	bfd	52	none	configs/scenarios/geo_9dc_azure.yaml	2026-08-07T11:01:01-03:00	2026-08-07T11:01:03-03:00	1.75	1.64	0.10	43460	0	1	269031	36bfe40eed33c8b8cb491894acd6f63c05c13e0d7a15a6e6f7b9401246d94c6d
az-realjun-folgada	bfd	53	none	configs/scenarios/geo_9dc_azure.yaml	2026-08-07T11:01:01-03:00	2026-08-07T11:01:03-03:00	1.97	1.83	0.11	43480	0	1	269048	36bfe40eed33c8b8cb491894acd6f63c05c13e0d7a15a6e6f7b9401246d94c6d
az-realjun-folgada	bfd	54	none	configs/scenarios/geo_9dc_azure.yaml	2026-08-07T11:01:01-03:00	2026-08-07T11:01:03-03:00	1.95	1.81	0.10	58308	0	1	269061	36bfe40eed33c8b8cb491894acd6f63c05c13e0d7a15a6e6f7b9401246d94c6d
az-realjun-folgada	bfd	55	none	configs/scenarios/geo_9dc_azure.yaml	2026-08-07T11:01:01-03:00	2026-08-07T11:01:03-03:00	1.41	1.28	0.09	43296	0	1	269085	36bfe40eed33c8b8cb491894acd6f63c05c13e0d7a15a6e6f7b9401246d94c6d
az-realjun-folgada	bfd	56	none	configs/scenarios/geo_9dc_azure.yaml	2026-08-07T11:01:01-03:00	2026-08-07T11:01:03-03:00	1.82	1.69	0.11	56640	0	1	269095	36bfe40eed33c8b8cb491894acd6f63c05c13e0d7a15a6e6f7b9401246d94c6d
az-realjun-folgada	bfd	57	none	configs/scenarios/geo_9dc_azure.yaml	2026-08-07T11:01:02-03:00	2026-08-07T11:01:03-03:00	1.45	1.32	0.10	43416	0	1	269108	36bfe40eed33c8b8cb491894acd6f63c05c13e0d7a15a6e6f7b9401246d94c6d
az-realjun-folgada	bfd	58	none	configs/scenarios/geo_9dc_azure.yaml	2026-08-07T11:01:02-03:00	2026-08-07T11:01:04-03:00	1.96	1.80	0.11	43540	0	1	269121	36bfe40eed33c8b8cb491894acd6f63c05c13e0d7a15a6e6f7b9401246d94c6d
az-realjun-folgada	bfd	59	none	configs/scenarios/geo_9dc_azure.yaml	2026-08-07T11:01:02-03:00	2026-08-07T11:01:04-03:00	1.98	1.86	0.09	43344	0	1	269134	36bfe40eed33c8b8cb491894acd6f63c05c13e0d7a15a6e6f7b9401246d94c6d
az-realjun-folgada	bfd	60	none	configs/scenarios/geo_9dc_azure.yaml	2026-08-07T11:01:02-03:00	2026-08-07T11:01:04-03:00	1.71	1.60	0.10	43480	0	1	269147	36bfe40eed33c8b8cb491894acd6f63c05c13e0d7a15a6e6f7b9401246d94c6d
az-realjun-folgada	bfd	61	none	configs/scenarios/geo_9dc_azure.yaml	2026-08-07T11:01:02-03:00	2026-08-07T11:01:04-03:00	1.89	1.76	0.09	43224	0	1	269160	36bfe40eed33c8b8cb491894acd6f63c05c13e0d7a15a6e6f7b9401246d94c6d
az-realjun-folgada	bfd	62	none	configs/scenarios/geo_9dc_azure.yaml	2026-08-07T11:01:03-03:00	2026-08-07T11:01:04-03:00	1.75	1.63	0.10	43448	0	1	269184	36bfe40eed33c8b8cb491894acd6f63c05c13e0d7a15a6e6f7b9401246d94c6d
az-realjun-folgada	bfd	63	none	configs/scenarios/geo_9dc_azure.yaml	2026-08-07T11:01:03-03:00	2026-08-07T11:01:04-03:00	1.62	1.52	0.09	43360	0	1	269197	36bfe40eed33c8b8cb491894acd6f63c05c13e0d7a15a6e6f7b9401246d94c6d
az-realjun-folgada	bfd	64	none	configs/scenarios/geo_9dc_azure.yaml	2026-08-07T11:01:03-03:00	2026-08-07T11:01:05-03:00	1.96	1.81	0.12	43144	0	1	269210	36bfe40eed33c8b8cb491894acd6f63c05c13e0d7a15a6e6f7b9401246d94c6d
az-realjun-folgada	bfd	65	none	configs/scenarios/geo_9dc_azure.yaml	2026-08-07T11:01:03-03:00	2026-08-07T11:01:05-03:00	1.88	1.78	0.09	43280	0	1	269233	36bfe40eed33c8b8cb491894acd6f63c05c13e0d7a15a6e6f7b9401246d94c6d
az-realjun-folgada	bfd	66	none	configs/scenarios/geo_9dc_azure.yaml	2026-08-07T11:01:03-03:00	2026-08-07T11:01:04-03:00	1.56	1.41	0.10	43192	0	1	269253	36bfe40eed33c8b8cb491894acd6f63c05c13e0d7a15a6e6f7b9401246d94c6d
az-realjun-folgada	bfd	67	none	configs/scenarios/geo_9dc_azure.yaml	2026-08-07T11:01:03-03:00	2026-08-07T11:01:05-03:00	1.81	1.70	0.09	43480	0	1	269258	36bfe40eed33c8b8cb491894acd6f63c05c13e0d7a15a6e6f7b9401246d94c6d
az-realjun-folgada	bfd	68	none	configs/scenarios/geo_9dc_azure.yaml	2026-08-07T11:01:03-03:00	2026-08-07T11:01:05-03:00	1.74	1.59	0.13	57976	0	1	269272	36bfe40eed33c8b8cb491894acd6f63c05c13e0d7a15a6e6f7b9401246d94c6d
az-realjun-folgada	bfd	69	none	configs/scenarios/geo_9dc_azure.yaml	2026-08-07T11:01:03-03:00	2026-08-07T11:01:05-03:00	1.87	1.77	0.09	43460	0	1	269285	36bfe40eed33c8b8cb491894acd6f63c05c13e0d7a15a6e6f7b9401246d94c6d
az-realjun-folgada	bfd	70	none	configs/scenarios/geo_9dc_azure.yaml	2026-08-07T11:01:03-03:00	2026-08-07T11:01:05-03:00	1.81	1.69	0.10	57432	0	1	269298	36bfe40eed33c8b8cb491894acd6f63c05c13e0d7a15a6e6f7b9401246d94c6d
az-realjun-folgada	bfd	71	none	configs/scenarios/geo_9dc_azure.yaml	2026-08-07T11:01:03-03:00	2026-08-07T11:01:05-03:00	1.87	1.72	0.13	57456	0	1	269311	36bfe40eed33c8b8cb491894acd6f63c05c13e0d7a15a6e6f7b9401246d94c6d
az-realjun-folgada	cnemesis	52	cnemesis	configs/scenarios/geo_9dc_azure.yaml	2026-08-07T11:01:15-03:00	2026-08-07T11:01:17-03:00	1.87	1.74	0.12	46944	0	1	270607	36bfe40eed33c8b8cb491894acd6f63c05c13e0d7a15a6e6f7b9401246d94c6d
az-realjun-folgada	cnemesis	53	cnemesis	configs/scenarios/geo_9dc_azure.yaml	2026-08-07T11:01:15-03:00	2026-08-07T11:01:17-03:00	2.22	2.08	0.12	46820	0	1	270630	36bfe40eed33c8b8cb491894acd6f63c05c13e0d7a15a6e6f7b9401246d94c6d
az-realjun-folgada	cnemesis	54	cnemesis	configs/scenarios/geo_9dc_azure.yaml	2026-08-07T11:01:15-03:00	2026-08-07T11:01:17-03:00	1.70	1.56	0.12	46716	0	1	270643	36bfe40eed33c8b8cb491894acd6f63c05c13e0d7a15a6e6f7b9401246d94c6d
az-realjun-folgada	cnemesis	55	cnemesis	configs/scenarios/geo_9dc_azure.yaml	2026-08-07T11:01:15-03:00	2026-08-07T11:01:17-03:00	2.22	2.04	0.16	46852	0	1	270656	36bfe40eed33c8b8cb491894acd6f63c05c13e0d7a15a6e6f7b9401246d94c6d
az-realjun-folgada	cnemesis	56	cnemesis	configs/scenarios/geo_9dc_azure.yaml	2026-08-07T11:01:15-03:00	2026-08-07T11:01:17-03:00	1.50	1.36	0.12	46788	0	1	270675	36bfe40eed33c8b8cb491894acd6f63c05c13e0d7a15a6e6f7b9401246d94c6d
az-realjun-folgada	cnemesis	57	cnemesis	configs/scenarios/geo_9dc_azure.yaml	2026-08-07T11:01:16-03:00	2026-08-07T11:01:18-03:00	1.71	1.55	0.13	46668	0	1	270707	36bfe40eed33c8b8cb491894acd6f63c05c13e0d7a15a6e6f7b9401246d94c6d
az-realjun-folgada	cnemesis	58	cnemesis	configs/scenarios/geo_9dc_azure.yaml	2026-08-07T11:01:16-03:00	2026-08-07T11:01:18-03:00	1.82	1.66	0.13	46968	0	1	270708	36bfe40eed33c8b8cb491894acd6f63c05c13e0d7a15a6e6f7b9401246d94c6d
az-realjun-folgada	cnemesis	59	cnemesis	configs/scenarios/geo_9dc_azure.yaml	2026-08-07T11:01:16-03:00	2026-08-07T11:01:18-03:00	2.13	1.96	0.12	46740	0	1	270725	36bfe40eed33c8b8cb491894acd6f63c05c13e0d7a15a6e6f7b9401246d94c6d
az-realjun-folgada	cnemesis	60	cnemesis	configs/scenarios/geo_9dc_azure.yaml	2026-08-07T11:01:16-03:00	2026-08-07T11:01:18-03:00	1.79	1.64	0.11	46756	0	1	270738	36bfe40eed33c8b8cb491894acd6f63c05c13e0d7a15a6e6f7b9401246d94c6d
az-realjun-folgada	cnemesis	61	cnemesis	configs/scenarios/geo_9dc_azure.yaml	2026-08-07T11:01:16-03:00	2026-08-07T11:01:18-03:00	2.15	2.00	0.11	46664	0	1	270751	36bfe40eed33c8b8cb491894acd6f63c05c13e0d7a15a6e6f7b9401246d94c6d
az-realjun-folgada	cnemesis	62	cnemesis	configs/scenarios/geo_9dc_azure.yaml	2026-08-07T11:01:16-03:00	2026-08-07T11:01:18-03:00	1.92	1.76	0.12	46976	0	1	270764	36bfe40eed33c8b8cb491894acd6f63c05c13e0d7a15a6e6f7b9401246d94c6d
az-realjun-folgada	cnemesis	63	cnemesis	configs/scenarios/geo_9dc_azure.yaml	2026-08-07T11:01:16-03:00	2026-08-07T11:01:19-03:00	2.38	2.19	0.14	46928	0	1	270777	36bfe40eed33c8b8cb491894acd6f63c05c13e0d7a15a6e6f7b9401246d94c6d
az-realjun-folgada	cnemesis	64	cnemesis	configs/scenarios/geo_9dc_azure.yaml	2026-08-07T11:01:17-03:00	2026-08-07T11:01:19-03:00	2.05	1.89	0.12	46892	0	1	270790	36bfe40eed33c8b8cb491894acd6f63c05c13e0d7a15a6e6f7b9401246d94c6d
az-realjun-folgada	cnemesis	65	cnemesis	configs/scenarios/geo_9dc_azure.yaml	2026-08-07T11:01:17-03:00	2026-08-07T11:01:19-03:00	2.05	1.93	0.11	47172	0	1	270803	36bfe40eed33c8b8cb491894acd6f63c05c13e0d7a15a6e6f7b9401246d94c6d
az-realjun-folgada	cnemesis	66	cnemesis	configs/scenarios/geo_9dc_azure.yaml	2026-08-07T11:01:17-03:00	2026-08-07T11:01:19-03:00	1.97	1.80	0.13	46640	0	1	270816	36bfe40eed33c8b8cb491894acd6f63c05c13e0d7a15a6e6f7b9401246d94c6d
az-realjun-folgada	cnemesis	67	cnemesis	configs/scenarios/geo_9dc_azure.yaml	2026-08-07T11:01:17-03:00	2026-08-07T11:01:19-03:00	1.88	1.74	0.13	47128	0	1	270839	36bfe40eed33c8b8cb491894acd6f63c05c13e0d7a15a6e6f7b9401246d94c6d
az-realjun-folgada	cnemesis	68	cnemesis	configs/scenarios/geo_9dc_azure.yaml	2026-08-07T11:01:17-03:00	2026-08-07T11:01:19-03:00	1.81	1.67	0.12	47056	0	1	270870	36bfe40eed33c8b8cb491894acd6f63c05c13e0d7a15a6e6f7b9401246d94c6d
az-realjun-folgada	cnemesis	69	cnemesis	configs/scenarios/geo_9dc_azure.yaml	2026-08-07T11:01:17-03:00	2026-08-07T11:01:19-03:00	1.91	1.76	0.11	46800	0	1	270872	36bfe40eed33c8b8cb491894acd6f63c05c13e0d7a15a6e6f7b9401246d94c6d
az-realjun-folgada	cnemesis	70	cnemesis	configs/scenarios/geo_9dc_azure.yaml	2026-08-07T11:01:17-03:00	2026-08-07T11:01:19-03:00	1.81	1.67	0.12	46636	0	1	270889	36bfe40eed33c8b8cb491894acd6f63c05c13e0d7a15a6e6f7b9401246d94c6d
az-realjun-folgada	cnemesis	71	cnemesis	configs/scenarios/geo_9dc_azure.yaml	2026-08-07T11:01:18-03:00	2026-08-07T11:01:19-03:00	1.69	1.53	0.13	47036	0	1	270912	36bfe40eed33c8b8cb491894acd6f63c05c13e0d7a15a6e6f7b9401246d94c6d
az-realjun-folgada	ffd	52	none	configs/scenarios/geo_9dc_azure.yaml	2026-08-07T11:00:59-03:00	2026-08-07T11:01:00-03:00	1.74	1.61	0.12	57120	0	1	268715	36bfe40eed33c8b8cb491894acd6f63c05c13e0d7a15a6e6f7b9401246d94c6d
az-realjun-folgada	ffd	53	none	configs/scenarios/geo_9dc_azure.yaml	2026-08-07T11:00:59-03:00	2026-08-07T11:01:01-03:00	1.90	1.74	0.11	58376	0	1	268738	36bfe40eed33c8b8cb491894acd6f63c05c13e0d7a15a6e6f7b9401246d94c6d
az-realjun-folgada	ffd	54	none	configs/scenarios/geo_9dc_azure.yaml	2026-08-07T11:00:59-03:00	2026-08-07T11:01:01-03:00	1.92	1.76	0.11	57960	0	1	268751	36bfe40eed33c8b8cb491894acd6f63c05c13e0d7a15a6e6f7b9401246d94c6d
az-realjun-folgada	ffd	55	none	configs/scenarios/geo_9dc_azure.yaml	2026-08-07T11:00:59-03:00	2026-08-07T11:01:01-03:00	1.66	1.54	0.11	57180	0	1	268770	36bfe40eed33c8b8cb491894acd6f63c05c13e0d7a15a6e6f7b9401246d94c6d
az-realjun-folgada	ffd	56	none	configs/scenarios/geo_9dc_azure.yaml	2026-08-07T11:00:59-03:00	2026-08-07T11:01:01-03:00	1.73	1.58	0.11	57132	0	1	268795	36bfe40eed33c8b8cb491894acd6f63c05c13e0d7a15a6e6f7b9401246d94c6d
az-realjun-folgada	ffd	57	none	configs/scenarios/geo_9dc_azure.yaml	2026-08-07T11:00:59-03:00	2026-08-07T11:01:01-03:00	1.79	1.67	0.11	57820	0	1	268809	36bfe40eed33c8b8cb491894acd6f63c05c13e0d7a15a6e6f7b9401246d94c6d
az-realjun-folgada	ffd	58	none	configs/scenarios/geo_9dc_azure.yaml	2026-08-07T11:00:59-03:00	2026-08-07T11:01:01-03:00	1.61	1.49	0.11	57192	0	1	268833	36bfe40eed33c8b8cb491894acd6f63c05c13e0d7a15a6e6f7b9401246d94c6d
az-realjun-folgada	ffd	59	none	configs/scenarios/geo_9dc_azure.yaml	2026-08-07T11:00:59-03:00	2026-08-07T11:01:01-03:00	1.57	1.45	0.10	58092	0	1	268846	36bfe40eed33c8b8cb491894acd6f63c05c13e0d7a15a6e6f7b9401246d94c6d
az-realjun-folgada	ffd	60	none	configs/scenarios/geo_9dc_azure.yaml	2026-08-07T11:00:59-03:00	2026-08-07T11:01:01-03:00	1.49	1.33	0.10	56760	0	1	268859	36bfe40eed33c8b8cb491894acd6f63c05c13e0d7a15a6e6f7b9401246d94c6d
az-realjun-folgada	ffd	61	none	configs/scenarios/geo_9dc_azure.yaml	2026-08-07T11:01:00-03:00	2026-08-07T11:01:01-03:00	1.68	1.52	0.12	57988	0	1	268872	36bfe40eed33c8b8cb491894acd6f63c05c13e0d7a15a6e6f7b9401246d94c6d
az-realjun-folgada	ffd	62	none	configs/scenarios/geo_9dc_azure.yaml	2026-08-07T11:01:00-03:00	2026-08-07T11:01:01-03:00	1.49	1.34	0.13	57108	0	1	268885	36bfe40eed33c8b8cb491894acd6f63c05c13e0d7a15a6e6f7b9401246d94c6d
az-realjun-folgada	ffd	63	none	configs/scenarios/geo_9dc_azure.yaml	2026-08-07T11:01:00-03:00	2026-08-07T11:01:02-03:00	1.54	1.39	0.11	58116	0	1	268898	36bfe40eed33c8b8cb491894acd6f63c05c13e0d7a15a6e6f7b9401246d94c6d
az-realjun-folgada	ffd	64	none	configs/scenarios/geo_9dc_azure.yaml	2026-08-07T11:01:00-03:00	2026-08-07T11:01:02-03:00	1.53	1.41	0.11	57116	0	1	268912	36bfe40eed33c8b8cb491894acd6f63c05c13e0d7a15a6e6f7b9401246d94c6d
az-realjun-folgada	ffd	65	none	configs/scenarios/geo_9dc_azure.yaml	2026-08-07T11:01:01-03:00	2026-08-07T11:01:02-03:00	1.67	1.56	0.10	57680	0	1	268932	36bfe40eed33c8b8cb491894acd6f63c05c13e0d7a15a6e6f7b9401246d94c6d
az-realjun-folgada	ffd	66	none	configs/scenarios/geo_9dc_azure.yaml	2026-08-07T11:01:01-03:00	2026-08-07T11:01:02-03:00	1.85	1.73	0.11	58420	0	1	268945	36bfe40eed33c8b8cb491894acd6f63c05c13e0d7a15a6e6f7b9401246d94c6d
az-realjun-folgada	ffd	67	none	configs/scenarios/geo_9dc_azure.yaml	2026-08-07T11:01:01-03:00	2026-08-07T11:01:03-03:00	1.85	1.72	0.12	58264	0	1	268969	36bfe40eed33c8b8cb491894acd6f63c05c13e0d7a15a6e6f7b9401246d94c6d
az-realjun-folgada	ffd	68	none	configs/scenarios/geo_9dc_azure.yaml	2026-08-07T11:01:01-03:00	2026-08-07T11:01:02-03:00	1.46	1.33	0.12	58408	0	1	268988	36bfe40eed33c8b8cb491894acd6f63c05c13e0d7a15a6e6f7b9401246d94c6d
az-realjun-folgada	ffd	69	none	configs/scenarios/geo_9dc_azure.yaml	2026-08-07T11:01:01-03:00	2026-08-07T11:01:03-03:00	1.99	1.81	0.15	58396	0	1	268993	36bfe40eed33c8b8cb491894acd6f63c05c13e0d7a15a6e6f7b9401246d94c6d
az-realjun-folgada	ffd	70	none	configs/scenarios/geo_9dc_azure.yaml	2026-08-07T11:01:01-03:00	2026-08-07T11:01:03-03:00	1.88	1.75	0.11	57136	0	1	269009	36bfe40eed33c8b8cb491894acd6f63c05c13e0d7a15a6e6f7b9401246d94c6d
az-realjun-folgada	ffd	71	none	configs/scenarios/geo_9dc_azure.yaml	2026-08-07T11:01:01-03:00	2026-08-07T11:01:03-03:00	1.57	1.44	0.10	57380	0	1	269030	36bfe40eed33c8b8cb491894acd6f63c05c13e0d7a15a6e6f7b9401246d94c6d
az-realjun-folgada	first_fit	52	none	configs/scenarios/geo_9dc_azure.yaml	2026-08-07T11:00:49-03:00	2026-08-07T11:00:51-03:00	2.27	2.13	0.12	57808	0	1	267598	36bfe40eed33c8b8cb491894acd6f63c05c13e0d7a15a6e6f7b9401246d94c6d
az-realjun-folgada	first_fit	53	none	configs/scenarios/geo_9dc_azure.yaml	2026-08-07T11:00:49-03:00	2026-08-07T11:00:51-03:00	1.98	1.84	0.12	58460	0	1	267599	36bfe40eed33c8b8cb491894acd6f63c05c13e0d7a15a6e6f7b9401246d94c6d
az-realjun-folgada	first_fit	54	none	configs/scenarios/geo_9dc_azure.yaml	2026-08-07T11:00:49-03:00	2026-08-07T11:00:50-03:00	1.27	1.15	0.11	58388	0	1	267600	36bfe40eed33c8b8cb491894acd6f63c05c13e0d7a15a6e6f7b9401246d94c6d
az-realjun-folgada	first_fit	55	none	configs/scenarios/geo_9dc_azure.yaml	2026-08-07T11:00:49-03:00	2026-08-07T11:00:51-03:00	1.96	1.82	0.12	57872	0	1	267601	36bfe40eed33c8b8cb491894acd6f63c05c13e0d7a15a6e6f7b9401246d94c6d
az-realjun-folgada	first_fit	56	none	configs/scenarios/geo_9dc_azure.yaml	2026-08-07T11:00:49-03:00	2026-08-07T11:00:51-03:00	1.91	1.78	0.12	57484	0	1	267603	36bfe40eed33c8b8cb491894acd6f63c05c13e0d7a15a6e6f7b9401246d94c6d
az-realjun-folgada	first_fit	57	none	configs/scenarios/geo_9dc_azure.yaml	2026-08-07T11:00:49-03:00	2026-08-07T11:00:51-03:00	1.98	1.86	0.11	58108	0	1	267604	36bfe40eed33c8b8cb491894acd6f63c05c13e0d7a15a6e6f7b9401246d94c6d
az-realjun-folgada	first_fit	58	none	configs/scenarios/geo_9dc_azure.yaml	2026-08-07T11:00:49-03:00	2026-08-07T11:00:51-03:00	2.26	2.12	0.14	57528	0	1	267607	36bfe40eed33c8b8cb491894acd6f63c05c13e0d7a15a6e6f7b9401246d94c6d
az-realjun-folgada	first_fit	59	none	configs/scenarios/geo_9dc_azure.yaml	2026-08-07T11:00:49-03:00	2026-08-07T11:00:51-03:00	1.98	1.82	0.13	58668	0	1	267609	36bfe40eed33c8b8cb491894acd6f63c05c13e0d7a15a6e6f7b9401246d94c6d
az-realjun-folgada	first_fit	60	none	configs/scenarios/geo_9dc_azure.yaml	2026-08-07T11:00:49-03:00	2026-08-07T11:00:51-03:00	2.03	1.89	0.13	57508	0	1	267612	36bfe40eed33c8b8cb491894acd6f63c05c13e0d7a15a6e6f7b9401246d94c6d
az-realjun-folgada	first_fit	61	none	configs/scenarios/geo_9dc_azure.yaml	2026-08-07T11:00:49-03:00	2026-08-07T11:00:51-03:00	1.52	1.39	0.12	58480	0	1	267616	36bfe40eed33c8b8cb491894acd6f63c05c13e0d7a15a6e6f7b9401246d94c6d
az-realjun-folgada	first_fit	62	none	configs/scenarios/geo_9dc_azure.yaml	2026-08-07T11:00:49-03:00	2026-08-07T11:00:51-03:00	1.57	1.47	0.10	57484	0	1	267620	36bfe40eed33c8b8cb491894acd6f63c05c13e0d7a15a6e6f7b9401246d94c6d
az-realjun-folgada	first_fit	63	none	configs/scenarios/geo_9dc_azure.yaml	2026-08-07T11:00:49-03:00	2026-08-07T11:00:51-03:00	1.93	1.78	0.13	58468	0	1	267624	36bfe40eed33c8b8cb491894acd6f63c05c13e0d7a15a6e6f7b9401246d94c6d
az-realjun-folgada	first_fit	64	none	configs/scenarios/geo_9dc_azure.yaml	2026-08-07T11:00:49-03:00	2026-08-07T11:00:51-03:00	2.04	1.91	0.12	57772	0	1	267629	36bfe40eed33c8b8cb491894acd6f63c05c13e0d7a15a6e6f7b9401246d94c6d
az-realjun-folgada	first_fit	65	none	configs/scenarios/geo_9dc_azure.yaml	2026-08-07T11:00:49-03:00	2026-08-07T11:00:51-03:00	2.01	1.85	0.13	58188	0	1	267633	36bfe40eed33c8b8cb491894acd6f63c05c13e0d7a15a6e6f7b9401246d94c6d
az-realjun-folgada	first_fit	66	none	configs/scenarios/geo_9dc_azure.yaml	2026-08-07T11:00:50-03:00	2026-08-07T11:00:52-03:00	1.25	1.12	0.10	58816	0	1	267695	36bfe40eed33c8b8cb491894acd6f63c05c13e0d7a15a6e6f7b9401246d94c6d
az-realjun-folgada	first_fit	67	none	configs/scenarios/geo_9dc_azure.yaml	2026-08-07T11:00:51-03:00	2026-08-07T11:00:52-03:00	1.47	1.37	0.10	58724	0	1	267716	36bfe40eed33c8b8cb491894acd6f63c05c13e0d7a15a6e6f7b9401246d94c6d
az-realjun-folgada	first_fit	68	none	configs/scenarios/geo_9dc_azure.yaml	2026-08-07T11:00:51-03:00	2026-08-07T11:00:52-03:00	1.76	1.65	0.10	58440	0	1	267729	36bfe40eed33c8b8cb491894acd6f63c05c13e0d7a15a6e6f7b9401246d94c6d
az-realjun-folgada	first_fit	69	none	configs/scenarios/geo_9dc_azure.yaml	2026-08-07T11:00:51-03:00	2026-08-07T11:00:53-03:00	1.54	1.41	0.08	58768	0	1	267743	36bfe40eed33c8b8cb491894acd6f63c05c13e0d7a15a6e6f7b9401246d94c6d
az-realjun-folgada	first_fit	70	none	configs/scenarios/geo_9dc_azure.yaml	2026-08-07T11:00:51-03:00	2026-08-07T11:00:53-03:00	1.84	1.69	0.11	57140	0	1	267760	36bfe40eed33c8b8cb491894acd6f63c05c13e0d7a15a6e6f7b9401246d94c6d
az-realjun-folgada	first_fit	71	none	configs/scenarios/geo_9dc_azure.yaml	2026-08-07T11:00:51-03:00	2026-08-07T11:00:52-03:00	1.24	1.13	0.09	57728	0	1	267778	36bfe40eed33c8b8cb491894acd6f63c05c13e0d7a15a6e6f7b9401246d94c6d
az-realjun-folgada	follow_renewables	52	follow_renewables	configs/scenarios/geo_9dc_azure.yaml	2026-08-07T11:01:06-03:00	2026-08-07T11:01:08-03:00	1.84	1.70	0.10	57660	0	1	269649	36bfe40eed33c8b8cb491894acd6f63c05c13e0d7a15a6e6f7b9401246d94c6d
az-realjun-folgada	follow_renewables	53	follow_renewables	configs/scenarios/geo_9dc_azure.yaml	2026-08-07T11:01:06-03:00	2026-08-07T11:01:08-03:00	2.00	1.88	0.10	58840	0	1	269662	36bfe40eed33c8b8cb491894acd6f63c05c13e0d7a15a6e6f7b9401246d94c6d
az-realjun-folgada	follow_renewables	54	follow_renewables	configs/scenarios/geo_9dc_azure.yaml	2026-08-07T11:01:06-03:00	2026-08-07T11:01:08-03:00	1.75	1.64	0.11	58496	0	1	269675	36bfe40eed33c8b8cb491894acd6f63c05c13e0d7a15a6e6f7b9401246d94c6d
az-realjun-folgada	follow_renewables	55	follow_renewables	configs/scenarios/geo_9dc_azure.yaml	2026-08-07T11:01:06-03:00	2026-08-07T11:01:08-03:00	1.70	1.56	0.13	57960	0	1	269688	36bfe40eed33c8b8cb491894acd6f63c05c13e0d7a15a6e6f7b9401246d94c6d
az-realjun-folgada	follow_renewables	56	follow_renewables	configs/scenarios/geo_9dc_azure.yaml	2026-08-07T11:01:07-03:00	2026-08-07T11:01:08-03:00	1.78	1.66	0.11	57624	0	1	269711	36bfe40eed33c8b8cb491894acd6f63c05c13e0d7a15a6e6f7b9401246d94c6d
az-realjun-folgada	follow_renewables	57	follow_renewables	configs/scenarios/geo_9dc_azure.yaml	2026-08-07T11:01:07-03:00	2026-08-07T11:01:08-03:00	1.29	1.18	0.10	58300	0	1	269724	36bfe40eed33c8b8cb491894acd6f63c05c13e0d7a15a6e6f7b9401246d94c6d
az-realjun-folgada	follow_renewables	58	follow_renewables	configs/scenarios/geo_9dc_azure.yaml	2026-08-07T11:01:07-03:00	2026-08-07T11:01:08-03:00	1.58	1.47	0.11	57744	0	1	269744	36bfe40eed33c8b8cb491894acd6f63c05c13e0d7a15a6e6f7b9401246d94c6d
az-realjun-folgada	follow_renewables	59	follow_renewables	configs/scenarios/geo_9dc_azure.yaml	2026-08-07T11:01:07-03:00	2026-08-07T11:01:09-03:00	1.78	1.65	0.11	58540	0	1	269746	36bfe40eed33c8b8cb491894acd6f63c05c13e0d7a15a6e6f7b9401246d94c6d
az-realjun-folgada	follow_renewables	60	follow_renewables	configs/scenarios/geo_9dc_azure.yaml	2026-08-07T11:01:07-03:00	2026-08-07T11:01:09-03:00	1.70	1.56	0.11	57468	0	1	269773	36bfe40eed33c8b8cb491894acd6f63c05c13e0d7a15a6e6f7b9401246d94c6d
az-realjun-folgada	follow_renewables	61	follow_renewables	configs/scenarios/geo_9dc_azure.yaml	2026-08-07T11:01:08-03:00	2026-08-07T11:01:09-03:00	1.90	1.77	0.12	58688	0	1	269797	36bfe40eed33c8b8cb491894acd6f63c05c13e0d7a15a6e6f7b9401246d94c6d
az-realjun-folgada	follow_renewables	62	follow_renewables	configs/scenarios/geo_9dc_azure.yaml	2026-08-07T11:01:08-03:00	2026-08-07T11:01:09-03:00	1.73	1.61	0.10	57696	0	1	269810	36bfe40eed33c8b8cb491894acd6f63c05c13e0d7a15a6e6f7b9401246d94c6d
az-realjun-folgada	follow_renewables	63	follow_renewables	configs/scenarios/geo_9dc_azure.yaml	2026-08-07T11:01:08-03:00	2026-08-07T11:01:10-03:00	1.80	1.67	0.13	58592	0	1	269823	36bfe40eed33c8b8cb491894acd6f63c05c13e0d7a15a6e6f7b9401246d94c6d
az-realjun-folgada	follow_renewables	64	follow_renewables	configs/scenarios/geo_9dc_azure.yaml	2026-08-07T11:01:08-03:00	2026-08-07T11:01:10-03:00	1.95	1.79	0.12	57752	0	1	269836	36bfe40eed33c8b8cb491894acd6f63c05c13e0d7a15a6e6f7b9401246d94c6d
az-realjun-folgada	follow_renewables	65	follow_renewables	configs/scenarios/geo_9dc_azure.yaml	2026-08-07T11:01:08-03:00	2026-08-07T11:01:09-03:00	1.28	1.16	0.10	58264	0	1	269849	36bfe40eed33c8b8cb491894acd6f63c05c13e0d7a15a6e6f7b9401246d94c6d
az-realjun-folgada	follow_renewables	66	follow_renewables	configs/scenarios/geo_9dc_azure.yaml	2026-08-07T11:01:08-03:00	2026-08-07T11:01:10-03:00	1.65	1.52	0.11	58976	0	1	269862	36bfe40eed33c8b8cb491894acd6f63c05c13e0d7a15a6e6f7b9401246d94c6d
az-realjun-folgada	follow_renewables	67	follow_renewables	configs/scenarios/geo_9dc_azure.yaml	2026-08-07T11:01:08-03:00	2026-08-07T11:01:10-03:00	1.68	1.55	0.11	58752	0	1	269880	36bfe40eed33c8b8cb491894acd6f63c05c13e0d7a15a6e6f7b9401246d94c6d
az-realjun-folgada	follow_renewables	68	follow_renewables	configs/scenarios/geo_9dc_azure.yaml	2026-08-07T11:01:08-03:00	2026-08-07T11:01:10-03:00	1.61	1.48	0.10	58852	0	1	269886	36bfe40eed33c8b8cb491894acd6f63c05c13e0d7a15a6e6f7b9401246d94c6d
az-realjun-folgada	follow_renewables	69	follow_renewables	configs/scenarios/geo_9dc_azure.yaml	2026-08-07T11:01:08-03:00	2026-08-07T11:01:10-03:00	1.85	1.69	0.12	58936	0	1	269901	36bfe40eed33c8b8cb491894acd6f63c05c13e0d7a15a6e6f7b9401246d94c6d
az-realjun-folgada	follow_renewables	70	follow_renewables	configs/scenarios/geo_9dc_azure.yaml	2026-08-07T11:01:08-03:00	2026-08-07T11:01:10-03:00	1.59	1.47	0.10	57724	0	1	269914	36bfe40eed33c8b8cb491894acd6f63c05c13e0d7a15a6e6f7b9401246d94c6d
az-realjun-folgada	follow_renewables	71	follow_renewables	configs/scenarios/geo_9dc_azure.yaml	2026-08-07T11:01:08-03:00	2026-08-07T11:01:10-03:00	1.84	1.71	0.11	57992	0	1	269927	36bfe40eed33c8b8cb491894acd6f63c05c13e0d7a15a6e6f7b9401246d94c6d
az-realjun-folgada	followme_s	52	followme_s	configs/scenarios/geo_9dc_azure.yaml	2026-08-07T11:01:11-03:00	2026-08-07T11:01:14-03:00	2.49	2.33	0.14	51436	0	1	270271	36bfe40eed33c8b8cb491894acd6f63c05c13e0d7a15a6e6f7b9401246d94c6d
az-realjun-folgada	followme_s	53	followme_s	configs/scenarios/geo_9dc_azure.yaml	2026-08-07T11:01:12-03:00	2026-08-07T11:01:14-03:00	1.93	1.79	0.12	51000	0	1	270297	36bfe40eed33c8b8cb491894acd6f63c05c13e0d7a15a6e6f7b9401246d94c6d
az-realjun-folgada	followme_s	54	followme_s	configs/scenarios/geo_9dc_azure.yaml	2026-08-07T11:01:12-03:00	2026-08-07T11:01:14-03:00	2.47	2.30	0.14	51852	0	1	270310	36bfe40eed33c8b8cb491894acd6f63c05c13e0d7a15a6e6f7b9401246d94c6d
az-realjun-folgada	followme_s	55	followme_s	configs/scenarios/geo_9dc_azure.yaml	2026-08-07T11:01:12-03:00	2026-08-07T11:01:14-03:00	2.12	1.97	0.13	51200	0	1	270323	36bfe40eed33c8b8cb491894acd6f63c05c13e0d7a15a6e6f7b9401246d94c6d
az-realjun-folgada	followme_s	56	followme_s	configs/scenarios/geo_9dc_azure.yaml	2026-08-07T11:01:12-03:00	2026-08-07T11:01:15-03:00	2.89	2.72	0.15	51384	0	1	270336	36bfe40eed33c8b8cb491894acd6f63c05c13e0d7a15a6e6f7b9401246d94c6d
az-realjun-folgada	followme_s	57	followme_s	configs/scenarios/geo_9dc_azure.yaml	2026-08-07T11:01:12-03:00	2026-08-07T11:01:15-03:00	2.63	2.45	0.15	50684	0	1	270349	36bfe40eed33c8b8cb491894acd6f63c05c13e0d7a15a6e6f7b9401246d94c6d
az-realjun-folgada	followme_s	58	followme_s	configs/scenarios/geo_9dc_azure.yaml	2026-08-07T11:01:12-03:00	2026-08-07T11:01:15-03:00	2.83	2.64	0.16	51848	0	1	270362	36bfe40eed33c8b8cb491894acd6f63c05c13e0d7a15a6e6f7b9401246d94c6d
az-realjun-folgada	followme_s	59	followme_s	configs/scenarios/geo_9dc_azure.yaml	2026-08-07T11:01:12-03:00	2026-08-07T11:01:14-03:00	2.05	1.88	0.16	51116	0	1	270375	36bfe40eed33c8b8cb491894acd6f63c05c13e0d7a15a6e6f7b9401246d94c6d
az-realjun-folgada	followme_s	60	followme_s	configs/scenarios/geo_9dc_azure.yaml	2026-08-07T11:01:12-03:00	2026-08-07T11:01:15-03:00	2.24	2.08	0.15	51152	0	1	270388	36bfe40eed33c8b8cb491894acd6f63c05c13e0d7a15a6e6f7b9401246d94c6d
az-realjun-folgada	followme_s	61	followme_s	configs/scenarios/geo_9dc_azure.yaml	2026-08-07T11:01:13-03:00	2026-08-07T11:01:15-03:00	2.21	2.01	0.15	51636	0	1	270401	36bfe40eed33c8b8cb491894acd6f63c05c13e0d7a15a6e6f7b9401246d94c6d
az-realjun-folgada	followme_s	62	followme_s	configs/scenarios/geo_9dc_azure.yaml	2026-08-07T11:01:13-03:00	2026-08-07T11:01:15-03:00	2.47	2.28	0.15	51860	0	1	270414	36bfe40eed33c8b8cb491894acd6f63c05c13e0d7a15a6e6f7b9401246d94c6d
az-realjun-folgada	followme_s	63	followme_s	configs/scenarios/geo_9dc_azure.yaml	2026-08-07T11:01:13-03:00	2026-08-07T11:01:16-03:00	2.84	2.62	0.16	51396	0	1	270448	36bfe40eed33c8b8cb491894acd6f63c05c13e0d7a15a6e6f7b9401246d94c6d
az-realjun-folgada	followme_s	64	followme_s	configs/scenarios/geo_9dc_azure.yaml	2026-08-07T11:01:13-03:00	2026-08-07T11:01:16-03:00	2.44	2.26	0.14	50968	0	1	270461	36bfe40eed33c8b8cb491894acd6f63c05c13e0d7a15a6e6f7b9401246d94c6d
az-realjun-folgada	followme_s	65	followme_s	configs/scenarios/geo_9dc_azure.yaml	2026-08-07T11:01:13-03:00	2026-08-07T11:01:16-03:00	2.30	2.13	0.14	51072	0	1	270474	36bfe40eed33c8b8cb491894acd6f63c05c13e0d7a15a6e6f7b9401246d94c6d
az-realjun-folgada	followme_s	66	followme_s	configs/scenarios/geo_9dc_azure.yaml	2026-08-07T11:01:14-03:00	2026-08-07T11:01:16-03:00	2.32	2.17	0.12	51416	0	1	270497	36bfe40eed33c8b8cb491894acd6f63c05c13e0d7a15a6e6f7b9401246d94c6d
az-realjun-folgada	followme_s	67	followme_s	configs/scenarios/geo_9dc_azure.yaml	2026-08-07T11:01:14-03:00	2026-08-07T11:01:16-03:00	2.23	2.06	0.15	51224	0	1	270523	36bfe40eed33c8b8cb491894acd6f63c05c13e0d7a15a6e6f7b9401246d94c6d
az-realjun-folgada	followme_s	68	followme_s	configs/scenarios/geo_9dc_azure.yaml	2026-08-07T11:01:14-03:00	2026-08-07T11:01:16-03:00	2.19	2.02	0.15	51480	0	1	270536	36bfe40eed33c8b8cb491894acd6f63c05c13e0d7a15a6e6f7b9401246d94c6d
az-realjun-folgada	followme_s	69	followme_s	configs/scenarios/geo_9dc_azure.yaml	2026-08-07T11:01:14-03:00	2026-08-07T11:01:17-03:00	2.79	2.64	0.14	50548	0	1	270549	36bfe40eed33c8b8cb491894acd6f63c05c13e0d7a15a6e6f7b9401246d94c6d
az-realjun-folgada	followme_s	70	followme_s	configs/scenarios/geo_9dc_azure.yaml	2026-08-07T11:01:14-03:00	2026-08-07T11:01:16-03:00	2.06	1.93	0.11	51064	0	1	270575	36bfe40eed33c8b8cb491894acd6f63c05c13e0d7a15a6e6f7b9401246d94c6d
az-realjun-folgada	followme_s	71	followme_s	configs/scenarios/geo_9dc_azure.yaml	2026-08-07T11:01:15-03:00	2026-08-07T11:01:17-03:00	2.19	2.03	0.15	50796	0	1	270594	36bfe40eed33c8b8cb491894acd6f63c05c13e0d7a15a6e6f7b9401246d94c6d
az-realjun-folgada	lowest_carbon_dc	52	none	configs/scenarios/geo_9dc_azure.yaml	2026-08-07T11:01:04-03:00	2026-08-07T11:01:06-03:00	1.85	1.68	0.15	57716	0	1	269334	36bfe40eed33c8b8cb491894acd6f63c05c13e0d7a15a6e6f7b9401246d94c6d
az-realjun-folgada	lowest_carbon_dc	53	none	configs/scenarios/geo_9dc_azure.yaml	2026-08-07T11:01:04-03:00	2026-08-07T11:01:06-03:00	1.90	1.78	0.09	58812	0	1	269347	36bfe40eed33c8b8cb491894acd6f63c05c13e0d7a15a6e6f7b9401246d94c6d
az-realjun-folgada	lowest_carbon_dc	54	none	configs/scenarios/geo_9dc_azure.yaml	2026-08-07T11:01:04-03:00	2026-08-07T11:01:06-03:00	1.76	1.64	0.11	58676	0	1	269380	36bfe40eed33c8b8cb491894acd6f63c05c13e0d7a15a6e6f7b9401246d94c6d
az-realjun-folgada	lowest_carbon_dc	55	none	configs/scenarios/geo_9dc_azure.yaml	2026-08-07T11:01:04-03:00	2026-08-07T11:01:06-03:00	1.33	1.23	0.10	58012	0	1	269394	36bfe40eed33c8b8cb491894acd6f63c05c13e0d7a15a6e6f7b9401246d94c6d
az-realjun-folgada	lowest_carbon_dc	56	none	configs/scenarios/geo_9dc_azure.yaml	2026-08-07T11:01:04-03:00	2026-08-07T11:01:06-03:00	1.98	1.87	0.11	57576	0	1	269413	36bfe40eed33c8b8cb491894acd6f63c05c13e0d7a15a6e6f7b9401246d94c6d
az-realjun-folgada	lowest_carbon_dc	57	none	configs/scenarios/geo_9dc_azure.yaml	2026-08-07T11:01:04-03:00	2026-08-07T11:01:06-03:00	2.07	1.94	0.12	58372	0	1	269418	36bfe40eed33c8b8cb491894acd6f63c05c13e0d7a15a6e6f7b9401246d94c6d
az-realjun-folgada	lowest_carbon_dc	58	none	configs/scenarios/geo_9dc_azure.yaml	2026-08-07T11:01:04-03:00	2026-08-07T11:01:06-03:00	2.06	1.90	0.13	57584	0	1	269433	36bfe40eed33c8b8cb491894acd6f63c05c13e0d7a15a6e6f7b9401246d94c6d
az-realjun-folgada	lowest_carbon_dc	59	none	configs/scenarios/geo_9dc_azure.yaml	2026-08-07T11:01:05-03:00	2026-08-07T11:01:06-03:00	1.67	1.54	0.10	58544	0	1	269457	36bfe40eed33c8b8cb491894acd6f63c05c13e0d7a15a6e6f7b9401246d94c6d
az-realjun-folgada	lowest_carbon_dc	60	none	configs/scenarios/geo_9dc_azure.yaml	2026-08-07T11:01:05-03:00	2026-08-07T11:01:06-03:00	1.51	1.40	0.11	57496	0	1	269477	36bfe40eed33c8b8cb491894acd6f63c05c13e0d7a15a6e6f7b9401246d94c6d
az-realjun-folgada	lowest_carbon_dc	61	none	configs/scenarios/geo_9dc_azure.yaml	2026-08-07T11:01:05-03:00	2026-08-07T11:01:06-03:00	1.51	1.37	0.11	58472	0	1	269480	36bfe40eed33c8b8cb491894acd6f63c05c13e0d7a15a6e6f7b9401246d94c6d
az-realjun-folgada	lowest_carbon_dc	62	none	configs/scenarios/geo_9dc_azure.yaml	2026-08-07T11:01:05-03:00	2026-08-07T11:01:07-03:00	1.90	1.78	0.11	57672	0	1	269496	36bfe40eed33c8b8cb491894acd6f63c05c13e0d7a15a6e6f7b9401246d94c6d
az-realjun-folgada	lowest_carbon_dc	63	none	configs/scenarios/geo_9dc_azure.yaml	2026-08-07T11:01:05-03:00	2026-08-07T11:01:07-03:00	1.85	1.71	0.12	58548	0	1	269519	36bfe40eed33c8b8cb491894acd6f63c05c13e0d7a15a6e6f7b9401246d94c6d
az-realjun-folgada	lowest_carbon_dc	64	none	configs/scenarios/geo_9dc_azure.yaml	2026-08-07T11:01:05-03:00	2026-08-07T11:01:07-03:00	1.73	1.55	0.11	57612	0	1	269532	36bfe40eed33c8b8cb491894acd6f63c05c13e0d7a15a6e6f7b9401246d94c6d
az-realjun-folgada	lowest_carbon_dc	65	none	configs/scenarios/geo_9dc_azure.yaml	2026-08-07T11:01:05-03:00	2026-08-07T11:01:07-03:00	1.58	1.45	0.12	58164	0	1	269545	36bfe40eed33c8b8cb491894acd6f63c05c13e0d7a15a6e6f7b9401246d94c6d
az-realjun-folgada	lowest_carbon_dc	66	none	configs/scenarios/geo_9dc_azure.yaml	2026-08-07T11:01:06-03:00	2026-08-07T11:01:07-03:00	1.75	1.61	0.12	58768	0	1	269568	36bfe40eed33c8b8cb491894acd6f63c05c13e0d7a15a6e6f7b9401246d94c6d
az-realjun-folgada	lowest_carbon_dc	67	none	configs/scenarios/geo_9dc_azure.yaml	2026-08-07T11:01:06-03:00	2026-08-07T11:01:08-03:00	1.76	1.60	0.14	58768	0	1	269581	36bfe40eed33c8b8cb491894acd6f63c05c13e0d7a15a6e6f7b9401246d94c6d
az-realjun-folgada	lowest_carbon_dc	68	none	configs/scenarios/geo_9dc_azure.yaml	2026-08-07T11:01:06-03:00	2026-08-07T11:01:08-03:00	1.70	1.58	0.11	58640	0	1	269597	36bfe40eed33c8b8cb491894acd6f63c05c13e0d7a15a6e6f7b9401246d94c6d
az-realjun-folgada	lowest_carbon_dc	69	none	configs/scenarios/geo_9dc_azure.yaml	2026-08-07T11:01:06-03:00	2026-08-07T11:01:08-03:00	1.56	1.42	0.12	58844	0	1	269610	36bfe40eed33c8b8cb491894acd6f63c05c13e0d7a15a6e6f7b9401246d94c6d
az-realjun-folgada	lowest_carbon_dc	70	none	configs/scenarios/geo_9dc_azure.yaml	2026-08-07T11:01:06-03:00	2026-08-07T11:01:08-03:00	1.57	1.45	0.11	57508	0	1	269631	36bfe40eed33c8b8cb491894acd6f63c05c13e0d7a15a6e6f7b9401246d94c6d
az-realjun-folgada	lowest_carbon_dc	71	none	configs/scenarios/geo_9dc_azure.yaml	2026-08-07T11:01:06-03:00	2026-08-07T11:01:08-03:00	1.70	1.58	0.11	57664	0	1	269632	36bfe40eed33c8b8cb491894acd6f63c05c13e0d7a15a6e6f7b9401246d94c6d
az-realjun-folgada	round_robin	52	none	configs/scenarios/geo_9dc_azure.yaml	2026-08-07T11:00:56-03:00	2026-08-07T11:00:57-03:00	1.37	1.22	0.12	58232	0	1	268404	36bfe40eed33c8b8cb491894acd6f63c05c13e0d7a15a6e6f7b9401246d94c6d
az-realjun-folgada	round_robin	53	none	configs/scenarios/geo_9dc_azure.yaml	2026-08-07T11:00:56-03:00	2026-08-07T11:00:58-03:00	1.86	1.74	0.10	59184	0	1	268417	36bfe40eed33c8b8cb491894acd6f63c05c13e0d7a15a6e6f7b9401246d94c6d
az-realjun-folgada	round_robin	54	none	configs/scenarios/geo_9dc_azure.yaml	2026-08-07T11:00:56-03:00	2026-08-07T11:00:58-03:00	1.67	1.55	0.12	59056	0	1	268438	36bfe40eed33c8b8cb491894acd6f63c05c13e0d7a15a6e6f7b9401246d94c6d
az-realjun-folgada	round_robin	55	none	configs/scenarios/geo_9dc_azure.yaml	2026-08-07T11:00:57-03:00	2026-08-07T11:00:58-03:00	1.89	1.78	0.10	58228	0	1	268451	36bfe40eed33c8b8cb491894acd6f63c05c13e0d7a15a6e6f7b9401246d94c6d
az-realjun-folgada	round_robin	56	none	configs/scenarios/geo_9dc_azure.yaml	2026-08-07T11:00:57-03:00	2026-08-07T11:00:58-03:00	1.71	1.59	0.12	57984	0	1	268474	36bfe40eed33c8b8cb491894acd6f63c05c13e0d7a15a6e6f7b9401246d94c6d
az-realjun-folgada	round_robin	57	none	configs/scenarios/geo_9dc_azure.yaml	2026-08-07T11:00:57-03:00	2026-08-07T11:00:59-03:00	2.33	2.19	0.12	58600	0	1	268487	36bfe40eed33c8b8cb491894acd6f63c05c13e0d7a15a6e6f7b9401246d94c6d
az-realjun-folgada	round_robin	58	none	configs/scenarios/geo_9dc_azure.yaml	2026-08-07T11:00:57-03:00	2026-08-07T11:00:59-03:00	1.90	1.76	0.13	58152	0	1	268500	36bfe40eed33c8b8cb491894acd6f63c05c13e0d7a15a6e6f7b9401246d94c6d
az-realjun-folgada	round_robin	59	none	configs/scenarios/geo_9dc_azure.yaml	2026-08-07T11:00:57-03:00	2026-08-07T11:00:59-03:00	2.44	2.26	0.11	58852	0	1	268516	36bfe40eed33c8b8cb491894acd6f63c05c13e0d7a15a6e6f7b9401246d94c6d
az-realjun-folgada	round_robin	60	none	configs/scenarios/geo_9dc_azure.yaml	2026-08-07T11:00:57-03:00	2026-08-07T11:00:59-03:00	1.98	1.86	0.10	58024	0	1	268526	36bfe40eed33c8b8cb491894acd6f63c05c13e0d7a15a6e6f7b9401246d94c6d
az-realjun-folgada	round_robin	61	none	configs/scenarios/geo_9dc_azure.yaml	2026-08-07T11:00:57-03:00	2026-08-07T11:00:59-03:00	1.85	1.68	0.14	58728	0	1	268539	36bfe40eed33c8b8cb491894acd6f63c05c13e0d7a15a6e6f7b9401246d94c6d
az-realjun-folgada	round_robin	62	none	configs/scenarios/geo_9dc_azure.yaml	2026-08-07T11:00:57-03:00	2026-08-07T11:00:59-03:00	2.25	2.14	0.10	58124	0	1	268552	36bfe40eed33c8b8cb491894acd6f63c05c13e0d7a15a6e6f7b9401246d94c6d
az-realjun-folgada	round_robin	63	none	configs/scenarios/geo_9dc_azure.yaml	2026-08-07T11:00:57-03:00	2026-08-07T11:00:59-03:00	1.61	1.51	0.09	59048	0	1	268565	36bfe40eed33c8b8cb491894acd6f63c05c13e0d7a15a6e6f7b9401246d94c6d
az-realjun-folgada	round_robin	64	none	configs/scenarios/geo_9dc_azure.yaml	2026-08-07T11:00:57-03:00	2026-08-07T11:00:59-03:00	1.76	1.55	0.14	57944	0	1	268589	36bfe40eed33c8b8cb491894acd6f63c05c13e0d7a15a6e6f7b9401246d94c6d
az-realjun-folgada	round_robin	65	none	configs/scenarios/geo_9dc_azure.yaml	2026-08-07T11:00:57-03:00	2026-08-07T11:00:59-03:00	1.91	1.76	0.12	58684	0	1	268602	36bfe40eed33c8b8cb491894acd6f63c05c13e0d7a15a6e6f7b9401246d94c6d
az-realjun-folgada	round_robin	66	none	configs/scenarios/geo_9dc_azure.yaml	2026-08-07T11:00:58-03:00	2026-08-07T11:00:59-03:00	1.91	1.74	0.12	59356	0	1	268615	36bfe40eed33c8b8cb491894acd6f63c05c13e0d7a15a6e6f7b9401246d94c6d
az-realjun-folgada	round_robin	67	none	configs/scenarios/geo_9dc_azure.yaml	2026-08-07T11:00:58-03:00	2026-08-07T11:01:00-03:00	1.75	1.60	0.13	59044	0	1	268628	36bfe40eed33c8b8cb491894acd6f63c05c13e0d7a15a6e6f7b9401246d94c6d
az-realjun-folgada	round_robin	68	none	configs/scenarios/geo_9dc_azure.yaml	2026-08-07T11:00:58-03:00	2026-08-07T11:01:00-03:00	1.49	1.33	0.10	59044	0	1	268641	36bfe40eed33c8b8cb491894acd6f63c05c13e0d7a15a6e6f7b9401246d94c6d
az-realjun-folgada	round_robin	69	none	configs/scenarios/geo_9dc_azure.yaml	2026-08-07T11:00:58-03:00	2026-08-07T11:01:00-03:00	2.02	1.88	0.11	59320	0	1	268654	36bfe40eed33c8b8cb491894acd6f63c05c13e0d7a15a6e6f7b9401246d94c6d
az-realjun-folgada	round_robin	70	none	configs/scenarios/geo_9dc_azure.yaml	2026-08-07T11:00:58-03:00	2026-08-07T11:01:00-03:00	1.73	1.59	0.12	58000	0	1	268678	36bfe40eed33c8b8cb491894acd6f63c05c13e0d7a15a6e6f7b9401246d94c6d
az-realjun-folgada	round_robin	71	none	configs/scenarios/geo_9dc_azure.yaml	2026-08-07T11:00:59-03:00	2026-08-07T11:01:01-03:00	1.85	1.71	0.13	58164	0	1	268702	36bfe40eed33c8b8cb491894acd6f63c05c13e0d7a15a6e6f7b9401246d94c6d
az-realjun-folgada	worst_fit	52	none	configs/scenarios/geo_9dc_azure.yaml	2026-08-07T11:00:53-03:00	2026-08-07T11:00:55-03:00	1.83	1.62	0.11	57308	0	1	268087	36bfe40eed33c8b8cb491894acd6f63c05c13e0d7a15a6e6f7b9401246d94c6d
az-realjun-folgada	worst_fit	53	none	configs/scenarios/geo_9dc_azure.yaml	2026-08-07T11:00:53-03:00	2026-08-07T11:00:55-03:00	1.71	1.58	0.11	58856	0	1	268088	36bfe40eed33c8b8cb491894acd6f63c05c13e0d7a15a6e6f7b9401246d94c6d
az-realjun-folgada	worst_fit	54	none	configs/scenarios/geo_9dc_azure.yaml	2026-08-07T11:00:53-03:00	2026-08-07T11:00:55-03:00	1.87	1.75	0.11	58496	0	1	268105	36bfe40eed33c8b8cb491894acd6f63c05c13e0d7a15a6e6f7b9401246d94c6d
az-realjun-folgada	worst_fit	55	none	configs/scenarios/geo_9dc_azure.yaml	2026-08-07T11:00:54-03:00	2026-08-07T11:00:56-03:00	1.62	1.49	0.13	57764	0	1	268133	36bfe40eed33c8b8cb491894acd6f63c05c13e0d7a15a6e6f7b9401246d94c6d
az-realjun-folgada	worst_fit	56	none	configs/scenarios/geo_9dc_azure.yaml	2026-08-07T11:00:54-03:00	2026-08-07T11:00:56-03:00	1.87	1.73	0.11	57564	0	1	268172	36bfe40eed33c8b8cb491894acd6f63c05c13e0d7a15a6e6f7b9401246d94c6d
az-realjun-folgada	worst_fit	57	none	configs/scenarios/geo_9dc_azure.yaml	2026-08-07T11:00:54-03:00	2026-08-07T11:00:56-03:00	1.64	1.50	0.11	58160	0	1	268178	36bfe40eed33c8b8cb491894acd6f63c05c13e0d7a15a6e6f7b9401246d94c6d
az-realjun-folgada	worst_fit	58	none	configs/scenarios/geo_9dc_azure.yaml	2026-08-07T11:00:54-03:00	2026-08-07T11:00:56-03:00	1.25	1.15	0.09	57456	0	1	268202	36bfe40eed33c8b8cb491894acd6f63c05c13e0d7a15a6e6f7b9401246d94c6d
az-realjun-folgada	worst_fit	59	none	configs/scenarios/geo_9dc_azure.yaml	2026-08-07T11:00:54-03:00	2026-08-07T11:00:56-03:00	1.37	1.24	0.11	58316	0	1	268215	36bfe40eed33c8b8cb491894acd6f63c05c13e0d7a15a6e6f7b9401246d94c6d
az-realjun-folgada	worst_fit	60	none	configs/scenarios/geo_9dc_azure.yaml	2026-08-07T11:00:55-03:00	2026-08-07T11:00:57-03:00	1.90	1.78	0.11	57500	0	1	268241	36bfe40eed33c8b8cb491894acd6f63c05c13e0d7a15a6e6f7b9401246d94c6d
az-realjun-folgada	worst_fit	61	none	configs/scenarios/geo_9dc_azure.yaml	2026-08-07T11:00:55-03:00	2026-08-07T11:00:57-03:00	1.93	1.75	0.13	58140	0	1	268251	36bfe40eed33c8b8cb491894acd6f63c05c13e0d7a15a6e6f7b9401246d94c6d
az-realjun-folgada	worst_fit	62	none	configs/scenarios/geo_9dc_azure.yaml	2026-08-07T11:00:55-03:00	2026-08-07T11:00:57-03:00	1.91	1.79	0.11	57616	0	1	268264	36bfe40eed33c8b8cb491894acd6f63c05c13e0d7a15a6e6f7b9401246d94c6d
az-realjun-folgada	worst_fit	63	none	configs/scenarios/geo_9dc_azure.yaml	2026-08-07T11:00:55-03:00	2026-08-07T11:00:56-03:00	1.54	1.40	0.13	58520	0	1	268277	36bfe40eed33c8b8cb491894acd6f63c05c13e0d7a15a6e6f7b9401246d94c6d
az-realjun-folgada	worst_fit	64	none	configs/scenarios/geo_9dc_azure.yaml	2026-08-07T11:00:55-03:00	2026-08-07T11:00:57-03:00	1.84	1.69	0.11	57356	0	1	268294	36bfe40eed33c8b8cb491894acd6f63c05c13e0d7a15a6e6f7b9401246d94c6d
az-realjun-folgada	worst_fit	65	none	configs/scenarios/geo_9dc_azure.yaml	2026-08-07T11:00:55-03:00	2026-08-07T11:00:57-03:00	1.93	1.81	0.11	58336	0	1	268303	36bfe40eed33c8b8cb491894acd6f63c05c13e0d7a15a6e6f7b9401246d94c6d
az-realjun-folgada	worst_fit	66	none	configs/scenarios/geo_9dc_azure.yaml	2026-08-07T11:00:55-03:00	2026-08-07T11:00:57-03:00	1.79	1.67	0.11	58820	0	1	268316	36bfe40eed33c8b8cb491894acd6f63c05c13e0d7a15a6e6f7b9401246d94c6d
az-realjun-folgada	worst_fit	67	none	configs/scenarios/geo_9dc_azure.yaml	2026-08-07T11:00:55-03:00	2026-08-07T11:00:57-03:00	1.74	1.62	0.10	58708	0	1	268329	36bfe40eed33c8b8cb491894acd6f63c05c13e0d7a15a6e6f7b9401246d94c6d
az-realjun-folgada	worst_fit	68	none	configs/scenarios/geo_9dc_azure.yaml	2026-08-07T11:00:55-03:00	2026-08-07T11:00:57-03:00	1.71	1.58	0.11	58552	0	1	268352	36bfe40eed33c8b8cb491894acd6f63c05c13e0d7a15a6e6f7b9401246d94c6d
az-realjun-folgada	worst_fit	69	none	configs/scenarios/geo_9dc_azure.yaml	2026-08-07T11:00:56-03:00	2026-08-07T11:00:57-03:00	1.81	1.61	0.13	58688	0	1	268365	36bfe40eed33c8b8cb491894acd6f63c05c13e0d7a15a6e6f7b9401246d94c6d
az-realjun-folgada	worst_fit	70	none	configs/scenarios/geo_9dc_azure.yaml	2026-08-07T11:00:56-03:00	2026-08-07T11:00:57-03:00	1.34	1.23	0.10	57388	0	1	268378	36bfe40eed33c8b8cb491894acd6f63c05c13e0d7a15a6e6f7b9401246d94c6d
az-realjun-folgada	worst_fit	71	none	configs/scenarios/geo_9dc_azure.yaml	2026-08-07T11:00:56-03:00	2026-08-07T11:00:58-03:00	1.68	1.54	0.10	57480	0	1	268391	36bfe40eed33c8b8cb491894acd6f63c05c13e0d7a15a6e6f7b9401246d94c6d
az-realjun-folgada	wsnb	52	none	configs/scenarios/geo_9dc_azure.yaml	2026-08-07T11:01:08-03:00	2026-08-07T11:01:11-03:00	2.05	1.92	0.12	71096	0	1	269940	36bfe40eed33c8b8cb491894acd6f63c05c13e0d7a15a6e6f7b9401246d94c6d
az-realjun-folgada	wsnb	53	none	configs/scenarios/geo_9dc_azure.yaml	2026-08-07T11:01:09-03:00	2026-08-07T11:01:10-03:00	1.82	1.64	0.14	69788	0	1	269953	36bfe40eed33c8b8cb491894acd6f63c05c13e0d7a15a6e6f7b9401246d94c6d
az-realjun-folgada	wsnb	54	none	configs/scenarios/geo_9dc_azure.yaml	2026-08-07T11:01:09-03:00	2026-08-07T11:01:11-03:00	1.94	1.78	0.14	69324	0	1	269986	36bfe40eed33c8b8cb491894acd6f63c05c13e0d7a15a6e6f7b9401246d94c6d
az-realjun-folgada	wsnb	55	none	configs/scenarios/geo_9dc_azure.yaml	2026-08-07T11:01:09-03:00	2026-08-07T11:01:11-03:00	1.96	1.82	0.12	66584	0	1	270016	36bfe40eed33c8b8cb491894acd6f63c05c13e0d7a15a6e6f7b9401246d94c6d
az-realjun-folgada	wsnb	56	none	configs/scenarios/geo_9dc_azure.yaml	2026-08-07T11:01:09-03:00	2026-08-07T11:01:11-03:00	2.06	1.91	0.12	69592	0	1	270032	36bfe40eed33c8b8cb491894acd6f63c05c13e0d7a15a6e6f7b9401246d94c6d
az-realjun-folgada	wsnb	57	none	configs/scenarios/geo_9dc_azure.yaml	2026-08-07T11:01:09-03:00	2026-08-07T11:01:11-03:00	1.47	1.34	0.11	69192	0	1	270047	36bfe40eed33c8b8cb491894acd6f63c05c13e0d7a15a6e6f7b9401246d94c6d
az-realjun-folgada	wsnb	58	none	configs/scenarios/geo_9dc_azure.yaml	2026-08-07T11:01:10-03:00	2026-08-07T11:01:11-03:00	1.89	1.75	0.13	71012	0	1	270061	36bfe40eed33c8b8cb491894acd6f63c05c13e0d7a15a6e6f7b9401246d94c6d
az-realjun-folgada	wsnb	59	none	configs/scenarios/geo_9dc_azure.yaml	2026-08-07T11:01:10-03:00	2026-08-07T11:01:12-03:00	1.95	1.81	0.11	68572	0	1	270083	36bfe40eed33c8b8cb491894acd6f63c05c13e0d7a15a6e6f7b9401246d94c6d
az-realjun-folgada	wsnb	60	none	configs/scenarios/geo_9dc_azure.yaml	2026-08-07T11:01:10-03:00	2026-08-07T11:01:12-03:00	1.95	1.82	0.12	69652	0	1	270096	36bfe40eed33c8b8cb491894acd6f63c05c13e0d7a15a6e6f7b9401246d94c6d
az-realjun-folgada	wsnb	61	none	configs/scenarios/geo_9dc_azure.yaml	2026-08-07T11:01:10-03:00	2026-08-07T11:01:12-03:00	2.25	2.10	0.12	69684	0	1	270109	36bfe40eed33c8b8cb491894acd6f63c05c13e0d7a15a6e6f7b9401246d94c6d
az-realjun-folgada	wsnb	62	none	configs/scenarios/geo_9dc_azure.yaml	2026-08-07T11:01:10-03:00	2026-08-07T11:01:12-03:00	1.99	1.86	0.12	68228	0	1	270122	36bfe40eed33c8b8cb491894acd6f63c05c13e0d7a15a6e6f7b9401246d94c6d
az-realjun-folgada	wsnb	63	none	configs/scenarios/geo_9dc_azure.yaml	2026-08-07T11:01:10-03:00	2026-08-07T11:01:12-03:00	1.95	1.80	0.13	69624	0	1	270135	36bfe40eed33c8b8cb491894acd6f63c05c13e0d7a15a6e6f7b9401246d94c6d
az-realjun-folgada	wsnb	64	none	configs/scenarios/geo_9dc_azure.yaml	2026-08-07T11:01:10-03:00	2026-08-07T11:01:12-03:00	2.13	1.96	0.13	70240	0	1	270148	36bfe40eed33c8b8cb491894acd6f63c05c13e0d7a15a6e6f7b9401246d94c6d
az-realjun-folgada	wsnb	65	none	configs/scenarios/geo_9dc_azure.yaml	2026-08-07T11:01:10-03:00	2026-08-07T11:01:12-03:00	1.73	1.59	0.12	68704	0	1	270161	36bfe40eed33c8b8cb491894acd6f63c05c13e0d7a15a6e6f7b9401246d94c6d
az-realjun-folgada	wsnb	66	none	configs/scenarios/geo_9dc_azure.yaml	2026-08-07T11:01:10-03:00	2026-08-07T11:01:12-03:00	1.96	1.78	0.15	72180	0	1	270174	36bfe40eed33c8b8cb491894acd6f63c05c13e0d7a15a6e6f7b9401246d94c6d
az-realjun-folgada	wsnb	67	none	configs/scenarios/geo_9dc_azure.yaml	2026-08-07T11:01:11-03:00	2026-08-07T11:01:13-03:00	2.04	1.87	0.15	72628	0	1	270187	36bfe40eed33c8b8cb491894acd6f63c05c13e0d7a15a6e6f7b9401246d94c6d
az-realjun-folgada	wsnb	68	none	configs/scenarios/geo_9dc_azure.yaml	2026-08-07T11:01:11-03:00	2026-08-07T11:01:13-03:00	1.65	1.52	0.12	70080	0	1	270222	36bfe40eed33c8b8cb491894acd6f63c05c13e0d7a15a6e6f7b9401246d94c6d
az-realjun-folgada	wsnb	69	none	configs/scenarios/geo_9dc_azure.yaml	2026-08-07T11:01:11-03:00	2026-08-07T11:01:13-03:00	2.05	1.86	0.15	71640	0	1	270235	36bfe40eed33c8b8cb491894acd6f63c05c13e0d7a15a6e6f7b9401246d94c6d
az-realjun-folgada	wsnb	70	none	configs/scenarios/geo_9dc_azure.yaml	2026-08-07T11:01:11-03:00	2026-08-07T11:01:13-03:00	2.03	1.90	0.12	63320	0	1	270248	36bfe40eed33c8b8cb491894acd6f63c05c13e0d7a15a6e6f7b9401246d94c6d
az-realjun-folgada	wsnb	71	none	configs/scenarios/geo_9dc_azure.yaml	2026-08-07T11:01:11-03:00	2026-08-07T11:01:13-03:00	2.00	1.86	0.13	71012	0	1	270268	36bfe40eed33c8b8cb491894acd6f63c05c13e0d7a15a6e6f7b9401246d94c6d
go-anticorr-alta	best_fit	52	none	configs/scenarios/fase1/geo9_google_anticorr_alta.yaml	2026-08-07T18:01:46-03:00	2026-08-07T18:02:10-03:00	24.33	23.82	0.34	95492	0	1	852744	36bfe40eed33c8b8cb491894acd6f63c05c13e0d7a15a6e6f7b9401246d94c6d
go-anticorr-alta	best_fit	53	none	configs/scenarios/fase1/geo9_google_anticorr_alta.yaml	2026-08-07T18:01:49-03:00	2026-08-07T18:02:14-03:00	25.86	25.43	0.37	95396	0	1	852804	36bfe40eed33c8b8cb491894acd6f63c05c13e0d7a15a6e6f7b9401246d94c6d
go-anticorr-alta	best_fit	54	none	configs/scenarios/fase1/geo9_google_anticorr_alta.yaml	2026-08-07T18:01:53-03:00	2026-08-07T18:02:15-03:00	22.11	21.76	0.33	96380	0	1	852943	36bfe40eed33c8b8cb491894acd6f63c05c13e0d7a15a6e6f7b9401246d94c6d
go-anticorr-alta	best_fit	55	none	configs/scenarios/fase1/geo9_google_anticorr_alta.yaml	2026-08-07T18:01:53-03:00	2026-08-07T18:02:15-03:00	21.84	21.38	0.33	93864	0	1	852956	36bfe40eed33c8b8cb491894acd6f63c05c13e0d7a15a6e6f7b9401246d94c6d
go-anticorr-alta	best_fit	56	none	configs/scenarios/fase1/geo9_google_anticorr_alta.yaml	2026-08-07T18:01:56-03:00	2026-08-07T18:02:19-03:00	22.91	22.49	0.35	95548	0	1	853031	36bfe40eed33c8b8cb491894acd6f63c05c13e0d7a15a6e6f7b9401246d94c6d
go-anticorr-alta	best_fit	57	none	configs/scenarios/fase1/geo9_google_anticorr_alta.yaml	2026-08-07T18:01:57-03:00	2026-08-07T18:02:21-03:00	24.13	23.72	0.35	96836	0	1	853072	36bfe40eed33c8b8cb491894acd6f63c05c13e0d7a15a6e6f7b9401246d94c6d
go-anticorr-alta	best_fit	58	none	configs/scenarios/fase1/geo9_google_anticorr_alta.yaml	2026-08-07T18:02:06-03:00	2026-08-07T18:02:27-03:00	21.84	21.47	0.34	94948	0	1	853251	36bfe40eed33c8b8cb491894acd6f63c05c13e0d7a15a6e6f7b9401246d94c6d
go-anticorr-alta	best_fit	59	none	configs/scenarios/fase1/geo9_google_anticorr_alta.yaml	2026-08-07T18:02:07-03:00	2026-08-07T18:02:31-03:00	23.83	23.42	0.35	95528	0	1	853304	36bfe40eed33c8b8cb491894acd6f63c05c13e0d7a15a6e6f7b9401246d94c6d
go-anticorr-alta	best_fit	60	none	configs/scenarios/fase1/geo9_google_anticorr_alta.yaml	2026-08-07T18:02:10-03:00	2026-08-07T18:02:35-03:00	25.00	24.54	0.36	93580	0	1	853349	36bfe40eed33c8b8cb491894acd6f63c05c13e0d7a15a6e6f7b9401246d94c6d
go-anticorr-alta	best_fit	61	none	configs/scenarios/fase1/geo9_google_anticorr_alta.yaml	2026-08-07T18:02:10-03:00	2026-08-07T18:02:36-03:00	25.72	25.35	0.31	96660	0	1	853369	36bfe40eed33c8b8cb491894acd6f63c05c13e0d7a15a6e6f7b9401246d94c6d
go-anticorr-alta	best_fit	62	none	configs/scenarios/fase1/geo9_google_anticorr_alta.yaml	2026-08-07T18:02:14-03:00	2026-08-07T18:02:43-03:00	28.61	27.91	0.64	97256	0	1	853480	36bfe40eed33c8b8cb491894acd6f63c05c13e0d7a15a6e6f7b9401246d94c6d
go-anticorr-alta	best_fit	63	none	configs/scenarios/fase1/geo9_google_anticorr_alta.yaml	2026-08-07T18:02:15-03:00	2026-08-07T18:02:44-03:00	28.43	28.00	0.36	96740	0	1	853503	36bfe40eed33c8b8cb491894acd6f63c05c13e0d7a15a6e6f7b9401246d94c6d
go-anticorr-alta	best_fit	64	none	configs/scenarios/fase1/geo9_google_anticorr_alta.yaml	2026-08-07T18:02:15-03:00	2026-08-07T18:02:35-03:00	19.95	19.55	0.32	95748	0	1	853534	36bfe40eed33c8b8cb491894acd6f63c05c13e0d7a15a6e6f7b9401246d94c6d
go-anticorr-alta	best_fit	65	none	configs/scenarios/fase1/geo9_google_anticorr_alta.yaml	2026-08-07T18:02:19-03:00	2026-08-07T18:02:44-03:00	25.25	24.78	0.33	96572	0	1	853605	36bfe40eed33c8b8cb491894acd6f63c05c13e0d7a15a6e6f7b9401246d94c6d
go-anticorr-alta	best_fit	66	none	configs/scenarios/fase1/geo9_google_anticorr_alta.yaml	2026-08-07T18:02:21-03:00	2026-08-07T18:02:51-03:00	29.41	28.94	0.37	94656	0	1	853680	36bfe40eed33c8b8cb491894acd6f63c05c13e0d7a15a6e6f7b9401246d94c6d
go-anticorr-alta	best_fit	67	none	configs/scenarios/fase1/geo9_google_anticorr_alta.yaml	2026-08-07T18:02:27-03:00	2026-08-07T18:02:54-03:00	26.20	25.71	0.35	94744	0	1	853813	36bfe40eed33c8b8cb491894acd6f63c05c13e0d7a15a6e6f7b9401246d94c6d
go-anticorr-alta	best_fit	68	none	configs/scenarios/fase1/geo9_google_anticorr_alta.yaml	2026-08-07T18:02:31-03:00	2026-08-07T18:02:56-03:00	25.15	24.68	0.35	96604	0	1	853913	36bfe40eed33c8b8cb491894acd6f63c05c13e0d7a15a6e6f7b9401246d94c6d
go-anticorr-alta	best_fit	69	none	configs/scenarios/fase1/geo9_google_anticorr_alta.yaml	2026-08-07T18:02:35-03:00	2026-08-07T18:02:48-03:00	13.90	13.51	0.32	96028	0	1	854005	36bfe40eed33c8b8cb491894acd6f63c05c13e0d7a15a6e6f7b9401246d94c6d
go-anticorr-alta	best_fit	70	none	configs/scenarios/fase1/geo9_google_anticorr_alta.yaml	2026-08-07T18:02:35-03:00	2026-08-07T18:03:01-03:00	26.11	25.68	0.36	97304	0	1	854030	36bfe40eed33c8b8cb491894acd6f63c05c13e0d7a15a6e6f7b9401246d94c6d
go-anticorr-alta	best_fit	71	none	configs/scenarios/fase1/geo9_google_anticorr_alta.yaml	2026-08-07T18:02:36-03:00	2026-08-07T18:03:04-03:00	27.76	27.29	0.38	95536	0	1	854062	36bfe40eed33c8b8cb491894acd6f63c05c13e0d7a15a6e6f7b9401246d94c6d
go-anticorr-alta	bfd	52	none	configs/scenarios/fase1/geo9_google_anticorr_alta.yaml	2026-08-07T18:05:09-03:00	2026-08-07T18:05:31-03:00	21.84	21.45	0.32	82532	0	1	858155	36bfe40eed33c8b8cb491894acd6f63c05c13e0d7a15a6e6f7b9401246d94c6d
go-anticorr-alta	bfd	53	none	configs/scenarios/fase1/geo9_google_anticorr_alta.yaml	2026-08-07T18:05:12-03:00	2026-08-07T18:05:29-03:00	17.54	17.14	0.32	83008	0	1	858217	36bfe40eed33c8b8cb491894acd6f63c05c13e0d7a15a6e6f7b9401246d94c6d
go-anticorr-alta	bfd	54	none	configs/scenarios/fase1/geo9_google_anticorr_alta.yaml	2026-08-07T18:05:13-03:00	2026-08-07T18:05:28-03:00	14.80	14.47	0.31	87948	0	1	858271	36bfe40eed33c8b8cb491894acd6f63c05c13e0d7a15a6e6f7b9401246d94c6d
go-anticorr-alta	bfd	55	none	configs/scenarios/fase1/geo9_google_anticorr_alta.yaml	2026-08-07T18:05:13-03:00	2026-08-07T18:05:37-03:00	24.27	23.82	0.33	83384	0	1	858278	36bfe40eed33c8b8cb491894acd6f63c05c13e0d7a15a6e6f7b9401246d94c6d
go-anticorr-alta	bfd	56	none	configs/scenarios/fase1/geo9_google_anticorr_alta.yaml	2026-08-07T18:05:14-03:00	2026-08-07T18:05:38-03:00	24.44	23.99	0.35	88028	0	1	858303	36bfe40eed33c8b8cb491894acd6f63c05c13e0d7a15a6e6f7b9401246d94c6d
go-anticorr-alta	bfd	57	none	configs/scenarios/fase1/geo9_google_anticorr_alta.yaml	2026-08-07T18:05:14-03:00	2026-08-07T18:05:34-03:00	20.02	19.59	0.33	87308	0	1	858316	36bfe40eed33c8b8cb491894acd6f63c05c13e0d7a15a6e6f7b9401246d94c6d
go-anticorr-alta	bfd	58	none	configs/scenarios/fase1/geo9_google_anticorr_alta.yaml	2026-08-07T18:05:20-03:00	2026-08-07T18:05:43-03:00	23.37	22.97	0.32	89788	0	1	858449	36bfe40eed33c8b8cb491894acd6f63c05c13e0d7a15a6e6f7b9401246d94c6d
go-anticorr-alta	bfd	59	none	configs/scenarios/fase1/geo9_google_anticorr_alta.yaml	2026-08-07T18:05:21-03:00	2026-08-07T18:05:45-03:00	23.55	23.09	0.38	86752	0	1	858483	36bfe40eed33c8b8cb491894acd6f63c05c13e0d7a15a6e6f7b9401246d94c6d
go-anticorr-alta	bfd	60	none	configs/scenarios/fase1/geo9_google_anticorr_alta.yaml	2026-08-07T18:05:28-03:00	2026-08-07T18:05:52-03:00	23.95	23.51	0.33	87724	0	1	858650	36bfe40eed33c8b8cb491894acd6f63c05c13e0d7a15a6e6f7b9401246d94c6d
go-anticorr-alta	bfd	61	none	configs/scenarios/fase1/geo9_google_anticorr_alta.yaml	2026-08-07T18:05:29-03:00	2026-08-07T18:05:53-03:00	23.80	23.28	0.32	83716	0	1	858675	36bfe40eed33c8b8cb491894acd6f63c05c13e0d7a15a6e6f7b9401246d94c6d
go-anticorr-alta	bfd	62	none	configs/scenarios/fase1/geo9_google_anticorr_alta.yaml	2026-08-07T18:05:31-03:00	2026-08-07T18:05:49-03:00	18.17	17.79	0.31	87564	0	1	858731	36bfe40eed33c8b8cb491894acd6f63c05c13e0d7a15a6e6f7b9401246d94c6d
go-anticorr-alta	bfd	63	none	configs/scenarios/fase1/geo9_google_anticorr_alta.yaml	2026-08-07T18:05:33-03:00	2026-08-07T18:05:53-03:00	19.86	19.44	0.31	86980	0	1	858784	36bfe40eed33c8b8cb491894acd6f63c05c13e0d7a15a6e6f7b9401246d94c6d
go-anticorr-alta	bfd	64	none	configs/scenarios/fase1/geo9_google_anticorr_alta.yaml	2026-08-07T18:05:34-03:00	2026-08-07T18:05:54-03:00	20.28	19.83	0.33	86040	0	1	858850	36bfe40eed33c8b8cb491894acd6f63c05c13e0d7a15a6e6f7b9401246d94c6d
go-anticorr-alta	bfd	65	none	configs/scenarios/fase1/geo9_google_anticorr_alta.yaml	2026-08-07T18:05:37-03:00	2026-08-07T18:05:56-03:00	19.08	18.66	0.34	87556	0	1	858911	36bfe40eed33c8b8cb491894acd6f63c05c13e0d7a15a6e6f7b9401246d94c6d
go-anticorr-alta	bfd	66	none	configs/scenarios/fase1/geo9_google_anticorr_alta.yaml	2026-08-07T18:05:38-03:00	2026-08-07T18:05:56-03:00	17.79	17.38	0.31	88892	0	1	858968	36bfe40eed33c8b8cb491894acd6f63c05c13e0d7a15a6e6f7b9401246d94c6d
go-anticorr-alta	bfd	67	none	configs/scenarios/fase1/geo9_google_anticorr_alta.yaml	2026-08-07T18:05:43-03:00	2026-08-07T18:06:02-03:00	18.76	18.38	0.30	87668	0	1	859074	36bfe40eed33c8b8cb491894acd6f63c05c13e0d7a15a6e6f7b9401246d94c6d
go-anticorr-alta	bfd	68	none	configs/scenarios/fase1/geo9_google_anticorr_alta.yaml	2026-08-07T18:05:45-03:00	2026-08-07T18:06:10-03:00	24.90	24.46	0.35	89600	0	1	859118	36bfe40eed33c8b8cb491894acd6f63c05c13e0d7a15a6e6f7b9401246d94c6d
go-anticorr-alta	bfd	69	none	configs/scenarios/fase1/geo9_google_anticorr_alta.yaml	2026-08-07T18:05:49-03:00	2026-08-07T18:06:09-03:00	19.88	19.51	0.35	89124	0	1	859223	36bfe40eed33c8b8cb491894acd6f63c05c13e0d7a15a6e6f7b9401246d94c6d
go-anticorr-alta	bfd	70	none	configs/scenarios/fase1/geo9_google_anticorr_alta.yaml	2026-08-07T18:05:52-03:00	2026-08-07T18:06:13-03:00	21.41	21.01	0.32	82356	0	1	859279	36bfe40eed33c8b8cb491894acd6f63c05c13e0d7a15a6e6f7b9401246d94c6d
go-anticorr-alta	bfd	71	none	configs/scenarios/fase1/geo9_google_anticorr_alta.yaml	2026-08-07T18:05:53-03:00	2026-08-07T18:06:13-03:00	20.96	20.61	0.30	83992	0	1	859321	36bfe40eed33c8b8cb491894acd6f63c05c13e0d7a15a6e6f7b9401246d94c6d
go-anticorr-alta	cnemesis	52	cnemesis	configs/scenarios/fase1/geo9_google_anticorr_alta.yaml	2026-08-07T18:43:42-03:00	2026-08-07T19:10:07-03:00	1584.73	1575.76	1.79	106484	0	1	908304	36bfe40eed33c8b8cb491894acd6f63c05c13e0d7a15a6e6f7b9401246d94c6d
go-anticorr-alta	cnemesis	53	cnemesis	configs/scenarios/fase1/geo9_google_anticorr_alta.yaml	2026-08-07T18:43:43-03:00	2026-08-07T19:17:50-03:00	2046.85	2036.43	1.74	107104	0	1	908337	36bfe40eed33c8b8cb491894acd6f63c05c13e0d7a15a6e6f7b9401246d94c6d
go-anticorr-alta	cnemesis	54	cnemesis	configs/scenarios/fase1/geo9_google_anticorr_alta.yaml	2026-08-07T18:44:06-03:00	2026-08-07T19:10:20-03:00	1574.07	1565.99	1.13	107100	0	1	908802	36bfe40eed33c8b8cb491894acd6f63c05c13e0d7a15a6e6f7b9401246d94c6d
go-anticorr-alta	cnemesis	55	cnemesis	configs/scenarios/fase1/geo9_google_anticorr_alta.yaml	2026-08-07T18:44:27-03:00	2026-08-07T19:09:07-03:00	1479.47	1470.93	1.77	107692	0	1	909265	36bfe40eed33c8b8cb491894acd6f63c05c13e0d7a15a6e6f7b9401246d94c6d
go-anticorr-alta	cnemesis	56	cnemesis	configs/scenarios/fase1/geo9_google_anticorr_alta.yaml	2026-08-07T18:44:29-03:00	2026-08-07T19:12:08-03:00	1658.48	1649.93	1.47	106676	0	1	909306	36bfe40eed33c8b8cb491894acd6f63c05c13e0d7a15a6e6f7b9401246d94c6d
go-anticorr-alta	cnemesis	57	cnemesis	configs/scenarios/fase1/geo9_google_anticorr_alta.yaml	2026-08-07T18:44:33-03:00	2026-08-07T19:12:20-03:00	1667.26	1656.86	2.60	107876	0	1	909391	36bfe40eed33c8b8cb491894acd6f63c05c13e0d7a15a6e6f7b9401246d94c6d
go-anticorr-alta	cnemesis	58	cnemesis	configs/scenarios/fase1/geo9_google_anticorr_alta.yaml	2026-08-07T18:45:44-03:00	2026-08-07T19:13:42-03:00	1677.92	1668.56	1.34	106400	0	1	911010	36bfe40eed33c8b8cb491894acd6f63c05c13e0d7a15a6e6f7b9401246d94c6d
go-anticorr-alta	cnemesis	59	cnemesis	configs/scenarios/fase1/geo9_google_anticorr_alta.yaml	2026-08-07T18:46:11-03:00	2026-08-07T19:13:49-03:00	1657.40	1648.29	1.46	106900	0	1	911578	36bfe40eed33c8b8cb491894acd6f63c05c13e0d7a15a6e6f7b9401246d94c6d
go-anticorr-alta	cnemesis	60	cnemesis	configs/scenarios/fase1/geo9_google_anticorr_alta.yaml	2026-08-07T18:47:17-03:00	2026-08-07T19:08:58-03:00	1300.80	1293.06	1.71	105368	0	1	912989	36bfe40eed33c8b8cb491894acd6f63c05c13e0d7a15a6e6f7b9401246d94c6d
go-anticorr-alta	cnemesis	61	cnemesis	configs/scenarios/fase1/geo9_google_anticorr_alta.yaml	2026-08-07T18:47:35-03:00	2026-08-07T19:16:38-03:00	1742.89	1733.04	1.78	105644	0	1	913390	36bfe40eed33c8b8cb491894acd6f63c05c13e0d7a15a6e6f7b9401246d94c6d
go-anticorr-alta	cnemesis	62	cnemesis	configs/scenarios/fase1/geo9_google_anticorr_alta.yaml	2026-08-07T18:47:56-03:00	2026-08-07T19:16:42-03:00	1725.72	1716.29	1.43	106924	0	1	913819	36bfe40eed33c8b8cb491894acd6f63c05c13e0d7a15a6e6f7b9401246d94c6d
go-anticorr-alta	cnemesis	63	cnemesis	configs/scenarios/fase1/geo9_google_anticorr_alta.yaml	2026-08-07T18:48:58-03:00	2026-08-07T19:16:11-03:00	1632.98	1623.19	1.74	107204	0	1	915133	36bfe40eed33c8b8cb491894acd6f63c05c13e0d7a15a6e6f7b9401246d94c6d
go-anticorr-alta	cnemesis	64	cnemesis	configs/scenarios/fase1/geo9_google_anticorr_alta.yaml	2026-08-07T18:50:03-03:00	2026-08-07T19:14:48-03:00	1484.61	1476.45	1.16	107048	0	1	916539	36bfe40eed33c8b8cb491894acd6f63c05c13e0d7a15a6e6f7b9401246d94c6d
go-anticorr-alta	cnemesis	65	cnemesis	configs/scenarios/fase1/geo9_google_anticorr_alta.yaml	2026-08-07T18:51:43-03:00	2026-08-07T19:15:58-03:00	1455.35	1447.63	1.56	107136	0	1	918606	36bfe40eed33c8b8cb491894acd6f63c05c13e0d7a15a6e6f7b9401246d94c6d
go-anticorr-alta	cnemesis	66	cnemesis	configs/scenarios/fase1/geo9_google_anticorr_alta.yaml	2026-08-07T19:08:58-03:00	2026-08-07T19:22:41-03:00	823.14	819.89	0.71	106832	0	1	941230	36bfe40eed33c8b8cb491894acd6f63c05c13e0d7a15a6e6f7b9401246d94c6d
go-anticorr-alta	cnemesis	67	cnemesis	configs/scenarios/fase1/geo9_google_anticorr_alta.yaml	2026-08-07T19:09:07-03:00	2026-08-07T19:25:00-03:00	953.30	950.97	0.61	107612	0	1	941425	36bfe40eed33c8b8cb491894acd6f63c05c13e0d7a15a6e6f7b9401246d94c6d
go-anticorr-alta	cnemesis	68	cnemesis	configs/scenarios/fase1/geo9_google_anticorr_alta.yaml	2026-08-07T19:10:07-03:00	2026-08-07T19:24:52-03:00	884.50	882.50	0.58	106768	0	1	942752	36bfe40eed33c8b8cb491894acd6f63c05c13e0d7a15a6e6f7b9401246d94c6d
go-anticorr-alta	cnemesis	69	cnemesis	configs/scenarios/fase1/geo9_google_anticorr_alta.yaml	2026-08-07T19:10:20-03:00	2026-08-07T19:24:52-03:00	871.92	869.88	0.49	106604	0	1	943047	36bfe40eed33c8b8cb491894acd6f63c05c13e0d7a15a6e6f7b9401246d94c6d
go-anticorr-alta	cnemesis	70	cnemesis	configs/scenarios/fase1/geo9_google_anticorr_alta.yaml	2026-08-07T19:12:08-03:00	2026-08-07T19:24:12-03:00	723.93	722.64	0.46	105952	0	1	945420	36bfe40eed33c8b8cb491894acd6f63c05c13e0d7a15a6e6f7b9401246d94c6d
go-anticorr-alta	cnemesis	71	cnemesis	configs/scenarios/fase1/geo9_google_anticorr_alta.yaml	2026-08-07T19:12:20-03:00	2026-08-07T19:25:58-03:00	817.99	816.57	0.48	107156	0	1	945694	36bfe40eed33c8b8cb491894acd6f63c05c13e0d7a15a6e6f7b9401246d94c6d
go-anticorr-alta	ffd	52	none	configs/scenarios/fase1/geo9_google_anticorr_alta.yaml	2026-08-07T18:04:20-03:00	2026-08-07T18:04:37-03:00	16.72	16.17	0.45	91128	0	1	856791	36bfe40eed33c8b8cb491894acd6f63c05c13e0d7a15a6e6f7b9401246d94c6d
go-anticorr-alta	ffd	53	none	configs/scenarios/fase1/geo9_google_anticorr_alta.yaml	2026-08-07T18:04:22-03:00	2026-08-07T18:04:41-03:00	19.41	18.96	0.35	90664	0	1	856822	36bfe40eed33c8b8cb491894acd6f63c05c13e0d7a15a6e6f7b9401246d94c6d
go-anticorr-alta	ffd	54	none	configs/scenarios/fase1/geo9_google_anticorr_alta.yaml	2026-08-07T18:04:23-03:00	2026-08-07T18:04:49-03:00	25.94	25.52	0.36	92036	0	1	856864	36bfe40eed33c8b8cb491894acd6f63c05c13e0d7a15a6e6f7b9401246d94c6d
go-anticorr-alta	ffd	55	none	configs/scenarios/fase1/geo9_google_anticorr_alta.yaml	2026-08-07T18:04:30-03:00	2026-08-07T18:04:50-03:00	20.73	20.36	0.34	92112	0	1	857010	36bfe40eed33c8b8cb491894acd6f63c05c13e0d7a15a6e6f7b9401246d94c6d
go-anticorr-alta	ffd	56	none	configs/scenarios/fase1/geo9_google_anticorr_alta.yaml	2026-08-07T18:04:30-03:00	2026-08-07T18:04:51-03:00	21.69	21.21	0.35	96244	0	1	857023	36bfe40eed33c8b8cb491894acd6f63c05c13e0d7a15a6e6f7b9401246d94c6d
go-anticorr-alta	ffd	57	none	configs/scenarios/fase1/geo9_google_anticorr_alta.yaml	2026-08-07T18:04:30-03:00	2026-08-07T18:04:44-03:00	13.51	13.16	0.28	90912	0	1	857055	36bfe40eed33c8b8cb491894acd6f63c05c13e0d7a15a6e6f7b9401246d94c6d
go-anticorr-alta	ffd	58	none	configs/scenarios/fase1/geo9_google_anticorr_alta.yaml	2026-08-07T18:04:34-03:00	2026-08-07T18:04:52-03:00	18.56	18.17	0.35	91980	0	1	857163	36bfe40eed33c8b8cb491894acd6f63c05c13e0d7a15a6e6f7b9401246d94c6d
go-anticorr-alta	ffd	59	none	configs/scenarios/fase1/geo9_google_anticorr_alta.yaml	2026-08-07T18:04:35-03:00	2026-08-07T18:05:01-03:00	25.86	25.44	0.36	90956	0	1	857204	36bfe40eed33c8b8cb491894acd6f63c05c13e0d7a15a6e6f7b9401246d94c6d
go-anticorr-alta	ffd	60	none	configs/scenarios/fase1/geo9_google_anticorr_alta.yaml	2026-08-07T18:04:37-03:00	2026-08-07T18:05:01-03:00	24.13	23.61	0.43	89700	0	1	857247	36bfe40eed33c8b8cb491894acd6f63c05c13e0d7a15a6e6f7b9401246d94c6d
go-anticorr-alta	ffd	61	none	configs/scenarios/fase1/geo9_google_anticorr_alta.yaml	2026-08-07T18:04:41-03:00	2026-08-07T18:05:07-03:00	25.64	25.18	0.34	91400	0	1	857347	36bfe40eed33c8b8cb491894acd6f63c05c13e0d7a15a6e6f7b9401246d94c6d
go-anticorr-alta	ffd	62	none	configs/scenarios/fase1/geo9_google_anticorr_alta.yaml	2026-08-07T18:04:43-03:00	2026-08-07T18:04:54-03:00	10.87	10.57	0.28	93964	0	1	857412	36bfe40eed33c8b8cb491894acd6f63c05c13e0d7a15a6e6f7b9401246d94c6d
go-anticorr-alta	ffd	63	none	configs/scenarios/fase1/geo9_google_anticorr_alta.yaml	2026-08-07T18:04:44-03:00	2026-08-07T18:05:09-03:00	25.13	24.69	0.34	92672	0	1	857436	36bfe40eed33c8b8cb491894acd6f63c05c13e0d7a15a6e6f7b9401246d94c6d
go-anticorr-alta	ffd	64	none	configs/scenarios/fase1/geo9_google_anticorr_alta.yaml	2026-08-07T18:04:49-03:00	2026-08-07T18:05:12-03:00	22.53	22.05	0.34	91712	0	1	857575	36bfe40eed33c8b8cb491894acd6f63c05c13e0d7a15a6e6f7b9401246d94c6d
go-anticorr-alta	ffd	65	none	configs/scenarios/fase1/geo9_google_anticorr_alta.yaml	2026-08-07T18:04:50-03:00	2026-08-07T18:05:13-03:00	22.67	22.17	0.36	91732	0	1	857609	36bfe40eed33c8b8cb491894acd6f63c05c13e0d7a15a6e6f7b9401246d94c6d
go-anticorr-alta	ffd	66	none	configs/scenarios/fase1/geo9_google_anticorr_alta.yaml	2026-08-07T18:04:51-03:00	2026-08-07T18:05:14-03:00	22.38	21.94	0.32	91272	0	1	857644	36bfe40eed33c8b8cb491894acd6f63c05c13e0d7a15a6e6f7b9401246d94c6d
go-anticorr-alta	ffd	67	none	configs/scenarios/fase1/geo9_google_anticorr_alta.yaml	2026-08-07T18:04:52-03:00	2026-08-07T18:05:14-03:00	21.10	20.66	0.34	88316	0	1	857697	36bfe40eed33c8b8cb491894acd6f63c05c13e0d7a15a6e6f7b9401246d94c6d
go-anticorr-alta	ffd	68	none	configs/scenarios/fase1/geo9_google_anticorr_alta.yaml	2026-08-07T18:04:54-03:00	2026-08-07T18:05:13-03:00	18.67	18.15	0.36	93068	0	1	857730	36bfe40eed33c8b8cb491894acd6f63c05c13e0d7a15a6e6f7b9401246d94c6d
go-anticorr-alta	ffd	69	none	configs/scenarios/fase1/geo9_google_anticorr_alta.yaml	2026-08-07T18:05:01-03:00	2026-08-07T18:05:20-03:00	18.64	18.24	0.33	91588	0	1	857885	36bfe40eed33c8b8cb491894acd6f63c05c13e0d7a15a6e6f7b9401246d94c6d
go-anticorr-alta	ffd	70	none	configs/scenarios/fase1/geo9_google_anticorr_alta.yaml	2026-08-07T18:05:01-03:00	2026-08-07T18:05:21-03:00	20.17	19.74	0.33	89592	0	1	857920	36bfe40eed33c8b8cb491894acd6f63c05c13e0d7a15a6e6f7b9401246d94c6d
go-anticorr-alta	ffd	71	none	configs/scenarios/fase1/geo9_google_anticorr_alta.yaml	2026-08-07T18:05:07-03:00	2026-08-07T18:05:33-03:00	25.65	25.21	0.34	91432	0	1	858069	36bfe40eed33c8b8cb491894acd6f63c05c13e0d7a15a6e6f7b9401246d94c6d
go-anticorr-alta	first_fit	52	none	configs/scenarios/fase1/geo9_google_anticorr_alta.yaml	2026-08-07T18:00:58-03:00	2026-08-07T18:01:25-03:00	27.27	26.87	0.30	93396	0	1	851425	36bfe40eed33c8b8cb491894acd6f63c05c13e0d7a15a6e6f7b9401246d94c6d
go-anticorr-alta	first_fit	53	none	configs/scenarios/fase1/geo9_google_anticorr_alta.yaml	2026-08-07T18:00:58-03:00	2026-08-07T18:01:19-03:00	21.26	20.91	0.32	91632	0	1	851448	36bfe40eed33c8b8cb491894acd6f63c05c13e0d7a15a6e6f7b9401246d94c6d
go-anticorr-alta	first_fit	54	none	configs/scenarios/fase1/geo9_google_anticorr_alta.yaml	2026-08-07T18:00:58-03:00	2026-08-07T18:01:24-03:00	26.48	26.09	0.35	92388	0	1	851461	36bfe40eed33c8b8cb491894acd6f63c05c13e0d7a15a6e6f7b9401246d94c6d
go-anticorr-alta	first_fit	55	none	configs/scenarios/fase1/geo9_google_anticorr_alta.yaml	2026-08-07T18:00:58-03:00	2026-08-07T18:01:17-03:00	18.42	18.03	0.33	92140	0	1	851474	36bfe40eed33c8b8cb491894acd6f63c05c13e0d7a15a6e6f7b9401246d94c6d
go-anticorr-alta	first_fit	56	none	configs/scenarios/fase1/geo9_google_anticorr_alta.yaml	2026-08-07T18:00:59-03:00	2026-08-07T18:01:24-03:00	25.91	25.46	0.35	95816	0	1	851497	36bfe40eed33c8b8cb491894acd6f63c05c13e0d7a15a6e6f7b9401246d94c6d
go-anticorr-alta	first_fit	57	none	configs/scenarios/fase1/geo9_google_anticorr_alta.yaml	2026-08-07T18:00:59-03:00	2026-08-07T18:01:24-03:00	24.78	24.31	0.37	93172	0	1	851510	36bfe40eed33c8b8cb491894acd6f63c05c13e0d7a15a6e6f7b9401246d94c6d
go-anticorr-alta	first_fit	58	none	configs/scenarios/fase1/geo9_google_anticorr_alta.yaml	2026-08-07T18:00:59-03:00	2026-08-07T18:01:19-03:00	19.77	19.34	0.34	93156	0	1	851549	36bfe40eed33c8b8cb491894acd6f63c05c13e0d7a15a6e6f7b9401246d94c6d
go-anticorr-alta	first_fit	59	none	configs/scenarios/fase1/geo9_google_anticorr_alta.yaml	2026-08-07T18:00:59-03:00	2026-08-07T18:01:26-03:00	26.42	25.51	0.77	93868	0	1	851615	36bfe40eed33c8b8cb491894acd6f63c05c13e0d7a15a6e6f7b9401246d94c6d
go-anticorr-alta	first_fit	60	none	configs/scenarios/fase1/geo9_google_anticorr_alta.yaml	2026-08-07T18:01:17-03:00	2026-08-07T18:01:42-03:00	25.06	24.59	0.34	93552	0	1	851975	36bfe40eed33c8b8cb491894acd6f63c05c13e0d7a15a6e6f7b9401246d94c6d
go-anticorr-alta	first_fit	61	none	configs/scenarios/fase1/geo9_google_anticorr_alta.yaml	2026-08-07T18:01:19-03:00	2026-08-07T18:01:43-03:00	24.26	23.87	0.33	94172	0	1	852017	36bfe40eed33c8b8cb491894acd6f63c05c13e0d7a15a6e6f7b9401246d94c6d
go-anticorr-alta	first_fit	62	none	configs/scenarios/fase1/geo9_google_anticorr_alta.yaml	2026-08-07T18:01:19-03:00	2026-08-07T18:01:33-03:00	14.00	13.64	0.30	93500	0	1	852041	36bfe40eed33c8b8cb491894acd6f63c05c13e0d7a15a6e6f7b9401246d94c6d
go-anticorr-alta	first_fit	63	none	configs/scenarios/fase1/geo9_google_anticorr_alta.yaml	2026-08-07T18:01:24-03:00	2026-08-07T18:01:39-03:00	15.47	15.13	0.31	93124	0	1	852174	36bfe40eed33c8b8cb491894acd6f63c05c13e0d7a15a6e6f7b9401246d94c6d
go-anticorr-alta	first_fit	64	none	configs/scenarios/fase1/geo9_google_anticorr_alta.yaml	2026-08-07T18:01:24-03:00	2026-08-07T18:01:49-03:00	24.12	23.71	0.32	92496	0	1	852197	36bfe40eed33c8b8cb491894acd6f63c05c13e0d7a15a6e6f7b9401246d94c6d
go-anticorr-alta	first_fit	65	none	configs/scenarios/fase1/geo9_google_anticorr_alta.yaml	2026-08-07T18:01:24-03:00	2026-08-07T18:01:53-03:00	28.73	28.26	0.43	93184	0	1	852210	36bfe40eed33c8b8cb491894acd6f63c05c13e0d7a15a6e6f7b9401246d94c6d
go-anticorr-alta	first_fit	66	none	configs/scenarios/fase1/geo9_google_anticorr_alta.yaml	2026-08-07T18:01:25-03:00	2026-08-07T18:01:46-03:00	20.74	20.29	0.37	93912	0	1	852242	36bfe40eed33c8b8cb491894acd6f63c05c13e0d7a15a6e6f7b9401246d94c6d
go-anticorr-alta	first_fit	67	none	configs/scenarios/fase1/geo9_google_anticorr_alta.yaml	2026-08-07T18:01:26-03:00	2026-08-07T18:01:53-03:00	27.83	27.44	0.34	92996	0	1	852277	36bfe40eed33c8b8cb491894acd6f63c05c13e0d7a15a6e6f7b9401246d94c6d
go-anticorr-alta	first_fit	68	none	configs/scenarios/fase1/geo9_google_anticorr_alta.yaml	2026-08-07T18:01:33-03:00	2026-08-07T18:01:56-03:00	22.50	22.10	0.34	93028	0	1	852420	36bfe40eed33c8b8cb491894acd6f63c05c13e0d7a15a6e6f7b9401246d94c6d
go-anticorr-alta	first_fit	69	none	configs/scenarios/fase1/geo9_google_anticorr_alta.yaml	2026-08-07T18:01:39-03:00	2026-08-07T18:02:06-03:00	26.50	26.04	0.35	92928	0	1	852562	36bfe40eed33c8b8cb491894acd6f63c05c13e0d7a15a6e6f7b9401246d94c6d
go-anticorr-alta	first_fit	70	none	configs/scenarios/fase1/geo9_google_anticorr_alta.yaml	2026-08-07T18:01:42-03:00	2026-08-07T18:01:57-03:00	15.36	15.00	0.31	93600	0	1	852638	36bfe40eed33c8b8cb491894acd6f63c05c13e0d7a15a6e6f7b9401246d94c6d
go-anticorr-alta	first_fit	71	none	configs/scenarios/fase1/geo9_google_anticorr_alta.yaml	2026-08-07T18:01:43-03:00	2026-08-07T18:02:07-03:00	24.28	23.93	0.33	92088	0	1	852673	36bfe40eed33c8b8cb491894acd6f63c05c13e0d7a15a6e6f7b9401246d94c6d
go-anticorr-alta	follow_renewables	52	follow_renewables	configs/scenarios/fase1/geo9_google_anticorr_alta.yaml	2026-08-07T18:06:41-03:00	2026-08-07T18:23:33-03:00	1011.85	1008.07	1.23	154680	0	1	860595	36bfe40eed33c8b8cb491894acd6f63c05c13e0d7a15a6e6f7b9401246d94c6d
go-anticorr-alta	follow_renewables	53	follow_renewables	configs/scenarios/fase1/geo9_google_anticorr_alta.yaml	2026-08-07T18:06:43-03:00	2026-08-07T18:26:07-03:00	1164.03	1159.83	1.34	156512	0	1	860636	36bfe40eed33c8b8cb491894acd6f63c05c13e0d7a15a6e6f7b9401246d94c6d
go-anticorr-alta	follow_renewables	54	follow_renewables	configs/scenarios/fase1/geo9_google_anticorr_alta.yaml	2026-08-07T18:06:49-03:00	2026-08-07T18:27:39-03:00	1249.30	1245.63	0.93	152356	0	1	860801	36bfe40eed33c8b8cb491894acd6f63c05c13e0d7a15a6e6f7b9401246d94c6d
go-anticorr-alta	follow_renewables	55	follow_renewables	configs/scenarios/fase1/geo9_google_anticorr_alta.yaml	2026-08-07T18:06:54-03:00	2026-08-07T18:30:35-03:00	1421.21	1416.53	1.16	155264	0	1	860888	36bfe40eed33c8b8cb491894acd6f63c05c13e0d7a15a6e6f7b9401246d94c6d
go-anticorr-alta	follow_renewables	56	follow_renewables	configs/scenarios/fase1/geo9_google_anticorr_alta.yaml	2026-08-07T18:06:54-03:00	2026-08-07T18:22:05-03:00	911.01	907.55	0.94	158164	0	1	860920	36bfe40eed33c8b8cb491894acd6f63c05c13e0d7a15a6e6f7b9401246d94c6d
go-anticorr-alta	follow_renewables	57	follow_renewables	configs/scenarios/fase1/geo9_google_anticorr_alta.yaml	2026-08-07T18:06:55-03:00	2026-08-07T18:30:53-03:00	1438.19	1433.00	1.68	156220	0	1	860940	36bfe40eed33c8b8cb491894acd6f63c05c13e0d7a15a6e6f7b9401246d94c6d
go-anticorr-alta	follow_renewables	58	follow_renewables	configs/scenarios/fase1/geo9_google_anticorr_alta.yaml	2026-08-07T18:06:55-03:00	2026-08-07T18:26:46-03:00	1190.41	1186.42	0.82	148168	0	1	860964	36bfe40eed33c8b8cb491894acd6f63c05c13e0d7a15a6e6f7b9401246d94c6d
go-anticorr-alta	follow_renewables	59	follow_renewables	configs/scenarios/fase1/geo9_google_anticorr_alta.yaml	2026-08-07T18:07:00-03:00	2026-08-07T18:25:36-03:00	1116.34	1112.92	1.18	152748	0	1	861076	36bfe40eed33c8b8cb491894acd6f63c05c13e0d7a15a6e6f7b9401246d94c6d
go-anticorr-alta	follow_renewables	60	follow_renewables	configs/scenarios/fase1/geo9_google_anticorr_alta.yaml	2026-08-07T18:07:00-03:00	2026-08-07T18:23:07-03:00	966.71	963.61	0.78	153220	0	1	861089	36bfe40eed33c8b8cb491894acd6f63c05c13e0d7a15a6e6f7b9401246d94c6d
go-anticorr-alta	follow_renewables	61	follow_renewables	configs/scenarios/fase1/geo9_google_anticorr_alta.yaml	2026-08-07T18:07:01-03:00	2026-08-07T18:25:52-03:00	1130.72	1126.69	1.12	155448	0	1	861112	36bfe40eed33c8b8cb491894acd6f63c05c13e0d7a15a6e6f7b9401246d94c6d
go-anticorr-alta	follow_renewables	62	follow_renewables	configs/scenarios/fase1/geo9_google_anticorr_alta.yaml	2026-08-07T18:08:18-03:00	2026-08-07T18:28:31-03:00	1212.82	1207.76	2.00	154216	0	1	862772	36bfe40eed33c8b8cb491894acd6f63c05c13e0d7a15a6e6f7b9401246d94c6d
go-anticorr-alta	follow_renewables	63	follow_renewables	configs/scenarios/fase1/geo9_google_anticorr_alta.yaml	2026-08-07T18:10:12-03:00	2026-08-07T18:25:25-03:00	912.89	909.45	0.67	152808	0	1	865233	36bfe40eed33c8b8cb491894acd6f63c05c13e0d7a15a6e6f7b9401246d94c6d
go-anticorr-alta	follow_renewables	64	follow_renewables	configs/scenarios/fase1/geo9_google_anticorr_alta.yaml	2026-08-07T18:13:41-03:00	2026-08-07T18:30:59-03:00	1038.50	1035.05	1.62	152592	0	1	869999	36bfe40eed33c8b8cb491894acd6f63c05c13e0d7a15a6e6f7b9401246d94c6d
go-anticorr-alta	follow_renewables	65	follow_renewables	configs/scenarios/fase1/geo9_google_anticorr_alta.yaml	2026-08-07T18:15:39-03:00	2026-08-07T18:29:00-03:00	800.91	797.88	0.96	149308	0	1	872576	36bfe40eed33c8b8cb491894acd6f63c05c13e0d7a15a6e6f7b9401246d94c6d
go-anticorr-alta	follow_renewables	66	follow_renewables	configs/scenarios/fase1/geo9_google_anticorr_alta.yaml	2026-08-07T18:22:05-03:00	2026-08-07T18:39:15-03:00	1029.54	1025.43	1.60	153588	0	1	880690	36bfe40eed33c8b8cb491894acd6f63c05c13e0d7a15a6e6f7b9401246d94c6d
go-anticorr-alta	follow_renewables	67	follow_renewables	configs/scenarios/fase1/geo9_google_anticorr_alta.yaml	2026-08-07T18:23:07-03:00	2026-08-07T18:39:15-03:00	967.57	963.99	1.30	156436	0	1	881988	36bfe40eed33c8b8cb491894acd6f63c05c13e0d7a15a6e6f7b9401246d94c6d
go-anticorr-alta	follow_renewables	68	follow_renewables	configs/scenarios/fase1/geo9_google_anticorr_alta.yaml	2026-08-07T18:23:33-03:00	2026-08-07T18:43:36-03:00	1202.91	1197.31	1.71	153952	0	1	882526	36bfe40eed33c8b8cb491894acd6f63c05c13e0d7a15a6e6f7b9401246d94c6d
go-anticorr-alta	follow_renewables	69	follow_renewables	configs/scenarios/fase1/geo9_google_anticorr_alta.yaml	2026-08-07T18:25:25-03:00	2026-08-07T18:47:56-03:00	1351.35	1345.64	1.85	154224	0	1	884771	36bfe40eed33c8b8cb491894acd6f63c05c13e0d7a15a6e6f7b9401246d94c6d
go-anticorr-alta	follow_renewables	70	follow_renewables	configs/scenarios/fase1/geo9_google_anticorr_alta.yaml	2026-08-07T18:25:36-03:00	2026-08-07T18:48:58-03:00	1402.19	1395.78	1.72	154916	0	1	885040	36bfe40eed33c8b8cb491894acd6f63c05c13e0d7a15a6e6f7b9401246d94c6d
go-anticorr-alta	follow_renewables	71	follow_renewables	configs/scenarios/fase1/geo9_google_anticorr_alta.yaml	2026-08-07T18:25:52-03:00	2026-08-07T18:45:44-03:00	1192.48	1187.66	0.96	152472	0	1	885357	36bfe40eed33c8b8cb491894acd6f63c05c13e0d7a15a6e6f7b9401246d94c6d
go-anticorr-alta	followme_s	52	followme_s	configs/scenarios/fase1/geo9_google_anticorr_alta.yaml	2026-08-07T18:28:59-03:00	2026-08-07T18:35:30-03:00	391.08	389.11	0.77	108092	0	1	889466	36bfe40eed33c8b8cb491894acd6f63c05c13e0d7a15a6e6f7b9401246d94c6d
go-anticorr-alta	followme_s	53	followme_s	configs/scenarios/fase1/geo9_google_anticorr_alta.yaml	2026-08-07T18:29:00-03:00	2026-08-07T18:36:58-03:00	478.15	476.08	0.63	107564	0	1	889479	36bfe40eed33c8b8cb491894acd6f63c05c13e0d7a15a6e6f7b9401246d94c6d
go-anticorr-alta	followme_s	54	followme_s	configs/scenarios/fase1/geo9_google_anticorr_alta.yaml	2026-08-07T18:29:07-03:00	2026-08-07T18:38:36-03:00	569.73	567.34	0.54	108340	0	1	889647	36bfe40eed33c8b8cb491894acd6f63c05c13e0d7a15a6e6f7b9401246d94c6d
go-anticorr-alta	followme_s	55	followme_s	configs/scenarios/fase1/geo9_google_anticorr_alta.yaml	2026-08-07T18:29:08-03:00	2026-08-07T18:35:23-03:00	375.33	373.28	0.58	107072	0	1	889691	36bfe40eed33c8b8cb491894acd6f63c05c13e0d7a15a6e6f7b9401246d94c6d
go-anticorr-alta	followme_s	56	followme_s	configs/scenarios/fase1/geo9_google_anticorr_alta.yaml	2026-08-07T18:29:15-03:00	2026-08-07T18:37:46-03:00	511.00	508.63	0.69	107644	0	1	889845	36bfe40eed33c8b8cb491894acd6f63c05c13e0d7a15a6e6f7b9401246d94c6d
go-anticorr-alta	followme_s	57	followme_s	configs/scenarios/fase1/geo9_google_anticorr_alta.yaml	2026-08-07T18:30:35-03:00	2026-08-07T18:39:51-03:00	556.63	554.13	0.57	108928	0	1	891546	36bfe40eed33c8b8cb491894acd6f63c05c13e0d7a15a6e6f7b9401246d94c6d
go-anticorr-alta	followme_s	58	followme_s	configs/scenarios/fase1/geo9_google_anticorr_alta.yaml	2026-08-07T18:30:53-03:00	2026-08-07T18:38:35-03:00	461.96	459.82	0.71	106524	0	1	891925	36bfe40eed33c8b8cb491894acd6f63c05c13e0d7a15a6e6f7b9401246d94c6d
go-anticorr-alta	followme_s	59	followme_s	configs/scenarios/fase1/geo9_google_anticorr_alta.yaml	2026-08-07T18:30:59-03:00	2026-08-07T18:36:17-03:00	317.51	315.86	0.52	109028	0	1	892047	36bfe40eed33c8b8cb491894acd6f63c05c13e0d7a15a6e6f7b9401246d94c6d
go-anticorr-alta	followme_s	60	followme_s	configs/scenarios/fase1/geo9_google_anticorr_alta.yaml	2026-08-07T18:35:23-03:00	2026-08-07T18:43:39-03:00	495.96	493.40	1.01	107820	0	1	897698	36bfe40eed33c8b8cb491894acd6f63c05c13e0d7a15a6e6f7b9401246d94c6d
go-anticorr-alta	followme_s	61	followme_s	configs/scenarios/fase1/geo9_google_anticorr_alta.yaml	2026-08-07T18:35:30-03:00	2026-08-07T18:47:35-03:00	725.30	722.61	1.06	110500	0	1	897833	36bfe40eed33c8b8cb491894acd6f63c05c13e0d7a15a6e6f7b9401246d94c6d
go-anticorr-alta	followme_s	62	followme_s	configs/scenarios/fase1/geo9_google_anticorr_alta.yaml	2026-08-07T18:36:17-03:00	2026-08-07T18:44:29-03:00	492.62	490.42	0.59	109728	0	1	898834	36bfe40eed33c8b8cb491894acd6f63c05c13e0d7a15a6e6f7b9401246d94c6d
go-anticorr-alta	followme_s	63	followme_s	configs/scenarios/fase1/geo9_google_anticorr_alta.yaml	2026-08-07T18:36:58-03:00	2026-08-07T18:43:43-03:00	405.40	403.55	0.77	108300	0	1	899686	36bfe40eed33c8b8cb491894acd6f63c05c13e0d7a15a6e6f7b9401246d94c6d
go-anticorr-alta	followme_s	64	followme_s	configs/scenarios/fase1/geo9_google_anticorr_alta.yaml	2026-08-07T18:37:46-03:00	2026-08-07T18:47:17-03:00	570.72	568.17	0.86	108924	0	1	900746	36bfe40eed33c8b8cb491894acd6f63c05c13e0d7a15a6e6f7b9401246d94c6d
go-anticorr-alta	followme_s	65	followme_s	configs/scenarios/fase1/geo9_google_anticorr_alta.yaml	2026-08-07T18:38:35-03:00	2026-08-07T18:46:11-03:00	456.09	454.45	0.54	107516	0	1	901790	36bfe40eed33c8b8cb491894acd6f63c05c13e0d7a15a6e6f7b9401246d94c6d
go-anticorr-alta	followme_s	66	followme_s	configs/scenarios/fase1/geo9_google_anticorr_alta.yaml	2026-08-07T18:38:36-03:00	2026-08-07T18:43:42-03:00	305.88	304.37	0.55	110352	0	1	901824	36bfe40eed33c8b8cb491894acd6f63c05c13e0d7a15a6e6f7b9401246d94c6d
go-anticorr-alta	followme_s	67	followme_s	configs/scenarios/fase1/geo9_google_anticorr_alta.yaml	2026-08-07T18:39:15-03:00	2026-08-07T18:44:06-03:00	291.14	289.26	0.91	108568	0	1	902602	36bfe40eed33c8b8cb491894acd6f63c05c13e0d7a15a6e6f7b9401246d94c6d
go-anticorr-alta	followme_s	68	followme_s	configs/scenarios/fase1/geo9_google_anticorr_alta.yaml	2026-08-07T18:39:15-03:00	2026-08-07T18:44:33-03:00	317.94	316.46	0.52	109020	0	1	902615	36bfe40eed33c8b8cb491894acd6f63c05c13e0d7a15a6e6f7b9401246d94c6d
go-anticorr-alta	followme_s	69	followme_s	configs/scenarios/fase1/geo9_google_anticorr_alta.yaml	2026-08-07T18:39:51-03:00	2026-08-07T18:44:27-03:00	275.79	274.12	0.75	109092	0	1	903384	36bfe40eed33c8b8cb491894acd6f63c05c13e0d7a15a6e6f7b9401246d94c6d
go-anticorr-alta	followme_s	70	followme_s	configs/scenarios/fase1/geo9_google_anticorr_alta.yaml	2026-08-07T18:43:36-03:00	2026-08-07T18:50:03-03:00	387.35	386.02	0.53	111096	0	1	908144	36bfe40eed33c8b8cb491894acd6f63c05c13e0d7a15a6e6f7b9401246d94c6d
go-anticorr-alta	followme_s	71	followme_s	configs/scenarios/fase1/geo9_google_anticorr_alta.yaml	2026-08-07T18:43:39-03:00	2026-08-07T18:51:43-03:00	483.35	481.65	0.54	108200	0	1	908230	36bfe40eed33c8b8cb491894acd6f63c05c13e0d7a15a6e6f7b9401246d94c6d
go-anticorr-alta	lowest_carbon_dc	52	none	configs/scenarios/fase1/geo9_google_anticorr_alta.yaml	2026-08-07T18:05:53-03:00	2026-08-07T18:06:12-03:00	19.37	19.00	0.30	94356	0	1	859334	36bfe40eed33c8b8cb491894acd6f63c05c13e0d7a15a6e6f7b9401246d94c6d
go-anticorr-alta	lowest_carbon_dc	53	none	configs/scenarios/fase1/geo9_google_anticorr_alta.yaml	2026-08-07T18:05:54-03:00	2026-08-07T18:06:19-03:00	24.53	24.14	0.36	92580	0	1	859386	36bfe40eed33c8b8cb491894acd6f63c05c13e0d7a15a6e6f7b9401246d94c6d
go-anticorr-alta	lowest_carbon_dc	54	none	configs/scenarios/fase1/geo9_google_anticorr_alta.yaml	2026-08-07T18:05:56-03:00	2026-08-07T18:06:15-03:00	19.17	18.75	0.32	96648	0	1	859419	36bfe40eed33c8b8cb491894acd6f63c05c13e0d7a15a6e6f7b9401246d94c6d
go-anticorr-alta	lowest_carbon_dc	55	none	configs/scenarios/fase1/geo9_google_anticorr_alta.yaml	2026-08-07T18:05:56-03:00	2026-08-07T18:06:19-03:00	22.73	22.34	0.32	94260	0	1	859452	36bfe40eed33c8b8cb491894acd6f63c05c13e0d7a15a6e6f7b9401246d94c6d
go-anticorr-alta	lowest_carbon_dc	56	none	configs/scenarios/fase1/geo9_google_anticorr_alta.yaml	2026-08-07T18:06:02-03:00	2026-08-07T18:06:26-03:00	24.45	24.01	0.37	94984	0	1	859561	36bfe40eed33c8b8cb491894acd6f63c05c13e0d7a15a6e6f7b9401246d94c6d
go-anticorr-alta	lowest_carbon_dc	57	none	configs/scenarios/fase1/geo9_google_anticorr_alta.yaml	2026-08-07T18:06:09-03:00	2026-08-07T18:06:32-03:00	22.83	22.47	0.33	93768	0	1	859747	36bfe40eed33c8b8cb491894acd6f63c05c13e0d7a15a6e6f7b9401246d94c6d
go-anticorr-alta	lowest_carbon_dc	58	none	configs/scenarios/fase1/geo9_google_anticorr_alta.yaml	2026-08-07T18:06:10-03:00	2026-08-07T18:06:38-03:00	28.23	27.78	0.34	93368	0	1	859771	36bfe40eed33c8b8cb491894acd6f63c05c13e0d7a15a6e6f7b9401246d94c6d
go-anticorr-alta	lowest_carbon_dc	59	none	configs/scenarios/fase1/geo9_google_anticorr_alta.yaml	2026-08-07T18:06:12-03:00	2026-08-07T18:06:38-03:00	25.57	25.15	0.32	95196	0	1	859826	36bfe40eed33c8b8cb491894acd6f63c05c13e0d7a15a6e6f7b9401246d94c6d
go-anticorr-alta	lowest_carbon_dc	60	none	configs/scenarios/fase1/geo9_google_anticorr_alta.yaml	2026-08-07T18:06:13-03:00	2026-08-07T18:06:32-03:00	19.04	18.69	0.31	93664	0	1	859850	36bfe40eed33c8b8cb491894acd6f63c05c13e0d7a15a6e6f7b9401246d94c6d
go-anticorr-alta	lowest_carbon_dc	61	none	configs/scenarios/fase1/geo9_google_anticorr_alta.yaml	2026-08-07T18:06:14-03:00	2026-08-07T18:06:33-03:00	19.69	19.31	0.33	96692	0	1	859883	36bfe40eed33c8b8cb491894acd6f63c05c13e0d7a15a6e6f7b9401246d94c6d
go-anticorr-alta	lowest_carbon_dc	62	none	configs/scenarios/fase1/geo9_google_anticorr_alta.yaml	2026-08-07T18:06:15-03:00	2026-08-07T18:06:41-03:00	26.02	25.56	0.34	96224	0	1	859926	36bfe40eed33c8b8cb491894acd6f63c05c13e0d7a15a6e6f7b9401246d94c6d
go-anticorr-alta	lowest_carbon_dc	63	none	configs/scenarios/fase1/geo9_google_anticorr_alta.yaml	2026-08-07T18:06:19-03:00	2026-08-07T18:06:43-03:00	23.88	23.26	0.53	94244	0	1	860015	36bfe40eed33c8b8cb491894acd6f63c05c13e0d7a15a6e6f7b9401246d94c6d
go-anticorr-alta	lowest_carbon_dc	64	none	configs/scenarios/fase1/geo9_google_anticorr_alta.yaml	2026-08-07T18:06:19-03:00	2026-08-07T18:06:34-03:00	14.99	14.62	0.31	95420	0	1	860038	36bfe40eed33c8b8cb491894acd6f63c05c13e0d7a15a6e6f7b9401246d94c6d
go-anticorr-alta	lowest_carbon_dc	65	none	configs/scenarios/fase1/geo9_google_anticorr_alta.yaml	2026-08-07T18:06:26-03:00	2026-08-07T18:06:54-03:00	27.28	26.79	0.37	93996	0	1	860179	36bfe40eed33c8b8cb491894acd6f63c05c13e0d7a15a6e6f7b9401246d94c6d
go-anticorr-alta	lowest_carbon_dc	66	none	configs/scenarios/fase1/geo9_google_anticorr_alta.yaml	2026-08-07T18:06:32-03:00	2026-08-07T18:07:00-03:00	28.00	27.60	0.33	94688	0	1	860302	36bfe40eed33c8b8cb491894acd6f63c05c13e0d7a15a6e6f7b9401246d94c6d
go-anticorr-alta	lowest_carbon_dc	67	none	configs/scenarios/fase1/geo9_google_anticorr_alta.yaml	2026-08-07T18:06:32-03:00	2026-08-07T18:06:54-03:00	21.65	21.16	0.35	93608	0	1	860333	36bfe40eed33c8b8cb491894acd6f63c05c13e0d7a15a6e6f7b9401246d94c6d
go-anticorr-alta	lowest_carbon_dc	68	none	configs/scenarios/fase1/geo9_google_anticorr_alta.yaml	2026-08-07T18:06:33-03:00	2026-08-07T18:06:55-03:00	22.09	21.63	0.36	94436	0	1	860366	36bfe40eed33c8b8cb491894acd6f63c05c13e0d7a15a6e6f7b9401246d94c6d
go-anticorr-alta	lowest_carbon_dc	69	none	configs/scenarios/fase1/geo9_google_anticorr_alta.yaml	2026-08-07T18:06:34-03:00	2026-08-07T18:06:55-03:00	20.99	20.66	0.30	95488	0	1	860422	36bfe40eed33c8b8cb491894acd6f63c05c13e0d7a15a6e6f7b9401246d94c6d
go-anticorr-alta	lowest_carbon_dc	70	none	configs/scenarios/fase1/geo9_google_anticorr_alta.yaml	2026-08-07T18:06:38-03:00	2026-08-07T18:07:01-03:00	23.24	22.86	0.33	96956	0	1	860503	36bfe40eed33c8b8cb491894acd6f63c05c13e0d7a15a6e6f7b9401246d94c6d
go-anticorr-alta	lowest_carbon_dc	71	none	configs/scenarios/fase1/geo9_google_anticorr_alta.yaml	2026-08-07T18:06:38-03:00	2026-08-07T18:07:00-03:00	22.27	21.84	0.31	95248	0	1	860516	36bfe40eed33c8b8cb491894acd6f63c05c13e0d7a15a6e6f7b9401246d94c6d
go-anticorr-alta	round_robin	52	none	configs/scenarios/fase1/geo9_google_anticorr_alta.yaml	2026-08-07T18:03:28-03:00	2026-08-07T18:03:46-03:00	18.50	18.16	0.28	95368	0	1	855396	36bfe40eed33c8b8cb491894acd6f63c05c13e0d7a15a6e6f7b9401246d94c6d
go-anticorr-alta	round_robin	53	none	configs/scenarios/fase1/geo9_google_anticorr_alta.yaml	2026-08-07T18:03:28-03:00	2026-08-07T18:03:44-03:00	16.09	15.71	0.35	96012	0	1	855418	36bfe40eed33c8b8cb491894acd6f63c05c13e0d7a15a6e6f7b9401246d94c6d
go-anticorr-alta	round_robin	54	none	configs/scenarios/fase1/geo9_google_anticorr_alta.yaml	2026-08-07T18:03:31-03:00	2026-08-07T18:03:59-03:00	28.45	28.04	0.32	97000	0	1	855503	36bfe40eed33c8b8cb491894acd6f63c05c13e0d7a15a6e6f7b9401246d94c6d
go-anticorr-alta	round_robin	55	none	configs/scenarios/fase1/geo9_google_anticorr_alta.yaml	2026-08-07T18:03:36-03:00	2026-08-07T18:03:58-03:00	21.84	21.43	0.37	96184	0	1	855650	36bfe40eed33c8b8cb491894acd6f63c05c13e0d7a15a6e6f7b9401246d94c6d
go-anticorr-alta	round_robin	56	none	configs/scenarios/fase1/geo9_google_anticorr_alta.yaml	2026-08-07T18:03:39-03:00	2026-08-07T18:04:04-03:00	24.88	24.38	0.36	94480	0	1	855712	36bfe40eed33c8b8cb491894acd6f63c05c13e0d7a15a6e6f7b9401246d94c6d
go-anticorr-alta	round_robin	57	none	configs/scenarios/fase1/geo9_google_anticorr_alta.yaml	2026-08-07T18:03:44-03:00	2026-08-07T18:04:06-03:00	22.15	21.75	0.34	95632	0	1	855826	36bfe40eed33c8b8cb491894acd6f63c05c13e0d7a15a6e6f7b9401246d94c6d
go-anticorr-alta	round_robin	58	none	configs/scenarios/fase1/geo9_google_anticorr_alta.yaml	2026-08-07T18:03:44-03:00	2026-08-07T18:04:15-03:00	30.21	29.76	0.36	96200	0	1	855849	36bfe40eed33c8b8cb491894acd6f63c05c13e0d7a15a6e6f7b9401246d94c6d
go-anticorr-alta	round_robin	59	none	configs/scenarios/fase1/geo9_google_anticorr_alta.yaml	2026-08-07T18:03:45-03:00	2026-08-07T18:04:02-03:00	17.78	17.43	0.30	94200	0	1	855862	36bfe40eed33c8b8cb491894acd6f63c05c13e0d7a15a6e6f7b9401246d94c6d
go-anticorr-alta	round_robin	60	none	configs/scenarios/fase1/geo9_google_anticorr_alta.yaml	2026-08-07T18:03:46-03:00	2026-08-07T18:04:14-03:00	28.04	27.51	0.34	94968	0	1	855895	36bfe40eed33c8b8cb491894acd6f63c05c13e0d7a15a6e6f7b9401246d94c6d
go-anticorr-alta	round_robin	61	none	configs/scenarios/fase1/geo9_google_anticorr_alta.yaml	2026-08-07T18:03:46-03:00	2026-08-07T18:04:05-03:00	18.96	18.59	0.32	96420	0	1	855908	36bfe40eed33c8b8cb491894acd6f63c05c13e0d7a15a6e6f7b9401246d94c6d
go-anticorr-alta	round_robin	62	none	configs/scenarios/fase1/geo9_google_anticorr_alta.yaml	2026-08-07T18:03:48-03:00	2026-08-07T18:04:12-03:00	24.80	24.40	0.31	96308	0	1	855973	36bfe40eed33c8b8cb491894acd6f63c05c13e0d7a15a6e6f7b9401246d94c6d
go-anticorr-alta	round_robin	63	none	configs/scenarios/fase1/geo9_google_anticorr_alta.yaml	2026-08-07T18:03:58-03:00	2026-08-07T18:04:20-03:00	21.98	21.55	0.34	95516	0	1	856188	36bfe40eed33c8b8cb491894acd6f63c05c13e0d7a15a6e6f7b9401246d94c6d
go-anticorr-alta	round_robin	64	none	configs/scenarios/fase1/geo9_google_anticorr_alta.yaml	2026-08-07T18:03:59-03:00	2026-08-07T18:04:23-03:00	23.84	23.29	0.43	96380	0	1	856226	36bfe40eed33c8b8cb491894acd6f63c05c13e0d7a15a6e6f7b9401246d94c6d
go-anticorr-alta	round_robin	65	none	configs/scenarios/fase1/geo9_google_anticorr_alta.yaml	2026-08-07T18:04:02-03:00	2026-08-07T18:04:22-03:00	19.36	19.01	0.31	93856	0	1	856325	36bfe40eed33c8b8cb491894acd6f63c05c13e0d7a15a6e6f7b9401246d94c6d
go-anticorr-alta	round_robin	66	none	configs/scenarios/fase1/geo9_google_anticorr_alta.yaml	2026-08-07T18:04:04-03:00	2026-08-07T18:04:30-03:00	25.90	25.51	0.33	95420	0	1	856359	36bfe40eed33c8b8cb491894acd6f63c05c13e0d7a15a6e6f7b9401246d94c6d
go-anticorr-alta	round_robin	67	none	configs/scenarios/fase1/geo9_google_anticorr_alta.yaml	2026-08-07T18:04:05-03:00	2026-08-07T18:04:30-03:00	25.21	24.63	0.52	95036	0	1	856401	36bfe40eed33c8b8cb491894acd6f63c05c13e0d7a15a6e6f7b9401246d94c6d
go-anticorr-alta	round_robin	68	none	configs/scenarios/fase1/geo9_google_anticorr_alta.yaml	2026-08-07T18:04:06-03:00	2026-08-07T18:04:35-03:00	29.31	28.81	0.35	95328	0	1	856424	36bfe40eed33c8b8cb491894acd6f63c05c13e0d7a15a6e6f7b9401246d94c6d
go-anticorr-alta	round_robin	69	none	configs/scenarios/fase1/geo9_google_anticorr_alta.yaml	2026-08-07T18:04:12-03:00	2026-08-07T18:04:30-03:00	17.29	16.93	0.30	96244	0	1	856587	36bfe40eed33c8b8cb491894acd6f63c05c13e0d7a15a6e6f7b9401246d94c6d
go-anticorr-alta	round_robin	70	none	configs/scenarios/fase1/geo9_google_anticorr_alta.yaml	2026-08-07T18:04:14-03:00	2026-08-07T18:04:34-03:00	19.73	19.39	0.31	97632	0	1	856631	36bfe40eed33c8b8cb491894acd6f63c05c13e0d7a15a6e6f7b9401246d94c6d
go-anticorr-alta	round_robin	71	none	configs/scenarios/fase1/geo9_google_anticorr_alta.yaml	2026-08-07T18:04:15-03:00	2026-08-07T18:04:43-03:00	28.72	28.26	0.40	95668	0	1	856652	36bfe40eed33c8b8cb491894acd6f63c05c13e0d7a15a6e6f7b9401246d94c6d
go-anticorr-alta	worst_fit	52	none	configs/scenarios/fase1/geo9_google_anticorr_alta.yaml	2026-08-07T18:02:43-03:00	2026-08-07T18:03:00-03:00	17.07	16.71	0.31	96312	0	1	854211	36bfe40eed33c8b8cb491894acd6f63c05c13e0d7a15a6e6f7b9401246d94c6d
go-anticorr-alta	worst_fit	53	none	configs/scenarios/fase1/geo9_google_anticorr_alta.yaml	2026-08-07T18:02:44-03:00	2026-08-07T18:03:07-03:00	23.06	22.59	0.34	94656	0	1	854234	36bfe40eed33c8b8cb491894acd6f63c05c13e0d7a15a6e6f7b9401246d94c6d
go-anticorr-alta	worst_fit	54	none	configs/scenarios/fase1/geo9_google_anticorr_alta.yaml	2026-08-07T18:02:44-03:00	2026-08-07T18:03:03-03:00	19.40	19.01	0.33	95116	0	1	854247	36bfe40eed33c8b8cb491894acd6f63c05c13e0d7a15a6e6f7b9401246d94c6d
go-anticorr-alta	worst_fit	55	none	configs/scenarios/fase1/geo9_google_anticorr_alta.yaml	2026-08-07T18:02:49-03:00	2026-08-07T18:03:09-03:00	20.06	19.65	0.34	95888	0	1	854369	36bfe40eed33c8b8cb491894acd6f63c05c13e0d7a15a6e6f7b9401246d94c6d
go-anticorr-alta	worst_fit	56	none	configs/scenarios/fase1/geo9_google_anticorr_alta.yaml	2026-08-07T18:02:51-03:00	2026-08-07T18:03:09-03:00	18.61	18.15	0.31	96148	0	1	854415	36bfe40eed33c8b8cb491894acd6f63c05c13e0d7a15a6e6f7b9401246d94c6d
go-anticorr-alta	worst_fit	57	none	configs/scenarios/fase1/geo9_google_anticorr_alta.yaml	2026-08-07T18:02:54-03:00	2026-08-07T18:03:19-03:00	25.20	24.81	0.34	96460	0	1	854504	36bfe40eed33c8b8cb491894acd6f63c05c13e0d7a15a6e6f7b9401246d94c6d
go-anticorr-alta	worst_fit	58	none	configs/scenarios/fase1/geo9_google_anticorr_alta.yaml	2026-08-07T18:02:56-03:00	2026-08-07T18:03:14-03:00	17.81	17.45	0.32	96108	0	1	854585	36bfe40eed33c8b8cb491894acd6f63c05c13e0d7a15a6e6f7b9401246d94c6d
go-anticorr-alta	worst_fit	59	none	configs/scenarios/fase1/geo9_google_anticorr_alta.yaml	2026-08-07T18:03:00-03:00	2026-08-07T18:03:19-03:00	18.49	18.09	0.35	95476	0	1	854648	36bfe40eed33c8b8cb491894acd6f63c05c13e0d7a15a6e6f7b9401246d94c6d
go-anticorr-alta	worst_fit	60	none	configs/scenarios/fase1/geo9_google_anticorr_alta.yaml	2026-08-07T18:03:01-03:00	2026-08-07T18:03:17-03:00	15.53	15.19	0.30	94484	0	1	854708	36bfe40eed33c8b8cb491894acd6f63c05c13e0d7a15a6e6f7b9401246d94c6d
go-anticorr-alta	worst_fit	61	none	configs/scenarios/fase1/geo9_google_anticorr_alta.yaml	2026-08-07T18:03:03-03:00	2026-08-07T18:03:28-03:00	24.90	24.51	0.35	96480	0	1	854749	36bfe40eed33c8b8cb491894acd6f63c05c13e0d7a15a6e6f7b9401246d94c6d
go-anticorr-alta	worst_fit	62	none	configs/scenarios/fase1/geo9_google_anticorr_alta.yaml	2026-08-07T18:03:04-03:00	2026-08-07T18:03:27-03:00	23.57	23.12	0.34	97084	0	1	854775	36bfe40eed33c8b8cb491894acd6f63c05c13e0d7a15a6e6f7b9401246d94c6d
go-anticorr-alta	worst_fit	63	none	configs/scenarios/fase1/geo9_google_anticorr_alta.yaml	2026-08-07T18:03:07-03:00	2026-08-07T18:03:24-03:00	16.85	16.37	0.34	94892	0	1	854863	36bfe40eed33c8b8cb491894acd6f63c05c13e0d7a15a6e6f7b9401246d94c6d
go-anticorr-alta	worst_fit	64	none	configs/scenarios/fase1/geo9_google_anticorr_alta.yaml	2026-08-07T18:03:09-03:00	2026-08-07T18:03:31-03:00	22.12	21.51	0.55	94852	0	1	854907	36bfe40eed33c8b8cb491894acd6f63c05c13e0d7a15a6e6f7b9401246d94c6d
go-anticorr-alta	worst_fit	65	none	configs/scenarios/fase1/geo9_google_anticorr_alta.yaml	2026-08-07T18:03:09-03:00	2026-08-07T18:03:28-03:00	18.22	17.92	0.27	95164	0	1	854921	36bfe40eed33c8b8cb491894acd6f63c05c13e0d7a15a6e6f7b9401246d94c6d
go-anticorr-alta	worst_fit	66	none	configs/scenarios/fase1/geo9_google_anticorr_alta.yaml	2026-08-07T18:03:14-03:00	2026-08-07T18:03:36-03:00	22.25	21.85	0.33	96440	0	1	855047	36bfe40eed33c8b8cb491894acd6f63c05c13e0d7a15a6e6f7b9401246d94c6d
go-anticorr-alta	worst_fit	67	none	configs/scenarios/fase1/geo9_google_anticorr_alta.yaml	2026-08-07T18:03:17-03:00	2026-08-07T18:03:39-03:00	21.62	21.24	0.34	95660	0	1	855131	36bfe40eed33c8b8cb491894acd6f63c05c13e0d7a15a6e6f7b9401246d94c6d
go-anticorr-alta	worst_fit	68	none	configs/scenarios/fase1/geo9_google_anticorr_alta.yaml	2026-08-07T18:03:19-03:00	2026-08-07T18:03:45-03:00	25.92	25.53	0.35	97400	0	1	855165	36bfe40eed33c8b8cb491894acd6f63c05c13e0d7a15a6e6f7b9401246d94c6d
go-anticorr-alta	worst_fit	69	none	configs/scenarios/fase1/geo9_google_anticorr_alta.yaml	2026-08-07T18:03:19-03:00	2026-08-07T18:03:44-03:00	24.63	24.26	0.32	95028	0	1	855188	36bfe40eed33c8b8cb491894acd6f63c05c13e0d7a15a6e6f7b9401246d94c6d
go-anticorr-alta	worst_fit	70	none	configs/scenarios/fase1/geo9_google_anticorr_alta.yaml	2026-08-07T18:03:24-03:00	2026-08-07T18:03:46-03:00	22.29	21.95	0.29	95188	0	1	855288	36bfe40eed33c8b8cb491894acd6f63c05c13e0d7a15a6e6f7b9401246d94c6d
go-anticorr-alta	worst_fit	71	none	configs/scenarios/fase1/geo9_google_anticorr_alta.yaml	2026-08-07T18:03:27-03:00	2026-08-07T18:03:48-03:00	20.32	19.86	0.32	95408	0	1	855383	36bfe40eed33c8b8cb491894acd6f63c05c13e0d7a15a6e6f7b9401246d94c6d
go-anticorr-alta	wsnb	52	none	configs/scenarios/fase1/geo9_google_anticorr_alta.yaml	2026-08-07T18:26:07-03:00	2026-08-07T18:26:35-03:00	28.05	27.55	0.42	92776	0	1	885668	36bfe40eed33c8b8cb491894acd6f63c05c13e0d7a15a6e6f7b9401246d94c6d
go-anticorr-alta	wsnb	53	none	configs/scenarios/fase1/geo9_google_anticorr_alta.yaml	2026-08-07T18:26:35-03:00	2026-08-07T18:26:55-03:00	20.27	19.83	0.39	94140	0	1	886279	36bfe40eed33c8b8cb491894acd6f63c05c13e0d7a15a6e6f7b9401246d94c6d
go-anticorr-alta	wsnb	54	none	configs/scenarios/fase1/geo9_google_anticorr_alta.yaml	2026-08-07T18:26:46-03:00	2026-08-07T18:27:12-03:00	26.32	25.92	0.37	95180	0	1	886530	36bfe40eed33c8b8cb491894acd6f63c05c13e0d7a15a6e6f7b9401246d94c6d
go-anticorr-alta	wsnb	55	none	configs/scenarios/fase1/geo9_google_anticorr_alta.yaml	2026-08-07T18:26:55-03:00	2026-08-07T18:27:16-03:00	20.65	20.25	0.38	91708	0	1	886736	36bfe40eed33c8b8cb491894acd6f63c05c13e0d7a15a6e6f7b9401246d94c6d
go-anticorr-alta	wsnb	56	none	configs/scenarios/fase1/geo9_google_anticorr_alta.yaml	2026-08-07T18:27:12-03:00	2026-08-07T18:27:34-03:00	21.49	21.04	0.39	94832	0	1	887088	36bfe40eed33c8b8cb491894acd6f63c05c13e0d7a15a6e6f7b9401246d94c6d
go-anticorr-alta	wsnb	57	none	configs/scenarios/fase1/geo9_google_anticorr_alta.yaml	2026-08-07T18:27:16-03:00	2026-08-07T18:27:40-03:00	23.88	23.07	0.75	93404	0	1	887179	36bfe40eed33c8b8cb491894acd6f63c05c13e0d7a15a6e6f7b9401246d94c6d
go-anticorr-alta	wsnb	58	none	configs/scenarios/fase1/geo9_google_anticorr_alta.yaml	2026-08-07T18:27:34-03:00	2026-08-07T18:27:53-03:00	19.68	19.28	0.38	93340	0	1	887547	36bfe40eed33c8b8cb491894acd6f63c05c13e0d7a15a6e6f7b9401246d94c6d
go-anticorr-alta	wsnb	59	none	configs/scenarios/fase1/geo9_google_anticorr_alta.yaml	2026-08-07T18:27:39-03:00	2026-08-07T18:28:00-03:00	21.22	20.74	0.38	93236	0	1	887665	36bfe40eed33c8b8cb491894acd6f63c05c13e0d7a15a6e6f7b9401246d94c6d
go-anticorr-alta	wsnb	60	none	configs/scenarios/fase1/geo9_google_anticorr_alta.yaml	2026-08-07T18:27:40-03:00	2026-08-07T18:28:02-03:00	22.85	22.33	0.42	92284	0	1	887709	36bfe40eed33c8b8cb491894acd6f63c05c13e0d7a15a6e6f7b9401246d94c6d
go-anticorr-alta	wsnb	61	none	configs/scenarios/fase1/geo9_google_anticorr_alta.yaml	2026-08-07T18:27:53-03:00	2026-08-07T18:28:22-03:00	28.74	28.30	0.39	96100	0	1	887990	36bfe40eed33c8b8cb491894acd6f63c05c13e0d7a15a6e6f7b9401246d94c6d
go-anticorr-alta	wsnb	62	none	configs/scenarios/fase1/geo9_google_anticorr_alta.yaml	2026-08-07T18:28:00-03:00	2026-08-07T18:28:19-03:00	18.80	18.46	0.31	93700	0	1	888144	36bfe40eed33c8b8cb491894acd6f63c05c13e0d7a15a6e6f7b9401246d94c6d
go-anticorr-alta	wsnb	63	none	configs/scenarios/fase1/geo9_google_anticorr_alta.yaml	2026-08-07T18:28:02-03:00	2026-08-07T18:28:16-03:00	13.75	13.39	0.34	92888	0	1	888198	36bfe40eed33c8b8cb491894acd6f63c05c13e0d7a15a6e6f7b9401246d94c6d
go-anticorr-alta	wsnb	64	none	configs/scenarios/fase1/geo9_google_anticorr_alta.yaml	2026-08-07T18:28:16-03:00	2026-08-07T18:28:33-03:00	16.27	15.94	0.31	94392	0	1	888499	36bfe40eed33c8b8cb491894acd6f63c05c13e0d7a15a6e6f7b9401246d94c6d
go-anticorr-alta	wsnb	65	none	configs/scenarios/fase1/geo9_google_anticorr_alta.yaml	2026-08-07T18:28:19-03:00	2026-08-07T18:28:44-03:00	25.72	25.26	0.39	93428	0	1	888538	36bfe40eed33c8b8cb491894acd6f63c05c13e0d7a15a6e6f7b9401246d94c6d
go-anticorr-alta	wsnb	66	none	configs/scenarios/fase1/geo9_google_anticorr_alta.yaml	2026-08-07T18:28:22-03:00	2026-08-07T18:28:47-03:00	25.35	24.75	0.39	93028	0	1	888630	36bfe40eed33c8b8cb491894acd6f63c05c13e0d7a15a6e6f7b9401246d94c6d
go-anticorr-alta	wsnb	67	none	configs/scenarios/fase1/geo9_google_anticorr_alta.yaml	2026-08-07T18:28:31-03:00	2026-08-07T18:28:50-03:00	19.14	18.75	0.38	94572	0	1	888816	36bfe40eed33c8b8cb491894acd6f63c05c13e0d7a15a6e6f7b9401246d94c6d
go-anticorr-alta	wsnb	68	none	configs/scenarios/fase1/geo9_google_anticorr_alta.yaml	2026-08-07T18:28:33-03:00	2026-08-07T18:28:59-03:00	26.18	25.73	0.37	93612	0	1	888862	36bfe40eed33c8b8cb491894acd6f63c05c13e0d7a15a6e6f7b9401246d94c6d
go-anticorr-alta	wsnb	69	none	configs/scenarios/fase1/geo9_google_anticorr_alta.yaml	2026-08-07T18:28:44-03:00	2026-08-07T18:29:08-03:00	23.36	22.88	0.34	94384	0	1	889122	36bfe40eed33c8b8cb491894acd6f63c05c13e0d7a15a6e6f7b9401246d94c6d
go-anticorr-alta	wsnb	70	none	configs/scenarios/fase1/geo9_google_anticorr_alta.yaml	2026-08-07T18:28:47-03:00	2026-08-07T18:29:07-03:00	19.12	18.67	0.35	93344	0	1	889195	36bfe40eed33c8b8cb491894acd6f63c05c13e0d7a15a6e6f7b9401246d94c6d
go-anticorr-alta	wsnb	71	none	configs/scenarios/fase1/geo9_google_anticorr_alta.yaml	2026-08-07T18:28:50-03:00	2026-08-07T18:29:15-03:00	25.02	24.49	0.37	94080	0	1	889249	36bfe40eed33c8b8cb491894acd6f63c05c13e0d7a15a6e6f7b9401246d94c6d
go-anticorr-folgada	best_fit	52	none	configs/scenarios/fase1/geo9_google_anticorr_folgada.yaml	2026-08-07T18:00:19-03:00	2026-08-07T18:00:21-03:00	1.21	1.07	0.10	37764	0	1	848101	36bfe40eed33c8b8cb491894acd6f63c05c13e0d7a15a6e6f7b9401246d94c6d
go-anticorr-folgada	best_fit	53	none	configs/scenarios/fase1/geo9_google_anticorr_folgada.yaml	2026-08-07T18:00:20-03:00	2026-08-07T18:00:21-03:00	1.35	1.25	0.09	37832	0	1	848124	36bfe40eed33c8b8cb491894acd6f63c05c13e0d7a15a6e6f7b9401246d94c6d
go-anticorr-folgada	best_fit	54	none	configs/scenarios/fase1/geo9_google_anticorr_folgada.yaml	2026-08-07T18:00:20-03:00	2026-08-07T18:00:21-03:00	1.31	1.20	0.11	37864	0	1	848137	36bfe40eed33c8b8cb491894acd6f63c05c13e0d7a15a6e6f7b9401246d94c6d
go-anticorr-folgada	best_fit	55	none	configs/scenarios/fase1/geo9_google_anticorr_folgada.yaml	2026-08-07T18:00:20-03:00	2026-08-07T18:00:22-03:00	1.33	1.22	0.10	37908	0	1	848160	36bfe40eed33c8b8cb491894acd6f63c05c13e0d7a15a6e6f7b9401246d94c6d
go-anticorr-folgada	best_fit	56	none	configs/scenarios/fase1/geo9_google_anticorr_folgada.yaml	2026-08-07T18:00:21-03:00	2026-08-07T18:00:22-03:00	1.29	1.16	0.11	37824	0	1	848173	36bfe40eed33c8b8cb491894acd6f63c05c13e0d7a15a6e6f7b9401246d94c6d
go-anticorr-folgada	best_fit	57	none	configs/scenarios/fase1/geo9_google_anticorr_folgada.yaml	2026-08-07T18:00:21-03:00	2026-08-07T18:00:22-03:00	1.20	1.07	0.12	37900	0	1	848197	36bfe40eed33c8b8cb491894acd6f63c05c13e0d7a15a6e6f7b9401246d94c6d
go-anticorr-folgada	best_fit	58	none	configs/scenarios/fase1/geo9_google_anticorr_folgada.yaml	2026-08-07T18:00:21-03:00	2026-08-07T18:00:22-03:00	0.95	0.84	0.10	37884	0	1	848210	36bfe40eed33c8b8cb491894acd6f63c05c13e0d7a15a6e6f7b9401246d94c6d
go-anticorr-folgada	best_fit	59	none	configs/scenarios/fase1/geo9_google_anticorr_folgada.yaml	2026-08-07T18:00:22-03:00	2026-08-07T18:00:23-03:00	1.30	1.16	0.11	38128	0	1	848223	36bfe40eed33c8b8cb491894acd6f63c05c13e0d7a15a6e6f7b9401246d94c6d
go-anticorr-folgada	best_fit	60	none	configs/scenarios/fase1/geo9_google_anticorr_folgada.yaml	2026-08-07T18:00:22-03:00	2026-08-07T18:00:23-03:00	1.30	1.19	0.10	37928	0	1	848246	36bfe40eed33c8b8cb491894acd6f63c05c13e0d7a15a6e6f7b9401246d94c6d
go-anticorr-folgada	best_fit	61	none	configs/scenarios/fase1/geo9_google_anticorr_folgada.yaml	2026-08-07T18:00:22-03:00	2026-08-07T18:00:23-03:00	1.25	1.15	0.09	37876	0	1	848269	36bfe40eed33c8b8cb491894acd6f63c05c13e0d7a15a6e6f7b9401246d94c6d
go-anticorr-folgada	best_fit	62	none	configs/scenarios/fase1/geo9_google_anticorr_folgada.yaml	2026-08-07T18:00:22-03:00	2026-08-07T18:00:23-03:00	0.91	0.82	0.09	37820	0	1	848282	36bfe40eed33c8b8cb491894acd6f63c05c13e0d7a15a6e6f7b9401246d94c6d
go-anticorr-folgada	best_fit	63	none	configs/scenarios/fase1/geo9_google_anticorr_folgada.yaml	2026-08-07T18:00:22-03:00	2026-08-07T18:00:24-03:00	1.28	1.17	0.10	38204	0	1	848295	36bfe40eed33c8b8cb491894acd6f63c05c13e0d7a15a6e6f7b9401246d94c6d
go-anticorr-folgada	best_fit	64	none	configs/scenarios/fase1/geo9_google_anticorr_folgada.yaml	2026-08-07T18:00:23-03:00	2026-08-07T18:00:24-03:00	1.31	1.19	0.10	38084	0	1	848308	36bfe40eed33c8b8cb491894acd6f63c05c13e0d7a15a6e6f7b9401246d94c6d
go-anticorr-folgada	best_fit	65	none	configs/scenarios/fase1/geo9_google_anticorr_folgada.yaml	2026-08-07T18:00:23-03:00	2026-08-07T18:00:24-03:00	1.01	0.91	0.09	37820	0	1	848321	36bfe40eed33c8b8cb491894acd6f63c05c13e0d7a15a6e6f7b9401246d94c6d
go-anticorr-folgada	best_fit	66	none	configs/scenarios/fase1/geo9_google_anticorr_folgada.yaml	2026-08-07T18:00:23-03:00	2026-08-07T18:00:24-03:00	1.17	1.06	0.10	37824	0	1	848342	36bfe40eed33c8b8cb491894acd6f63c05c13e0d7a15a6e6f7b9401246d94c6d
go-anticorr-folgada	best_fit	67	none	configs/scenarios/fase1/geo9_google_anticorr_folgada.yaml	2026-08-07T18:00:23-03:00	2026-08-07T18:00:25-03:00	1.26	1.16	0.10	37912	0	1	848355	36bfe40eed33c8b8cb491894acd6f63c05c13e0d7a15a6e6f7b9401246d94c6d
go-anticorr-folgada	best_fit	68	none	configs/scenarios/fase1/geo9_google_anticorr_folgada.yaml	2026-08-07T18:00:23-03:00	2026-08-07T18:00:25-03:00	1.33	1.22	0.09	37772	0	1	848368	36bfe40eed33c8b8cb491894acd6f63c05c13e0d7a15a6e6f7b9401246d94c6d
go-anticorr-folgada	best_fit	69	none	configs/scenarios/fase1/geo9_google_anticorr_folgada.yaml	2026-08-07T18:00:24-03:00	2026-08-07T18:00:25-03:00	1.39	1.27	0.11	37580	0	1	848381	36bfe40eed33c8b8cb491894acd6f63c05c13e0d7a15a6e6f7b9401246d94c6d
go-anticorr-folgada	best_fit	70	none	configs/scenarios/fase1/geo9_google_anticorr_folgada.yaml	2026-08-07T18:00:24-03:00	2026-08-07T18:00:25-03:00	1.28	1.18	0.10	37812	0	1	848395	36bfe40eed33c8b8cb491894acd6f63c05c13e0d7a15a6e6f7b9401246d94c6d
go-anticorr-folgada	best_fit	71	none	configs/scenarios/fase1/geo9_google_anticorr_folgada.yaml	2026-08-07T18:00:24-03:00	2026-08-07T18:00:25-03:00	1.32	1.21	0.10	37860	0	1	848417	36bfe40eed33c8b8cb491894acd6f63c05c13e0d7a15a6e6f7b9401246d94c6d
go-anticorr-folgada	bfd	52	none	configs/scenarios/fase1/geo9_google_anticorr_folgada.yaml	2026-08-07T18:00:35-03:00	2026-08-07T18:00:36-03:00	0.87	0.78	0.09	37820	0	1	849449	36bfe40eed33c8b8cb491894acd6f63c05c13e0d7a15a6e6f7b9401246d94c6d
go-anticorr-folgada	bfd	53	none	configs/scenarios/fase1/geo9_google_anticorr_folgada.yaml	2026-08-07T18:00:35-03:00	2026-08-07T18:00:36-03:00	1.34	1.20	0.12	37752	0	1	849459	36bfe40eed33c8b8cb491894acd6f63c05c13e0d7a15a6e6f7b9401246d94c6d
go-anticorr-folgada	bfd	54	none	configs/scenarios/fase1/geo9_google_anticorr_folgada.yaml	2026-08-07T18:00:35-03:00	2026-08-07T18:00:36-03:00	1.26	1.15	0.11	37840	0	1	849472	36bfe40eed33c8b8cb491894acd6f63c05c13e0d7a15a6e6f7b9401246d94c6d
go-anticorr-folgada	bfd	55	none	configs/scenarios/fase1/geo9_google_anticorr_folgada.yaml	2026-08-07T18:00:35-03:00	2026-08-07T18:00:36-03:00	1.28	1.18	0.10	37848	0	1	849486	36bfe40eed33c8b8cb491894acd6f63c05c13e0d7a15a6e6f7b9401246d94c6d
go-anticorr-folgada	bfd	56	none	configs/scenarios/fase1/geo9_google_anticorr_folgada.yaml	2026-08-07T18:00:35-03:00	2026-08-07T18:00:36-03:00	1.07	0.95	0.10	37908	0	1	849499	36bfe40eed33c8b8cb491894acd6f63c05c13e0d7a15a6e6f7b9401246d94c6d
go-anticorr-folgada	bfd	57	none	configs/scenarios/fase1/geo9_google_anticorr_folgada.yaml	2026-08-07T18:00:35-03:00	2026-08-07T18:00:36-03:00	1.13	1.03	0.10	37876	0	1	849512	36bfe40eed33c8b8cb491894acd6f63c05c13e0d7a15a6e6f7b9401246d94c6d
go-anticorr-folgada	bfd	58	none	configs/scenarios/fase1/geo9_google_anticorr_folgada.yaml	2026-08-07T18:00:35-03:00	2026-08-07T18:00:37-03:00	1.22	1.12	0.09	37856	0	1	849535	36bfe40eed33c8b8cb491894acd6f63c05c13e0d7a15a6e6f7b9401246d94c6d
go-anticorr-folgada	bfd	59	none	configs/scenarios/fase1/geo9_google_anticorr_folgada.yaml	2026-08-07T18:00:36-03:00	2026-08-07T18:00:36-03:00	0.93	0.84	0.08	37776	0	1	849548	36bfe40eed33c8b8cb491894acd6f63c05c13e0d7a15a6e6f7b9401246d94c6d
go-anticorr-folgada	bfd	60	none	configs/scenarios/fase1/geo9_google_anticorr_folgada.yaml	2026-08-07T18:00:36-03:00	2026-08-07T18:00:37-03:00	1.21	1.09	0.10	37820	0	1	849561	36bfe40eed33c8b8cb491894acd6f63c05c13e0d7a15a6e6f7b9401246d94c6d
go-anticorr-folgada	bfd	61	none	configs/scenarios/fase1/geo9_google_anticorr_folgada.yaml	2026-08-07T18:00:36-03:00	2026-08-07T18:00:37-03:00	1.25	1.14	0.10	37812	0	1	849585	36bfe40eed33c8b8cb491894acd6f63c05c13e0d7a15a6e6f7b9401246d94c6d
go-anticorr-folgada	bfd	62	none	configs/scenarios/fase1/geo9_google_anticorr_folgada.yaml	2026-08-07T18:00:36-03:00	2026-08-07T18:00:38-03:00	1.49	1.36	0.11	37864	0	1	849598	36bfe40eed33c8b8cb491894acd6f63c05c13e0d7a15a6e6f7b9401246d94c6d
go-anticorr-folgada	bfd	63	none	configs/scenarios/fase1/geo9_google_anticorr_folgada.yaml	2026-08-07T18:00:36-03:00	2026-08-07T18:00:38-03:00	1.39	1.29	0.10	37844	0	1	849611	36bfe40eed33c8b8cb491894acd6f63c05c13e0d7a15a6e6f7b9401246d94c6d
go-anticorr-folgada	bfd	64	none	configs/scenarios/fase1/geo9_google_anticorr_folgada.yaml	2026-08-07T18:00:36-03:00	2026-08-07T18:00:38-03:00	1.30	1.19	0.10	37804	0	1	849624	36bfe40eed33c8b8cb491894acd6f63c05c13e0d7a15a6e6f7b9401246d94c6d
go-anticorr-folgada	bfd	65	none	configs/scenarios/fase1/geo9_google_anticorr_folgada.yaml	2026-08-07T18:00:36-03:00	2026-08-07T18:00:37-03:00	1.08	0.97	0.10	37860	0	1	849638	36bfe40eed33c8b8cb491894acd6f63c05c13e0d7a15a6e6f7b9401246d94c6d
go-anticorr-folgada	bfd	66	none	configs/scenarios/fase1/geo9_google_anticorr_folgada.yaml	2026-08-07T18:00:36-03:00	2026-08-07T18:00:38-03:00	1.29	1.21	0.08	37876	0	1	849661	36bfe40eed33c8b8cb491894acd6f63c05c13e0d7a15a6e6f7b9401246d94c6d
go-anticorr-folgada	bfd	67	none	configs/scenarios/fase1/geo9_google_anticorr_folgada.yaml	2026-08-07T18:00:37-03:00	2026-08-07T18:00:38-03:00	1.26	1.15	0.10	37736	0	1	849674	36bfe40eed33c8b8cb491894acd6f63c05c13e0d7a15a6e6f7b9401246d94c6d
go-anticorr-folgada	bfd	68	none	configs/scenarios/fase1/geo9_google_anticorr_folgada.yaml	2026-08-07T18:00:37-03:00	2026-08-07T18:00:38-03:00	1.16	1.04	0.09	37944	0	1	849687	36bfe40eed33c8b8cb491894acd6f63c05c13e0d7a15a6e6f7b9401246d94c6d
go-anticorr-folgada	bfd	69	none	configs/scenarios/fase1/geo9_google_anticorr_folgada.yaml	2026-08-07T18:00:37-03:00	2026-08-07T18:00:39-03:00	1.48	1.34	0.11	37820	0	1	849700	36bfe40eed33c8b8cb491894acd6f63c05c13e0d7a15a6e6f7b9401246d94c6d
go-anticorr-folgada	bfd	70	none	configs/scenarios/fase1/geo9_google_anticorr_folgada.yaml	2026-08-07T18:00:37-03:00	2026-08-07T18:00:39-03:00	1.27	1.14	0.11	37820	0	1	849723	36bfe40eed33c8b8cb491894acd6f63c05c13e0d7a15a6e6f7b9401246d94c6d
go-anticorr-folgada	bfd	71	none	configs/scenarios/fase1/geo9_google_anticorr_folgada.yaml	2026-08-07T18:00:38-03:00	2026-08-07T18:00:39-03:00	1.23	1.10	0.11	37716	0	1	849736	36bfe40eed33c8b8cb491894acd6f63c05c13e0d7a15a6e6f7b9401246d94c6d
go-anticorr-folgada	cnemesis	52	cnemesis	configs/scenarios/fase1/geo9_google_anticorr_folgada.yaml	2026-08-07T18:00:53-03:00	2026-08-07T18:00:55-03:00	1.58	1.44	0.12	42388	0	1	851081	36bfe40eed33c8b8cb491894acd6f63c05c13e0d7a15a6e6f7b9401246d94c6d
go-anticorr-folgada	cnemesis	53	cnemesis	configs/scenarios/fase1/geo9_google_anticorr_folgada.yaml	2026-08-07T18:00:54-03:00	2026-08-07T18:00:56-03:00	1.74	1.57	0.14	42352	0	1	851104	36bfe40eed33c8b8cb491894acd6f63c05c13e0d7a15a6e6f7b9401246d94c6d
go-anticorr-folgada	cnemesis	54	cnemesis	configs/scenarios/fase1/geo9_google_anticorr_folgada.yaml	2026-08-07T18:00:54-03:00	2026-08-07T18:00:56-03:00	1.47	1.34	0.12	42672	0	1	851117	36bfe40eed33c8b8cb491894acd6f63c05c13e0d7a15a6e6f7b9401246d94c6d
go-anticorr-folgada	cnemesis	55	cnemesis	configs/scenarios/fase1/geo9_google_anticorr_folgada.yaml	2026-08-07T18:00:54-03:00	2026-08-07T18:00:56-03:00	1.54	1.40	0.13	42128	0	1	851130	36bfe40eed33c8b8cb491894acd6f63c05c13e0d7a15a6e6f7b9401246d94c6d
go-anticorr-folgada	cnemesis	56	cnemesis	configs/scenarios/fase1/geo9_google_anticorr_folgada.yaml	2026-08-07T18:00:54-03:00	2026-08-07T18:00:56-03:00	1.18	1.06	0.11	42756	0	1	851143	36bfe40eed33c8b8cb491894acd6f63c05c13e0d7a15a6e6f7b9401246d94c6d
go-anticorr-folgada	cnemesis	57	cnemesis	configs/scenarios/fase1/geo9_google_anticorr_folgada.yaml	2026-08-07T18:00:55-03:00	2026-08-07T18:00:56-03:00	1.59	1.46	0.12	43060	0	1	851187	36bfe40eed33c8b8cb491894acd6f63c05c13e0d7a15a6e6f7b9401246d94c6d
go-anticorr-folgada	cnemesis	58	cnemesis	configs/scenarios/fase1/geo9_google_anticorr_folgada.yaml	2026-08-07T18:00:55-03:00	2026-08-07T18:00:56-03:00	1.54	1.38	0.14	41516	0	1	851200	36bfe40eed33c8b8cb491894acd6f63c05c13e0d7a15a6e6f7b9401246d94c6d
go-anticorr-folgada	cnemesis	59	cnemesis	configs/scenarios/fase1/geo9_google_anticorr_folgada.yaml	2026-08-07T18:00:56-03:00	2026-08-07T18:00:57-03:00	1.07	0.97	0.10	42560	0	1	851224	36bfe40eed33c8b8cb491894acd6f63c05c13e0d7a15a6e6f7b9401246d94c6d
go-anticorr-folgada	cnemesis	60	cnemesis	configs/scenarios/fase1/geo9_google_anticorr_folgada.yaml	2026-08-07T18:00:56-03:00	2026-08-07T18:00:57-03:00	1.46	1.33	0.12	42536	0	1	851247	36bfe40eed33c8b8cb491894acd6f63c05c13e0d7a15a6e6f7b9401246d94c6d
go-anticorr-folgada	cnemesis	61	cnemesis	configs/scenarios/fase1/geo9_google_anticorr_folgada.yaml	2026-08-07T18:00:56-03:00	2026-08-07T18:00:57-03:00	1.52	1.39	0.12	41884	0	1	851260	36bfe40eed33c8b8cb491894acd6f63c05c13e0d7a15a6e6f7b9401246d94c6d
go-anticorr-folgada	cnemesis	62	cnemesis	configs/scenarios/fase1/geo9_google_anticorr_folgada.yaml	2026-08-07T18:00:56-03:00	2026-08-07T18:00:57-03:00	1.57	1.43	0.12	42476	0	1	851273	36bfe40eed33c8b8cb491894acd6f63c05c13e0d7a15a6e6f7b9401246d94c6d
go-anticorr-folgada	cnemesis	63	cnemesis	configs/scenarios/fase1/geo9_google_anticorr_folgada.yaml	2026-08-07T18:00:56-03:00	2026-08-07T18:00:58-03:00	1.61	1.48	0.12	42612	0	1	851286	36bfe40eed33c8b8cb491894acd6f63c05c13e0d7a15a6e6f7b9401246d94c6d
go-anticorr-folgada	cnemesis	64	cnemesis	configs/scenarios/fase1/geo9_google_anticorr_folgada.yaml	2026-08-07T18:00:56-03:00	2026-08-07T18:00:57-03:00	1.20	1.07	0.12	41760	0	1	851299	36bfe40eed33c8b8cb491894acd6f63c05c13e0d7a15a6e6f7b9401246d94c6d
go-anticorr-folgada	cnemesis	65	cnemesis	configs/scenarios/fase1/geo9_google_anticorr_folgada.yaml	2026-08-07T18:00:56-03:00	2026-08-07T18:00:58-03:00	1.57	1.44	0.12	42572	0	1	851312	36bfe40eed33c8b8cb491894acd6f63c05c13e0d7a15a6e6f7b9401246d94c6d
go-anticorr-folgada	cnemesis	66	cnemesis	configs/scenarios/fase1/geo9_google_anticorr_folgada.yaml	2026-08-07T18:00:56-03:00	2026-08-07T18:00:58-03:00	1.49	1.33	0.14	42256	0	1	851336	36bfe40eed33c8b8cb491894acd6f63c05c13e0d7a15a6e6f7b9401246d94c6d
go-anticorr-folgada	cnemesis	67	cnemesis	configs/scenarios/fase1/geo9_google_anticorr_folgada.yaml	2026-08-07T18:00:57-03:00	2026-08-07T18:00:58-03:00	1.47	1.32	0.14	42540	0	1	851349	36bfe40eed33c8b8cb491894acd6f63c05c13e0d7a15a6e6f7b9401246d94c6d
go-anticorr-folgada	cnemesis	68	cnemesis	configs/scenarios/fase1/geo9_google_anticorr_folgada.yaml	2026-08-07T18:00:57-03:00	2026-08-07T18:00:59-03:00	1.47	1.31	0.14	41704	0	1	851373	36bfe40eed33c8b8cb491894acd6f63c05c13e0d7a15a6e6f7b9401246d94c6d
go-anticorr-folgada	cnemesis	69	cnemesis	configs/scenarios/fase1/geo9_google_anticorr_folgada.yaml	2026-08-07T18:00:57-03:00	2026-08-07T18:00:59-03:00	1.17	1.04	0.11	43028	0	1	851386	36bfe40eed33c8b8cb491894acd6f63c05c13e0d7a15a6e6f7b9401246d94c6d
go-anticorr-folgada	cnemesis	70	cnemesis	configs/scenarios/fase1/geo9_google_anticorr_folgada.yaml	2026-08-07T18:00:57-03:00	2026-08-07T18:00:59-03:00	1.64	1.51	0.12	42708	0	1	851406	36bfe40eed33c8b8cb491894acd6f63c05c13e0d7a15a6e6f7b9401246d94c6d
go-anticorr-folgada	cnemesis	71	cnemesis	configs/scenarios/fase1/geo9_google_anticorr_folgada.yaml	2026-08-07T18:00:57-03:00	2026-08-07T18:00:59-03:00	1.45	1.32	0.12	42776	0	1	851410	36bfe40eed33c8b8cb491894acd6f63c05c13e0d7a15a6e6f7b9401246d94c6d
go-anticorr-folgada	ffd	52	none	configs/scenarios/fase1/geo9_google_anticorr_folgada.yaml	2026-08-07T18:00:31-03:00	2026-08-07T18:00:32-03:00	1.29	1.17	0.10	37828	0	1	849094	36bfe40eed33c8b8cb491894acd6f63c05c13e0d7a15a6e6f7b9401246d94c6d
go-anticorr-folgada	ffd	53	none	configs/scenarios/fase1/geo9_google_anticorr_folgada.yaml	2026-08-07T18:00:31-03:00	2026-08-07T18:00:33-03:00	1.27	1.15	0.10	37820	0	1	849118	36bfe40eed33c8b8cb491894acd6f63c05c13e0d7a15a6e6f7b9401246d94c6d
go-anticorr-folgada	ffd	54	none	configs/scenarios/fase1/geo9_google_anticorr_folgada.yaml	2026-08-07T18:00:32-03:00	2026-08-07T18:00:33-03:00	1.33	1.20	0.11	37848	0	1	849131	36bfe40eed33c8b8cb491894acd6f63c05c13e0d7a15a6e6f7b9401246d94c6d
go-anticorr-folgada	ffd	55	none	configs/scenarios/fase1/geo9_google_anticorr_folgada.yaml	2026-08-07T18:00:32-03:00	2026-08-07T18:00:33-03:00	0.94	0.86	0.08	37576	0	1	849161	36bfe40eed33c8b8cb491894acd6f63c05c13e0d7a15a6e6f7b9401246d94c6d
go-anticorr-folgada	ffd	56	none	configs/scenarios/fase1/geo9_google_anticorr_folgada.yaml	2026-08-07T18:00:32-03:00	2026-08-07T18:00:33-03:00	1.20	1.07	0.10	37736	0	1	849164	36bfe40eed33c8b8cb491894acd6f63c05c13e0d7a15a6e6f7b9401246d94c6d
go-anticorr-folgada	ffd	57	none	configs/scenarios/fase1/geo9_google_anticorr_folgada.yaml	2026-08-07T18:00:32-03:00	2026-08-07T18:00:33-03:00	1.34	1.19	0.11	37832	0	1	849180	36bfe40eed33c8b8cb491894acd6f63c05c13e0d7a15a6e6f7b9401246d94c6d
go-anticorr-folgada	ffd	58	none	configs/scenarios/fase1/geo9_google_anticorr_folgada.yaml	2026-08-07T18:00:32-03:00	2026-08-07T18:00:34-03:00	1.27	1.12	0.10	37876	0	1	849199	36bfe40eed33c8b8cb491894acd6f63c05c13e0d7a15a6e6f7b9401246d94c6d
go-anticorr-folgada	ffd	59	none	configs/scenarios/fase1/geo9_google_anticorr_folgada.yaml	2026-08-07T18:00:32-03:00	2026-08-07T18:00:34-03:00	1.20	1.07	0.10	37820	0	1	849212	36bfe40eed33c8b8cb491894acd6f63c05c13e0d7a15a6e6f7b9401246d94c6d
go-anticorr-folgada	ffd	60	none	configs/scenarios/fase1/geo9_google_anticorr_folgada.yaml	2026-08-07T18:00:32-03:00	2026-08-07T18:00:34-03:00	1.22	1.08	0.10	37648	0	1	849225	36bfe40eed33c8b8cb491894acd6f63c05c13e0d7a15a6e6f7b9401246d94c6d
go-anticorr-folgada	ffd	61	none	configs/scenarios/fase1/geo9_google_anticorr_folgada.yaml	2026-08-07T18:00:33-03:00	2026-08-07T18:00:34-03:00	1.03	0.92	0.10	37692	0	1	849238	36bfe40eed33c8b8cb491894acd6f63c05c13e0d7a15a6e6f7b9401246d94c6d
go-anticorr-folgada	ffd	62	none	configs/scenarios/fase1/geo9_google_anticorr_folgada.yaml	2026-08-07T18:00:33-03:00	2026-08-07T18:00:34-03:00	1.28	1.18	0.08	37820	0	1	849255	36bfe40eed33c8b8cb491894acd6f63c05c13e0d7a15a6e6f7b9401246d94c6d
go-anticorr-folgada	ffd	63	none	configs/scenarios/fase1/geo9_google_anticorr_folgada.yaml	2026-08-07T18:00:33-03:00	2026-08-07T18:00:34-03:00	1.25	1.14	0.10	37816	0	1	849264	36bfe40eed33c8b8cb491894acd6f63c05c13e0d7a15a6e6f7b9401246d94c6d
go-anticorr-folgada	ffd	64	none	configs/scenarios/fase1/geo9_google_anticorr_folgada.yaml	2026-08-07T18:00:33-03:00	2026-08-07T18:00:35-03:00	1.38	1.22	0.10	37964	0	1	849283	36bfe40eed33c8b8cb491894acd6f63c05c13e0d7a15a6e6f7b9401246d94c6d
go-anticorr-folgada	ffd	65	none	configs/scenarios/fase1/geo9_google_anticorr_folgada.yaml	2026-08-07T18:00:34-03:00	2026-08-07T18:00:35-03:00	1.22	1.10	0.10	37940	0	1	849311	36bfe40eed33c8b8cb491894acd6f63c05c13e0d7a15a6e6f7b9401246d94c6d
go-anticorr-folgada	ffd	66	none	configs/scenarios/fase1/geo9_google_anticorr_folgada.yaml	2026-08-07T18:00:34-03:00	2026-08-07T18:00:35-03:00	1.32	1.21	0.10	37688	0	1	849327	36bfe40eed33c8b8cb491894acd6f63c05c13e0d7a15a6e6f7b9401246d94c6d
go-anticorr-folgada	ffd	67	none	configs/scenarios/fase1/geo9_google_anticorr_folgada.yaml	2026-08-07T18:00:34-03:00	2026-08-07T18:00:35-03:00	0.98	0.89	0.09	37844	0	1	849337	36bfe40eed33c8b8cb491894acd6f63c05c13e0d7a15a6e6f7b9401246d94c6d
go-anticorr-folgada	ffd	68	none	configs/scenarios/fase1/geo9_google_anticorr_folgada.yaml	2026-08-07T18:00:34-03:00	2026-08-07T18:00:35-03:00	1.33	1.20	0.12	37820	0	1	849350	36bfe40eed33c8b8cb491894acd6f63c05c13e0d7a15a6e6f7b9401246d94c6d
go-anticorr-folgada	ffd	69	none	configs/scenarios/fase1/geo9_google_anticorr_folgada.yaml	2026-08-07T18:00:34-03:00	2026-08-07T18:00:35-03:00	1.33	1.22	0.09	37788	0	1	849363	36bfe40eed33c8b8cb491894acd6f63c05c13e0d7a15a6e6f7b9401246d94c6d
go-anticorr-folgada	ffd	70	none	configs/scenarios/fase1/geo9_google_anticorr_folgada.yaml	2026-08-07T18:00:34-03:00	2026-08-07T18:00:36-03:00	1.34	1.21	0.12	37812	0	1	849409	36bfe40eed33c8b8cb491894acd6f63c05c13e0d7a15a6e6f7b9401246d94c6d
go-anticorr-folgada	ffd	71	none	configs/scenarios/fase1/geo9_google_anticorr_folgada.yaml	2026-08-07T18:00:34-03:00	2026-08-07T18:00:35-03:00	1.02	0.94	0.07	37820	0	1	849422	36bfe40eed33c8b8cb491894acd6f63c05c13e0d7a15a6e6f7b9401246d94c6d
go-anticorr-folgada	first_fit	52	none	configs/scenarios/fase1/geo9_google_anticorr_folgada.yaml	2026-08-07T18:00:06-03:00	2026-08-07T18:00:07-03:00	0.91	0.82	0.08	37752	0	1	847540	36bfe40eed33c8b8cb491894acd6f63c05c13e0d7a15a6e6f7b9401246d94c6d
go-anticorr-folgada	first_fit	53	none	configs/scenarios/fase1/geo9_google_anticorr_folgada.yaml	2026-08-07T18:00:07-03:00	2026-08-07T18:00:08-03:00	1.20	1.09	0.09	37944	0	1	847573	36bfe40eed33c8b8cb491894acd6f63c05c13e0d7a15a6e6f7b9401246d94c6d
go-anticorr-folgada	first_fit	54	none	configs/scenarios/fase1/geo9_google_anticorr_folgada.yaml	2026-08-07T18:00:08-03:00	2026-08-07T18:00:10-03:00	1.31	1.20	0.10	37760	0	1	847619	36bfe40eed33c8b8cb491894acd6f63c05c13e0d7a15a6e6f7b9401246d94c6d
go-anticorr-folgada	first_fit	55	none	configs/scenarios/fase1/geo9_google_anticorr_folgada.yaml	2026-08-07T18:00:10-03:00	2026-08-07T18:00:11-03:00	0.88	0.80	0.07	37848	0	1	847673	36bfe40eed33c8b8cb491894acd6f63c05c13e0d7a15a6e6f7b9401246d94c6d
go-anticorr-folgada	first_fit	56	none	configs/scenarios/fase1/geo9_google_anticorr_folgada.yaml	2026-08-07T18:00:11-03:00	2026-08-07T18:00:12-03:00	0.90	0.81	0.08	37788	0	1	847707	36bfe40eed33c8b8cb491894acd6f63c05c13e0d7a15a6e6f7b9401246d94c6d
go-anticorr-folgada	first_fit	57	none	configs/scenarios/fase1/geo9_google_anticorr_folgada.yaml	2026-08-07T18:00:12-03:00	2026-08-07T18:00:13-03:00	1.19	1.05	0.14	37824	0	1	847742	36bfe40eed33c8b8cb491894acd6f63c05c13e0d7a15a6e6f7b9401246d94c6d
go-anticorr-folgada	first_fit	58	none	configs/scenarios/fase1/geo9_google_anticorr_folgada.yaml	2026-08-07T18:00:13-03:00	2026-08-07T18:00:14-03:00	1.21	1.06	0.11	37840	0	1	847767	36bfe40eed33c8b8cb491894acd6f63c05c13e0d7a15a6e6f7b9401246d94c6d
go-anticorr-folgada	first_fit	59	none	configs/scenarios/fase1/geo9_google_anticorr_folgada.yaml	2026-08-07T18:00:14-03:00	2026-08-07T18:00:15-03:00	1.24	1.13	0.10	37944	0	1	847808	36bfe40eed33c8b8cb491894acd6f63c05c13e0d7a15a6e6f7b9401246d94c6d
go-anticorr-folgada	first_fit	60	none	configs/scenarios/fase1/geo9_google_anticorr_folgada.yaml	2026-08-07T18:00:14-03:00	2026-08-07T18:00:15-03:00	0.83	0.74	0.08	37820	0	1	847848	36bfe40eed33c8b8cb491894acd6f63c05c13e0d7a15a6e6f7b9401246d94c6d
go-anticorr-folgada	first_fit	61	none	configs/scenarios/fase1/geo9_google_anticorr_folgada.yaml	2026-08-07T18:00:15-03:00	2026-08-07T18:00:16-03:00	0.97	0.88	0.08	37820	0	1	847861	36bfe40eed33c8b8cb491894acd6f63c05c13e0d7a15a6e6f7b9401246d94c6d
go-anticorr-folgada	first_fit	62	none	configs/scenarios/fase1/geo9_google_anticorr_folgada.yaml	2026-08-07T18:00:15-03:00	2026-08-07T18:00:16-03:00	1.35	1.20	0.11	37936	0	1	847885	36bfe40eed33c8b8cb491894acd6f63c05c13e0d7a15a6e6f7b9401246d94c6d
go-anticorr-folgada	first_fit	63	none	configs/scenarios/fase1/geo9_google_anticorr_folgada.yaml	2026-08-07T18:00:16-03:00	2026-08-07T18:00:17-03:00	1.34	1.22	0.10	37788	0	1	847908	36bfe40eed33c8b8cb491894acd6f63c05c13e0d7a15a6e6f7b9401246d94c6d
go-anticorr-folgada	first_fit	64	none	configs/scenarios/fase1/geo9_google_anticorr_folgada.yaml	2026-08-07T18:00:16-03:00	2026-08-07T18:00:18-03:00	1.29	1.18	0.10	37820	0	1	847932	36bfe40eed33c8b8cb491894acd6f63c05c13e0d7a15a6e6f7b9401246d94c6d
go-anticorr-folgada	first_fit	65	none	configs/scenarios/fase1/geo9_google_anticorr_folgada.yaml	2026-08-07T18:00:17-03:00	2026-08-07T18:00:18-03:00	1.07	0.99	0.07	37752	0	1	847945	36bfe40eed33c8b8cb491894acd6f63c05c13e0d7a15a6e6f7b9401246d94c6d
go-anticorr-folgada	first_fit	66	none	configs/scenarios/fase1/geo9_google_anticorr_folgada.yaml	2026-08-07T18:00:17-03:00	2026-08-07T18:00:18-03:00	1.23	1.08	0.12	37760	0	1	847968	36bfe40eed33c8b8cb491894acd6f63c05c13e0d7a15a6e6f7b9401246d94c6d
go-anticorr-folgada	first_fit	67	none	configs/scenarios/fase1/geo9_google_anticorr_folgada.yaml	2026-08-07T18:00:18-03:00	2026-08-07T18:00:19-03:00	1.33	1.21	0.11	37796	0	1	847991	36bfe40eed33c8b8cb491894acd6f63c05c13e0d7a15a6e6f7b9401246d94c6d
go-anticorr-folgada	first_fit	68	none	configs/scenarios/fase1/geo9_google_anticorr_folgada.yaml	2026-08-07T18:00:18-03:00	2026-08-07T18:00:19-03:00	0.98	0.88	0.09	37820	0	1	848004	36bfe40eed33c8b8cb491894acd6f63c05c13e0d7a15a6e6f7b9401246d94c6d
go-anticorr-folgada	first_fit	69	none	configs/scenarios/fase1/geo9_google_anticorr_folgada.yaml	2026-08-07T18:00:18-03:00	2026-08-07T18:00:20-03:00	1.30	1.19	0.11	37860	0	1	848036	36bfe40eed33c8b8cb491894acd6f63c05c13e0d7a15a6e6f7b9401246d94c6d
go-anticorr-folgada	first_fit	70	none	configs/scenarios/fase1/geo9_google_anticorr_folgada.yaml	2026-08-07T18:00:19-03:00	2026-08-07T18:00:20-03:00	1.14	1.04	0.09	37756	0	1	848049	36bfe40eed33c8b8cb491894acd6f63c05c13e0d7a15a6e6f7b9401246d94c6d
go-anticorr-folgada	first_fit	71	none	configs/scenarios/fase1/geo9_google_anticorr_folgada.yaml	2026-08-07T18:00:19-03:00	2026-08-07T18:00:20-03:00	1.18	1.06	0.11	37968	0	1	848088	36bfe40eed33c8b8cb491894acd6f63c05c13e0d7a15a6e6f7b9401246d94c6d
go-anticorr-folgada	follow_renewables	52	follow_renewables	configs/scenarios/fase1/geo9_google_anticorr_folgada.yaml	2026-08-07T18:00:41-03:00	2026-08-07T18:00:42-03:00	1.40	1.27	0.12	37816	0	1	850080	36bfe40eed33c8b8cb491894acd6f63c05c13e0d7a15a6e6f7b9401246d94c6d
go-anticorr-folgada	follow_renewables	53	follow_renewables	configs/scenarios/fase1/geo9_google_anticorr_folgada.yaml	2026-08-07T18:00:41-03:00	2026-08-07T18:00:42-03:00	1.26	1.16	0.09	37756	0	1	850093	36bfe40eed33c8b8cb491894acd6f63c05c13e0d7a15a6e6f7b9401246d94c6d
go-anticorr-folgada	follow_renewables	54	follow_renewables	configs/scenarios/fase1/geo9_google_anticorr_folgada.yaml	2026-08-07T18:00:41-03:00	2026-08-07T18:00:43-03:00	1.35	1.22	0.11	37740	0	1	850107	36bfe40eed33c8b8cb491894acd6f63c05c13e0d7a15a6e6f7b9401246d94c6d
go-anticorr-folgada	follow_renewables	55	follow_renewables	configs/scenarios/fase1/geo9_google_anticorr_folgada.yaml	2026-08-07T18:00:41-03:00	2026-08-07T18:00:43-03:00	1.26	1.15	0.10	37828	0	1	850130	36bfe40eed33c8b8cb491894acd6f63c05c13e0d7a15a6e6f7b9401246d94c6d
go-anticorr-folgada	follow_renewables	56	follow_renewables	configs/scenarios/fase1/geo9_google_anticorr_folgada.yaml	2026-08-07T18:00:41-03:00	2026-08-07T18:00:43-03:00	1.08	0.97	0.10	37800	0	1	850143	36bfe40eed33c8b8cb491894acd6f63c05c13e0d7a15a6e6f7b9401246d94c6d
go-anticorr-folgada	follow_renewables	57	follow_renewables	configs/scenarios/fase1/geo9_google_anticorr_folgada.yaml	2026-08-07T18:00:42-03:00	2026-08-07T18:00:43-03:00	1.25	1.13	0.10	37824	0	1	850156	36bfe40eed33c8b8cb491894acd6f63c05c13e0d7a15a6e6f7b9401246d94c6d
go-anticorr-folgada	follow_renewables	58	follow_renewables	configs/scenarios/fase1/geo9_google_anticorr_folgada.yaml	2026-08-07T18:00:42-03:00	2026-08-07T18:00:43-03:00	1.46	1.35	0.11	37932	0	1	850169	36bfe40eed33c8b8cb491894acd6f63c05c13e0d7a15a6e6f7b9401246d94c6d
go-anticorr-folgada	follow_renewables	59	follow_renewables	configs/scenarios/fase1/geo9_google_anticorr_folgada.yaml	2026-08-07T18:00:42-03:00	2026-08-07T18:00:43-03:00	1.29	1.18	0.10	37660	0	1	850182	36bfe40eed33c8b8cb491894acd6f63c05c13e0d7a15a6e6f7b9401246d94c6d
go-anticorr-folgada	follow_renewables	60	follow_renewables	configs/scenarios/fase1/geo9_google_anticorr_folgada.yaml	2026-08-07T18:00:42-03:00	2026-08-07T18:00:43-03:00	1.27	1.13	0.11	37740	0	1	850195	36bfe40eed33c8b8cb491894acd6f63c05c13e0d7a15a6e6f7b9401246d94c6d
go-anticorr-folgada	follow_renewables	61	follow_renewables	configs/scenarios/fase1/geo9_google_anticorr_folgada.yaml	2026-08-07T18:00:42-03:00	2026-08-07T18:00:43-03:00	1.33	1.21	0.11	37968	0	1	850208	36bfe40eed33c8b8cb491894acd6f63c05c13e0d7a15a6e6f7b9401246d94c6d
go-anticorr-folgada	follow_renewables	62	follow_renewables	configs/scenarios/fase1/geo9_google_anticorr_folgada.yaml	2026-08-07T18:00:43-03:00	2026-08-07T18:00:44-03:00	1.30	1.20	0.10	37780	0	1	850242	36bfe40eed33c8b8cb491894acd6f63c05c13e0d7a15a6e6f7b9401246d94c6d
go-anticorr-folgada	follow_renewables	63	follow_renewables	configs/scenarios/fase1/geo9_google_anticorr_folgada.yaml	2026-08-07T18:00:43-03:00	2026-08-07T18:00:44-03:00	1.06	0.95	0.09	38124	0	1	850255	36bfe40eed33c8b8cb491894acd6f63c05c13e0d7a15a6e6f7b9401246d94c6d
go-anticorr-folgada	follow_renewables	64	follow_renewables	configs/scenarios/fase1/geo9_google_anticorr_folgada.yaml	2026-08-07T18:00:43-03:00	2026-08-07T18:00:44-03:00	1.29	1.19	0.09	37992	0	1	850268	36bfe40eed33c8b8cb491894acd6f63c05c13e0d7a15a6e6f7b9401246d94c6d
go-anticorr-folgada	follow_renewables	65	follow_renewables	configs/scenarios/fase1/geo9_google_anticorr_folgada.yaml	2026-08-07T18:00:43-03:00	2026-08-07T18:00:44-03:00	1.23	1.13	0.09	37820	0	1	850281	36bfe40eed33c8b8cb491894acd6f63c05c13e0d7a15a6e6f7b9401246d94c6d
go-anticorr-folgada	follow_renewables	66	follow_renewables	configs/scenarios/fase1/geo9_google_anticorr_folgada.yaml	2026-08-07T18:00:43-03:00	2026-08-07T18:00:44-03:00	1.26	1.16	0.08	37868	0	1	850294	36bfe40eed33c8b8cb491894acd6f63c05c13e0d7a15a6e6f7b9401246d94c6d
go-anticorr-folgada	follow_renewables	67	follow_renewables	configs/scenarios/fase1/geo9_google_anticorr_folgada.yaml	2026-08-07T18:00:43-03:00	2026-08-07T18:00:45-03:00	1.41	1.29	0.11	37696	0	1	850307	36bfe40eed33c8b8cb491894acd6f63c05c13e0d7a15a6e6f7b9401246d94c6d
go-anticorr-folgada	follow_renewables	68	follow_renewables	configs/scenarios/fase1/geo9_google_anticorr_folgada.yaml	2026-08-07T18:00:43-03:00	2026-08-07T18:00:45-03:00	1.37	1.24	0.11	37884	0	1	850320	36bfe40eed33c8b8cb491894acd6f63c05c13e0d7a15a6e6f7b9401246d94c6d
go-anticorr-folgada	follow_renewables	69	follow_renewables	configs/scenarios/fase1/geo9_google_anticorr_folgada.yaml	2026-08-07T18:00:43-03:00	2026-08-07T18:00:44-03:00	0.92	0.83	0.08	37744	0	1	850333	36bfe40eed33c8b8cb491894acd6f63c05c13e0d7a15a6e6f7b9401246d94c6d
go-anticorr-folgada	follow_renewables	70	follow_renewables	configs/scenarios/fase1/geo9_google_anticorr_folgada.yaml	2026-08-07T18:00:44-03:00	2026-08-07T18:00:45-03:00	1.33	1.21	0.10	37756	0	1	850356	36bfe40eed33c8b8cb491894acd6f63c05c13e0d7a15a6e6f7b9401246d94c6d
go-anticorr-folgada	follow_renewables	71	follow_renewables	configs/scenarios/fase1/geo9_google_anticorr_folgada.yaml	2026-08-07T18:00:44-03:00	2026-08-07T18:00:45-03:00	1.32	1.20	0.11	37816	0	1	850369	36bfe40eed33c8b8cb491894acd6f63c05c13e0d7a15a6e6f7b9401246d94c6d
go-anticorr-folgada	followme_s	52	followme_s	configs/scenarios/fase1/geo9_google_anticorr_folgada.yaml	2026-08-07T18:00:47-03:00	2026-08-07T18:00:52-03:00	4.51	4.34	0.16	49508	0	1	850713	36bfe40eed33c8b8cb491894acd6f63c05c13e0d7a15a6e6f7b9401246d94c6d
go-anticorr-folgada	followme_s	53	followme_s	configs/scenarios/fase1/geo9_google_anticorr_folgada.yaml	2026-08-07T18:00:48-03:00	2026-08-07T18:00:49-03:00	1.67	1.49	0.15	49020	0	1	850734	36bfe40eed33c8b8cb491894acd6f63c05c13e0d7a15a6e6f7b9401246d94c6d
go-anticorr-folgada	followme_s	54	followme_s	configs/scenarios/fase1/geo9_google_anticorr_folgada.yaml	2026-08-07T18:00:48-03:00	2026-08-07T18:00:51-03:00	3.54	3.37	0.15	50220	0	1	850747	36bfe40eed33c8b8cb491894acd6f63c05c13e0d7a15a6e6f7b9401246d94c6d
go-anticorr-folgada	followme_s	55	followme_s	configs/scenarios/fase1/geo9_google_anticorr_folgada.yaml	2026-08-07T18:00:48-03:00	2026-08-07T18:00:53-03:00	4.94	4.76	0.15	49064	0	1	850760	36bfe40eed33c8b8cb491894acd6f63c05c13e0d7a15a6e6f7b9401246d94c6d
go-anticorr-folgada	followme_s	56	followme_s	configs/scenarios/fase1/geo9_google_anticorr_folgada.yaml	2026-08-07T18:00:48-03:00	2026-08-07T18:00:50-03:00	1.81	1.65	0.14	49880	0	1	850781	36bfe40eed33c8b8cb491894acd6f63c05c13e0d7a15a6e6f7b9401246d94c6d
go-anticorr-folgada	followme_s	57	followme_s	configs/scenarios/fase1/geo9_google_anticorr_folgada.yaml	2026-08-07T18:00:48-03:00	2026-08-07T18:00:50-03:00	1.80	1.65	0.13	48952	0	1	850794	36bfe40eed33c8b8cb491894acd6f63c05c13e0d7a15a6e6f7b9401246d94c6d
go-anticorr-folgada	followme_s	58	followme_s	configs/scenarios/fase1/geo9_google_anticorr_folgada.yaml	2026-08-07T18:00:49-03:00	2026-08-07T18:00:51-03:00	2.10	1.94	0.15	49880	0	1	850808	36bfe40eed33c8b8cb491894acd6f63c05c13e0d7a15a6e6f7b9401246d94c6d
go-anticorr-folgada	followme_s	59	followme_s	configs/scenarios/fase1/geo9_google_anticorr_folgada.yaml	2026-08-07T18:00:49-03:00	2026-08-07T18:00:51-03:00	2.62	2.43	0.17	51144	0	1	850827	36bfe40eed33c8b8cb491894acd6f63c05c13e0d7a15a6e6f7b9401246d94c6d
go-anticorr-folgada	followme_s	60	followme_s	configs/scenarios/fase1/geo9_google_anticorr_folgada.yaml	2026-08-07T18:00:49-03:00	2026-08-07T18:00:52-03:00	2.41	2.23	0.16	50228	0	1	850845	36bfe40eed33c8b8cb491894acd6f63c05c13e0d7a15a6e6f7b9401246d94c6d
go-anticorr-folgada	followme_s	61	followme_s	configs/scenarios/fase1/geo9_google_anticorr_folgada.yaml	2026-08-07T18:00:50-03:00	2026-08-07T18:00:52-03:00	2.14	1.99	0.14	49668	0	1	850887	36bfe40eed33c8b8cb491894acd6f63c05c13e0d7a15a6e6f7b9401246d94c6d
go-anticorr-folgada	followme_s	62	followme_s	configs/scenarios/fase1/geo9_google_anticorr_folgada.yaml	2026-08-07T18:00:50-03:00	2026-08-07T18:00:52-03:00	1.77	1.59	0.16	49236	0	1	850900	36bfe40eed33c8b8cb491894acd6f63c05c13e0d7a15a6e6f7b9401246d94c6d
go-anticorr-folgada	followme_s	63	followme_s	configs/scenarios/fase1/geo9_google_anticorr_folgada.yaml	2026-08-07T18:00:51-03:00	2026-08-07T18:00:52-03:00	1.80	1.64	0.14	50312	0	1	850924	36bfe40eed33c8b8cb491894acd6f63c05c13e0d7a15a6e6f7b9401246d94c6d
go-anticorr-folgada	followme_s	64	followme_s	configs/scenarios/fase1/geo9_google_anticorr_folgada.yaml	2026-08-07T18:00:51-03:00	2026-08-07T18:00:56-03:00	5.13	4.97	0.14	50336	0	1	850947	36bfe40eed33c8b8cb491894acd6f63c05c13e0d7a15a6e6f7b9401246d94c6d
go-anticorr-folgada	followme_s	65	followme_s	configs/scenarios/fase1/geo9_google_anticorr_folgada.yaml	2026-08-07T18:00:51-03:00	2026-08-07T18:00:53-03:00	1.73	1.57	0.15	49188	0	1	850960	36bfe40eed33c8b8cb491894acd6f63c05c13e0d7a15a6e6f7b9401246d94c6d
go-anticorr-folgada	followme_s	66	followme_s	configs/scenarios/fase1/geo9_google_anticorr_folgada.yaml	2026-08-07T18:00:52-03:00	2026-08-07T18:00:56-03:00	4.29	4.14	0.15	50220	0	1	850983	36bfe40eed33c8b8cb491894acd6f63c05c13e0d7a15a6e6f7b9401246d94c6d
go-anticorr-folgada	followme_s	67	followme_s	configs/scenarios/fase1/geo9_google_anticorr_folgada.yaml	2026-08-07T18:00:52-03:00	2026-08-07T18:00:54-03:00	2.12	1.95	0.15	49956	0	1	850996	36bfe40eed33c8b8cb491894acd6f63c05c13e0d7a15a6e6f7b9401246d94c6d
go-anticorr-folgada	followme_s	68	followme_s	configs/scenarios/fase1/geo9_google_anticorr_folgada.yaml	2026-08-07T18:00:52-03:00	2026-08-07T18:00:54-03:00	2.20	2.01	0.15	48104	0	1	851009	36bfe40eed33c8b8cb491894acd6f63c05c13e0d7a15a6e6f7b9401246d94c6d
go-anticorr-folgada	followme_s	69	followme_s	configs/scenarios/fase1/geo9_google_anticorr_folgada.yaml	2026-08-07T18:00:52-03:00	2026-08-07T18:00:54-03:00	2.02	1.83	0.16	48368	0	1	851022	36bfe40eed33c8b8cb491894acd6f63c05c13e0d7a15a6e6f7b9401246d94c6d
go-anticorr-folgada	followme_s	70	followme_s	configs/scenarios/fase1/geo9_google_anticorr_folgada.yaml	2026-08-07T18:00:53-03:00	2026-08-07T18:00:54-03:00	1.77	1.62	0.14	48652	0	1	851045	36bfe40eed33c8b8cb491894acd6f63c05c13e0d7a15a6e6f7b9401246d94c6d
go-anticorr-folgada	followme_s	71	followme_s	configs/scenarios/fase1/geo9_google_anticorr_folgada.yaml	2026-08-07T18:00:53-03:00	2026-08-07T18:00:55-03:00	1.73	1.58	0.13	49040	0	1	851068	36bfe40eed33c8b8cb491894acd6f63c05c13e0d7a15a6e6f7b9401246d94c6d
go-anticorr-folgada	lowest_carbon_dc	52	none	configs/scenarios/fase1/geo9_google_anticorr_folgada.yaml	2026-08-07T18:00:38-03:00	2026-08-07T18:00:38-03:00	0.89	0.81	0.07	37788	0	1	849749	36bfe40eed33c8b8cb491894acd6f63c05c13e0d7a15a6e6f7b9401246d94c6d
go-anticorr-folgada	lowest_carbon_dc	53	none	configs/scenarios/fase1/geo9_google_anticorr_folgada.yaml	2026-08-07T18:00:38-03:00	2026-08-07T18:00:39-03:00	1.28	1.18	0.09	37824	0	1	849762	36bfe40eed33c8b8cb491894acd6f63c05c13e0d7a15a6e6f7b9401246d94c6d
go-anticorr-folgada	lowest_carbon_dc	54	none	configs/scenarios/fase1/geo9_google_anticorr_folgada.yaml	2026-08-07T18:00:38-03:00	2026-08-07T18:00:39-03:00	1.28	1.16	0.11	37820	0	1	849775	36bfe40eed33c8b8cb491894acd6f63c05c13e0d7a15a6e6f7b9401246d94c6d
go-anticorr-folgada	lowest_carbon_dc	55	none	configs/scenarios/fase1/geo9_google_anticorr_folgada.yaml	2026-08-07T18:00:38-03:00	2026-08-07T18:00:39-03:00	1.33	1.23	0.09	37756	0	1	849788	36bfe40eed33c8b8cb491894acd6f63c05c13e0d7a15a6e6f7b9401246d94c6d
go-anticorr-folgada	lowest_carbon_dc	56	none	configs/scenarios/fase1/geo9_google_anticorr_folgada.yaml	2026-08-07T18:00:38-03:00	2026-08-07T18:00:39-03:00	1.01	0.92	0.08	37780	0	1	849812	36bfe40eed33c8b8cb491894acd6f63c05c13e0d7a15a6e6f7b9401246d94c6d
go-anticorr-folgada	lowest_carbon_dc	57	none	configs/scenarios/fase1/geo9_google_anticorr_folgada.yaml	2026-08-07T18:00:38-03:00	2026-08-07T18:00:39-03:00	0.96	0.87	0.08	37760	0	1	849836	36bfe40eed33c8b8cb491894acd6f63c05c13e0d7a15a6e6f7b9401246d94c6d
go-anticorr-folgada	lowest_carbon_dc	58	none	configs/scenarios/fase1/geo9_google_anticorr_folgada.yaml	2026-08-07T18:00:39-03:00	2026-08-07T18:00:40-03:00	1.29	1.17	0.11	38140	0	1	849849	36bfe40eed33c8b8cb491894acd6f63c05c13e0d7a15a6e6f7b9401246d94c6d
go-anticorr-folgada	lowest_carbon_dc	59	none	configs/scenarios/fase1/geo9_google_anticorr_folgada.yaml	2026-08-07T18:00:39-03:00	2026-08-07T18:00:40-03:00	1.30	1.19	0.10	38060	0	1	849862	36bfe40eed33c8b8cb491894acd6f63c05c13e0d7a15a6e6f7b9401246d94c6d
go-anticorr-folgada	lowest_carbon_dc	60	none	configs/scenarios/fase1/geo9_google_anticorr_folgada.yaml	2026-08-07T18:00:39-03:00	2026-08-07T18:00:40-03:00	1.52	1.39	0.12	38076	0	1	849875	36bfe40eed33c8b8cb491894acd6f63c05c13e0d7a15a6e6f7b9401246d94c6d
go-anticorr-folgada	lowest_carbon_dc	61	none	configs/scenarios/fase1/geo9_google_anticorr_folgada.yaml	2026-08-07T18:00:39-03:00	2026-08-07T18:00:40-03:00	1.50	1.38	0.11	37860	0	1	849888	36bfe40eed33c8b8cb491894acd6f63c05c13e0d7a15a6e6f7b9401246d94c6d
go-anticorr-folgada	lowest_carbon_dc	62	none	configs/scenarios/fase1/geo9_google_anticorr_folgada.yaml	2026-08-07T18:00:39-03:00	2026-08-07T18:00:40-03:00	1.30	1.19	0.10	37908	0	1	849901	36bfe40eed33c8b8cb491894acd6f63c05c13e0d7a15a6e6f7b9401246d94c6d
go-anticorr-folgada	lowest_carbon_dc	63	none	configs/scenarios/fase1/geo9_google_anticorr_folgada.yaml	2026-08-07T18:00:39-03:00	2026-08-07T18:00:40-03:00	0.89	0.79	0.09	38312	0	1	849914	36bfe40eed33c8b8cb491894acd6f63c05c13e0d7a15a6e6f7b9401246d94c6d
go-anticorr-folgada	lowest_carbon_dc	64	none	configs/scenarios/fase1/geo9_google_anticorr_folgada.yaml	2026-08-07T18:00:39-03:00	2026-08-07T18:00:41-03:00	1.35	1.23	0.09	38200	0	1	849945	36bfe40eed33c8b8cb491894acd6f63c05c13e0d7a15a6e6f7b9401246d94c6d
go-anticorr-folgada	lowest_carbon_dc	65	none	configs/scenarios/fase1/geo9_google_anticorr_folgada.yaml	2026-08-07T18:00:39-03:00	2026-08-07T18:00:41-03:00	1.18	1.06	0.10	37724	0	1	849969	36bfe40eed33c8b8cb491894acd6f63c05c13e0d7a15a6e6f7b9401246d94c6d
go-anticorr-folgada	lowest_carbon_dc	66	none	configs/scenarios/fase1/geo9_google_anticorr_folgada.yaml	2026-08-07T18:00:40-03:00	2026-08-07T18:00:41-03:00	1.32	1.21	0.09	37640	0	1	849983	36bfe40eed33c8b8cb491894acd6f63c05c13e0d7a15a6e6f7b9401246d94c6d
go-anticorr-folgada	lowest_carbon_dc	67	none	configs/scenarios/fase1/geo9_google_anticorr_folgada.yaml	2026-08-07T18:00:40-03:00	2026-08-07T18:00:41-03:00	1.39	1.28	0.10	37836	0	1	850005	36bfe40eed33c8b8cb491894acd6f63c05c13e0d7a15a6e6f7b9401246d94c6d
go-anticorr-folgada	lowest_carbon_dc	68	none	configs/scenarios/fase1/geo9_google_anticorr_folgada.yaml	2026-08-07T18:00:40-03:00	2026-08-07T18:00:41-03:00	1.29	1.18	0.10	37836	0	1	850018	36bfe40eed33c8b8cb491894acd6f63c05c13e0d7a15a6e6f7b9401246d94c6d
go-anticorr-folgada	lowest_carbon_dc	69	none	configs/scenarios/fase1/geo9_google_anticorr_folgada.yaml	2026-08-07T18:00:40-03:00	2026-08-07T18:00:42-03:00	1.28	1.18	0.09	37856	0	1	850031	36bfe40eed33c8b8cb491894acd6f63c05c13e0d7a15a6e6f7b9401246d94c6d
go-anticorr-folgada	lowest_carbon_dc	70	none	configs/scenarios/fase1/geo9_google_anticorr_folgada.yaml	2026-08-07T18:00:40-03:00	2026-08-07T18:00:42-03:00	1.35	1.26	0.08	37780	0	1	850044	36bfe40eed33c8b8cb491894acd6f63c05c13e0d7a15a6e6f7b9401246d94c6d
go-anticorr-folgada	lowest_carbon_dc	71	none	configs/scenarios/fase1/geo9_google_anticorr_folgada.yaml	2026-08-07T18:00:40-03:00	2026-08-07T18:00:42-03:00	1.21	1.10	0.10	37628	0	1	850058	36bfe40eed33c8b8cb491894acd6f63c05c13e0d7a15a6e6f7b9401246d94c6d
go-anticorr-folgada	round_robin	52	none	configs/scenarios/fase1/geo9_google_anticorr_folgada.yaml	2026-08-07T18:00:28-03:00	2026-08-07T18:00:29-03:00	1.33	1.20	0.11	37944	0	1	848761	36bfe40eed33c8b8cb491894acd6f63c05c13e0d7a15a6e6f7b9401246d94c6d
go-anticorr-folgada	round_robin	53	none	configs/scenarios/fase1/geo9_google_anticorr_folgada.yaml	2026-08-07T18:00:28-03:00	2026-08-07T18:00:29-03:00	1.61	1.46	0.12	37672	0	1	848785	36bfe40eed33c8b8cb491894acd6f63c05c13e0d7a15a6e6f7b9401246d94c6d
go-anticorr-folgada	round_robin	54	none	configs/scenarios/fase1/geo9_google_anticorr_folgada.yaml	2026-08-07T18:00:28-03:00	2026-08-07T18:00:29-03:00	0.99	0.87	0.07	37824	0	1	848798	36bfe40eed33c8b8cb491894acd6f63c05c13e0d7a15a6e6f7b9401246d94c6d
go-anticorr-folgada	round_robin	55	none	configs/scenarios/fase1/geo9_google_anticorr_folgada.yaml	2026-08-07T18:00:28-03:00	2026-08-07T18:00:30-03:00	1.52	1.38	0.12	37968	0	1	848828	36bfe40eed33c8b8cb491894acd6f63c05c13e0d7a15a6e6f7b9401246d94c6d
go-anticorr-folgada	round_robin	56	none	configs/scenarios/fase1/geo9_google_anticorr_folgada.yaml	2026-08-07T18:00:28-03:00	2026-08-07T18:00:30-03:00	1.30	1.18	0.10	37868	0	1	848832	36bfe40eed33c8b8cb491894acd6f63c05c13e0d7a15a6e6f7b9401246d94c6d
go-anticorr-folgada	round_robin	57	none	configs/scenarios/fase1/geo9_google_anticorr_folgada.yaml	2026-08-07T18:00:28-03:00	2026-08-07T18:00:29-03:00	1.19	1.07	0.11	37784	0	1	848848	36bfe40eed33c8b8cb491894acd6f63c05c13e0d7a15a6e6f7b9401246d94c6d
go-anticorr-folgada	round_robin	58	none	configs/scenarios/fase1/geo9_google_anticorr_folgada.yaml	2026-08-07T18:00:29-03:00	2026-08-07T18:00:30-03:00	1.32	1.21	0.09	37748	0	1	848861	36bfe40eed33c8b8cb491894acd6f63c05c13e0d7a15a6e6f7b9401246d94c6d
go-anticorr-folgada	round_robin	59	none	configs/scenarios/fase1/geo9_google_anticorr_folgada.yaml	2026-08-07T18:00:29-03:00	2026-08-07T18:00:30-03:00	1.36	1.24	0.10	37852	0	1	848874	36bfe40eed33c8b8cb491894acd6f63c05c13e0d7a15a6e6f7b9401246d94c6d
go-anticorr-folgada	round_robin	60	none	configs/scenarios/fase1/geo9_google_anticorr_folgada.yaml	2026-08-07T18:00:29-03:00	2026-08-07T18:00:31-03:00	1.49	1.38	0.10	37828	0	1	848918	36bfe40eed33c8b8cb491894acd6f63c05c13e0d7a15a6e6f7b9401246d94c6d
go-anticorr-folgada	round_robin	61	none	configs/scenarios/fase1/geo9_google_anticorr_folgada.yaml	2026-08-07T18:00:29-03:00	2026-08-07T18:00:31-03:00	1.40	1.30	0.09	37772	0	1	848931	36bfe40eed33c8b8cb491894acd6f63c05c13e0d7a15a6e6f7b9401246d94c6d
go-anticorr-folgada	round_robin	62	none	configs/scenarios/fase1/geo9_google_anticorr_folgada.yaml	2026-08-07T18:00:29-03:00	2026-08-07T18:00:31-03:00	1.27	1.16	0.10	37908	0	1	848944	36bfe40eed33c8b8cb491894acd6f63c05c13e0d7a15a6e6f7b9401246d94c6d
go-anticorr-folgada	round_robin	63	none	configs/scenarios/fase1/geo9_google_anticorr_folgada.yaml	2026-08-07T18:00:30-03:00	2026-08-07T18:00:31-03:00	1.41	1.32	0.09	37844	0	1	848957	36bfe40eed33c8b8cb491894acd6f63c05c13e0d7a15a6e6f7b9401246d94c6d
go-anticorr-folgada	round_robin	64	none	configs/scenarios/fase1/geo9_google_anticorr_folgada.yaml	2026-08-07T18:00:30-03:00	2026-08-07T18:00:31-03:00	1.39	1.28	0.11	37812	0	1	848970	36bfe40eed33c8b8cb491894acd6f63c05c13e0d7a15a6e6f7b9401246d94c6d
go-anticorr-folgada	round_robin	65	none	configs/scenarios/fase1/geo9_google_anticorr_folgada.yaml	2026-08-07T18:00:30-03:00	2026-08-07T18:00:31-03:00	1.44	1.32	0.11	37844	0	1	848993	36bfe40eed33c8b8cb491894acd6f63c05c13e0d7a15a6e6f7b9401246d94c6d
go-anticorr-folgada	round_robin	66	none	configs/scenarios/fase1/geo9_google_anticorr_folgada.yaml	2026-08-07T18:00:30-03:00	2026-08-07T18:00:32-03:00	1.34	1.21	0.11	37824	0	1	849016	36bfe40eed33c8b8cb491894acd6f63c05c13e0d7a15a6e6f7b9401246d94c6d
go-anticorr-folgada	round_robin	67	none	configs/scenarios/fase1/geo9_google_anticorr_folgada.yaml	2026-08-07T18:00:31-03:00	2026-08-07T18:00:32-03:00	1.32	1.19	0.10	37968	0	1	849029	36bfe40eed33c8b8cb491894acd6f63c05c13e0d7a15a6e6f7b9401246d94c6d
go-anticorr-folgada	round_robin	68	none	configs/scenarios/fase1/geo9_google_anticorr_folgada.yaml	2026-08-07T18:00:31-03:00	2026-08-07T18:00:32-03:00	1.32	1.22	0.09	37804	0	1	849042	36bfe40eed33c8b8cb491894acd6f63c05c13e0d7a15a6e6f7b9401246d94c6d
go-anticorr-folgada	round_robin	69	none	configs/scenarios/fase1/geo9_google_anticorr_folgada.yaml	2026-08-07T18:00:31-03:00	2026-08-07T18:00:32-03:00	1.11	1.03	0.07	37876	0	1	849055	36bfe40eed33c8b8cb491894acd6f63c05c13e0d7a15a6e6f7b9401246d94c6d
go-anticorr-folgada	round_robin	70	none	configs/scenarios/fase1/geo9_google_anticorr_folgada.yaml	2026-08-07T18:00:31-03:00	2026-08-07T18:00:32-03:00	1.44	1.32	0.11	37812	0	1	849068	36bfe40eed33c8b8cb491894acd6f63c05c13e0d7a15a6e6f7b9401246d94c6d
go-anticorr-folgada	round_robin	71	none	configs/scenarios/fase1/geo9_google_anticorr_folgada.yaml	2026-08-07T18:00:31-03:00	2026-08-07T18:00:32-03:00	1.28	1.17	0.10	37864	0	1	849081	36bfe40eed33c8b8cb491894acd6f63c05c13e0d7a15a6e6f7b9401246d94c6d
go-anticorr-folgada	worst_fit	52	none	configs/scenarios/fase1/geo9_google_anticorr_folgada.yaml	2026-08-07T18:00:24-03:00	2026-08-07T18:00:25-03:00	0.85	0.76	0.09	37796	0	1	848430	36bfe40eed33c8b8cb491894acd6f63c05c13e0d7a15a6e6f7b9401246d94c6d
go-anticorr-folgada	worst_fit	53	none	configs/scenarios/fase1/geo9_google_anticorr_folgada.yaml	2026-08-07T18:00:24-03:00	2026-08-07T18:00:26-03:00	1.28	1.15	0.10	37740	0	1	848472	36bfe40eed33c8b8cb491894acd6f63c05c13e0d7a15a6e6f7b9401246d94c6d
go-anticorr-folgada	worst_fit	54	none	configs/scenarios/fase1/geo9_google_anticorr_folgada.yaml	2026-08-07T18:00:25-03:00	2026-08-07T18:00:26-03:00	1.08	1.01	0.07	37764	0	1	848485	36bfe40eed33c8b8cb491894acd6f63c05c13e0d7a15a6e6f7b9401246d94c6d
go-anticorr-folgada	worst_fit	55	none	configs/scenarios/fase1/geo9_google_anticorr_folgada.yaml	2026-08-07T18:00:25-03:00	2026-08-07T18:00:26-03:00	1.22	1.11	0.10	37908	0	1	848498	36bfe40eed33c8b8cb491894acd6f63c05c13e0d7a15a6e6f7b9401246d94c6d
go-anticorr-folgada	worst_fit	56	none	configs/scenarios/fase1/geo9_google_anticorr_folgada.yaml	2026-08-07T18:00:25-03:00	2026-08-07T18:00:26-03:00	0.86	0.79	0.07	37856	0	1	848511	36bfe40eed33c8b8cb491894acd6f63c05c13e0d7a15a6e6f7b9401246d94c6d
go-anticorr-folgada	worst_fit	57	none	configs/scenarios/fase1/geo9_google_anticorr_folgada.yaml	2026-08-07T18:00:25-03:00	2026-08-07T18:00:26-03:00	1.26	1.16	0.09	37824	0	1	848524	36bfe40eed33c8b8cb491894acd6f63c05c13e0d7a15a6e6f7b9401246d94c6d
go-anticorr-folgada	worst_fit	58	none	configs/scenarios/fase1/geo9_google_anticorr_folgada.yaml	2026-08-07T18:00:25-03:00	2026-08-07T18:00:26-03:00	1.24	1.12	0.09	37820	0	1	848538	36bfe40eed33c8b8cb491894acd6f63c05c13e0d7a15a6e6f7b9401246d94c6d
go-anticorr-folgada	worst_fit	59	none	configs/scenarios/fase1/geo9_google_anticorr_folgada.yaml	2026-08-07T18:00:25-03:00	2026-08-07T18:00:26-03:00	1.28	1.18	0.10	37896	0	1	848561	36bfe40eed33c8b8cb491894acd6f63c05c13e0d7a15a6e6f7b9401246d94c6d
go-anticorr-folgada	worst_fit	60	none	configs/scenarios/fase1/geo9_google_anticorr_folgada.yaml	2026-08-07T18:00:26-03:00	2026-08-07T18:00:27-03:00	1.22	1.10	0.09	37848	0	1	848589	36bfe40eed33c8b8cb491894acd6f63c05c13e0d7a15a6e6f7b9401246d94c6d
go-anticorr-folgada	worst_fit	61	none	configs/scenarios/fase1/geo9_google_anticorr_folgada.yaml	2026-08-07T18:00:26-03:00	2026-08-07T18:00:27-03:00	1.27	1.17	0.09	37688	0	1	848591	36bfe40eed33c8b8cb491894acd6f63c05c13e0d7a15a6e6f7b9401246d94c6d
go-anticorr-folgada	worst_fit	62	none	configs/scenarios/fase1/geo9_google_anticorr_folgada.yaml	2026-08-07T18:00:26-03:00	2026-08-07T18:00:27-03:00	1.28	1.16	0.10	37744	0	1	848593	36bfe40eed33c8b8cb491894acd6f63c05c13e0d7a15a6e6f7b9401246d94c6d
go-anticorr-folgada	worst_fit	63	none	configs/scenarios/fase1/geo9_google_anticorr_folgada.yaml	2026-08-07T18:00:26-03:00	2026-08-07T18:00:27-03:00	1.31	1.19	0.10	37720	0	1	848623	36bfe40eed33c8b8cb491894acd6f63c05c13e0d7a15a6e6f7b9401246d94c6d
go-anticorr-folgada	worst_fit	64	none	configs/scenarios/fase1/geo9_google_anticorr_folgada.yaml	2026-08-07T18:00:26-03:00	2026-08-07T18:00:27-03:00	0.99	0.89	0.09	37848	0	1	848646	36bfe40eed33c8b8cb491894acd6f63c05c13e0d7a15a6e6f7b9401246d94c6d
go-anticorr-folgada	worst_fit	65	none	configs/scenarios/fase1/geo9_google_anticorr_folgada.yaml	2026-08-07T18:00:26-03:00	2026-08-07T18:00:28-03:00	1.19	1.08	0.10	37824	0	1	848659	36bfe40eed33c8b8cb491894acd6f63c05c13e0d7a15a6e6f7b9401246d94c6d
go-anticorr-folgada	worst_fit	66	none	configs/scenarios/fase1/geo9_google_anticorr_folgada.yaml	2026-08-07T18:00:27-03:00	2026-08-07T18:00:28-03:00	1.31	1.18	0.11	37940	0	1	848672	36bfe40eed33c8b8cb491894acd6f63c05c13e0d7a15a6e6f7b9401246d94c6d
go-anticorr-folgada	worst_fit	67	none	configs/scenarios/fase1/geo9_google_anticorr_folgada.yaml	2026-08-07T18:00:27-03:00	2026-08-07T18:00:28-03:00	1.23	1.11	0.10	37876	0	1	848685	36bfe40eed33c8b8cb491894acd6f63c05c13e0d7a15a6e6f7b9401246d94c6d
go-anticorr-folgada	worst_fit	68	none	configs/scenarios/fase1/geo9_google_anticorr_folgada.yaml	2026-08-07T18:00:27-03:00	2026-08-07T18:00:28-03:00	1.23	1.12	0.09	37908	0	1	848698	36bfe40eed33c8b8cb491894acd6f63c05c13e0d7a15a6e6f7b9401246d94c6d
go-anticorr-folgada	worst_fit	69	none	configs/scenarios/fase1/geo9_google_anticorr_folgada.yaml	2026-08-07T18:00:27-03:00	2026-08-07T18:00:28-03:00	1.27	1.16	0.11	37812	0	1	848711	36bfe40eed33c8b8cb491894acd6f63c05c13e0d7a15a6e6f7b9401246d94c6d
go-anticorr-folgada	worst_fit	70	none	configs/scenarios/fase1/geo9_google_anticorr_folgada.yaml	2026-08-07T18:00:27-03:00	2026-08-07T18:00:28-03:00	0.92	0.83	0.08	37864	0	1	848735	36bfe40eed33c8b8cb491894acd6f63c05c13e0d7a15a6e6f7b9401246d94c6d
go-anticorr-folgada	worst_fit	71	none	configs/scenarios/fase1/geo9_google_anticorr_folgada.yaml	2026-08-07T18:00:27-03:00	2026-08-07T18:00:29-03:00	1.33	1.22	0.10	37796	0	1	848748	36bfe40eed33c8b8cb491894acd6f63c05c13e0d7a15a6e6f7b9401246d94c6d
go-anticorr-folgada	wsnb	52	none	configs/scenarios/fase1/geo9_google_anticorr_folgada.yaml	2026-08-07T18:00:44-03:00	2026-08-07T18:00:46-03:00	1.50	1.37	0.10	37656	0	1	850382	36bfe40eed33c8b8cb491894acd6f63c05c13e0d7a15a6e6f7b9401246d94c6d
go-anticorr-folgada	wsnb	53	none	configs/scenarios/fase1/geo9_google_anticorr_folgada.yaml	2026-08-07T18:00:44-03:00	2026-08-07T18:00:46-03:00	1.31	1.20	0.10	37804	0	1	850406	36bfe40eed33c8b8cb491894acd6f63c05c13e0d7a15a6e6f7b9401246d94c6d
go-anticorr-folgada	wsnb	54	none	configs/scenarios/fase1/geo9_google_anticorr_folgada.yaml	2026-08-07T18:00:44-03:00	2026-08-07T18:00:46-03:00	1.46	1.35	0.09	37904	0	1	850437	36bfe40eed33c8b8cb491894acd6f63c05c13e0d7a15a6e6f7b9401246d94c6d
go-anticorr-folgada	wsnb	55	none	configs/scenarios/fase1/geo9_google_anticorr_folgada.yaml	2026-08-07T18:00:44-03:00	2026-08-07T18:00:46-03:00	1.26	1.13	0.11	37756	0	1	850451	36bfe40eed33c8b8cb491894acd6f63c05c13e0d7a15a6e6f7b9401246d94c6d
go-anticorr-folgada	wsnb	56	none	configs/scenarios/fase1/geo9_google_anticorr_folgada.yaml	2026-08-07T18:00:45-03:00	2026-08-07T18:00:46-03:00	1.27	1.16	0.10	37788	0	1	850474	36bfe40eed33c8b8cb491894acd6f63c05c13e0d7a15a6e6f7b9401246d94c6d
go-anticorr-folgada	wsnb	57	none	configs/scenarios/fase1/geo9_google_anticorr_folgada.yaml	2026-08-07T18:00:45-03:00	2026-08-07T18:00:46-03:00	1.36	1.25	0.10	37940	0	1	850487	36bfe40eed33c8b8cb491894acd6f63c05c13e0d7a15a6e6f7b9401246d94c6d
go-anticorr-folgada	wsnb	58	none	configs/scenarios/fase1/geo9_google_anticorr_folgada.yaml	2026-08-07T18:00:45-03:00	2026-08-07T18:00:46-03:00	1.32	1.21	0.10	37772	0	1	850500	36bfe40eed33c8b8cb491894acd6f63c05c13e0d7a15a6e6f7b9401246d94c6d
go-anticorr-folgada	wsnb	59	none	configs/scenarios/fase1/geo9_google_anticorr_folgada.yaml	2026-08-07T18:00:45-03:00	2026-08-07T18:00:47-03:00	1.33	1.21	0.11	37780	0	1	850513	36bfe40eed33c8b8cb491894acd6f63c05c13e0d7a15a6e6f7b9401246d94c6d
go-anticorr-folgada	wsnb	60	none	configs/scenarios/fase1/geo9_google_anticorr_folgada.yaml	2026-08-07T18:00:46-03:00	2026-08-07T18:00:47-03:00	1.38	1.25	0.12	37840	0	1	850537	36bfe40eed33c8b8cb491894acd6f63c05c13e0d7a15a6e6f7b9401246d94c6d
go-anticorr-folgada	wsnb	61	none	configs/scenarios/fase1/geo9_google_anticorr_folgada.yaml	2026-08-07T18:00:46-03:00	2026-08-07T18:00:47-03:00	1.39	1.27	0.09	37856	0	1	850550	36bfe40eed33c8b8cb491894acd6f63c05c13e0d7a15a6e6f7b9401246d94c6d
go-anticorr-folgada	wsnb	62	none	configs/scenarios/fase1/geo9_google_anticorr_folgada.yaml	2026-08-07T18:00:46-03:00	2026-08-07T18:00:47-03:00	1.45	1.33	0.10	37888	0	1	850563	36bfe40eed33c8b8cb491894acd6f63c05c13e0d7a15a6e6f7b9401246d94c6d
go-anticorr-folgada	wsnb	63	none	configs/scenarios/fase1/geo9_google_anticorr_folgada.yaml	2026-08-07T18:00:46-03:00	2026-08-07T18:00:47-03:00	1.43	1.32	0.10	37968	0	1	850576	36bfe40eed33c8b8cb491894acd6f63c05c13e0d7a15a6e6f7b9401246d94c6d
go-anticorr-folgada	wsnb	64	none	configs/scenarios/fase1/geo9_google_anticorr_folgada.yaml	2026-08-07T18:00:46-03:00	2026-08-07T18:00:47-03:00	1.42	1.32	0.09	37844	0	1	850589	36bfe40eed33c8b8cb491894acd6f63c05c13e0d7a15a6e6f7b9401246d94c6d
go-anticorr-folgada	wsnb	65	none	configs/scenarios/fase1/geo9_google_anticorr_folgada.yaml	2026-08-07T18:00:46-03:00	2026-08-07T18:00:48-03:00	1.50	1.38	0.11	37800	0	1	850602	36bfe40eed33c8b8cb491894acd6f63c05c13e0d7a15a6e6f7b9401246d94c6d
go-anticorr-folgada	wsnb	66	none	configs/scenarios/fase1/geo9_google_anticorr_folgada.yaml	2026-08-07T18:00:46-03:00	2026-08-07T18:00:48-03:00	1.39	1.29	0.08	37824	0	1	850625	36bfe40eed33c8b8cb491894acd6f63c05c13e0d7a15a6e6f7b9401246d94c6d
go-anticorr-folgada	wsnb	67	none	configs/scenarios/fase1/geo9_google_anticorr_folgada.yaml	2026-08-07T18:00:47-03:00	2026-08-07T18:00:48-03:00	1.15	1.05	0.09	37820	0	1	850648	36bfe40eed33c8b8cb491894acd6f63c05c13e0d7a15a6e6f7b9401246d94c6d
go-anticorr-folgada	wsnb	68	none	configs/scenarios/fase1/geo9_google_anticorr_folgada.yaml	2026-08-07T18:00:47-03:00	2026-08-07T18:00:48-03:00	1.33	1.21	0.10	37824	0	1	850661	36bfe40eed33c8b8cb491894acd6f63c05c13e0d7a15a6e6f7b9401246d94c6d
go-anticorr-folgada	wsnb	69	none	configs/scenarios/fase1/geo9_google_anticorr_folgada.yaml	2026-08-07T18:00:47-03:00	2026-08-07T18:00:48-03:00	1.38	1.28	0.09	37784	0	1	850674	36bfe40eed33c8b8cb491894acd6f63c05c13e0d7a15a6e6f7b9401246d94c6d
go-anticorr-folgada	wsnb	70	none	configs/scenarios/fase1/geo9_google_anticorr_folgada.yaml	2026-08-07T18:00:47-03:00	2026-08-07T18:00:49-03:00	1.47	1.34	0.11	37772	0	1	850687	36bfe40eed33c8b8cb491894acd6f63c05c13e0d7a15a6e6f7b9401246d94c6d
go-anticorr-folgada	wsnb	71	none	configs/scenarios/fase1/geo9_google_anticorr_folgada.yaml	2026-08-07T18:00:47-03:00	2026-08-07T18:00:49-03:00	1.31	1.20	0.10	37968	0	1	850700	36bfe40eed33c8b8cb491894acd6f63c05c13e0d7a15a6e6f7b9401246d94c6d
go-flat-alta	best_fit	52	none	configs/scenarios/fase1/geo9_google_flat_alta.yaml	2026-08-07T17:42:41-03:00	2026-08-07T17:43:09-03:00	27.38	26.97	0.37	95472	0	1	822916	36bfe40eed33c8b8cb491894acd6f63c05c13e0d7a15a6e6f7b9401246d94c6d
go-flat-alta	best_fit	53	none	configs/scenarios/fase1/geo9_google_flat_alta.yaml	2026-08-07T17:42:45-03:00	2026-08-07T17:43:05-03:00	20.76	20.43	0.30	94520	0	1	823000	36bfe40eed33c8b8cb491894acd6f63c05c13e0d7a15a6e6f7b9401246d94c6d
go-flat-alta	best_fit	54	none	configs/scenarios/fase1/geo9_google_flat_alta.yaml	2026-08-07T17:42:46-03:00	2026-08-07T17:43:10-03:00	24.55	24.10	0.36	96580	0	1	823064	36bfe40eed33c8b8cb491894acd6f63c05c13e0d7a15a6e6f7b9401246d94c6d
go-flat-alta	best_fit	55	none	configs/scenarios/fase1/geo9_google_flat_alta.yaml	2026-08-07T17:42:48-03:00	2026-08-07T17:43:01-03:00	12.41	12.09	0.28	94064	0	1	823110	36bfe40eed33c8b8cb491894acd6f63c05c13e0d7a15a6e6f7b9401246d94c6d
go-flat-alta	best_fit	56	none	configs/scenarios/fase1/geo9_google_flat_alta.yaml	2026-08-07T17:42:51-03:00	2026-08-07T17:43:18-03:00	27.53	27.14	0.36	93700	0	1	823163	36bfe40eed33c8b8cb491894acd6f63c05c13e0d7a15a6e6f7b9401246d94c6d
go-flat-alta	best_fit	57	none	configs/scenarios/fase1/geo9_google_flat_alta.yaml	2026-08-07T17:42:51-03:00	2026-08-07T17:43:05-03:00	14.12	13.82	0.28	94596	0	1	823176	36bfe40eed33c8b8cb491894acd6f63c05c13e0d7a15a6e6f7b9401246d94c6d
go-flat-alta	best_fit	58	none	configs/scenarios/fase1/geo9_google_flat_alta.yaml	2026-08-07T17:43:01-03:00	2026-08-07T17:43:27-03:00	25.73	25.30	0.39	94968	0	1	823417	36bfe40eed33c8b8cb491894acd6f63c05c13e0d7a15a6e6f7b9401246d94c6d
go-flat-alta	best_fit	59	none	configs/scenarios/fase1/geo9_google_flat_alta.yaml	2026-08-07T17:43:05-03:00	2026-08-07T17:43:27-03:00	22.22	21.82	0.33	95704	0	1	823494	36bfe40eed33c8b8cb491894acd6f63c05c13e0d7a15a6e6f7b9401246d94c6d
go-flat-alta	best_fit	60	none	configs/scenarios/fase1/geo9_google_flat_alta.yaml	2026-08-07T17:43:05-03:00	2026-08-07T17:43:34-03:00	28.15	27.54	0.36	94064	0	1	823525	36bfe40eed33c8b8cb491894acd6f63c05c13e0d7a15a6e6f7b9401246d94c6d
go-flat-alta	best_fit	61	none	configs/scenarios/fase1/geo9_google_flat_alta.yaml	2026-08-07T17:43:09-03:00	2026-08-07T17:43:38-03:00	29.15	28.66	0.40	97096	0	1	823613	36bfe40eed33c8b8cb491894acd6f63c05c13e0d7a15a6e6f7b9401246d94c6d
go-flat-alta	best_fit	62	none	configs/scenarios/fase1/geo9_google_flat_alta.yaml	2026-08-07T17:43:10-03:00	2026-08-07T17:43:38-03:00	27.49	27.02	0.38	96628	0	1	823666	36bfe40eed33c8b8cb491894acd6f63c05c13e0d7a15a6e6f7b9401246d94c6d
go-flat-alta	best_fit	63	none	configs/scenarios/fase1/geo9_google_flat_alta.yaml	2026-08-07T17:43:18-03:00	2026-08-07T17:43:46-03:00	28.19	27.76	0.36	95664	0	1	823860	36bfe40eed33c8b8cb491894acd6f63c05c13e0d7a15a6e6f7b9401246d94c6d
go-flat-alta	best_fit	64	none	configs/scenarios/fase1/geo9_google_flat_alta.yaml	2026-08-07T17:43:27-03:00	2026-08-07T17:43:50-03:00	23.52	23.15	0.34	92888	0	1	824059	36bfe40eed33c8b8cb491894acd6f63c05c13e0d7a15a6e6f7b9401246d94c6d
go-flat-alta	best_fit	65	none	configs/scenarios/fase1/geo9_google_flat_alta.yaml	2026-08-07T17:43:27-03:00	2026-08-07T17:43:56-03:00	28.57	28.15	0.33	96520	0	1	824072	36bfe40eed33c8b8cb491894acd6f63c05c13e0d7a15a6e6f7b9401246d94c6d
go-flat-alta	best_fit	66	none	configs/scenarios/fase1/geo9_google_flat_alta.yaml	2026-08-07T17:43:34-03:00	2026-08-07T17:43:56-03:00	22.09	21.70	0.34	96176	0	1	824213	36bfe40eed33c8b8cb491894acd6f63c05c13e0d7a15a6e6f7b9401246d94c6d
go-flat-alta	best_fit	67	none	configs/scenarios/fase1/geo9_google_flat_alta.yaml	2026-08-07T17:43:38-03:00	2026-08-07T17:44:03-03:00	25.60	25.20	0.33	93788	0	1	824316	36bfe40eed33c8b8cb491894acd6f63c05c13e0d7a15a6e6f7b9401246d94c6d
go-flat-alta	best_fit	68	none	configs/scenarios/fase1/geo9_google_flat_alta.yaml	2026-08-07T17:43:38-03:00	2026-08-07T17:44:00-03:00	21.65	21.15	0.43	96260	0	1	824330	36bfe40eed33c8b8cb491894acd6f63c05c13e0d7a15a6e6f7b9401246d94c6d
go-flat-alta	best_fit	69	none	configs/scenarios/fase1/geo9_google_flat_alta.yaml	2026-08-07T17:43:46-03:00	2026-08-07T17:44:10-03:00	23.73	23.31	0.35	93964	0	1	824507	36bfe40eed33c8b8cb491894acd6f63c05c13e0d7a15a6e6f7b9401246d94c6d
go-flat-alta	best_fit	70	none	configs/scenarios/fase1/geo9_google_flat_alta.yaml	2026-08-07T17:43:50-03:00	2026-08-07T17:44:17-03:00	26.98	26.31	0.57	92920	0	1	824592	36bfe40eed33c8b8cb491894acd6f63c05c13e0d7a15a6e6f7b9401246d94c6d
go-flat-alta	best_fit	71	none	configs/scenarios/fase1/geo9_google_flat_alta.yaml	2026-08-07T17:43:56-03:00	2026-08-07T17:44:22-03:00	26.57	26.21	0.34	93752	0	1	824722	36bfe40eed33c8b8cb491894acd6f63c05c13e0d7a15a6e6f7b9401246d94c6d
go-flat-alta	bfd	52	none	configs/scenarios/fase1/geo9_google_flat_alta.yaml	2026-08-07T17:46:56-03:00	2026-08-07T17:47:15-03:00	18.97	18.57	0.33	82028	0	1	829380	36bfe40eed33c8b8cb491894acd6f63c05c13e0d7a15a6e6f7b9401246d94c6d
go-flat-alta	bfd	53	none	configs/scenarios/fase1/geo9_google_flat_alta.yaml	2026-08-07T17:46:58-03:00	2026-08-07T17:47:14-03:00	15.55	15.20	0.29	81776	0	1	829425	36bfe40eed33c8b8cb491894acd6f63c05c13e0d7a15a6e6f7b9401246d94c6d
go-flat-alta	bfd	54	none	configs/scenarios/fase1/geo9_google_flat_alta.yaml	2026-08-07T17:46:58-03:00	2026-08-07T17:47:07-03:00	9.16	8.83	0.29	88324	0	1	829438	36bfe40eed33c8b8cb491894acd6f63c05c13e0d7a15a6e6f7b9401246d94c6d
go-flat-alta	bfd	55	none	configs/scenarios/fase1/geo9_google_flat_alta.yaml	2026-08-07T17:47:01-03:00	2026-08-07T17:47:22-03:00	20.83	20.42	0.36	82440	0	1	829524	36bfe40eed33c8b8cb491894acd6f63c05c13e0d7a15a6e6f7b9401246d94c6d
go-flat-alta	bfd	56	none	configs/scenarios/fase1/geo9_google_flat_alta.yaml	2026-08-07T17:47:07-03:00	2026-08-07T17:47:25-03:00	17.94	17.56	0.32	88732	0	1	829679	36bfe40eed33c8b8cb491894acd6f63c05c13e0d7a15a6e6f7b9401246d94c6d
go-flat-alta	bfd	57	none	configs/scenarios/fase1/geo9_google_flat_alta.yaml	2026-08-07T17:47:12-03:00	2026-08-07T17:47:24-03:00	12.79	12.50	0.27	88264	0	1	829781	36bfe40eed33c8b8cb491894acd6f63c05c13e0d7a15a6e6f7b9401246d94c6d
go-flat-alta	bfd	58	none	configs/scenarios/fase1/geo9_google_flat_alta.yaml	2026-08-07T17:47:12-03:00	2026-08-07T17:47:34-03:00	21.84	21.40	0.38	87368	0	1	829798	36bfe40eed33c8b8cb491894acd6f63c05c13e0d7a15a6e6f7b9401246d94c6d
go-flat-alta	bfd	59	none	configs/scenarios/fase1/geo9_google_flat_alta.yaml	2026-08-07T17:47:12-03:00	2026-08-07T17:47:31-03:00	18.72	18.37	0.31	87124	0	1	829807	36bfe40eed33c8b8cb491894acd6f63c05c13e0d7a15a6e6f7b9401246d94c6d
go-flat-alta	bfd	60	none	configs/scenarios/fase1/geo9_google_flat_alta.yaml	2026-08-07T17:47:13-03:00	2026-08-07T17:47:24-03:00	10.27	9.95	0.30	87028	0	1	829840	36bfe40eed33c8b8cb491894acd6f63c05c13e0d7a15a6e6f7b9401246d94c6d
go-flat-alta	bfd	61	none	configs/scenarios/fase1/geo9_google_flat_alta.yaml	2026-08-07T17:47:14-03:00	2026-08-07T17:47:33-03:00	18.92	18.60	0.30	82788	0	1	829864	36bfe40eed33c8b8cb491894acd6f63c05c13e0d7a15a6e6f7b9401246d94c6d
go-flat-alta	bfd	62	none	configs/scenarios/fase1/geo9_google_flat_alta.yaml	2026-08-07T17:47:15-03:00	2026-08-07T17:47:31-03:00	16.09	15.70	0.32	86372	0	1	829921	36bfe40eed33c8b8cb491894acd6f63c05c13e0d7a15a6e6f7b9401246d94c6d
go-flat-alta	bfd	63	none	configs/scenarios/fase1/geo9_google_flat_alta.yaml	2026-08-07T17:47:22-03:00	2026-08-07T17:47:37-03:00	15.02	14.45	0.44	85312	0	1	830071	36bfe40eed33c8b8cb491894acd6f63c05c13e0d7a15a6e6f7b9401246d94c6d
go-flat-alta	bfd	64	none	configs/scenarios/fase1/geo9_google_flat_alta.yaml	2026-08-07T17:47:24-03:00	2026-08-07T17:47:39-03:00	15.24	14.85	0.33	85460	0	1	830105	36bfe40eed33c8b8cb491894acd6f63c05c13e0d7a15a6e6f7b9401246d94c6d
go-flat-alta	bfd	65	none	configs/scenarios/fase1/geo9_google_flat_alta.yaml	2026-08-07T17:47:24-03:00	2026-08-07T17:47:43-03:00	19.00	18.63	0.35	87748	0	1	830153	36bfe40eed33c8b8cb491894acd6f63c05c13e0d7a15a6e6f7b9401246d94c6d
go-flat-alta	bfd	66	none	configs/scenarios/fase1/geo9_google_flat_alta.yaml	2026-08-07T17:47:25-03:00	2026-08-07T17:47:41-03:00	15.51	15.17	0.32	86620	0	1	830176	36bfe40eed33c8b8cb491894acd6f63c05c13e0d7a15a6e6f7b9401246d94c6d
go-flat-alta	bfd	67	none	configs/scenarios/fase1/geo9_google_flat_alta.yaml	2026-08-07T17:47:31-03:00	2026-08-07T17:47:48-03:00	17.64	17.30	0.28	88420	0	1	830297	36bfe40eed33c8b8cb491894acd6f63c05c13e0d7a15a6e6f7b9401246d94c6d
go-flat-alta	bfd	68	none	configs/scenarios/fase1/geo9_google_flat_alta.yaml	2026-08-07T17:47:31-03:00	2026-08-07T17:47:51-03:00	20.02	19.66	0.31	88116	0	1	830310	36bfe40eed33c8b8cb491894acd6f63c05c13e0d7a15a6e6f7b9401246d94c6d
go-flat-alta	bfd	69	none	configs/scenarios/fase1/geo9_google_flat_alta.yaml	2026-08-07T17:47:33-03:00	2026-08-07T17:47:43-03:00	10.50	10.20	0.27	87880	0	1	830353	36bfe40eed33c8b8cb491894acd6f63c05c13e0d7a15a6e6f7b9401246d94c6d
go-flat-alta	bfd	70	none	configs/scenarios/fase1/geo9_google_flat_alta.yaml	2026-08-07T17:47:34-03:00	2026-08-07T17:47:54-03:00	20.55	20.22	0.32	82736	0	1	830392	36bfe40eed33c8b8cb491894acd6f63c05c13e0d7a15a6e6f7b9401246d94c6d
go-flat-alta	bfd	71	none	configs/scenarios/fase1/geo9_google_flat_alta.yaml	2026-08-07T17:47:37-03:00	2026-08-07T17:47:52-03:00	15.31	14.95	0.27	82432	0	1	830471	36bfe40eed33c8b8cb491894acd6f63c05c13e0d7a15a6e6f7b9401246d94c6d
go-flat-alta	cnemesis	52	cnemesis	configs/scenarios/fase1/geo9_google_flat_alta.yaml	2026-08-07T17:58:18-03:00	2026-08-07T17:58:47-03:00	28.65	28.18	0.42	100016	0	1	844912	36bfe40eed33c8b8cb491894acd6f63c05c13e0d7a15a6e6f7b9401246d94c6d
go-flat-alta	cnemesis	53	cnemesis	configs/scenarios/fase1/geo9_google_flat_alta.yaml	2026-08-07T17:58:46-03:00	2026-08-07T17:59:08-03:00	21.55	21.08	0.35	98000	0	1	845530	36bfe40eed33c8b8cb491894acd6f63c05c13e0d7a15a6e6f7b9401246d94c6d
go-flat-alta	cnemesis	54	cnemesis	configs/scenarios/fase1/geo9_google_flat_alta.yaml	2026-08-07T17:58:47-03:00	2026-08-07T17:59:12-03:00	25.72	25.25	0.39	99492	0	1	845543	36bfe40eed33c8b8cb491894acd6f63c05c13e0d7a15a6e6f7b9401246d94c6d
go-flat-alta	cnemesis	55	cnemesis	configs/scenarios/fase1/geo9_google_flat_alta.yaml	2026-08-07T17:58:52-03:00	2026-08-07T17:59:19-03:00	27.34	26.86	0.41	99104	0	1	845666	36bfe40eed33c8b8cb491894acd6f63c05c13e0d7a15a6e6f7b9401246d94c6d
go-flat-alta	cnemesis	56	cnemesis	configs/scenarios/fase1/geo9_google_flat_alta.yaml	2026-08-07T17:59:08-03:00	2026-08-07T17:59:31-03:00	23.78	23.21	0.39	99804	0	1	846017	36bfe40eed33c8b8cb491894acd6f63c05c13e0d7a15a6e6f7b9401246d94c6d
go-flat-alta	cnemesis	57	cnemesis	configs/scenarios/fase1/geo9_google_flat_alta.yaml	2026-08-07T17:59:09-03:00	2026-08-07T17:59:37-03:00	27.38	26.90	0.39	99496	0	1	846073	36bfe40eed33c8b8cb491894acd6f63c05c13e0d7a15a6e6f7b9401246d94c6d
go-flat-alta	cnemesis	58	cnemesis	configs/scenarios/fase1/geo9_google_flat_alta.yaml	2026-08-07T17:59:12-03:00	2026-08-07T17:59:34-03:00	21.63	21.20	0.40	98892	0	1	846137	36bfe40eed33c8b8cb491894acd6f63c05c13e0d7a15a6e6f7b9401246d94c6d
go-flat-alta	cnemesis	59	cnemesis	configs/scenarios/fase1/geo9_google_flat_alta.yaml	2026-08-07T17:59:19-03:00	2026-08-07T17:59:39-03:00	19.97	19.44	0.38	100740	0	1	846310	36bfe40eed33c8b8cb491894acd6f63c05c13e0d7a15a6e6f7b9401246d94c6d
go-flat-alta	cnemesis	60	cnemesis	configs/scenarios/fase1/geo9_google_flat_alta.yaml	2026-08-07T17:59:31-03:00	2026-08-07T17:59:50-03:00	18.23	17.82	0.35	98644	0	1	846564	36bfe40eed33c8b8cb491894acd6f63c05c13e0d7a15a6e6f7b9401246d94c6d
go-flat-alta	cnemesis	61	cnemesis	configs/scenarios/fase1/geo9_google_flat_alta.yaml	2026-08-07T17:59:34-03:00	2026-08-07T17:59:58-03:00	23.65	23.24	0.34	101380	0	1	846673	36bfe40eed33c8b8cb491894acd6f63c05c13e0d7a15a6e6f7b9401246d94c6d
go-flat-alta	cnemesis	62	cnemesis	configs/scenarios/fase1/geo9_google_flat_alta.yaml	2026-08-07T17:59:35-03:00	2026-08-07T18:00:00-03:00	24.85	24.45	0.38	99420	0	1	846715	36bfe40eed33c8b8cb491894acd6f63c05c13e0d7a15a6e6f7b9401246d94c6d
go-flat-alta	cnemesis	63	cnemesis	configs/scenarios/fase1/geo9_google_flat_alta.yaml	2026-08-07T17:59:37-03:00	2026-08-07T18:00:01-03:00	24.05	23.65	0.35	99180	0	1	846739	36bfe40eed33c8b8cb491894acd6f63c05c13e0d7a15a6e6f7b9401246d94c6d
go-flat-alta	cnemesis	64	cnemesis	configs/scenarios/fase1/geo9_google_flat_alta.yaml	2026-08-07T17:59:39-03:00	2026-08-07T18:00:02-03:00	22.53	22.12	0.34	98604	0	1	846847	36bfe40eed33c8b8cb491894acd6f63c05c13e0d7a15a6e6f7b9401246d94c6d
go-flat-alta	cnemesis	65	cnemesis	configs/scenarios/fase1/geo9_google_flat_alta.yaml	2026-08-07T17:59:41-03:00	2026-08-07T18:00:06-03:00	25.05	24.54	0.37	98940	0	1	846901	36bfe40eed33c8b8cb491894acd6f63c05c13e0d7a15a6e6f7b9401246d94c6d
go-flat-alta	cnemesis	66	cnemesis	configs/scenarios/fase1/geo9_google_flat_alta.yaml	2026-08-07T17:59:50-03:00	2026-08-07T18:00:14-03:00	24.08	23.62	0.40	99704	0	1	847088	36bfe40eed33c8b8cb491894acd6f63c05c13e0d7a15a6e6f7b9401246d94c6d
go-flat-alta	cnemesis	67	cnemesis	configs/scenarios/fase1/geo9_google_flat_alta.yaml	2026-08-07T17:59:56-03:00	2026-08-07T18:00:19-03:00	23.60	22.83	0.69	99924	0	1	847223	36bfe40eed33c8b8cb491894acd6f63c05c13e0d7a15a6e6f7b9401246d94c6d
go-flat-alta	cnemesis	68	cnemesis	configs/scenarios/fase1/geo9_google_flat_alta.yaml	2026-08-07T17:59:58-03:00	2026-08-07T18:00:23-03:00	24.89	24.47	0.36	99860	0	1	847276	36bfe40eed33c8b8cb491894acd6f63c05c13e0d7a15a6e6f7b9401246d94c6d
go-flat-alta	cnemesis	69	cnemesis	configs/scenarios/fase1/geo9_google_flat_alta.yaml	2026-08-07T18:00:00-03:00	2026-08-07T18:00:22-03:00	22.18	21.79	0.38	100188	0	1	847359	36bfe40eed33c8b8cb491894acd6f63c05c13e0d7a15a6e6f7b9401246d94c6d
go-flat-alta	cnemesis	70	cnemesis	configs/scenarios/fase1/geo9_google_flat_alta.yaml	2026-08-07T18:00:01-03:00	2026-08-07T18:00:24-03:00	22.94	22.57	0.36	100240	0	1	847383	36bfe40eed33c8b8cb491894acd6f63c05c13e0d7a15a6e6f7b9401246d94c6d
go-flat-alta	cnemesis	71	cnemesis	configs/scenarios/fase1/geo9_google_flat_alta.yaml	2026-08-07T18:00:02-03:00	2026-08-07T18:00:31-03:00	29.40	28.88	0.40	98484	0	1	847417	36bfe40eed33c8b8cb491894acd6f63c05c13e0d7a15a6e6f7b9401246d94c6d
go-flat-alta	ffd	52	none	configs/scenarios/fase1/geo9_google_flat_alta.yaml	2026-08-07T17:46:08-03:00	2026-08-07T17:46:23-03:00	15.08	14.64	0.35	90044	0	1	828105	36bfe40eed33c8b8cb491894acd6f63c05c13e0d7a15a6e6f7b9401246d94c6d
go-flat-alta	ffd	53	none	configs/scenarios/fase1/geo9_google_flat_alta.yaml	2026-08-07T17:46:08-03:00	2026-08-07T17:46:32-03:00	23.38	22.99	0.37	90552	0	1	828159	36bfe40eed33c8b8cb491894acd6f63c05c13e0d7a15a6e6f7b9401246d94c6d
go-flat-alta	ffd	54	none	configs/scenarios/fase1/geo9_google_flat_alta.yaml	2026-08-07T17:46:12-03:00	2026-08-07T17:46:33-03:00	21.68	21.22	0.37	93180	0	1	828211	36bfe40eed33c8b8cb491894acd6f63c05c13e0d7a15a6e6f7b9401246d94c6d
go-flat-alta	ffd	55	none	configs/scenarios/fase1/geo9_google_flat_alta.yaml	2026-08-07T17:46:17-03:00	2026-08-07T17:46:29-03:00	12.00	11.59	0.34	91792	0	1	828333	36bfe40eed33c8b8cb491894acd6f63c05c13e0d7a15a6e6f7b9401246d94c6d
go-flat-alta	ffd	56	none	configs/scenarios/fase1/geo9_google_flat_alta.yaml	2026-08-07T17:46:20-03:00	2026-08-07T17:46:45-03:00	25.22	24.72	0.38	92216	0	1	828400	36bfe40eed33c8b8cb491894acd6f63c05c13e0d7a15a6e6f7b9401246d94c6d
go-flat-alta	ffd	57	none	configs/scenarios/fase1/geo9_google_flat_alta.yaml	2026-08-07T17:46:20-03:00	2026-08-07T17:46:40-03:00	19.96	19.53	0.36	90280	0	1	828413	36bfe40eed33c8b8cb491894acd6f63c05c13e0d7a15a6e6f7b9401246d94c6d
go-flat-alta	ffd	58	none	configs/scenarios/fase1/geo9_google_flat_alta.yaml	2026-08-07T17:46:23-03:00	2026-08-07T17:46:34-03:00	11.28	10.94	0.29	92980	0	1	828490	36bfe40eed33c8b8cb491894acd6f63c05c13e0d7a15a6e6f7b9401246d94c6d
go-flat-alta	ffd	59	none	configs/scenarios/fase1/geo9_google_flat_alta.yaml	2026-08-07T17:46:29-03:00	2026-08-07T17:46:50-03:00	21.05	20.57	0.35	91576	0	1	828648	36bfe40eed33c8b8cb491894acd6f63c05c13e0d7a15a6e6f7b9401246d94c6d
go-flat-alta	ffd	60	none	configs/scenarios/fase1/geo9_google_flat_alta.yaml	2026-08-07T17:46:31-03:00	2026-08-07T17:46:41-03:00	10.49	10.19	0.28	88708	0	1	828691	36bfe40eed33c8b8cb491894acd6f63c05c13e0d7a15a6e6f7b9401246d94c6d
go-flat-alta	ffd	61	none	configs/scenarios/fase1/geo9_google_flat_alta.yaml	2026-08-07T17:46:32-03:00	2026-08-07T17:46:56-03:00	24.62	24.22	0.32	91780	0	1	828704	36bfe40eed33c8b8cb491894acd6f63c05c13e0d7a15a6e6f7b9401246d94c6d
go-flat-alta	ffd	62	none	configs/scenarios/fase1/geo9_google_flat_alta.yaml	2026-08-07T17:46:33-03:00	2026-08-07T17:46:58-03:00	24.70	24.34	0.33	90828	0	1	828766	36bfe40eed33c8b8cb491894acd6f63c05c13e0d7a15a6e6f7b9401246d94c6d
go-flat-alta	ffd	63	none	configs/scenarios/fase1/geo9_google_flat_alta.yaml	2026-08-07T17:46:34-03:00	2026-08-07T17:46:54-03:00	20.43	19.99	0.33	92812	0	1	828812	36bfe40eed33c8b8cb491894acd6f63c05c13e0d7a15a6e6f7b9401246d94c6d
go-flat-alta	ffd	64	none	configs/scenarios/fase1/geo9_google_flat_alta.yaml	2026-08-07T17:46:37-03:00	2026-08-07T17:46:58-03:00	21.66	21.29	0.36	90128	0	1	828874	36bfe40eed33c8b8cb491894acd6f63c05c13e0d7a15a6e6f7b9401246d94c6d
go-flat-alta	ffd	65	none	configs/scenarios/fase1/geo9_google_flat_alta.yaml	2026-08-07T17:46:40-03:00	2026-08-07T17:46:49-03:00	8.95	8.62	0.30	91052	0	1	828956	36bfe40eed33c8b8cb491894acd6f63c05c13e0d7a15a6e6f7b9401246d94c6d
go-flat-alta	ffd	66	none	configs/scenarios/fase1/geo9_google_flat_alta.yaml	2026-08-07T17:46:41-03:00	2026-08-07T17:46:55-03:00	13.39	13.04	0.31	91648	0	1	829001	36bfe40eed33c8b8cb491894acd6f63c05c13e0d7a15a6e6f7b9401246d94c6d
go-flat-alta	ffd	67	none	configs/scenarios/fase1/geo9_google_flat_alta.yaml	2026-08-07T17:46:45-03:00	2026-08-07T17:47:01-03:00	16.22	15.86	0.32	90116	0	1	829094	36bfe40eed33c8b8cb491894acd6f63c05c13e0d7a15a6e6f7b9401246d94c6d
go-flat-alta	ffd	68	none	configs/scenarios/fase1/geo9_google_flat_alta.yaml	2026-08-07T17:46:49-03:00	2026-08-07T17:47:12-03:00	23.38	22.96	0.37	93924	0	1	829169	36bfe40eed33c8b8cb491894acd6f63c05c13e0d7a15a6e6f7b9401246d94c6d
go-flat-alta	ffd	69	none	configs/scenarios/fase1/geo9_google_flat_alta.yaml	2026-08-07T17:46:50-03:00	2026-08-07T17:47:13-03:00	23.48	23.08	0.36	91448	0	1	829222	36bfe40eed33c8b8cb491894acd6f63c05c13e0d7a15a6e6f7b9401246d94c6d
go-flat-alta	ffd	70	none	configs/scenarios/fase1/geo9_google_flat_alta.yaml	2026-08-07T17:46:54-03:00	2026-08-07T17:47:12-03:00	17.05	16.62	0.30	89628	0	1	829322	36bfe40eed33c8b8cb491894acd6f63c05c13e0d7a15a6e6f7b9401246d94c6d
go-flat-alta	ffd	71	none	configs/scenarios/fase1/geo9_google_flat_alta.yaml	2026-08-07T17:46:55-03:00	2026-08-07T17:47:12-03:00	17.07	16.69	0.32	92412	0	1	829356	36bfe40eed33c8b8cb491894acd6f63c05c13e0d7a15a6e6f7b9401246d94c6d
go-flat-alta	first_fit	52	none	configs/scenarios/fase1/geo9_google_flat_alta.yaml	2026-08-07T17:41:05-03:00	2026-08-07T17:41:35-03:00	30.19	29.66	0.38	92924	0	1	820629	36bfe40eed33c8b8cb491894acd6f63c05c13e0d7a15a6e6f7b9401246d94c6d
go-flat-alta	first_fit	53	none	configs/scenarios/fase1/geo9_google_flat_alta.yaml	2026-08-07T17:41:06-03:00	2026-08-07T17:41:27-03:00	20.48	20.05	0.35	91592	0	1	820652	36bfe40eed33c8b8cb491894acd6f63c05c13e0d7a15a6e6f7b9401246d94c6d
go-flat-alta	first_fit	54	none	configs/scenarios/fase1/geo9_google_flat_alta.yaml	2026-08-07T17:41:06-03:00	2026-08-07T17:41:22-03:00	15.43	15.01	0.34	91568	0	1	820665	36bfe40eed33c8b8cb491894acd6f63c05c13e0d7a15a6e6f7b9401246d94c6d
go-flat-alta	first_fit	55	none	configs/scenarios/fase1/geo9_google_flat_alta.yaml	2026-08-07T17:41:07-03:00	2026-08-07T17:41:35-03:00	28.31	27.86	0.42	92872	0	1	820688	36bfe40eed33c8b8cb491894acd6f63c05c13e0d7a15a6e6f7b9401246d94c6d
go-flat-alta	first_fit	56	none	configs/scenarios/fase1/geo9_google_flat_alta.yaml	2026-08-07T17:41:22-03:00	2026-08-07T17:41:48-03:00	25.88	24.96	0.88	92708	0	1	821015	36bfe40eed33c8b8cb491894acd6f63c05c13e0d7a15a6e6f7b9401246d94c6d
go-flat-alta	first_fit	57	none	configs/scenarios/fase1/geo9_google_flat_alta.yaml	2026-08-07T17:41:27-03:00	2026-08-07T17:41:51-03:00	24.38	23.94	0.37	94504	0	1	821146	36bfe40eed33c8b8cb491894acd6f63c05c13e0d7a15a6e6f7b9401246d94c6d
go-flat-alta	first_fit	58	none	configs/scenarios/fase1/geo9_google_flat_alta.yaml	2026-08-07T17:41:35-03:00	2026-08-07T17:41:59-03:00	24.32	23.88	0.37	93228	0	1	821345	36bfe40eed33c8b8cb491894acd6f63c05c13e0d7a15a6e6f7b9401246d94c6d
go-flat-alta	first_fit	59	none	configs/scenarios/fase1/geo9_google_flat_alta.yaml	2026-08-07T17:41:35-03:00	2026-08-07T17:41:56-03:00	21.03	20.63	0.34	94288	0	1	821369	36bfe40eed33c8b8cb491894acd6f63c05c13e0d7a15a6e6f7b9401246d94c6d
go-flat-alta	first_fit	60	none	configs/scenarios/fase1/geo9_google_flat_alta.yaml	2026-08-07T17:41:48-03:00	2026-08-07T17:42:10-03:00	22.16	21.73	0.40	91048	0	1	821614	36bfe40eed33c8b8cb491894acd6f63c05c13e0d7a15a6e6f7b9401246d94c6d
go-flat-alta	first_fit	61	none	configs/scenarios/fase1/geo9_google_flat_alta.yaml	2026-08-07T17:41:51-03:00	2026-08-07T17:42:12-03:00	20.56	19.89	0.60	95276	0	1	821704	36bfe40eed33c8b8cb491894acd6f63c05c13e0d7a15a6e6f7b9401246d94c6d
go-flat-alta	first_fit	62	none	configs/scenarios/fase1/geo9_google_flat_alta.yaml	2026-08-07T17:41:55-03:00	2026-08-07T17:42:20-03:00	25.75	25.36	0.34	92620	0	1	821808	36bfe40eed33c8b8cb491894acd6f63c05c13e0d7a15a6e6f7b9401246d94c6d
go-flat-alta	first_fit	63	none	configs/scenarios/fase1/geo9_google_flat_alta.yaml	2026-08-07T17:41:56-03:00	2026-08-07T17:42:21-03:00	24.28	23.93	0.34	92332	0	1	821870	36bfe40eed33c8b8cb491894acd6f63c05c13e0d7a15a6e6f7b9401246d94c6d
go-flat-alta	first_fit	64	none	configs/scenarios/fase1/geo9_google_flat_alta.yaml	2026-08-07T17:41:59-03:00	2026-08-07T17:42:20-03:00	21.06	20.68	0.33	92200	0	1	821922	36bfe40eed33c8b8cb491894acd6f63c05c13e0d7a15a6e6f7b9401246d94c6d
go-flat-alta	first_fit	65	none	configs/scenarios/fase1/geo9_google_flat_alta.yaml	2026-08-07T17:42:10-03:00	2026-08-07T17:42:35-03:00	25.56	25.09	0.36	92620	0	1	822138	36bfe40eed33c8b8cb491894acd6f63c05c13e0d7a15a6e6f7b9401246d94c6d
go-flat-alta	first_fit	66	none	configs/scenarios/fase1/geo9_google_flat_alta.yaml	2026-08-07T17:42:12-03:00	2026-08-07T17:42:30-03:00	18.00	17.63	0.32	92404	0	1	822201	36bfe40eed33c8b8cb491894acd6f63c05c13e0d7a15a6e6f7b9401246d94c6d
go-flat-alta	first_fit	67	none	configs/scenarios/fase1/geo9_google_flat_alta.yaml	2026-08-07T17:42:20-03:00	2026-08-07T17:42:41-03:00	20.96	20.57	0.33	92060	0	1	822391	36bfe40eed33c8b8cb491894acd6f63c05c13e0d7a15a6e6f7b9401246d94c6d
go-flat-alta	first_fit	68	none	configs/scenarios/fase1/geo9_google_flat_alta.yaml	2026-08-07T17:42:20-03:00	2026-08-07T17:42:45-03:00	24.39	23.88	0.45	92120	0	1	822392	36bfe40eed33c8b8cb491894acd6f63c05c13e0d7a15a6e6f7b9401246d94c6d
go-flat-alta	first_fit	69	none	configs/scenarios/fase1/geo9_google_flat_alta.yaml	2026-08-07T17:42:21-03:00	2026-08-07T17:42:46-03:00	25.12	24.70	0.36	92248	0	1	822437	36bfe40eed33c8b8cb491894acd6f63c05c13e0d7a15a6e6f7b9401246d94c6d
go-flat-alta	first_fit	70	none	configs/scenarios/fase1/geo9_google_flat_alta.yaml	2026-08-07T17:42:30-03:00	2026-08-07T17:42:51-03:00	20.93	20.56	0.34	93020	0	1	822618	36bfe40eed33c8b8cb491894acd6f63c05c13e0d7a15a6e6f7b9401246d94c6d
go-flat-alta	first_fit	71	none	configs/scenarios/fase1/geo9_google_flat_alta.yaml	2026-08-07T17:42:35-03:00	2026-08-07T17:42:48-03:00	13.15	12.86	0.26	92984	0	1	822764	36bfe40eed33c8b8cb491894acd6f63c05c13e0d7a15a6e6f7b9401246d94c6d
go-flat-alta	follow_renewables	52	follow_renewables	configs/scenarios/fase1/geo9_google_flat_alta.yaml	2026-08-07T17:48:28-03:00	2026-08-07T17:48:49-03:00	21.30	20.87	0.36	94008	0	1	831789	36bfe40eed33c8b8cb491894acd6f63c05c13e0d7a15a6e6f7b9401246d94c6d
go-flat-alta	follow_renewables	53	follow_renewables	configs/scenarios/fase1/geo9_google_flat_alta.yaml	2026-08-07T17:48:30-03:00	2026-08-07T17:48:44-03:00	14.17	13.78	0.32	92904	0	1	831830	36bfe40eed33c8b8cb491894acd6f63c05c13e0d7a15a6e6f7b9401246d94c6d
go-flat-alta	follow_renewables	54	follow_renewables	configs/scenarios/fase1/geo9_google_flat_alta.yaml	2026-08-07T17:48:32-03:00	2026-08-07T17:48:54-03:00	22.22	21.84	0.35	93840	0	1	831898	36bfe40eed33c8b8cb491894acd6f63c05c13e0d7a15a6e6f7b9401246d94c6d
go-flat-alta	follow_renewables	55	follow_renewables	configs/scenarios/fase1/geo9_google_flat_alta.yaml	2026-08-07T17:48:35-03:00	2026-08-07T17:48:54-03:00	18.63	18.12	0.39	92952	0	1	831990	36bfe40eed33c8b8cb491894acd6f63c05c13e0d7a15a6e6f7b9401246d94c6d
go-flat-alta	follow_renewables	56	follow_renewables	configs/scenarios/fase1/geo9_google_flat_alta.yaml	2026-08-07T17:48:36-03:00	2026-08-07T17:49:01-03:00	24.65	24.19	0.37	94888	0	1	832013	36bfe40eed33c8b8cb491894acd6f63c05c13e0d7a15a6e6f7b9401246d94c6d
go-flat-alta	follow_renewables	57	follow_renewables	configs/scenarios/fase1/geo9_google_flat_alta.yaml	2026-08-07T17:48:38-03:00	2026-08-07T17:48:59-03:00	20.77	20.42	0.33	93532	0	1	832064	36bfe40eed33c8b8cb491894acd6f63c05c13e0d7a15a6e6f7b9401246d94c6d
go-flat-alta	follow_renewables	58	follow_renewables	configs/scenarios/fase1/geo9_google_flat_alta.yaml	2026-08-07T17:48:38-03:00	2026-08-07T17:48:54-03:00	16.19	15.82	0.32	93920	0	1	832077	36bfe40eed33c8b8cb491894acd6f63c05c13e0d7a15a6e6f7b9401246d94c6d
go-flat-alta	follow_renewables	59	follow_renewables	configs/scenarios/fase1/geo9_google_flat_alta.yaml	2026-08-07T17:48:44-03:00	2026-08-07T17:49:09-03:00	25.05	24.56	0.37	94276	0	1	832212	36bfe40eed33c8b8cb491894acd6f63c05c13e0d7a15a6e6f7b9401246d94c6d
go-flat-alta	follow_renewables	60	follow_renewables	configs/scenarios/fase1/geo9_google_flat_alta.yaml	2026-08-07T17:48:45-03:00	2026-08-07T17:49:04-03:00	19.43	19.03	0.31	91944	0	1	832225	36bfe40eed33c8b8cb491894acd6f63c05c13e0d7a15a6e6f7b9401246d94c6d
go-flat-alta	follow_renewables	61	follow_renewables	configs/scenarios/fase1/geo9_google_flat_alta.yaml	2026-08-07T17:48:49-03:00	2026-08-07T17:49:10-03:00	20.73	20.28	0.36	96248	0	1	832338	36bfe40eed33c8b8cb491894acd6f63c05c13e0d7a15a6e6f7b9401246d94c6d
go-flat-alta	follow_renewables	62	follow_renewables	configs/scenarios/fase1/geo9_google_flat_alta.yaml	2026-08-07T17:48:54-03:00	2026-08-07T17:49:19-03:00	25.58	24.69	0.83	94796	0	1	832459	36bfe40eed33c8b8cb491894acd6f63c05c13e0d7a15a6e6f7b9401246d94c6d
go-flat-alta	follow_renewables	63	follow_renewables	configs/scenarios/fase1/geo9_google_flat_alta.yaml	2026-08-07T17:48:54-03:00	2026-08-07T17:49:14-03:00	20.00	19.60	0.36	95356	0	1	832482	36bfe40eed33c8b8cb491894acd6f63c05c13e0d7a15a6e6f7b9401246d94c6d
go-flat-alta	follow_renewables	64	follow_renewables	configs/scenarios/fase1/geo9_google_flat_alta.yaml	2026-08-07T17:48:54-03:00	2026-08-07T17:49:07-03:00	12.71	12.39	0.28	94232	0	1	832495	36bfe40eed33c8b8cb491894acd6f63c05c13e0d7a15a6e6f7b9401246d94c6d
go-flat-alta	follow_renewables	65	follow_renewables	configs/scenarios/fase1/geo9_google_flat_alta.yaml	2026-08-07T17:48:59-03:00	2026-08-07T17:49:23-03:00	24.60	24.16	0.34	93280	0	1	832596	36bfe40eed33c8b8cb491894acd6f63c05c13e0d7a15a6e6f7b9401246d94c6d
go-flat-alta	follow_renewables	66	follow_renewables	configs/scenarios/fase1/geo9_google_flat_alta.yaml	2026-08-07T17:49:01-03:00	2026-08-07T17:49:19-03:00	18.52	18.16	0.29	94664	0	1	832659	36bfe40eed33c8b8cb491894acd6f63c05c13e0d7a15a6e6f7b9401246d94c6d
go-flat-alta	follow_renewables	67	follow_renewables	configs/scenarios/fase1/geo9_google_flat_alta.yaml	2026-08-07T17:49:04-03:00	2026-08-07T17:49:20-03:00	16.00	15.64	0.33	94096	0	1	832742	36bfe40eed33c8b8cb491894acd6f63c05c13e0d7a15a6e6f7b9401246d94c6d
go-flat-alta	follow_renewables	68	follow_renewables	configs/scenarios/fase1/geo9_google_flat_alta.yaml	2026-08-07T17:49:07-03:00	2026-08-07T17:49:29-03:00	21.51	21.15	0.33	94204	0	1	832815	36bfe40eed33c8b8cb491894acd6f63c05c13e0d7a15a6e6f7b9401246d94c6d
go-flat-alta	follow_renewables	69	follow_renewables	configs/scenarios/fase1/geo9_google_flat_alta.yaml	2026-08-07T17:49:09-03:00	2026-08-07T17:49:34-03:00	25.35	24.84	0.35	95688	0	1	832858	36bfe40eed33c8b8cb491894acd6f63c05c13e0d7a15a6e6f7b9401246d94c6d
go-flat-alta	follow_renewables	70	follow_renewables	configs/scenarios/fase1/geo9_google_flat_alta.yaml	2026-08-07T17:49:10-03:00	2026-08-07T17:49:30-03:00	20.29	19.87	0.33	94884	0	1	832871	36bfe40eed33c8b8cb491894acd6f63c05c13e0d7a15a6e6f7b9401246d94c6d
go-flat-alta	follow_renewables	71	follow_renewables	configs/scenarios/fase1/geo9_google_flat_alta.yaml	2026-08-07T17:49:14-03:00	2026-08-07T17:49:38-03:00	24.33	23.90	0.33	93920	0	1	832993	36bfe40eed33c8b8cb491894acd6f63c05c13e0d7a15a6e6f7b9401246d94c6d
go-flat-alta	followme_s	52	followme_s	configs/scenarios/fase1/geo9_google_flat_alta.yaml	2026-08-07T17:50:07-03:00	2026-08-07T17:53:15-03:00	187.83	187.06	0.50	107492	0	1	834405	36bfe40eed33c8b8cb491894acd6f63c05c13e0d7a15a6e6f7b9401246d94c6d
go-flat-alta	followme_s	53	followme_s	configs/scenarios/fase1/geo9_google_flat_alta.yaml	2026-08-07T17:50:10-03:00	2026-08-07T17:52:56-03:00	165.42	164.28	0.48	108764	0	1	834526	36bfe40eed33c8b8cb491894acd6f63c05c13e0d7a15a6e6f7b9401246d94c6d
go-flat-alta	followme_s	54	followme_s	configs/scenarios/fase1/geo9_google_flat_alta.yaml	2026-08-07T17:50:13-03:00	2026-08-07T17:54:17-03:00	243.89	242.85	0.49	107932	0	1	834588	36bfe40eed33c8b8cb491894acd6f63c05c13e0d7a15a6e6f7b9401246d94c6d
go-flat-alta	followme_s	55	followme_s	configs/scenarios/fase1/geo9_google_flat_alta.yaml	2026-08-07T17:50:17-03:00	2026-08-07T17:53:49-03:00	212.05	210.89	0.52	108368	0	1	834691	36bfe40eed33c8b8cb491894acd6f63c05c13e0d7a15a6e6f7b9401246d94c6d
go-flat-alta	followme_s	56	followme_s	configs/scenarios/fase1/geo9_google_flat_alta.yaml	2026-08-07T17:50:18-03:00	2026-08-07T17:54:50-03:00	271.91	270.18	0.98	109516	0	1	834723	36bfe40eed33c8b8cb491894acd6f63c05c13e0d7a15a6e6f7b9401246d94c6d
go-flat-alta	followme_s	57	followme_s	configs/scenarios/fase1/geo9_google_flat_alta.yaml	2026-08-07T17:50:22-03:00	2026-08-07T17:55:41-03:00	319.03	317.69	0.49	106992	0	1	834808	36bfe40eed33c8b8cb491894acd6f63c05c13e0d7a15a6e6f7b9401246d94c6d
go-flat-alta	followme_s	58	followme_s	configs/scenarios/fase1/geo9_google_flat_alta.yaml	2026-08-07T17:50:25-03:00	2026-08-07T17:55:59-03:00	333.62	332.24	0.50	106728	0	1	834860	36bfe40eed33c8b8cb491894acd6f63c05c13e0d7a15a6e6f7b9401246d94c6d
go-flat-alta	followme_s	59	followme_s	configs/scenarios/fase1/geo9_google_flat_alta.yaml	2026-08-07T17:50:30-03:00	2026-08-07T17:53:56-03:00	206.50	205.03	1.10	109256	0	1	834969	36bfe40eed33c8b8cb491894acd6f63c05c13e0d7a15a6e6f7b9401246d94c6d
go-flat-alta	followme_s	60	followme_s	configs/scenarios/fase1/geo9_google_flat_alta.yaml	2026-08-07T17:52:56-03:00	2026-08-07T17:57:01-03:00	245.51	243.91	1.07	106728	0	1	838065	36bfe40eed33c8b8cb491894acd6f63c05c13e0d7a15a6e6f7b9401246d94c6d
go-flat-alta	followme_s	61	followme_s	configs/scenarios/fase1/geo9_google_flat_alta.yaml	2026-08-07T17:53:15-03:00	2026-08-07T17:56:25-03:00	189.72	188.66	0.57	110520	0	1	838458	36bfe40eed33c8b8cb491894acd6f63c05c13e0d7a15a6e6f7b9401246d94c6d
go-flat-alta	followme_s	62	followme_s	configs/scenarios/fase1/geo9_google_flat_alta.yaml	2026-08-07T17:53:49-03:00	2026-08-07T17:58:00-03:00	251.14	249.82	0.53	110932	0	1	839152	36bfe40eed33c8b8cb491894acd6f63c05c13e0d7a15a6e6f7b9401246d94c6d
go-flat-alta	followme_s	63	followme_s	configs/scenarios/fase1/geo9_google_flat_alta.yaml	2026-08-07T17:53:56-03:00	2026-08-07T17:57:22-03:00	206.08	205.23	0.47	108172	0	1	839323	36bfe40eed33c8b8cb491894acd6f63c05c13e0d7a15a6e6f7b9401246d94c6d
go-flat-alta	followme_s	64	followme_s	configs/scenarios/fase1/geo9_google_flat_alta.yaml	2026-08-07T17:54:17-03:00	2026-08-07T17:58:52-03:00	274.68	273.58	0.53	108448	0	1	839752	36bfe40eed33c8b8cb491894acd6f63c05c13e0d7a15a6e6f7b9401246d94c6d
go-flat-alta	followme_s	65	followme_s	configs/scenarios/fase1/geo9_google_flat_alta.yaml	2026-08-07T17:54:50-03:00	2026-08-07T18:00:17-03:00	326.72	325.44	0.48	106900	0	1	840460	36bfe40eed33c8b8cb491894acd6f63c05c13e0d7a15a6e6f7b9401246d94c6d
go-flat-alta	followme_s	66	followme_s	configs/scenarios/fase1/geo9_google_flat_alta.yaml	2026-08-07T17:55:41-03:00	2026-08-07T17:59:09-03:00	208.32	206.58	1.35	108152	0	1	841601	36bfe40eed33c8b8cb491894acd6f63c05c13e0d7a15a6e6f7b9401246d94c6d
go-flat-alta	followme_s	67	followme_s	configs/scenarios/fase1/geo9_google_flat_alta.yaml	2026-08-07T17:55:59-03:00	2026-08-07T17:59:56-03:00	237.18	236.07	0.51	107864	0	1	841964	36bfe40eed33c8b8cb491894acd6f63c05c13e0d7a15a6e6f7b9401246d94c6d
go-flat-alta	followme_s	68	followme_s	configs/scenarios/fase1/geo9_google_flat_alta.yaml	2026-08-07T17:56:25-03:00	2026-08-07T17:59:41-03:00	196.49	195.57	0.49	108208	0	1	842495	36bfe40eed33c8b8cb491894acd6f63c05c13e0d7a15a6e6f7b9401246d94c6d
go-flat-alta	followme_s	69	followme_s	configs/scenarios/fase1/geo9_google_flat_alta.yaml	2026-08-07T17:57:01-03:00	2026-08-07T17:58:46-03:00	104.61	103.84	0.49	108480	0	1	843257	36bfe40eed33c8b8cb491894acd6f63c05c13e0d7a15a6e6f7b9401246d94c6d
go-flat-alta	followme_s	70	followme_s	configs/scenarios/fase1/geo9_google_flat_alta.yaml	2026-08-07T17:57:22-03:00	2026-08-07T17:59:35-03:00	132.91	131.96	0.46	108544	0	1	843728	36bfe40eed33c8b8cb491894acd6f63c05c13e0d7a15a6e6f7b9401246d94c6d
go-flat-alta	followme_s	71	followme_s	configs/scenarios/fase1/geo9_google_flat_alta.yaml	2026-08-07T17:58:00-03:00	2026-08-07T18:02:10-03:00	249.73	248.67	0.49	107428	0	1	844519	36bfe40eed33c8b8cb491894acd6f63c05c13e0d7a15a6e6f7b9401246d94c6d
go-flat-alta	lowest_carbon_dc	52	none	configs/scenarios/fase1/geo9_google_flat_alta.yaml	2026-08-07T17:47:39-03:00	2026-08-07T17:48:06-03:00	27.45	27.05	0.35	94340	0	1	830514	36bfe40eed33c8b8cb491894acd6f63c05c13e0d7a15a6e6f7b9401246d94c6d
go-flat-alta	lowest_carbon_dc	53	none	configs/scenarios/fase1/geo9_google_flat_alta.yaml	2026-08-07T17:47:41-03:00	2026-08-07T17:48:01-03:00	20.54	20.09	0.34	91704	0	1	830585	36bfe40eed33c8b8cb491894acd6f63c05c13e0d7a15a6e6f7b9401246d94c6d
go-flat-alta	lowest_carbon_dc	54	none	configs/scenarios/fase1/geo9_google_flat_alta.yaml	2026-08-07T17:47:43-03:00	2026-08-07T17:47:53-03:00	10.19	9.87	0.28	94944	0	1	830630	36bfe40eed33c8b8cb491894acd6f63c05c13e0d7a15a6e6f7b9401246d94c6d
go-flat-alta	lowest_carbon_dc	55	none	configs/scenarios/fase1/geo9_google_flat_alta.yaml	2026-08-07T17:47:43-03:00	2026-08-07T17:48:05-03:00	21.91	21.48	0.35	93068	0	1	830643	36bfe40eed33c8b8cb491894acd6f63c05c13e0d7a15a6e6f7b9401246d94c6d
go-flat-alta	lowest_carbon_dc	56	none	configs/scenarios/fase1/geo9_google_flat_alta.yaml	2026-08-07T17:47:48-03:00	2026-08-07T17:48:13-03:00	24.80	24.30	0.37	93604	0	1	830776	36bfe40eed33c8b8cb491894acd6f63c05c13e0d7a15a6e6f7b9401246d94c6d
go-flat-alta	lowest_carbon_dc	57	none	configs/scenarios/fase1/geo9_google_flat_alta.yaml	2026-08-07T17:47:51-03:00	2026-08-07T17:48:03-03:00	11.34	10.99	0.31	92308	0	1	830848	36bfe40eed33c8b8cb491894acd6f63c05c13e0d7a15a6e6f7b9401246d94c6d
go-flat-alta	lowest_carbon_dc	58	none	configs/scenarios/fase1/geo9_google_flat_alta.yaml	2026-08-07T17:47:52-03:00	2026-08-07T17:48:17-03:00	24.82	24.45	0.33	93716	0	1	830881	36bfe40eed33c8b8cb491894acd6f63c05c13e0d7a15a6e6f7b9401246d94c6d
go-flat-alta	lowest_carbon_dc	59	none	configs/scenarios/fase1/geo9_google_flat_alta.yaml	2026-08-07T17:47:53-03:00	2026-08-07T17:48:13-03:00	19.53	19.10	0.34	94860	0	1	830902	36bfe40eed33c8b8cb491894acd6f63c05c13e0d7a15a6e6f7b9401246d94c6d
go-flat-alta	lowest_carbon_dc	60	none	configs/scenarios/fase1/geo9_google_flat_alta.yaml	2026-08-07T17:47:54-03:00	2026-08-07T17:48:14-03:00	19.63	19.31	0.29	93432	0	1	830936	36bfe40eed33c8b8cb491894acd6f63c05c13e0d7a15a6e6f7b9401246d94c6d
go-flat-alta	lowest_carbon_dc	61	none	configs/scenarios/fase1/geo9_google_flat_alta.yaml	2026-08-07T17:48:01-03:00	2026-08-07T17:48:23-03:00	21.80	21.40	0.35	96408	0	1	831103	36bfe40eed33c8b8cb491894acd6f63c05c13e0d7a15a6e6f7b9401246d94c6d
go-flat-alta	lowest_carbon_dc	62	none	configs/scenarios/fase1/geo9_google_flat_alta.yaml	2026-08-07T17:48:03-03:00	2026-08-07T17:48:24-03:00	21.61	21.16	0.36	95392	0	1	831143	36bfe40eed33c8b8cb491894acd6f63c05c13e0d7a15a6e6f7b9401246d94c6d
go-flat-alta	lowest_carbon_dc	63	none	configs/scenarios/fase1/geo9_google_flat_alta.yaml	2026-08-07T17:48:05-03:00	2026-08-07T17:48:28-03:00	22.23	21.83	0.35	94652	0	1	831216	36bfe40eed33c8b8cb491894acd6f63c05c13e0d7a15a6e6f7b9401246d94c6d
go-flat-alta	lowest_carbon_dc	64	none	configs/scenarios/fase1/geo9_google_flat_alta.yaml	2026-08-07T17:48:06-03:00	2026-08-07T17:48:19-03:00	13.08	12.62	0.33	94196	0	1	831240	36bfe40eed33c8b8cb491894acd6f63c05c13e0d7a15a6e6f7b9401246d94c6d
go-flat-alta	lowest_carbon_dc	65	none	configs/scenarios/fase1/geo9_google_flat_alta.yaml	2026-08-07T17:48:13-03:00	2026-08-07T17:48:35-03:00	22.50	22.04	0.37	93548	0	1	831387	36bfe40eed33c8b8cb491894acd6f63c05c13e0d7a15a6e6f7b9401246d94c6d
go-flat-alta	lowest_carbon_dc	66	none	configs/scenarios/fase1/geo9_google_flat_alta.yaml	2026-08-07T17:48:13-03:00	2026-08-07T17:48:30-03:00	16.25	15.80	0.33	93872	0	1	831411	36bfe40eed33c8b8cb491894acd6f63c05c13e0d7a15a6e6f7b9401246d94c6d
go-flat-alta	lowest_carbon_dc	67	none	configs/scenarios/fase1/geo9_google_flat_alta.yaml	2026-08-07T17:48:14-03:00	2026-08-07T17:48:36-03:00	21.78	21.37	0.34	93600	0	1	831424	36bfe40eed33c8b8cb491894acd6f63c05c13e0d7a15a6e6f7b9401246d94c6d
go-flat-alta	lowest_carbon_dc	68	none	configs/scenarios/fase1/geo9_google_flat_alta.yaml	2026-08-07T17:48:17-03:00	2026-08-07T17:48:38-03:00	20.81	20.47	0.33	95036	0	1	831526	36bfe40eed33c8b8cb491894acd6f63c05c13e0d7a15a6e6f7b9401246d94c6d
go-flat-alta	lowest_carbon_dc	69	none	configs/scenarios/fase1/geo9_google_flat_alta.yaml	2026-08-07T17:48:19-03:00	2026-08-07T17:48:32-03:00	12.09	11.74	0.28	94652	0	1	831568	36bfe40eed33c8b8cb491894acd6f63c05c13e0d7a15a6e6f7b9401246d94c6d
go-flat-alta	lowest_carbon_dc	70	none	configs/scenarios/fase1/geo9_google_flat_alta.yaml	2026-08-07T17:48:23-03:00	2026-08-07T17:48:38-03:00	14.84	14.47	0.29	95832	0	1	831672	36bfe40eed33c8b8cb491894acd6f63c05c13e0d7a15a6e6f7b9401246d94c6d
go-flat-alta	lowest_carbon_dc	71	none	configs/scenarios/fase1/geo9_google_flat_alta.yaml	2026-08-07T17:48:24-03:00	2026-08-07T17:48:45-03:00	20.51	20.21	0.28	95012	0	1	831685	36bfe40eed33c8b8cb491894acd6f63c05c13e0d7a15a6e6f7b9401246d94c6d
go-flat-alta	round_robin	52	none	configs/scenarios/fase1/geo9_google_flat_alta.yaml	2026-08-07T17:45:07-03:00	2026-08-07T17:45:30-03:00	22.60	22.24	0.34	95200	0	1	826547	36bfe40eed33c8b8cb491894acd6f63c05c13e0d7a15a6e6f7b9401246d94c6d
go-flat-alta	round_robin	53	none	configs/scenarios/fase1/geo9_google_flat_alta.yaml	2026-08-07T17:45:11-03:00	2026-08-07T17:45:30-03:00	19.54	19.14	0.35	95092	0	1	826669	36bfe40eed33c8b8cb491894acd6f63c05c13e0d7a15a6e6f7b9401246d94c6d
go-flat-alta	round_robin	54	none	configs/scenarios/fase1/geo9_google_flat_alta.yaml	2026-08-07T17:45:13-03:00	2026-08-07T17:45:38-03:00	25.44	25.01	0.36	96156	0	1	826739	36bfe40eed33c8b8cb491894acd6f63c05c13e0d7a15a6e6f7b9401246d94c6d
go-flat-alta	round_robin	55	none	configs/scenarios/fase1/geo9_google_flat_alta.yaml	2026-08-07T17:45:16-03:00	2026-08-07T17:45:39-03:00	22.56	22.15	0.31	95788	0	1	826789	36bfe40eed33c8b8cb491894acd6f63c05c13e0d7a15a6e6f7b9401246d94c6d
go-flat-alta	round_robin	56	none	configs/scenarios/fase1/geo9_google_flat_alta.yaml	2026-08-07T17:45:18-03:00	2026-08-07T17:45:45-03:00	26.48	26.10	0.34	94708	0	1	826846	36bfe40eed33c8b8cb491894acd6f63c05c13e0d7a15a6e6f7b9401246d94c6d
go-flat-alta	round_robin	57	none	configs/scenarios/fase1/geo9_google_flat_alta.yaml	2026-08-07T17:45:20-03:00	2026-08-07T17:45:36-03:00	15.10	14.80	0.27	96272	0	1	826896	36bfe40eed33c8b8cb491894acd6f63c05c13e0d7a15a6e6f7b9401246d94c6d
go-flat-alta	round_robin	58	none	configs/scenarios/fase1/geo9_google_flat_alta.yaml	2026-08-07T17:45:21-03:00	2026-08-07T17:45:47-03:00	26.68	26.27	0.35	94272	0	1	826910	36bfe40eed33c8b8cb491894acd6f63c05c13e0d7a15a6e6f7b9401246d94c6d
go-flat-alta	round_robin	59	none	configs/scenarios/fase1/geo9_google_flat_alta.yaml	2026-08-07T17:45:30-03:00	2026-08-07T17:45:47-03:00	17.26	16.89	0.32	95908	0	1	827114	36bfe40eed33c8b8cb491894acd6f63c05c13e0d7a15a6e6f7b9401246d94c6d
go-flat-alta	round_robin	60	none	configs/scenarios/fase1/geo9_google_flat_alta.yaml	2026-08-07T17:45:30-03:00	2026-08-07T17:45:49-03:00	18.58	18.23	0.32	94852	0	1	827132	36bfe40eed33c8b8cb491894acd6f63c05c13e0d7a15a6e6f7b9401246d94c6d
go-flat-alta	round_robin	61	none	configs/scenarios/fase1/geo9_google_flat_alta.yaml	2026-08-07T17:45:36-03:00	2026-08-07T17:46:01-03:00	25.65	25.27	0.35	95856	0	1	827294	36bfe40eed33c8b8cb491894acd6f63c05c13e0d7a15a6e6f7b9401246d94c6d
go-flat-alta	round_robin	62	none	configs/scenarios/fase1/geo9_google_flat_alta.yaml	2026-08-07T17:45:38-03:00	2026-08-07T17:45:57-03:00	19.19	18.70	0.36	93804	0	1	827378	36bfe40eed33c8b8cb491894acd6f63c05c13e0d7a15a6e6f7b9401246d94c6d
go-flat-alta	round_robin	63	none	configs/scenarios/fase1/geo9_google_flat_alta.yaml	2026-08-07T17:45:39-03:00	2026-08-07T17:46:08-03:00	29.21	28.67	0.39	96552	0	1	827402	36bfe40eed33c8b8cb491894acd6f63c05c13e0d7a15a6e6f7b9401246d94c6d
go-flat-alta	round_robin	64	none	configs/scenarios/fase1/geo9_google_flat_alta.yaml	2026-08-07T17:45:45-03:00	2026-08-07T17:46:12-03:00	26.81	26.34	0.36	95200	0	1	827531	36bfe40eed33c8b8cb491894acd6f63c05c13e0d7a15a6e6f7b9401246d94c6d
go-flat-alta	round_robin	65	none	configs/scenarios/fase1/geo9_google_flat_alta.yaml	2026-08-07T17:45:47-03:00	2026-08-07T17:46:03-03:00	15.97	15.65	0.29	95308	0	1	827583	36bfe40eed33c8b8cb491894acd6f63c05c13e0d7a15a6e6f7b9401246d94c6d
go-flat-alta	round_robin	66	none	configs/scenarios/fase1/geo9_google_flat_alta.yaml	2026-08-07T17:45:47-03:00	2026-08-07T17:46:07-03:00	19.93	19.55	0.32	94280	0	1	827615	36bfe40eed33c8b8cb491894acd6f63c05c13e0d7a15a6e6f7b9401246d94c6d
go-flat-alta	round_robin	67	none	configs/scenarios/fase1/geo9_google_flat_alta.yaml	2026-08-07T17:45:49-03:00	2026-08-07T17:46:08-03:00	18.64	18.25	0.34	95200	0	1	827659	36bfe40eed33c8b8cb491894acd6f63c05c13e0d7a15a6e6f7b9401246d94c6d
go-flat-alta	round_robin	68	none	configs/scenarios/fase1/geo9_google_flat_alta.yaml	2026-08-07T17:45:57-03:00	2026-08-07T17:46:17-03:00	19.18	18.81	0.34	95064	0	1	827840	36bfe40eed33c8b8cb491894acd6f63c05c13e0d7a15a6e6f7b9401246d94c6d
go-flat-alta	round_robin	69	none	configs/scenarios/fase1/geo9_google_flat_alta.yaml	2026-08-07T17:46:01-03:00	2026-08-07T17:46:20-03:00	18.23	17.81	0.32	97128	0	1	827923	36bfe40eed33c8b8cb491894acd6f63c05c13e0d7a15a6e6f7b9401246d94c6d
go-flat-alta	round_robin	70	none	configs/scenarios/fase1/geo9_google_flat_alta.yaml	2026-08-07T17:46:03-03:00	2026-08-07T17:46:31-03:00	27.96	27.58	0.36	95488	0	1	827975	36bfe40eed33c8b8cb491894acd6f63c05c13e0d7a15a6e6f7b9401246d94c6d
go-flat-alta	round_robin	71	none	configs/scenarios/fase1/geo9_google_flat_alta.yaml	2026-08-07T17:46:07-03:00	2026-08-07T17:46:20-03:00	12.21	11.86	0.28	94764	0	1	828074	36bfe40eed33c8b8cb491894acd6f63c05c13e0d7a15a6e6f7b9401246d94c6d
go-flat-alta	worst_fit	52	none	configs/scenarios/fase1/geo9_google_flat_alta.yaml	2026-08-07T17:43:56-03:00	2026-08-07T17:44:18-03:00	21.75	21.34	0.33	95856	0	1	824735	36bfe40eed33c8b8cb491894acd6f63c05c13e0d7a15a6e6f7b9401246d94c6d
go-flat-alta	worst_fit	53	none	configs/scenarios/fase1/geo9_google_flat_alta.yaml	2026-08-07T17:44:00-03:00	2026-08-07T17:44:17-03:00	17.71	17.24	0.36	95520	0	1	824837	36bfe40eed33c8b8cb491894acd6f63c05c13e0d7a15a6e6f7b9401246d94c6d
go-flat-alta	worst_fit	54	none	configs/scenarios/fase1/geo9_google_flat_alta.yaml	2026-08-07T17:44:03-03:00	2026-08-07T17:44:21-03:00	17.04	16.71	0.31	95536	0	1	824939	36bfe40eed33c8b8cb491894acd6f63c05c13e0d7a15a6e6f7b9401246d94c6d
go-flat-alta	worst_fit	55	none	configs/scenarios/fase1/geo9_google_flat_alta.yaml	2026-08-07T17:44:10-03:00	2026-08-07T17:44:28-03:00	17.56	17.24	0.31	95728	0	1	825078	36bfe40eed33c8b8cb491894acd6f63c05c13e0d7a15a6e6f7b9401246d94c6d
go-flat-alta	worst_fit	56	none	configs/scenarios/fase1/geo9_google_flat_alta.yaml	2026-08-07T17:44:17-03:00	2026-08-07T17:44:41-03:00	23.64	23.13	0.45	95472	0	1	825253	36bfe40eed33c8b8cb491894acd6f63c05c13e0d7a15a6e6f7b9401246d94c6d
go-flat-alta	worst_fit	57	none	configs/scenarios/fase1/geo9_google_flat_alta.yaml	2026-08-07T17:44:17-03:00	2026-08-07T17:44:35-03:00	17.86	17.46	0.32	96992	0	1	825286	36bfe40eed33c8b8cb491894acd6f63c05c13e0d7a15a6e6f7b9401246d94c6d
go-flat-alta	worst_fit	58	none	configs/scenarios/fase1/geo9_google_flat_alta.yaml	2026-08-07T17:44:18-03:00	2026-08-07T17:44:39-03:00	21.67	21.14	0.36	94088	0	1	825299	36bfe40eed33c8b8cb491894acd6f63c05c13e0d7a15a6e6f7b9401246d94c6d
go-flat-alta	worst_fit	59	none	configs/scenarios/fase1/geo9_google_flat_alta.yaml	2026-08-07T17:44:21-03:00	2026-08-07T17:44:41-03:00	20.04	19.63	0.34	94584	0	1	825341	36bfe40eed33c8b8cb491894acd6f63c05c13e0d7a15a6e6f7b9401246d94c6d
go-flat-alta	worst_fit	60	none	configs/scenarios/fase1/geo9_google_flat_alta.yaml	2026-08-07T17:44:22-03:00	2026-08-07T17:44:47-03:00	25.18	24.62	0.51	95340	0	1	825413	36bfe40eed33c8b8cb491894acd6f63c05c13e0d7a15a6e6f7b9401246d94c6d
go-flat-alta	worst_fit	61	none	configs/scenarios/fase1/geo9_google_flat_alta.yaml	2026-08-07T17:44:28-03:00	2026-08-07T17:44:50-03:00	22.75	22.30	0.29	95864	0	1	825548	36bfe40eed33c8b8cb491894acd6f63c05c13e0d7a15a6e6f7b9401246d94c6d
go-flat-alta	worst_fit	62	none	configs/scenarios/fase1/geo9_google_flat_alta.yaml	2026-08-07T17:44:35-03:00	2026-08-07T17:44:50-03:00	14.97	14.54	0.34	94844	0	1	825695	36bfe40eed33c8b8cb491894acd6f63c05c13e0d7a15a6e6f7b9401246d94c6d
go-flat-alta	worst_fit	63	none	configs/scenarios/fase1/geo9_google_flat_alta.yaml	2026-08-07T17:44:39-03:00	2026-08-07T17:44:58-03:00	18.28	17.86	0.30	95952	0	1	825800	36bfe40eed33c8b8cb491894acd6f63c05c13e0d7a15a6e6f7b9401246d94c6d
go-flat-alta	worst_fit	64	none	configs/scenarios/fase1/geo9_google_flat_alta.yaml	2026-08-07T17:44:41-03:00	2026-08-07T17:45:05-03:00	24.51	24.14	0.34	95100	0	1	825843	36bfe40eed33c8b8cb491894acd6f63c05c13e0d7a15a6e6f7b9401246d94c6d
go-flat-alta	worst_fit	65	none	configs/scenarios/fase1/geo9_google_flat_alta.yaml	2026-08-07T17:44:41-03:00	2026-08-07T17:45:01-03:00	19.69	19.26	0.32	94264	0	1	825856	36bfe40eed33c8b8cb491894acd6f63c05c13e0d7a15a6e6f7b9401246d94c6d
go-flat-alta	worst_fit	66	none	configs/scenarios/fase1/geo9_google_flat_alta.yaml	2026-08-07T17:44:47-03:00	2026-08-07T17:45:13-03:00	25.39	24.83	0.37	96568	0	1	826016	36bfe40eed33c8b8cb491894acd6f63c05c13e0d7a15a6e6f7b9401246d94c6d
go-flat-alta	worst_fit	67	none	configs/scenarios/fase1/geo9_google_flat_alta.yaml	2026-08-07T17:44:50-03:00	2026-08-07T17:45:11-03:00	20.46	20.01	0.35	95148	0	1	826096	36bfe40eed33c8b8cb491894acd6f63c05c13e0d7a15a6e6f7b9401246d94c6d
go-flat-alta	worst_fit	68	none	configs/scenarios/fase1/geo9_google_flat_alta.yaml	2026-08-07T17:44:50-03:00	2026-08-07T17:45:07-03:00	16.64	16.32	0.29	95520	0	1	826109	36bfe40eed33c8b8cb491894acd6f63c05c13e0d7a15a6e6f7b9401246d94c6d
go-flat-alta	worst_fit	69	none	configs/scenarios/fase1/geo9_google_flat_alta.yaml	2026-08-07T17:44:58-03:00	2026-08-07T17:45:18-03:00	20.64	20.21	0.29	94620	0	1	826258	36bfe40eed33c8b8cb491894acd6f63c05c13e0d7a15a6e6f7b9401246d94c6d
go-flat-alta	worst_fit	70	none	configs/scenarios/fase1/geo9_google_flat_alta.yaml	2026-08-07T17:45:01-03:00	2026-08-07T17:45:20-03:00	19.84	19.40	0.32	94780	0	1	826374	36bfe40eed33c8b8cb491894acd6f63c05c13e0d7a15a6e6f7b9401246d94c6d
go-flat-alta	worst_fit	71	none	configs/scenarios/fase1/geo9_google_flat_alta.yaml	2026-08-07T17:45:05-03:00	2026-08-07T17:45:21-03:00	15.56	15.12	0.32	95252	0	1	826504	36bfe40eed33c8b8cb491894acd6f63c05c13e0d7a15a6e6f7b9401246d94c6d
go-flat-alta	wsnb	52	none	configs/scenarios/fase1/geo9_google_flat_alta.yaml	2026-08-07T17:49:19-03:00	2026-08-07T17:49:39-03:00	19.43	18.99	0.34	93312	0	1	833119	36bfe40eed33c8b8cb491894acd6f63c05c13e0d7a15a6e6f7b9401246d94c6d
go-flat-alta	wsnb	53	none	configs/scenarios/fase1/geo9_google_flat_alta.yaml	2026-08-07T17:49:19-03:00	2026-08-07T17:49:42-03:00	23.01	22.51	0.48	93748	0	1	833132	36bfe40eed33c8b8cb491894acd6f63c05c13e0d7a15a6e6f7b9401246d94c6d
go-flat-alta	wsnb	54	none	configs/scenarios/fase1/geo9_google_flat_alta.yaml	2026-08-07T17:49:20-03:00	2026-08-07T17:49:48-03:00	27.73	27.19	0.35	93484	0	1	833163	36bfe40eed33c8b8cb491894acd6f63c05c13e0d7a15a6e6f7b9401246d94c6d
go-flat-alta	wsnb	55	none	configs/scenarios/fase1/geo9_google_flat_alta.yaml	2026-08-07T17:49:23-03:00	2026-08-07T17:49:42-03:00	18.95	18.58	0.31	93436	0	1	833244	36bfe40eed33c8b8cb491894acd6f63c05c13e0d7a15a6e6f7b9401246d94c6d
go-flat-alta	wsnb	56	none	configs/scenarios/fase1/geo9_google_flat_alta.yaml	2026-08-07T17:49:29-03:00	2026-08-07T17:49:44-03:00	15.05	14.64	0.33	94932	0	1	833366	36bfe40eed33c8b8cb491894acd6f63c05c13e0d7a15a6e6f7b9401246d94c6d
go-flat-alta	wsnb	57	none	configs/scenarios/fase1/geo9_google_flat_alta.yaml	2026-08-07T17:49:30-03:00	2026-08-07T17:49:47-03:00	16.74	16.33	0.32	93132	0	1	833391	36bfe40eed33c8b8cb491894acd6f63c05c13e0d7a15a6e6f7b9401246d94c6d
go-flat-alta	wsnb	58	none	configs/scenarios/fase1/geo9_google_flat_alta.yaml	2026-08-07T17:49:34-03:00	2026-08-07T17:49:57-03:00	22.55	22.09	0.35	93032	0	1	833500	36bfe40eed33c8b8cb491894acd6f63c05c13e0d7a15a6e6f7b9401246d94c6d
go-flat-alta	wsnb	59	none	configs/scenarios/fase1/geo9_google_flat_alta.yaml	2026-08-07T17:49:38-03:00	2026-08-07T17:49:59-03:00	20.24	19.78	0.36	95532	0	1	833618	36bfe40eed33c8b8cb491894acd6f63c05c13e0d7a15a6e6f7b9401246d94c6d
go-flat-alta	wsnb	60	none	configs/scenarios/fase1/geo9_google_flat_alta.yaml	2026-08-07T17:49:39-03:00	2026-08-07T17:49:53-03:00	14.32	13.96	0.29	92068	0	1	833652	36bfe40eed33c8b8cb491894acd6f63c05c13e0d7a15a6e6f7b9401246d94c6d
go-flat-alta	wsnb	61	none	configs/scenarios/fase1/geo9_google_flat_alta.yaml	2026-08-07T17:49:42-03:00	2026-08-07T17:50:07-03:00	24.64	24.09	0.35	94152	0	1	833748	36bfe40eed33c8b8cb491894acd6f63c05c13e0d7a15a6e6f7b9401246d94c6d
go-flat-alta	wsnb	62	none	configs/scenarios/fase1/geo9_google_flat_alta.yaml	2026-08-07T17:49:42-03:00	2026-08-07T17:50:10-03:00	27.91	27.47	0.36	94684	0	1	833761	36bfe40eed33c8b8cb491894acd6f63c05c13e0d7a15a6e6f7b9401246d94c6d
go-flat-alta	wsnb	63	none	configs/scenarios/fase1/geo9_google_flat_alta.yaml	2026-08-07T17:49:44-03:00	2026-08-07T17:49:55-03:00	11.29	10.97	0.30	94152	0	1	833812	36bfe40eed33c8b8cb491894acd6f63c05c13e0d7a15a6e6f7b9401246d94c6d
go-flat-alta	wsnb	64	none	configs/scenarios/fase1/geo9_google_flat_alta.yaml	2026-08-07T17:49:47-03:00	2026-08-07T17:50:03-03:00	15.81	15.40	0.29	95436	0	1	833877	36bfe40eed33c8b8cb491894acd6f63c05c13e0d7a15a6e6f7b9401246d94c6d
go-flat-alta	wsnb	65	none	configs/scenarios/fase1/geo9_google_flat_alta.yaml	2026-08-07T17:49:48-03:00	2026-08-07T17:50:07-03:00	18.59	18.13	0.33	91592	0	1	833930	36bfe40eed33c8b8cb491894acd6f63c05c13e0d7a15a6e6f7b9401246d94c6d
go-flat-alta	wsnb	66	none	configs/scenarios/fase1/geo9_google_flat_alta.yaml	2026-08-07T17:49:53-03:00	2026-08-07T17:50:13-03:00	20.06	19.64	0.37	92692	0	1	834051	36bfe40eed33c8b8cb491894acd6f63c05c13e0d7a15a6e6f7b9401246d94c6d
go-flat-alta	wsnb	67	none	configs/scenarios/fase1/geo9_google_flat_alta.yaml	2026-08-07T17:49:55-03:00	2026-08-07T17:50:17-03:00	21.47	21.00	0.32	93604	0	1	834095	36bfe40eed33c8b8cb491894acd6f63c05c13e0d7a15a6e6f7b9401246d94c6d
go-flat-alta	wsnb	68	none	configs/scenarios/fase1/geo9_google_flat_alta.yaml	2026-08-07T17:49:57-03:00	2026-08-07T17:50:18-03:00	21.05	20.49	0.32	94828	0	1	834145	36bfe40eed33c8b8cb491894acd6f63c05c13e0d7a15a6e6f7b9401246d94c6d
go-flat-alta	wsnb	69	none	configs/scenarios/fase1/geo9_google_flat_alta.yaml	2026-08-07T17:49:59-03:00	2026-08-07T17:50:25-03:00	26.18	25.76	0.33	94504	0	1	834196	36bfe40eed33c8b8cb491894acd6f63c05c13e0d7a15a6e6f7b9401246d94c6d
go-flat-alta	wsnb	70	none	configs/scenarios/fase1/geo9_google_flat_alta.yaml	2026-08-07T17:50:03-03:00	2026-08-07T17:50:22-03:00	19.19	18.85	0.31	95472	0	1	834289	36bfe40eed33c8b8cb491894acd6f63c05c13e0d7a15a6e6f7b9401246d94c6d
go-flat-alta	wsnb	71	none	configs/scenarios/fase1/geo9_google_flat_alta.yaml	2026-08-07T17:50:07-03:00	2026-08-07T17:50:30-03:00	22.71	22.27	0.37	92688	0	1	834392	36bfe40eed33c8b8cb491894acd6f63c05c13e0d7a15a6e6f7b9401246d94c6d
go-flat-folgada	best_fit	52	none	configs/scenarios/fase1/geo9_google_flat_folgada.yaml	2026-08-07T17:39:22-03:00	2026-08-07T17:39:23-03:00	0.98	0.89	0.09	37268	0	1	815945	36bfe40eed33c8b8cb491894acd6f63c05c13e0d7a15a6e6f7b9401246d94c6d
go-flat-folgada	best_fit	53	none	configs/scenarios/fase1/geo9_google_flat_folgada.yaml	2026-08-07T17:39:23-03:00	2026-08-07T17:39:24-03:00	1.33	1.21	0.10	37244	0	1	815978	36bfe40eed33c8b8cb491894acd6f63c05c13e0d7a15a6e6f7b9401246d94c6d
go-flat-folgada	best_fit	54	none	configs/scenarios/fase1/geo9_google_flat_folgada.yaml	2026-08-07T17:39:23-03:00	2026-08-07T17:39:24-03:00	1.30	1.19	0.10	37196	0	1	815991	36bfe40eed33c8b8cb491894acd6f63c05c13e0d7a15a6e6f7b9401246d94c6d
go-flat-folgada	best_fit	55	none	configs/scenarios/fase1/geo9_google_flat_folgada.yaml	2026-08-07T17:39:24-03:00	2026-08-07T17:39:26-03:00	1.34	1.20	0.12	37168	0	1	816033	36bfe40eed33c8b8cb491894acd6f63c05c13e0d7a15a6e6f7b9401246d94c6d
go-flat-folgada	best_fit	56	none	configs/scenarios/fase1/geo9_google_flat_folgada.yaml	2026-08-07T17:39:24-03:00	2026-08-07T17:39:26-03:00	1.31	1.20	0.10	37268	0	1	816056	36bfe40eed33c8b8cb491894acd6f63c05c13e0d7a15a6e6f7b9401246d94c6d
go-flat-folgada	best_fit	57	none	configs/scenarios/fase1/geo9_google_flat_folgada.yaml	2026-08-07T17:39:26-03:00	2026-08-07T17:39:27-03:00	1.26	1.16	0.09	37268	0	1	816091	36bfe40eed33c8b8cb491894acd6f63c05c13e0d7a15a6e6f7b9401246d94c6d
go-flat-folgada	best_fit	58	none	configs/scenarios/fase1/geo9_google_flat_folgada.yaml	2026-08-07T17:39:26-03:00	2026-08-07T17:39:27-03:00	1.30	1.19	0.10	37468	0	1	816104	36bfe40eed33c8b8cb491894acd6f63c05c13e0d7a15a6e6f7b9401246d94c6d
go-flat-folgada	best_fit	59	none	configs/scenarios/fase1/geo9_google_flat_folgada.yaml	2026-08-07T17:39:27-03:00	2026-08-07T17:39:28-03:00	1.32	1.20	0.11	37360	0	1	816137	36bfe40eed33c8b8cb491894acd6f63c05c13e0d7a15a6e6f7b9401246d94c6d
go-flat-folgada	best_fit	60	none	configs/scenarios/fase1/geo9_google_flat_folgada.yaml	2026-08-07T17:39:27-03:00	2026-08-07T17:39:28-03:00	1.33	1.22	0.10	37260	0	1	816150	36bfe40eed33c8b8cb491894acd6f63c05c13e0d7a15a6e6f7b9401246d94c6d
go-flat-folgada	best_fit	61	none	configs/scenarios/fase1/geo9_google_flat_folgada.yaml	2026-08-07T17:39:28-03:00	2026-08-07T17:39:29-03:00	1.31	1.18	0.10	37164	0	1	816175	36bfe40eed33c8b8cb491894acd6f63c05c13e0d7a15a6e6f7b9401246d94c6d
go-flat-folgada	best_fit	62	none	configs/scenarios/fase1/geo9_google_flat_folgada.yaml	2026-08-07T17:39:28-03:00	2026-08-07T17:39:30-03:00	1.32	1.21	0.10	37188	0	1	816188	36bfe40eed33c8b8cb491894acd6f63c05c13e0d7a15a6e6f7b9401246d94c6d
go-flat-folgada	best_fit	63	none	configs/scenarios/fase1/geo9_google_flat_folgada.yaml	2026-08-07T17:39:29-03:00	2026-08-07T17:39:31-03:00	1.11	1.01	0.09	37336	0	1	816253	36bfe40eed33c8b8cb491894acd6f63c05c13e0d7a15a6e6f7b9401246d94c6d
go-flat-folgada	best_fit	64	none	configs/scenarios/fase1/geo9_google_flat_folgada.yaml	2026-08-07T17:39:30-03:00	2026-08-07T17:39:31-03:00	1.29	1.17	0.11	37404	0	1	816266	36bfe40eed33c8b8cb491894acd6f63c05c13e0d7a15a6e6f7b9401246d94c6d
go-flat-folgada	best_fit	65	none	configs/scenarios/fase1/geo9_google_flat_folgada.yaml	2026-08-07T17:39:31-03:00	2026-08-07T17:39:32-03:00	1.22	1.13	0.08	37156	0	1	816291	36bfe40eed33c8b8cb491894acd6f63c05c13e0d7a15a6e6f7b9401246d94c6d
go-flat-folgada	best_fit	66	none	configs/scenarios/fase1/geo9_google_flat_folgada.yaml	2026-08-07T17:39:31-03:00	2026-08-07T17:39:32-03:00	1.36	1.24	0.11	37120	0	1	816314	36bfe40eed33c8b8cb491894acd6f63c05c13e0d7a15a6e6f7b9401246d94c6d
go-flat-folgada	best_fit	67	none	configs/scenarios/fase1/geo9_google_flat_folgada.yaml	2026-08-07T17:39:32-03:00	2026-08-07T17:39:33-03:00	1.30	1.18	0.11	37084	0	1	816338	36bfe40eed33c8b8cb491894acd6f63c05c13e0d7a15a6e6f7b9401246d94c6d
go-flat-folgada	best_fit	68	none	configs/scenarios/fase1/geo9_google_flat_folgada.yaml	2026-08-07T17:39:32-03:00	2026-08-07T17:39:34-03:00	1.22	1.09	0.11	37108	0	1	816351	36bfe40eed33c8b8cb491894acd6f63c05c13e0d7a15a6e6f7b9401246d94c6d
go-flat-folgada	best_fit	69	none	configs/scenarios/fase1/geo9_google_flat_folgada.yaml	2026-08-07T17:39:33-03:00	2026-08-07T17:39:35-03:00	1.34	1.20	0.09	37232	0	1	816385	36bfe40eed33c8b8cb491894acd6f63c05c13e0d7a15a6e6f7b9401246d94c6d
go-flat-folgada	best_fit	70	none	configs/scenarios/fase1/geo9_google_flat_folgada.yaml	2026-08-07T17:39:34-03:00	2026-08-07T17:39:35-03:00	1.32	1.21	0.10	37100	0	1	816443	36bfe40eed33c8b8cb491894acd6f63c05c13e0d7a15a6e6f7b9401246d94c6d
go-flat-folgada	best_fit	71	none	configs/scenarios/fase1/geo9_google_flat_folgada.yaml	2026-08-07T17:39:35-03:00	2026-08-07T17:39:36-03:00	1.38	1.25	0.11	37184	0	1	816467	36bfe40eed33c8b8cb491894acd6f63c05c13e0d7a15a6e6f7b9401246d94c6d
go-flat-folgada	bfd	52	none	configs/scenarios/fase1/geo9_google_flat_folgada.yaml	2026-08-07T17:40:12-03:00	2026-08-07T17:40:13-03:00	1.28	1.17	0.10	37308	0	1	818024	36bfe40eed33c8b8cb491894acd6f63c05c13e0d7a15a6e6f7b9401246d94c6d
go-flat-folgada	bfd	53	none	configs/scenarios/fase1/geo9_google_flat_folgada.yaml	2026-08-07T17:40:12-03:00	2026-08-07T17:40:13-03:00	1.17	1.08	0.09	37212	0	1	818029	36bfe40eed33c8b8cb491894acd6f63c05c13e0d7a15a6e6f7b9401246d94c6d
go-flat-folgada	bfd	54	none	configs/scenarios/fase1/geo9_google_flat_folgada.yaml	2026-08-07T17:40:12-03:00	2026-08-07T17:40:14-03:00	1.29	1.19	0.09	37108	0	1	818054	36bfe40eed33c8b8cb491894acd6f63c05c13e0d7a15a6e6f7b9401246d94c6d
go-flat-folgada	bfd	55	none	configs/scenarios/fase1/geo9_google_flat_folgada.yaml	2026-08-07T17:40:13-03:00	2026-08-07T17:40:14-03:00	1.24	1.09	0.12	37276	0	1	818067	36bfe40eed33c8b8cb491894acd6f63c05c13e0d7a15a6e6f7b9401246d94c6d
go-flat-folgada	bfd	56	none	configs/scenarios/fase1/geo9_google_flat_folgada.yaml	2026-08-07T17:40:13-03:00	2026-08-07T17:40:15-03:00	1.29	1.19	0.09	37096	0	1	818090	36bfe40eed33c8b8cb491894acd6f63c05c13e0d7a15a6e6f7b9401246d94c6d
go-flat-folgada	bfd	57	none	configs/scenarios/fase1/geo9_google_flat_folgada.yaml	2026-08-07T17:40:14-03:00	2026-08-07T17:40:15-03:00	1.20	1.10	0.09	37092	0	1	818103	36bfe40eed33c8b8cb491894acd6f63c05c13e0d7a15a6e6f7b9401246d94c6d
go-flat-folgada	bfd	58	none	configs/scenarios/fase1/geo9_google_flat_folgada.yaml	2026-08-07T17:40:14-03:00	2026-08-07T17:40:16-03:00	1.24	1.13	0.10	37216	0	1	818155	36bfe40eed33c8b8cb491894acd6f63c05c13e0d7a15a6e6f7b9401246d94c6d
go-flat-folgada	bfd	59	none	configs/scenarios/fase1/geo9_google_flat_folgada.yaml	2026-08-07T17:40:15-03:00	2026-08-07T17:40:16-03:00	1.18	1.04	0.12	37116	0	1	818168	36bfe40eed33c8b8cb491894acd6f63c05c13e0d7a15a6e6f7b9401246d94c6d
go-flat-folgada	bfd	60	none	configs/scenarios/fase1/geo9_google_flat_folgada.yaml	2026-08-07T17:40:15-03:00	2026-08-07T17:40:16-03:00	1.30	1.18	0.10	37092	0	1	818181	36bfe40eed33c8b8cb491894acd6f63c05c13e0d7a15a6e6f7b9401246d94c6d
go-flat-folgada	bfd	61	none	configs/scenarios/fase1/geo9_google_flat_folgada.yaml	2026-08-07T17:40:16-03:00	2026-08-07T17:40:17-03:00	1.35	1.23	0.11	37132	0	1	818212	36bfe40eed33c8b8cb491894acd6f63c05c13e0d7a15a6e6f7b9401246d94c6d
go-flat-folgada	bfd	62	none	configs/scenarios/fase1/geo9_google_flat_folgada.yaml	2026-08-07T17:40:16-03:00	2026-08-07T17:40:17-03:00	1.30	1.19	0.10	37304	0	1	818231	36bfe40eed33c8b8cb491894acd6f63c05c13e0d7a15a6e6f7b9401246d94c6d
go-flat-folgada	bfd	63	none	configs/scenarios/fase1/geo9_google_flat_folgada.yaml	2026-08-07T17:40:16-03:00	2026-08-07T17:40:17-03:00	1.19	1.07	0.11	37264	0	1	818244	36bfe40eed33c8b8cb491894acd6f63c05c13e0d7a15a6e6f7b9401246d94c6d
go-flat-folgada	bfd	64	none	configs/scenarios/fase1/geo9_google_flat_folgada.yaml	2026-08-07T17:40:17-03:00	2026-08-07T17:40:18-03:00	1.26	1.14	0.10	37276	0	1	818273	36bfe40eed33c8b8cb491894acd6f63c05c13e0d7a15a6e6f7b9401246d94c6d
go-flat-folgada	bfd	65	none	configs/scenarios/fase1/geo9_google_flat_folgada.yaml	2026-08-07T17:40:17-03:00	2026-08-07T17:40:19-03:00	1.33	1.22	0.10	37156	0	1	818286	36bfe40eed33c8b8cb491894acd6f63c05c13e0d7a15a6e6f7b9401246d94c6d
go-flat-folgada	bfd	66	none	configs/scenarios/fase1/geo9_google_flat_folgada.yaml	2026-08-07T17:40:17-03:00	2026-08-07T17:40:19-03:00	1.23	1.12	0.10	37304	0	1	818299	36bfe40eed33c8b8cb491894acd6f63c05c13e0d7a15a6e6f7b9401246d94c6d
go-flat-folgada	bfd	67	none	configs/scenarios/fase1/geo9_google_flat_folgada.yaml	2026-08-07T17:40:18-03:00	2026-08-07T17:40:20-03:00	1.33	1.21	0.11	37208	0	1	818341	36bfe40eed33c8b8cb491894acd6f63c05c13e0d7a15a6e6f7b9401246d94c6d
go-flat-folgada	bfd	68	none	configs/scenarios/fase1/geo9_google_flat_folgada.yaml	2026-08-07T17:40:19-03:00	2026-08-07T17:40:20-03:00	1.31	1.20	0.10	37164	0	1	818354	36bfe40eed33c8b8cb491894acd6f63c05c13e0d7a15a6e6f7b9401246d94c6d
go-flat-folgada	bfd	69	none	configs/scenarios/fase1/geo9_google_flat_folgada.yaml	2026-08-07T17:40:19-03:00	2026-08-07T17:40:20-03:00	1.34	1.22	0.11	37156	0	1	818367	36bfe40eed33c8b8cb491894acd6f63c05c13e0d7a15a6e6f7b9401246d94c6d
go-flat-folgada	bfd	70	none	configs/scenarios/fase1/geo9_google_flat_folgada.yaml	2026-08-07T17:40:20-03:00	2026-08-07T17:40:21-03:00	1.28	1.16	0.11	37156	0	1	818410	36bfe40eed33c8b8cb491894acd6f63c05c13e0d7a15a6e6f7b9401246d94c6d
go-flat-folgada	bfd	71	none	configs/scenarios/fase1/geo9_google_flat_folgada.yaml	2026-08-07T17:40:20-03:00	2026-08-07T17:40:21-03:00	1.31	1.20	0.10	37164	0	1	818433	36bfe40eed33c8b8cb491894acd6f63c05c13e0d7a15a6e6f7b9401246d94c6d
go-flat-folgada	cnemesis	52	cnemesis	configs/scenarios/fase1/geo9_google_flat_folgada.yaml	2026-08-07T17:40:57-03:00	2026-08-07T17:40:59-03:00	1.53	1.39	0.13	40888	0	1	820203	36bfe40eed33c8b8cb491894acd6f63c05c13e0d7a15a6e6f7b9401246d94c6d
go-flat-folgada	cnemesis	53	cnemesis	configs/scenarios/fase1/geo9_google_flat_folgada.yaml	2026-08-07T17:40:58-03:00	2026-08-07T17:41:00-03:00	1.60	1.46	0.12	41252	0	1	820234	36bfe40eed33c8b8cb491894acd6f63c05c13e0d7a15a6e6f7b9401246d94c6d
go-flat-folgada	cnemesis	54	cnemesis	configs/scenarios/fase1/geo9_google_flat_folgada.yaml	2026-08-07T17:40:58-03:00	2026-08-07T17:41:00-03:00	1.61	1.50	0.10	41220	0	1	820235	36bfe40eed33c8b8cb491894acd6f63c05c13e0d7a15a6e6f7b9401246d94c6d
go-flat-folgada	cnemesis	55	cnemesis	configs/scenarios/fase1/geo9_google_flat_folgada.yaml	2026-08-07T17:40:59-03:00	2026-08-07T17:41:00-03:00	1.46	1.33	0.12	41288	0	1	820252	36bfe40eed33c8b8cb491894acd6f63c05c13e0d7a15a6e6f7b9401246d94c6d
go-flat-folgada	cnemesis	56	cnemesis	configs/scenarios/fase1/geo9_google_flat_folgada.yaml	2026-08-07T17:40:59-03:00	2026-08-07T17:41:01-03:00	1.37	1.23	0.13	41024	0	1	820285	36bfe40eed33c8b8cb491894acd6f63c05c13e0d7a15a6e6f7b9401246d94c6d
go-flat-folgada	cnemesis	57	cnemesis	configs/scenarios/fase1/geo9_google_flat_folgada.yaml	2026-08-07T17:41:00-03:00	2026-08-07T17:41:02-03:00	1.53	1.36	0.14	41088	0	1	820325	36bfe40eed33c8b8cb491894acd6f63c05c13e0d7a15a6e6f7b9401246d94c6d
go-flat-folgada	cnemesis	58	cnemesis	configs/scenarios/fase1/geo9_google_flat_folgada.yaml	2026-08-07T17:41:00-03:00	2026-08-07T17:41:02-03:00	1.59	1.45	0.12	41032	0	1	820329	36bfe40eed33c8b8cb491894acd6f63c05c13e0d7a15a6e6f7b9401246d94c6d
go-flat-folgada	cnemesis	59	cnemesis	configs/scenarios/fase1/geo9_google_flat_folgada.yaml	2026-08-07T17:41:00-03:00	2026-08-07T17:41:02-03:00	1.53	1.36	0.13	40996	0	1	820345	36bfe40eed33c8b8cb491894acd6f63c05c13e0d7a15a6e6f7b9401246d94c6d
go-flat-folgada	cnemesis	60	cnemesis	configs/scenarios/fase1/geo9_google_flat_folgada.yaml	2026-08-07T17:41:01-03:00	2026-08-07T17:41:02-03:00	1.39	1.26	0.13	41052	0	1	820369	36bfe40eed33c8b8cb491894acd6f63c05c13e0d7a15a6e6f7b9401246d94c6d
go-flat-folgada	cnemesis	61	cnemesis	configs/scenarios/fase1/geo9_google_flat_folgada.yaml	2026-08-07T17:41:02-03:00	2026-08-07T17:41:03-03:00	1.58	1.43	0.14	40780	0	1	820402	36bfe40eed33c8b8cb491894acd6f63c05c13e0d7a15a6e6f7b9401246d94c6d
go-flat-folgada	cnemesis	62	cnemesis	configs/scenarios/fase1/geo9_google_flat_folgada.yaml	2026-08-07T17:41:02-03:00	2026-08-07T17:41:03-03:00	1.52	1.38	0.13	41420	0	1	820415	36bfe40eed33c8b8cb491894acd6f63c05c13e0d7a15a6e6f7b9401246d94c6d
go-flat-folgada	cnemesis	63	cnemesis	configs/scenarios/fase1/geo9_google_flat_folgada.yaml	2026-08-07T17:41:02-03:00	2026-08-07T17:41:03-03:00	1.65	1.54	0.10	40824	0	1	820428	36bfe40eed33c8b8cb491894acd6f63c05c13e0d7a15a6e6f7b9401246d94c6d
go-flat-folgada	cnemesis	64	cnemesis	configs/scenarios/fase1/geo9_google_flat_folgada.yaml	2026-08-07T17:41:02-03:00	2026-08-07T17:41:04-03:00	1.49	1.33	0.14	40644	0	1	820441	36bfe40eed33c8b8cb491894acd6f63c05c13e0d7a15a6e6f7b9401246d94c6d
go-flat-folgada	cnemesis	65	cnemesis	configs/scenarios/fase1/geo9_google_flat_folgada.yaml	2026-08-07T17:41:03-03:00	2026-08-07T17:41:05-03:00	1.35	1.22	0.12	41212	0	1	820491	36bfe40eed33c8b8cb491894acd6f63c05c13e0d7a15a6e6f7b9401246d94c6d
go-flat-folgada	cnemesis	66	cnemesis	configs/scenarios/fase1/geo9_google_flat_folgada.yaml	2026-08-07T17:41:03-03:00	2026-08-07T17:41:05-03:00	1.47	1.34	0.13	40964	0	1	820499	36bfe40eed33c8b8cb491894acd6f63c05c13e0d7a15a6e6f7b9401246d94c6d
go-flat-folgada	cnemesis	67	cnemesis	configs/scenarios/fase1/geo9_google_flat_folgada.yaml	2026-08-07T17:41:03-03:00	2026-08-07T17:41:05-03:00	1.74	1.61	0.12	41416	0	1	820512	36bfe40eed33c8b8cb491894acd6f63c05c13e0d7a15a6e6f7b9401246d94c6d
go-flat-folgada	cnemesis	68	cnemesis	configs/scenarios/fase1/geo9_google_flat_folgada.yaml	2026-08-07T17:41:04-03:00	2026-08-07T17:41:05-03:00	1.38	1.25	0.11	40612	0	1	820538	36bfe40eed33c8b8cb491894acd6f63c05c13e0d7a15a6e6f7b9401246d94c6d
go-flat-folgada	cnemesis	69	cnemesis	configs/scenarios/fase1/geo9_google_flat_folgada.yaml	2026-08-07T17:41:05-03:00	2026-08-07T17:41:06-03:00	1.63	1.51	0.11	41432	0	1	820580	36bfe40eed33c8b8cb491894acd6f63c05c13e0d7a15a6e6f7b9401246d94c6d
go-flat-folgada	cnemesis	70	cnemesis	configs/scenarios/fase1/geo9_google_flat_folgada.yaml	2026-08-07T17:41:05-03:00	2026-08-07T17:41:06-03:00	1.38	1.26	0.12	40768	0	1	820593	36bfe40eed33c8b8cb491894acd6f63c05c13e0d7a15a6e6f7b9401246d94c6d
go-flat-folgada	cnemesis	71	cnemesis	configs/scenarios/fase1/geo9_google_flat_folgada.yaml	2026-08-07T17:41:05-03:00	2026-08-07T17:41:07-03:00	1.56	1.43	0.11	41200	0	1	820616	36bfe40eed33c8b8cb491894acd6f63c05c13e0d7a15a6e6f7b9401246d94c6d
go-flat-folgada	ffd	52	none	configs/scenarios/fase1/geo9_google_flat_folgada.yaml	2026-08-07T17:40:01-03:00	2026-08-07T17:40:03-03:00	1.35	1.23	0.10	37156	0	1	817532	36bfe40eed33c8b8cb491894acd6f63c05c13e0d7a15a6e6f7b9401246d94c6d
go-flat-folgada	ffd	53	none	configs/scenarios/fase1/geo9_google_flat_folgada.yaml	2026-08-07T17:40:02-03:00	2026-08-07T17:40:03-03:00	1.21	1.11	0.09	37148	0	1	817568	36bfe40eed33c8b8cb491894acd6f63c05c13e0d7a15a6e6f7b9401246d94c6d
go-flat-folgada	ffd	54	none	configs/scenarios/fase1/geo9_google_flat_folgada.yaml	2026-08-07T17:40:03-03:00	2026-08-07T17:40:04-03:00	1.15	1.06	0.09	37200	0	1	817581	36bfe40eed33c8b8cb491894acd6f63c05c13e0d7a15a6e6f7b9401246d94c6d
go-flat-folgada	ffd	55	none	configs/scenarios/fase1/geo9_google_flat_folgada.yaml	2026-08-07T17:40:03-03:00	2026-08-07T17:40:05-03:00	1.27	1.16	0.10	37212	0	1	817604	36bfe40eed33c8b8cb491894acd6f63c05c13e0d7a15a6e6f7b9401246d94c6d
go-flat-folgada	ffd	56	none	configs/scenarios/fase1/geo9_google_flat_folgada.yaml	2026-08-07T17:40:04-03:00	2026-08-07T17:40:05-03:00	1.27	1.16	0.11	37188	0	1	817627	36bfe40eed33c8b8cb491894acd6f63c05c13e0d7a15a6e6f7b9401246d94c6d
go-flat-folgada	ffd	57	none	configs/scenarios/fase1/geo9_google_flat_folgada.yaml	2026-08-07T17:40:05-03:00	2026-08-07T17:40:06-03:00	1.23	1.11	0.11	37156	0	1	817669	36bfe40eed33c8b8cb491894acd6f63c05c13e0d7a15a6e6f7b9401246d94c6d
go-flat-folgada	ffd	58	none	configs/scenarios/fase1/geo9_google_flat_folgada.yaml	2026-08-07T17:40:05-03:00	2026-08-07T17:40:06-03:00	0.88	0.78	0.10	37276	0	1	817682	36bfe40eed33c8b8cb491894acd6f63c05c13e0d7a15a6e6f7b9401246d94c6d
go-flat-folgada	ffd	59	none	configs/scenarios/fase1/geo9_google_flat_folgada.yaml	2026-08-07T17:40:06-03:00	2026-08-07T17:40:07-03:00	1.17	1.07	0.09	37060	0	1	817716	36bfe40eed33c8b8cb491894acd6f63c05c13e0d7a15a6e6f7b9401246d94c6d
go-flat-folgada	ffd	60	none	configs/scenarios/fase1/geo9_google_flat_folgada.yaml	2026-08-07T17:40:06-03:00	2026-08-07T17:40:07-03:00	0.95	0.85	0.10	37232	0	1	817729	36bfe40eed33c8b8cb491894acd6f63c05c13e0d7a15a6e6f7b9401246d94c6d
go-flat-folgada	ffd	61	none	configs/scenarios/fase1/geo9_google_flat_folgada.yaml	2026-08-07T17:40:07-03:00	2026-08-07T17:40:08-03:00	1.17	1.07	0.09	37192	0	1	817752	36bfe40eed33c8b8cb491894acd6f63c05c13e0d7a15a6e6f7b9401246d94c6d
go-flat-folgada	ffd	62	none	configs/scenarios/fase1/geo9_google_flat_folgada.yaml	2026-08-07T17:40:07-03:00	2026-08-07T17:40:08-03:00	1.32	1.19	0.10	37164	0	1	817765	36bfe40eed33c8b8cb491894acd6f63c05c13e0d7a15a6e6f7b9401246d94c6d
go-flat-folgada	ffd	63	none	configs/scenarios/fase1/geo9_google_flat_folgada.yaml	2026-08-07T17:40:08-03:00	2026-08-07T17:40:09-03:00	1.30	1.19	0.10	37156	0	1	817816	36bfe40eed33c8b8cb491894acd6f63c05c13e0d7a15a6e6f7b9401246d94c6d
go-flat-folgada	ffd	64	none	configs/scenarios/fase1/geo9_google_flat_folgada.yaml	2026-08-07T17:40:08-03:00	2026-08-07T17:40:10-03:00	1.30	1.17	0.10	37156	0	1	817834	36bfe40eed33c8b8cb491894acd6f63c05c13e0d7a15a6e6f7b9401246d94c6d
go-flat-folgada	ffd	65	none	configs/scenarios/fase1/geo9_google_flat_folgada.yaml	2026-08-07T17:40:08-03:00	2026-08-07T17:40:10-03:00	1.24	1.13	0.09	37144	0	1	817847	36bfe40eed33c8b8cb491894acd6f63c05c13e0d7a15a6e6f7b9401246d94c6d
go-flat-folgada	ffd	66	none	configs/scenarios/fase1/geo9_google_flat_folgada.yaml	2026-08-07T17:40:09-03:00	2026-08-07T17:40:11-03:00	1.30	1.19	0.10	37140	0	1	817891	36bfe40eed33c8b8cb491894acd6f63c05c13e0d7a15a6e6f7b9401246d94c6d
go-flat-folgada	ffd	67	none	configs/scenarios/fase1/geo9_google_flat_folgada.yaml	2026-08-07T17:40:10-03:00	2026-08-07T17:40:11-03:00	1.29	1.17	0.10	37180	0	1	817915	36bfe40eed33c8b8cb491894acd6f63c05c13e0d7a15a6e6f7b9401246d94c6d
go-flat-folgada	ffd	68	none	configs/scenarios/fase1/geo9_google_flat_folgada.yaml	2026-08-07T17:40:10-03:00	2026-08-07T17:40:11-03:00	1.16	1.03	0.09	37156	0	1	817928	36bfe40eed33c8b8cb491894acd6f63c05c13e0d7a15a6e6f7b9401246d94c6d
go-flat-folgada	ffd	69	none	configs/scenarios/fase1/geo9_google_flat_folgada.yaml	2026-08-07T17:40:11-03:00	2026-08-07T17:40:12-03:00	1.29	1.18	0.10	37104	0	1	817959	36bfe40eed33c8b8cb491894acd6f63c05c13e0d7a15a6e6f7b9401246d94c6d
go-flat-folgada	ffd	70	none	configs/scenarios/fase1/geo9_google_flat_folgada.yaml	2026-08-07T17:40:11-03:00	2026-08-07T17:40:12-03:00	1.16	1.05	0.09	37176	0	1	817972	36bfe40eed33c8b8cb491894acd6f63c05c13e0d7a15a6e6f7b9401246d94c6d
go-flat-folgada	ffd	71	none	configs/scenarios/fase1/geo9_google_flat_folgada.yaml	2026-08-07T17:40:11-03:00	2026-08-07T17:40:12-03:00	1.25	1.14	0.11	37192	0	1	817985	36bfe40eed33c8b8cb491894acd6f63c05c13e0d7a15a6e6f7b9401246d94c6d
go-flat-folgada	first_fit	52	none	configs/scenarios/fase1/geo9_google_flat_folgada.yaml	2026-08-07T17:38:58-03:00	2026-08-07T17:39:00-03:00	1.20	1.09	0.10	37212	0	1	815216	36bfe40eed33c8b8cb491894acd6f63c05c13e0d7a15a6e6f7b9401246d94c6d
go-flat-folgada	first_fit	53	none	configs/scenarios/fase1/geo9_google_flat_folgada.yaml	2026-08-07T17:39:00-03:00	2026-08-07T17:39:01-03:00	1.26	1.12	0.13	37084	0	1	815248	36bfe40eed33c8b8cb491894acd6f63c05c13e0d7a15a6e6f7b9401246d94c6d
go-flat-folgada	first_fit	54	none	configs/scenarios/fase1/geo9_google_flat_folgada.yaml	2026-08-07T17:39:01-03:00	2026-08-07T17:39:02-03:00	1.00	0.89	0.09	37236	0	1	815287	36bfe40eed33c8b8cb491894acd6f63c05c13e0d7a15a6e6f7b9401246d94c6d
go-flat-folgada	first_fit	55	none	configs/scenarios/fase1/geo9_google_flat_folgada.yaml	2026-08-07T17:39:02-03:00	2026-08-07T17:39:03-03:00	0.86	0.76	0.09	37168	0	1	815310	36bfe40eed33c8b8cb491894acd6f63c05c13e0d7a15a6e6f7b9401246d94c6d
go-flat-folgada	first_fit	56	none	configs/scenarios/fase1/geo9_google_flat_folgada.yaml	2026-08-07T17:39:03-03:00	2026-08-07T17:39:04-03:00	1.17	1.05	0.09	37088	0	1	815340	36bfe40eed33c8b8cb491894acd6f63c05c13e0d7a15a6e6f7b9401246d94c6d
go-flat-folgada	first_fit	57	none	configs/scenarios/fase1/geo9_google_flat_folgada.yaml	2026-08-07T17:39:04-03:00	2026-08-07T17:39:05-03:00	1.02	0.91	0.09	37160	0	1	815404	36bfe40eed33c8b8cb491894acd6f63c05c13e0d7a15a6e6f7b9401246d94c6d
go-flat-folgada	first_fit	58	none	configs/scenarios/fase1/geo9_google_flat_folgada.yaml	2026-08-07T17:39:05-03:00	2026-08-07T17:39:06-03:00	1.19	1.09	0.09	37196	0	1	815437	36bfe40eed33c8b8cb491894acd6f63c05c13e0d7a15a6e6f7b9401246d94c6d
go-flat-folgada	first_fit	59	none	configs/scenarios/fase1/geo9_google_flat_folgada.yaml	2026-08-07T17:39:06-03:00	2026-08-07T17:39:07-03:00	1.18	1.08	0.09	37308	0	1	815461	36bfe40eed33c8b8cb491894acd6f63c05c13e0d7a15a6e6f7b9401246d94c6d
go-flat-folgada	first_fit	60	none	configs/scenarios/fase1/geo9_google_flat_folgada.yaml	2026-08-07T17:39:07-03:00	2026-08-07T17:39:09-03:00	1.24	1.14	0.09	37132	0	1	815493	36bfe40eed33c8b8cb491894acd6f63c05c13e0d7a15a6e6f7b9401246d94c6d
go-flat-folgada	first_fit	61	none	configs/scenarios/fase1/geo9_google_flat_folgada.yaml	2026-08-07T17:39:09-03:00	2026-08-07T17:39:10-03:00	1.35	1.23	0.10	37184	0	1	815548	36bfe40eed33c8b8cb491894acd6f63c05c13e0d7a15a6e6f7b9401246d94c6d
go-flat-folgada	first_fit	62	none	configs/scenarios/fase1/geo9_google_flat_folgada.yaml	2026-08-07T17:39:10-03:00	2026-08-07T17:39:11-03:00	1.31	1.18	0.11	37052	0	1	815589	36bfe40eed33c8b8cb491894acd6f63c05c13e0d7a15a6e6f7b9401246d94c6d
go-flat-folgada	first_fit	63	none	configs/scenarios/fase1/geo9_google_flat_folgada.yaml	2026-08-07T17:39:11-03:00	2026-08-07T17:39:13-03:00	1.24	1.15	0.09	37100	0	1	815623	36bfe40eed33c8b8cb491894acd6f63c05c13e0d7a15a6e6f7b9401246d94c6d
go-flat-folgada	first_fit	64	none	configs/scenarios/fase1/geo9_google_flat_folgada.yaml	2026-08-07T17:39:13-03:00	2026-08-07T17:39:14-03:00	1.29	1.19	0.08	37012	0	1	815657	36bfe40eed33c8b8cb491894acd6f63c05c13e0d7a15a6e6f7b9401246d94c6d
go-flat-folgada	first_fit	65	none	configs/scenarios/fase1/geo9_google_flat_folgada.yaml	2026-08-07T17:39:14-03:00	2026-08-07T17:39:15-03:00	1.33	1.22	0.09	37212	0	1	815699	36bfe40eed33c8b8cb491894acd6f63c05c13e0d7a15a6e6f7b9401246d94c6d
go-flat-folgada	first_fit	66	none	configs/scenarios/fase1/geo9_google_flat_folgada.yaml	2026-08-07T17:39:15-03:00	2026-08-07T17:39:17-03:00	1.32	1.18	0.10	37084	0	1	815750	36bfe40eed33c8b8cb491894acd6f63c05c13e0d7a15a6e6f7b9401246d94c6d
go-flat-folgada	first_fit	67	none	configs/scenarios/fase1/geo9_google_flat_folgada.yaml	2026-08-07T17:39:17-03:00	2026-08-07T17:39:18-03:00	1.35	1.22	0.10	37164	0	1	815783	36bfe40eed33c8b8cb491894acd6f63c05c13e0d7a15a6e6f7b9401246d94c6d
go-flat-folgada	first_fit	68	none	configs/scenarios/fase1/geo9_google_flat_folgada.yaml	2026-08-07T17:39:18-03:00	2026-08-07T17:39:19-03:00	1.25	1.13	0.10	37116	0	1	815807	36bfe40eed33c8b8cb491894acd6f63c05c13e0d7a15a6e6f7b9401246d94c6d
go-flat-folgada	first_fit	69	none	configs/scenarios/fase1/geo9_google_flat_folgada.yaml	2026-08-07T17:39:19-03:00	2026-08-07T17:39:21-03:00	1.32	1.18	0.11	37172	0	1	815867	36bfe40eed33c8b8cb491894acd6f63c05c13e0d7a15a6e6f7b9401246d94c6d
go-flat-folgada	first_fit	70	none	configs/scenarios/fase1/geo9_google_flat_folgada.yaml	2026-08-07T17:39:21-03:00	2026-08-07T17:39:22-03:00	1.24	1.13	0.10	37160	0	1	815905	36bfe40eed33c8b8cb491894acd6f63c05c13e0d7a15a6e6f7b9401246d94c6d
go-flat-folgada	first_fit	71	none	configs/scenarios/fase1/geo9_google_flat_folgada.yaml	2026-08-07T17:39:22-03:00	2026-08-07T17:39:23-03:00	1.27	1.15	0.09	37268	0	1	815932	36bfe40eed33c8b8cb491894acd6f63c05c13e0d7a15a6e6f7b9401246d94c6d
go-flat-folgada	follow_renewables	52	follow_renewables	configs/scenarios/fase1/geo9_google_flat_folgada.yaml	2026-08-07T17:40:29-03:00	2026-08-07T17:40:30-03:00	1.07	0.96	0.08	37140	0	1	818863	36bfe40eed33c8b8cb491894acd6f63c05c13e0d7a15a6e6f7b9401246d94c6d
go-flat-folgada	follow_renewables	53	follow_renewables	configs/scenarios/fase1/geo9_google_flat_folgada.yaml	2026-08-07T17:40:29-03:00	2026-08-07T17:40:31-03:00	1.33	1.22	0.10	37160	0	1	818895	36bfe40eed33c8b8cb491894acd6f63c05c13e0d7a15a6e6f7b9401246d94c6d
go-flat-folgada	follow_renewables	54	follow_renewables	configs/scenarios/fase1/geo9_google_flat_folgada.yaml	2026-08-07T17:40:30-03:00	2026-08-07T17:40:31-03:00	1.29	1.17	0.11	37212	0	1	818916	36bfe40eed33c8b8cb491894acd6f63c05c13e0d7a15a6e6f7b9401246d94c6d
go-flat-folgada	follow_renewables	55	follow_renewables	configs/scenarios/fase1/geo9_google_flat_folgada.yaml	2026-08-07T17:40:30-03:00	2026-08-07T17:40:31-03:00	0.86	0.75	0.10	37156	0	1	818930	36bfe40eed33c8b8cb491894acd6f63c05c13e0d7a15a6e6f7b9401246d94c6d
go-flat-folgada	follow_renewables	56	follow_renewables	configs/scenarios/fase1/geo9_google_flat_folgada.yaml	2026-08-07T17:40:31-03:00	2026-08-07T17:40:32-03:00	1.44	1.31	0.11	37164	0	1	818963	36bfe40eed33c8b8cb491894acd6f63c05c13e0d7a15a6e6f7b9401246d94c6d
go-flat-folgada	follow_renewables	57	follow_renewables	configs/scenarios/fase1/geo9_google_flat_folgada.yaml	2026-08-07T17:40:31-03:00	2026-08-07T17:40:32-03:00	0.86	0.77	0.09	36860	0	1	818976	36bfe40eed33c8b8cb491894acd6f63c05c13e0d7a15a6e6f7b9401246d94c6d
go-flat-folgada	follow_renewables	58	follow_renewables	configs/scenarios/fase1/geo9_google_flat_folgada.yaml	2026-08-07T17:40:31-03:00	2026-08-07T17:40:32-03:00	1.27	1.15	0.11	37132	0	1	818989	36bfe40eed33c8b8cb491894acd6f63c05c13e0d7a15a6e6f7b9401246d94c6d
go-flat-folgada	follow_renewables	59	follow_renewables	configs/scenarios/fase1/geo9_google_flat_folgada.yaml	2026-08-07T17:40:32-03:00	2026-08-07T17:40:33-03:00	1.16	1.07	0.08	37168	0	1	819012	36bfe40eed33c8b8cb491894acd6f63c05c13e0d7a15a6e6f7b9401246d94c6d
go-flat-folgada	follow_renewables	60	follow_renewables	configs/scenarios/fase1/geo9_google_flat_folgada.yaml	2026-08-07T17:40:32-03:00	2026-08-07T17:40:34-03:00	1.43	1.31	0.09	36904	0	1	819031	36bfe40eed33c8b8cb491894acd6f63c05c13e0d7a15a6e6f7b9401246d94c6d
go-flat-folgada	follow_renewables	61	follow_renewables	configs/scenarios/fase1/geo9_google_flat_folgada.yaml	2026-08-07T17:40:32-03:00	2026-08-07T17:40:34-03:00	1.42	1.28	0.10	37140	0	1	819044	36bfe40eed33c8b8cb491894acd6f63c05c13e0d7a15a6e6f7b9401246d94c6d
go-flat-folgada	follow_renewables	62	follow_renewables	configs/scenarios/fase1/geo9_google_flat_folgada.yaml	2026-08-07T17:40:33-03:00	2026-08-07T17:40:34-03:00	1.39	1.28	0.09	37084	0	1	819064	36bfe40eed33c8b8cb491894acd6f63c05c13e0d7a15a6e6f7b9401246d94c6d
go-flat-folgada	follow_renewables	63	follow_renewables	configs/scenarios/fase1/geo9_google_flat_folgada.yaml	2026-08-07T17:40:34-03:00	2026-08-07T17:40:35-03:00	1.40	1.27	0.12	37464	0	1	819102	36bfe40eed33c8b8cb491894acd6f63c05c13e0d7a15a6e6f7b9401246d94c6d
go-flat-folgada	follow_renewables	64	follow_renewables	configs/scenarios/fase1/geo9_google_flat_folgada.yaml	2026-08-07T17:40:34-03:00	2026-08-07T17:40:35-03:00	1.10	1.01	0.09	37348	0	1	819125	36bfe40eed33c8b8cb491894acd6f63c05c13e0d7a15a6e6f7b9401246d94c6d
go-flat-folgada	follow_renewables	65	follow_renewables	configs/scenarios/fase1/geo9_google_flat_folgada.yaml	2026-08-07T17:40:34-03:00	2026-08-07T17:40:36-03:00	1.37	1.25	0.11	37176	0	1	819168	36bfe40eed33c8b8cb491894acd6f63c05c13e0d7a15a6e6f7b9401246d94c6d
go-flat-folgada	follow_renewables	66	follow_renewables	configs/scenarios/fase1/geo9_google_flat_folgada.yaml	2026-08-07T17:40:35-03:00	2026-08-07T17:40:36-03:00	1.32	1.21	0.09	37184	0	1	819191	36bfe40eed33c8b8cb491894acd6f63c05c13e0d7a15a6e6f7b9401246d94c6d
go-flat-folgada	follow_renewables	67	follow_renewables	configs/scenarios/fase1/geo9_google_flat_folgada.yaml	2026-08-07T17:40:35-03:00	2026-08-07T17:40:36-03:00	1.27	1.16	0.10	37172	0	1	819204	36bfe40eed33c8b8cb491894acd6f63c05c13e0d7a15a6e6f7b9401246d94c6d
go-flat-folgada	follow_renewables	68	follow_renewables	configs/scenarios/fase1/geo9_google_flat_folgada.yaml	2026-08-07T17:40:36-03:00	2026-08-07T17:40:37-03:00	1.30	1.17	0.11	37028	0	1	819228	36bfe40eed33c8b8cb491894acd6f63c05c13e0d7a15a6e6f7b9401246d94c6d
go-flat-folgada	follow_renewables	69	follow_renewables	configs/scenarios/fase1/geo9_google_flat_folgada.yaml	2026-08-07T17:40:36-03:00	2026-08-07T17:40:38-03:00	1.39	1.27	0.11	37164	0	1	819249	36bfe40eed33c8b8cb491894acd6f63c05c13e0d7a15a6e6f7b9401246d94c6d
go-flat-folgada	follow_renewables	70	follow_renewables	configs/scenarios/fase1/geo9_google_flat_folgada.yaml	2026-08-07T17:40:36-03:00	2026-08-07T17:40:38-03:00	1.29	1.17	0.08	37156	0	1	819262	36bfe40eed33c8b8cb491894acd6f63c05c13e0d7a15a6e6f7b9401246d94c6d
go-flat-folgada	follow_renewables	71	follow_renewables	configs/scenarios/fase1/geo9_google_flat_folgada.yaml	2026-08-07T17:40:37-03:00	2026-08-07T17:40:38-03:00	1.25	1.14	0.10	37144	0	1	819285	36bfe40eed33c8b8cb491894acd6f63c05c13e0d7a15a6e6f7b9401246d94c6d
go-flat-folgada	followme_s	52	followme_s	configs/scenarios/fase1/geo9_google_flat_folgada.yaml	2026-08-07T17:40:46-03:00	2026-08-07T17:40:49-03:00	2.25	2.06	0.16	48008	0	1	819725	36bfe40eed33c8b8cb491894acd6f63c05c13e0d7a15a6e6f7b9401246d94c6d
go-flat-folgada	followme_s	53	followme_s	configs/scenarios/fase1/geo9_google_flat_folgada.yaml	2026-08-07T17:40:47-03:00	2026-08-07T17:40:49-03:00	1.96	1.80	0.14	47404	0	1	819749	36bfe40eed33c8b8cb491894acd6f63c05c13e0d7a15a6e6f7b9401246d94c6d
go-flat-folgada	followme_s	54	followme_s	configs/scenarios/fase1/geo9_google_flat_folgada.yaml	2026-08-07T17:40:47-03:00	2026-08-07T17:40:49-03:00	2.34	2.15	0.15	48004	0	1	819774	36bfe40eed33c8b8cb491894acd6f63c05c13e0d7a15a6e6f7b9401246d94c6d
go-flat-folgada	followme_s	55	followme_s	configs/scenarios/fase1/geo9_google_flat_folgada.yaml	2026-08-07T17:40:49-03:00	2026-08-07T17:40:51-03:00	2.22	2.04	0.16	47848	0	1	819807	36bfe40eed33c8b8cb491894acd6f63c05c13e0d7a15a6e6f7b9401246d94c6d
go-flat-folgada	followme_s	56	followme_s	configs/scenarios/fase1/geo9_google_flat_folgada.yaml	2026-08-07T17:40:49-03:00	2026-08-07T17:40:51-03:00	1.84	1.66	0.17	47876	0	1	819820	36bfe40eed33c8b8cb491894acd6f63c05c13e0d7a15a6e6f7b9401246d94c6d
go-flat-folgada	followme_s	57	followme_s	configs/scenarios/fase1/geo9_google_flat_folgada.yaml	2026-08-07T17:40:49-03:00	2026-08-07T17:40:51-03:00	1.91	1.75	0.15	47908	0	1	819845	36bfe40eed33c8b8cb491894acd6f63c05c13e0d7a15a6e6f7b9401246d94c6d
go-flat-folgada	followme_s	58	followme_s	configs/scenarios/fase1/geo9_google_flat_folgada.yaml	2026-08-07T17:40:50-03:00	2026-08-07T17:40:52-03:00	1.84	1.69	0.14	48348	0	1	819878	36bfe40eed33c8b8cb491894acd6f63c05c13e0d7a15a6e6f7b9401246d94c6d
go-flat-folgada	followme_s	59	followme_s	configs/scenarios/fase1/geo9_google_flat_folgada.yaml	2026-08-07T17:40:51-03:00	2026-08-07T17:40:53-03:00	2.25	2.06	0.17	49264	0	1	819912	36bfe40eed33c8b8cb491894acd6f63c05c13e0d7a15a6e6f7b9401246d94c6d
go-flat-folgada	followme_s	60	followme_s	configs/scenarios/fase1/geo9_google_flat_folgada.yaml	2026-08-07T17:40:51-03:00	2026-08-07T17:40:53-03:00	2.08	1.86	0.19	48852	0	1	819936	36bfe40eed33c8b8cb491894acd6f63c05c13e0d7a15a6e6f7b9401246d94c6d
go-flat-folgada	followme_s	61	followme_s	configs/scenarios/fase1/geo9_google_flat_folgada.yaml	2026-08-07T17:40:51-03:00	2026-08-07T17:40:54-03:00	2.42	2.24	0.15	48136	0	1	819949	36bfe40eed33c8b8cb491894acd6f63c05c13e0d7a15a6e6f7b9401246d94c6d
go-flat-folgada	followme_s	62	followme_s	configs/scenarios/fase1/geo9_google_flat_folgada.yaml	2026-08-07T17:40:52-03:00	2026-08-07T17:40:54-03:00	1.99	1.84	0.15	48236	0	1	819962	36bfe40eed33c8b8cb491894acd6f63c05c13e0d7a15a6e6f7b9401246d94c6d
go-flat-folgada	followme_s	63	followme_s	configs/scenarios/fase1/geo9_google_flat_folgada.yaml	2026-08-07T17:40:53-03:00	2026-08-07T17:40:55-03:00	2.11	1.94	0.15	48824	0	1	819995	36bfe40eed33c8b8cb491894acd6f63c05c13e0d7a15a6e6f7b9401246d94c6d
go-flat-folgada	followme_s	64	followme_s	configs/scenarios/fase1/geo9_google_flat_folgada.yaml	2026-08-07T17:40:53-03:00	2026-08-07T17:40:55-03:00	1.67	1.52	0.14	48228	0	1	820018	36bfe40eed33c8b8cb491894acd6f63c05c13e0d7a15a6e6f7b9401246d94c6d
go-flat-folgada	followme_s	65	followme_s	configs/scenarios/fase1/geo9_google_flat_folgada.yaml	2026-08-07T17:40:54-03:00	2026-08-07T17:40:56-03:00	2.63	2.43	0.17	47936	0	1	820031	36bfe40eed33c8b8cb491894acd6f63c05c13e0d7a15a6e6f7b9401246d94c6d
go-flat-folgada	followme_s	66	followme_s	configs/scenarios/fase1/geo9_google_flat_folgada.yaml	2026-08-07T17:40:54-03:00	2026-08-07T17:40:56-03:00	2.54	2.37	0.16	48044	0	1	820044	36bfe40eed33c8b8cb491894acd6f63c05c13e0d7a15a6e6f7b9401246d94c6d
go-flat-folgada	followme_s	67	followme_s	configs/scenarios/fase1/geo9_google_flat_folgada.yaml	2026-08-07T17:40:55-03:00	2026-08-07T17:40:57-03:00	1.91	1.75	0.14	48624	0	1	820096	36bfe40eed33c8b8cb491894acd6f63c05c13e0d7a15a6e6f7b9401246d94c6d
go-flat-folgada	followme_s	68	followme_s	configs/scenarios/fase1/geo9_google_flat_folgada.yaml	2026-08-07T17:40:55-03:00	2026-08-07T17:40:57-03:00	2.07	1.89	0.17	47036	0	1	820120	36bfe40eed33c8b8cb491894acd6f63c05c13e0d7a15a6e6f7b9401246d94c6d
go-flat-folgada	followme_s	69	followme_s	configs/scenarios/fase1/geo9_google_flat_folgada.yaml	2026-08-07T17:40:56-03:00	2026-08-07T17:40:59-03:00	3.02	2.85	0.15	46528	0	1	820133	36bfe40eed33c8b8cb491894acd6f63c05c13e0d7a15a6e6f7b9401246d94c6d
go-flat-folgada	followme_s	70	followme_s	configs/scenarios/fase1/geo9_google_flat_folgada.yaml	2026-08-07T17:40:56-03:00	2026-08-07T17:40:58-03:00	1.88	1.74	0.14	47440	0	1	820156	36bfe40eed33c8b8cb491894acd6f63c05c13e0d7a15a6e6f7b9401246d94c6d
go-flat-folgada	followme_s	71	followme_s	configs/scenarios/fase1/geo9_google_flat_folgada.yaml	2026-08-07T17:40:57-03:00	2026-08-07T17:40:58-03:00	1.71	1.56	0.14	46608	0	1	820169	36bfe40eed33c8b8cb491894acd6f63c05c13e0d7a15a6e6f7b9401246d94c6d
go-flat-folgada	lowest_carbon_dc	52	none	configs/scenarios/fase1/geo9_google_flat_folgada.yaml	2026-08-07T17:40:20-03:00	2026-08-07T17:40:21-03:00	1.30	1.18	0.10	37356	0	1	818446	36bfe40eed33c8b8cb491894acd6f63c05c13e0d7a15a6e6f7b9401246d94c6d
go-flat-folgada	lowest_carbon_dc	53	none	configs/scenarios/fase1/geo9_google_flat_folgada.yaml	2026-08-07T17:40:21-03:00	2026-08-07T17:40:22-03:00	1.27	1.15	0.10	37800	0	1	818469	36bfe40eed33c8b8cb491894acd6f63c05c13e0d7a15a6e6f7b9401246d94c6d
go-flat-folgada	lowest_carbon_dc	54	none	configs/scenarios/fase1/geo9_google_flat_folgada.yaml	2026-08-07T17:40:21-03:00	2026-08-07T17:40:23-03:00	1.33	1.22	0.10	37480	0	1	818482	36bfe40eed33c8b8cb491894acd6f63c05c13e0d7a15a6e6f7b9401246d94c6d
go-flat-folgada	lowest_carbon_dc	55	none	configs/scenarios/fase1/geo9_google_flat_folgada.yaml	2026-08-07T17:40:21-03:00	2026-08-07T17:40:23-03:00	1.30	1.19	0.09	37308	0	1	818495	36bfe40eed33c8b8cb491894acd6f63c05c13e0d7a15a6e6f7b9401246d94c6d
go-flat-folgada	lowest_carbon_dc	56	none	configs/scenarios/fase1/geo9_google_flat_folgada.yaml	2026-08-07T17:40:22-03:00	2026-08-07T17:40:24-03:00	1.31	1.19	0.10	37440	0	1	818539	36bfe40eed33c8b8cb491894acd6f63c05c13e0d7a15a6e6f7b9401246d94c6d
go-flat-folgada	lowest_carbon_dc	57	none	configs/scenarios/fase1/geo9_google_flat_folgada.yaml	2026-08-07T17:40:23-03:00	2026-08-07T17:40:24-03:00	1.37	1.28	0.08	37676	0	1	818552	36bfe40eed33c8b8cb491894acd6f63c05c13e0d7a15a6e6f7b9401246d94c6d
go-flat-folgada	lowest_carbon_dc	58	none	configs/scenarios/fase1/geo9_google_flat_folgada.yaml	2026-08-07T17:40:23-03:00	2026-08-07T17:40:24-03:00	1.15	1.05	0.09	37572	0	1	818565	36bfe40eed33c8b8cb491894acd6f63c05c13e0d7a15a6e6f7b9401246d94c6d
go-flat-folgada	lowest_carbon_dc	59	none	configs/scenarios/fase1/geo9_google_flat_folgada.yaml	2026-08-07T17:40:24-03:00	2026-08-07T17:40:25-03:00	1.28	1.17	0.10	37196	0	1	818589	36bfe40eed33c8b8cb491894acd6f63c05c13e0d7a15a6e6f7b9401246d94c6d
go-flat-folgada	lowest_carbon_dc	60	none	configs/scenarios/fase1/geo9_google_flat_folgada.yaml	2026-08-07T17:40:24-03:00	2026-08-07T17:40:25-03:00	1.27	1.16	0.10	37572	0	1	818602	36bfe40eed33c8b8cb491894acd6f63c05c13e0d7a15a6e6f7b9401246d94c6d
go-flat-folgada	lowest_carbon_dc	61	none	configs/scenarios/fase1/geo9_google_flat_folgada.yaml	2026-08-07T17:40:24-03:00	2026-08-07T17:40:25-03:00	1.35	1.23	0.11	37744	0	1	818626	36bfe40eed33c8b8cb491894acd6f63c05c13e0d7a15a6e6f7b9401246d94c6d
go-flat-folgada	lowest_carbon_dc	62	none	configs/scenarios/fase1/geo9_google_flat_folgada.yaml	2026-08-07T17:40:25-03:00	2026-08-07T17:40:26-03:00	1.29	1.17	0.10	37288	0	1	818667	36bfe40eed33c8b8cb491894acd6f63c05c13e0d7a15a6e6f7b9401246d94c6d
go-flat-folgada	lowest_carbon_dc	63	none	configs/scenarios/fase1/geo9_google_flat_folgada.yaml	2026-08-07T17:40:25-03:00	2026-08-07T17:40:26-03:00	1.31	1.20	0.10	37492	0	1	818680	36bfe40eed33c8b8cb491894acd6f63c05c13e0d7a15a6e6f7b9401246d94c6d
go-flat-folgada	lowest_carbon_dc	64	none	configs/scenarios/fase1/geo9_google_flat_folgada.yaml	2026-08-07T17:40:25-03:00	2026-08-07T17:40:27-03:00	1.34	1.21	0.12	37516	0	1	818693	36bfe40eed33c8b8cb491894acd6f63c05c13e0d7a15a6e6f7b9401246d94c6d
go-flat-folgada	lowest_carbon_dc	65	none	configs/scenarios/fase1/geo9_google_flat_folgada.yaml	2026-08-07T17:40:26-03:00	2026-08-07T17:40:28-03:00	1.32	1.20	0.09	37836	0	1	818727	36bfe40eed33c8b8cb491894acd6f63c05c13e0d7a15a6e6f7b9401246d94c6d
go-flat-folgada	lowest_carbon_dc	66	none	configs/scenarios/fase1/geo9_google_flat_folgada.yaml	2026-08-07T17:40:26-03:00	2026-08-07T17:40:28-03:00	1.28	1.18	0.09	37908	0	1	818750	36bfe40eed33c8b8cb491894acd6f63c05c13e0d7a15a6e6f7b9401246d94c6d
go-flat-folgada	lowest_carbon_dc	67	none	configs/scenarios/fase1/geo9_google_flat_folgada.yaml	2026-08-07T17:40:27-03:00	2026-08-07T17:40:28-03:00	1.30	1.19	0.10	37560	0	1	818763	36bfe40eed33c8b8cb491894acd6f63c05c13e0d7a15a6e6f7b9401246d94c6d
go-flat-folgada	lowest_carbon_dc	68	none	configs/scenarios/fase1/geo9_google_flat_folgada.yaml	2026-08-07T17:40:28-03:00	2026-08-07T17:40:29-03:00	1.31	1.19	0.11	37652	0	1	818789	36bfe40eed33c8b8cb491894acd6f63c05c13e0d7a15a6e6f7b9401246d94c6d
go-flat-folgada	lowest_carbon_dc	69	none	configs/scenarios/fase1/geo9_google_flat_folgada.yaml	2026-08-07T17:40:28-03:00	2026-08-07T17:40:29-03:00	0.91	0.82	0.08	37628	0	1	818802	36bfe40eed33c8b8cb491894acd6f63c05c13e0d7a15a6e6f7b9401246d94c6d
go-flat-folgada	lowest_carbon_dc	70	none	configs/scenarios/fase1/geo9_google_flat_folgada.yaml	2026-08-07T17:40:28-03:00	2026-08-07T17:40:29-03:00	1.28	1.15	0.09	37632	0	1	818816	36bfe40eed33c8b8cb491894acd6f63c05c13e0d7a15a6e6f7b9401246d94c6d
go-flat-folgada	lowest_carbon_dc	71	none	configs/scenarios/fase1/geo9_google_flat_folgada.yaml	2026-08-07T17:40:29-03:00	2026-08-07T17:40:30-03:00	1.09	0.97	0.11	37512	0	1	818850	36bfe40eed33c8b8cb491894acd6f63c05c13e0d7a15a6e6f7b9401246d94c6d
go-flat-folgada	round_robin	52	none	configs/scenarios/fase1/geo9_google_flat_folgada.yaml	2026-08-07T17:39:48-03:00	2026-08-07T17:39:49-03:00	1.29	1.14	0.11	37160	0	1	817016	36bfe40eed33c8b8cb491894acd6f63c05c13e0d7a15a6e6f7b9401246d94c6d
go-flat-folgada	round_robin	53	none	configs/scenarios/fase1/geo9_google_flat_folgada.yaml	2026-08-07T17:39:49-03:00	2026-08-07T17:39:50-03:00	1.34	1.25	0.09	37172	0	1	817061	36bfe40eed33c8b8cb491894acd6f63c05c13e0d7a15a6e6f7b9401246d94c6d
go-flat-folgada	round_robin	54	none	configs/scenarios/fase1/geo9_google_flat_folgada.yaml	2026-08-07T17:39:49-03:00	2026-08-07T17:39:51-03:00	1.40	1.26	0.11	37176	0	1	817084	36bfe40eed33c8b8cb491894acd6f63c05c13e0d7a15a6e6f7b9401246d94c6d
go-flat-folgada	round_robin	55	none	configs/scenarios/fase1/geo9_google_flat_folgada.yaml	2026-08-07T17:39:50-03:00	2026-08-07T17:39:52-03:00	1.21	1.12	0.08	37180	0	1	817107	36bfe40eed33c8b8cb491894acd6f63c05c13e0d7a15a6e6f7b9401246d94c6d
go-flat-folgada	round_robin	56	none	configs/scenarios/fase1/geo9_google_flat_folgada.yaml	2026-08-07T17:39:51-03:00	2026-08-07T17:39:52-03:00	1.37	1.24	0.11	37244	0	1	817120	36bfe40eed33c8b8cb491894acd6f63c05c13e0d7a15a6e6f7b9401246d94c6d
go-flat-folgada	round_robin	57	none	configs/scenarios/fase1/geo9_google_flat_folgada.yaml	2026-08-07T17:39:52-03:00	2026-08-07T17:39:53-03:00	1.19	1.09	0.09	37108	0	1	817153	36bfe40eed33c8b8cb491894acd6f63c05c13e0d7a15a6e6f7b9401246d94c6d
go-flat-folgada	round_robin	58	none	configs/scenarios/fase1/geo9_google_flat_folgada.yaml	2026-08-07T17:39:52-03:00	2026-08-07T17:39:53-03:00	1.34	1.21	0.11	37156	0	1	817177	36bfe40eed33c8b8cb491894acd6f63c05c13e0d7a15a6e6f7b9401246d94c6d
go-flat-folgada	round_robin	59	none	configs/scenarios/fase1/geo9_google_flat_folgada.yaml	2026-08-07T17:39:53-03:00	2026-08-07T17:39:54-03:00	1.51	1.39	0.11	37152	0	1	817190	36bfe40eed33c8b8cb491894acd6f63c05c13e0d7a15a6e6f7b9401246d94c6d
go-flat-folgada	round_robin	60	none	configs/scenarios/fase1/geo9_google_flat_folgada.yaml	2026-08-07T17:39:53-03:00	2026-08-07T17:39:55-03:00	1.26	1.15	0.10	37172	0	1	817223	36bfe40eed33c8b8cb491894acd6f63c05c13e0d7a15a6e6f7b9401246d94c6d
go-flat-folgada	round_robin	61	none	configs/scenarios/fase1/geo9_google_flat_folgada.yaml	2026-08-07T17:39:54-03:00	2026-08-07T17:39:56-03:00	1.24	1.14	0.09	37084	0	1	817266	36bfe40eed33c8b8cb491894acd6f63c05c13e0d7a15a6e6f7b9401246d94c6d
go-flat-folgada	round_robin	62	none	configs/scenarios/fase1/geo9_google_flat_folgada.yaml	2026-08-07T17:39:55-03:00	2026-08-07T17:39:56-03:00	0.93	0.83	0.09	37156	0	1	817279	36bfe40eed33c8b8cb491894acd6f63c05c13e0d7a15a6e6f7b9401246d94c6d
go-flat-folgada	round_robin	63	none	configs/scenarios/fase1/geo9_google_flat_folgada.yaml	2026-08-07T17:39:56-03:00	2026-08-07T17:39:57-03:00	1.34	1.22	0.11	37128	0	1	817313	36bfe40eed33c8b8cb491894acd6f63c05c13e0d7a15a6e6f7b9401246d94c6d
go-flat-folgada	round_robin	64	none	configs/scenarios/fase1/geo9_google_flat_folgada.yaml	2026-08-07T17:39:56-03:00	2026-08-07T17:39:57-03:00	1.38	1.26	0.11	37108	0	1	817326	36bfe40eed33c8b8cb491894acd6f63c05c13e0d7a15a6e6f7b9401246d94c6d
go-flat-folgada	round_robin	65	none	configs/scenarios/fase1/geo9_google_flat_folgada.yaml	2026-08-07T17:39:57-03:00	2026-08-07T17:39:58-03:00	1.40	1.28	0.10	37184	0	1	817359	36bfe40eed33c8b8cb491894acd6f63c05c13e0d7a15a6e6f7b9401246d94c6d
go-flat-folgada	round_robin	66	none	configs/scenarios/fase1/geo9_google_flat_folgada.yaml	2026-08-07T17:39:57-03:00	2026-08-07T17:39:58-03:00	1.32	1.21	0.10	37148	0	1	817372	36bfe40eed33c8b8cb491894acd6f63c05c13e0d7a15a6e6f7b9401246d94c6d
go-flat-folgada	round_robin	67	none	configs/scenarios/fase1/geo9_google_flat_folgada.yaml	2026-08-07T17:39:58-03:00	2026-08-07T17:40:00-03:00	1.43	1.30	0.10	37112	0	1	817406	36bfe40eed33c8b8cb491894acd6f63c05c13e0d7a15a6e6f7b9401246d94c6d
go-flat-folgada	round_robin	68	none	configs/scenarios/fase1/geo9_google_flat_folgada.yaml	2026-08-07T17:39:58-03:00	2026-08-07T17:39:59-03:00	1.01	0.92	0.09	37104	0	1	817419	36bfe40eed33c8b8cb491894acd6f63c05c13e0d7a15a6e6f7b9401246d94c6d
go-flat-folgada	round_robin	69	none	configs/scenarios/fase1/geo9_google_flat_folgada.yaml	2026-08-07T17:40:00-03:00	2026-08-07T17:40:01-03:00	1.18	1.09	0.08	37212	0	1	817472	36bfe40eed33c8b8cb491894acd6f63c05c13e0d7a15a6e6f7b9401246d94c6d
go-flat-folgada	round_robin	70	none	configs/scenarios/fase1/geo9_google_flat_folgada.yaml	2026-08-07T17:40:00-03:00	2026-08-07T17:40:01-03:00	1.30	1.20	0.10	37216	0	1	817486	36bfe40eed33c8b8cb491894acd6f63c05c13e0d7a15a6e6f7b9401246d94c6d
go-flat-folgada	round_robin	71	none	configs/scenarios/fase1/geo9_google_flat_folgada.yaml	2026-08-07T17:40:01-03:00	2026-08-07T17:40:02-03:00	1.28	1.17	0.10	37196	0	1	817508	36bfe40eed33c8b8cb491894acd6f63c05c13e0d7a15a6e6f7b9401246d94c6d
go-flat-folgada	worst_fit	52	none	configs/scenarios/fase1/geo9_google_flat_folgada.yaml	2026-08-07T17:39:35-03:00	2026-08-07T17:39:36-03:00	1.21	1.11	0.09	37068	0	1	816490	36bfe40eed33c8b8cb491894acd6f63c05c13e0d7a15a6e6f7b9401246d94c6d
go-flat-folgada	worst_fit	53	none	configs/scenarios/fase1/geo9_google_flat_folgada.yaml	2026-08-07T17:39:36-03:00	2026-08-07T17:39:37-03:00	1.25	1.12	0.10	37140	0	1	816513	36bfe40eed33c8b8cb491894acd6f63c05c13e0d7a15a6e6f7b9401246d94c6d
go-flat-folgada	worst_fit	54	none	configs/scenarios/fase1/geo9_google_flat_folgada.yaml	2026-08-07T17:39:36-03:00	2026-08-07T17:39:37-03:00	1.30	1.17	0.11	37028	0	1	816526	36bfe40eed33c8b8cb491894acd6f63c05c13e0d7a15a6e6f7b9401246d94c6d
go-flat-folgada	worst_fit	55	none	configs/scenarios/fase1/geo9_google_flat_folgada.yaml	2026-08-07T17:39:37-03:00	2026-08-07T17:39:39-03:00	1.27	1.15	0.10	37060	0	1	816560	36bfe40eed33c8b8cb491894acd6f63c05c13e0d7a15a6e6f7b9401246d94c6d
go-flat-folgada	worst_fit	56	none	configs/scenarios/fase1/geo9_google_flat_folgada.yaml	2026-08-07T17:39:37-03:00	2026-08-07T17:39:39-03:00	1.20	1.09	0.10	37136	0	1	816583	36bfe40eed33c8b8cb491894acd6f63c05c13e0d7a15a6e6f7b9401246d94c6d
go-flat-folgada	worst_fit	57	none	configs/scenarios/fase1/geo9_google_flat_folgada.yaml	2026-08-07T17:39:39-03:00	2026-08-07T17:39:40-03:00	1.27	1.16	0.10	37344	0	1	816645	36bfe40eed33c8b8cb491894acd6f63c05c13e0d7a15a6e6f7b9401246d94c6d
go-flat-folgada	worst_fit	58	none	configs/scenarios/fase1/geo9_google_flat_folgada.yaml	2026-08-07T17:39:39-03:00	2026-08-07T17:39:40-03:00	1.34	1.20	0.11	37220	0	1	816658	36bfe40eed33c8b8cb491894acd6f63c05c13e0d7a15a6e6f7b9401246d94c6d
go-flat-folgada	worst_fit	59	none	configs/scenarios/fase1/geo9_google_flat_folgada.yaml	2026-08-07T17:39:40-03:00	2026-08-07T17:39:41-03:00	1.27	1.16	0.10	37368	0	1	816702	36bfe40eed33c8b8cb491894acd6f63c05c13e0d7a15a6e6f7b9401246d94c6d
go-flat-folgada	worst_fit	60	none	configs/scenarios/fase1/geo9_google_flat_folgada.yaml	2026-08-07T17:39:40-03:00	2026-08-07T17:39:41-03:00	1.36	1.23	0.11	37216	0	1	816715	36bfe40eed33c8b8cb491894acd6f63c05c13e0d7a15a6e6f7b9401246d94c6d
go-flat-folgada	worst_fit	61	none	configs/scenarios/fase1/geo9_google_flat_folgada.yaml	2026-08-07T17:39:41-03:00	2026-08-07T17:39:42-03:00	1.21	1.10	0.10	37296	0	1	816749	36bfe40eed33c8b8cb491894acd6f63c05c13e0d7a15a6e6f7b9401246d94c6d
go-flat-folgada	worst_fit	62	none	configs/scenarios/fase1/geo9_google_flat_folgada.yaml	2026-08-07T17:39:41-03:00	2026-08-07T17:39:43-03:00	1.31	1.19	0.10	37120	0	1	816762	36bfe40eed33c8b8cb491894acd6f63c05c13e0d7a15a6e6f7b9401246d94c6d
go-flat-folgada	worst_fit	63	none	configs/scenarios/fase1/geo9_google_flat_folgada.yaml	2026-08-07T17:39:42-03:00	2026-08-07T17:39:44-03:00	1.28	1.13	0.10	37360	0	1	816786	36bfe40eed33c8b8cb491894acd6f63c05c13e0d7a15a6e6f7b9401246d94c6d
go-flat-folgada	worst_fit	64	none	configs/scenarios/fase1/geo9_google_flat_folgada.yaml	2026-08-07T17:39:43-03:00	2026-08-07T17:39:44-03:00	1.41	1.27	0.12	37156	0	1	816809	36bfe40eed33c8b8cb491894acd6f63c05c13e0d7a15a6e6f7b9401246d94c6d
go-flat-folgada	worst_fit	65	none	configs/scenarios/fase1/geo9_google_flat_folgada.yaml	2026-08-07T17:39:44-03:00	2026-08-07T17:39:45-03:00	1.27	1.16	0.09	37336	0	1	816863	36bfe40eed33c8b8cb491894acd6f63c05c13e0d7a15a6e6f7b9401246d94c6d
go-flat-folgada	worst_fit	66	none	configs/scenarios/fase1/geo9_google_flat_folgada.yaml	2026-08-07T17:39:44-03:00	2026-08-07T17:39:45-03:00	1.28	1.17	0.10	37316	0	1	816876	36bfe40eed33c8b8cb491894acd6f63c05c13e0d7a15a6e6f7b9401246d94c6d
go-flat-folgada	worst_fit	67	none	configs/scenarios/fase1/geo9_google_flat_folgada.yaml	2026-08-07T17:39:45-03:00	2026-08-07T17:39:46-03:00	1.35	1.23	0.10	37172	0	1	816899	36bfe40eed33c8b8cb491894acd6f63c05c13e0d7a15a6e6f7b9401246d94c6d
go-flat-folgada	worst_fit	68	none	configs/scenarios/fase1/geo9_google_flat_folgada.yaml	2026-08-07T17:39:45-03:00	2026-08-07T17:39:47-03:00	1.23	1.12	0.10	37196	0	1	816922	36bfe40eed33c8b8cb491894acd6f63c05c13e0d7a15a6e6f7b9401246d94c6d
go-flat-folgada	worst_fit	69	none	configs/scenarios/fase1/geo9_google_flat_folgada.yaml	2026-08-07T17:39:46-03:00	2026-08-07T17:39:48-03:00	1.40	1.27	0.11	37480	0	1	816946	36bfe40eed33c8b8cb491894acd6f63c05c13e0d7a15a6e6f7b9401246d94c6d
go-flat-folgada	worst_fit	70	none	configs/scenarios/fase1/geo9_google_flat_folgada.yaml	2026-08-07T17:39:47-03:00	2026-08-07T17:39:48-03:00	1.24	1.14	0.09	37164	0	1	816970	36bfe40eed33c8b8cb491894acd6f63c05c13e0d7a15a6e6f7b9401246d94c6d
go-flat-folgada	worst_fit	71	none	configs/scenarios/fase1/geo9_google_flat_folgada.yaml	2026-08-07T17:39:48-03:00	2026-08-07T17:39:49-03:00	1.16	1.05	0.11	37156	0	1	817002	36bfe40eed33c8b8cb491894acd6f63c05c13e0d7a15a6e6f7b9401246d94c6d
go-flat-folgada	wsnb	52	none	configs/scenarios/fase1/geo9_google_flat_folgada.yaml	2026-08-07T17:40:38-03:00	2026-08-07T17:40:39-03:00	1.33	1.21	0.11	37120	0	1	819298	36bfe40eed33c8b8cb491894acd6f63c05c13e0d7a15a6e6f7b9401246d94c6d
go-flat-folgada	wsnb	53	none	configs/scenarios/fase1/geo9_google_flat_folgada.yaml	2026-08-07T17:40:38-03:00	2026-08-07T17:40:39-03:00	1.41	1.30	0.11	37196	0	1	819311	36bfe40eed33c8b8cb491894acd6f63c05c13e0d7a15a6e6f7b9401246d94c6d
go-flat-folgada	wsnb	54	none	configs/scenarios/fase1/geo9_google_flat_folgada.yaml	2026-08-07T17:40:38-03:00	2026-08-07T17:40:40-03:00	1.27	1.17	0.10	37156	0	1	819344	36bfe40eed33c8b8cb491894acd6f63c05c13e0d7a15a6e6f7b9401246d94c6d
go-flat-folgada	wsnb	55	none	configs/scenarios/fase1/geo9_google_flat_folgada.yaml	2026-08-07T17:40:39-03:00	2026-08-07T17:40:40-03:00	1.27	1.16	0.09	37080	0	1	819367	36bfe40eed33c8b8cb491894acd6f63c05c13e0d7a15a6e6f7b9401246d94c6d
go-flat-folgada	wsnb	56	none	configs/scenarios/fase1/geo9_google_flat_folgada.yaml	2026-08-07T17:40:39-03:00	2026-08-07T17:40:41-03:00	1.39	1.29	0.09	37088	0	1	819380	36bfe40eed33c8b8cb491894acd6f63c05c13e0d7a15a6e6f7b9401246d94c6d
go-flat-folgada	wsnb	57	none	configs/scenarios/fase1/geo9_google_flat_folgada.yaml	2026-08-07T17:40:40-03:00	2026-08-07T17:40:41-03:00	1.29	1.18	0.10	37276	0	1	819411	36bfe40eed33c8b8cb491894acd6f63c05c13e0d7a15a6e6f7b9401246d94c6d
go-flat-folgada	wsnb	58	none	configs/scenarios/fase1/geo9_google_flat_folgada.yaml	2026-08-07T17:40:40-03:00	2026-08-07T17:40:42-03:00	1.26	1.15	0.10	37700	0	1	819435	36bfe40eed33c8b8cb491894acd6f63c05c13e0d7a15a6e6f7b9401246d94c6d
go-flat-folgada	wsnb	59	none	configs/scenarios/fase1/geo9_google_flat_folgada.yaml	2026-08-07T17:40:41-03:00	2026-08-07T17:40:42-03:00	1.27	1.17	0.10	37176	0	1	819458	36bfe40eed33c8b8cb491894acd6f63c05c13e0d7a15a6e6f7b9401246d94c6d
go-flat-folgada	wsnb	60	none	configs/scenarios/fase1/geo9_google_flat_folgada.yaml	2026-08-07T17:40:41-03:00	2026-08-07T17:40:42-03:00	1.22	1.11	0.10	37220	0	1	819482	36bfe40eed33c8b8cb491894acd6f63c05c13e0d7a15a6e6f7b9401246d94c6d
go-flat-folgada	wsnb	61	none	configs/scenarios/fase1/geo9_google_flat_folgada.yaml	2026-08-07T17:40:42-03:00	2026-08-07T17:40:43-03:00	1.15	1.04	0.10	37156	0	1	819496	36bfe40eed33c8b8cb491894acd6f63c05c13e0d7a15a6e6f7b9401246d94c6d
go-flat-folgada	wsnb	62	none	configs/scenarios/fase1/geo9_google_flat_folgada.yaml	2026-08-07T17:40:42-03:00	2026-08-07T17:40:43-03:00	1.28	1.14	0.10	37268	0	1	819509	36bfe40eed33c8b8cb491894acd6f63c05c13e0d7a15a6e6f7b9401246d94c6d
go-flat-folgada	wsnb	63	none	configs/scenarios/fase1/geo9_google_flat_folgada.yaml	2026-08-07T17:40:42-03:00	2026-08-07T17:40:44-03:00	1.34	1.22	0.10	37308	0	1	819532	36bfe40eed33c8b8cb491894acd6f63c05c13e0d7a15a6e6f7b9401246d94c6d
go-flat-folgada	wsnb	64	none	configs/scenarios/fase1/geo9_google_flat_folgada.yaml	2026-08-07T17:40:43-03:00	2026-08-07T17:40:44-03:00	1.28	1.17	0.09	37396	0	1	819564	36bfe40eed33c8b8cb491894acd6f63c05c13e0d7a15a6e6f7b9401246d94c6d
go-flat-folgada	wsnb	65	none	configs/scenarios/fase1/geo9_google_flat_folgada.yaml	2026-08-07T17:40:43-03:00	2026-08-07T17:40:44-03:00	1.23	1.13	0.10	37152	0	1	819577	36bfe40eed33c8b8cb491894acd6f63c05c13e0d7a15a6e6f7b9401246d94c6d
go-flat-folgada	wsnb	66	none	configs/scenarios/fase1/geo9_google_flat_folgada.yaml	2026-08-07T17:40:44-03:00	2026-08-07T17:40:45-03:00	1.33	1.22	0.09	37160	0	1	819590	36bfe40eed33c8b8cb491894acd6f63c05c13e0d7a15a6e6f7b9401246d94c6d
go-flat-folgada	wsnb	67	none	configs/scenarios/fase1/geo9_google_flat_folgada.yaml	2026-08-07T17:40:44-03:00	2026-08-07T17:40:45-03:00	1.30	1.17	0.11	37116	0	1	819613	36bfe40eed33c8b8cb491894acd6f63c05c13e0d7a15a6e6f7b9401246d94c6d
go-flat-folgada	wsnb	68	none	configs/scenarios/fase1/geo9_google_flat_folgada.yaml	2026-08-07T17:40:44-03:00	2026-08-07T17:40:46-03:00	1.19	1.10	0.09	37304	0	1	819647	36bfe40eed33c8b8cb491894acd6f63c05c13e0d7a15a6e6f7b9401246d94c6d
go-flat-folgada	wsnb	69	none	configs/scenarios/fase1/geo9_google_flat_folgada.yaml	2026-08-07T17:40:45-03:00	2026-08-07T17:40:46-03:00	1.36	1.26	0.10	37092	0	1	819676	36bfe40eed33c8b8cb491894acd6f63c05c13e0d7a15a6e6f7b9401246d94c6d
go-flat-folgada	wsnb	70	none	configs/scenarios/fase1/geo9_google_flat_folgada.yaml	2026-08-07T17:40:45-03:00	2026-08-07T17:40:47-03:00	1.27	1.16	0.09	36988	0	1	819689	36bfe40eed33c8b8cb491894acd6f63c05c13e0d7a15a6e6f7b9401246d94c6d
go-flat-folgada	wsnb	71	none	configs/scenarios/fase1/geo9_google_flat_folgada.yaml	2026-08-07T17:40:46-03:00	2026-08-07T17:40:47-03:00	1.13	1.03	0.09	37304	0	1	819702	36bfe40eed33c8b8cb491894acd6f63c05c13e0d7a15a6e6f7b9401246d94c6d
go-realjan-alta	best_fit	52	none	configs/scenarios/fase1/geo9_google_realjan_alta.yaml	2026-08-07T15:58:24-03:00	2026-08-07T15:58:43-03:00	19.14	18.69	0.33	94812	0	1	685231	36bfe40eed33c8b8cb491894acd6f63c05c13e0d7a15a6e6f7b9401246d94c6d
go-realjan-alta	best_fit	53	none	configs/scenarios/fase1/geo9_google_realjan_alta.yaml	2026-08-07T15:58:29-03:00	2026-08-07T15:58:46-03:00	17.83	17.40	0.31	96608	0	1	685341	36bfe40eed33c8b8cb491894acd6f63c05c13e0d7a15a6e6f7b9401246d94c6d
go-realjan-alta	best_fit	54	none	configs/scenarios/fase1/geo9_google_realjan_alta.yaml	2026-08-07T15:58:34-03:00	2026-08-07T15:58:57-03:00	23.11	22.61	0.36	95984	0	1	685500	36bfe40eed33c8b8cb491894acd6f63c05c13e0d7a15a6e6f7b9401246d94c6d
go-realjan-alta	best_fit	55	none	configs/scenarios/fase1/geo9_google_realjan_alta.yaml	2026-08-07T15:58:38-03:00	2026-08-07T15:58:54-03:00	15.56	15.18	0.32	95172	0	1	685603	36bfe40eed33c8b8cb491894acd6f63c05c13e0d7a15a6e6f7b9401246d94c6d
go-realjan-alta	best_fit	56	none	configs/scenarios/fase1/geo9_google_realjan_alta.yaml	2026-08-07T15:58:41-03:00	2026-08-07T15:59:00-03:00	18.40	17.98	0.33	95820	0	1	685671	36bfe40eed33c8b8cb491894acd6f63c05c13e0d7a15a6e6f7b9401246d94c6d
go-realjan-alta	best_fit	57	none	configs/scenarios/fase1/geo9_google_realjan_alta.yaml	2026-08-07T15:58:43-03:00	2026-08-07T15:59:09-03:00	25.93	25.38	0.32	95260	0	1	685713	36bfe40eed33c8b8cb491894acd6f63c05c13e0d7a15a6e6f7b9401246d94c6d
go-realjan-alta	best_fit	58	none	configs/scenarios/fase1/geo9_google_realjan_alta.yaml	2026-08-07T15:58:43-03:00	2026-08-07T15:59:03-03:00	20.11	19.77	0.32	95972	0	1	685756	36bfe40eed33c8b8cb491894acd6f63c05c13e0d7a15a6e6f7b9401246d94c6d
go-realjan-alta	best_fit	59	none	configs/scenarios/fase1/geo9_google_realjan_alta.yaml	2026-08-07T15:58:46-03:00	2026-08-07T15:59:13-03:00	26.80	26.32	0.38	97700	0	1	685811	36bfe40eed33c8b8cb491894acd6f63c05c13e0d7a15a6e6f7b9401246d94c6d
go-realjan-alta	best_fit	60	none	configs/scenarios/fase1/geo9_google_realjan_alta.yaml	2026-08-07T15:58:54-03:00	2026-08-07T15:59:10-03:00	16.23	15.85	0.32	94668	0	1	685989	36bfe40eed33c8b8cb491894acd6f63c05c13e0d7a15a6e6f7b9401246d94c6d
go-realjan-alta	best_fit	61	none	configs/scenarios/fase1/geo9_google_realjan_alta.yaml	2026-08-07T15:58:57-03:00	2026-08-07T15:59:24-03:00	27.13	26.65	0.37	95304	0	1	686039	36bfe40eed33c8b8cb491894acd6f63c05c13e0d7a15a6e6f7b9401246d94c6d
go-realjan-alta	best_fit	62	none	configs/scenarios/fase1/geo9_google_realjan_alta.yaml	2026-08-07T15:59:00-03:00	2026-08-07T15:59:18-03:00	18.81	18.33	0.31	96592	0	1	686131	36bfe40eed33c8b8cb491894acd6f63c05c13e0d7a15a6e6f7b9401246d94c6d
go-realjan-alta	best_fit	63	none	configs/scenarios/fase1/geo9_google_realjan_alta.yaml	2026-08-07T15:59:03-03:00	2026-08-07T15:59:27-03:00	23.39	23.00	0.36	96916	0	1	686222	36bfe40eed33c8b8cb491894acd6f63c05c13e0d7a15a6e6f7b9401246d94c6d
go-realjan-alta	best_fit	64	none	configs/scenarios/fase1/geo9_google_realjan_alta.yaml	2026-08-07T15:59:09-03:00	2026-08-07T15:59:36-03:00	26.79	26.40	0.36	95056	0	1	686368	36bfe40eed33c8b8cb491894acd6f63c05c13e0d7a15a6e6f7b9401246d94c6d
go-realjan-alta	best_fit	65	none	configs/scenarios/fase1/geo9_google_realjan_alta.yaml	2026-08-07T15:59:10-03:00	2026-08-07T15:59:35-03:00	24.86	24.31	0.45	95200	0	1	686400	36bfe40eed33c8b8cb491894acd6f63c05c13e0d7a15a6e6f7b9401246d94c6d
go-realjan-alta	best_fit	66	none	configs/scenarios/fase1/geo9_google_realjan_alta.yaml	2026-08-07T15:59:13-03:00	2026-08-07T15:59:38-03:00	24.35	23.94	0.36	96936	0	1	686462	36bfe40eed33c8b8cb491894acd6f63c05c13e0d7a15a6e6f7b9401246d94c6d
go-realjan-alta	best_fit	67	none	configs/scenarios/fase1/geo9_google_realjan_alta.yaml	2026-08-07T15:59:18-03:00	2026-08-07T15:59:37-03:00	18.07	17.74	0.29	94052	0	1	686604	36bfe40eed33c8b8cb491894acd6f63c05c13e0d7a15a6e6f7b9401246d94c6d
go-realjan-alta	best_fit	68	none	configs/scenarios/fase1/geo9_google_realjan_alta.yaml	2026-08-07T15:59:24-03:00	2026-08-07T15:59:54-03:00	29.88	29.43	0.38	95744	0	1	686736	36bfe40eed33c8b8cb491894acd6f63c05c13e0d7a15a6e6f7b9401246d94c6d
go-realjan-alta	best_fit	69	none	configs/scenarios/fase1/geo9_google_realjan_alta.yaml	2026-08-07T15:59:27-03:00	2026-08-07T15:59:54-03:00	26.89	26.26	0.48	95656	0	1	686783	36bfe40eed33c8b8cb491894acd6f63c05c13e0d7a15a6e6f7b9401246d94c6d
go-realjan-alta	best_fit	70	none	configs/scenarios/fase1/geo9_google_realjan_alta.yaml	2026-08-07T15:59:35-03:00	2026-08-07T15:59:48-03:00	13.27	12.96	0.29	94368	0	1	686995	36bfe40eed33c8b8cb491894acd6f63c05c13e0d7a15a6e6f7b9401246d94c6d
go-realjan-alta	best_fit	71	none	configs/scenarios/fase1/geo9_google_realjan_alta.yaml	2026-08-07T15:59:36-03:00	2026-08-07T16:00:02-03:00	25.95	25.50	0.36	95276	0	1	687017	36bfe40eed33c8b8cb491894acd6f63c05c13e0d7a15a6e6f7b9401246d94c6d
go-realjan-alta	bfd	52	none	configs/scenarios/fase1/geo9_google_realjan_alta.yaml	2026-08-07T16:02:17-03:00	2026-08-07T16:02:28-03:00	10.46	10.20	0.24	82496	0	1	691286	36bfe40eed33c8b8cb491894acd6f63c05c13e0d7a15a6e6f7b9401246d94c6d
go-realjan-alta	bfd	53	none	configs/scenarios/fase1/geo9_google_realjan_alta.yaml	2026-08-07T16:02:18-03:00	2026-08-07T16:02:39-03:00	20.99	20.44	0.33	82584	0	1	691309	36bfe40eed33c8b8cb491894acd6f63c05c13e0d7a15a6e6f7b9401246d94c6d
go-realjan-alta	bfd	54	none	configs/scenarios/fase1/geo9_google_realjan_alta.yaml	2026-08-07T16:02:23-03:00	2026-08-07T16:02:33-03:00	9.48	9.14	0.29	87888	0	1	691436	36bfe40eed33c8b8cb491894acd6f63c05c13e0d7a15a6e6f7b9401246d94c6d
go-realjan-alta	bfd	55	none	configs/scenarios/fase1/geo9_google_realjan_alta.yaml	2026-08-07T16:02:28-03:00	2026-08-07T16:02:49-03:00	21.02	20.68	0.30	82928	0	1	691550	36bfe40eed33c8b8cb491894acd6f63c05c13e0d7a15a6e6f7b9401246d94c6d
go-realjan-alta	bfd	56	none	configs/scenarios/fase1/geo9_google_realjan_alta.yaml	2026-08-07T16:02:28-03:00	2026-08-07T16:02:46-03:00	17.07	16.69	0.33	88956	0	1	691563	36bfe40eed33c8b8cb491894acd6f63c05c13e0d7a15a6e6f7b9401246d94c6d
go-realjan-alta	bfd	57	none	configs/scenarios/fase1/geo9_google_realjan_alta.yaml	2026-08-07T16:02:30-03:00	2026-08-07T16:02:38-03:00	8.61	8.32	0.27	87144	0	1	691596	36bfe40eed33c8b8cb491894acd6f63c05c13e0d7a15a6e6f7b9401246d94c6d
go-realjan-alta	bfd	58	none	configs/scenarios/fase1/geo9_google_realjan_alta.yaml	2026-08-07T16:02:30-03:00	2026-08-07T16:02:51-03:00	21.05	20.69	0.30	88988	0	1	691609	36bfe40eed33c8b8cb491894acd6f63c05c13e0d7a15a6e6f7b9401246d94c6d
go-realjan-alta	bfd	59	none	configs/scenarios/fase1/geo9_google_realjan_alta.yaml	2026-08-07T16:02:33-03:00	2026-08-07T16:02:54-03:00	20.83	20.45	0.34	87196	0	1	691704	36bfe40eed33c8b8cb491894acd6f63c05c13e0d7a15a6e6f7b9401246d94c6d
go-realjan-alta	bfd	60	none	configs/scenarios/fase1/geo9_google_realjan_alta.yaml	2026-08-07T16:02:38-03:00	2026-08-07T16:03:00-03:00	21.43	21.00	0.38	86312	0	1	691839	36bfe40eed33c8b8cb491894acd6f63c05c13e0d7a15a6e6f7b9401246d94c6d
go-realjan-alta	bfd	61	none	configs/scenarios/fase1/geo9_google_realjan_alta.yaml	2026-08-07T16:02:38-03:00	2026-08-07T16:02:53-03:00	15.02	14.69	0.31	83176	0	1	691852	36bfe40eed33c8b8cb491894acd6f63c05c13e0d7a15a6e6f7b9401246d94c6d
go-realjan-alta	bfd	62	none	configs/scenarios/fase1/geo9_google_realjan_alta.yaml	2026-08-07T16:02:39-03:00	2026-08-07T16:02:56-03:00	17.11	16.76	0.34	88708	0	1	691865	36bfe40eed33c8b8cb491894acd6f63c05c13e0d7a15a6e6f7b9401246d94c6d
go-realjan-alta	bfd	63	none	configs/scenarios/fase1/geo9_google_realjan_alta.yaml	2026-08-07T16:02:39-03:00	2026-08-07T16:02:58-03:00	18.68	18.32	0.32	87312	0	1	691897	36bfe40eed33c8b8cb491894acd6f63c05c13e0d7a15a6e6f7b9401246d94c6d
go-realjan-alta	bfd	64	none	configs/scenarios/fase1/geo9_google_realjan_alta.yaml	2026-08-07T16:02:46-03:00	2026-08-07T16:03:06-03:00	20.20	19.87	0.30	88036	0	1	692027	36bfe40eed33c8b8cb491894acd6f63c05c13e0d7a15a6e6f7b9401246d94c6d
go-realjan-alta	bfd	65	none	configs/scenarios/fase1/geo9_google_realjan_alta.yaml	2026-08-07T16:02:49-03:00	2026-08-07T16:03:02-03:00	13.14	12.79	0.31	87712	0	1	692115	36bfe40eed33c8b8cb491894acd6f63c05c13e0d7a15a6e6f7b9401246d94c6d
go-realjan-alta	bfd	66	none	configs/scenarios/fase1/geo9_google_realjan_alta.yaml	2026-08-07T16:02:51-03:00	2026-08-07T16:03:09-03:00	18.08	17.67	0.33	88284	0	1	692149	36bfe40eed33c8b8cb491894acd6f63c05c13e0d7a15a6e6f7b9401246d94c6d
go-realjan-alta	bfd	67	none	configs/scenarios/fase1/geo9_google_realjan_alta.yaml	2026-08-07T16:02:53-03:00	2026-08-07T16:03:11-03:00	17.36	16.95	0.33	88904	0	1	692233	36bfe40eed33c8b8cb491894acd6f63c05c13e0d7a15a6e6f7b9401246d94c6d
go-realjan-alta	bfd	68	none	configs/scenarios/fase1/geo9_google_realjan_alta.yaml	2026-08-07T16:02:54-03:00	2026-08-07T16:03:13-03:00	19.11	18.63	0.34	88572	0	1	692257	36bfe40eed33c8b8cb491894acd6f63c05c13e0d7a15a6e6f7b9401246d94c6d
go-realjan-alta	bfd	69	none	configs/scenarios/fase1/geo9_google_realjan_alta.yaml	2026-08-07T16:02:56-03:00	2026-08-07T16:03:17-03:00	21.33	20.94	0.35	88992	0	1	692302	36bfe40eed33c8b8cb491894acd6f63c05c13e0d7a15a6e6f7b9401246d94c6d
go-realjan-alta	bfd	70	none	configs/scenarios/fase1/geo9_google_realjan_alta.yaml	2026-08-07T16:02:58-03:00	2026-08-07T16:03:11-03:00	13.20	12.90	0.28	82780	0	1	692375	36bfe40eed33c8b8cb491894acd6f63c05c13e0d7a15a6e6f7b9401246d94c6d
go-realjan-alta	bfd	71	none	configs/scenarios/fase1/geo9_google_realjan_alta.yaml	2026-08-07T16:03:00-03:00	2026-08-07T16:03:16-03:00	15.92	15.52	0.33	83552	0	1	692420	36bfe40eed33c8b8cb491894acd6f63c05c13e0d7a15a6e6f7b9401246d94c6d
go-realjan-alta	cnemesis	52	cnemesis	configs/scenarios/fase1/geo9_google_realjan_alta.yaml	2026-08-07T16:56:19-03:00	2026-08-07T17:34:24-03:00	2284.61	2278.54	0.56	104428	0	1	760825	36bfe40eed33c8b8cb491894acd6f63c05c13e0d7a15a6e6f7b9401246d94c6d
go-realjan-alta	cnemesis	53	cnemesis	configs/scenarios/fase1/geo9_google_realjan_alta.yaml	2026-08-07T16:56:46-03:00	2026-08-07T17:38:58-03:00	2531.86	2522.83	2.27	104516	0	1	761409	36bfe40eed33c8b8cb491894acd6f63c05c13e0d7a15a6e6f7b9401246d94c6d
go-realjan-alta	cnemesis	54	cnemesis	configs/scenarios/fase1/geo9_google_realjan_alta.yaml	2026-08-07T16:56:50-03:00	2026-08-07T17:25:58-03:00	1748.06	1741.49	1.12	104204	0	1	761504	36bfe40eed33c8b8cb491894acd6f63c05c13e0d7a15a6e6f7b9401246d94c6d
go-realjan-alta	cnemesis	55	cnemesis	configs/scenarios/fase1/geo9_google_realjan_alta.yaml	2026-08-07T16:56:58-03:00	2026-08-07T17:34:06-03:00	2227.78	2218.87	2.36	103668	0	1	761661	36bfe40eed33c8b8cb491894acd6f63c05c13e0d7a15a6e6f7b9401246d94c6d
go-realjan-alta	cnemesis	56	cnemesis	configs/scenarios/fase1/geo9_google_realjan_alta.yaml	2026-08-07T16:57:40-03:00	2026-08-07T17:41:55-03:00	2654.44	2646.13	1.78	104760	0	1	762533	36bfe40eed33c8b8cb491894acd6f63c05c13e0d7a15a6e6f7b9401246d94c6d
go-realjan-alta	cnemesis	57	cnemesis	configs/scenarios/fase1/geo9_google_realjan_alta.yaml	2026-08-07T16:57:47-03:00	2026-08-07T17:30:25-03:00	1958.21	1951.33	1.81	104128	0	1	762717	36bfe40eed33c8b8cb491894acd6f63c05c13e0d7a15a6e6f7b9401246d94c6d
go-realjan-alta	cnemesis	58	cnemesis	configs/scenarios/fase1/geo9_google_realjan_alta.yaml	2026-08-07T16:57:49-03:00	2026-08-07T17:18:13-03:00	1224.47	1219.54	1.46	102756	0	1	762783	36bfe40eed33c8b8cb491894acd6f63c05c13e0d7a15a6e6f7b9401246d94c6d
go-realjan-alta	cnemesis	59	cnemesis	configs/scenarios/fase1/geo9_google_realjan_alta.yaml	2026-08-07T16:57:56-03:00	2026-08-07T17:42:51-03:00	2694.58	2687.12	1.16	104132	0	1	762937	36bfe40eed33c8b8cb491894acd6f63c05c13e0d7a15a6e6f7b9401246d94c6d
go-realjan-alta	cnemesis	60	cnemesis	configs/scenarios/fase1/geo9_google_realjan_alta.yaml	2026-08-07T16:59:09-03:00	2026-08-07T17:31:40-03:00	1951.29	1944.67	1.43	103292	0	1	764628	36bfe40eed33c8b8cb491894acd6f63c05c13e0d7a15a6e6f7b9401246d94c6d
go-realjan-alta	cnemesis	61	cnemesis	configs/scenarios/fase1/geo9_google_realjan_alta.yaml	2026-08-07T17:00:00-03:00	2026-08-07T17:45:16-03:00	2716.29	2707.46	1.64	104948	0	1	765778	36bfe40eed33c8b8cb491894acd6f63c05c13e0d7a15a6e6f7b9401246d94c6d
go-realjan-alta	cnemesis	62	cnemesis	configs/scenarios/fase1/geo9_google_realjan_alta.yaml	2026-08-07T17:00:38-03:00	2026-08-07T17:40:08-03:00	2370.32	2361.51	3.32	105428	0	1	766589	36bfe40eed33c8b8cb491894acd6f63c05c13e0d7a15a6e6f7b9401246d94c6d
go-realjan-alta	cnemesis	63	cnemesis	configs/scenarios/fase1/geo9_google_realjan_alta.yaml	2026-08-07T17:00:54-03:00	2026-08-07T17:39:22-03:00	2307.51	2300.60	1.21	104084	0	1	766934	36bfe40eed33c8b8cb491894acd6f63c05c13e0d7a15a6e6f7b9401246d94c6d
go-realjan-alta	cnemesis	64	cnemesis	configs/scenarios/fase1/geo9_google_realjan_alta.yaml	2026-08-07T17:06:08-03:00	2026-08-07T17:40:50-03:00	2081.65	2074.86	1.92	105112	0	1	773514	36bfe40eed33c8b8cb491894acd6f63c05c13e0d7a15a6e6f7b9401246d94c6d
go-realjan-alta	cnemesis	65	cnemesis	configs/scenarios/fase1/geo9_google_realjan_alta.yaml	2026-08-07T17:07:38-03:00	2026-08-07T17:46:37-03:00	2338.02	2328.98	2.71	103572	0	1	775394	36bfe40eed33c8b8cb491894acd6f63c05c13e0d7a15a6e6f7b9401246d94c6d
go-realjan-alta	cnemesis	66	cnemesis	configs/scenarios/fase1/geo9_google_realjan_alta.yaml	2026-08-07T17:18:13-03:00	2026-08-07T17:58:18-03:00	2404.52	2398.28	0.80	104100	0	1	788815	36bfe40eed33c8b8cb491894acd6f63c05c13e0d7a15a6e6f7b9401246d94c6d
go-realjan-alta	cnemesis	67	cnemesis	configs/scenarios/fase1/geo9_google_realjan_alta.yaml	2026-08-07T17:25:58-03:00	2026-08-07T18:10:12-03:00	2653.27	2645.43	1.84	106340	0	1	798615	36bfe40eed33c8b8cb491894acd6f63c05c13e0d7a15a6e6f7b9401246d94c6d
go-realjan-alta	cnemesis	68	cnemesis	configs/scenarios/fase1/geo9_google_realjan_alta.yaml	2026-08-07T17:30:25-03:00	2026-08-07T18:08:18-03:00	2272.86	2266.42	1.29	105124	0	1	804303	36bfe40eed33c8b8cb491894acd6f63c05c13e0d7a15a6e6f7b9401246d94c6d
go-realjan-alta	cnemesis	69	cnemesis	configs/scenarios/fase1/geo9_google_realjan_alta.yaml	2026-08-07T17:31:40-03:00	2026-08-07T18:15:39-03:00	2638.38	2629.10	3.01	105764	0	1	805934	36bfe40eed33c8b8cb491894acd6f63c05c13e0d7a15a6e6f7b9401246d94c6d
go-realjan-alta	cnemesis	70	cnemesis	configs/scenarios/fase1/geo9_google_realjan_alta.yaml	2026-08-07T17:34:06-03:00	2026-08-07T18:13:41-03:00	2374.74	2368.43	1.20	105840	0	1	808987	36bfe40eed33c8b8cb491894acd6f63c05c13e0d7a15a6e6f7b9401246d94c6d
go-realjan-alta	cnemesis	71	cnemesis	configs/scenarios/fase1/geo9_google_realjan_alta.yaml	2026-08-07T17:34:24-03:00	2026-08-07T18:06:49-03:00	1945.67	1939.99	1.20	104204	0	1	809353	36bfe40eed33c8b8cb491894acd6f63c05c13e0d7a15a6e6f7b9401246d94c6d
go-realjan-alta	ffd	52	none	configs/scenarios/fase1/geo9_google_realjan_alta.yaml	2026-08-07T16:01:30-03:00	2026-08-07T16:01:44-03:00	13.98	13.60	0.33	90592	0	1	690024	36bfe40eed33c8b8cb491894acd6f63c05c13e0d7a15a6e6f7b9401246d94c6d
go-realjan-alta	ffd	53	none	configs/scenarios/fase1/geo9_google_realjan_alta.yaml	2026-08-07T16:01:31-03:00	2026-08-07T16:01:53-03:00	21.34	20.95	0.36	90844	0	1	690085	36bfe40eed33c8b8cb491894acd6f63c05c13e0d7a15a6e6f7b9401246d94c6d
go-realjan-alta	ffd	54	none	configs/scenarios/fase1/geo9_google_realjan_alta.yaml	2026-08-07T16:01:32-03:00	2026-08-07T16:01:55-03:00	23.76	23.40	0.33	91644	0	1	690108	36bfe40eed33c8b8cb491894acd6f63c05c13e0d7a15a6e6f7b9401246d94c6d
go-realjan-alta	ffd	55	none	configs/scenarios/fase1/geo9_google_realjan_alta.yaml	2026-08-07T16:01:34-03:00	2026-08-07T16:01:54-03:00	19.76	19.40	0.32	89952	0	1	690167	36bfe40eed33c8b8cb491894acd6f63c05c13e0d7a15a6e6f7b9401246d94c6d
go-realjan-alta	ffd	56	none	configs/scenarios/fase1/geo9_google_realjan_alta.yaml	2026-08-07T16:01:36-03:00	2026-08-07T16:02:01-03:00	24.59	24.06	0.43	94028	0	1	690236	36bfe40eed33c8b8cb491894acd6f63c05c13e0d7a15a6e6f7b9401246d94c6d
go-realjan-alta	ffd	57	none	configs/scenarios/fase1/geo9_google_realjan_alta.yaml	2026-08-07T16:01:42-03:00	2026-08-07T16:02:02-03:00	20.32	19.99	0.30	90132	0	1	690365	36bfe40eed33c8b8cb491894acd6f63c05c13e0d7a15a6e6f7b9401246d94c6d
go-realjan-alta	ffd	58	none	configs/scenarios/fase1/geo9_google_realjan_alta.yaml	2026-08-07T16:01:44-03:00	2026-08-07T16:02:08-03:00	24.18	23.77	0.37	92504	0	1	690398	36bfe40eed33c8b8cb491894acd6f63c05c13e0d7a15a6e6f7b9401246d94c6d
go-realjan-alta	ffd	59	none	configs/scenarios/fase1/geo9_google_realjan_alta.yaml	2026-08-07T16:01:47-03:00	2026-08-07T16:02:09-03:00	21.88	21.47	0.33	92000	0	1	690506	36bfe40eed33c8b8cb491894acd6f63c05c13e0d7a15a6e6f7b9401246d94c6d
go-realjan-alta	ffd	60	none	configs/scenarios/fase1/geo9_google_realjan_alta.yaml	2026-08-07T16:01:52-03:00	2026-08-07T16:02:07-03:00	14.69	14.38	0.28	90556	0	1	690629	36bfe40eed33c8b8cb491894acd6f63c05c13e0d7a15a6e6f7b9401246d94c6d
go-realjan-alta	ffd	61	none	configs/scenarios/fase1/geo9_google_realjan_alta.yaml	2026-08-07T16:01:53-03:00	2026-08-07T16:02:15-03:00	21.94	21.59	0.32	91372	0	1	690642	36bfe40eed33c8b8cb491894acd6f63c05c13e0d7a15a6e6f7b9401246d94c6d
go-realjan-alta	ffd	62	none	configs/scenarios/fase1/geo9_google_realjan_alta.yaml	2026-08-07T16:01:54-03:00	2026-08-07T16:02:16-03:00	22.09	21.68	0.37	93468	0	1	690674	36bfe40eed33c8b8cb491894acd6f63c05c13e0d7a15a6e6f7b9401246d94c6d
go-realjan-alta	ffd	63	none	configs/scenarios/fase1/geo9_google_realjan_alta.yaml	2026-08-07T16:01:56-03:00	2026-08-07T16:02:18-03:00	22.68	22.26	0.36	91888	0	1	690740	36bfe40eed33c8b8cb491894acd6f63c05c13e0d7a15a6e6f7b9401246d94c6d
go-realjan-alta	ffd	64	none	configs/scenarios/fase1/geo9_google_realjan_alta.yaml	2026-08-07T16:02:01-03:00	2026-08-07T16:02:17-03:00	16.40	16.08	0.31	91828	0	1	690858	36bfe40eed33c8b8cb491894acd6f63c05c13e0d7a15a6e6f7b9401246d94c6d
go-realjan-alta	ffd	65	none	configs/scenarios/fase1/geo9_google_realjan_alta.yaml	2026-08-07T16:02:02-03:00	2026-08-07T16:02:23-03:00	20.86	20.51	0.32	91268	0	1	690910	36bfe40eed33c8b8cb491894acd6f63c05c13e0d7a15a6e6f7b9401246d94c6d
go-realjan-alta	ffd	66	none	configs/scenarios/fase1/geo9_google_realjan_alta.yaml	2026-08-07T16:02:07-03:00	2026-08-07T16:02:17-03:00	9.93	9.63	0.28	92600	0	1	691012	36bfe40eed33c8b8cb491894acd6f63c05c13e0d7a15a6e6f7b9401246d94c6d
go-realjan-alta	ffd	67	none	configs/scenarios/fase1/geo9_google_realjan_alta.yaml	2026-08-07T16:02:08-03:00	2026-08-07T16:02:28-03:00	20.37	20.01	0.33	90752	0	1	691041	36bfe40eed33c8b8cb491894acd6f63c05c13e0d7a15a6e6f7b9401246d94c6d
go-realjan-alta	ffd	68	none	configs/scenarios/fase1/geo9_google_realjan_alta.yaml	2026-08-07T16:02:09-03:00	2026-08-07T16:02:30-03:00	20.40	20.04	0.35	92676	0	1	691068	36bfe40eed33c8b8cb491894acd6f63c05c13e0d7a15a6e6f7b9401246d94c6d
go-realjan-alta	ffd	69	none	configs/scenarios/fase1/geo9_google_realjan_alta.yaml	2026-08-07T16:02:15-03:00	2026-08-07T16:02:39-03:00	23.74	23.36	0.36	93164	0	1	691197	36bfe40eed33c8b8cb491894acd6f63c05c13e0d7a15a6e6f7b9401246d94c6d
go-realjan-alta	ffd	70	none	configs/scenarios/fase1/geo9_google_realjan_alta.yaml	2026-08-07T16:02:16-03:00	2026-08-07T16:02:38-03:00	22.29	21.88	0.35	89880	0	1	691240	36bfe40eed33c8b8cb491894acd6f63c05c13e0d7a15a6e6f7b9401246d94c6d
go-realjan-alta	ffd	71	none	configs/scenarios/fase1/geo9_google_realjan_alta.yaml	2026-08-07T16:02:17-03:00	2026-08-07T16:02:30-03:00	12.66	12.40	0.25	91748	0	1	691273	36bfe40eed33c8b8cb491894acd6f63c05c13e0d7a15a6e6f7b9401246d94c6d
go-realjan-alta	first_fit	52	none	configs/scenarios/fase1/geo9_google_realjan_alta.yaml	2026-08-07T15:56:14-03:00	2026-08-07T15:56:38-03:00	23.28	22.81	0.39	95048	0	1	682066	36bfe40eed33c8b8cb491894acd6f63c05c13e0d7a15a6e6f7b9401246d94c6d
go-realjan-alta	first_fit	53	none	configs/scenarios/fase1/geo9_google_realjan_alta.yaml	2026-08-07T15:56:14-03:00	2026-08-07T15:56:40-03:00	25.93	25.44	0.37	91380	0	1	682079	36bfe40eed33c8b8cb491894acd6f63c05c13e0d7a15a6e6f7b9401246d94c6d
go-realjan-alta	first_fit	54	none	configs/scenarios/fase1/geo9_google_realjan_alta.yaml	2026-08-07T15:56:38-03:00	2026-08-07T15:57:03-03:00	25.15	24.76	0.36	92968	0	1	682614	36bfe40eed33c8b8cb491894acd6f63c05c13e0d7a15a6e6f7b9401246d94c6d
go-realjan-alta	first_fit	55	none	configs/scenarios/fase1/geo9_google_realjan_alta.yaml	2026-08-07T15:56:40-03:00	2026-08-07T15:57:09-03:00	28.19	27.75	0.39	94296	0	1	682686	36bfe40eed33c8b8cb491894acd6f63c05c13e0d7a15a6e6f7b9401246d94c6d
go-realjan-alta	first_fit	56	none	configs/scenarios/fase1/geo9_google_realjan_alta.yaml	2026-08-07T15:56:48-03:00	2026-08-07T15:57:06-03:00	18.21	17.84	0.34	93184	0	1	682860	36bfe40eed33c8b8cb491894acd6f63c05c13e0d7a15a6e6f7b9401246d94c6d
go-realjan-alta	first_fit	57	none	configs/scenarios/fase1/geo9_google_realjan_alta.yaml	2026-08-07T15:57:03-03:00	2026-08-07T15:57:28-03:00	25.37	24.94	0.37	94024	0	1	683166	36bfe40eed33c8b8cb491894acd6f63c05c13e0d7a15a6e6f7b9401246d94c6d
go-realjan-alta	first_fit	58	none	configs/scenarios/fase1/geo9_google_realjan_alta.yaml	2026-08-07T15:57:06-03:00	2026-08-07T15:57:31-03:00	24.01	23.59	0.39	92908	0	1	683256	36bfe40eed33c8b8cb491894acd6f63c05c13e0d7a15a6e6f7b9401246d94c6d
go-realjan-alta	first_fit	59	none	configs/scenarios/fase1/geo9_google_realjan_alta.yaml	2026-08-07T15:57:09-03:00	2026-08-07T15:57:32-03:00	23.61	23.21	0.38	94172	0	1	683327	36bfe40eed33c8b8cb491894acd6f63c05c13e0d7a15a6e6f7b9401246d94c6d
go-realjan-alta	first_fit	60	none	configs/scenarios/fase1/geo9_google_realjan_alta.yaml	2026-08-07T15:57:28-03:00	2026-08-07T15:57:55-03:00	26.44	26.02	0.37	91524	0	1	683749	36bfe40eed33c8b8cb491894acd6f63c05c13e0d7a15a6e6f7b9401246d94c6d
go-realjan-alta	first_fit	61	none	configs/scenarios/fase1/geo9_google_realjan_alta.yaml	2026-08-07T15:57:30-03:00	2026-08-07T15:57:48-03:00	18.47	18.09	0.35	97404	0	1	683792	36bfe40eed33c8b8cb491894acd6f63c05c13e0d7a15a6e6f7b9401246d94c6d
go-realjan-alta	first_fit	62	none	configs/scenarios/fase1/geo9_google_realjan_alta.yaml	2026-08-07T15:57:31-03:00	2026-08-07T15:57:55-03:00	24.93	24.52	0.39	93184	0	1	683815	36bfe40eed33c8b8cb491894acd6f63c05c13e0d7a15a6e6f7b9401246d94c6d
go-realjan-alta	first_fit	63	none	configs/scenarios/fase1/geo9_google_realjan_alta.yaml	2026-08-07T15:57:32-03:00	2026-08-07T15:57:58-03:00	26.18	25.68	0.36	93500	0	1	683877	36bfe40eed33c8b8cb491894acd6f63c05c13e0d7a15a6e6f7b9401246d94c6d
go-realjan-alta	first_fit	64	none	configs/scenarios/fase1/geo9_google_realjan_alta.yaml	2026-08-07T15:57:48-03:00	2026-08-07T15:58:08-03:00	19.66	19.31	0.33	93460	0	1	684403	36bfe40eed33c8b8cb491894acd6f63c05c13e0d7a15a6e6f7b9401246d94c6d
go-realjan-alta	first_fit	65	none	configs/scenarios/fase1/geo9_google_realjan_alta.yaml	2026-08-07T15:57:55-03:00	2026-08-07T15:58:19-03:00	24.46	24.02	0.36	92396	0	1	684536	36bfe40eed33c8b8cb491894acd6f63c05c13e0d7a15a6e6f7b9401246d94c6d
go-realjan-alta	first_fit	66	none	configs/scenarios/fase1/geo9_google_realjan_alta.yaml	2026-08-07T15:57:55-03:00	2026-08-07T15:58:19-03:00	23.92	23.48	0.39	92836	0	1	684556	36bfe40eed33c8b8cb491894acd6f63c05c13e0d7a15a6e6f7b9401246d94c6d
go-realjan-alta	first_fit	67	none	configs/scenarios/fase1/geo9_google_realjan_alta.yaml	2026-08-07T15:57:58-03:00	2026-08-07T15:58:18-03:00	19.06	18.55	0.39	92384	0	1	684648	36bfe40eed33c8b8cb491894acd6f63c05c13e0d7a15a6e6f7b9401246d94c6d
go-realjan-alta	first_fit	68	none	configs/scenarios/fase1/geo9_google_realjan_alta.yaml	2026-08-07T15:58:08-03:00	2026-08-07T15:58:34-03:00	26.01	25.42	0.37	95036	0	1	684850	36bfe40eed33c8b8cb491894acd6f63c05c13e0d7a15a6e6f7b9401246d94c6d
go-realjan-alta	first_fit	69	none	configs/scenarios/fase1/geo9_google_realjan_alta.yaml	2026-08-07T15:58:18-03:00	2026-08-07T15:58:38-03:00	20.75	20.33	0.33	95100	0	1	685052	36bfe40eed33c8b8cb491894acd6f63c05c13e0d7a15a6e6f7b9401246d94c6d
go-realjan-alta	first_fit	70	none	configs/scenarios/fase1/geo9_google_realjan_alta.yaml	2026-08-07T15:58:19-03:00	2026-08-07T15:58:41-03:00	21.92	21.51	0.30	92568	0	1	685105	36bfe40eed33c8b8cb491894acd6f63c05c13e0d7a15a6e6f7b9401246d94c6d
go-realjan-alta	first_fit	71	none	configs/scenarios/fase1/geo9_google_realjan_alta.yaml	2026-08-07T15:58:19-03:00	2026-08-07T15:58:43-03:00	23.76	23.28	0.37	92008	0	1	685118	36bfe40eed33c8b8cb491894acd6f63c05c13e0d7a15a6e6f7b9401246d94c6d
go-realjan-alta	follow_renewables	52	follow_renewables	configs/scenarios/fase1/geo9_google_realjan_alta.yaml	2026-08-07T16:03:54-03:00	2026-08-07T16:33:36-03:00	1782.14	1775.45	1.48	157824	0	1	693829	36bfe40eed33c8b8cb491894acd6f63c05c13e0d7a15a6e6f7b9401246d94c6d
go-realjan-alta	follow_renewables	53	follow_renewables	configs/scenarios/fase1/geo9_google_realjan_alta.yaml	2026-08-07T16:03:54-03:00	2026-08-07T16:35:39-03:00	1905.19	1897.78	3.05	157392	0	1	693852	36bfe40eed33c8b8cb491894acd6f63c05c13e0d7a15a6e6f7b9401246d94c6d
go-realjan-alta	follow_renewables	54	follow_renewables	configs/scenarios/fase1/geo9_google_realjan_alta.yaml	2026-08-07T16:03:55-03:00	2026-08-07T16:31:48-03:00	1672.62	1667.30	1.26	159032	0	1	693885	36bfe40eed33c8b8cb491894acd6f63c05c13e0d7a15a6e6f7b9401246d94c6d
go-realjan-alta	follow_renewables	55	follow_renewables	configs/scenarios/fase1/geo9_google_realjan_alta.yaml	2026-08-07T16:04:00-03:00	2026-08-07T16:37:11-03:00	1991.51	1985.66	1.04	160652	0	1	693978	36bfe40eed33c8b8cb491894acd6f63c05c13e0d7a15a6e6f7b9401246d94c6d
go-realjan-alta	follow_renewables	56	follow_renewables	configs/scenarios/fase1/geo9_google_realjan_alta.yaml	2026-08-07T16:04:01-03:00	2026-08-07T16:27:06-03:00	1385.66	1380.55	1.37	161344	0	1	694018	36bfe40eed33c8b8cb491894acd6f63c05c13e0d7a15a6e6f7b9401246d94c6d
go-realjan-alta	follow_renewables	57	follow_renewables	configs/scenarios/fase1/geo9_google_realjan_alta.yaml	2026-08-07T16:04:04-03:00	2026-08-07T16:25:25-03:00	1280.14	1276.03	0.78	162864	0	1	694099	36bfe40eed33c8b8cb491894acd6f63c05c13e0d7a15a6e6f7b9401246d94c6d
go-realjan-alta	follow_renewables	58	follow_renewables	configs/scenarios/fase1/geo9_google_realjan_alta.yaml	2026-08-07T16:04:07-03:00	2026-08-07T16:37:37-03:00	2009.20	2002.57	1.21	160664	0	1	694186	36bfe40eed33c8b8cb491894acd6f63c05c13e0d7a15a6e6f7b9401246d94c6d
go-realjan-alta	follow_renewables	59	follow_renewables	configs/scenarios/fase1/geo9_google_realjan_alta.yaml	2026-08-07T16:04:15-03:00	2026-08-07T16:39:37-03:00	2121.66	2114.83	2.05	157244	0	1	694342	36bfe40eed33c8b8cb491894acd6f63c05c13e0d7a15a6e6f7b9401246d94c6d
go-realjan-alta	follow_renewables	60	follow_renewables	configs/scenarios/fase1/geo9_google_realjan_alta.yaml	2026-08-07T16:15:46-03:00	2026-08-07T16:45:08-03:00	1761.25	1753.82	2.00	157804	0	1	709069	36bfe40eed33c8b8cb491894acd6f63c05c13e0d7a15a6e6f7b9401246d94c6d
go-realjan-alta	follow_renewables	61	follow_renewables	configs/scenarios/fase1/geo9_google_realjan_alta.yaml	2026-08-07T16:16:06-03:00	2026-08-07T16:43:50-03:00	1664.26	1660.38	0.75	160228	0	1	709499	36bfe40eed33c8b8cb491894acd6f63c05c13e0d7a15a6e6f7b9401246d94c6d
go-realjan-alta	follow_renewables	62	follow_renewables	configs/scenarios/fase1/geo9_google_realjan_alta.yaml	2026-08-07T16:18:11-03:00	2026-08-07T16:47:10-03:00	1738.30	1732.87	1.45	159608	0	1	712102	36bfe40eed33c8b8cb491894acd6f63c05c13e0d7a15a6e6f7b9401246d94c6d
go-realjan-alta	follow_renewables	63	follow_renewables	configs/scenarios/fase1/geo9_google_realjan_alta.yaml	2026-08-07T16:21:51-03:00	2026-08-07T16:44:53-03:00	1382.49	1378.21	1.26	158520	0	1	716771	36bfe40eed33c8b8cb491894acd6f63c05c13e0d7a15a6e6f7b9401246d94c6d
go-realjan-alta	follow_renewables	64	follow_renewables	configs/scenarios/fase1/geo9_google_realjan_alta.yaml	2026-08-07T16:25:25-03:00	2026-08-07T16:54:42-03:00	1757.68	1752.62	1.09	157664	0	1	721291	36bfe40eed33c8b8cb491894acd6f63c05c13e0d7a15a6e6f7b9401246d94c6d
go-realjan-alta	follow_renewables	65	follow_renewables	configs/scenarios/fase1/geo9_google_realjan_alta.yaml	2026-08-07T16:27:06-03:00	2026-08-07T16:56:46-03:00	1779.88	1775.29	0.72	155072	0	1	723456	36bfe40eed33c8b8cb491894acd6f63c05c13e0d7a15a6e6f7b9401246d94c6d
go-realjan-alta	follow_renewables	66	follow_renewables	configs/scenarios/fase1/geo9_google_realjan_alta.yaml	2026-08-07T16:31:48-03:00	2026-08-07T16:56:19-03:00	1471.38	1466.33	1.79	158252	0	1	729485	36bfe40eed33c8b8cb491894acd6f63c05c13e0d7a15a6e6f7b9401246d94c6d
go-realjan-alta	follow_renewables	67	follow_renewables	configs/scenarios/fase1/geo9_google_realjan_alta.yaml	2026-08-07T16:32:09-03:00	2026-08-07T16:56:58-03:00	1489.08	1483.55	1.96	159964	0	1	729941	36bfe40eed33c8b8cb491894acd6f63c05c13e0d7a15a6e6f7b9401246d94c6d
go-realjan-alta	follow_renewables	68	follow_renewables	configs/scenarios/fase1/geo9_google_realjan_alta.yaml	2026-08-07T16:33:36-03:00	2026-08-07T16:57:40-03:00	1444.28	1438.83	1.41	156408	0	1	731782	36bfe40eed33c8b8cb491894acd6f63c05c13e0d7a15a6e6f7b9401246d94c6d
go-realjan-alta	follow_renewables	69	follow_renewables	configs/scenarios/fase1/geo9_google_realjan_alta.yaml	2026-08-07T16:35:21-03:00	2026-08-07T17:07:38-03:00	1937.38	1930.66	2.19	158932	0	1	734079	36bfe40eed33c8b8cb491894acd6f63c05c13e0d7a15a6e6f7b9401246d94c6d
go-realjan-alta	follow_renewables	70	follow_renewables	configs/scenarios/fase1/geo9_google_realjan_alta.yaml	2026-08-07T16:35:39-03:00	2026-08-07T17:00:38-03:00	1498.82	1493.64	1.94	158432	0	1	734480	36bfe40eed33c8b8cb491894acd6f63c05c13e0d7a15a6e6f7b9401246d94c6d
go-realjan-alta	follow_renewables	71	follow_renewables	configs/scenarios/fase1/geo9_google_realjan_alta.yaml	2026-08-07T16:37:11-03:00	2026-08-07T17:06:08-03:00	1736.97	1730.69	1.38	160352	0	1	736374	36bfe40eed33c8b8cb491894acd6f63c05c13e0d7a15a6e6f7b9401246d94c6d
go-realjan-alta	followme_s	52	followme_s	configs/scenarios/fase1/geo9_google_realjan_alta.yaml	2026-08-07T16:42:23-03:00	2026-08-07T16:45:52-03:00	208.83	207.71	0.51	108544	0	1	743216	36bfe40eed33c8b8cb491894acd6f63c05c13e0d7a15a6e6f7b9401246d94c6d
go-realjan-alta	followme_s	53	followme_s	configs/scenarios/fase1/geo9_google_realjan_alta.yaml	2026-08-07T16:42:35-03:00	2026-08-07T16:46:27-03:00	232.51	230.97	0.69	107004	0	1	743482	36bfe40eed33c8b8cb491894acd6f63c05c13e0d7a15a6e6f7b9401246d94c6d
go-realjan-alta	followme_s	54	followme_s	configs/scenarios/fase1/geo9_google_realjan_alta.yaml	2026-08-07T16:43:50-03:00	2026-08-07T16:49:16-03:00	325.24	323.46	0.84	109244	0	1	745051	36bfe40eed33c8b8cb491894acd6f63c05c13e0d7a15a6e6f7b9401246d94c6d
go-realjan-alta	followme_s	55	followme_s	configs/scenarios/fase1/geo9_google_realjan_alta.yaml	2026-08-07T16:44:53-03:00	2026-08-07T16:48:12-03:00	198.55	197.41	0.68	108636	0	1	746370	36bfe40eed33c8b8cb491894acd6f63c05c13e0d7a15a6e6f7b9401246d94c6d
go-realjan-alta	followme_s	56	followme_s	configs/scenarios/fase1/geo9_google_realjan_alta.yaml	2026-08-07T16:45:08-03:00	2026-08-07T16:50:14-03:00	306.63	305.72	0.50	109040	0	1	746708	36bfe40eed33c8b8cb491894acd6f63c05c13e0d7a15a6e6f7b9401246d94c6d
go-realjan-alta	followme_s	57	followme_s	configs/scenarios/fase1/geo9_google_realjan_alta.yaml	2026-08-07T16:45:52-03:00	2026-08-07T16:53:12-03:00	440.24	438.70	0.56	107840	0	1	747693	36bfe40eed33c8b8cb491894acd6f63c05c13e0d7a15a6e6f7b9401246d94c6d
go-realjan-alta	followme_s	58	followme_s	configs/scenarios/fase1/geo9_google_realjan_alta.yaml	2026-08-07T16:46:27-03:00	2026-08-07T16:51:12-03:00	284.72	283.69	0.52	107520	0	1	748417	36bfe40eed33c8b8cb491894acd6f63c05c13e0d7a15a6e6f7b9401246d94c6d
go-realjan-alta	followme_s	59	followme_s	configs/scenarios/fase1/geo9_google_realjan_alta.yaml	2026-08-07T16:47:10-03:00	2026-08-07T16:50:34-03:00	203.87	202.69	0.66	107860	0	1	749311	36bfe40eed33c8b8cb491894acd6f63c05c13e0d7a15a6e6f7b9401246d94c6d
go-realjan-alta	followme_s	60	followme_s	configs/scenarios/fase1/geo9_google_realjan_alta.yaml	2026-08-07T16:48:12-03:00	2026-08-07T16:50:50-03:00	158.08	157.05	0.47	107448	0	1	750591	36bfe40eed33c8b8cb491894acd6f63c05c13e0d7a15a6e6f7b9401246d94c6d
go-realjan-alta	followme_s	61	followme_s	configs/scenarios/fase1/geo9_google_realjan_alta.yaml	2026-08-07T16:49:16-03:00	2026-08-07T16:53:23-03:00	247.18	245.91	0.80	110160	0	1	751957	36bfe40eed33c8b8cb491894acd6f63c05c13e0d7a15a6e6f7b9401246d94c6d
go-realjan-alta	followme_s	62	followme_s	configs/scenarios/fase1/geo9_google_realjan_alta.yaml	2026-08-07T16:50:14-03:00	2026-08-07T16:55:11-03:00	296.96	295.89	0.51	109940	0	1	753251	36bfe40eed33c8b8cb491894acd6f63c05c13e0d7a15a6e6f7b9401246d94c6d
go-realjan-alta	followme_s	63	followme_s	configs/scenarios/fase1/geo9_google_realjan_alta.yaml	2026-08-07T16:50:34-03:00	2026-08-07T16:53:35-03:00	181.39	180.44	0.52	108928	0	1	753653	36bfe40eed33c8b8cb491894acd6f63c05c13e0d7a15a6e6f7b9401246d94c6d
go-realjan-alta	followme_s	64	followme_s	configs/scenarios/fase1/geo9_google_realjan_alta.yaml	2026-08-07T16:50:50-03:00	2026-08-07T16:56:50-03:00	360.24	358.86	0.68	108284	0	1	754009	36bfe40eed33c8b8cb491894acd6f63c05c13e0d7a15a6e6f7b9401246d94c6d
go-realjan-alta	followme_s	65	followme_s	configs/scenarios/fase1/geo9_google_realjan_alta.yaml	2026-08-07T16:51:12-03:00	2026-08-07T16:57:56-03:00	403.98	401.87	1.46	106848	0	1	754457	36bfe40eed33c8b8cb491894acd6f63c05c13e0d7a15a6e6f7b9401246d94c6d
go-realjan-alta	followme_s	66	followme_s	configs/scenarios/fase1/geo9_google_realjan_alta.yaml	2026-08-07T16:53:12-03:00	2026-08-07T16:56:10-03:00	177.14	176.18	0.50	109908	0	1	757017	36bfe40eed33c8b8cb491894acd6f63c05c13e0d7a15a6e6f7b9401246d94c6d
go-realjan-alta	followme_s	67	followme_s	configs/scenarios/fase1/geo9_google_realjan_alta.yaml	2026-08-07T16:53:23-03:00	2026-08-07T16:57:49-03:00	265.80	264.55	0.61	108380	0	1	757226	36bfe40eed33c8b8cb491894acd6f63c05c13e0d7a15a6e6f7b9401246d94c6d
go-realjan-alta	followme_s	68	followme_s	configs/scenarios/fase1/geo9_google_realjan_alta.yaml	2026-08-07T16:53:35-03:00	2026-08-07T16:59:09-03:00	333.89	332.48	0.55	109164	0	1	757498	36bfe40eed33c8b8cb491894acd6f63c05c13e0d7a15a6e6f7b9401246d94c6d
go-realjan-alta	followme_s	69	followme_s	configs/scenarios/fase1/geo9_google_realjan_alta.yaml	2026-08-07T16:54:42-03:00	2026-08-07T16:57:47-03:00	184.52	183.62	0.48	108928	0	1	758827	36bfe40eed33c8b8cb491894acd6f63c05c13e0d7a15a6e6f7b9401246d94c6d
go-realjan-alta	followme_s	70	followme_s	configs/scenarios/fase1/geo9_google_realjan_alta.yaml	2026-08-07T16:55:11-03:00	2026-08-07T17:00:00-03:00	288.74	286.79	1.38	109680	0	1	759471	36bfe40eed33c8b8cb491894acd6f63c05c13e0d7a15a6e6f7b9401246d94c6d
go-realjan-alta	followme_s	71	followme_s	configs/scenarios/fase1/geo9_google_realjan_alta.yaml	2026-08-07T16:56:10-03:00	2026-08-07T17:00:54-03:00	284.42	283.29	0.52	109420	0	1	760614	36bfe40eed33c8b8cb491894acd6f63c05c13e0d7a15a6e6f7b9401246d94c6d
go-realjan-alta	lowest_carbon_dc	52	none	configs/scenarios/fase1/geo9_google_realjan_alta.yaml	2026-08-07T16:03:02-03:00	2026-08-07T16:03:23-03:00	21.07	20.59	0.37	95400	0	1	692493	36bfe40eed33c8b8cb491894acd6f63c05c13e0d7a15a6e6f7b9401246d94c6d
go-realjan-alta	lowest_carbon_dc	53	none	configs/scenarios/fase1/geo9_google_realjan_alta.yaml	2026-08-07T16:03:06-03:00	2026-08-07T16:03:28-03:00	22.38	21.90	0.35	92640	0	1	692588	36bfe40eed33c8b8cb491894acd6f63c05c13e0d7a15a6e6f7b9401246d94c6d
go-realjan-alta	lowest_carbon_dc	54	none	configs/scenarios/fase1/geo9_google_realjan_alta.yaml	2026-08-07T16:03:09-03:00	2026-08-07T16:03:30-03:00	21.39	20.93	0.35	96576	0	1	692668	36bfe40eed33c8b8cb491894acd6f63c05c13e0d7a15a6e6f7b9401246d94c6d
go-realjan-alta	lowest_carbon_dc	55	none	configs/scenarios/fase1/geo9_google_realjan_alta.yaml	2026-08-07T16:03:11-03:00	2026-08-07T16:03:25-03:00	14.27	13.93	0.32	96012	0	1	692702	36bfe40eed33c8b8cb491894acd6f63c05c13e0d7a15a6e6f7b9401246d94c6d
go-realjan-alta	lowest_carbon_dc	56	none	configs/scenarios/fase1/geo9_google_realjan_alta.yaml	2026-08-07T16:03:11-03:00	2026-08-07T16:03:35-03:00	24.22	23.88	0.32	95520	0	1	692726	36bfe40eed33c8b8cb491894acd6f63c05c13e0d7a15a6e6f7b9401246d94c6d
go-realjan-alta	lowest_carbon_dc	57	none	configs/scenarios/fase1/geo9_google_realjan_alta.yaml	2026-08-07T16:03:13-03:00	2026-08-07T16:03:34-03:00	20.84	20.32	0.35	95508	0	1	692784	36bfe40eed33c8b8cb491894acd6f63c05c13e0d7a15a6e6f7b9401246d94c6d
go-realjan-alta	lowest_carbon_dc	58	none	configs/scenarios/fase1/geo9_google_realjan_alta.yaml	2026-08-07T16:03:16-03:00	2026-08-07T16:03:37-03:00	21.88	21.40	0.32	97040	0	1	692840	36bfe40eed33c8b8cb491894acd6f63c05c13e0d7a15a6e6f7b9401246d94c6d
go-realjan-alta	lowest_carbon_dc	59	none	configs/scenarios/fase1/geo9_google_realjan_alta.yaml	2026-08-07T16:03:17-03:00	2026-08-07T16:03:37-03:00	19.54	19.12	0.32	96952	0	1	692903	36bfe40eed33c8b8cb491894acd6f63c05c13e0d7a15a6e6f7b9401246d94c6d
go-realjan-alta	lowest_carbon_dc	60	none	configs/scenarios/fase1/geo9_google_realjan_alta.yaml	2026-08-07T16:03:23-03:00	2026-08-07T16:03:42-03:00	18.64	18.23	0.34	93500	0	1	693042	36bfe40eed33c8b8cb491894acd6f63c05c13e0d7a15a6e6f7b9401246d94c6d
go-realjan-alta	lowest_carbon_dc	61	none	configs/scenarios/fase1/geo9_google_realjan_alta.yaml	2026-08-07T16:03:25-03:00	2026-08-07T16:03:48-03:00	23.00	22.66	0.28	97060	0	1	693075	36bfe40eed33c8b8cb491894acd6f63c05c13e0d7a15a6e6f7b9401246d94c6d
go-realjan-alta	lowest_carbon_dc	62	none	configs/scenarios/fase1/geo9_google_realjan_alta.yaml	2026-08-07T16:03:28-03:00	2026-08-07T16:03:54-03:00	25.78	25.34	0.35	95172	0	1	693178	36bfe40eed33c8b8cb491894acd6f63c05c13e0d7a15a6e6f7b9401246d94c6d
go-realjan-alta	lowest_carbon_dc	63	none	configs/scenarios/fase1/geo9_google_realjan_alta.yaml	2026-08-07T16:03:30-03:00	2026-08-07T16:03:54-03:00	23.29	22.85	0.34	95396	0	1	693221	36bfe40eed33c8b8cb491894acd6f63c05c13e0d7a15a6e6f7b9401246d94c6d
go-realjan-alta	lowest_carbon_dc	64	none	configs/scenarios/fase1/geo9_google_realjan_alta.yaml	2026-08-07T16:03:34-03:00	2026-08-07T16:03:47-03:00	13.74	13.39	0.32	95048	0	1	693306	36bfe40eed33c8b8cb491894acd6f63c05c13e0d7a15a6e6f7b9401246d94c6d
go-realjan-alta	lowest_carbon_dc	65	none	configs/scenarios/fase1/geo9_google_realjan_alta.yaml	2026-08-07T16:03:35-03:00	2026-08-07T16:03:55-03:00	19.48	19.15	0.31	94052	0	1	693341	36bfe40eed33c8b8cb491894acd6f63c05c13e0d7a15a6e6f7b9401246d94c6d
go-realjan-alta	lowest_carbon_dc	66	none	configs/scenarios/fase1/geo9_google_realjan_alta.yaml	2026-08-07T16:03:37-03:00	2026-08-07T16:03:46-03:00	8.94	8.65	0.28	95820	0	1	693395	36bfe40eed33c8b8cb491894acd6f63c05c13e0d7a15a6e6f7b9401246d94c6d
go-realjan-alta	lowest_carbon_dc	67	none	configs/scenarios/fase1/geo9_google_realjan_alta.yaml	2026-08-07T16:03:37-03:00	2026-08-07T16:04:01-03:00	23.33	22.90	0.34	95276	0	1	693427	36bfe40eed33c8b8cb491894acd6f63c05c13e0d7a15a6e6f7b9401246d94c6d
go-realjan-alta	lowest_carbon_dc	68	none	configs/scenarios/fase1/geo9_google_realjan_alta.yaml	2026-08-07T16:03:42-03:00	2026-08-07T16:04:00-03:00	17.84	17.47	0.33	95268	0	1	693539	36bfe40eed33c8b8cb491894acd6f63c05c13e0d7a15a6e6f7b9401246d94c6d
go-realjan-alta	lowest_carbon_dc	69	none	configs/scenarios/fase1/geo9_google_realjan_alta.yaml	2026-08-07T16:03:46-03:00	2026-08-07T16:04:04-03:00	18.78	18.31	0.40	93224	0	1	693613	36bfe40eed33c8b8cb491894acd6f63c05c13e0d7a15a6e6f7b9401246d94c6d
go-realjan-alta	lowest_carbon_dc	70	none	configs/scenarios/fase1/geo9_google_realjan_alta.yaml	2026-08-07T16:03:47-03:00	2026-08-07T16:04:15-03:00	27.73	27.29	0.38	95816	0	1	693676	36bfe40eed33c8b8cb491894acd6f63c05c13e0d7a15a6e6f7b9401246d94c6d
go-realjan-alta	lowest_carbon_dc	71	none	configs/scenarios/fase1/geo9_google_realjan_alta.yaml	2026-08-07T16:03:48-03:00	2026-08-07T16:04:07-03:00	19.46	19.08	0.32	94384	0	1	693707	36bfe40eed33c8b8cb491894acd6f63c05c13e0d7a15a6e6f7b9401246d94c6d
go-realjan-alta	round_robin	52	none	configs/scenarios/fase1/geo9_google_realjan_alta.yaml	2026-08-07T16:00:33-03:00	2026-08-07T16:00:55-03:00	22.10	21.70	0.33	97804	0	1	688539	36bfe40eed33c8b8cb491894acd6f63c05c13e0d7a15a6e6f7b9401246d94c6d
go-realjan-alta	round_robin	53	none	configs/scenarios/fase1/geo9_google_realjan_alta.yaml	2026-08-07T16:00:36-03:00	2026-08-07T16:00:54-03:00	18.41	17.97	0.32	97084	0	1	688656	36bfe40eed33c8b8cb491894acd6f63c05c13e0d7a15a6e6f7b9401246d94c6d
go-realjan-alta	round_robin	54	none	configs/scenarios/fase1/geo9_google_realjan_alta.yaml	2026-08-07T16:00:43-03:00	2026-08-07T16:01:05-03:00	21.48	21.05	0.36	95920	0	1	688797	36bfe40eed33c8b8cb491894acd6f63c05c13e0d7a15a6e6f7b9401246d94c6d
go-realjan-alta	round_robin	55	none	configs/scenarios/fase1/geo9_google_realjan_alta.yaml	2026-08-07T16:00:44-03:00	2026-08-07T16:01:00-03:00	15.27	14.92	0.31	96068	0	1	688831	36bfe40eed33c8b8cb491894acd6f63c05c13e0d7a15a6e6f7b9401246d94c6d
go-realjan-alta	round_robin	56	none	configs/scenarios/fase1/geo9_google_realjan_alta.yaml	2026-08-07T16:00:45-03:00	2026-08-07T16:01:00-03:00	15.07	14.66	0.33	97064	0	1	688875	36bfe40eed33c8b8cb491894acd6f63c05c13e0d7a15a6e6f7b9401246d94c6d
go-realjan-alta	round_robin	57	none	configs/scenarios/fase1/geo9_google_realjan_alta.yaml	2026-08-07T16:00:45-03:00	2026-08-07T16:01:05-03:00	19.82	19.44	0.33	97124	0	1	688888	36bfe40eed33c8b8cb491894acd6f63c05c13e0d7a15a6e6f7b9401246d94c6d
go-realjan-alta	round_robin	58	none	configs/scenarios/fase1/geo9_google_realjan_alta.yaml	2026-08-07T16:00:54-03:00	2026-08-07T16:01:20-03:00	25.33	24.84	0.39	95948	0	1	689075	36bfe40eed33c8b8cb491894acd6f63c05c13e0d7a15a6e6f7b9401246d94c6d
go-realjan-alta	round_robin	59	none	configs/scenarios/fase1/geo9_google_realjan_alta.yaml	2026-08-07T16:00:55-03:00	2026-08-07T16:01:11-03:00	15.42	15.06	0.33	95848	0	1	689126	36bfe40eed33c8b8cb491894acd6f63c05c13e0d7a15a6e6f7b9401246d94c6d
go-realjan-alta	round_robin	60	none	configs/scenarios/fase1/geo9_google_realjan_alta.yaml	2026-08-07T16:00:55-03:00	2026-08-07T16:01:16-03:00	20.37	19.96	0.35	95232	0	1	689139	36bfe40eed33c8b8cb491894acd6f63c05c13e0d7a15a6e6f7b9401246d94c6d
go-realjan-alta	round_robin	61	none	configs/scenarios/fase1/geo9_google_realjan_alta.yaml	2026-08-07T16:01:00-03:00	2026-08-07T16:01:16-03:00	15.82	15.39	0.33	96236	0	1	689232	36bfe40eed33c8b8cb491894acd6f63c05c13e0d7a15a6e6f7b9401246d94c6d
go-realjan-alta	round_robin	62	none	configs/scenarios/fase1/geo9_google_realjan_alta.yaml	2026-08-07T16:01:00-03:00	2026-08-07T16:01:21-03:00	20.97	20.47	0.36	95632	0	1	689246	36bfe40eed33c8b8cb491894acd6f63c05c13e0d7a15a6e6f7b9401246d94c6d
go-realjan-alta	round_robin	63	none	configs/scenarios/fase1/geo9_google_realjan_alta.yaml	2026-08-07T16:01:05-03:00	2026-08-07T16:01:28-03:00	23.76	23.30	0.36	96828	0	1	689362	36bfe40eed33c8b8cb491894acd6f63c05c13e0d7a15a6e6f7b9401246d94c6d
go-realjan-alta	round_robin	64	none	configs/scenarios/fase1/geo9_google_realjan_alta.yaml	2026-08-07T16:01:05-03:00	2026-08-07T16:01:20-03:00	14.75	14.45	0.27	96304	0	1	689395	36bfe40eed33c8b8cb491894acd6f63c05c13e0d7a15a6e6f7b9401246d94c6d
go-realjan-alta	round_robin	65	none	configs/scenarios/fase1/geo9_google_realjan_alta.yaml	2026-08-07T16:01:11-03:00	2026-08-07T16:01:32-03:00	20.93	20.52	0.34	95176	0	1	689541	36bfe40eed33c8b8cb491894acd6f63c05c13e0d7a15a6e6f7b9401246d94c6d
go-realjan-alta	round_robin	66	none	configs/scenarios/fase1/geo9_google_realjan_alta.yaml	2026-08-07T16:01:16-03:00	2026-08-07T16:01:42-03:00	26.36	25.93	0.36	94900	0	1	689665	36bfe40eed33c8b8cb491894acd6f63c05c13e0d7a15a6e6f7b9401246d94c6d
go-realjan-alta	round_robin	67	none	configs/scenarios/fase1/geo9_google_realjan_alta.yaml	2026-08-07T16:01:16-03:00	2026-08-07T16:01:34-03:00	18.05	17.65	0.36	96192	0	1	689678	36bfe40eed33c8b8cb491894acd6f63c05c13e0d7a15a6e6f7b9401246d94c6d
go-realjan-alta	round_robin	68	none	configs/scenarios/fase1/geo9_google_realjan_alta.yaml	2026-08-07T16:01:20-03:00	2026-08-07T16:01:31-03:00	11.78	11.41	0.29	96148	0	1	689755	36bfe40eed33c8b8cb491894acd6f63c05c13e0d7a15a6e6f7b9401246d94c6d
go-realjan-alta	round_robin	69	none	configs/scenarios/fase1/geo9_google_realjan_alta.yaml	2026-08-07T16:01:20-03:00	2026-08-07T16:01:36-03:00	16.63	16.26	0.33	96816	0	1	689768	36bfe40eed33c8b8cb491894acd6f63c05c13e0d7a15a6e6f7b9401246d94c6d
go-realjan-alta	round_robin	70	none	configs/scenarios/fase1/geo9_google_realjan_alta.yaml	2026-08-07T16:01:21-03:00	2026-08-07T16:01:47-03:00	26.44	26.04	0.35	97464	0	1	689819	36bfe40eed33c8b8cb491894acd6f63c05c13e0d7a15a6e6f7b9401246d94c6d
go-realjan-alta	round_robin	71	none	configs/scenarios/fase1/geo9_google_realjan_alta.yaml	2026-08-07T16:01:28-03:00	2026-08-07T16:01:52-03:00	23.87	23.38	0.38	95320	0	1	689982	36bfe40eed33c8b8cb491894acd6f63c05c13e0d7a15a6e6f7b9401246d94c6d
go-realjan-alta	worst_fit	52	none	configs/scenarios/fase1/geo9_google_realjan_alta.yaml	2026-08-07T15:59:37-03:00	2026-08-07T16:00:01-03:00	24.71	24.29	0.36	94824	0	1	687051	36bfe40eed33c8b8cb491894acd6f63c05c13e0d7a15a6e6f7b9401246d94c6d
go-realjan-alta	worst_fit	53	none	configs/scenarios/fase1/geo9_google_realjan_alta.yaml	2026-08-07T15:59:38-03:00	2026-08-07T15:59:56-03:00	18.29	17.87	0.35	95408	0	1	687093	36bfe40eed33c8b8cb491894acd6f63c05c13e0d7a15a6e6f7b9401246d94c6d
go-realjan-alta	worst_fit	54	none	configs/scenarios/fase1/geo9_google_realjan_alta.yaml	2026-08-07T15:59:48-03:00	2026-08-07T16:00:06-03:00	17.72	17.31	0.38	97656	0	1	687339	36bfe40eed33c8b8cb491894acd6f63c05c13e0d7a15a6e6f7b9401246d94c6d
go-realjan-alta	worst_fit	55	none	configs/scenarios/fase1/geo9_google_realjan_alta.yaml	2026-08-07T15:59:54-03:00	2026-08-07T16:00:13-03:00	19.57	19.14	0.32	94920	0	1	687462	36bfe40eed33c8b8cb491894acd6f63c05c13e0d7a15a6e6f7b9401246d94c6d
go-realjan-alta	worst_fit	56	none	configs/scenarios/fase1/geo9_google_realjan_alta.yaml	2026-08-07T15:59:54-03:00	2026-08-07T16:00:14-03:00	20.41	20.00	0.33	95528	0	1	687503	36bfe40eed33c8b8cb491894acd6f63c05c13e0d7a15a6e6f7b9401246d94c6d
go-realjan-alta	worst_fit	57	none	configs/scenarios/fase1/geo9_google_realjan_alta.yaml	2026-08-07T15:59:56-03:00	2026-08-07T16:00:08-03:00	11.60	11.26	0.27	94752	0	1	687546	36bfe40eed33c8b8cb491894acd6f63c05c13e0d7a15a6e6f7b9401246d94c6d
go-realjan-alta	worst_fit	58	none	configs/scenarios/fase1/geo9_google_realjan_alta.yaml	2026-08-07T15:59:59-03:00	2026-08-07T16:00:22-03:00	22.85	22.48	0.34	94992	0	1	687621	36bfe40eed33c8b8cb491894acd6f63c05c13e0d7a15a6e6f7b9401246d94c6d
go-realjan-alta	worst_fit	59	none	configs/scenarios/fase1/geo9_google_realjan_alta.yaml	2026-08-07T16:00:01-03:00	2026-08-07T16:00:24-03:00	22.97	22.59	0.35	95480	0	1	687701	36bfe40eed33c8b8cb491894acd6f63c05c13e0d7a15a6e6f7b9401246d94c6d
go-realjan-alta	worst_fit	60	none	configs/scenarios/fase1/geo9_google_realjan_alta.yaml	2026-08-07T16:00:02-03:00	2026-08-07T16:00:11-03:00	9.37	9.05	0.26	94684	0	1	687715	36bfe40eed33c8b8cb491894acd6f63c05c13e0d7a15a6e6f7b9401246d94c6d
go-realjan-alta	worst_fit	61	none	configs/scenarios/fase1/geo9_google_realjan_alta.yaml	2026-08-07T16:00:06-03:00	2026-08-07T16:00:24-03:00	18.02	17.61	0.31	96708	0	1	687834	36bfe40eed33c8b8cb491894acd6f63c05c13e0d7a15a6e6f7b9401246d94c6d
go-realjan-alta	worst_fit	62	none	configs/scenarios/fase1/geo9_google_realjan_alta.yaml	2026-08-07T16:00:08-03:00	2026-08-07T16:00:27-03:00	19.29	18.73	0.53	97392	0	1	687869	36bfe40eed33c8b8cb491894acd6f63c05c13e0d7a15a6e6f7b9401246d94c6d
go-realjan-alta	worst_fit	63	none	configs/scenarios/fase1/geo9_google_realjan_alta.yaml	2026-08-07T16:00:11-03:00	2026-08-07T16:00:33-03:00	22.16	21.72	0.31	95324	0	1	687983	36bfe40eed33c8b8cb491894acd6f63c05c13e0d7a15a6e6f7b9401246d94c6d
go-realjan-alta	worst_fit	64	none	configs/scenarios/fase1/geo9_google_realjan_alta.yaml	2026-08-07T16:00:13-03:00	2026-08-07T16:00:36-03:00	22.69	22.22	0.32	94828	0	1	688040	36bfe40eed33c8b8cb491894acd6f63c05c13e0d7a15a6e6f7b9401246d94c6d
go-realjan-alta	worst_fit	65	none	configs/scenarios/fase1/geo9_google_realjan_alta.yaml	2026-08-07T16:00:14-03:00	2026-08-07T16:00:26-03:00	11.06	10.67	0.31	95092	0	1	688090	36bfe40eed33c8b8cb491894acd6f63c05c13e0d7a15a6e6f7b9401246d94c6d
go-realjan-alta	worst_fit	66	none	configs/scenarios/fase1/geo9_google_realjan_alta.yaml	2026-08-07T16:00:22-03:00	2026-08-07T16:00:33-03:00	10.84	10.51	0.30	95836	0	1	688243	36bfe40eed33c8b8cb491894acd6f63c05c13e0d7a15a6e6f7b9401246d94c6d
go-realjan-alta	worst_fit	67	none	configs/scenarios/fase1/geo9_google_realjan_alta.yaml	2026-08-07T16:00:24-03:00	2026-08-07T16:00:43-03:00	19.17	18.80	0.28	95440	0	1	688298	36bfe40eed33c8b8cb491894acd6f63c05c13e0d7a15a6e6f7b9401246d94c6d
go-realjan-alta	worst_fit	68	none	configs/scenarios/fase1/geo9_google_realjan_alta.yaml	2026-08-07T16:00:24-03:00	2026-08-07T16:00:45-03:00	20.26	19.90	0.29	95876	0	1	688331	36bfe40eed33c8b8cb491894acd6f63c05c13e0d7a15a6e6f7b9401246d94c6d
go-realjan-alta	worst_fit	69	none	configs/scenarios/fase1/geo9_google_realjan_alta.yaml	2026-08-07T16:00:26-03:00	2026-08-07T16:00:44-03:00	18.89	18.41	0.34	94868	0	1	688372	36bfe40eed33c8b8cb491894acd6f63c05c13e0d7a15a6e6f7b9401246d94c6d
go-realjan-alta	worst_fit	70	none	configs/scenarios/fase1/geo9_google_realjan_alta.yaml	2026-08-07T16:00:27-03:00	2026-08-07T16:00:45-03:00	17.85	17.50	0.28	95624	0	1	688397	36bfe40eed33c8b8cb491894acd6f63c05c13e0d7a15a6e6f7b9401246d94c6d
go-realjan-alta	worst_fit	71	none	configs/scenarios/fase1/geo9_google_realjan_alta.yaml	2026-08-07T16:00:33-03:00	2026-08-07T16:00:55-03:00	22.85	22.24	0.54	95144	0	1	688526	36bfe40eed33c8b8cb491894acd6f63c05c13e0d7a15a6e6f7b9401246d94c6d
go-realjan-alta	wsnb	52	none	configs/scenarios/fase1/geo9_google_realjan_alta.yaml	2026-08-07T16:37:37-03:00	2026-08-07T16:38:02-03:00	25.46	24.92	0.45	94080	0	1	736934	36bfe40eed33c8b8cb491894acd6f63c05c13e0d7a15a6e6f7b9401246d94c6d
go-realjan-alta	wsnb	53	none	configs/scenarios/fase1/geo9_google_realjan_alta.yaml	2026-08-07T16:38:02-03:00	2026-08-07T16:38:30-03:00	28.25	27.70	0.46	93220	0	1	737465	36bfe40eed33c8b8cb491894acd6f63c05c13e0d7a15a6e6f7b9401246d94c6d
go-realjan-alta	wsnb	54	none	configs/scenarios/fase1/geo9_google_realjan_alta.yaml	2026-08-07T16:38:30-03:00	2026-08-07T16:38:51-03:00	20.52	19.99	0.40	94212	0	1	738082	36bfe40eed33c8b8cb491894acd6f63c05c13e0d7a15a6e6f7b9401246d94c6d
go-realjan-alta	wsnb	55	none	configs/scenarios/fase1/geo9_google_realjan_alta.yaml	2026-08-07T16:38:51-03:00	2026-08-07T16:39:14-03:00	23.15	22.67	0.37	93992	0	1	738537	36bfe40eed33c8b8cb491894acd6f63c05c13e0d7a15a6e6f7b9401246d94c6d
go-realjan-alta	wsnb	56	none	configs/scenarios/fase1/geo9_google_realjan_alta.yaml	2026-08-07T16:39:14-03:00	2026-08-07T16:39:38-03:00	24.12	23.62	0.43	95352	0	1	739026	36bfe40eed33c8b8cb491894acd6f63c05c13e0d7a15a6e6f7b9401246d94c6d
go-realjan-alta	wsnb	57	none	configs/scenarios/fase1/geo9_google_realjan_alta.yaml	2026-08-07T16:39:37-03:00	2026-08-07T16:39:55-03:00	18.65	18.23	0.39	95272	0	1	739495	36bfe40eed33c8b8cb491894acd6f63c05c13e0d7a15a6e6f7b9401246d94c6d
go-realjan-alta	wsnb	58	none	configs/scenarios/fase1/geo9_google_realjan_alta.yaml	2026-08-07T16:39:38-03:00	2026-08-07T16:40:01-03:00	22.19	21.70	0.36	94200	0	1	739556	36bfe40eed33c8b8cb491894acd6f63c05c13e0d7a15a6e6f7b9401246d94c6d
go-realjan-alta	wsnb	59	none	configs/scenarios/fase1/geo9_google_realjan_alta.yaml	2026-08-07T16:39:55-03:00	2026-08-07T16:40:23-03:00	27.10	26.65	0.42	94304	0	1	739941	36bfe40eed33c8b8cb491894acd6f63c05c13e0d7a15a6e6f7b9401246d94c6d
go-realjan-alta	wsnb	60	none	configs/scenarios/fase1/geo9_google_realjan_alta.yaml	2026-08-07T16:40:01-03:00	2026-08-07T16:40:22-03:00	21.71	21.21	0.36	90760	0	1	740061	36bfe40eed33c8b8cb491894acd6f63c05c13e0d7a15a6e6f7b9401246d94c6d
go-realjan-alta	wsnb	61	none	configs/scenarios/fase1/geo9_google_realjan_alta.yaml	2026-08-07T16:40:22-03:00	2026-08-07T16:40:44-03:00	21.88	21.44	0.36	95748	0	1	740549	36bfe40eed33c8b8cb491894acd6f63c05c13e0d7a15a6e6f7b9401246d94c6d
go-realjan-alta	wsnb	62	none	configs/scenarios/fase1/geo9_google_realjan_alta.yaml	2026-08-07T16:40:23-03:00	2026-08-07T16:40:40-03:00	17.63	17.18	0.36	93340	0	1	740562	36bfe40eed33c8b8cb491894acd6f63c05c13e0d7a15a6e6f7b9401246d94c6d
go-realjan-alta	wsnb	63	none	configs/scenarios/fase1/geo9_google_realjan_alta.yaml	2026-08-07T16:40:40-03:00	2026-08-07T16:41:07-03:00	26.43	25.93	0.40	93072	0	1	740951	36bfe40eed33c8b8cb491894acd6f63c05c13e0d7a15a6e6f7b9401246d94c6d
go-realjan-alta	wsnb	64	none	configs/scenarios/fase1/geo9_google_realjan_alta.yaml	2026-08-07T16:40:44-03:00	2026-08-07T16:41:09-03:00	24.92	24.50	0.37	92804	0	1	741033	36bfe40eed33c8b8cb491894acd6f63c05c13e0d7a15a6e6f7b9401246d94c6d
go-realjan-alta	wsnb	65	none	configs/scenarios/fase1/geo9_google_realjan_alta.yaml	2026-08-07T16:41:07-03:00	2026-08-07T16:41:28-03:00	21.83	21.41	0.35	93888	0	1	741521	36bfe40eed33c8b8cb491894acd6f63c05c13e0d7a15a6e6f7b9401246d94c6d
go-realjan-alta	wsnb	66	none	configs/scenarios/fase1/geo9_google_realjan_alta.yaml	2026-08-07T16:41:09-03:00	2026-08-07T16:41:31-03:00	21.70	21.21	0.40	92308	0	1	741566	36bfe40eed33c8b8cb491894acd6f63c05c13e0d7a15a6e6f7b9401246d94c6d
go-realjan-alta	wsnb	67	none	configs/scenarios/fase1/geo9_google_realjan_alta.yaml	2026-08-07T16:41:28-03:00	2026-08-07T16:41:53-03:00	24.35	23.75	0.41	92740	0	1	741994	36bfe40eed33c8b8cb491894acd6f63c05c13e0d7a15a6e6f7b9401246d94c6d
go-realjan-alta	wsnb	68	none	configs/scenarios/fase1/geo9_google_realjan_alta.yaml	2026-08-07T16:41:31-03:00	2026-08-07T16:41:56-03:00	25.38	24.92	0.38	94568	0	1	742062	36bfe40eed33c8b8cb491894acd6f63c05c13e0d7a15a6e6f7b9401246d94c6d
go-realjan-alta	wsnb	69	none	configs/scenarios/fase1/geo9_google_realjan_alta.yaml	2026-08-07T16:41:53-03:00	2026-08-07T16:42:16-03:00	23.22	22.62	0.39	94916	0	1	742533	36bfe40eed33c8b8cb491894acd6f63c05c13e0d7a15a6e6f7b9401246d94c6d
go-realjan-alta	wsnb	70	none	configs/scenarios/fase1/geo9_google_realjan_alta.yaml	2026-08-07T16:41:56-03:00	2026-08-07T16:42:23-03:00	27.08	26.62	0.42	93556	0	1	742625	36bfe40eed33c8b8cb491894acd6f63c05c13e0d7a15a6e6f7b9401246d94c6d
go-realjan-alta	wsnb	71	none	configs/scenarios/fase1/geo9_google_realjan_alta.yaml	2026-08-07T16:42:16-03:00	2026-08-07T16:42:35-03:00	18.55	18.00	0.41	94148	0	1	743046	36bfe40eed33c8b8cb491894acd6f63c05c13e0d7a15a6e6f7b9401246d94c6d
go-realjan-folgada	best_fit	52	none	configs/scenarios/fase1/geo9_google_realjan_folgada.yaml	2026-08-07T15:53:53-03:00	2026-08-07T15:53:54-03:00	1.27	1.17	0.09	37860	0	1	676659	36bfe40eed33c8b8cb491894acd6f63c05c13e0d7a15a6e6f7b9401246d94c6d
go-realjan-folgada	best_fit	53	none	configs/scenarios/fase1/geo9_google_realjan_folgada.yaml	2026-08-07T15:53:54-03:00	2026-08-07T15:53:56-03:00	1.29	1.15	0.12	37728	0	1	676700	36bfe40eed33c8b8cb491894acd6f63c05c13e0d7a15a6e6f7b9401246d94c6d
go-realjan-folgada	best_fit	54	none	configs/scenarios/fase1/geo9_google_realjan_folgada.yaml	2026-08-07T15:53:55-03:00	2026-08-07T15:53:56-03:00	1.35	1.23	0.10	37708	0	1	676743	36bfe40eed33c8b8cb491894acd6f63c05c13e0d7a15a6e6f7b9401246d94c6d
go-realjan-folgada	best_fit	55	none	configs/scenarios/fase1/geo9_google_realjan_folgada.yaml	2026-08-07T15:53:56-03:00	2026-08-07T15:53:57-03:00	1.31	1.19	0.10	37808	0	1	676756	36bfe40eed33c8b8cb491894acd6f63c05c13e0d7a15a6e6f7b9401246d94c6d
go-realjan-folgada	best_fit	56	none	configs/scenarios/fase1/geo9_google_realjan_folgada.yaml	2026-08-07T15:53:56-03:00	2026-08-07T15:53:58-03:00	1.28	1.19	0.09	37828	0	1	676790	36bfe40eed33c8b8cb491894acd6f63c05c13e0d7a15a6e6f7b9401246d94c6d
go-realjan-folgada	best_fit	57	none	configs/scenarios/fase1/geo9_google_realjan_folgada.yaml	2026-08-07T15:53:57-03:00	2026-08-07T15:53:58-03:00	1.31	1.21	0.09	37756	0	1	676813	36bfe40eed33c8b8cb491894acd6f63c05c13e0d7a15a6e6f7b9401246d94c6d
go-realjan-folgada	best_fit	58	none	configs/scenarios/fase1/geo9_google_realjan_folgada.yaml	2026-08-07T15:53:58-03:00	2026-08-07T15:53:59-03:00	1.29	1.19	0.09	37952	0	1	676826	36bfe40eed33c8b8cb491894acd6f63c05c13e0d7a15a6e6f7b9401246d94c6d
go-realjan-folgada	best_fit	59	none	configs/scenarios/fase1/geo9_google_realjan_folgada.yaml	2026-08-07T15:53:58-03:00	2026-08-07T15:54:00-03:00	1.25	1.14	0.10	38068	0	1	676859	36bfe40eed33c8b8cb491894acd6f63c05c13e0d7a15a6e6f7b9401246d94c6d
go-realjan-folgada	best_fit	60	none	configs/scenarios/fase1/geo9_google_realjan_folgada.yaml	2026-08-07T15:53:59-03:00	2026-08-07T15:54:00-03:00	0.99	0.89	0.08	37784	0	1	676882	36bfe40eed33c8b8cb491894acd6f63c05c13e0d7a15a6e6f7b9401246d94c6d
go-realjan-folgada	best_fit	61	none	configs/scenarios/fase1/geo9_google_realjan_folgada.yaml	2026-08-07T15:54:00-03:00	2026-08-07T15:54:01-03:00	1.30	1.19	0.10	37816	0	1	676915	36bfe40eed33c8b8cb491894acd6f63c05c13e0d7a15a6e6f7b9401246d94c6d
go-realjan-folgada	best_fit	62	none	configs/scenarios/fase1/geo9_google_realjan_folgada.yaml	2026-08-07T15:54:00-03:00	2026-08-07T15:54:01-03:00	0.85	0.76	0.08	37792	0	1	676938	36bfe40eed33c8b8cb491894acd6f63c05c13e0d7a15a6e6f7b9401246d94c6d
go-realjan-folgada	best_fit	63	none	configs/scenarios/fase1/geo9_google_realjan_folgada.yaml	2026-08-07T15:54:01-03:00	2026-08-07T15:54:02-03:00	1.41	1.29	0.09	37976	0	1	676979	36bfe40eed33c8b8cb491894acd6f63c05c13e0d7a15a6e6f7b9401246d94c6d
go-realjan-folgada	best_fit	64	none	configs/scenarios/fase1/geo9_google_realjan_folgada.yaml	2026-08-07T15:54:01-03:00	2026-08-07T15:54:02-03:00	1.03	0.95	0.08	38092	0	1	676983	36bfe40eed33c8b8cb491894acd6f63c05c13e0d7a15a6e6f7b9401246d94c6d
go-realjan-folgada	best_fit	65	none	configs/scenarios/fase1/geo9_google_realjan_folgada.yaml	2026-08-07T15:54:02-03:00	2026-08-07T15:54:03-03:00	1.34	1.22	0.09	37820	0	1	677005	36bfe40eed33c8b8cb491894acd6f63c05c13e0d7a15a6e6f7b9401246d94c6d
go-realjan-folgada	best_fit	66	none	configs/scenarios/fase1/geo9_google_realjan_folgada.yaml	2026-08-07T15:54:02-03:00	2026-08-07T15:54:04-03:00	1.34	1.23	0.10	37756	0	1	677022	36bfe40eed33c8b8cb491894acd6f63c05c13e0d7a15a6e6f7b9401246d94c6d
go-realjan-folgada	best_fit	67	none	configs/scenarios/fase1/geo9_google_realjan_folgada.yaml	2026-08-07T15:54:03-03:00	2026-08-07T15:54:05-03:00	1.31	1.20	0.10	37824	0	1	677055	36bfe40eed33c8b8cb491894acd6f63c05c13e0d7a15a6e6f7b9401246d94c6d
go-realjan-folgada	best_fit	68	none	configs/scenarios/fase1/geo9_google_realjan_folgada.yaml	2026-08-07T15:54:04-03:00	2026-08-07T15:54:05-03:00	1.35	1.23	0.10	37664	0	1	677068	36bfe40eed33c8b8cb491894acd6f63c05c13e0d7a15a6e6f7b9401246d94c6d
go-realjan-folgada	best_fit	69	none	configs/scenarios/fase1/geo9_google_realjan_folgada.yaml	2026-08-07T15:54:05-03:00	2026-08-07T15:54:06-03:00	1.26	1.14	0.10	37756	0	1	677120	36bfe40eed33c8b8cb491894acd6f63c05c13e0d7a15a6e6f7b9401246d94c6d
go-realjan-folgada	best_fit	70	none	configs/scenarios/fase1/geo9_google_realjan_folgada.yaml	2026-08-07T15:54:05-03:00	2026-08-07T15:54:07-03:00	1.32	1.21	0.09	37780	0	1	677144	36bfe40eed33c8b8cb491894acd6f63c05c13e0d7a15a6e6f7b9401246d94c6d
go-realjan-folgada	best_fit	71	none	configs/scenarios/fase1/geo9_google_realjan_folgada.yaml	2026-08-07T15:54:06-03:00	2026-08-07T15:54:07-03:00	1.33	1.21	0.11	37864	0	1	677158	36bfe40eed33c8b8cb491894acd6f63c05c13e0d7a15a6e6f7b9401246d94c6d
go-realjan-folgada	bfd	52	none	configs/scenarios/fase1/geo9_google_realjan_folgada.yaml	2026-08-07T15:54:46-03:00	2026-08-07T15:54:47-03:00	1.31	1.20	0.10	37820	0	1	678754	36bfe40eed33c8b8cb491894acd6f63c05c13e0d7a15a6e6f7b9401246d94c6d
go-realjan-folgada	bfd	53	none	configs/scenarios/fase1/geo9_google_realjan_folgada.yaml	2026-08-07T15:54:47-03:00	2026-08-07T15:54:49-03:00	1.33	1.16	0.13	37896	0	1	678779	36bfe40eed33c8b8cb491894acd6f63c05c13e0d7a15a6e6f7b9401246d94c6d
go-realjan-folgada	bfd	54	none	configs/scenarios/fase1/geo9_google_realjan_folgada.yaml	2026-08-07T15:54:47-03:00	2026-08-07T15:54:49-03:00	1.26	1.14	0.11	37796	0	1	678802	36bfe40eed33c8b8cb491894acd6f63c05c13e0d7a15a6e6f7b9401246d94c6d
go-realjan-folgada	bfd	55	none	configs/scenarios/fase1/geo9_google_realjan_folgada.yaml	2026-08-07T15:54:49-03:00	2026-08-07T15:54:50-03:00	1.31	1.20	0.10	37756	0	1	678831	36bfe40eed33c8b8cb491894acd6f63c05c13e0d7a15a6e6f7b9401246d94c6d
go-realjan-folgada	bfd	56	none	configs/scenarios/fase1/geo9_google_realjan_folgada.yaml	2026-08-07T15:54:49-03:00	2026-08-07T15:54:50-03:00	1.25	1.15	0.09	37832	0	1	678838	36bfe40eed33c8b8cb491894acd6f63c05c13e0d7a15a6e6f7b9401246d94c6d
go-realjan-folgada	bfd	57	none	configs/scenarios/fase1/geo9_google_realjan_folgada.yaml	2026-08-07T15:54:50-03:00	2026-08-07T15:54:51-03:00	1.36	1.21	0.13	37820	0	1	678883	36bfe40eed33c8b8cb491894acd6f63c05c13e0d7a15a6e6f7b9401246d94c6d
go-realjan-folgada	bfd	58	none	configs/scenarios/fase1/geo9_google_realjan_folgada.yaml	2026-08-07T15:54:50-03:00	2026-08-07T15:54:51-03:00	1.21	1.10	0.10	37848	0	1	678910	36bfe40eed33c8b8cb491894acd6f63c05c13e0d7a15a6e6f7b9401246d94c6d
go-realjan-folgada	bfd	59	none	configs/scenarios/fase1/geo9_google_realjan_folgada.yaml	2026-08-07T15:54:51-03:00	2026-08-07T15:54:53-03:00	1.32	1.20	0.09	37684	0	1	678938	36bfe40eed33c8b8cb491894acd6f63c05c13e0d7a15a6e6f7b9401246d94c6d
go-realjan-folgada	bfd	60	none	configs/scenarios/fase1/geo9_google_realjan_folgada.yaml	2026-08-07T15:54:51-03:00	2026-08-07T15:54:53-03:00	1.30	1.19	0.10	37868	0	1	678951	36bfe40eed33c8b8cb491894acd6f63c05c13e0d7a15a6e6f7b9401246d94c6d
go-realjan-folgada	bfd	61	none	configs/scenarios/fase1/geo9_google_realjan_folgada.yaml	2026-08-07T15:54:53-03:00	2026-08-07T15:54:54-03:00	1.32	1.22	0.10	37856	0	1	678982	36bfe40eed33c8b8cb491894acd6f63c05c13e0d7a15a6e6f7b9401246d94c6d
go-realjan-folgada	bfd	62	none	configs/scenarios/fase1/geo9_google_realjan_folgada.yaml	2026-08-07T15:54:53-03:00	2026-08-07T15:54:54-03:00	1.26	1.14	0.11	37784	0	1	678995	36bfe40eed33c8b8cb491894acd6f63c05c13e0d7a15a6e6f7b9401246d94c6d
go-realjan-folgada	bfd	63	none	configs/scenarios/fase1/geo9_google_realjan_folgada.yaml	2026-08-07T15:54:54-03:00	2026-08-07T15:54:55-03:00	1.38	1.24	0.11	37740	0	1	679036	36bfe40eed33c8b8cb491894acd6f63c05c13e0d7a15a6e6f7b9401246d94c6d
go-realjan-folgada	bfd	64	none	configs/scenarios/fase1/geo9_google_realjan_folgada.yaml	2026-08-07T15:54:54-03:00	2026-08-07T15:54:55-03:00	1.26	1.12	0.11	37468	0	1	679037	36bfe40eed33c8b8cb491894acd6f63c05c13e0d7a15a6e6f7b9401246d94c6d
go-realjan-folgada	bfd	65	none	configs/scenarios/fase1/geo9_google_realjan_folgada.yaml	2026-08-07T15:54:55-03:00	2026-08-07T15:54:57-03:00	1.30	1.19	0.10	37844	0	1	679094	36bfe40eed33c8b8cb491894acd6f63c05c13e0d7a15a6e6f7b9401246d94c6d
go-realjan-folgada	bfd	66	none	configs/scenarios/fase1/geo9_google_realjan_folgada.yaml	2026-08-07T15:54:55-03:00	2026-08-07T15:54:57-03:00	1.34	1.20	0.12	37940	0	1	679107	36bfe40eed33c8b8cb491894acd6f63c05c13e0d7a15a6e6f7b9401246d94c6d
go-realjan-folgada	bfd	67	none	configs/scenarios/fase1/geo9_google_realjan_folgada.yaml	2026-08-07T15:54:57-03:00	2026-08-07T15:54:58-03:00	1.34	1.21	0.12	37756	0	1	679141	36bfe40eed33c8b8cb491894acd6f63c05c13e0d7a15a6e6f7b9401246d94c6d
go-realjan-folgada	bfd	68	none	configs/scenarios/fase1/geo9_google_realjan_folgada.yaml	2026-08-07T15:54:57-03:00	2026-08-07T15:54:58-03:00	1.13	1.02	0.09	37852	0	1	679154	36bfe40eed33c8b8cb491894acd6f63c05c13e0d7a15a6e6f7b9401246d94c6d
go-realjan-folgada	bfd	69	none	configs/scenarios/fase1/geo9_google_realjan_folgada.yaml	2026-08-07T15:54:58-03:00	2026-08-07T15:54:59-03:00	1.29	1.18	0.10	37848	0	1	679188	36bfe40eed33c8b8cb491894acd6f63c05c13e0d7a15a6e6f7b9401246d94c6d
go-realjan-folgada	bfd	70	none	configs/scenarios/fase1/geo9_google_realjan_folgada.yaml	2026-08-07T15:54:58-03:00	2026-08-07T15:54:59-03:00	1.33	1.18	0.11	37788	0	1	679201	36bfe40eed33c8b8cb491894acd6f63c05c13e0d7a15a6e6f7b9401246d94c6d
go-realjan-folgada	bfd	71	none	configs/scenarios/fase1/geo9_google_realjan_folgada.yaml	2026-08-07T15:54:59-03:00	2026-08-07T15:55:00-03:00	1.18	1.01	0.12	37852	0	1	679235	36bfe40eed33c8b8cb491894acd6f63c05c13e0d7a15a6e6f7b9401246d94c6d
go-realjan-folgada	cnemesis	52	cnemesis	configs/scenarios/fase1/geo9_google_realjan_folgada.yaml	2026-08-07T15:55:59-03:00	2026-08-07T15:56:01-03:00	1.61	1.46	0.13	41556	0	1	681503	36bfe40eed33c8b8cb491894acd6f63c05c13e0d7a15a6e6f7b9401246d94c6d
go-realjan-folgada	cnemesis	53	cnemesis	configs/scenarios/fase1/geo9_google_realjan_folgada.yaml	2026-08-07T15:56:01-03:00	2026-08-07T15:56:02-03:00	1.65	1.49	0.13	41772	0	1	681546	36bfe40eed33c8b8cb491894acd6f63c05c13e0d7a15a6e6f7b9401246d94c6d
go-realjan-folgada	cnemesis	54	cnemesis	configs/scenarios/fase1/geo9_google_realjan_folgada.yaml	2026-08-07T15:56:01-03:00	2026-08-07T15:56:02-03:00	1.08	0.94	0.12	42208	0	1	681559	36bfe40eed33c8b8cb491894acd6f63c05c13e0d7a15a6e6f7b9401246d94c6d
go-realjan-folgada	cnemesis	55	cnemesis	configs/scenarios/fase1/geo9_google_realjan_folgada.yaml	2026-08-07T15:56:02-03:00	2026-08-07T15:56:03-03:00	1.05	0.94	0.10	41376	0	1	681615	36bfe40eed33c8b8cb491894acd6f63c05c13e0d7a15a6e6f7b9401246d94c6d
go-realjan-folgada	cnemesis	56	cnemesis	configs/scenarios/fase1/geo9_google_realjan_folgada.yaml	2026-08-07T15:56:02-03:00	2026-08-07T15:56:03-03:00	1.26	1.14	0.11	41448	0	1	681628	36bfe40eed33c8b8cb491894acd6f63c05c13e0d7a15a6e6f7b9401246d94c6d
go-realjan-folgada	cnemesis	57	cnemesis	configs/scenarios/fase1/geo9_google_realjan_folgada.yaml	2026-08-07T15:56:03-03:00	2026-08-07T15:56:05-03:00	1.62	1.46	0.14	41600	0	1	681652	36bfe40eed33c8b8cb491894acd6f63c05c13e0d7a15a6e6f7b9401246d94c6d
go-realjan-folgada	cnemesis	58	cnemesis	configs/scenarios/fase1/geo9_google_realjan_folgada.yaml	2026-08-07T15:56:04-03:00	2026-08-07T15:56:05-03:00	1.53	1.39	0.11	41352	0	1	681676	36bfe40eed33c8b8cb491894acd6f63c05c13e0d7a15a6e6f7b9401246d94c6d
go-realjan-folgada	cnemesis	59	cnemesis	configs/scenarios/fase1/geo9_google_realjan_folgada.yaml	2026-08-07T15:56:05-03:00	2026-08-07T15:56:06-03:00	1.66	1.51	0.13	41768	0	1	681699	36bfe40eed33c8b8cb491894acd6f63c05c13e0d7a15a6e6f7b9401246d94c6d
go-realjan-folgada	cnemesis	60	cnemesis	configs/scenarios/fase1/geo9_google_realjan_folgada.yaml	2026-08-07T15:56:05-03:00	2026-08-07T15:56:06-03:00	1.04	0.94	0.09	41696	0	1	681722	36bfe40eed33c8b8cb491894acd6f63c05c13e0d7a15a6e6f7b9401246d94c6d
go-realjan-folgada	cnemesis	61	cnemesis	configs/scenarios/fase1/geo9_google_realjan_folgada.yaml	2026-08-07T15:56:06-03:00	2026-08-07T15:56:07-03:00	0.95	0.86	0.09	41616	0	1	681773	36bfe40eed33c8b8cb491894acd6f63c05c13e0d7a15a6e6f7b9401246d94c6d
go-realjan-folgada	cnemesis	62	cnemesis	configs/scenarios/fase1/geo9_google_realjan_folgada.yaml	2026-08-07T15:56:06-03:00	2026-08-07T15:56:08-03:00	1.65	1.50	0.14	42084	0	1	681786	36bfe40eed33c8b8cb491894acd6f63c05c13e0d7a15a6e6f7b9401246d94c6d
go-realjan-folgada	cnemesis	63	cnemesis	configs/scenarios/fase1/geo9_google_realjan_folgada.yaml	2026-08-07T15:56:07-03:00	2026-08-07T15:56:08-03:00	1.05	0.94	0.10	41188	0	1	681810	36bfe40eed33c8b8cb491894acd6f63c05c13e0d7a15a6e6f7b9401246d94c6d
go-realjan-folgada	cnemesis	64	cnemesis	configs/scenarios/fase1/geo9_google_realjan_folgada.yaml	2026-08-07T15:56:08-03:00	2026-08-07T15:56:10-03:00	1.66	1.51	0.13	41352	0	1	681843	36bfe40eed33c8b8cb491894acd6f63c05c13e0d7a15a6e6f7b9401246d94c6d
go-realjan-folgada	cnemesis	65	cnemesis	configs/scenarios/fase1/geo9_google_realjan_folgada.yaml	2026-08-07T15:56:08-03:00	2026-08-07T15:56:10-03:00	1.49	1.35	0.12	41732	0	1	681856	36bfe40eed33c8b8cb491894acd6f63c05c13e0d7a15a6e6f7b9401246d94c6d
go-realjan-folgada	cnemesis	66	cnemesis	configs/scenarios/fase1/geo9_google_realjan_folgada.yaml	2026-08-07T15:56:10-03:00	2026-08-07T15:56:11-03:00	1.56	1.43	0.11	41640	0	1	681888	36bfe40eed33c8b8cb491894acd6f63c05c13e0d7a15a6e6f7b9401246d94c6d
go-realjan-folgada	cnemesis	67	cnemesis	configs/scenarios/fase1/geo9_google_realjan_folgada.yaml	2026-08-07T15:56:10-03:00	2026-08-07T15:56:11-03:00	1.55	1.36	0.13	41624	0	1	681909	36bfe40eed33c8b8cb491894acd6f63c05c13e0d7a15a6e6f7b9401246d94c6d
go-realjan-folgada	cnemesis	68	cnemesis	configs/scenarios/fase1/geo9_google_realjan_folgada.yaml	2026-08-07T15:56:11-03:00	2026-08-07T15:56:13-03:00	1.64	1.49	0.13	41632	0	1	681962	36bfe40eed33c8b8cb491894acd6f63c05c13e0d7a15a6e6f7b9401246d94c6d
go-realjan-folgada	cnemesis	69	cnemesis	configs/scenarios/fase1/geo9_google_realjan_folgada.yaml	2026-08-07T15:56:11-03:00	2026-08-07T15:56:13-03:00	1.62	1.46	0.14	42044	0	1	681975	36bfe40eed33c8b8cb491894acd6f63c05c13e0d7a15a6e6f7b9401246d94c6d
go-realjan-folgada	cnemesis	70	cnemesis	configs/scenarios/fase1/geo9_google_realjan_folgada.yaml	2026-08-07T15:56:13-03:00	2026-08-07T15:56:14-03:00	1.61	1.49	0.11	41120	0	1	682019	36bfe40eed33c8b8cb491894acd6f63c05c13e0d7a15a6e6f7b9401246d94c6d
go-realjan-folgada	cnemesis	71	cnemesis	configs/scenarios/fase1/geo9_google_realjan_folgada.yaml	2026-08-07T15:56:13-03:00	2026-08-07T15:56:14-03:00	1.55	1.43	0.12	41820	0	1	682032	36bfe40eed33c8b8cb491894acd6f63c05c13e0d7a15a6e6f7b9401246d94c6d
go-realjan-folgada	ffd	52	none	configs/scenarios/fase1/geo9_google_realjan_folgada.yaml	2026-08-07T15:54:33-03:00	2026-08-07T15:54:34-03:00	1.26	1.16	0.09	37812	0	1	678192	36bfe40eed33c8b8cb491894acd6f63c05c13e0d7a15a6e6f7b9401246d94c6d
go-realjan-folgada	ffd	53	none	configs/scenarios/fase1/geo9_google_realjan_folgada.yaml	2026-08-07T15:54:34-03:00	2026-08-07T15:54:36-03:00	1.29	1.16	0.12	37820	0	1	678260	36bfe40eed33c8b8cb491894acd6f63c05c13e0d7a15a6e6f7b9401246d94c6d
go-realjan-folgada	ffd	54	none	configs/scenarios/fase1/geo9_google_realjan_folgada.yaml	2026-08-07T15:54:34-03:00	2026-08-07T15:54:36-03:00	1.27	1.15	0.10	37812	0	1	678273	36bfe40eed33c8b8cb491894acd6f63c05c13e0d7a15a6e6f7b9401246d94c6d
go-realjan-folgada	ffd	55	none	configs/scenarios/fase1/geo9_google_realjan_folgada.yaml	2026-08-07T15:54:36-03:00	2026-08-07T15:54:37-03:00	1.35	1.22	0.10	37856	0	1	678326	36bfe40eed33c8b8cb491894acd6f63c05c13e0d7a15a6e6f7b9401246d94c6d
go-realjan-folgada	ffd	56	none	configs/scenarios/fase1/geo9_google_realjan_folgada.yaml	2026-08-07T15:54:36-03:00	2026-08-07T15:54:37-03:00	1.19	1.05	0.12	37968	0	1	678350	36bfe40eed33c8b8cb491894acd6f63c05c13e0d7a15a6e6f7b9401246d94c6d
go-realjan-folgada	ffd	57	none	configs/scenarios/fase1/geo9_google_realjan_folgada.yaml	2026-08-07T15:54:37-03:00	2026-08-07T15:54:38-03:00	1.25	1.13	0.11	37844	0	1	678373	36bfe40eed33c8b8cb491894acd6f63c05c13e0d7a15a6e6f7b9401246d94c6d
go-realjan-folgada	ffd	58	none	configs/scenarios/fase1/geo9_google_realjan_folgada.yaml	2026-08-07T15:54:37-03:00	2026-08-07T15:54:38-03:00	1.30	1.18	0.11	37832	0	1	678386	36bfe40eed33c8b8cb491894acd6f63c05c13e0d7a15a6e6f7b9401246d94c6d
go-realjan-folgada	ffd	59	none	configs/scenarios/fase1/geo9_google_realjan_folgada.yaml	2026-08-07T15:54:38-03:00	2026-08-07T15:54:40-03:00	1.30	1.19	0.10	37820	0	1	678419	36bfe40eed33c8b8cb491894acd6f63c05c13e0d7a15a6e6f7b9401246d94c6d
go-realjan-folgada	ffd	60	none	configs/scenarios/fase1/geo9_google_realjan_folgada.yaml	2026-08-07T15:54:38-03:00	2026-08-07T15:54:40-03:00	1.29	1.16	0.11	37868	0	1	678432	36bfe40eed33c8b8cb491894acd6f63c05c13e0d7a15a6e6f7b9401246d94c6d
go-realjan-folgada	ffd	61	none	configs/scenarios/fase1/geo9_google_realjan_folgada.yaml	2026-08-07T15:54:40-03:00	2026-08-07T15:54:41-03:00	1.38	1.24	0.13	37820	0	1	678467	36bfe40eed33c8b8cb491894acd6f63c05c13e0d7a15a6e6f7b9401246d94c6d
go-realjan-folgada	ffd	62	none	configs/scenarios/fase1/geo9_google_realjan_folgada.yaml	2026-08-07T15:54:40-03:00	2026-08-07T15:54:41-03:00	1.26	1.14	0.10	37840	0	1	678480	36bfe40eed33c8b8cb491894acd6f63c05c13e0d7a15a6e6f7b9401246d94c6d
go-realjan-folgada	ffd	63	none	configs/scenarios/fase1/geo9_google_realjan_folgada.yaml	2026-08-07T15:54:41-03:00	2026-08-07T15:54:42-03:00	1.30	1.20	0.09	37916	0	1	678530	36bfe40eed33c8b8cb491894acd6f63c05c13e0d7a15a6e6f7b9401246d94c6d
go-realjan-folgada	ffd	64	none	configs/scenarios/fase1/geo9_google_realjan_folgada.yaml	2026-08-07T15:54:41-03:00	2026-08-07T15:54:42-03:00	1.27	1.15	0.11	37736	0	1	678543	36bfe40eed33c8b8cb491894acd6f63c05c13e0d7a15a6e6f7b9401246d94c6d
go-realjan-folgada	ffd	65	none	configs/scenarios/fase1/geo9_google_realjan_folgada.yaml	2026-08-07T15:54:42-03:00	2026-08-07T15:54:44-03:00	1.31	1.21	0.09	37940	0	1	678577	36bfe40eed33c8b8cb491894acd6f63c05c13e0d7a15a6e6f7b9401246d94c6d
go-realjan-folgada	ffd	66	none	configs/scenarios/fase1/geo9_google_realjan_folgada.yaml	2026-08-07T15:54:42-03:00	2026-08-07T15:54:44-03:00	1.28	1.17	0.10	37796	0	1	678590	36bfe40eed33c8b8cb491894acd6f63c05c13e0d7a15a6e6f7b9401246d94c6d
go-realjan-folgada	ffd	67	none	configs/scenarios/fase1/geo9_google_realjan_folgada.yaml	2026-08-07T15:54:44-03:00	2026-08-07T15:54:45-03:00	1.30	1.19	0.10	37820	0	1	678625	36bfe40eed33c8b8cb491894acd6f63c05c13e0d7a15a6e6f7b9401246d94c6d
go-realjan-folgada	ffd	68	none	configs/scenarios/fase1/geo9_google_realjan_folgada.yaml	2026-08-07T15:54:44-03:00	2026-08-07T15:54:45-03:00	1.30	1.19	0.10	37824	0	1	678638	36bfe40eed33c8b8cb491894acd6f63c05c13e0d7a15a6e6f7b9401246d94c6d
go-realjan-folgada	ffd	69	none	configs/scenarios/fase1/geo9_google_realjan_folgada.yaml	2026-08-07T15:54:45-03:00	2026-08-07T15:54:46-03:00	1.27	1.16	0.09	37960	0	1	678662	36bfe40eed33c8b8cb491894acd6f63c05c13e0d7a15a6e6f7b9401246d94c6d
go-realjan-folgada	ffd	70	none	configs/scenarios/fase1/geo9_google_realjan_folgada.yaml	2026-08-07T15:54:45-03:00	2026-08-07T15:54:46-03:00	1.30	1.19	0.11	37824	0	1	678675	36bfe40eed33c8b8cb491894acd6f63c05c13e0d7a15a6e6f7b9401246d94c6d
go-realjan-folgada	ffd	71	none	configs/scenarios/fase1/geo9_google_realjan_folgada.yaml	2026-08-07T15:54:46-03:00	2026-08-07T15:54:47-03:00	1.28	1.16	0.11	37848	0	1	678741	36bfe40eed33c8b8cb491894acd6f63c05c13e0d7a15a6e6f7b9401246d94c6d
go-realjan-folgada	first_fit	52	none	configs/scenarios/fase1/geo9_google_realjan_folgada.yaml	2026-08-07T15:53:27-03:00	2026-08-07T15:53:28-03:00	1.36	1.17	0.11	37908	0	1	675886	36bfe40eed33c8b8cb491894acd6f63c05c13e0d7a15a6e6f7b9401246d94c6d
go-realjan-folgada	first_fit	53	none	configs/scenarios/fase1/geo9_google_realjan_folgada.yaml	2026-08-07T15:53:28-03:00	2026-08-07T15:53:29-03:00	1.29	1.17	0.11	37832	0	1	675927	36bfe40eed33c8b8cb491894acd6f63c05c13e0d7a15a6e6f7b9401246d94c6d
go-realjan-folgada	first_fit	54	none	configs/scenarios/fase1/geo9_google_realjan_folgada.yaml	2026-08-07T15:53:29-03:00	2026-08-07T15:53:31-03:00	1.46	1.32	0.11	37812	0	1	675970	36bfe40eed33c8b8cb491894acd6f63c05c13e0d7a15a6e6f7b9401246d94c6d
go-realjan-folgada	first_fit	55	none	configs/scenarios/fase1/geo9_google_realjan_folgada.yaml	2026-08-07T15:53:31-03:00	2026-08-07T15:53:32-03:00	1.29	1.18	0.10	37784	0	1	676013	36bfe40eed33c8b8cb491894acd6f63c05c13e0d7a15a6e6f7b9401246d94c6d
go-realjan-folgada	first_fit	56	none	configs/scenarios/fase1/geo9_google_realjan_folgada.yaml	2026-08-07T15:53:32-03:00	2026-08-07T15:53:33-03:00	1.29	1.18	0.09	37960	0	1	676046	36bfe40eed33c8b8cb491894acd6f63c05c13e0d7a15a6e6f7b9401246d94c6d
go-realjan-folgada	first_fit	57	none	configs/scenarios/fase1/geo9_google_realjan_folgada.yaml	2026-08-07T15:53:33-03:00	2026-08-07T15:53:35-03:00	1.31	1.21	0.09	37860	0	1	676075	36bfe40eed33c8b8cb491894acd6f63c05c13e0d7a15a6e6f7b9401246d94c6d
go-realjan-folgada	first_fit	58	none	configs/scenarios/fase1/geo9_google_realjan_folgada.yaml	2026-08-07T15:53:35-03:00	2026-08-07T15:53:36-03:00	1.28	1.18	0.09	37896	0	1	676139	36bfe40eed33c8b8cb491894acd6f63c05c13e0d7a15a6e6f7b9401246d94c6d
go-realjan-folgada	first_fit	59	none	configs/scenarios/fase1/geo9_google_realjan_folgada.yaml	2026-08-07T15:53:36-03:00	2026-08-07T15:53:37-03:00	1.25	1.15	0.09	37872	0	1	676173	36bfe40eed33c8b8cb491894acd6f63c05c13e0d7a15a6e6f7b9401246d94c6d
go-realjan-folgada	first_fit	60	none	configs/scenarios/fase1/geo9_google_realjan_folgada.yaml	2026-08-07T15:53:37-03:00	2026-08-07T15:53:39-03:00	1.43	1.29	0.12	37784	0	1	676196	36bfe40eed33c8b8cb491894acd6f63c05c13e0d7a15a6e6f7b9401246d94c6d
go-realjan-folgada	first_fit	61	none	configs/scenarios/fase1/geo9_google_realjan_folgada.yaml	2026-08-07T15:53:39-03:00	2026-08-07T15:53:40-03:00	1.29	1.18	0.10	37756	0	1	676242	36bfe40eed33c8b8cb491894acd6f63c05c13e0d7a15a6e6f7b9401246d94c6d
go-realjan-folgada	first_fit	62	none	configs/scenarios/fase1/geo9_google_realjan_folgada.yaml	2026-08-07T15:53:40-03:00	2026-08-07T15:53:41-03:00	1.27	1.16	0.10	37820	0	1	676294	36bfe40eed33c8b8cb491894acd6f63c05c13e0d7a15a6e6f7b9401246d94c6d
go-realjan-folgada	first_fit	63	none	configs/scenarios/fase1/geo9_google_realjan_folgada.yaml	2026-08-07T15:53:41-03:00	2026-08-07T15:53:43-03:00	1.26	1.14	0.10	37820	0	1	676317	36bfe40eed33c8b8cb491894acd6f63c05c13e0d7a15a6e6f7b9401246d94c6d
go-realjan-folgada	first_fit	64	none	configs/scenarios/fase1/geo9_google_realjan_folgada.yaml	2026-08-07T15:53:43-03:00	2026-08-07T15:53:44-03:00	1.27	1.17	0.10	37896	0	1	676360	36bfe40eed33c8b8cb491894acd6f63c05c13e0d7a15a6e6f7b9401246d94c6d
go-realjan-folgada	first_fit	65	none	configs/scenarios/fase1/geo9_google_realjan_folgada.yaml	2026-08-07T15:53:44-03:00	2026-08-07T15:53:45-03:00	1.29	1.18	0.10	37904	0	1	676385	36bfe40eed33c8b8cb491894acd6f63c05c13e0d7a15a6e6f7b9401246d94c6d
go-realjan-folgada	first_fit	66	none	configs/scenarios/fase1/geo9_google_realjan_folgada.yaml	2026-08-07T15:53:45-03:00	2026-08-07T15:53:47-03:00	1.33	1.21	0.10	37824	0	1	676440	36bfe40eed33c8b8cb491894acd6f63c05c13e0d7a15a6e6f7b9401246d94c6d
go-realjan-folgada	first_fit	67	none	configs/scenarios/fase1/geo9_google_realjan_folgada.yaml	2026-08-07T15:53:47-03:00	2026-08-07T15:53:48-03:00	1.31	1.19	0.11	37808	0	1	676482	36bfe40eed33c8b8cb491894acd6f63c05c13e0d7a15a6e6f7b9401246d94c6d
go-realjan-folgada	first_fit	68	none	configs/scenarios/fase1/geo9_google_realjan_folgada.yaml	2026-08-07T15:53:48-03:00	2026-08-07T15:53:49-03:00	1.30	1.18	0.10	37828	0	1	676506	36bfe40eed33c8b8cb491894acd6f63c05c13e0d7a15a6e6f7b9401246d94c6d
go-realjan-folgada	first_fit	69	none	configs/scenarios/fase1/geo9_google_realjan_folgada.yaml	2026-08-07T15:53:49-03:00	2026-08-07T15:53:51-03:00	1.32	1.20	0.10	37824	0	1	676539	36bfe40eed33c8b8cb491894acd6f63c05c13e0d7a15a6e6f7b9401246d94c6d
go-realjan-folgada	first_fit	70	none	configs/scenarios/fase1/geo9_google_realjan_folgada.yaml	2026-08-07T15:53:51-03:00	2026-08-07T15:53:52-03:00	1.24	1.15	0.08	37932	0	1	676592	36bfe40eed33c8b8cb491894acd6f63c05c13e0d7a15a6e6f7b9401246d94c6d
go-realjan-folgada	first_fit	71	none	configs/scenarios/fase1/geo9_google_realjan_folgada.yaml	2026-08-07T15:53:52-03:00	2026-08-07T15:53:53-03:00	1.25	1.15	0.08	37808	0	1	676626	36bfe40eed33c8b8cb491894acd6f63c05c13e0d7a15a6e6f7b9401246d94c6d
go-realjan-folgada	follow_renewables	52	follow_renewables	configs/scenarios/fase1/geo9_google_realjan_folgada.yaml	2026-08-07T15:55:12-03:00	2026-08-07T15:55:13-03:00	1.21	1.10	0.09	37844	0	1	679825	36bfe40eed33c8b8cb491894acd6f63c05c13e0d7a15a6e6f7b9401246d94c6d
go-realjan-folgada	follow_renewables	53	follow_renewables	configs/scenarios/fase1/geo9_google_realjan_folgada.yaml	2026-08-07T15:55:13-03:00	2026-08-07T15:55:14-03:00	1.29	1.17	0.11	37784	0	1	679848	36bfe40eed33c8b8cb491894acd6f63c05c13e0d7a15a6e6f7b9401246d94c6d
go-realjan-folgada	follow_renewables	54	follow_renewables	configs/scenarios/fase1/geo9_google_realjan_folgada.yaml	2026-08-07T15:55:13-03:00	2026-08-07T15:55:15-03:00	1.27	1.13	0.13	37968	0	1	679861	36bfe40eed33c8b8cb491894acd6f63c05c13e0d7a15a6e6f7b9401246d94c6d
go-realjan-folgada	follow_renewables	55	follow_renewables	configs/scenarios/fase1/geo9_google_realjan_folgada.yaml	2026-08-07T15:55:14-03:00	2026-08-07T15:55:15-03:00	1.30	1.18	0.11	37756	0	1	679884	36bfe40eed33c8b8cb491894acd6f63c05c13e0d7a15a6e6f7b9401246d94c6d
go-realjan-folgada	follow_renewables	56	follow_renewables	configs/scenarios/fase1/geo9_google_realjan_folgada.yaml	2026-08-07T15:55:15-03:00	2026-08-07T15:55:16-03:00	1.33	1.20	0.12	37844	0	1	679917	36bfe40eed33c8b8cb491894acd6f63c05c13e0d7a15a6e6f7b9401246d94c6d
go-realjan-folgada	follow_renewables	57	follow_renewables	configs/scenarios/fase1/geo9_google_realjan_folgada.yaml	2026-08-07T15:55:15-03:00	2026-08-07T15:55:17-03:00	1.22	1.09	0.11	37788	0	1	679930	36bfe40eed33c8b8cb491894acd6f63c05c13e0d7a15a6e6f7b9401246d94c6d
go-realjan-folgada	follow_renewables	58	follow_renewables	configs/scenarios/fase1/geo9_google_realjan_folgada.yaml	2026-08-07T15:55:16-03:00	2026-08-07T15:55:17-03:00	1.30	1.18	0.11	37844	0	1	679971	36bfe40eed33c8b8cb491894acd6f63c05c13e0d7a15a6e6f7b9401246d94c6d
go-realjan-folgada	follow_renewables	59	follow_renewables	configs/scenarios/fase1/geo9_google_realjan_folgada.yaml	2026-08-07T15:55:17-03:00	2026-08-07T15:55:18-03:00	1.29	1.16	0.12	37900	0	1	679995	36bfe40eed33c8b8cb491894acd6f63c05c13e0d7a15a6e6f7b9401246d94c6d
go-realjan-folgada	follow_renewables	60	follow_renewables	configs/scenarios/fase1/geo9_google_realjan_folgada.yaml	2026-08-07T15:55:17-03:00	2026-08-07T15:55:19-03:00	1.30	1.17	0.11	37872	0	1	680018	36bfe40eed33c8b8cb491894acd6f63c05c13e0d7a15a6e6f7b9401246d94c6d
go-realjan-folgada	follow_renewables	61	follow_renewables	configs/scenarios/fase1/geo9_google_realjan_folgada.yaml	2026-08-07T15:55:18-03:00	2026-08-07T15:55:19-03:00	1.32	1.19	0.12	37896	0	1	680041	36bfe40eed33c8b8cb491894acd6f63c05c13e0d7a15a6e6f7b9401246d94c6d
go-realjan-folgada	follow_renewables	62	follow_renewables	configs/scenarios/fase1/geo9_google_realjan_folgada.yaml	2026-08-07T15:55:19-03:00	2026-08-07T15:55:20-03:00	1.25	1.14	0.11	37820	0	1	680063	36bfe40eed33c8b8cb491894acd6f63c05c13e0d7a15a6e6f7b9401246d94c6d
go-realjan-folgada	follow_renewables	63	follow_renewables	configs/scenarios/fase1/geo9_google_realjan_folgada.yaml	2026-08-07T15:55:19-03:00	2026-08-07T15:55:21-03:00	1.33	1.20	0.11	38056	0	1	680084	36bfe40eed33c8b8cb491894acd6f63c05c13e0d7a15a6e6f7b9401246d94c6d
go-realjan-folgada	follow_renewables	64	follow_renewables	configs/scenarios/fase1/geo9_google_realjan_folgada.yaml	2026-08-07T15:55:20-03:00	2026-08-07T15:55:21-03:00	1.29	1.16	0.12	37780	0	1	680108	36bfe40eed33c8b8cb491894acd6f63c05c13e0d7a15a6e6f7b9401246d94c6d
go-realjan-folgada	follow_renewables	65	follow_renewables	configs/scenarios/fase1/geo9_google_realjan_folgada.yaml	2026-08-07T15:55:21-03:00	2026-08-07T15:55:22-03:00	1.28	1.16	0.10	37828	0	1	680151	36bfe40eed33c8b8cb491894acd6f63c05c13e0d7a15a6e6f7b9401246d94c6d
go-realjan-folgada	follow_renewables	66	follow_renewables	configs/scenarios/fase1/geo9_google_realjan_folgada.yaml	2026-08-07T15:55:21-03:00	2026-08-07T15:55:23-03:00	1.33	1.23	0.10	37820	0	1	680175	36bfe40eed33c8b8cb491894acd6f63c05c13e0d7a15a6e6f7b9401246d94c6d
go-realjan-folgada	follow_renewables	67	follow_renewables	configs/scenarios/fase1/geo9_google_realjan_folgada.yaml	2026-08-07T15:55:22-03:00	2026-08-07T15:55:23-03:00	1.26	1.15	0.10	37780	0	1	680198	36bfe40eed33c8b8cb491894acd6f63c05c13e0d7a15a6e6f7b9401246d94c6d
go-realjan-folgada	follow_renewables	68	follow_renewables	configs/scenarios/fase1/geo9_google_realjan_folgada.yaml	2026-08-07T15:55:23-03:00	2026-08-07T15:55:24-03:00	1.35	1.24	0.10	37772	0	1	680221	36bfe40eed33c8b8cb491894acd6f63c05c13e0d7a15a6e6f7b9401246d94c6d
go-realjan-folgada	follow_renewables	69	follow_renewables	configs/scenarios/fase1/geo9_google_realjan_folgada.yaml	2026-08-07T15:55:23-03:00	2026-08-07T15:55:25-03:00	1.35	1.24	0.10	37860	0	1	680244	36bfe40eed33c8b8cb491894acd6f63c05c13e0d7a15a6e6f7b9401246d94c6d
go-realjan-folgada	follow_renewables	70	follow_renewables	configs/scenarios/fase1/geo9_google_realjan_folgada.yaml	2026-08-07T15:55:24-03:00	2026-08-07T15:55:25-03:00	1.31	1.17	0.11	37896	0	1	680267	36bfe40eed33c8b8cb491894acd6f63c05c13e0d7a15a6e6f7b9401246d94c6d
go-realjan-folgada	follow_renewables	71	follow_renewables	configs/scenarios/fase1/geo9_google_realjan_folgada.yaml	2026-08-07T15:55:25-03:00	2026-08-07T15:55:26-03:00	1.23	1.13	0.10	37888	0	1	680291	36bfe40eed33c8b8cb491894acd6f63c05c13e0d7a15a6e6f7b9401246d94c6d
go-realjan-folgada	followme_s	52	followme_s	configs/scenarios/fase1/geo9_google_realjan_folgada.yaml	2026-08-07T15:55:38-03:00	2026-08-07T15:55:40-03:00	2.04	1.87	0.15	48400	0	1	680859	36bfe40eed33c8b8cb491894acd6f63c05c13e0d7a15a6e6f7b9401246d94c6d
go-realjan-folgada	followme_s	53	followme_s	configs/scenarios/fase1/geo9_google_realjan_folgada.yaml	2026-08-07T15:55:39-03:00	2026-08-07T15:55:41-03:00	2.21	1.98	0.17	47960	0	1	680883	36bfe40eed33c8b8cb491894acd6f63c05c13e0d7a15a6e6f7b9401246d94c6d
go-realjan-folgada	followme_s	54	followme_s	configs/scenarios/fase1/geo9_google_realjan_folgada.yaml	2026-08-07T15:55:40-03:00	2026-08-07T15:55:42-03:00	2.28	2.12	0.15	48432	0	1	680916	36bfe40eed33c8b8cb491894acd6f63c05c13e0d7a15a6e6f7b9401246d94c6d
go-realjan-folgada	followme_s	55	followme_s	configs/scenarios/fase1/geo9_google_realjan_folgada.yaml	2026-08-07T15:55:41-03:00	2026-08-07T15:55:43-03:00	2.06	1.89	0.15	47792	0	1	680969	36bfe40eed33c8b8cb491894acd6f63c05c13e0d7a15a6e6f7b9401246d94c6d
go-realjan-folgada	followme_s	56	followme_s	configs/scenarios/fase1/geo9_google_realjan_folgada.yaml	2026-08-07T15:55:42-03:00	2026-08-07T15:55:44-03:00	1.89	1.70	0.17	48280	0	1	680992	36bfe40eed33c8b8cb491894acd6f63c05c13e0d7a15a6e6f7b9401246d94c6d
go-realjan-folgada	followme_s	57	followme_s	configs/scenarios/fase1/geo9_google_realjan_folgada.yaml	2026-08-07T15:55:43-03:00	2026-08-07T15:55:45-03:00	1.57	1.39	0.16	47848	0	1	681027	36bfe40eed33c8b8cb491894acd6f63c05c13e0d7a15a6e6f7b9401246d94c6d
go-realjan-folgada	followme_s	58	followme_s	configs/scenarios/fase1/geo9_google_realjan_folgada.yaml	2026-08-07T15:55:44-03:00	2026-08-07T15:55:46-03:00	1.84	1.68	0.16	48480	0	1	681050	36bfe40eed33c8b8cb491894acd6f63c05c13e0d7a15a6e6f7b9401246d94c6d
go-realjan-folgada	followme_s	59	followme_s	configs/scenarios/fase1/geo9_google_realjan_folgada.yaml	2026-08-07T15:55:45-03:00	2026-08-07T15:55:46-03:00	1.56	1.41	0.13	49488	0	1	681075	36bfe40eed33c8b8cb491894acd6f63c05c13e0d7a15a6e6f7b9401246d94c6d
go-realjan-folgada	followme_s	60	followme_s	configs/scenarios/fase1/geo9_google_realjan_folgada.yaml	2026-08-07T15:55:46-03:00	2026-08-07T15:55:48-03:00	1.90	1.73	0.16	49552	0	1	681131	36bfe40eed33c8b8cb491894acd6f63c05c13e0d7a15a6e6f7b9401246d94c6d
go-realjan-folgada	followme_s	61	followme_s	configs/scenarios/fase1/geo9_google_realjan_folgada.yaml	2026-08-07T15:55:46-03:00	2026-08-07T15:55:49-03:00	2.56	2.39	0.16	48292	0	1	681144	36bfe40eed33c8b8cb491894acd6f63c05c13e0d7a15a6e6f7b9401246d94c6d
go-realjan-folgada	followme_s	62	followme_s	configs/scenarios/fase1/geo9_google_realjan_folgada.yaml	2026-08-07T15:55:48-03:00	2026-08-07T15:55:50-03:00	2.27	2.07	0.17	48488	0	1	681179	36bfe40eed33c8b8cb491894acd6f63c05c13e0d7a15a6e6f7b9401246d94c6d
go-realjan-folgada	followme_s	63	followme_s	configs/scenarios/fase1/geo9_google_realjan_folgada.yaml	2026-08-07T15:55:49-03:00	2026-08-07T15:55:51-03:00	2.08	1.92	0.14	48952	0	1	681211	36bfe40eed33c8b8cb491894acd6f63c05c13e0d7a15a6e6f7b9401246d94c6d
go-realjan-folgada	followme_s	64	followme_s	configs/scenarios/fase1/geo9_google_realjan_folgada.yaml	2026-08-07T15:55:50-03:00	2026-08-07T15:55:53-03:00	2.32	2.16	0.13	48396	0	1	681243	36bfe40eed33c8b8cb491894acd6f63c05c13e0d7a15a6e6f7b9401246d94c6d
go-realjan-folgada	followme_s	65	followme_s	configs/scenarios/fase1/geo9_google_realjan_folgada.yaml	2026-08-07T15:55:51-03:00	2026-08-07T15:55:54-03:00	2.53	2.35	0.16	48012	0	1	681285	36bfe40eed33c8b8cb491894acd6f63c05c13e0d7a15a6e6f7b9401246d94c6d
go-realjan-folgada	followme_s	66	followme_s	configs/scenarios/fase1/geo9_google_realjan_folgada.yaml	2026-08-07T15:55:53-03:00	2026-08-07T15:55:55-03:00	2.59	2.43	0.15	49008	0	1	681317	36bfe40eed33c8b8cb491894acd6f63c05c13e0d7a15a6e6f7b9401246d94c6d
go-realjan-folgada	followme_s	67	followme_s	configs/scenarios/fase1/geo9_google_realjan_folgada.yaml	2026-08-07T15:55:54-03:00	2026-08-07T15:55:56-03:00	1.95	1.78	0.15	48876	0	1	681349	36bfe40eed33c8b8cb491894acd6f63c05c13e0d7a15a6e6f7b9401246d94c6d
go-realjan-folgada	followme_s	68	followme_s	configs/scenarios/fase1/geo9_google_realjan_folgada.yaml	2026-08-07T15:55:55-03:00	2026-08-07T15:55:57-03:00	1.88	1.71	0.15	47204	0	1	681381	36bfe40eed33c8b8cb491894acd6f63c05c13e0d7a15a6e6f7b9401246d94c6d
go-realjan-folgada	followme_s	69	followme_s	configs/scenarios/fase1/geo9_google_realjan_folgada.yaml	2026-08-07T15:55:56-03:00	2026-08-07T15:55:59-03:00	3.09	2.93	0.15	46984	0	1	681404	36bfe40eed33c8b8cb491894acd6f63c05c13e0d7a15a6e6f7b9401246d94c6d
go-realjan-folgada	followme_s	70	followme_s	configs/scenarios/fase1/geo9_google_realjan_folgada.yaml	2026-08-07T15:55:57-03:00	2026-08-07T15:55:59-03:00	1.74	1.57	0.16	47416	0	1	681458	36bfe40eed33c8b8cb491894acd6f63c05c13e0d7a15a6e6f7b9401246d94c6d
go-realjan-folgada	followme_s	71	followme_s	configs/scenarios/fase1/geo9_google_realjan_folgada.yaml	2026-08-07T15:55:59-03:00	2026-08-07T15:56:01-03:00	1.81	1.63	0.17	47092	0	1	681489	36bfe40eed33c8b8cb491894acd6f63c05c13e0d7a15a6e6f7b9401246d94c6d
go-realjan-folgada	lowest_carbon_dc	52	none	configs/scenarios/fase1/geo9_google_realjan_folgada.yaml	2026-08-07T15:54:59-03:00	2026-08-07T15:55:01-03:00	1.36	1.23	0.10	37876	0	1	679248	36bfe40eed33c8b8cb491894acd6f63c05c13e0d7a15a6e6f7b9401246d94c6d
go-realjan-folgada	lowest_carbon_dc	53	none	configs/scenarios/fase1/geo9_google_realjan_folgada.yaml	2026-08-07T15:55:01-03:00	2026-08-07T15:55:02-03:00	1.09	0.98	0.10	37648	0	1	679320	36bfe40eed33c8b8cb491894acd6f63c05c13e0d7a15a6e6f7b9401246d94c6d
go-realjan-folgada	lowest_carbon_dc	54	none	configs/scenarios/fase1/geo9_google_realjan_folgada.yaml	2026-08-07T15:55:01-03:00	2026-08-07T15:55:02-03:00	1.09	0.98	0.09	37840	0	1	679333	36bfe40eed33c8b8cb491894acd6f63c05c13e0d7a15a6e6f7b9401246d94c6d
go-realjan-folgada	lowest_carbon_dc	55	none	configs/scenarios/fase1/geo9_google_realjan_folgada.yaml	2026-08-07T15:55:02-03:00	2026-08-07T15:55:03-03:00	1.29	1.15	0.10	37756	0	1	679360	36bfe40eed33c8b8cb491894acd6f63c05c13e0d7a15a6e6f7b9401246d94c6d
go-realjan-folgada	lowest_carbon_dc	56	none	configs/scenarios/fase1/geo9_google_realjan_folgada.yaml	2026-08-07T15:55:02-03:00	2026-08-07T15:55:03-03:00	1.41	1.27	0.12	37828	0	1	679389	36bfe40eed33c8b8cb491894acd6f63c05c13e0d7a15a6e6f7b9401246d94c6d
go-realjan-folgada	lowest_carbon_dc	57	none	configs/scenarios/fase1/geo9_google_realjan_folgada.yaml	2026-08-07T15:55:03-03:00	2026-08-07T15:55:04-03:00	1.02	0.93	0.08	37844	0	1	679417	36bfe40eed33c8b8cb491894acd6f63c05c13e0d7a15a6e6f7b9401246d94c6d
go-realjan-folgada	lowest_carbon_dc	58	none	configs/scenarios/fase1/geo9_google_realjan_folgada.yaml	2026-08-07T15:55:03-03:00	2026-08-07T15:55:05-03:00	1.28	1.17	0.11	38076	0	1	679443	36bfe40eed33c8b8cb491894acd6f63c05c13e0d7a15a6e6f7b9401246d94c6d
go-realjan-folgada	lowest_carbon_dc	59	none	configs/scenarios/fase1/geo9_google_realjan_folgada.yaml	2026-08-07T15:55:04-03:00	2026-08-07T15:55:05-03:00	0.96	0.85	0.09	37836	0	1	679493	36bfe40eed33c8b8cb491894acd6f63c05c13e0d7a15a6e6f7b9401246d94c6d
go-realjan-folgada	lowest_carbon_dc	60	none	configs/scenarios/fase1/geo9_google_realjan_folgada.yaml	2026-08-07T15:55:05-03:00	2026-08-07T15:55:06-03:00	1.30	1.18	0.11	38180	0	1	679517	36bfe40eed33c8b8cb491894acd6f63c05c13e0d7a15a6e6f7b9401246d94c6d
go-realjan-folgada	lowest_carbon_dc	61	none	configs/scenarios/fase1/geo9_google_realjan_folgada.yaml	2026-08-07T15:55:05-03:00	2026-08-07T15:55:06-03:00	0.88	0.81	0.06	37784	0	1	679530	36bfe40eed33c8b8cb491894acd6f63c05c13e0d7a15a6e6f7b9401246d94c6d
go-realjan-folgada	lowest_carbon_dc	62	none	configs/scenarios/fase1/geo9_google_realjan_folgada.yaml	2026-08-07T15:55:06-03:00	2026-08-07T15:55:07-03:00	0.89	0.80	0.07	37780	0	1	679571	36bfe40eed33c8b8cb491894acd6f63c05c13e0d7a15a6e6f7b9401246d94c6d
go-realjan-folgada	lowest_carbon_dc	63	none	configs/scenarios/fase1/geo9_google_realjan_folgada.yaml	2026-08-07T15:55:06-03:00	2026-08-07T15:55:07-03:00	1.33	1.22	0.10	38428	0	1	679594	36bfe40eed33c8b8cb491894acd6f63c05c13e0d7a15a6e6f7b9401246d94c6d
go-realjan-folgada	lowest_carbon_dc	64	none	configs/scenarios/fase1/geo9_google_realjan_folgada.yaml	2026-08-07T15:55:07-03:00	2026-08-07T15:55:08-03:00	1.34	1.22	0.11	37924	0	1	679618	36bfe40eed33c8b8cb491894acd6f63c05c13e0d7a15a6e6f7b9401246d94c6d
go-realjan-folgada	lowest_carbon_dc	65	none	configs/scenarios/fase1/geo9_google_realjan_folgada.yaml	2026-08-07T15:55:07-03:00	2026-08-07T15:55:09-03:00	1.30	1.19	0.10	37908	0	1	679631	36bfe40eed33c8b8cb491894acd6f63c05c13e0d7a15a6e6f7b9401246d94c6d
go-realjan-folgada	lowest_carbon_dc	66	none	configs/scenarios/fase1/geo9_google_realjan_folgada.yaml	2026-08-07T15:55:08-03:00	2026-08-07T15:55:09-03:00	1.25	1.15	0.10	37776	0	1	679665	36bfe40eed33c8b8cb491894acd6f63c05c13e0d7a15a6e6f7b9401246d94c6d
go-realjan-folgada	lowest_carbon_dc	67	none	configs/scenarios/fase1/geo9_google_realjan_folgada.yaml	2026-08-07T15:55:09-03:00	2026-08-07T15:55:10-03:00	1.33	1.22	0.10	37844	0	1	679689	36bfe40eed33c8b8cb491894acd6f63c05c13e0d7a15a6e6f7b9401246d94c6d
go-realjan-folgada	lowest_carbon_dc	68	none	configs/scenarios/fase1/geo9_google_realjan_folgada.yaml	2026-08-07T15:55:09-03:00	2026-08-07T15:55:11-03:00	1.34	1.21	0.11	37804	0	1	679708	36bfe40eed33c8b8cb491894acd6f63c05c13e0d7a15a6e6f7b9401246d94c6d
go-realjan-folgada	lowest_carbon_dc	69	none	configs/scenarios/fase1/geo9_google_realjan_folgada.yaml	2026-08-07T15:55:10-03:00	2026-08-07T15:55:11-03:00	1.34	1.23	0.10	37860	0	1	679725	36bfe40eed33c8b8cb491894acd6f63c05c13e0d7a15a6e6f7b9401246d94c6d
go-realjan-folgada	lowest_carbon_dc	70	none	configs/scenarios/fase1/geo9_google_realjan_folgada.yaml	2026-08-07T15:55:11-03:00	2026-08-07T15:55:12-03:00	1.29	1.18	0.10	37848	0	1	679778	36bfe40eed33c8b8cb491894acd6f63c05c13e0d7a15a6e6f7b9401246d94c6d
go-realjan-folgada	lowest_carbon_dc	71	none	configs/scenarios/fase1/geo9_google_realjan_folgada.yaml	2026-08-07T15:55:11-03:00	2026-08-07T15:55:13-03:00	1.31	1.21	0.10	37780	0	1	679791	36bfe40eed33c8b8cb491894acd6f63c05c13e0d7a15a6e6f7b9401246d94c6d
go-realjan-folgada	round_robin	52	none	configs/scenarios/fase1/geo9_google_realjan_folgada.yaml	2026-08-07T15:54:19-03:00	2026-08-07T15:54:21-03:00	1.37	1.25	0.11	37832	0	1	677673	36bfe40eed33c8b8cb491894acd6f63c05c13e0d7a15a6e6f7b9401246d94c6d
go-realjan-folgada	round_robin	53	none	configs/scenarios/fase1/geo9_google_realjan_folgada.yaml	2026-08-07T15:54:20-03:00	2026-08-07T15:54:21-03:00	1.41	1.29	0.11	37756	0	1	677716	36bfe40eed33c8b8cb491894acd6f63c05c13e0d7a15a6e6f7b9401246d94c6d
go-realjan-folgada	round_robin	54	none	configs/scenarios/fase1/geo9_google_realjan_folgada.yaml	2026-08-07T15:54:21-03:00	2026-08-07T15:54:22-03:00	1.35	1.24	0.10	37812	0	1	677740	36bfe40eed33c8b8cb491894acd6f63c05c13e0d7a15a6e6f7b9401246d94c6d
go-realjan-folgada	round_robin	55	none	configs/scenarios/fase1/geo9_google_realjan_folgada.yaml	2026-08-07T15:54:21-03:00	2026-08-07T15:54:23-03:00	1.41	1.30	0.10	37752	0	1	677770	36bfe40eed33c8b8cb491894acd6f63c05c13e0d7a15a6e6f7b9401246d94c6d
go-realjan-folgada	round_robin	56	none	configs/scenarios/fase1/geo9_google_realjan_folgada.yaml	2026-08-07T15:54:22-03:00	2026-08-07T15:54:23-03:00	1.41	1.29	0.10	37656	0	1	677783	36bfe40eed33c8b8cb491894acd6f63c05c13e0d7a15a6e6f7b9401246d94c6d
go-realjan-folgada	round_robin	57	none	configs/scenarios/fase1/geo9_google_realjan_folgada.yaml	2026-08-07T15:54:23-03:00	2026-08-07T15:54:24-03:00	1.37	1.27	0.08	37856	0	1	677804	36bfe40eed33c8b8cb491894acd6f63c05c13e0d7a15a6e6f7b9401246d94c6d
go-realjan-folgada	round_robin	58	none	configs/scenarios/fase1/geo9_google_realjan_folgada.yaml	2026-08-07T15:54:23-03:00	2026-08-07T15:54:25-03:00	1.41	1.29	0.11	37916	0	1	677838	36bfe40eed33c8b8cb491894acd6f63c05c13e0d7a15a6e6f7b9401246d94c6d
go-realjan-folgada	round_robin	59	none	configs/scenarios/fase1/geo9_google_realjan_folgada.yaml	2026-08-07T15:54:24-03:00	2026-08-07T15:54:26-03:00	1.38	1.27	0.10	37896	0	1	677851	36bfe40eed33c8b8cb491894acd6f63c05c13e0d7a15a6e6f7b9401246d94c6d
go-realjan-folgada	round_robin	60	none	configs/scenarios/fase1/geo9_google_realjan_folgada.yaml	2026-08-07T15:54:25-03:00	2026-08-07T15:54:26-03:00	1.40	1.29	0.10	37824	0	1	677893	36bfe40eed33c8b8cb491894acd6f63c05c13e0d7a15a6e6f7b9401246d94c6d
go-realjan-folgada	round_robin	61	none	configs/scenarios/fase1/geo9_google_realjan_folgada.yaml	2026-08-07T15:54:26-03:00	2026-08-07T15:54:27-03:00	1.40	1.29	0.10	37940	0	1	677927	36bfe40eed33c8b8cb491894acd6f63c05c13e0d7a15a6e6f7b9401246d94c6d
go-realjan-folgada	round_robin	62	none	configs/scenarios/fase1/geo9_google_realjan_folgada.yaml	2026-08-07T15:54:26-03:00	2026-08-07T15:54:28-03:00	1.36	1.25	0.10	37764	0	1	677940	36bfe40eed33c8b8cb491894acd6f63c05c13e0d7a15a6e6f7b9401246d94c6d
go-realjan-folgada	round_robin	63	none	configs/scenarios/fase1/geo9_google_realjan_folgada.yaml	2026-08-07T15:54:27-03:00	2026-08-07T15:54:28-03:00	1.39	1.27	0.11	37780	0	1	677975	36bfe40eed33c8b8cb491894acd6f63c05c13e0d7a15a6e6f7b9401246d94c6d
go-realjan-folgada	round_robin	64	none	configs/scenarios/fase1/geo9_google_realjan_folgada.yaml	2026-08-07T15:54:28-03:00	2026-08-07T15:54:29-03:00	1.36	1.25	0.11	37824	0	1	677998	36bfe40eed33c8b8cb491894acd6f63c05c13e0d7a15a6e6f7b9401246d94c6d
go-realjan-folgada	round_robin	65	none	configs/scenarios/fase1/geo9_google_realjan_folgada.yaml	2026-08-07T15:54:29-03:00	2026-08-07T15:54:30-03:00	1.37	1.27	0.10	37808	0	1	678011	36bfe40eed33c8b8cb491894acd6f63c05c13e0d7a15a6e6f7b9401246d94c6d
go-realjan-folgada	round_robin	66	none	configs/scenarios/fase1/geo9_google_realjan_folgada.yaml	2026-08-07T15:54:29-03:00	2026-08-07T15:54:30-03:00	1.37	1.28	0.08	37844	0	1	678042	36bfe40eed33c8b8cb491894acd6f63c05c13e0d7a15a6e6f7b9401246d94c6d
go-realjan-folgada	round_robin	67	none	configs/scenarios/fase1/geo9_google_realjan_folgada.yaml	2026-08-07T15:54:30-03:00	2026-08-07T15:54:31-03:00	1.43	1.29	0.10	37792	0	1	678085	36bfe40eed33c8b8cb491894acd6f63c05c13e0d7a15a6e6f7b9401246d94c6d
go-realjan-folgada	round_robin	68	none	configs/scenarios/fase1/geo9_google_realjan_folgada.yaml	2026-08-07T15:54:30-03:00	2026-08-07T15:54:32-03:00	1.37	1.27	0.10	37780	0	1	678098	36bfe40eed33c8b8cb491894acd6f63c05c13e0d7a15a6e6f7b9401246d94c6d
go-realjan-folgada	round_robin	69	none	configs/scenarios/fase1/geo9_google_realjan_folgada.yaml	2026-08-07T15:54:31-03:00	2026-08-07T15:54:33-03:00	1.45	1.34	0.10	37812	0	1	678131	36bfe40eed33c8b8cb491894acd6f63c05c13e0d7a15a6e6f7b9401246d94c6d
go-realjan-folgada	round_robin	70	none	configs/scenarios/fase1/geo9_google_realjan_folgada.yaml	2026-08-07T15:54:32-03:00	2026-08-07T15:54:33-03:00	1.21	1.10	0.10	37884	0	1	678155	36bfe40eed33c8b8cb491894acd6f63c05c13e0d7a15a6e6f7b9401246d94c6d
go-realjan-folgada	round_robin	71	none	configs/scenarios/fase1/geo9_google_realjan_folgada.yaml	2026-08-07T15:54:33-03:00	2026-08-07T15:54:34-03:00	1.37	1.22	0.10	37816	0	1	678179	36bfe40eed33c8b8cb491894acd6f63c05c13e0d7a15a6e6f7b9401246d94c6d
go-realjan-folgada	worst_fit	52	none	configs/scenarios/fase1/geo9_google_realjan_folgada.yaml	2026-08-07T15:54:07-03:00	2026-08-07T15:54:08-03:00	1.25	1.15	0.10	37856	0	1	677182	36bfe40eed33c8b8cb491894acd6f63c05c13e0d7a15a6e6f7b9401246d94c6d
go-realjan-folgada	worst_fit	53	none	configs/scenarios/fase1/geo9_google_realjan_folgada.yaml	2026-08-07T15:54:07-03:00	2026-08-07T15:54:09-03:00	1.29	1.18	0.09	37900	0	1	677216	36bfe40eed33c8b8cb491894acd6f63c05c13e0d7a15a6e6f7b9401246d94c6d
go-realjan-folgada	worst_fit	54	none	configs/scenarios/fase1/geo9_google_realjan_folgada.yaml	2026-08-07T15:54:08-03:00	2026-08-07T15:54:09-03:00	1.31	1.19	0.09	37856	0	1	677229	36bfe40eed33c8b8cb491894acd6f63c05c13e0d7a15a6e6f7b9401246d94c6d
go-realjan-folgada	worst_fit	55	none	configs/scenarios/fase1/geo9_google_realjan_folgada.yaml	2026-08-07T15:54:09-03:00	2026-08-07T15:54:10-03:00	1.12	1.02	0.09	37852	0	1	677262	36bfe40eed33c8b8cb491894acd6f63c05c13e0d7a15a6e6f7b9401246d94c6d
go-realjan-folgada	worst_fit	56	none	configs/scenarios/fase1/geo9_google_realjan_folgada.yaml	2026-08-07T15:54:09-03:00	2026-08-07T15:54:10-03:00	1.26	1.15	0.10	37812	0	1	677286	36bfe40eed33c8b8cb491894acd6f63c05c13e0d7a15a6e6f7b9401246d94c6d
go-realjan-folgada	worst_fit	57	none	configs/scenarios/fase1/geo9_google_realjan_folgada.yaml	2026-08-07T15:54:10-03:00	2026-08-07T15:54:11-03:00	1.24	1.14	0.09	37756	0	1	677319	36bfe40eed33c8b8cb491894acd6f63c05c13e0d7a15a6e6f7b9401246d94c6d
go-realjan-folgada	worst_fit	58	none	configs/scenarios/fase1/geo9_google_realjan_folgada.yaml	2026-08-07T15:54:10-03:00	2026-08-07T15:54:12-03:00	1.09	0.99	0.09	37792	0	1	677342	36bfe40eed33c8b8cb491894acd6f63c05c13e0d7a15a6e6f7b9401246d94c6d
go-realjan-folgada	worst_fit	59	none	configs/scenarios/fase1/geo9_google_realjan_folgada.yaml	2026-08-07T15:54:11-03:00	2026-08-07T15:54:12-03:00	1.28	1.15	0.11	37828	0	1	677372	36bfe40eed33c8b8cb491894acd6f63c05c13e0d7a15a6e6f7b9401246d94c6d
go-realjan-folgada	worst_fit	60	none	configs/scenarios/fase1/geo9_google_realjan_folgada.yaml	2026-08-07T15:54:12-03:00	2026-08-07T15:54:13-03:00	1.23	1.10	0.11	37876	0	1	677388	36bfe40eed33c8b8cb491894acd6f63c05c13e0d7a15a6e6f7b9401246d94c6d
go-realjan-folgada	worst_fit	61	none	configs/scenarios/fase1/geo9_google_realjan_folgada.yaml	2026-08-07T15:54:12-03:00	2026-08-07T15:54:13-03:00	1.02	0.91	0.10	37824	0	1	677412	36bfe40eed33c8b8cb491894acd6f63c05c13e0d7a15a6e6f7b9401246d94c6d
go-realjan-folgada	worst_fit	62	none	configs/scenarios/fase1/geo9_google_realjan_folgada.yaml	2026-08-07T15:54:13-03:00	2026-08-07T15:54:14-03:00	1.26	1.14	0.11	37900	0	1	677435	36bfe40eed33c8b8cb491894acd6f63c05c13e0d7a15a6e6f7b9401246d94c6d
go-realjan-folgada	worst_fit	63	none	configs/scenarios/fase1/geo9_google_realjan_folgada.yaml	2026-08-07T15:54:13-03:00	2026-08-07T15:54:15-03:00	1.33	1.20	0.11	37884	0	1	677459	36bfe40eed33c8b8cb491894acd6f63c05c13e0d7a15a6e6f7b9401246d94c6d
go-realjan-folgada	worst_fit	64	none	configs/scenarios/fase1/geo9_google_realjan_folgada.yaml	2026-08-07T15:54:14-03:00	2026-08-07T15:54:15-03:00	1.24	1.11	0.10	37820	0	1	677472	36bfe40eed33c8b8cb491894acd6f63c05c13e0d7a15a6e6f7b9401246d94c6d
go-realjan-folgada	worst_fit	65	none	configs/scenarios/fase1/geo9_google_realjan_folgada.yaml	2026-08-07T15:54:15-03:00	2026-08-07T15:54:16-03:00	1.29	1.17	0.10	37812	0	1	677526	36bfe40eed33c8b8cb491894acd6f63c05c13e0d7a15a6e6f7b9401246d94c6d
go-realjan-folgada	worst_fit	66	none	configs/scenarios/fase1/geo9_google_realjan_folgada.yaml	2026-08-07T15:54:15-03:00	2026-08-07T15:54:17-03:00	1.37	1.27	0.10	37820	0	1	677549	36bfe40eed33c8b8cb491894acd6f63c05c13e0d7a15a6e6f7b9401246d94c6d
go-realjan-folgada	worst_fit	67	none	configs/scenarios/fase1/geo9_google_realjan_folgada.yaml	2026-08-07T15:54:16-03:00	2026-08-07T15:54:17-03:00	1.23	1.12	0.09	37964	0	1	677562	36bfe40eed33c8b8cb491894acd6f63c05c13e0d7a15a6e6f7b9401246d94c6d
go-realjan-folgada	worst_fit	68	none	configs/scenarios/fase1/geo9_google_realjan_folgada.yaml	2026-08-07T15:54:17-03:00	2026-08-07T15:54:18-03:00	1.25	1.17	0.08	37740	0	1	677582	36bfe40eed33c8b8cb491894acd6f63c05c13e0d7a15a6e6f7b9401246d94c6d
go-realjan-folgada	worst_fit	69	none	configs/scenarios/fase1/geo9_google_realjan_folgada.yaml	2026-08-07T15:54:17-03:00	2026-08-07T15:54:19-03:00	1.32	1.19	0.09	37776	0	1	677613	36bfe40eed33c8b8cb491894acd6f63c05c13e0d7a15a6e6f7b9401246d94c6d
go-realjan-folgada	worst_fit	70	none	configs/scenarios/fase1/geo9_google_realjan_folgada.yaml	2026-08-07T15:54:18-03:00	2026-08-07T15:54:19-03:00	1.24	1.13	0.09	37796	0	1	677626	36bfe40eed33c8b8cb491894acd6f63c05c13e0d7a15a6e6f7b9401246d94c6d
go-realjan-folgada	worst_fit	71	none	configs/scenarios/fase1/geo9_google_realjan_folgada.yaml	2026-08-07T15:54:19-03:00	2026-08-07T15:54:20-03:00	1.22	1.12	0.09	37848	0	1	677650	36bfe40eed33c8b8cb491894acd6f63c05c13e0d7a15a6e6f7b9401246d94c6d
go-realjan-folgada	wsnb	52	none	configs/scenarios/fase1/geo9_google_realjan_folgada.yaml	2026-08-07T15:55:25-03:00	2026-08-07T15:55:27-03:00	1.39	1.27	0.09	37824	0	1	680312	36bfe40eed33c8b8cb491894acd6f63c05c13e0d7a15a6e6f7b9401246d94c6d
go-realjan-folgada	wsnb	53	none	configs/scenarios/fase1/geo9_google_realjan_folgada.yaml	2026-08-07T15:55:26-03:00	2026-08-07T15:55:27-03:00	1.30	1.19	0.10	37860	0	1	680356	36bfe40eed33c8b8cb491894acd6f63c05c13e0d7a15a6e6f7b9401246d94c6d
go-realjan-folgada	wsnb	54	none	configs/scenarios/fase1/geo9_google_realjan_folgada.yaml	2026-08-07T15:55:27-03:00	2026-08-07T15:55:28-03:00	1.40	1.26	0.13	37828	0	1	680381	36bfe40eed33c8b8cb491894acd6f63c05c13e0d7a15a6e6f7b9401246d94c6d
go-realjan-folgada	wsnb	55	none	configs/scenarios/fase1/geo9_google_realjan_folgada.yaml	2026-08-07T15:55:27-03:00	2026-08-07T15:55:28-03:00	1.35	1.22	0.10	37816	0	1	680404	36bfe40eed33c8b8cb491894acd6f63c05c13e0d7a15a6e6f7b9401246d94c6d
go-realjan-folgada	wsnb	56	none	configs/scenarios/fase1/geo9_google_realjan_folgada.yaml	2026-08-07T15:55:28-03:00	2026-08-07T15:55:29-03:00	1.31	1.20	0.09	37828	0	1	680427	36bfe40eed33c8b8cb491894acd6f63c05c13e0d7a15a6e6f7b9401246d94c6d
go-realjan-folgada	wsnb	57	none	configs/scenarios/fase1/geo9_google_realjan_folgada.yaml	2026-08-07T15:55:28-03:00	2026-08-07T15:55:30-03:00	1.38	1.26	0.11	37824	0	1	680451	36bfe40eed33c8b8cb491894acd6f63c05c13e0d7a15a6e6f7b9401246d94c6d
go-realjan-folgada	wsnb	58	none	configs/scenarios/fase1/geo9_google_realjan_folgada.yaml	2026-08-07T15:55:29-03:00	2026-08-07T15:55:31-03:00	1.34	1.22	0.11	37860	0	1	680474	36bfe40eed33c8b8cb491894acd6f63c05c13e0d7a15a6e6f7b9401246d94c6d
go-realjan-folgada	wsnb	59	none	configs/scenarios/fase1/geo9_google_realjan_folgada.yaml	2026-08-07T15:55:30-03:00	2026-08-07T15:55:31-03:00	1.32	1.21	0.10	37816	0	1	680497	36bfe40eed33c8b8cb491894acd6f63c05c13e0d7a15a6e6f7b9401246d94c6d
go-realjan-folgada	wsnb	60	none	configs/scenarios/fase1/geo9_google_realjan_folgada.yaml	2026-08-07T15:55:31-03:00	2026-08-07T15:55:32-03:00	1.31	1.20	0.10	37816	0	1	680540	36bfe40eed33c8b8cb491894acd6f63c05c13e0d7a15a6e6f7b9401246d94c6d
go-realjan-folgada	wsnb	61	none	configs/scenarios/fase1/geo9_google_realjan_folgada.yaml	2026-08-07T15:55:31-03:00	2026-08-07T15:55:33-03:00	1.30	1.19	0.10	37824	0	1	680563	36bfe40eed33c8b8cb491894acd6f63c05c13e0d7a15a6e6f7b9401246d94c6d
go-realjan-folgada	wsnb	62	none	configs/scenarios/fase1/geo9_google_realjan_folgada.yaml	2026-08-07T15:55:32-03:00	2026-08-07T15:55:33-03:00	1.31	1.19	0.12	37852	0	1	680610	36bfe40eed33c8b8cb491894acd6f63c05c13e0d7a15a6e6f7b9401246d94c6d
go-realjan-folgada	wsnb	63	none	configs/scenarios/fase1/geo9_google_realjan_folgada.yaml	2026-08-07T15:55:33-03:00	2026-08-07T15:55:34-03:00	1.31	1.20	0.10	37872	0	1	680633	36bfe40eed33c8b8cb491894acd6f63c05c13e0d7a15a6e6f7b9401246d94c6d
go-realjan-folgada	wsnb	64	none	configs/scenarios/fase1/geo9_google_realjan_folgada.yaml	2026-08-07T15:55:33-03:00	2026-08-07T15:55:34-03:00	0.97	0.87	0.09	37972	0	1	680662	36bfe40eed33c8b8cb491894acd6f63c05c13e0d7a15a6e6f7b9401246d94c6d
go-realjan-folgada	wsnb	65	none	configs/scenarios/fase1/geo9_google_realjan_folgada.yaml	2026-08-07T15:55:34-03:00	2026-08-07T15:55:35-03:00	1.33	1.21	0.11	37828	0	1	680675	36bfe40eed33c8b8cb491894acd6f63c05c13e0d7a15a6e6f7b9401246d94c6d
go-realjan-folgada	wsnb	66	none	configs/scenarios/fase1/geo9_google_realjan_folgada.yaml	2026-08-07T15:55:34-03:00	2026-08-07T15:55:35-03:00	0.88	0.80	0.07	37756	0	1	680699	36bfe40eed33c8b8cb491894acd6f63c05c13e0d7a15a6e6f7b9401246d94c6d
go-realjan-folgada	wsnb	67	none	configs/scenarios/fase1/geo9_google_realjan_folgada.yaml	2026-08-07T15:55:35-03:00	2026-08-07T15:55:37-03:00	1.37	1.26	0.10	37780	0	1	680732	36bfe40eed33c8b8cb491894acd6f63c05c13e0d7a15a6e6f7b9401246d94c6d
go-realjan-folgada	wsnb	68	none	configs/scenarios/fase1/geo9_google_realjan_folgada.yaml	2026-08-07T15:55:35-03:00	2026-08-07T15:55:37-03:00	1.33	1.24	0.09	37892	0	1	680745	36bfe40eed33c8b8cb491894acd6f63c05c13e0d7a15a6e6f7b9401246d94c6d
go-realjan-folgada	wsnb	69	none	configs/scenarios/fase1/geo9_google_realjan_folgada.yaml	2026-08-07T15:55:37-03:00	2026-08-07T15:55:38-03:00	1.36	1.23	0.12	37744	0	1	680799	36bfe40eed33c8b8cb491894acd6f63c05c13e0d7a15a6e6f7b9401246d94c6d
go-realjan-folgada	wsnb	70	none	configs/scenarios/fase1/geo9_google_realjan_folgada.yaml	2026-08-07T15:55:37-03:00	2026-08-07T15:55:38-03:00	1.34	1.20	0.11	37856	0	1	680812	36bfe40eed33c8b8cb491894acd6f63c05c13e0d7a15a6e6f7b9401246d94c6d
go-realjan-folgada	wsnb	71	none	configs/scenarios/fase1/geo9_google_realjan_folgada.yaml	2026-08-07T15:55:38-03:00	2026-08-07T15:55:39-03:00	0.87	0.77	0.09	37736	0	1	680837	36bfe40eed33c8b8cb491894acd6f63c05c13e0d7a15a6e6f7b9401246d94c6d
go-realjun-alta	best_fit	52	none	configs/scenarios/fase1/geo9_google_realjun_alta.yaml	2026-08-07T14:20:35-03:00	2026-08-07T14:20:54-03:00	19.39	19.03	0.34	94812	0	1	555042	36bfe40eed33c8b8cb491894acd6f63c05c13e0d7a15a6e6f7b9401246d94c6d
go-realjun-alta	best_fit	53	none	configs/scenarios/fase1/geo9_google_realjun_alta.yaml	2026-08-07T14:20:36-03:00	2026-08-07T14:21:00-03:00	24.29	23.84	0.36	96528	0	1	555083	36bfe40eed33c8b8cb491894acd6f63c05c13e0d7a15a6e6f7b9401246d94c6d
go-realjun-alta	best_fit	54	none	configs/scenarios/fase1/geo9_google_realjun_alta.yaml	2026-08-07T14:20:39-03:00	2026-08-07T14:20:58-03:00	19.39	18.99	0.33	96036	0	1	555145	36bfe40eed33c8b8cb491894acd6f63c05c13e0d7a15a6e6f7b9401246d94c6d
go-realjun-alta	best_fit	55	none	configs/scenarios/fase1/geo9_google_realjun_alta.yaml	2026-08-07T14:20:40-03:00	2026-08-07T14:20:54-03:00	14.07	13.77	0.28	95196	0	1	555195	36bfe40eed33c8b8cb491894acd6f63c05c13e0d7a15a6e6f7b9401246d94c6d
go-realjun-alta	best_fit	56	none	configs/scenarios/fase1/geo9_google_realjun_alta.yaml	2026-08-07T14:20:42-03:00	2026-08-07T14:21:10-03:00	28.02	27.62	0.35	95892	0	1	555250	36bfe40eed33c8b8cb491894acd6f63c05c13e0d7a15a6e6f7b9401246d94c6d
go-realjun-alta	best_fit	57	none	configs/scenarios/fase1/geo9_google_realjun_alta.yaml	2026-08-07T14:20:42-03:00	2026-08-07T14:21:08-03:00	25.99	25.61	0.32	95352	0	1	555263	36bfe40eed33c8b8cb491894acd6f63c05c13e0d7a15a6e6f7b9401246d94c6d
go-realjun-alta	best_fit	58	none	configs/scenarios/fase1/geo9_google_realjun_alta.yaml	2026-08-07T14:20:45-03:00	2026-08-07T14:21:09-03:00	24.11	23.72	0.34	95880	0	1	555314	36bfe40eed33c8b8cb491894acd6f63c05c13e0d7a15a6e6f7b9401246d94c6d
go-realjun-alta	best_fit	59	none	configs/scenarios/fase1/geo9_google_realjun_alta.yaml	2026-08-07T14:20:54-03:00	2026-08-07T14:21:10-03:00	16.07	15.70	0.30	97744	0	1	555521	36bfe40eed33c8b8cb491894acd6f63c05c13e0d7a15a6e6f7b9401246d94c6d
go-realjun-alta	best_fit	60	none	configs/scenarios/fase1/geo9_google_realjun_alta.yaml	2026-08-07T14:20:54-03:00	2026-08-07T14:21:08-03:00	13.65	13.26	0.30	94568	0	1	555534	36bfe40eed33c8b8cb491894acd6f63c05c13e0d7a15a6e6f7b9401246d94c6d
go-realjun-alta	best_fit	61	none	configs/scenarios/fase1/geo9_google_realjun_alta.yaml	2026-08-07T14:20:58-03:00	2026-08-07T14:21:14-03:00	15.70	15.31	0.31	95120	0	1	555637	36bfe40eed33c8b8cb491894acd6f63c05c13e0d7a15a6e6f7b9401246d94c6d
go-realjun-alta	best_fit	62	none	configs/scenarios/fase1/geo9_google_realjun_alta.yaml	2026-08-07T14:21:00-03:00	2026-08-07T14:21:23-03:00	23.20	22.82	0.35	96832	0	1	555696	36bfe40eed33c8b8cb491894acd6f63c05c13e0d7a15a6e6f7b9401246d94c6d
go-realjun-alta	best_fit	63	none	configs/scenarios/fase1/geo9_google_realjun_alta.yaml	2026-08-07T14:21:08-03:00	2026-08-07T14:21:30-03:00	22.31	21.90	0.35	96804	0	1	555883	36bfe40eed33c8b8cb491894acd6f63c05c13e0d7a15a6e6f7b9401246d94c6d
go-realjun-alta	best_fit	64	none	configs/scenarios/fase1/geo9_google_realjun_alta.yaml	2026-08-07T14:21:08-03:00	2026-08-07T14:21:27-03:00	18.86	18.53	0.27	94860	0	1	555896	36bfe40eed33c8b8cb491894acd6f63c05c13e0d7a15a6e6f7b9401246d94c6d
go-realjun-alta	best_fit	65	none	configs/scenarios/fase1/geo9_google_realjun_alta.yaml	2026-08-07T14:21:09-03:00	2026-08-07T14:21:33-03:00	24.38	24.05	0.31	95456	0	1	555909	36bfe40eed33c8b8cb491894acd6f63c05c13e0d7a15a6e6f7b9401246d94c6d
go-realjun-alta	best_fit	66	none	configs/scenarios/fase1/geo9_google_realjun_alta.yaml	2026-08-07T14:21:10-03:00	2026-08-07T14:21:26-03:00	15.82	15.47	0.31	96872	0	1	555942	36bfe40eed33c8b8cb491894acd6f63c05c13e0d7a15a6e6f7b9401246d94c6d
go-realjun-alta	best_fit	67	none	configs/scenarios/fase1/geo9_google_realjun_alta.yaml	2026-08-07T14:21:10-03:00	2026-08-07T14:21:34-03:00	23.68	23.05	0.52	93644	0	1	555984	36bfe40eed33c8b8cb491894acd6f63c05c13e0d7a15a6e6f7b9401246d94c6d
go-realjun-alta	best_fit	68	none	configs/scenarios/fase1/geo9_google_realjun_alta.yaml	2026-08-07T14:21:14-03:00	2026-08-07T14:21:35-03:00	21.01	20.61	0.33	95604	0	1	556066	36bfe40eed33c8b8cb491894acd6f63c05c13e0d7a15a6e6f7b9401246d94c6d
go-realjun-alta	best_fit	69	none	configs/scenarios/fase1/geo9_google_realjun_alta.yaml	2026-08-07T14:21:19-03:00	2026-08-07T14:21:34-03:00	14.94	14.57	0.32	95784	0	1	556172	36bfe40eed33c8b8cb491894acd6f63c05c13e0d7a15a6e6f7b9401246d94c6d
go-realjun-alta	best_fit	70	none	configs/scenarios/fase1/geo9_google_realjun_alta.yaml	2026-08-07T14:21:23-03:00	2026-08-07T14:21:35-03:00	12.01	11.66	0.29	94328	0	1	556274	36bfe40eed33c8b8cb491894acd6f63c05c13e0d7a15a6e6f7b9401246d94c6d
go-realjun-alta	best_fit	71	none	configs/scenarios/fase1/geo9_google_realjun_alta.yaml	2026-08-07T14:21:26-03:00	2026-08-07T14:21:45-03:00	18.91	18.56	0.31	95276	0	1	556348	36bfe40eed33c8b8cb491894acd6f63c05c13e0d7a15a6e6f7b9401246d94c6d
go-realjun-alta	bfd	52	none	configs/scenarios/fase1/geo9_google_realjun_alta.yaml	2026-08-07T14:23:55-03:00	2026-08-07T14:24:16-03:00	20.92	20.57	0.33	82448	0	1	560256	36bfe40eed33c8b8cb491894acd6f63c05c13e0d7a15a6e6f7b9401246d94c6d
go-realjun-alta	bfd	53	none	configs/scenarios/fase1/geo9_google_realjun_alta.yaml	2026-08-07T14:23:56-03:00	2026-08-07T14:24:17-03:00	20.78	20.38	0.37	82668	0	1	560308	36bfe40eed33c8b8cb491894acd6f63c05c13e0d7a15a6e6f7b9401246d94c6d
go-realjun-alta	bfd	54	none	configs/scenarios/fase1/geo9_google_realjun_alta.yaml	2026-08-07T14:24:01-03:00	2026-08-07T14:24:20-03:00	19.54	19.12	0.35	87648	0	1	560408	36bfe40eed33c8b8cb491894acd6f63c05c13e0d7a15a6e6f7b9401246d94c6d
go-realjun-alta	bfd	55	none	configs/scenarios/fase1/geo9_google_realjun_alta.yaml	2026-08-07T14:24:10-03:00	2026-08-07T14:24:28-03:00	18.28	17.88	0.33	82920	0	1	560601	36bfe40eed33c8b8cb491894acd6f63c05c13e0d7a15a6e6f7b9401246d94c6d
go-realjun-alta	bfd	56	none	configs/scenarios/fase1/geo9_google_realjun_alta.yaml	2026-08-07T14:24:12-03:00	2026-08-07T14:24:32-03:00	20.44	20.02	0.33	88968	0	1	560650	36bfe40eed33c8b8cb491894acd6f63c05c13e0d7a15a6e6f7b9401246d94c6d
go-realjun-alta	bfd	57	none	configs/scenarios/fase1/geo9_google_realjun_alta.yaml	2026-08-07T14:24:13-03:00	2026-08-07T14:24:32-03:00	18.87	18.48	0.28	87456	0	1	560714	36bfe40eed33c8b8cb491894acd6f63c05c13e0d7a15a6e6f7b9401246d94c6d
go-realjun-alta	bfd	58	none	configs/scenarios/fase1/geo9_google_realjun_alta.yaml	2026-08-07T14:24:13-03:00	2026-08-07T14:24:36-03:00	22.74	22.30	0.33	88556	0	1	560727	36bfe40eed33c8b8cb491894acd6f63c05c13e0d7a15a6e6f7b9401246d94c6d
go-realjun-alta	bfd	59	none	configs/scenarios/fase1/geo9_google_realjun_alta.yaml	2026-08-07T14:24:15-03:00	2026-08-07T14:24:35-03:00	19.98	19.59	0.32	87076	0	1	560768	36bfe40eed33c8b8cb491894acd6f63c05c13e0d7a15a6e6f7b9401246d94c6d
go-realjun-alta	bfd	60	none	configs/scenarios/fase1/geo9_google_realjun_alta.yaml	2026-08-07T14:24:16-03:00	2026-08-07T14:24:33-03:00	16.91	16.53	0.32	86124	0	1	560781	36bfe40eed33c8b8cb491894acd6f63c05c13e0d7a15a6e6f7b9401246d94c6d
go-realjun-alta	bfd	61	none	configs/scenarios/fase1/geo9_google_realjun_alta.yaml	2026-08-07T14:24:17-03:00	2026-08-07T14:24:34-03:00	16.83	16.34	0.44	82884	0	1	560823	36bfe40eed33c8b8cb491894acd6f63c05c13e0d7a15a6e6f7b9401246d94c6d
go-realjun-alta	bfd	62	none	configs/scenarios/fase1/geo9_google_realjun_alta.yaml	2026-08-07T14:24:20-03:00	2026-08-07T14:24:41-03:00	21.15	20.72	0.33	88692	0	1	560890	36bfe40eed33c8b8cb491894acd6f63c05c13e0d7a15a6e6f7b9401246d94c6d
go-realjun-alta	bfd	63	none	configs/scenarios/fase1/geo9_google_realjun_alta.yaml	2026-08-07T14:24:28-03:00	2026-08-07T14:24:46-03:00	17.05	16.67	0.29	87384	0	1	561093	36bfe40eed33c8b8cb491894acd6f63c05c13e0d7a15a6e6f7b9401246d94c6d
go-realjun-alta	bfd	64	none	configs/scenarios/fase1/geo9_google_realjun_alta.yaml	2026-08-07T14:24:32-03:00	2026-08-07T14:24:49-03:00	16.99	16.55	0.31	87848	0	1	561177	36bfe40eed33c8b8cb491894acd6f63c05c13e0d7a15a6e6f7b9401246d94c6d
go-realjun-alta	bfd	65	none	configs/scenarios/fase1/geo9_google_realjun_alta.yaml	2026-08-07T14:24:32-03:00	2026-08-07T14:24:46-03:00	13.93	13.45	0.29	87552	0	1	561190	36bfe40eed33c8b8cb491894acd6f63c05c13e0d7a15a6e6f7b9401246d94c6d
go-realjun-alta	bfd	66	none	configs/scenarios/fase1/geo9_google_realjun_alta.yaml	2026-08-07T14:24:33-03:00	2026-08-07T14:24:51-03:00	17.99	17.54	0.37	87808	0	1	561222	36bfe40eed33c8b8cb491894acd6f63c05c13e0d7a15a6e6f7b9401246d94c6d
go-realjun-alta	bfd	67	none	configs/scenarios/fase1/geo9_google_realjun_alta.yaml	2026-08-07T14:24:34-03:00	2026-08-07T14:24:46-03:00	12.15	11.75	0.35	88808	0	1	561290	36bfe40eed33c8b8cb491894acd6f63c05c13e0d7a15a6e6f7b9401246d94c6d
go-realjun-alta	bfd	68	none	configs/scenarios/fase1/geo9_google_realjun_alta.yaml	2026-08-07T14:24:35-03:00	2026-08-07T14:24:55-03:00	19.98	19.53	0.33	88612	0	1	561323	36bfe40eed33c8b8cb491894acd6f63c05c13e0d7a15a6e6f7b9401246d94c6d
go-realjun-alta	bfd	69	none	configs/scenarios/fase1/geo9_google_realjun_alta.yaml	2026-08-07T14:24:36-03:00	2026-08-07T14:24:55-03:00	18.92	18.54	0.33	89004	0	1	561347	36bfe40eed33c8b8cb491894acd6f63c05c13e0d7a15a6e6f7b9401246d94c6d
go-realjun-alta	bfd	70	none	configs/scenarios/fase1/geo9_google_realjun_alta.yaml	2026-08-07T14:24:41-03:00	2026-08-07T14:25:02-03:00	20.60	20.12	0.32	82528	0	1	561479	36bfe40eed33c8b8cb491894acd6f63c05c13e0d7a15a6e6f7b9401246d94c6d
go-realjun-alta	bfd	71	none	configs/scenarios/fase1/geo9_google_realjun_alta.yaml	2026-08-07T14:24:46-03:00	2026-08-07T14:25:03-03:00	17.11	16.77	0.31	83572	0	1	561576	36bfe40eed33c8b8cb491894acd6f63c05c13e0d7a15a6e6f7b9401246d94c6d
go-realjun-alta	cnemesis	52	cnemesis	configs/scenarios/fase1/geo9_google_realjun_alta.yaml	2026-08-07T15:10:48-03:00	2026-08-07T15:53:27-03:00	2558.63	2550.30	1.49	104496	0	1	621432	36bfe40eed33c8b8cb491894acd6f63c05c13e0d7a15a6e6f7b9401246d94c6d
go-realjun-alta	cnemesis	53	cnemesis	configs/scenarios/fase1/geo9_google_realjun_alta.yaml	2026-08-07T15:11:17-03:00	2026-08-07T15:59:59-03:00	2921.30	2911.00	3.05	104416	0	1	621995	36bfe40eed33c8b8cb491894acd6f63c05c13e0d7a15a6e6f7b9401246d94c6d
go-realjun-alta	cnemesis	54	cnemesis	configs/scenarios/fase1/geo9_google_realjun_alta.yaml	2026-08-07T15:11:49-03:00	2026-08-07T15:35:07-03:00	1398.11	1392.86	1.89	104288	0	1	622695	36bfe40eed33c8b8cb491894acd6f63c05c13e0d7a15a6e6f7b9401246d94c6d
go-realjun-alta	cnemesis	55	cnemesis	configs/scenarios/fase1/geo9_google_realjun_alta.yaml	2026-08-07T15:11:59-03:00	2026-08-07T15:57:30-03:00	2730.30	2721.75	2.16	103776	0	1	622897	36bfe40eed33c8b8cb491894acd6f63c05c13e0d7a15a6e6f7b9401246d94c6d
go-realjun-alta	cnemesis	56	cnemesis	configs/scenarios/fase1/geo9_google_realjun_alta.yaml	2026-08-07T15:12:07-03:00	2026-08-07T15:50:42-03:00	2315.28	2308.22	1.70	105104	0	1	623027	36bfe40eed33c8b8cb491894acd6f63c05c13e0d7a15a6e6f7b9401246d94c6d
go-realjun-alta	cnemesis	57	cnemesis	configs/scenarios/fase1/geo9_google_realjun_alta.yaml	2026-08-07T15:12:18-03:00	2026-08-07T15:39:06-03:00	1608.55	1603.35	0.91	104312	0	1	623261	36bfe40eed33c8b8cb491894acd6f63c05c13e0d7a15a6e6f7b9401246d94c6d
go-realjun-alta	cnemesis	58	cnemesis	configs/scenarios/fase1/geo9_google_realjun_alta.yaml	2026-08-07T15:13:11-03:00	2026-08-07T15:43:15-03:00	1803.94	1797.18	2.24	102548	0	1	624458	36bfe40eed33c8b8cb491894acd6f63c05c13e0d7a15a6e6f7b9401246d94c6d
go-realjun-alta	cnemesis	59	cnemesis	configs/scenarios/fase1/geo9_google_realjun_alta.yaml	2026-08-07T15:13:17-03:00	2026-08-07T15:52:46-03:00	2369.06	2362.26	1.05	103952	0	1	624572	36bfe40eed33c8b8cb491894acd6f63c05c13e0d7a15a6e6f7b9401246d94c6d
go-realjun-alta	cnemesis	60	cnemesis	configs/scenarios/fase1/geo9_google_realjun_alta.yaml	2026-08-07T15:13:29-03:00	2026-08-07T15:56:48-03:00	2599.33	2592.30	1.25	103784	0	1	624822	36bfe40eed33c8b8cb491894acd6f63c05c13e0d7a15a6e6f7b9401246d94c6d
go-realjun-alta	cnemesis	61	cnemesis	configs/scenarios/fase1/geo9_google_realjun_alta.yaml	2026-08-07T15:14:08-03:00	2026-08-07T15:58:29-03:00	2660.96	2654.85	0.61	104628	0	1	625642	36bfe40eed33c8b8cb491894acd6f63c05c13e0d7a15a6e6f7b9401246d94c6d
go-realjun-alta	cnemesis	62	cnemesis	configs/scenarios/fase1/geo9_google_realjun_alta.yaml	2026-08-07T15:14:12-03:00	2026-08-07T15:53:55-03:00	2383.55	2375.58	1.89	105144	0	1	625739	36bfe40eed33c8b8cb491894acd6f63c05c13e0d7a15a6e6f7b9401246d94c6d
go-realjun-alta	cnemesis	63	cnemesis	configs/scenarios/fase1/geo9_google_realjun_alta.yaml	2026-08-07T15:21:28-03:00	2026-08-07T15:52:39-03:00	1870.63	1864.13	2.10	104136	0	1	635015	36bfe40eed33c8b8cb491894acd6f63c05c13e0d7a15a6e6f7b9401246d94c6d
go-realjun-alta	cnemesis	64	cnemesis	configs/scenarios/fase1/geo9_google_realjun_alta.yaml	2026-08-07T15:22:09-03:00	2026-08-07T16:01:30-03:00	2360.31	2352.63	1.63	104764	0	1	635845	36bfe40eed33c8b8cb491894acd6f63c05c13e0d7a15a6e6f7b9401246d94c6d
go-realjun-alta	cnemesis	65	cnemesis	configs/scenarios/fase1/geo9_google_realjun_alta.yaml	2026-08-07T15:26:26-03:00	2026-08-07T15:58:24-03:00	1917.51	1911.50	1.85	103320	0	1	641298	36bfe40eed33c8b8cb491894acd6f63c05c13e0d7a15a6e6f7b9401246d94c6d
go-realjun-alta	cnemesis	66	cnemesis	configs/scenarios/fase1/geo9_google_realjun_alta.yaml	2026-08-07T15:35:07-03:00	2026-08-07T16:16:06-03:00	2458.96	2451.55	1.37	103936	0	1	652354	36bfe40eed33c8b8cb491894acd6f63c05c13e0d7a15a6e6f7b9401246d94c6d
go-realjun-alta	cnemesis	67	cnemesis	configs/scenarios/fase1/geo9_google_realjun_alta.yaml	2026-08-07T15:39:06-03:00	2026-08-07T16:15:46-03:00	2200.27	2193.70	1.09	106172	0	1	657414	36bfe40eed33c8b8cb491894acd6f63c05c13e0d7a15a6e6f7b9401246d94c6d
go-realjun-alta	cnemesis	68	cnemesis	configs/scenarios/fase1/geo9_google_realjun_alta.yaml	2026-08-07T15:43:15-03:00	2026-08-07T16:18:11-03:00	2096.33	2087.29	3.54	104928	0	1	662749	36bfe40eed33c8b8cb491894acd6f63c05c13e0d7a15a6e6f7b9401246d94c6d
go-realjun-alta	cnemesis	69	cnemesis	configs/scenarios/fase1/geo9_google_realjun_alta.yaml	2026-08-07T15:50:42-03:00	2026-08-07T16:32:09-03:00	2487.10	2478.18	2.83	105828	0	1	672340	36bfe40eed33c8b8cb491894acd6f63c05c13e0d7a15a6e6f7b9401246d94c6d
go-realjun-alta	cnemesis	70	cnemesis	configs/scenarios/fase1/geo9_google_realjun_alta.yaml	2026-08-07T15:52:39-03:00	2026-08-07T16:21:51-03:00	1751.99	1746.56	1.02	105440	0	1	674872	36bfe40eed33c8b8cb491894acd6f63c05c13e0d7a15a6e6f7b9401246d94c6d
go-realjun-alta	cnemesis	71	cnemesis	configs/scenarios/fase1/geo9_google_realjun_alta.yaml	2026-08-07T15:52:46-03:00	2026-08-07T16:35:21-03:00	2555.21	2549.34	0.78	103980	0	1	675021	36bfe40eed33c8b8cb491894acd6f63c05c13e0d7a15a6e6f7b9401246d94c6d
go-realjun-alta	ffd	52	none	configs/scenarios/fase1/geo9_google_realjun_alta.yaml	2026-08-07T14:23:07-03:00	2026-08-07T14:23:26-03:00	19.73	19.39	0.33	90584	0	1	559013	36bfe40eed33c8b8cb491894acd6f63c05c13e0d7a15a6e6f7b9401246d94c6d
go-realjun-alta	ffd	53	none	configs/scenarios/fase1/geo9_google_realjun_alta.yaml	2026-08-07T14:23:09-03:00	2026-08-07T14:23:22-03:00	12.07	11.69	0.31	90680	0	1	559088	36bfe40eed33c8b8cb491894acd6f63c05c13e0d7a15a6e6f7b9401246d94c6d
go-realjun-alta	ffd	54	none	configs/scenarios/fase1/geo9_google_realjun_alta.yaml	2026-08-07T14:23:10-03:00	2026-08-07T14:23:31-03:00	20.99	20.58	0.37	91528	0	1	559101	36bfe40eed33c8b8cb491894acd6f63c05c13e0d7a15a6e6f7b9401246d94c6d
go-realjun-alta	ffd	55	none	configs/scenarios/fase1/geo9_google_realjun_alta.yaml	2026-08-07T14:23:14-03:00	2026-08-07T14:23:34-03:00	19.88	19.53	0.31	90108	0	1	559211	36bfe40eed33c8b8cb491894acd6f63c05c13e0d7a15a6e6f7b9401246d94c6d
go-realjun-alta	ffd	56	none	configs/scenarios/fase1/geo9_google_realjun_alta.yaml	2026-08-07T14:23:15-03:00	2026-08-07T14:23:37-03:00	21.61	21.20	0.35	93856	0	1	559245	36bfe40eed33c8b8cb491894acd6f63c05c13e0d7a15a6e6f7b9401246d94c6d
go-realjun-alta	ffd	57	none	configs/scenarios/fase1/geo9_google_realjun_alta.yaml	2026-08-07T14:23:16-03:00	2026-08-07T14:23:32-03:00	16.44	16.04	0.33	89988	0	1	559258	36bfe40eed33c8b8cb491894acd6f63c05c13e0d7a15a6e6f7b9401246d94c6d
go-realjun-alta	ffd	58	none	configs/scenarios/fase1/geo9_google_realjun_alta.yaml	2026-08-07T14:23:22-03:00	2026-08-07T14:23:40-03:00	18.20	17.60	0.54	92336	0	1	559392	36bfe40eed33c8b8cb491894acd6f63c05c13e0d7a15a6e6f7b9401246d94c6d
go-realjun-alta	ffd	59	none	configs/scenarios/fase1/geo9_google_realjun_alta.yaml	2026-08-07T14:23:23-03:00	2026-08-07T14:23:47-03:00	23.31	22.97	0.33	91940	0	1	559432	36bfe40eed33c8b8cb491894acd6f63c05c13e0d7a15a6e6f7b9401246d94c6d
go-realjun-alta	ffd	60	none	configs/scenarios/fase1/geo9_google_realjun_alta.yaml	2026-08-07T14:23:26-03:00	2026-08-07T14:23:48-03:00	21.79	21.32	0.33	90620	0	1	559514	36bfe40eed33c8b8cb491894acd6f63c05c13e0d7a15a6e6f7b9401246d94c6d
go-realjun-alta	ffd	61	none	configs/scenarios/fase1/geo9_google_realjun_alta.yaml	2026-08-07T14:23:30-03:00	2026-08-07T14:23:51-03:00	21.55	21.15	0.30	91540	0	1	559601	36bfe40eed33c8b8cb491894acd6f63c05c13e0d7a15a6e6f7b9401246d94c6d
go-realjun-alta	ffd	62	none	configs/scenarios/fase1/geo9_google_realjun_alta.yaml	2026-08-07T14:23:31-03:00	2026-08-07T14:23:56-03:00	25.43	25.01	0.35	93292	0	1	559633	36bfe40eed33c8b8cb491894acd6f63c05c13e0d7a15a6e6f7b9401246d94c6d
go-realjun-alta	ffd	63	none	configs/scenarios/fase1/geo9_google_realjun_alta.yaml	2026-08-07T14:23:32-03:00	2026-08-07T14:23:55-03:00	22.27	21.82	0.34	91888	0	1	559696	36bfe40eed33c8b8cb491894acd6f63c05c13e0d7a15a6e6f7b9401246d94c6d
go-realjun-alta	ffd	64	none	configs/scenarios/fase1/geo9_google_realjun_alta.yaml	2026-08-07T14:23:34-03:00	2026-08-07T14:23:50-03:00	16.15	15.71	0.34	91632	0	1	559735	36bfe40eed33c8b8cb491894acd6f63c05c13e0d7a15a6e6f7b9401246d94c6d
go-realjun-alta	ffd	65	none	configs/scenarios/fase1/geo9_google_realjun_alta.yaml	2026-08-07T14:23:37-03:00	2026-08-07T14:24:01-03:00	23.81	23.41	0.34	91312	0	1	559816	36bfe40eed33c8b8cb491894acd6f63c05c13e0d7a15a6e6f7b9401246d94c6d
go-realjun-alta	ffd	66	none	configs/scenarios/fase1/geo9_google_realjun_alta.yaml	2026-08-07T14:23:40-03:00	2026-08-07T14:23:53-03:00	13.38	13.05	0.30	92532	0	1	559878	36bfe40eed33c8b8cb491894acd6f63c05c13e0d7a15a6e6f7b9401246d94c6d
go-realjun-alta	ffd	67	none	configs/scenarios/fase1/geo9_google_realjun_alta.yaml	2026-08-07T14:23:47-03:00	2026-08-07T14:24:10-03:00	23.57	23.23	0.31	90816	0	1	560023	36bfe40eed33c8b8cb491894acd6f63c05c13e0d7a15a6e6f7b9401246d94c6d
go-realjun-alta	ffd	68	none	configs/scenarios/fase1/geo9_google_realjun_alta.yaml	2026-08-07T14:23:48-03:00	2026-08-07T14:24:13-03:00	24.94	24.31	0.57	92644	0	1	560085	36bfe40eed33c8b8cb491894acd6f63c05c13e0d7a15a6e6f7b9401246d94c6d
go-realjun-alta	ffd	69	none	configs/scenarios/fase1/geo9_google_realjun_alta.yaml	2026-08-07T14:23:50-03:00	2026-08-07T14:24:12-03:00	21.25	20.89	0.35	93356	0	1	560136	36bfe40eed33c8b8cb491894acd6f63c05c13e0d7a15a6e6f7b9401246d94c6d
go-realjun-alta	ffd	70	none	configs/scenarios/fase1/geo9_google_realjun_alta.yaml	2026-08-07T14:23:51-03:00	2026-08-07T14:24:13-03:00	22.10	21.67	0.34	89360	0	1	560160	36bfe40eed33c8b8cb491894acd6f63c05c13e0d7a15a6e6f7b9401246d94c6d
go-realjun-alta	ffd	71	none	configs/scenarios/fase1/geo9_google_realjun_alta.yaml	2026-08-07T14:23:53-03:00	2026-08-07T14:24:15-03:00	22.14	21.67	0.33	91624	0	1	560223	36bfe40eed33c8b8cb491894acd6f63c05c13e0d7a15a6e6f7b9401246d94c6d
go-realjun-alta	first_fit	52	none	configs/scenarios/fase1/geo9_google_realjun_alta.yaml	2026-08-07T14:19:12-03:00	2026-08-07T14:19:37-03:00	24.45	24.02	0.33	94740	0	1	552967	36bfe40eed33c8b8cb491894acd6f63c05c13e0d7a15a6e6f7b9401246d94c6d
go-realjun-alta	first_fit	53	none	configs/scenarios/fase1/geo9_google_realjun_alta.yaml	2026-08-07T14:19:13-03:00	2026-08-07T14:19:28-03:00	14.95	14.62	0.31	91828	0	1	552980	36bfe40eed33c8b8cb491894acd6f63c05c13e0d7a15a6e6f7b9401246d94c6d
go-realjun-alta	first_fit	54	none	configs/scenarios/fase1/geo9_google_realjun_alta.yaml	2026-08-07T14:19:13-03:00	2026-08-07T14:19:27-03:00	13.79	13.49	0.29	92832	0	1	553004	36bfe40eed33c8b8cb491894acd6f63c05c13e0d7a15a6e6f7b9401246d94c6d
go-realjun-alta	first_fit	55	none	configs/scenarios/fase1/geo9_google_realjun_alta.yaml	2026-08-07T14:19:13-03:00	2026-08-07T14:19:38-03:00	24.16	23.65	0.36	94332	0	1	553039	36bfe40eed33c8b8cb491894acd6f63c05c13e0d7a15a6e6f7b9401246d94c6d
go-realjun-alta	first_fit	56	none	configs/scenarios/fase1/geo9_google_realjun_alta.yaml	2026-08-07T14:19:27-03:00	2026-08-07T14:19:53-03:00	26.16	25.78	0.35	93196	0	1	553317	36bfe40eed33c8b8cb491894acd6f63c05c13e0d7a15a6e6f7b9401246d94c6d
go-realjun-alta	first_fit	57	none	configs/scenarios/fase1/geo9_google_realjun_alta.yaml	2026-08-07T14:19:28-03:00	2026-08-07T14:19:43-03:00	15.66	15.35	0.26	93876	0	1	553340	36bfe40eed33c8b8cb491894acd6f63c05c13e0d7a15a6e6f7b9401246d94c6d
go-realjun-alta	first_fit	58	none	configs/scenarios/fase1/geo9_google_realjun_alta.yaml	2026-08-07T14:19:37-03:00	2026-08-07T14:20:01-03:00	24.15	23.77	0.35	92996	0	1	553582	36bfe40eed33c8b8cb491894acd6f63c05c13e0d7a15a6e6f7b9401246d94c6d
go-realjun-alta	first_fit	59	none	configs/scenarios/fase1/geo9_google_realjun_alta.yaml	2026-08-07T14:19:38-03:00	2026-08-07T14:19:59-03:00	21.47	21.12	0.34	94064	0	1	553621	36bfe40eed33c8b8cb491894acd6f63c05c13e0d7a15a6e6f7b9401246d94c6d
go-realjun-alta	first_fit	60	none	configs/scenarios/fase1/geo9_google_realjun_alta.yaml	2026-08-07T14:19:43-03:00	2026-08-07T14:20:00-03:00	16.65	16.22	0.34	91480	0	1	553759	36bfe40eed33c8b8cb491894acd6f63c05c13e0d7a15a6e6f7b9401246d94c6d
go-realjun-alta	first_fit	61	none	configs/scenarios/fase1/geo9_google_realjun_alta.yaml	2026-08-07T14:19:53-03:00	2026-08-07T14:20:13-03:00	20.31	19.87	0.35	97272	0	1	553986	36bfe40eed33c8b8cb491894acd6f63c05c13e0d7a15a6e6f7b9401246d94c6d
go-realjun-alta	first_fit	62	none	configs/scenarios/fase1/geo9_google_realjun_alta.yaml	2026-08-07T14:19:59-03:00	2026-08-07T14:20:20-03:00	20.53	20.15	0.31	93184	0	1	554117	36bfe40eed33c8b8cb491894acd6f63c05c13e0d7a15a6e6f7b9401246d94c6d
go-realjun-alta	first_fit	63	none	configs/scenarios/fase1/geo9_google_realjun_alta.yaml	2026-08-07T14:20:00-03:00	2026-08-07T14:20:18-03:00	17.62	17.25	0.31	93272	0	1	554159	36bfe40eed33c8b8cb491894acd6f63c05c13e0d7a15a6e6f7b9401246d94c6d
go-realjun-alta	first_fit	64	none	configs/scenarios/fase1/geo9_google_realjun_alta.yaml	2026-08-07T14:20:01-03:00	2026-08-07T14:20:19-03:00	17.39	17.00	0.32	93500	0	1	554194	36bfe40eed33c8b8cb491894acd6f63c05c13e0d7a15a6e6f7b9401246d94c6d
go-realjun-alta	first_fit	65	none	configs/scenarios/fase1/geo9_google_realjun_alta.yaml	2026-08-07T14:20:02-03:00	2026-08-07T14:20:25-03:00	22.98	22.62	0.32	92208	0	1	554221	36bfe40eed33c8b8cb491894acd6f63c05c13e0d7a15a6e6f7b9401246d94c6d
go-realjun-alta	first_fit	66	none	configs/scenarios/fase1/geo9_google_realjun_alta.yaml	2026-08-07T14:20:13-03:00	2026-08-07T14:20:35-03:00	21.30	20.87	0.36	92856	0	1	554499	36bfe40eed33c8b8cb491894acd6f63c05c13e0d7a15a6e6f7b9401246d94c6d
go-realjun-alta	first_fit	67	none	configs/scenarios/fase1/geo9_google_realjun_alta.yaml	2026-08-07T14:20:18-03:00	2026-08-07T14:20:42-03:00	24.71	24.30	0.32	92540	0	1	554589	36bfe40eed33c8b8cb491894acd6f63c05c13e0d7a15a6e6f7b9401246d94c6d
go-realjun-alta	first_fit	68	none	configs/scenarios/fase1/geo9_google_realjun_alta.yaml	2026-08-07T14:20:19-03:00	2026-08-07T14:20:40-03:00	21.65	21.30	0.30	95188	0	1	554610	36bfe40eed33c8b8cb491894acd6f63c05c13e0d7a15a6e6f7b9401246d94c6d
go-realjun-alta	first_fit	69	none	configs/scenarios/fase1/geo9_google_realjun_alta.yaml	2026-08-07T14:20:20-03:00	2026-08-07T14:20:36-03:00	16.17	15.82	0.28	94988	0	1	554664	36bfe40eed33c8b8cb491894acd6f63c05c13e0d7a15a6e6f7b9401246d94c6d
go-realjun-alta	first_fit	70	none	configs/scenarios/fase1/geo9_google_realjun_alta.yaml	2026-08-07T14:20:25-03:00	2026-08-07T14:20:45-03:00	19.77	19.38	0.31	92684	0	1	554779	36bfe40eed33c8b8cb491894acd6f63c05c13e0d7a15a6e6f7b9401246d94c6d
go-realjun-alta	first_fit	71	none	configs/scenarios/fase1/geo9_google_realjun_alta.yaml	2026-08-07T14:20:26-03:00	2026-08-07T14:20:39-03:00	12.61	12.28	0.28	92116	0	1	554831	36bfe40eed33c8b8cb491894acd6f63c05c13e0d7a15a6e6f7b9401246d94c6d
go-realjun-alta	follow_renewables	52	follow_renewables	configs/scenarios/fase1/geo9_google_realjun_alta.yaml	2026-08-07T14:25:35-03:00	2026-08-07T14:53:29-03:00	1674.32	1667.74	1.91	157876	0	1	562945	36bfe40eed33c8b8cb491894acd6f63c05c13e0d7a15a6e6f7b9401246d94c6d
go-realjun-alta	follow_renewables	53	follow_renewables	configs/scenarios/fase1/geo9_google_realjun_alta.yaml	2026-08-07T14:25:35-03:00	2026-08-07T14:54:23-03:00	1727.07	1721.06	0.93	157552	0	1	562980	36bfe40eed33c8b8cb491894acd6f63c05c13e0d7a15a6e6f7b9401246d94c6d
go-realjun-alta	follow_renewables	54	follow_renewables	configs/scenarios/fase1/geo9_google_realjun_alta.yaml	2026-08-07T14:25:36-03:00	2026-08-07T14:46:45-03:00	1268.32	1262.83	1.59	159012	0	1	562993	36bfe40eed33c8b8cb491894acd6f63c05c13e0d7a15a6e6f7b9401246d94c6d
go-realjun-alta	follow_renewables	55	follow_renewables	configs/scenarios/fase1/geo9_google_realjun_alta.yaml	2026-08-07T14:25:37-03:00	2026-08-07T14:59:05-03:00	2007.58	2000.06	2.23	160708	0	1	563037	36bfe40eed33c8b8cb491894acd6f63c05c13e0d7a15a6e6f7b9401246d94c6d
go-realjun-alta	follow_renewables	56	follow_renewables	configs/scenarios/fase1/geo9_google_realjun_alta.yaml	2026-08-07T14:25:48-03:00	2026-08-07T14:52:03-03:00	1574.99	1570.19	0.73	161792	0	1	563243	36bfe40eed33c8b8cb491894acd6f63c05c13e0d7a15a6e6f7b9401246d94c6d
go-realjun-alta	follow_renewables	57	follow_renewables	configs/scenarios/fase1/geo9_google_realjun_alta.yaml	2026-08-07T14:25:51-03:00	2026-08-07T14:51:44-03:00	1553.25	1547.02	1.47	162796	0	1	563308	36bfe40eed33c8b8cb491894acd6f63c05c13e0d7a15a6e6f7b9401246d94c6d
go-realjun-alta	follow_renewables	58	follow_renewables	configs/scenarios/fase1/geo9_google_realjun_alta.yaml	2026-08-07T14:25:51-03:00	2026-08-07T14:52:57-03:00	1625.74	1620.32	1.59	160676	0	1	563341	36bfe40eed33c8b8cb491894acd6f63c05c13e0d7a15a6e6f7b9401246d94c6d
go-realjun-alta	follow_renewables	59	follow_renewables	configs/scenarios/fase1/geo9_google_realjun_alta.yaml	2026-08-07T14:25:58-03:00	2026-08-07T14:57:36-03:00	1897.46	1889.29	2.45	157392	0	1	563475	36bfe40eed33c8b8cb491894acd6f63c05c13e0d7a15a6e6f7b9401246d94c6d
go-realjun-alta	follow_renewables	60	follow_renewables	configs/scenarios/fase1/geo9_google_realjun_alta.yaml	2026-08-07T14:26:18-03:00	2026-08-07T14:48:42-03:00	1343.87	1338.68	1.77	157624	0	1	563912	36bfe40eed33c8b8cb491894acd6f63c05c13e0d7a15a6e6f7b9401246d94c6d
go-realjun-alta	follow_renewables	61	follow_renewables	configs/scenarios/fase1/geo9_google_realjun_alta.yaml	2026-08-07T14:32:08-03:00	2026-08-07T15:03:14-03:00	1866.14	1859.26	1.40	160352	0	1	571414	36bfe40eed33c8b8cb491894acd6f63c05c13e0d7a15a6e6f7b9401246d94c6d
go-realjun-alta	follow_renewables	62	follow_renewables	configs/scenarios/fase1/geo9_google_realjun_alta.yaml	2026-08-07T14:34:46-03:00	2026-08-07T14:56:55-03:00	1328.96	1324.90	0.81	159880	0	1	574766	36bfe40eed33c8b8cb491894acd6f63c05c13e0d7a15a6e6f7b9401246d94c6d
go-realjun-alta	follow_renewables	63	follow_renewables	configs/scenarios/fase1/geo9_google_realjun_alta.yaml	2026-08-07T14:36:57-03:00	2026-08-07T15:05:00-03:00	1683.15	1676.51	0.97	158688	0	1	577605	36bfe40eed33c8b8cb491894acd6f63c05c13e0d7a15a6e6f7b9401246d94c6d
go-realjun-alta	follow_renewables	64	follow_renewables	configs/scenarios/fase1/geo9_google_realjun_alta.yaml	2026-08-07T14:39:40-03:00	2026-08-07T15:05:03-03:00	1522.66	1516.24	1.34	157752	0	1	581121	36bfe40eed33c8b8cb491894acd6f63c05c13e0d7a15a6e6f7b9401246d94c6d
go-realjun-alta	follow_renewables	65	follow_renewables	configs/scenarios/fase1/geo9_google_realjun_alta.yaml	2026-08-07T14:40:06-03:00	2026-08-07T15:06:36-03:00	1590.16	1581.83	3.28	154876	0	1	581634	36bfe40eed33c8b8cb491894acd6f63c05c13e0d7a15a6e6f7b9401246d94c6d
go-realjun-alta	follow_renewables	66	follow_renewables	configs/scenarios/fase1/geo9_google_realjun_alta.yaml	2026-08-07T14:46:45-03:00	2026-08-07T15:12:18-03:00	1532.65	1525.99	2.46	158492	0	1	590172	36bfe40eed33c8b8cb491894acd6f63c05c13e0d7a15a6e6f7b9401246d94c6d
go-realjun-alta	follow_renewables	67	follow_renewables	configs/scenarios/fase1/geo9_google_realjun_alta.yaml	2026-08-07T14:48:42-03:00	2026-08-07T15:11:17-03:00	1355.16	1350.09	1.31	159820	0	1	592691	36bfe40eed33c8b8cb491894acd6f63c05c13e0d7a15a6e6f7b9401246d94c6d
go-realjun-alta	follow_renewables	68	follow_renewables	configs/scenarios/fase1/geo9_google_realjun_alta.yaml	2026-08-07T14:51:44-03:00	2026-08-07T15:22:09-03:00	1825.62	1818.98	1.07	156364	0	1	596525	36bfe40eed33c8b8cb491894acd6f63c05c13e0d7a15a6e6f7b9401246d94c6d
go-realjun-alta	follow_renewables	69	follow_renewables	configs/scenarios/fase1/geo9_google_realjun_alta.yaml	2026-08-07T14:52:03-03:00	2026-08-07T15:26:26-03:00	2063.29	2056.02	1.43	158840	0	1	596885	36bfe40eed33c8b8cb491894acd6f63c05c13e0d7a15a6e6f7b9401246d94c6d
go-realjun-alta	follow_renewables	70	follow_renewables	configs/scenarios/fase1/geo9_google_realjun_alta.yaml	2026-08-07T14:52:57-03:00	2026-08-07T15:21:28-03:00	1711.07	1704.27	1.41	158124	0	1	598074	36bfe40eed33c8b8cb491894acd6f63c05c13e0d7a15a6e6f7b9401246d94c6d
go-realjun-alta	follow_renewables	71	follow_renewables	configs/scenarios/fase1/geo9_google_realjun_alta.yaml	2026-08-07T14:53:29-03:00	2026-08-07T15:14:08-03:00	1238.70	1234.01	0.82	160632	0	1	598754	36bfe40eed33c8b8cb491894acd6f63c05c13e0d7a15a6e6f7b9401246d94c6d
go-realjun-alta	followme_s	52	followme_s	configs/scenarios/fase1/geo9_google_realjun_alta.yaml	2026-08-07T14:58:27-03:00	2026-08-07T15:02:22-03:00	234.36	233.10	0.52	108472	0	1	605338	36bfe40eed33c8b8cb491894acd6f63c05c13e0d7a15a6e6f7b9401246d94c6d
go-realjun-alta	followme_s	53	followme_s	configs/scenarios/fase1/geo9_google_realjun_alta.yaml	2026-08-07T14:58:44-03:00	2026-08-07T15:02:01-03:00	196.89	195.78	0.51	107432	0	1	605740	36bfe40eed33c8b8cb491894acd6f63c05c13e0d7a15a6e6f7b9401246d94c6d
go-realjun-alta	followme_s	54	followme_s	configs/scenarios/fase1/geo9_google_realjun_alta.yaml	2026-08-07T14:58:48-03:00	2026-08-07T15:04:44-03:00	355.89	354.10	0.55	108988	0	1	605815	36bfe40eed33c8b8cb491894acd6f63c05c13e0d7a15a6e6f7b9401246d94c6d
go-realjun-alta	followme_s	55	followme_s	configs/scenarios/fase1/geo9_google_realjun_alta.yaml	2026-08-07T14:59:05-03:00	2026-08-07T15:03:21-03:00	256.23	254.87	0.63	108256	0	1	606196	36bfe40eed33c8b8cb491894acd6f63c05c13e0d7a15a6e6f7b9401246d94c6d
go-realjun-alta	followme_s	56	followme_s	configs/scenarios/fase1/geo9_google_realjun_alta.yaml	2026-08-07T15:02:01-03:00	2026-08-07T15:07:03-03:00	302.06	300.34	0.53	108660	0	1	610063	36bfe40eed33c8b8cb491894acd6f63c05c13e0d7a15a6e6f7b9401246d94c6d
go-realjun-alta	followme_s	57	followme_s	configs/scenarios/fase1/geo9_google_realjun_alta.yaml	2026-08-07T15:02:22-03:00	2026-08-07T15:08:52-03:00	390.19	388.43	0.67	107872	0	1	610540	36bfe40eed33c8b8cb491894acd6f63c05c13e0d7a15a6e6f7b9401246d94c6d
go-realjun-alta	followme_s	58	followme_s	configs/scenarios/fase1/geo9_google_realjun_alta.yaml	2026-08-07T15:03:14-03:00	2026-08-07T15:07:23-03:00	248.93	247.19	1.01	107308	0	1	611651	36bfe40eed33c8b8cb491894acd6f63c05c13e0d7a15a6e6f7b9401246d94c6d
go-realjun-alta	followme_s	59	followme_s	configs/scenarios/fase1/geo9_google_realjun_alta.yaml	2026-08-07T15:03:21-03:00	2026-08-07T15:07:45-03:00	264.12	262.77	0.52	107732	0	1	611777	36bfe40eed33c8b8cb491894acd6f63c05c13e0d7a15a6e6f7b9401246d94c6d
go-realjun-alta	followme_s	60	followme_s	configs/scenarios/fase1/geo9_google_realjun_alta.yaml	2026-08-07T15:04:44-03:00	2026-08-07T15:09:52-03:00	308.83	307.05	1.08	107160	0	1	613492	36bfe40eed33c8b8cb491894acd6f63c05c13e0d7a15a6e6f7b9401246d94c6d
go-realjun-alta	followme_s	61	followme_s	configs/scenarios/fase1/geo9_google_realjun_alta.yaml	2026-08-07T15:05:00-03:00	2026-08-07T15:10:16-03:00	315.30	313.73	0.66	110000	0	1	613861	36bfe40eed33c8b8cb491894acd6f63c05c13e0d7a15a6e6f7b9401246d94c6d
go-realjun-alta	followme_s	62	followme_s	configs/scenarios/fase1/geo9_google_realjun_alta.yaml	2026-08-07T15:05:03-03:00	2026-08-07T15:11:49-03:00	406.33	403.67	1.34	109100	0	1	613932	36bfe40eed33c8b8cb491894acd6f63c05c13e0d7a15a6e6f7b9401246d94c6d
go-realjun-alta	followme_s	63	followme_s	configs/scenarios/fase1/geo9_google_realjun_alta.yaml	2026-08-07T15:06:36-03:00	2026-08-07T15:08:59-03:00	143.10	142.35	0.50	108840	0	1	615879	36bfe40eed33c8b8cb491894acd6f63c05c13e0d7a15a6e6f7b9401246d94c6d
go-realjun-alta	followme_s	64	followme_s	configs/scenarios/fase1/geo9_google_realjun_alta.yaml	2026-08-07T15:07:03-03:00	2026-08-07T15:09:40-03:00	156.68	155.46	0.49	108672	0	1	616449	36bfe40eed33c8b8cb491894acd6f63c05c13e0d7a15a6e6f7b9401246d94c6d
go-realjun-alta	followme_s	65	followme_s	configs/scenarios/fase1/geo9_google_realjun_alta.yaml	2026-08-07T15:07:23-03:00	2026-08-07T15:11:59-03:00	276.44	275.00	0.47	106880	0	1	617028	36bfe40eed33c8b8cb491894acd6f63c05c13e0d7a15a6e6f7b9401246d94c6d
go-realjun-alta	followme_s	66	followme_s	configs/scenarios/fase1/geo9_google_realjun_alta.yaml	2026-08-07T15:07:45-03:00	2026-08-07T15:12:07-03:00	261.30	260.24	0.50	109628	0	1	617530	36bfe40eed33c8b8cb491894acd6f63c05c13e0d7a15a6e6f7b9401246d94c6d
go-realjun-alta	followme_s	67	followme_s	configs/scenarios/fase1/geo9_google_realjun_alta.yaml	2026-08-07T15:08:52-03:00	2026-08-07T15:10:48-03:00	116.10	115.30	0.48	108688	0	1	618897	36bfe40eed33c8b8cb491894acd6f63c05c13e0d7a15a6e6f7b9401246d94c6d
go-realjun-alta	followme_s	68	followme_s	configs/scenarios/fase1/geo9_google_realjun_alta.yaml	2026-08-07T15:08:59-03:00	2026-08-07T15:14:12-03:00	312.31	310.88	0.98	109156	0	1	619054	36bfe40eed33c8b8cb491894acd6f63c05c13e0d7a15a6e6f7b9401246d94c6d
go-realjun-alta	followme_s	69	followme_s	configs/scenarios/fase1/geo9_google_realjun_alta.yaml	2026-08-07T15:09:40-03:00	2026-08-07T15:13:17-03:00	217.07	215.46	0.91	108736	0	1	619898	36bfe40eed33c8b8cb491894acd6f63c05c13e0d7a15a6e6f7b9401246d94c6d
go-realjun-alta	followme_s	70	followme_s	configs/scenarios/fase1/geo9_google_realjun_alta.yaml	2026-08-07T15:09:52-03:00	2026-08-07T15:13:29-03:00	216.43	215.31	0.55	109732	0	1	620206	36bfe40eed33c8b8cb491894acd6f63c05c13e0d7a15a6e6f7b9401246d94c6d
go-realjun-alta	followme_s	71	followme_s	configs/scenarios/fase1/geo9_google_realjun_alta.yaml	2026-08-07T15:10:16-03:00	2026-08-07T15:13:11-03:00	175.19	173.39	1.12	109284	0	1	620689	36bfe40eed33c8b8cb491894acd6f63c05c13e0d7a15a6e6f7b9401246d94c6d
go-realjun-alta	lowest_carbon_dc	52	none	configs/scenarios/fase1/geo9_google_realjun_alta.yaml	2026-08-07T14:24:46-03:00	2026-08-07T14:25:09-03:00	22.62	22.03	0.40	94896	0	1	561600	36bfe40eed33c8b8cb491894acd6f63c05c13e0d7a15a6e6f7b9401246d94c6d
go-realjun-alta	lowest_carbon_dc	53	none	configs/scenarios/fase1/geo9_google_realjun_alta.yaml	2026-08-07T14:24:46-03:00	2026-08-07T14:25:04-03:00	18.13	17.74	0.31	92712	0	1	561613	36bfe40eed33c8b8cb491894acd6f63c05c13e0d7a15a6e6f7b9401246d94c6d
go-realjun-alta	lowest_carbon_dc	54	none	configs/scenarios/fase1/geo9_google_realjun_alta.yaml	2026-08-07T14:24:49-03:00	2026-08-07T14:25:11-03:00	21.78	21.32	0.32	96684	0	1	561684	36bfe40eed33c8b8cb491894acd6f63c05c13e0d7a15a6e6f7b9401246d94c6d
go-realjun-alta	lowest_carbon_dc	55	none	configs/scenarios/fase1/geo9_google_realjun_alta.yaml	2026-08-07T14:24:51-03:00	2026-08-07T14:25:16-03:00	25.19	24.71	0.33	95680	0	1	561726	36bfe40eed33c8b8cb491894acd6f63c05c13e0d7a15a6e6f7b9401246d94c6d
go-realjun-alta	lowest_carbon_dc	56	none	configs/scenarios/fase1/geo9_google_realjun_alta.yaml	2026-08-07T14:24:55-03:00	2026-08-07T14:25:14-03:00	18.52	18.05	0.33	95368	0	1	561820	36bfe40eed33c8b8cb491894acd6f63c05c13e0d7a15a6e6f7b9401246d94c6d
go-realjun-alta	lowest_carbon_dc	57	none	configs/scenarios/fase1/geo9_google_realjun_alta.yaml	2026-08-07T14:24:55-03:00	2026-08-07T14:25:19-03:00	23.85	23.44	0.31	95784	0	1	561833	36bfe40eed33c8b8cb491894acd6f63c05c13e0d7a15a6e6f7b9401246d94c6d
go-realjun-alta	lowest_carbon_dc	58	none	configs/scenarios/fase1/geo9_google_realjun_alta.yaml	2026-08-07T14:25:02-03:00	2026-08-07T14:25:15-03:00	12.41	12.04	0.30	97056	0	1	562040	36bfe40eed33c8b8cb491894acd6f63c05c13e0d7a15a6e6f7b9401246d94c6d
go-realjun-alta	lowest_carbon_dc	59	none	configs/scenarios/fase1/geo9_google_realjun_alta.yaml	2026-08-07T14:25:03-03:00	2026-08-07T14:25:28-03:00	25.49	25.12	0.31	96952	0	1	562067	36bfe40eed33c8b8cb491894acd6f63c05c13e0d7a15a6e6f7b9401246d94c6d
go-realjun-alta	lowest_carbon_dc	60	none	configs/scenarios/fase1/geo9_google_realjun_alta.yaml	2026-08-07T14:25:04-03:00	2026-08-07T14:25:27-03:00	22.98	22.58	0.34	93516	0	1	562129	36bfe40eed33c8b8cb491894acd6f63c05c13e0d7a15a6e6f7b9401246d94c6d
go-realjun-alta	lowest_carbon_dc	61	none	configs/scenarios/fase1/geo9_google_realjun_alta.yaml	2026-08-07T14:25:09-03:00	2026-08-07T14:25:20-03:00	11.11	10.83	0.28	97024	0	1	562241	36bfe40eed33c8b8cb491894acd6f63c05c13e0d7a15a6e6f7b9401246d94c6d
go-realjun-alta	lowest_carbon_dc	62	none	configs/scenarios/fase1/geo9_google_realjun_alta.yaml	2026-08-07T14:25:11-03:00	2026-08-07T14:25:32-03:00	21.21	20.84	0.34	95188	0	1	562284	36bfe40eed33c8b8cb491894acd6f63c05c13e0d7a15a6e6f7b9401246d94c6d
go-realjun-alta	lowest_carbon_dc	63	none	configs/scenarios/fase1/geo9_google_realjun_alta.yaml	2026-08-07T14:25:14-03:00	2026-08-07T14:25:35-03:00	21.89	21.48	0.30	95280	0	1	562354	36bfe40eed33c8b8cb491894acd6f63c05c13e0d7a15a6e6f7b9401246d94c6d
go-realjun-alta	lowest_carbon_dc	64	none	configs/scenarios/fase1/geo9_google_realjun_alta.yaml	2026-08-07T14:25:15-03:00	2026-08-07T14:25:37-03:00	22.59	22.17	0.33	95140	0	1	562398	36bfe40eed33c8b8cb491894acd6f63c05c13e0d7a15a6e6f7b9401246d94c6d
go-realjun-alta	lowest_carbon_dc	65	none	configs/scenarios/fase1/geo9_google_realjun_alta.yaml	2026-08-07T14:25:16-03:00	2026-08-07T14:25:36-03:00	20.71	20.35	0.33	94096	0	1	562411	36bfe40eed33c8b8cb491894acd6f63c05c13e0d7a15a6e6f7b9401246d94c6d
go-realjun-alta	lowest_carbon_dc	66	none	configs/scenarios/fase1/geo9_google_realjun_alta.yaml	2026-08-07T14:25:19-03:00	2026-08-07T14:25:35-03:00	15.32	15.00	0.30	95652	0	1	562511	36bfe40eed33c8b8cb491894acd6f63c05c13e0d7a15a6e6f7b9401246d94c6d
go-realjun-alta	lowest_carbon_dc	67	none	configs/scenarios/fase1/geo9_google_realjun_alta.yaml	2026-08-07T14:25:20-03:00	2026-08-07T14:25:31-03:00	11.36	11.07	0.27	95336	0	1	562524	36bfe40eed33c8b8cb491894acd6f63c05c13e0d7a15a6e6f7b9401246d94c6d
go-realjun-alta	lowest_carbon_dc	68	none	configs/scenarios/fase1/geo9_google_realjun_alta.yaml	2026-08-07T14:25:27-03:00	2026-08-07T14:25:51-03:00	23.25	22.86	0.35	95140	0	1	562695	36bfe40eed33c8b8cb491894acd6f63c05c13e0d7a15a6e6f7b9401246d94c6d
go-realjun-alta	lowest_carbon_dc	69	none	configs/scenarios/fase1/geo9_google_realjun_alta.yaml	2026-08-07T14:25:28-03:00	2026-08-07T14:25:48-03:00	19.62	19.23	0.33	93024	0	1	562727	36bfe40eed33c8b8cb491894acd6f63c05c13e0d7a15a6e6f7b9401246d94c6d
go-realjun-alta	lowest_carbon_dc	70	none	configs/scenarios/fase1/geo9_google_realjun_alta.yaml	2026-08-07T14:25:31-03:00	2026-08-07T14:25:51-03:00	20.01	19.56	0.33	95640	0	1	562814	36bfe40eed33c8b8cb491894acd6f63c05c13e0d7a15a6e6f7b9401246d94c6d
go-realjun-alta	lowest_carbon_dc	71	none	configs/scenarios/fase1/geo9_google_realjun_alta.yaml	2026-08-07T14:25:32-03:00	2026-08-07T14:25:58-03:00	26.12	25.66	0.39	94344	0	1	562837	36bfe40eed33c8b8cb491894acd6f63c05c13e0d7a15a6e6f7b9401246d94c6d
go-realjun-alta	round_robin	52	none	configs/scenarios/fase1/geo9_google_realjun_alta.yaml	2026-08-07T14:22:10-03:00	2026-08-07T14:22:30-03:00	19.97	19.54	0.35	97804	0	1	557520	36bfe40eed33c8b8cb491894acd6f63c05c13e0d7a15a6e6f7b9401246d94c6d
go-realjun-alta	round_robin	53	none	configs/scenarios/fase1/geo9_google_realjun_alta.yaml	2026-08-07T14:22:17-03:00	2026-08-07T14:22:43-03:00	25.49	25.12	0.31	97148	0	1	557724	36bfe40eed33c8b8cb491894acd6f63c05c13e0d7a15a6e6f7b9401246d94c6d
go-realjun-alta	round_robin	54	none	configs/scenarios/fase1/geo9_google_realjun_alta.yaml	2026-08-07T14:22:18-03:00	2026-08-07T14:22:42-03:00	24.20	23.72	0.40	95988	0	1	557753	36bfe40eed33c8b8cb491894acd6f63c05c13e0d7a15a6e6f7b9401246d94c6d
go-realjun-alta	round_robin	55	none	configs/scenarios/fase1/geo9_google_realjun_alta.yaml	2026-08-07T14:22:22-03:00	2026-08-07T14:22:46-03:00	24.91	24.50	0.35	95860	0	1	557835	36bfe40eed33c8b8cb491894acd6f63c05c13e0d7a15a6e6f7b9401246d94c6d
go-realjun-alta	round_robin	56	none	configs/scenarios/fase1/geo9_google_realjun_alta.yaml	2026-08-07T14:22:23-03:00	2026-08-07T14:22:45-03:00	21.94	21.54	0.34	97160	0	1	557880	36bfe40eed33c8b8cb491894acd6f63c05c13e0d7a15a6e6f7b9401246d94c6d
go-realjun-alta	round_robin	57	none	configs/scenarios/fase1/geo9_google_realjun_alta.yaml	2026-08-07T14:22:23-03:00	2026-08-07T14:22:44-03:00	21.02	20.53	0.34	97148	0	1	557893	36bfe40eed33c8b8cb491894acd6f63c05c13e0d7a15a6e6f7b9401246d94c6d
go-realjun-alta	round_robin	58	none	configs/scenarios/fase1/geo9_google_realjun_alta.yaml	2026-08-07T14:22:28-03:00	2026-08-07T14:22:49-03:00	21.44	21.03	0.34	96048	0	1	558015	36bfe40eed33c8b8cb491894acd6f63c05c13e0d7a15a6e6f7b9401246d94c6d
go-realjun-alta	round_robin	59	none	configs/scenarios/fase1/geo9_google_realjun_alta.yaml	2026-08-07T14:22:28-03:00	2026-08-07T14:22:48-03:00	20.05	19.62	0.35	95732	0	1	558028	36bfe40eed33c8b8cb491894acd6f63c05c13e0d7a15a6e6f7b9401246d94c6d
go-realjun-alta	round_robin	60	none	configs/scenarios/fase1/geo9_google_realjun_alta.yaml	2026-08-07T14:22:30-03:00	2026-08-07T14:22:54-03:00	24.21	23.76	0.34	95208	0	1	558081	36bfe40eed33c8b8cb491894acd6f63c05c13e0d7a15a6e6f7b9401246d94c6d
go-realjun-alta	round_robin	61	none	configs/scenarios/fase1/geo9_google_realjun_alta.yaml	2026-08-07T14:22:42-03:00	2026-08-07T14:22:56-03:00	13.29	12.97	0.29	96324	0	1	558361	36bfe40eed33c8b8cb491894acd6f63c05c13e0d7a15a6e6f7b9401246d94c6d
go-realjun-alta	round_robin	62	none	configs/scenarios/fase1/geo9_google_realjun_alta.yaml	2026-08-07T14:22:43-03:00	2026-08-07T14:23:07-03:00	23.65	23.23	0.37	96072	0	1	558386	36bfe40eed33c8b8cb491894acd6f63c05c13e0d7a15a6e6f7b9401246d94c6d
go-realjun-alta	round_robin	63	none	configs/scenarios/fase1/geo9_google_realjun_alta.yaml	2026-08-07T14:22:44-03:00	2026-08-07T14:23:09-03:00	25.16	24.74	0.33	96912	0	1	558423	36bfe40eed33c8b8cb491894acd6f63c05c13e0d7a15a6e6f7b9401246d94c6d
go-realjun-alta	round_robin	64	none	configs/scenarios/fase1/geo9_google_realjun_alta.yaml	2026-08-07T14:22:45-03:00	2026-08-07T14:23:10-03:00	24.80	24.33	0.32	96036	0	1	558457	36bfe40eed33c8b8cb491894acd6f63c05c13e0d7a15a6e6f7b9401246d94c6d
go-realjun-alta	round_robin	65	none	configs/scenarios/fase1/geo9_google_realjun_alta.yaml	2026-08-07T14:22:46-03:00	2026-08-07T14:22:59-03:00	12.65	12.28	0.33	95156	0	1	558522	36bfe40eed33c8b8cb491894acd6f63c05c13e0d7a15a6e6f7b9401246d94c6d
go-realjun-alta	round_robin	66	none	configs/scenarios/fase1/geo9_google_realjun_alta.yaml	2026-08-07T14:22:48-03:00	2026-08-07T14:23:07-03:00	18.45	18.07	0.33	94644	0	1	558553	36bfe40eed33c8b8cb491894acd6f63c05c13e0d7a15a6e6f7b9401246d94c6d
go-realjun-alta	round_robin	67	none	configs/scenarios/fase1/geo9_google_realjun_alta.yaml	2026-08-07T14:22:49-03:00	2026-08-07T14:23:14-03:00	24.82	24.39	0.35	96144	0	1	558597	36bfe40eed33c8b8cb491894acd6f63c05c13e0d7a15a6e6f7b9401246d94c6d
go-realjun-alta	round_robin	68	none	configs/scenarios/fase1/geo9_google_realjun_alta.yaml	2026-08-07T14:22:54-03:00	2026-08-07T14:23:16-03:00	21.48	21.07	0.35	96104	0	1	558702	36bfe40eed33c8b8cb491894acd6f63c05c13e0d7a15a6e6f7b9401246d94c6d
go-realjun-alta	round_robin	69	none	configs/scenarios/fase1/geo9_google_realjun_alta.yaml	2026-08-07T14:22:56-03:00	2026-08-07T14:23:15-03:00	19.51	19.14	0.31	97048	0	1	558745	36bfe40eed33c8b8cb491894acd6f63c05c13e0d7a15a6e6f7b9401246d94c6d
go-realjun-alta	round_robin	70	none	configs/scenarios/fase1/geo9_google_realjun_alta.yaml	2026-08-07T14:22:59-03:00	2026-08-07T14:23:23-03:00	24.08	23.58	0.35	97396	0	1	558838	36bfe40eed33c8b8cb491894acd6f63c05c13e0d7a15a6e6f7b9401246d94c6d
go-realjun-alta	round_robin	71	none	configs/scenarios/fase1/geo9_google_realjun_alta.yaml	2026-08-07T14:23:07-03:00	2026-08-07T14:23:30-03:00	22.98	22.54	0.37	95368	0	1	559000	36bfe40eed33c8b8cb491894acd6f63c05c13e0d7a15a6e6f7b9401246d94c6d
go-realjun-alta	worst_fit	52	none	configs/scenarios/fase1/geo9_google_realjun_alta.yaml	2026-08-07T14:21:27-03:00	2026-08-07T14:21:47-03:00	19.56	19.10	0.34	94788	0	1	556380	36bfe40eed33c8b8cb491894acd6f63c05c13e0d7a15a6e6f7b9401246d94c6d
go-realjun-alta	worst_fit	53	none	configs/scenarios/fase1/geo9_google_realjun_alta.yaml	2026-08-07T14:21:30-03:00	2026-08-07T14:21:52-03:00	21.85	21.42	0.36	95156	0	1	556461	36bfe40eed33c8b8cb491894acd6f63c05c13e0d7a15a6e6f7b9401246d94c6d
go-realjun-alta	worst_fit	54	none	configs/scenarios/fase1/geo9_google_realjun_alta.yaml	2026-08-07T14:21:33-03:00	2026-08-07T14:21:46-03:00	12.44	12.13	0.28	97504	0	1	556533	36bfe40eed33c8b8cb491894acd6f63c05c13e0d7a15a6e6f7b9401246d94c6d
go-realjun-alta	worst_fit	55	none	configs/scenarios/fase1/geo9_google_realjun_alta.yaml	2026-08-07T14:21:34-03:00	2026-08-07T14:21:51-03:00	17.02	16.67	0.30	94896	0	1	556561	36bfe40eed33c8b8cb491894acd6f63c05c13e0d7a15a6e6f7b9401246d94c6d
go-realjun-alta	worst_fit	56	none	configs/scenarios/fase1/geo9_google_realjun_alta.yaml	2026-08-07T14:21:34-03:00	2026-08-07T14:21:48-03:00	14.58	14.19	0.33	95276	0	1	556581	36bfe40eed33c8b8cb491894acd6f63c05c13e0d7a15a6e6f7b9401246d94c6d
go-realjun-alta	worst_fit	57	none	configs/scenarios/fase1/geo9_google_realjun_alta.yaml	2026-08-07T14:21:35-03:00	2026-08-07T14:21:56-03:00	20.52	20.09	0.40	94492	0	1	556617	36bfe40eed33c8b8cb491894acd6f63c05c13e0d7a15a6e6f7b9401246d94c6d
go-realjun-alta	worst_fit	58	none	configs/scenarios/fase1/geo9_google_realjun_alta.yaml	2026-08-07T14:21:35-03:00	2026-08-07T14:21:56-03:00	20.89	20.49	0.33	94844	0	1	556650	36bfe40eed33c8b8cb491894acd6f63c05c13e0d7a15a6e6f7b9401246d94c6d
go-realjun-alta	worst_fit	59	none	configs/scenarios/fase1/geo9_google_realjun_alta.yaml	2026-08-07T14:21:45-03:00	2026-08-07T14:22:04-03:00	19.07	18.70	0.30	95160	0	1	556830	36bfe40eed33c8b8cb491894acd6f63c05c13e0d7a15a6e6f7b9401246d94c6d
go-realjun-alta	worst_fit	60	none	configs/scenarios/fase1/geo9_google_realjun_alta.yaml	2026-08-07T14:21:46-03:00	2026-08-07T14:22:06-03:00	20.54	20.09	0.34	94612	0	1	556884	36bfe40eed33c8b8cb491894acd6f63c05c13e0d7a15a6e6f7b9401246d94c6d
go-realjun-alta	worst_fit	61	none	configs/scenarios/fase1/geo9_google_realjun_alta.yaml	2026-08-07T14:21:47-03:00	2026-08-07T14:22:10-03:00	23.36	22.97	0.32	96656	0	1	556905	36bfe40eed33c8b8cb491894acd6f63c05c13e0d7a15a6e6f7b9401246d94c6d
go-realjun-alta	worst_fit	62	none	configs/scenarios/fase1/geo9_google_realjun_alta.yaml	2026-08-07T14:21:48-03:00	2026-08-07T14:22:08-03:00	19.52	19.21	0.28	97312	0	1	556950	36bfe40eed33c8b8cb491894acd6f63c05c13e0d7a15a6e6f7b9401246d94c6d
go-realjun-alta	worst_fit	63	none	configs/scenarios/fase1/geo9_google_realjun_alta.yaml	2026-08-07T14:21:51-03:00	2026-08-07T14:22:02-03:00	11.40	11.12	0.25	95252	0	1	557019	36bfe40eed33c8b8cb491894acd6f63c05c13e0d7a15a6e6f7b9401246d94c6d
go-realjun-alta	worst_fit	64	none	configs/scenarios/fase1/geo9_google_realjun_alta.yaml	2026-08-07T14:21:52-03:00	2026-08-07T14:22:07-03:00	14.38	14.08	0.29	95072	0	1	557063	36bfe40eed33c8b8cb491894acd6f63c05c13e0d7a15a6e6f7b9401246d94c6d
go-realjun-alta	worst_fit	65	none	configs/scenarios/fase1/geo9_google_realjun_alta.yaml	2026-08-07T14:21:56-03:00	2026-08-07T14:22:18-03:00	22.46	21.92	0.48	95192	0	1	557154	36bfe40eed33c8b8cb491894acd6f63c05c13e0d7a15a6e6f7b9401246d94c6d
go-realjun-alta	worst_fit	66	none	configs/scenarios/fase1/geo9_google_realjun_alta.yaml	2026-08-07T14:21:56-03:00	2026-08-07T14:22:17-03:00	21.16	20.82	0.31	96004	0	1	557177	36bfe40eed33c8b8cb491894acd6f63c05c13e0d7a15a6e6f7b9401246d94c6d
go-realjun-alta	worst_fit	67	none	configs/scenarios/fase1/geo9_google_realjun_alta.yaml	2026-08-07T14:22:02-03:00	2026-08-07T14:22:21-03:00	19.35	18.99	0.30	95500	0	1	557296	36bfe40eed33c8b8cb491894acd6f63c05c13e0d7a15a6e6f7b9401246d94c6d
go-realjun-alta	worst_fit	68	none	configs/scenarios/fase1/geo9_google_realjun_alta.yaml	2026-08-07T14:22:04-03:00	2026-08-07T14:22:23-03:00	19.37	19.05	0.30	96180	0	1	557345	36bfe40eed33c8b8cb491894acd6f63c05c13e0d7a15a6e6f7b9401246d94c6d
go-realjun-alta	worst_fit	69	none	configs/scenarios/fase1/geo9_google_realjun_alta.yaml	2026-08-07T14:22:06-03:00	2026-08-07T14:22:23-03:00	16.77	16.41	0.33	94824	0	1	557408	36bfe40eed33c8b8cb491894acd6f63c05c13e0d7a15a6e6f7b9401246d94c6d
go-realjun-alta	worst_fit	70	none	configs/scenarios/fase1/geo9_google_realjun_alta.yaml	2026-08-07T14:22:07-03:00	2026-08-07T14:22:28-03:00	21.40	21.02	0.34	95540	0	1	557431	36bfe40eed33c8b8cb491894acd6f63c05c13e0d7a15a6e6f7b9401246d94c6d
go-realjun-alta	worst_fit	71	none	configs/scenarios/fase1/geo9_google_realjun_alta.yaml	2026-08-07T14:22:08-03:00	2026-08-07T14:22:28-03:00	19.99	19.57	0.34	95196	0	1	557465	36bfe40eed33c8b8cb491894acd6f63c05c13e0d7a15a6e6f7b9401246d94c6d
go-realjun-alta	wsnb	52	none	configs/scenarios/fase1/geo9_google_realjun_alta.yaml	2026-08-07T14:54:23-03:00	2026-08-07T14:54:46-03:00	22.93	22.41	0.42	93888	0	1	599875	36bfe40eed33c8b8cb491894acd6f63c05c13e0d7a15a6e6f7b9401246d94c6d
go-realjun-alta	wsnb	53	none	configs/scenarios/fase1/geo9_google_realjun_alta.yaml	2026-08-07T14:54:46-03:00	2026-08-07T14:55:02-03:00	16.74	16.32	0.35	93196	0	1	600408	36bfe40eed33c8b8cb491894acd6f63c05c13e0d7a15a6e6f7b9401246d94c6d
go-realjun-alta	wsnb	54	none	configs/scenarios/fase1/geo9_google_realjun_alta.yaml	2026-08-07T14:55:02-03:00	2026-08-07T14:55:18-03:00	15.27	14.89	0.31	93984	0	1	600788	36bfe40eed33c8b8cb491894acd6f63c05c13e0d7a15a6e6f7b9401246d94c6d
go-realjun-alta	wsnb	55	none	configs/scenarios/fase1/geo9_google_realjun_alta.yaml	2026-08-07T14:55:18-03:00	2026-08-07T14:55:39-03:00	21.28	20.75	0.40	93936	0	1	601139	36bfe40eed33c8b8cb491894acd6f63c05c13e0d7a15a6e6f7b9401246d94c6d
go-realjun-alta	wsnb	56	none	configs/scenarios/fase1/geo9_google_realjun_alta.yaml	2026-08-07T14:55:39-03:00	2026-08-07T14:55:55-03:00	16.51	16.12	0.36	95288	0	1	601606	36bfe40eed33c8b8cb491894acd6f63c05c13e0d7a15a6e6f7b9401246d94c6d
go-realjun-alta	wsnb	57	none	configs/scenarios/fase1/geo9_google_realjun_alta.yaml	2026-08-07T14:55:55-03:00	2026-08-07T14:56:23-03:00	27.64	27.16	0.45	95352	0	1	601949	36bfe40eed33c8b8cb491894acd6f63c05c13e0d7a15a6e6f7b9401246d94c6d
go-realjun-alta	wsnb	58	none	configs/scenarios/fase1/geo9_google_realjun_alta.yaml	2026-08-07T14:56:23-03:00	2026-08-07T14:56:44-03:00	21.11	20.57	0.39	93932	0	1	602547	36bfe40eed33c8b8cb491894acd6f63c05c13e0d7a15a6e6f7b9401246d94c6d
go-realjun-alta	wsnb	59	none	configs/scenarios/fase1/geo9_google_realjun_alta.yaml	2026-08-07T14:56:44-03:00	2026-08-07T14:56:59-03:00	14.57	14.24	0.32	94216	0	1	603027	36bfe40eed33c8b8cb491894acd6f63c05c13e0d7a15a6e6f7b9401246d94c6d
go-realjun-alta	wsnb	60	none	configs/scenarios/fase1/geo9_google_realjun_alta.yaml	2026-08-07T14:56:55-03:00	2026-08-07T14:57:21-03:00	25.39	24.67	0.57	90392	0	1	603231	36bfe40eed33c8b8cb491894acd6f63c05c13e0d7a15a6e6f7b9401246d94c6d
go-realjun-alta	wsnb	61	none	configs/scenarios/fase1/geo9_google_realjun_alta.yaml	2026-08-07T14:56:59-03:00	2026-08-07T14:57:10-03:00	11.44	11.04	0.34	95672	0	1	603328	36bfe40eed33c8b8cb491894acd6f63c05c13e0d7a15a6e6f7b9401246d94c6d
go-realjun-alta	wsnb	62	none	configs/scenarios/fase1/geo9_google_realjun_alta.yaml	2026-08-07T14:57:10-03:00	2026-08-07T14:57:35-03:00	24.77	24.29	0.38	93640	0	1	603595	36bfe40eed33c8b8cb491894acd6f63c05c13e0d7a15a6e6f7b9401246d94c6d
go-realjun-alta	wsnb	63	none	configs/scenarios/fase1/geo9_google_realjun_alta.yaml	2026-08-07T14:57:21-03:00	2026-08-07T14:57:42-03:00	20.95	20.48	0.36	93292	0	1	603813	36bfe40eed33c8b8cb491894acd6f63c05c13e0d7a15a6e6f7b9401246d94c6d
go-realjun-alta	wsnb	64	none	configs/scenarios/fase1/geo9_google_realjun_alta.yaml	2026-08-07T14:57:35-03:00	2026-08-07T14:58:02-03:00	26.43	26.00	0.40	93024	0	1	604147	36bfe40eed33c8b8cb491894acd6f63c05c13e0d7a15a6e6f7b9401246d94c6d
go-realjun-alta	wsnb	65	none	configs/scenarios/fase1/geo9_google_realjun_alta.yaml	2026-08-07T14:57:36-03:00	2026-08-07T14:58:02-03:00	25.78	25.32	0.37	94076	0	1	604170	36bfe40eed33c8b8cb491894acd6f63c05c13e0d7a15a6e6f7b9401246d94c6d
go-realjun-alta	wsnb	66	none	configs/scenarios/fase1/geo9_google_realjun_alta.yaml	2026-08-07T14:57:42-03:00	2026-08-07T14:58:03-03:00	21.71	21.23	0.38	92620	0	1	604299	36bfe40eed33c8b8cb491894acd6f63c05c13e0d7a15a6e6f7b9401246d94c6d
go-realjun-alta	wsnb	67	none	configs/scenarios/fase1/geo9_google_realjun_alta.yaml	2026-08-07T14:58:02-03:00	2026-08-07T14:58:23-03:00	21.77	21.38	0.35	93268	0	1	604726	36bfe40eed33c8b8cb491894acd6f63c05c13e0d7a15a6e6f7b9401246d94c6d
go-realjun-alta	wsnb	68	none	configs/scenarios/fase1/geo9_google_realjun_alta.yaml	2026-08-07T14:58:02-03:00	2026-08-07T14:58:18-03:00	16.26	15.86	0.34	94508	0	1	604739	36bfe40eed33c8b8cb491894acd6f63c05c13e0d7a15a6e6f7b9401246d94c6d
go-realjun-alta	wsnb	69	none	configs/scenarios/fase1/geo9_google_realjun_alta.yaml	2026-08-07T14:58:03-03:00	2026-08-07T14:58:27-03:00	23.79	23.35	0.36	94840	0	1	604813	36bfe40eed33c8b8cb491894acd6f63c05c13e0d7a15a6e6f7b9401246d94c6d
go-realjun-alta	wsnb	70	none	configs/scenarios/fase1/geo9_google_realjun_alta.yaml	2026-08-07T14:58:18-03:00	2026-08-07T14:58:44-03:00	26.01	25.51	0.38	93292	0	1	605153	36bfe40eed33c8b8cb491894acd6f63c05c13e0d7a15a6e6f7b9401246d94c6d
go-realjun-alta	wsnb	71	none	configs/scenarios/fase1/geo9_google_realjun_alta.yaml	2026-08-07T14:58:23-03:00	2026-08-07T14:58:48-03:00	24.28	23.68	0.51	93928	0	1	605262	36bfe40eed33c8b8cb491894acd6f63c05c13e0d7a15a6e6f7b9401246d94c6d
go-realjun-folgada	best_fit	52	none	configs/scenarios/geo_9dc_google.yaml	2026-08-07T14:17:46-03:00	2026-08-07T14:17:47-03:00	1.31	1.18	0.10	37968	0	1	548690	36bfe40eed33c8b8cb491894acd6f63c05c13e0d7a15a6e6f7b9401246d94c6d
go-realjun-folgada	best_fit	53	none	configs/scenarios/geo_9dc_google.yaml	2026-08-07T14:17:47-03:00	2026-08-07T14:17:48-03:00	1.25	1.12	0.11	37880	0	1	548703	36bfe40eed33c8b8cb491894acd6f63c05c13e0d7a15a6e6f7b9401246d94c6d
go-realjun-folgada	best_fit	54	none	configs/scenarios/geo_9dc_google.yaml	2026-08-07T14:17:47-03:00	2026-08-07T14:17:48-03:00	1.24	1.12	0.10	37972	0	1	548726	36bfe40eed33c8b8cb491894acd6f63c05c13e0d7a15a6e6f7b9401246d94c6d
go-realjun-folgada	best_fit	55	none	configs/scenarios/geo_9dc_google.yaml	2026-08-07T14:17:48-03:00	2026-08-07T14:17:49-03:00	1.24	1.12	0.11	37756	0	1	548778	36bfe40eed33c8b8cb491894acd6f63c05c13e0d7a15a6e6f7b9401246d94c6d
go-realjun-folgada	best_fit	56	none	configs/scenarios/geo_9dc_google.yaml	2026-08-07T14:17:48-03:00	2026-08-07T14:17:50-03:00	1.36	1.23	0.11	37756	0	1	548791	36bfe40eed33c8b8cb491894acd6f63c05c13e0d7a15a6e6f7b9401246d94c6d
go-realjun-folgada	best_fit	57	none	configs/scenarios/geo_9dc_google.yaml	2026-08-07T14:17:49-03:00	2026-08-07T14:17:51-03:00	1.23	1.13	0.09	37968	0	1	548825	36bfe40eed33c8b8cb491894acd6f63c05c13e0d7a15a6e6f7b9401246d94c6d
go-realjun-folgada	best_fit	58	none	configs/scenarios/geo_9dc_google.yaml	2026-08-07T14:17:50-03:00	2026-08-07T14:17:51-03:00	1.23	1.11	0.10	37876	0	1	548848	36bfe40eed33c8b8cb491894acd6f63c05c13e0d7a15a6e6f7b9401246d94c6d
go-realjun-folgada	best_fit	59	none	configs/scenarios/geo_9dc_google.yaml	2026-08-07T14:17:51-03:00	2026-08-07T14:17:52-03:00	1.36	1.23	0.10	37940	0	1	548861	36bfe40eed33c8b8cb491894acd6f63c05c13e0d7a15a6e6f7b9401246d94c6d
go-realjun-folgada	best_fit	60	none	configs/scenarios/geo_9dc_google.yaml	2026-08-07T14:17:51-03:00	2026-08-07T14:17:52-03:00	1.26	1.14	0.11	37944	0	1	548874	36bfe40eed33c8b8cb491894acd6f63c05c13e0d7a15a6e6f7b9401246d94c6d
go-realjun-folgada	best_fit	61	none	configs/scenarios/geo_9dc_google.yaml	2026-08-07T14:17:52-03:00	2026-08-07T14:17:53-03:00	1.29	1.18	0.09	37828	0	1	548915	36bfe40eed33c8b8cb491894acd6f63c05c13e0d7a15a6e6f7b9401246d94c6d
go-realjun-folgada	best_fit	62	none	configs/scenarios/geo_9dc_google.yaml	2026-08-07T14:17:52-03:00	2026-08-07T14:17:54-03:00	1.32	1.21	0.10	37932	0	1	548928	36bfe40eed33c8b8cb491894acd6f63c05c13e0d7a15a6e6f7b9401246d94c6d
go-realjun-folgada	best_fit	63	none	configs/scenarios/geo_9dc_google.yaml	2026-08-07T14:17:53-03:00	2026-08-07T14:17:55-03:00	1.28	1.17	0.10	37944	0	1	548970	36bfe40eed33c8b8cb491894acd6f63c05c13e0d7a15a6e6f7b9401246d94c6d
go-realjun-folgada	best_fit	64	none	configs/scenarios/geo_9dc_google.yaml	2026-08-07T14:17:54-03:00	2026-08-07T14:17:54-03:00	0.84	0.77	0.07	37896	0	1	548994	36bfe40eed33c8b8cb491894acd6f63c05c13e0d7a15a6e6f7b9401246d94c6d
go-realjun-folgada	best_fit	65	none	configs/scenarios/geo_9dc_google.yaml	2026-08-07T14:17:54-03:00	2026-08-07T14:17:55-03:00	0.89	0.81	0.08	37940	0	1	549014	36bfe40eed33c8b8cb491894acd6f63c05c13e0d7a15a6e6f7b9401246d94c6d
go-realjun-folgada	best_fit	66	none	configs/scenarios/geo_9dc_google.yaml	2026-08-07T14:17:55-03:00	2026-08-07T14:17:56-03:00	1.35	1.23	0.11	37912	0	1	549027	36bfe40eed33c8b8cb491894acd6f63c05c13e0d7a15a6e6f7b9401246d94c6d
go-realjun-folgada	best_fit	67	none	configs/scenarios/geo_9dc_google.yaml	2026-08-07T14:17:55-03:00	2026-08-07T14:17:56-03:00	0.96	0.84	0.10	37676	0	1	549051	36bfe40eed33c8b8cb491894acd6f63c05c13e0d7a15a6e6f7b9401246d94c6d
go-realjun-folgada	best_fit	68	none	configs/scenarios/geo_9dc_google.yaml	2026-08-07T14:17:56-03:00	2026-08-07T14:17:57-03:00	1.21	1.10	0.10	37840	0	1	549080	36bfe40eed33c8b8cb491894acd6f63c05c13e0d7a15a6e6f7b9401246d94c6d
go-realjun-folgada	best_fit	69	none	configs/scenarios/geo_9dc_google.yaml	2026-08-07T14:17:56-03:00	2026-08-07T14:17:57-03:00	1.18	1.06	0.09	37828	0	1	549093	36bfe40eed33c8b8cb491894acd6f63c05c13e0d7a15a6e6f7b9401246d94c6d
go-realjun-folgada	best_fit	70	none	configs/scenarios/geo_9dc_google.yaml	2026-08-07T14:17:57-03:00	2026-08-07T14:17:58-03:00	1.23	1.11	0.10	37872	0	1	549116	36bfe40eed33c8b8cb491894acd6f63c05c13e0d7a15a6e6f7b9401246d94c6d
go-realjun-folgada	best_fit	71	none	configs/scenarios/geo_9dc_google.yaml	2026-08-07T14:17:57-03:00	2026-08-07T14:17:59-03:00	1.35	1.23	0.10	37756	0	1	549139	36bfe40eed33c8b8cb491894acd6f63c05c13e0d7a15a6e6f7b9401246d94c6d
go-realjun-folgada	bfd	52	none	configs/scenarios/geo_9dc_google.yaml	2026-08-07T14:18:28-03:00	2026-08-07T14:18:29-03:00	1.20	1.06	0.12	37772	0	1	550564	36bfe40eed33c8b8cb491894acd6f63c05c13e0d7a15a6e6f7b9401246d94c6d
go-realjun-folgada	bfd	53	none	configs/scenarios/geo_9dc_google.yaml	2026-08-07T14:18:29-03:00	2026-08-07T14:18:30-03:00	0.99	0.89	0.09	37896	0	1	550587	36bfe40eed33c8b8cb491894acd6f63c05c13e0d7a15a6e6f7b9401246d94c6d
go-realjun-folgada	bfd	54	none	configs/scenarios/geo_9dc_google.yaml	2026-08-07T14:18:29-03:00	2026-08-07T14:18:31-03:00	1.26	1.15	0.10	37824	0	1	550600	36bfe40eed33c8b8cb491894acd6f63c05c13e0d7a15a6e6f7b9401246d94c6d
go-realjun-folgada	bfd	55	none	configs/scenarios/geo_9dc_google.yaml	2026-08-07T14:18:30-03:00	2026-08-07T14:18:30-03:00	0.92	0.82	0.09	37804	0	1	550613	36bfe40eed33c8b8cb491894acd6f63c05c13e0d7a15a6e6f7b9401246d94c6d
go-realjun-folgada	bfd	56	none	configs/scenarios/geo_9dc_google.yaml	2026-08-07T14:18:30-03:00	2026-08-07T14:18:31-03:00	1.27	1.12	0.11	37852	0	1	550626	36bfe40eed33c8b8cb491894acd6f63c05c13e0d7a15a6e6f7b9401246d94c6d
go-realjun-folgada	bfd	57	none	configs/scenarios/geo_9dc_google.yaml	2026-08-07T14:18:30-03:00	2026-08-07T14:18:31-03:00	1.03	0.92	0.10	37852	0	1	550671	36bfe40eed33c8b8cb491894acd6f63c05c13e0d7a15a6e6f7b9401246d94c6d
go-realjun-folgada	bfd	58	none	configs/scenarios/geo_9dc_google.yaml	2026-08-07T14:18:31-03:00	2026-08-07T14:18:32-03:00	1.21	1.10	0.10	37820	0	1	550684	36bfe40eed33c8b8cb491894acd6f63c05c13e0d7a15a6e6f7b9401246d94c6d
go-realjun-folgada	bfd	59	none	configs/scenarios/geo_9dc_google.yaml	2026-08-07T14:18:31-03:00	2026-08-07T14:18:32-03:00	0.93	0.84	0.09	37816	0	1	550697	36bfe40eed33c8b8cb491894acd6f63c05c13e0d7a15a6e6f7b9401246d94c6d
go-realjun-folgada	bfd	60	none	configs/scenarios/geo_9dc_google.yaml	2026-08-07T14:18:31-03:00	2026-08-07T14:18:33-03:00	1.22	1.11	0.10	37896	0	1	550710	36bfe40eed33c8b8cb491894acd6f63c05c13e0d7a15a6e6f7b9401246d94c6d
go-realjun-folgada	bfd	61	none	configs/scenarios/geo_9dc_google.yaml	2026-08-07T14:18:32-03:00	2026-08-07T14:18:33-03:00	1.18	1.08	0.09	37868	0	1	550724	36bfe40eed33c8b8cb491894acd6f63c05c13e0d7a15a6e6f7b9401246d94c6d
go-realjun-folgada	bfd	62	none	configs/scenarios/geo_9dc_google.yaml	2026-08-07T14:18:32-03:00	2026-08-07T14:18:33-03:00	0.84	0.75	0.08	37824	0	1	550746	36bfe40eed33c8b8cb491894acd6f63c05c13e0d7a15a6e6f7b9401246d94c6d
go-realjun-folgada	bfd	63	none	configs/scenarios/geo_9dc_google.yaml	2026-08-07T14:18:33-03:00	2026-08-07T14:18:34-03:00	1.42	1.27	0.11	37852	0	1	550779	36bfe40eed33c8b8cb491894acd6f63c05c13e0d7a15a6e6f7b9401246d94c6d
go-realjun-folgada	bfd	64	none	configs/scenarios/geo_9dc_google.yaml	2026-08-07T14:18:33-03:00	2026-08-07T14:18:34-03:00	1.36	1.22	0.12	37708	0	1	550792	36bfe40eed33c8b8cb491894acd6f63c05c13e0d7a15a6e6f7b9401246d94c6d
go-realjun-folgada	bfd	65	none	configs/scenarios/geo_9dc_google.yaml	2026-08-07T14:18:33-03:00	2026-08-07T14:18:34-03:00	0.93	0.80	0.08	37844	0	1	550824	36bfe40eed33c8b8cb491894acd6f63c05c13e0d7a15a6e6f7b9401246d94c6d
go-realjun-folgada	bfd	66	none	configs/scenarios/geo_9dc_google.yaml	2026-08-07T14:18:34-03:00	2026-08-07T14:18:35-03:00	0.84	0.74	0.09	37752	0	1	550855	36bfe40eed33c8b8cb491894acd6f63c05c13e0d7a15a6e6f7b9401246d94c6d
go-realjun-folgada	bfd	67	none	configs/scenarios/geo_9dc_google.yaml	2026-08-07T14:18:34-03:00	2026-08-07T14:18:35-03:00	1.15	1.05	0.09	37828	0	1	550868	36bfe40eed33c8b8cb491894acd6f63c05c13e0d7a15a6e6f7b9401246d94c6d
go-realjun-folgada	bfd	68	none	configs/scenarios/geo_9dc_google.yaml	2026-08-07T14:18:34-03:00	2026-08-07T14:18:36-03:00	1.32	1.18	0.11	37644	0	1	550881	36bfe40eed33c8b8cb491894acd6f63c05c13e0d7a15a6e6f7b9401246d94c6d
go-realjun-folgada	bfd	69	none	configs/scenarios/geo_9dc_google.yaml	2026-08-07T14:18:35-03:00	2026-08-07T14:18:36-03:00	1.27	1.15	0.11	37756	0	1	550914	36bfe40eed33c8b8cb491894acd6f63c05c13e0d7a15a6e6f7b9401246d94c6d
go-realjun-folgada	bfd	70	none	configs/scenarios/geo_9dc_google.yaml	2026-08-07T14:18:35-03:00	2026-08-07T14:18:36-03:00	0.98	0.88	0.08	37824	0	1	550927	36bfe40eed33c8b8cb491894acd6f63c05c13e0d7a15a6e6f7b9401246d94c6d
go-realjun-folgada	bfd	71	none	configs/scenarios/geo_9dc_google.yaml	2026-08-07T14:18:35-03:00	2026-08-07T14:18:37-03:00	1.27	1.12	0.12	37824	0	1	550940	36bfe40eed33c8b8cb491894acd6f63c05c13e0d7a15a6e6f7b9401246d94c6d
go-realjun-folgada	cnemesis	52	cnemesis	configs/scenarios/geo_9dc_google.yaml	2026-08-07T14:19:04-03:00	2026-08-07T14:19:06-03:00	1.52	1.38	0.11	41280	0	1	552566	36bfe40eed33c8b8cb491894acd6f63c05c13e0d7a15a6e6f7b9401246d94c6d
go-realjun-folgada	cnemesis	53	cnemesis	configs/scenarios/geo_9dc_google.yaml	2026-08-07T14:19:05-03:00	2026-08-07T14:19:06-03:00	1.49	1.35	0.13	41916	0	1	552590	36bfe40eed33c8b8cb491894acd6f63c05c13e0d7a15a6e6f7b9401246d94c6d
go-realjun-folgada	cnemesis	54	cnemesis	configs/scenarios/geo_9dc_google.yaml	2026-08-07T14:19:06-03:00	2026-08-07T14:19:07-03:00	1.54	1.40	0.12	41776	0	1	552621	36bfe40eed33c8b8cb491894acd6f63c05c13e0d7a15a6e6f7b9401246d94c6d
go-realjun-folgada	cnemesis	55	cnemesis	configs/scenarios/geo_9dc_google.yaml	2026-08-07T14:19:06-03:00	2026-08-07T14:19:07-03:00	1.43	1.27	0.12	41308	0	1	552634	36bfe40eed33c8b8cb491894acd6f63c05c13e0d7a15a6e6f7b9401246d94c6d
go-realjun-folgada	cnemesis	56	cnemesis	configs/scenarios/geo_9dc_google.yaml	2026-08-07T14:19:06-03:00	2026-08-07T14:19:08-03:00	1.50	1.38	0.11	41500	0	1	552647	36bfe40eed33c8b8cb491894acd6f63c05c13e0d7a15a6e6f7b9401246d94c6d
go-realjun-folgada	cnemesis	57	cnemesis	configs/scenarios/geo_9dc_google.yaml	2026-08-07T14:19:06-03:00	2026-08-07T14:19:08-03:00	1.51	1.39	0.11	41820	0	1	552660	36bfe40eed33c8b8cb491894acd6f63c05c13e0d7a15a6e6f7b9401246d94c6d
go-realjun-folgada	cnemesis	58	cnemesis	configs/scenarios/geo_9dc_google.yaml	2026-08-07T14:19:07-03:00	2026-08-07T14:19:09-03:00	1.37	1.23	0.13	42452	0	1	552695	36bfe40eed33c8b8cb491894acd6f63c05c13e0d7a15a6e6f7b9401246d94c6d
go-realjun-folgada	cnemesis	59	cnemesis	configs/scenarios/geo_9dc_google.yaml	2026-08-07T14:19:07-03:00	2026-08-07T14:19:09-03:00	1.51	1.37	0.13	42612	0	1	552709	36bfe40eed33c8b8cb491894acd6f63c05c13e0d7a15a6e6f7b9401246d94c6d
go-realjun-folgada	cnemesis	60	cnemesis	configs/scenarios/geo_9dc_google.yaml	2026-08-07T14:19:08-03:00	2026-08-07T14:19:09-03:00	1.52	1.35	0.12	42284	0	1	552731	36bfe40eed33c8b8cb491894acd6f63c05c13e0d7a15a6e6f7b9401246d94c6d
go-realjun-folgada	cnemesis	61	cnemesis	configs/scenarios/geo_9dc_google.yaml	2026-08-07T14:19:08-03:00	2026-08-07T14:19:09-03:00	1.43	1.29	0.13	41480	0	1	552744	36bfe40eed33c8b8cb491894acd6f63c05c13e0d7a15a6e6f7b9401246d94c6d
go-realjun-folgada	cnemesis	62	cnemesis	configs/scenarios/geo_9dc_google.yaml	2026-08-07T14:19:09-03:00	2026-08-07T14:19:10-03:00	1.54	1.41	0.11	42076	0	1	552776	36bfe40eed33c8b8cb491894acd6f63c05c13e0d7a15a6e6f7b9401246d94c6d
go-realjun-folgada	cnemesis	63	cnemesis	configs/scenarios/geo_9dc_google.yaml	2026-08-07T14:19:09-03:00	2026-08-07T14:19:10-03:00	1.50	1.35	0.12	42112	0	1	552800	36bfe40eed33c8b8cb491894acd6f63c05c13e0d7a15a6e6f7b9401246d94c6d
go-realjun-folgada	cnemesis	64	cnemesis	configs/scenarios/geo_9dc_google.yaml	2026-08-07T14:19:09-03:00	2026-08-07T14:19:11-03:00	1.51	1.39	0.11	42072	0	1	552833	36bfe40eed33c8b8cb491894acd6f63c05c13e0d7a15a6e6f7b9401246d94c6d
go-realjun-folgada	cnemesis	65	cnemesis	configs/scenarios/geo_9dc_google.yaml	2026-08-07T14:19:09-03:00	2026-08-07T14:19:11-03:00	1.56	1.39	0.14	41620	0	1	552846	36bfe40eed33c8b8cb491894acd6f63c05c13e0d7a15a6e6f7b9401246d94c6d
go-realjun-folgada	cnemesis	66	cnemesis	configs/scenarios/geo_9dc_google.yaml	2026-08-07T14:19:10-03:00	2026-08-07T14:19:12-03:00	1.47	1.33	0.13	41724	0	1	552859	36bfe40eed33c8b8cb491894acd6f63c05c13e0d7a15a6e6f7b9401246d94c6d
go-realjun-folgada	cnemesis	67	cnemesis	configs/scenarios/geo_9dc_google.yaml	2026-08-07T14:19:10-03:00	2026-08-07T14:19:12-03:00	1.63	1.49	0.14	41840	0	1	552872	36bfe40eed33c8b8cb491894acd6f63c05c13e0d7a15a6e6f7b9401246d94c6d
go-realjun-folgada	cnemesis	68	cnemesis	configs/scenarios/geo_9dc_google.yaml	2026-08-07T14:19:11-03:00	2026-08-07T14:19:13-03:00	1.55	1.40	0.14	41360	0	1	552893	36bfe40eed33c8b8cb491894acd6f63c05c13e0d7a15a6e6f7b9401246d94c6d
go-realjun-folgada	cnemesis	69	cnemesis	configs/scenarios/geo_9dc_google.yaml	2026-08-07T14:19:11-03:00	2026-08-07T14:19:12-03:00	1.44	1.31	0.13	41808	0	1	552906	36bfe40eed33c8b8cb491894acd6f63c05c13e0d7a15a6e6f7b9401246d94c6d
go-realjun-folgada	cnemesis	70	cnemesis	configs/scenarios/geo_9dc_google.yaml	2026-08-07T14:19:12-03:00	2026-08-07T14:19:13-03:00	1.24	1.11	0.12	41336	0	1	552941	36bfe40eed33c8b8cb491894acd6f63c05c13e0d7a15a6e6f7b9401246d94c6d
go-realjun-folgada	cnemesis	71	cnemesis	configs/scenarios/geo_9dc_google.yaml	2026-08-07T14:19:12-03:00	2026-08-07T14:19:13-03:00	1.43	1.27	0.13	41776	0	1	552954	36bfe40eed33c8b8cb491894acd6f63c05c13e0d7a15a6e6f7b9401246d94c6d
go-realjun-folgada	ffd	52	none	configs/scenarios/geo_9dc_google.yaml	2026-08-07T14:18:21-03:00	2026-08-07T14:18:22-03:00	0.81	0.73	0.08	37832	0	1	550153	36bfe40eed33c8b8cb491894acd6f63c05c13e0d7a15a6e6f7b9401246d94c6d
go-realjun-folgada	ffd	53	none	configs/scenarios/geo_9dc_google.yaml	2026-08-07T14:18:21-03:00	2026-08-07T14:18:22-03:00	1.21	1.10	0.11	37844	0	1	550166	36bfe40eed33c8b8cb491894acd6f63c05c13e0d7a15a6e6f7b9401246d94c6d
go-realjun-folgada	ffd	54	none	configs/scenarios/geo_9dc_google.yaml	2026-08-07T14:18:22-03:00	2026-08-07T14:18:23-03:00	0.86	0.76	0.10	37860	0	1	550189	36bfe40eed33c8b8cb491894acd6f63c05c13e0d7a15a6e6f7b9401246d94c6d
go-realjun-folgada	ffd	55	none	configs/scenarios/geo_9dc_google.yaml	2026-08-07T14:18:22-03:00	2026-08-07T14:18:23-03:00	1.21	1.09	0.10	37808	0	1	550212	36bfe40eed33c8b8cb491894acd6f63c05c13e0d7a15a6e6f7b9401246d94c6d
go-realjun-folgada	ffd	56	none	configs/scenarios/geo_9dc_google.yaml	2026-08-07T14:18:22-03:00	2026-08-07T14:18:24-03:00	1.20	1.09	0.10	37784	0	1	550235	36bfe40eed33c8b8cb491894acd6f63c05c13e0d7a15a6e6f7b9401246d94c6d
go-realjun-folgada	ffd	57	none	configs/scenarios/geo_9dc_google.yaml	2026-08-07T14:18:23-03:00	2026-08-07T14:18:24-03:00	0.83	0.73	0.09	37836	0	1	550248	36bfe40eed33c8b8cb491894acd6f63c05c13e0d7a15a6e6f7b9401246d94c6d
go-realjun-folgada	ffd	58	none	configs/scenarios/geo_9dc_google.yaml	2026-08-07T14:18:23-03:00	2026-08-07T14:18:25-03:00	1.30	1.14	0.10	37896	0	1	550279	36bfe40eed33c8b8cb491894acd6f63c05c13e0d7a15a6e6f7b9401246d94c6d
go-realjun-folgada	ffd	59	none	configs/scenarios/geo_9dc_google.yaml	2026-08-07T14:18:24-03:00	2026-08-07T14:18:24-03:00	0.82	0.72	0.08	37760	0	1	550292	36bfe40eed33c8b8cb491894acd6f63c05c13e0d7a15a6e6f7b9401246d94c6d
go-realjun-folgada	ffd	60	none	configs/scenarios/geo_9dc_google.yaml	2026-08-07T14:18:24-03:00	2026-08-07T14:18:25-03:00	1.18	1.07	0.10	37820	0	1	550313	36bfe40eed33c8b8cb491894acd6f63c05c13e0d7a15a6e6f7b9401246d94c6d
go-realjun-folgada	ffd	61	none	configs/scenarios/geo_9dc_google.yaml	2026-08-07T14:18:24-03:00	2026-08-07T14:18:25-03:00	0.83	0.74	0.08	37864	0	1	550347	36bfe40eed33c8b8cb491894acd6f63c05c13e0d7a15a6e6f7b9401246d94c6d
go-realjun-folgada	ffd	62	none	configs/scenarios/geo_9dc_google.yaml	2026-08-07T14:18:25-03:00	2026-08-07T14:18:26-03:00	1.18	1.07	0.10	37824	0	1	550360	36bfe40eed33c8b8cb491894acd6f63c05c13e0d7a15a6e6f7b9401246d94c6d
go-realjun-folgada	ffd	63	none	configs/scenarios/geo_9dc_google.yaml	2026-08-07T14:18:25-03:00	2026-08-07T14:18:26-03:00	1.20	1.10	0.09	37828	0	1	550374	36bfe40eed33c8b8cb491894acd6f63c05c13e0d7a15a6e6f7b9401246d94c6d
go-realjun-folgada	ffd	64	none	configs/scenarios/geo_9dc_google.yaml	2026-08-07T14:18:25-03:00	2026-08-07T14:18:26-03:00	0.84	0.75	0.07	37676	0	1	550387	36bfe40eed33c8b8cb491894acd6f63c05c13e0d7a15a6e6f7b9401246d94c6d
go-realjun-folgada	ffd	65	none	configs/scenarios/geo_9dc_google.yaml	2026-08-07T14:18:26-03:00	2026-08-07T14:18:27-03:00	1.18	1.05	0.10	37856	0	1	550410	36bfe40eed33c8b8cb491894acd6f63c05c13e0d7a15a6e6f7b9401246d94c6d
go-realjun-folgada	ffd	66	none	configs/scenarios/geo_9dc_google.yaml	2026-08-07T14:18:26-03:00	2026-08-07T14:18:27-03:00	1.24	1.14	0.09	37724	0	1	550424	36bfe40eed33c8b8cb491894acd6f63c05c13e0d7a15a6e6f7b9401246d94c6d
go-realjun-folgada	ffd	67	none	configs/scenarios/geo_9dc_google.yaml	2026-08-07T14:18:26-03:00	2026-08-07T14:18:28-03:00	1.37	1.22	0.11	37856	0	1	550447	36bfe40eed33c8b8cb491894acd6f63c05c13e0d7a15a6e6f7b9401246d94c6d
go-realjun-folgada	ffd	68	none	configs/scenarios/geo_9dc_google.yaml	2026-08-07T14:18:27-03:00	2026-08-07T14:18:28-03:00	1.20	1.09	0.10	37820	0	1	550470	36bfe40eed33c8b8cb491894acd6f63c05c13e0d7a15a6e6f7b9401246d94c6d
go-realjun-folgada	ffd	69	none	configs/scenarios/geo_9dc_google.yaml	2026-08-07T14:18:27-03:00	2026-08-07T14:18:28-03:00	0.86	0.77	0.08	37816	0	1	550483	36bfe40eed33c8b8cb491894acd6f63c05c13e0d7a15a6e6f7b9401246d94c6d
go-realjun-folgada	ffd	70	none	configs/scenarios/geo_9dc_google.yaml	2026-08-07T14:18:28-03:00	2026-08-07T14:18:29-03:00	1.18	1.06	0.10	37740	0	1	550496	36bfe40eed33c8b8cb491894acd6f63c05c13e0d7a15a6e6f7b9401246d94c6d
go-realjun-folgada	ffd	71	none	configs/scenarios/geo_9dc_google.yaml	2026-08-07T14:18:28-03:00	2026-08-07T14:18:29-03:00	1.04	0.93	0.09	37856	0	1	550551	36bfe40eed33c8b8cb491894acd6f63c05c13e0d7a15a6e6f7b9401246d94c6d
go-realjun-folgada	first_fit	52	none	configs/scenarios/geo_9dc_google.yaml	2026-08-07T14:17:23-03:00	2026-08-07T14:17:24-03:00	1.26	1.12	0.11	37816	0	1	547945	36bfe40eed33c8b8cb491894acd6f63c05c13e0d7a15a6e6f7b9401246d94c6d
go-realjun-folgada	first_fit	53	none	configs/scenarios/geo_9dc_google.yaml	2026-08-07T14:17:24-03:00	2026-08-07T14:17:25-03:00	1.12	1.01	0.09	37876	0	1	547959	36bfe40eed33c8b8cb491894acd6f63c05c13e0d7a15a6e6f7b9401246d94c6d
go-realjun-folgada	first_fit	54	none	configs/scenarios/geo_9dc_google.yaml	2026-08-07T14:17:25-03:00	2026-08-07T14:17:27-03:00	1.26	1.13	0.10	37832	0	1	548012	36bfe40eed33c8b8cb491894acd6f63c05c13e0d7a15a6e6f7b9401246d94c6d
go-realjun-folgada	first_fit	55	none	configs/scenarios/geo_9dc_google.yaml	2026-08-07T14:17:27-03:00	2026-08-07T14:17:28-03:00	1.20	1.08	0.10	37840	0	1	548035	36bfe40eed33c8b8cb491894acd6f63c05c13e0d7a15a6e6f7b9401246d94c6d
go-realjun-folgada	first_fit	56	none	configs/scenarios/geo_9dc_google.yaml	2026-08-07T14:17:28-03:00	2026-08-07T14:17:29-03:00	1.23	1.11	0.11	37752	0	1	548086	36bfe40eed33c8b8cb491894acd6f63c05c13e0d7a15a6e6f7b9401246d94c6d
go-realjun-folgada	first_fit	57	none	configs/scenarios/geo_9dc_google.yaml	2026-08-07T14:17:29-03:00	2026-08-07T14:17:30-03:00	1.21	1.10	0.09	37828	0	1	548129	36bfe40eed33c8b8cb491894acd6f63c05c13e0d7a15a6e6f7b9401246d94c6d
go-realjun-folgada	first_fit	58	none	configs/scenarios/geo_9dc_google.yaml	2026-08-07T14:17:30-03:00	2026-08-07T14:17:31-03:00	1.22	1.10	0.10	37720	0	1	548150	36bfe40eed33c8b8cb491894acd6f63c05c13e0d7a15a6e6f7b9401246d94c6d
go-realjun-folgada	first_fit	59	none	configs/scenarios/geo_9dc_google.yaml	2026-08-07T14:17:31-03:00	2026-08-07T14:17:33-03:00	1.20	1.09	0.10	37776	0	1	548195	36bfe40eed33c8b8cb491894acd6f63c05c13e0d7a15a6e6f7b9401246d94c6d
go-realjun-folgada	first_fit	60	none	configs/scenarios/geo_9dc_google.yaml	2026-08-07T14:17:33-03:00	2026-08-07T14:17:34-03:00	1.24	1.13	0.09	37828	0	1	548238	36bfe40eed33c8b8cb491894acd6f63c05c13e0d7a15a6e6f7b9401246d94c6d
go-realjun-folgada	first_fit	61	none	configs/scenarios/geo_9dc_google.yaml	2026-08-07T14:17:34-03:00	2026-08-07T14:17:35-03:00	1.22	1.11	0.10	37792	0	1	548297	36bfe40eed33c8b8cb491894acd6f63c05c13e0d7a15a6e6f7b9401246d94c6d
go-realjun-folgada	first_fit	62	none	configs/scenarios/geo_9dc_google.yaml	2026-08-07T14:17:35-03:00	2026-08-07T14:17:36-03:00	1.23	1.11	0.11	37776	0	1	548345	36bfe40eed33c8b8cb491894acd6f63c05c13e0d7a15a6e6f7b9401246d94c6d
go-realjun-folgada	first_fit	63	none	configs/scenarios/geo_9dc_google.yaml	2026-08-07T14:17:36-03:00	2026-08-07T14:17:37-03:00	0.99	0.89	0.09	37944	0	1	548363	36bfe40eed33c8b8cb491894acd6f63c05c13e0d7a15a6e6f7b9401246d94c6d
go-realjun-folgada	first_fit	64	none	configs/scenarios/geo_9dc_google.yaml	2026-08-07T14:17:37-03:00	2026-08-07T14:17:38-03:00	0.78	0.70	0.07	37732	0	1	548430	36bfe40eed33c8b8cb491894acd6f63c05c13e0d7a15a6e6f7b9401246d94c6d
go-realjun-folgada	first_fit	65	none	configs/scenarios/geo_9dc_google.yaml	2026-08-07T14:17:38-03:00	2026-08-07T14:17:39-03:00	0.99	0.89	0.08	37780	0	1	548443	36bfe40eed33c8b8cb491894acd6f63c05c13e0d7a15a6e6f7b9401246d94c6d
go-realjun-folgada	first_fit	66	none	configs/scenarios/geo_9dc_google.yaml	2026-08-07T14:17:39-03:00	2026-08-07T14:17:41-03:00	1.26	1.16	0.09	37860	0	1	548487	36bfe40eed33c8b8cb491894acd6f63c05c13e0d7a15a6e6f7b9401246d94c6d
go-realjun-folgada	first_fit	67	none	configs/scenarios/geo_9dc_google.yaml	2026-08-07T14:17:41-03:00	2026-08-07T14:17:42-03:00	1.23	1.13	0.09	37820	0	1	548508	36bfe40eed33c8b8cb491894acd6f63c05c13e0d7a15a6e6f7b9401246d94c6d
go-realjun-folgada	first_fit	68	none	configs/scenarios/geo_9dc_google.yaml	2026-08-07T14:17:42-03:00	2026-08-07T14:17:43-03:00	1.22	1.11	0.10	37812	0	1	548552	36bfe40eed33c8b8cb491894acd6f63c05c13e0d7a15a6e6f7b9401246d94c6d
go-realjun-folgada	first_fit	69	none	configs/scenarios/geo_9dc_google.yaml	2026-08-07T14:17:43-03:00	2026-08-07T14:17:44-03:00	1.29	1.17	0.11	37836	0	1	548596	36bfe40eed33c8b8cb491894acd6f63c05c13e0d7a15a6e6f7b9401246d94c6d
go-realjun-folgada	first_fit	70	none	configs/scenarios/geo_9dc_google.yaml	2026-08-07T14:17:44-03:00	2026-08-07T14:17:46-03:00	1.28	1.15	0.12	37836	0	1	548631	36bfe40eed33c8b8cb491894acd6f63c05c13e0d7a15a6e6f7b9401246d94c6d
go-realjun-folgada	first_fit	71	none	configs/scenarios/geo_9dc_google.yaml	2026-08-07T14:17:46-03:00	2026-08-07T14:17:47-03:00	1.18	1.08	0.09	37876	0	1	548677	36bfe40eed33c8b8cb491894acd6f63c05c13e0d7a15a6e6f7b9401246d94c6d
go-realjun-folgada	follow_renewables	52	follow_renewables	configs/scenarios/geo_9dc_google.yaml	2026-08-07T14:18:42-03:00	2026-08-07T14:18:43-03:00	1.20	1.08	0.09	37792	0	1	551363	36bfe40eed33c8b8cb491894acd6f63c05c13e0d7a15a6e6f7b9401246d94c6d
go-realjun-folgada	follow_renewables	53	follow_renewables	configs/scenarios/geo_9dc_google.yaml	2026-08-07T14:18:42-03:00	2026-08-07T14:18:43-03:00	1.27	1.16	0.10	37896	0	1	551376	36bfe40eed33c8b8cb491894acd6f63c05c13e0d7a15a6e6f7b9401246d94c6d
go-realjun-folgada	follow_renewables	54	follow_renewables	configs/scenarios/geo_9dc_google.yaml	2026-08-07T14:18:42-03:00	2026-08-07T14:18:44-03:00	1.26	1.15	0.11	37828	0	1	551390	36bfe40eed33c8b8cb491894acd6f63c05c13e0d7a15a6e6f7b9401246d94c6d
go-realjun-folgada	follow_renewables	55	follow_renewables	configs/scenarios/geo_9dc_google.yaml	2026-08-07T14:18:43-03:00	2026-08-07T14:18:44-03:00	1.27	1.15	0.10	37780	0	1	551424	36bfe40eed33c8b8cb491894acd6f63c05c13e0d7a15a6e6f7b9401246d94c6d
go-realjun-folgada	follow_renewables	56	follow_renewables	configs/scenarios/geo_9dc_google.yaml	2026-08-07T14:18:43-03:00	2026-08-07T14:18:44-03:00	0.98	0.90	0.08	37776	0	1	551455	36bfe40eed33c8b8cb491894acd6f63c05c13e0d7a15a6e6f7b9401246d94c6d
go-realjun-folgada	follow_renewables	57	follow_renewables	configs/scenarios/geo_9dc_google.yaml	2026-08-07T14:18:43-03:00	2026-08-07T14:18:45-03:00	1.27	1.16	0.10	37836	0	1	551468	36bfe40eed33c8b8cb491894acd6f63c05c13e0d7a15a6e6f7b9401246d94c6d
go-realjun-folgada	follow_renewables	58	follow_renewables	configs/scenarios/geo_9dc_google.yaml	2026-08-07T14:18:44-03:00	2026-08-07T14:18:45-03:00	1.22	1.10	0.11	37840	0	1	551481	36bfe40eed33c8b8cb491894acd6f63c05c13e0d7a15a6e6f7b9401246d94c6d
go-realjun-folgada	follow_renewables	59	follow_renewables	configs/scenarios/geo_9dc_google.yaml	2026-08-07T14:18:44-03:00	2026-08-07T14:18:45-03:00	1.01	0.90	0.09	37812	0	1	551494	36bfe40eed33c8b8cb491894acd6f63c05c13e0d7a15a6e6f7b9401246d94c6d
go-realjun-folgada	follow_renewables	60	follow_renewables	configs/scenarios/geo_9dc_google.yaml	2026-08-07T14:18:44-03:00	2026-08-07T14:18:45-03:00	0.87	0.76	0.10	37948	0	1	551519	36bfe40eed33c8b8cb491894acd6f63c05c13e0d7a15a6e6f7b9401246d94c6d
go-realjun-folgada	follow_renewables	61	follow_renewables	configs/scenarios/geo_9dc_google.yaml	2026-08-07T14:18:45-03:00	2026-08-07T14:18:46-03:00	1.26	1.14	0.11	37712	0	1	551553	36bfe40eed33c8b8cb491894acd6f63c05c13e0d7a15a6e6f7b9401246d94c6d
go-realjun-folgada	follow_renewables	62	follow_renewables	configs/scenarios/geo_9dc_google.yaml	2026-08-07T14:18:45-03:00	2026-08-07T14:18:46-03:00	1.17	1.09	0.07	37792	0	1	551567	36bfe40eed33c8b8cb491894acd6f63c05c13e0d7a15a6e6f7b9401246d94c6d
go-realjun-folgada	follow_renewables	63	follow_renewables	configs/scenarios/geo_9dc_google.yaml	2026-08-07T14:18:45-03:00	2026-08-07T14:18:46-03:00	0.91	0.81	0.09	38144	0	1	551580	36bfe40eed33c8b8cb491894acd6f63c05c13e0d7a15a6e6f7b9401246d94c6d
go-realjun-folgada	follow_renewables	64	follow_renewables	configs/scenarios/geo_9dc_google.yaml	2026-08-07T14:18:45-03:00	2026-08-07T14:18:47-03:00	1.27	1.15	0.09	37984	0	1	551593	36bfe40eed33c8b8cb491894acd6f63c05c13e0d7a15a6e6f7b9401246d94c6d
go-realjun-folgada	follow_renewables	65	follow_renewables	configs/scenarios/geo_9dc_google.yaml	2026-08-07T14:18:46-03:00	2026-08-07T14:18:47-03:00	1.26	1.17	0.08	37852	0	1	551606	36bfe40eed33c8b8cb491894acd6f63c05c13e0d7a15a6e6f7b9401246d94c6d
go-realjun-folgada	follow_renewables	66	follow_renewables	configs/scenarios/geo_9dc_google.yaml	2026-08-07T14:18:46-03:00	2026-08-07T14:18:47-03:00	1.26	1.15	0.08	37780	0	1	551619	36bfe40eed33c8b8cb491894acd6f63c05c13e0d7a15a6e6f7b9401246d94c6d
go-realjun-folgada	follow_renewables	67	follow_renewables	configs/scenarios/geo_9dc_google.yaml	2026-08-07T14:18:46-03:00	2026-08-07T14:18:47-03:00	1.26	1.15	0.10	37816	0	1	551633	36bfe40eed33c8b8cb491894acd6f63c05c13e0d7a15a6e6f7b9401246d94c6d
go-realjun-folgada	follow_renewables	68	follow_renewables	configs/scenarios/geo_9dc_google.yaml	2026-08-07T14:18:47-03:00	2026-08-07T14:18:48-03:00	1.11	1.01	0.08	37840	0	1	551662	36bfe40eed33c8b8cb491894acd6f63c05c13e0d7a15a6e6f7b9401246d94c6d
go-realjun-folgada	follow_renewables	69	follow_renewables	configs/scenarios/geo_9dc_google.yaml	2026-08-07T14:18:47-03:00	2026-08-07T14:18:49-03:00	1.32	1.21	0.09	37816	0	1	551690	36bfe40eed33c8b8cb491894acd6f63c05c13e0d7a15a6e6f7b9401246d94c6d
go-realjun-folgada	follow_renewables	70	follow_renewables	configs/scenarios/geo_9dc_google.yaml	2026-08-07T14:18:47-03:00	2026-08-07T14:18:49-03:00	1.24	1.10	0.12	37824	0	1	551703	36bfe40eed33c8b8cb491894acd6f63c05c13e0d7a15a6e6f7b9401246d94c6d
go-realjun-folgada	follow_renewables	71	follow_renewables	configs/scenarios/geo_9dc_google.yaml	2026-08-07T14:18:47-03:00	2026-08-07T14:18:49-03:00	1.19	1.08	0.09	37820	0	1	551716	36bfe40eed33c8b8cb491894acd6f63c05c13e0d7a15a6e6f7b9401246d94c6d
go-realjun-folgada	followme_s	52	followme_s	configs/scenarios/geo_9dc_google.yaml	2026-08-07T14:18:54-03:00	2026-08-07T14:18:56-03:00	2.11	1.95	0.15	48548	0	1	552111	36bfe40eed33c8b8cb491894acd6f63c05c13e0d7a15a6e6f7b9401246d94c6d
go-realjun-folgada	followme_s	53	followme_s	configs/scenarios/geo_9dc_google.yaml	2026-08-07T14:18:54-03:00	2026-08-07T14:18:57-03:00	2.28	2.08	0.17	47804	0	1	552124	36bfe40eed33c8b8cb491894acd6f63c05c13e0d7a15a6e6f7b9401246d94c6d
go-realjun-folgada	followme_s	54	followme_s	configs/scenarios/geo_9dc_google.yaml	2026-08-07T14:18:55-03:00	2026-08-07T14:18:57-03:00	2.24	2.06	0.16	48600	0	1	552155	36bfe40eed33c8b8cb491894acd6f63c05c13e0d7a15a6e6f7b9401246d94c6d
go-realjun-folgada	followme_s	55	followme_s	configs/scenarios/geo_9dc_google.yaml	2026-08-07T14:18:55-03:00	2026-08-07T14:18:57-03:00	2.34	2.17	0.16	48272	0	1	552179	36bfe40eed33c8b8cb491894acd6f63c05c13e0d7a15a6e6f7b9401246d94c6d
go-realjun-folgada	followme_s	56	followme_s	configs/scenarios/geo_9dc_google.yaml	2026-08-07T14:18:56-03:00	2026-08-07T14:18:58-03:00	1.91	1.69	0.15	48264	0	1	552192	36bfe40eed33c8b8cb491894acd6f63c05c13e0d7a15a6e6f7b9401246d94c6d
go-realjun-folgada	followme_s	57	followme_s	configs/scenarios/geo_9dc_google.yaml	2026-08-07T14:18:57-03:00	2026-08-07T14:18:58-03:00	1.76	1.59	0.15	47884	0	1	552215	36bfe40eed33c8b8cb491894acd6f63c05c13e0d7a15a6e6f7b9401246d94c6d
go-realjun-folgada	followme_s	58	followme_s	configs/scenarios/geo_9dc_google.yaml	2026-08-07T14:18:57-03:00	2026-08-07T14:18:59-03:00	1.81	1.66	0.14	47852	0	1	552249	36bfe40eed33c8b8cb491894acd6f63c05c13e0d7a15a6e6f7b9401246d94c6d
go-realjun-folgada	followme_s	59	followme_s	configs/scenarios/geo_9dc_google.yaml	2026-08-07T14:18:57-03:00	2026-08-07T14:18:59-03:00	2.01	1.81	0.16	48164	0	1	552262	36bfe40eed33c8b8cb491894acd6f63c05c13e0d7a15a6e6f7b9401246d94c6d
go-realjun-folgada	followme_s	60	followme_s	configs/scenarios/geo_9dc_google.yaml	2026-08-07T14:18:58-03:00	2026-08-07T14:19:00-03:00	1.77	1.59	0.14	48352	0	1	552280	36bfe40eed33c8b8cb491894acd6f63c05c13e0d7a15a6e6f7b9401246d94c6d
go-realjun-folgada	followme_s	61	followme_s	configs/scenarios/geo_9dc_google.yaml	2026-08-07T14:18:58-03:00	2026-08-07T14:19:01-03:00	2.55	2.35	0.16	48080	0	1	552293	36bfe40eed33c8b8cb491894acd6f63c05c13e0d7a15a6e6f7b9401246d94c6d
go-realjun-folgada	followme_s	62	followme_s	configs/scenarios/geo_9dc_google.yaml	2026-08-07T14:18:59-03:00	2026-08-07T14:19:01-03:00	2.18	2.00	0.16	48612	0	1	552341	36bfe40eed33c8b8cb491894acd6f63c05c13e0d7a15a6e6f7b9401246d94c6d
go-realjun-folgada	followme_s	63	followme_s	configs/scenarios/geo_9dc_google.yaml	2026-08-07T14:18:59-03:00	2026-08-07T14:19:02-03:00	2.12	1.94	0.16	47832	0	1	552365	36bfe40eed33c8b8cb491894acd6f63c05c13e0d7a15a6e6f7b9401246d94c6d
go-realjun-folgada	followme_s	64	followme_s	configs/scenarios/geo_9dc_google.yaml	2026-08-07T14:19:00-03:00	2026-08-07T14:19:02-03:00	2.41	2.25	0.14	47532	0	1	552378	36bfe40eed33c8b8cb491894acd6f63c05c13e0d7a15a6e6f7b9401246d94c6d
go-realjun-folgada	followme_s	65	followme_s	configs/scenarios/geo_9dc_google.yaml	2026-08-07T14:19:01-03:00	2026-08-07T14:19:03-03:00	2.56	2.38	0.16	48196	0	1	552402	36bfe40eed33c8b8cb491894acd6f63c05c13e0d7a15a6e6f7b9401246d94c6d
go-realjun-folgada	followme_s	66	followme_s	configs/scenarios/geo_9dc_google.yaml	2026-08-07T14:19:01-03:00	2026-08-07T14:19:04-03:00	2.67	2.50	0.15	48652	0	1	552435	36bfe40eed33c8b8cb491894acd6f63c05c13e0d7a15a6e6f7b9401246d94c6d
go-realjun-folgada	followme_s	67	followme_s	configs/scenarios/geo_9dc_google.yaml	2026-08-07T14:19:02-03:00	2026-08-07T14:19:03-03:00	1.86	1.69	0.16	49068	0	1	552448	36bfe40eed33c8b8cb491894acd6f63c05c13e0d7a15a6e6f7b9401246d94c6d
go-realjun-folgada	followme_s	68	followme_s	configs/scenarios/geo_9dc_google.yaml	2026-08-07T14:19:02-03:00	2026-08-07T14:19:04-03:00	2.02	1.81	0.17	47016	0	1	552462	36bfe40eed33c8b8cb491894acd6f63c05c13e0d7a15a6e6f7b9401246d94c6d
go-realjun-folgada	followme_s	69	followme_s	configs/scenarios/geo_9dc_google.yaml	2026-08-07T14:19:03-03:00	2026-08-07T14:19:06-03:00	2.89	2.75	0.13	46844	0	1	552513	36bfe40eed33c8b8cb491894acd6f63c05c13e0d7a15a6e6f7b9401246d94c6d
go-realjun-folgada	followme_s	70	followme_s	configs/scenarios/geo_9dc_google.yaml	2026-08-07T14:19:03-03:00	2026-08-07T14:19:05-03:00	1.46	1.31	0.13	47668	0	1	552538	36bfe40eed33c8b8cb491894acd6f63c05c13e0d7a15a6e6f7b9401246d94c6d
go-realjun-folgada	followme_s	71	followme_s	configs/scenarios/geo_9dc_google.yaml	2026-08-07T14:19:04-03:00	2026-08-07T14:19:06-03:00	1.73	1.56	0.14	47444	0	1	552552	36bfe40eed33c8b8cb491894acd6f63c05c13e0d7a15a6e6f7b9401246d94c6d
go-realjun-folgada	lowest_carbon_dc	52	none	configs/scenarios/geo_9dc_google.yaml	2026-08-07T14:18:36-03:00	2026-08-07T14:18:37-03:00	1.24	1.12	0.10	37972	0	1	550953	36bfe40eed33c8b8cb491894acd6f63c05c13e0d7a15a6e6f7b9401246d94c6d
go-realjun-folgada	lowest_carbon_dc	53	none	configs/scenarios/geo_9dc_google.yaml	2026-08-07T14:18:36-03:00	2026-08-07T14:18:37-03:00	1.23	1.11	0.09	37756	0	1	550966	36bfe40eed33c8b8cb491894acd6f63c05c13e0d7a15a6e6f7b9401246d94c6d
go-realjun-folgada	lowest_carbon_dc	54	none	configs/scenarios/geo_9dc_google.yaml	2026-08-07T14:18:36-03:00	2026-08-07T14:18:37-03:00	1.31	1.18	0.11	37796	0	1	550990	36bfe40eed33c8b8cb491894acd6f63c05c13e0d7a15a6e6f7b9401246d94c6d
go-realjun-folgada	lowest_carbon_dc	55	none	configs/scenarios/geo_9dc_google.yaml	2026-08-07T14:18:37-03:00	2026-08-07T14:18:38-03:00	0.98	0.88	0.09	37820	0	1	551026	36bfe40eed33c8b8cb491894acd6f63c05c13e0d7a15a6e6f7b9401246d94c6d
go-realjun-folgada	lowest_carbon_dc	56	none	configs/scenarios/geo_9dc_google.yaml	2026-08-07T14:18:37-03:00	2026-08-07T14:18:38-03:00	1.24	1.12	0.11	37756	0	1	551039	36bfe40eed33c8b8cb491894acd6f63c05c13e0d7a15a6e6f7b9401246d94c6d
go-realjun-folgada	lowest_carbon_dc	57	none	configs/scenarios/geo_9dc_google.yaml	2026-08-07T14:18:37-03:00	2026-08-07T14:18:38-03:00	1.00	0.91	0.08	37824	0	1	551052	36bfe40eed33c8b8cb491894acd6f63c05c13e0d7a15a6e6f7b9401246d94c6d
go-realjun-folgada	lowest_carbon_dc	58	none	configs/scenarios/geo_9dc_google.yaml	2026-08-07T14:18:37-03:00	2026-08-07T14:18:39-03:00	1.23	1.12	0.10	38120	0	1	551065	36bfe40eed33c8b8cb491894acd6f63c05c13e0d7a15a6e6f7b9401246d94c6d
go-realjun-folgada	lowest_carbon_dc	59	none	configs/scenarios/geo_9dc_google.yaml	2026-08-07T14:18:38-03:00	2026-08-07T14:18:39-03:00	1.28	1.15	0.10	37760	0	1	551078	36bfe40eed33c8b8cb491894acd6f63c05c13e0d7a15a6e6f7b9401246d94c6d
go-realjun-folgada	lowest_carbon_dc	60	none	configs/scenarios/geo_9dc_google.yaml	2026-08-07T14:18:38-03:00	2026-08-07T14:18:40-03:00	1.44	1.32	0.11	37916	0	1	551116	36bfe40eed33c8b8cb491894acd6f63c05c13e0d7a15a6e6f7b9401246d94c6d
go-realjun-folgada	lowest_carbon_dc	61	none	configs/scenarios/geo_9dc_google.yaml	2026-08-07T14:18:38-03:00	2026-08-07T14:18:40-03:00	1.47	1.37	0.10	37820	0	1	551133	36bfe40eed33c8b8cb491894acd6f63c05c13e0d7a15a6e6f7b9401246d94c6d
go-realjun-folgada	lowest_carbon_dc	62	none	configs/scenarios/geo_9dc_google.yaml	2026-08-07T14:18:39-03:00	2026-08-07T14:18:40-03:00	1.17	1.06	0.10	37860	0	1	551167	36bfe40eed33c8b8cb491894acd6f63c05c13e0d7a15a6e6f7b9401246d94c6d
go-realjun-folgada	lowest_carbon_dc	63	none	configs/scenarios/geo_9dc_google.yaml	2026-08-07T14:18:39-03:00	2026-08-07T14:18:40-03:00	1.28	1.14	0.11	38296	0	1	551180	36bfe40eed33c8b8cb491894acd6f63c05c13e0d7a15a6e6f7b9401246d94c6d
go-realjun-folgada	lowest_carbon_dc	64	none	configs/scenarios/geo_9dc_google.yaml	2026-08-07T14:18:40-03:00	2026-08-07T14:18:41-03:00	1.27	1.14	0.11	38276	0	1	551193	36bfe40eed33c8b8cb491894acd6f63c05c13e0d7a15a6e6f7b9401246d94c6d
go-realjun-folgada	lowest_carbon_dc	65	none	configs/scenarios/geo_9dc_google.yaml	2026-08-07T14:18:40-03:00	2026-08-07T14:18:41-03:00	1.27	1.16	0.10	37800	0	1	551206	36bfe40eed33c8b8cb491894acd6f63c05c13e0d7a15a6e6f7b9401246d94c6d
go-realjun-folgada	lowest_carbon_dc	66	none	configs/scenarios/geo_9dc_google.yaml	2026-08-07T14:18:40-03:00	2026-08-07T14:18:41-03:00	1.27	1.16	0.10	37888	0	1	551219	36bfe40eed33c8b8cb491894acd6f63c05c13e0d7a15a6e6f7b9401246d94c6d
go-realjun-folgada	lowest_carbon_dc	67	none	configs/scenarios/geo_9dc_google.yaml	2026-08-07T14:18:40-03:00	2026-08-07T14:18:42-03:00	1.23	1.14	0.09	37840	0	1	551243	36bfe40eed33c8b8cb491894acd6f63c05c13e0d7a15a6e6f7b9401246d94c6d
go-realjun-folgada	lowest_carbon_dc	68	none	configs/scenarios/geo_9dc_google.yaml	2026-08-07T14:18:41-03:00	2026-08-07T14:18:42-03:00	1.28	1.16	0.10	37752	0	1	551276	36bfe40eed33c8b8cb491894acd6f63c05c13e0d7a15a6e6f7b9401246d94c6d
go-realjun-folgada	lowest_carbon_dc	69	none	configs/scenarios/geo_9dc_google.yaml	2026-08-07T14:18:41-03:00	2026-08-07T14:18:42-03:00	1.27	1.15	0.10	37940	0	1	551289	36bfe40eed33c8b8cb491894acd6f63c05c13e0d7a15a6e6f7b9401246d94c6d
go-realjun-folgada	lowest_carbon_dc	70	none	configs/scenarios/geo_9dc_google.yaml	2026-08-07T14:18:41-03:00	2026-08-07T14:18:42-03:00	1.24	1.14	0.10	37820	0	1	551302	36bfe40eed33c8b8cb491894acd6f63c05c13e0d7a15a6e6f7b9401246d94c6d
go-realjun-folgada	lowest_carbon_dc	71	none	configs/scenarios/geo_9dc_google.yaml	2026-08-07T14:18:42-03:00	2026-08-07T14:18:43-03:00	1.18	1.06	0.10	37892	0	1	551315	36bfe40eed33c8b8cb491894acd6f63c05c13e0d7a15a6e6f7b9401246d94c6d
go-realjun-folgada	round_robin	52	none	configs/scenarios/geo_9dc_google.yaml	2026-08-07T14:18:11-03:00	2026-08-07T14:18:12-03:00	1.49	1.34	0.11	37816	0	1	549680	36bfe40eed33c8b8cb491894acd6f63c05c13e0d7a15a6e6f7b9401246d94c6d
go-realjun-folgada	round_robin	53	none	configs/scenarios/geo_9dc_google.yaml	2026-08-07T14:18:11-03:00	2026-08-07T14:18:12-03:00	1.43	1.30	0.11	37812	0	1	549693	36bfe40eed33c8b8cb491894acd6f63c05c13e0d7a15a6e6f7b9401246d94c6d
go-realjun-folgada	round_robin	54	none	configs/scenarios/geo_9dc_google.yaml	2026-08-07T14:18:12-03:00	2026-08-07T14:18:14-03:00	1.32	1.20	0.10	37816	0	1	549765	36bfe40eed33c8b8cb491894acd6f63c05c13e0d7a15a6e6f7b9401246d94c6d
go-realjun-folgada	round_robin	55	none	configs/scenarios/geo_9dc_google.yaml	2026-08-07T14:18:12-03:00	2026-08-07T14:18:14-03:00	1.53	1.41	0.10	37820	0	1	549778	36bfe40eed33c8b8cb491894acd6f63c05c13e0d7a15a6e6f7b9401246d94c6d
go-realjun-folgada	round_robin	56	none	configs/scenarios/geo_9dc_google.yaml	2026-08-07T14:18:14-03:00	2026-08-07T14:18:15-03:00	1.29	1.18	0.09	37780	0	1	549817	36bfe40eed33c8b8cb491894acd6f63c05c13e0d7a15a6e6f7b9401246d94c6d
go-realjun-folgada	round_robin	57	none	configs/scenarios/geo_9dc_google.yaml	2026-08-07T14:18:14-03:00	2026-08-07T14:18:15-03:00	1.28	1.15	0.11	37932	0	1	549850	36bfe40eed33c8b8cb491894acd6f63c05c13e0d7a15a6e6f7b9401246d94c6d
go-realjun-folgada	round_robin	58	none	configs/scenarios/geo_9dc_google.yaml	2026-08-07T14:18:15-03:00	2026-08-07T14:18:16-03:00	1.25	1.14	0.10	37860	0	1	549863	36bfe40eed33c8b8cb491894acd6f63c05c13e0d7a15a6e6f7b9401246d94c6d
go-realjun-folgada	round_robin	59	none	configs/scenarios/geo_9dc_google.yaml	2026-08-07T14:18:15-03:00	2026-08-07T14:18:17-03:00	1.34	1.22	0.10	37828	0	1	549876	36bfe40eed33c8b8cb491894acd6f63c05c13e0d7a15a6e6f7b9401246d94c6d
go-realjun-folgada	round_robin	60	none	configs/scenarios/geo_9dc_google.yaml	2026-08-07T14:18:16-03:00	2026-08-07T14:18:17-03:00	1.33	1.22	0.10	37776	0	1	549919	36bfe40eed33c8b8cb491894acd6f63c05c13e0d7a15a6e6f7b9401246d94c6d
go-realjun-folgada	round_robin	61	none	configs/scenarios/geo_9dc_google.yaml	2026-08-07T14:18:16-03:00	2026-08-07T14:18:18-03:00	1.25	1.15	0.09	37860	0	1	549932	36bfe40eed33c8b8cb491894acd6f63c05c13e0d7a15a6e6f7b9401246d94c6d
go-realjun-folgada	round_robin	62	none	configs/scenarios/geo_9dc_google.yaml	2026-08-07T14:18:17-03:00	2026-08-07T14:18:18-03:00	1.32	1.22	0.09	37764	0	1	549945	36bfe40eed33c8b8cb491894acd6f63c05c13e0d7a15a6e6f7b9401246d94c6d
go-realjun-folgada	round_robin	63	none	configs/scenarios/geo_9dc_google.yaml	2026-08-07T14:18:17-03:00	2026-08-07T14:18:19-03:00	1.31	1.21	0.09	37820	0	1	549958	36bfe40eed33c8b8cb491894acd6f63c05c13e0d7a15a6e6f7b9401246d94c6d
go-realjun-folgada	round_robin	64	none	configs/scenarios/geo_9dc_google.yaml	2026-08-07T14:18:18-03:00	2026-08-07T14:18:19-03:00	1.14	1.04	0.09	37776	0	1	549979	36bfe40eed33c8b8cb491894acd6f63c05c13e0d7a15a6e6f7b9401246d94c6d
go-realjun-folgada	round_robin	65	none	configs/scenarios/geo_9dc_google.yaml	2026-08-07T14:18:18-03:00	2026-08-07T14:18:19-03:00	1.33	1.21	0.10	37764	0	1	550023	36bfe40eed33c8b8cb491894acd6f63c05c13e0d7a15a6e6f7b9401246d94c6d
go-realjun-folgada	round_robin	66	none	configs/scenarios/geo_9dc_google.yaml	2026-08-07T14:18:19-03:00	2026-08-07T14:18:20-03:00	1.12	1.02	0.09	37824	0	1	550045	36bfe40eed33c8b8cb491894acd6f63c05c13e0d7a15a6e6f7b9401246d94c6d
go-realjun-folgada	round_robin	67	none	configs/scenarios/geo_9dc_google.yaml	2026-08-07T14:18:19-03:00	2026-08-07T14:18:20-03:00	1.27	1.16	0.10	37840	0	1	550058	36bfe40eed33c8b8cb491894acd6f63c05c13e0d7a15a6e6f7b9401246d94c6d
go-realjun-folgada	round_robin	68	none	configs/scenarios/geo_9dc_google.yaml	2026-08-07T14:18:19-03:00	2026-08-07T14:18:21-03:00	1.33	1.21	0.10	37848	0	1	550071	36bfe40eed33c8b8cb491894acd6f63c05c13e0d7a15a6e6f7b9401246d94c6d
go-realjun-folgada	round_robin	69	none	configs/scenarios/geo_9dc_google.yaml	2026-08-07T14:18:20-03:00	2026-08-07T14:18:21-03:00	1.34	1.21	0.10	37840	0	1	550094	36bfe40eed33c8b8cb491894acd6f63c05c13e0d7a15a6e6f7b9401246d94c6d
go-realjun-folgada	round_robin	70	none	configs/scenarios/geo_9dc_google.yaml	2026-08-07T14:18:20-03:00	2026-08-07T14:18:21-03:00	0.88	0.80	0.07	37816	0	1	550117	36bfe40eed33c8b8cb491894acd6f63c05c13e0d7a15a6e6f7b9401246d94c6d
go-realjun-folgada	round_robin	71	none	configs/scenarios/geo_9dc_google.yaml	2026-08-07T14:18:21-03:00	2026-08-07T14:18:22-03:00	1.30	1.19	0.10	37824	0	1	550140	36bfe40eed33c8b8cb491894acd6f63c05c13e0d7a15a6e6f7b9401246d94c6d
go-realjun-folgada	worst_fit	52	none	configs/scenarios/geo_9dc_google.yaml	2026-08-07T14:17:58-03:00	2026-08-07T14:18:00-03:00	1.19	1.08	0.10	37840	0	1	549182	36bfe40eed33c8b8cb491894acd6f63c05c13e0d7a15a6e6f7b9401246d94c6d
go-realjun-folgada	worst_fit	53	none	configs/scenarios/geo_9dc_google.yaml	2026-08-07T14:17:59-03:00	2026-08-07T14:18:00-03:00	1.13	1.03	0.08	37824	0	1	549195	36bfe40eed33c8b8cb491894acd6f63c05c13e0d7a15a6e6f7b9401246d94c6d
go-realjun-folgada	worst_fit	54	none	configs/scenarios/geo_9dc_google.yaml	2026-08-07T14:18:00-03:00	2026-08-07T14:18:01-03:00	1.19	1.11	0.07	37820	0	1	549229	36bfe40eed33c8b8cb491894acd6f63c05c13e0d7a15a6e6f7b9401246d94c6d
go-realjun-folgada	worst_fit	55	none	configs/scenarios/geo_9dc_google.yaml	2026-08-07T14:18:00-03:00	2026-08-07T14:18:01-03:00	1.16	1.07	0.08	37776	0	1	549252	36bfe40eed33c8b8cb491894acd6f63c05c13e0d7a15a6e6f7b9401246d94c6d
go-realjun-folgada	worst_fit	56	none	configs/scenarios/geo_9dc_google.yaml	2026-08-07T14:18:01-03:00	2026-08-07T14:18:02-03:00	1.01	0.91	0.09	37908	0	1	549265	36bfe40eed33c8b8cb491894acd6f63c05c13e0d7a15a6e6f7b9401246d94c6d
go-realjun-folgada	worst_fit	57	none	configs/scenarios/geo_9dc_google.yaml	2026-08-07T14:18:01-03:00	2026-08-07T14:18:02-03:00	0.94	0.84	0.08	37940	0	1	549289	36bfe40eed33c8b8cb491894acd6f63c05c13e0d7a15a6e6f7b9401246d94c6d
go-realjun-folgada	worst_fit	58	none	configs/scenarios/geo_9dc_google.yaml	2026-08-07T14:18:02-03:00	2026-08-07T14:18:03-03:00	1.20	1.08	0.10	37756	0	1	549323	36bfe40eed33c8b8cb491894acd6f63c05c13e0d7a15a6e6f7b9401246d94c6d
go-realjun-folgada	worst_fit	59	none	configs/scenarios/geo_9dc_google.yaml	2026-08-07T14:18:02-03:00	2026-08-07T14:18:03-03:00	1.24	1.14	0.10	37784	0	1	549336	36bfe40eed33c8b8cb491894acd6f63c05c13e0d7a15a6e6f7b9401246d94c6d
go-realjun-folgada	worst_fit	60	none	configs/scenarios/geo_9dc_google.yaml	2026-08-07T14:18:03-03:00	2026-08-07T14:18:04-03:00	1.23	1.11	0.09	37788	0	1	549368	36bfe40eed33c8b8cb491894acd6f63c05c13e0d7a15a6e6f7b9401246d94c6d
go-realjun-folgada	worst_fit	61	none	configs/scenarios/geo_9dc_google.yaml	2026-08-07T14:18:03-03:00	2026-08-07T14:18:05-03:00	1.21	1.08	0.10	37748	0	1	549391	36bfe40eed33c8b8cb491894acd6f63c05c13e0d7a15a6e6f7b9401246d94c6d
go-realjun-folgada	worst_fit	62	none	configs/scenarios/geo_9dc_google.yaml	2026-08-07T14:18:04-03:00	2026-08-07T14:18:06-03:00	1.19	1.09	0.10	37860	0	1	549439	36bfe40eed33c8b8cb491894acd6f63c05c13e0d7a15a6e6f7b9401246d94c6d
go-realjun-folgada	worst_fit	63	none	configs/scenarios/geo_9dc_google.yaml	2026-08-07T14:18:05-03:00	2026-08-07T14:18:06-03:00	1.29	1.17	0.09	37888	0	1	549453	36bfe40eed33c8b8cb491894acd6f63c05c13e0d7a15a6e6f7b9401246d94c6d
go-realjun-folgada	worst_fit	64	none	configs/scenarios/geo_9dc_google.yaml	2026-08-07T14:18:06-03:00	2026-08-07T14:18:07-03:00	1.21	1.10	0.09	37856	0	1	549476	36bfe40eed33c8b8cb491894acd6f63c05c13e0d7a15a6e6f7b9401246d94c6d
go-realjun-folgada	worst_fit	65	none	configs/scenarios/geo_9dc_google.yaml	2026-08-07T14:18:06-03:00	2026-08-07T14:18:07-03:00	1.37	1.24	0.12	37820	0	1	549507	36bfe40eed33c8b8cb491894acd6f63c05c13e0d7a15a6e6f7b9401246d94c6d
go-realjun-folgada	worst_fit	66	none	configs/scenarios/geo_9dc_google.yaml	2026-08-07T14:18:07-03:00	2026-08-07T14:18:08-03:00	1.33	1.20	0.10	37820	0	1	549520	36bfe40eed33c8b8cb491894acd6f63c05c13e0d7a15a6e6f7b9401246d94c6d
go-realjun-folgada	worst_fit	67	none	configs/scenarios/geo_9dc_google.yaml	2026-08-07T14:18:07-03:00	2026-08-07T14:18:09-03:00	1.21	1.10	0.10	37876	0	1	549544	36bfe40eed33c8b8cb491894acd6f63c05c13e0d7a15a6e6f7b9401246d94c6d
go-realjun-folgada	worst_fit	68	none	configs/scenarios/geo_9dc_google.yaml	2026-08-07T14:18:08-03:00	2026-08-07T14:18:09-03:00	1.30	1.19	0.10	37828	0	1	549596	36bfe40eed33c8b8cb491894acd6f63c05c13e0d7a15a6e6f7b9401246d94c6d
go-realjun-folgada	worst_fit	69	none	configs/scenarios/geo_9dc_google.yaml	2026-08-07T14:18:09-03:00	2026-08-07T14:18:10-03:00	1.19	1.10	0.09	37900	0	1	549609	36bfe40eed33c8b8cb491894acd6f63c05c13e0d7a15a6e6f7b9401246d94c6d
go-realjun-folgada	worst_fit	70	none	configs/scenarios/geo_9dc_google.yaml	2026-08-07T14:18:09-03:00	2026-08-07T14:18:11-03:00	1.33	1.22	0.10	37828	0	1	549633	36bfe40eed33c8b8cb491894acd6f63c05c13e0d7a15a6e6f7b9401246d94c6d
go-realjun-folgada	worst_fit	71	none	configs/scenarios/geo_9dc_google.yaml	2026-08-07T14:18:10-03:00	2026-08-07T14:18:11-03:00	1.18	1.06	0.09	37808	0	1	549657	36bfe40eed33c8b8cb491894acd6f63c05c13e0d7a15a6e6f7b9401246d94c6d
go-realjun-folgada	wsnb	52	none	configs/scenarios/geo_9dc_google.yaml	2026-08-07T14:18:48-03:00	2026-08-07T14:18:49-03:00	1.22	1.10	0.10	37860	0	1	551729	36bfe40eed33c8b8cb491894acd6f63c05c13e0d7a15a6e6f7b9401246d94c6d
go-realjun-folgada	wsnb	53	none	configs/scenarios/geo_9dc_google.yaml	2026-08-07T14:18:49-03:00	2026-08-07T14:18:50-03:00	1.29	1.18	0.10	37844	0	1	551796	36bfe40eed33c8b8cb491894acd6f63c05c13e0d7a15a6e6f7b9401246d94c6d
go-realjun-folgada	wsnb	54	none	configs/scenarios/geo_9dc_google.yaml	2026-08-07T14:18:49-03:00	2026-08-07T14:18:50-03:00	1.22	1.08	0.10	37788	0	1	551798	36bfe40eed33c8b8cb491894acd6f63c05c13e0d7a15a6e6f7b9401246d94c6d
go-realjun-folgada	wsnb	55	none	configs/scenarios/geo_9dc_google.yaml	2026-08-07T14:18:49-03:00	2026-08-07T14:18:50-03:00	1.32	1.21	0.10	37784	0	1	551802	36bfe40eed33c8b8cb491894acd6f63c05c13e0d7a15a6e6f7b9401246d94c6d
go-realjun-folgada	wsnb	56	none	configs/scenarios/geo_9dc_google.yaml	2026-08-07T14:18:49-03:00	2026-08-07T14:18:50-03:00	0.92	0.82	0.09	37756	0	1	551831	36bfe40eed33c8b8cb491894acd6f63c05c13e0d7a15a6e6f7b9401246d94c6d
go-realjun-folgada	wsnb	57	none	configs/scenarios/geo_9dc_google.yaml	2026-08-07T14:18:50-03:00	2026-08-07T14:18:51-03:00	0.85	0.74	0.09	37696	0	1	551844	36bfe40eed33c8b8cb491894acd6f63c05c13e0d7a15a6e6f7b9401246d94c6d
go-realjun-folgada	wsnb	58	none	configs/scenarios/geo_9dc_google.yaml	2026-08-07T14:18:50-03:00	2026-08-07T14:18:51-03:00	1.24	1.13	0.11	37756	0	1	551857	36bfe40eed33c8b8cb491894acd6f63c05c13e0d7a15a6e6f7b9401246d94c6d
go-realjun-folgada	wsnb	59	none	configs/scenarios/geo_9dc_google.yaml	2026-08-07T14:18:50-03:00	2026-08-07T14:18:51-03:00	1.29	1.18	0.10	37860	0	1	551870	36bfe40eed33c8b8cb491894acd6f63c05c13e0d7a15a6e6f7b9401246d94c6d
go-realjun-folgada	wsnb	60	none	configs/scenarios/geo_9dc_google.yaml	2026-08-07T14:18:50-03:00	2026-08-07T14:18:51-03:00	1.27	1.16	0.09	37844	0	1	551883	36bfe40eed33c8b8cb491894acd6f63c05c13e0d7a15a6e6f7b9401246d94c6d
go-realjun-folgada	wsnb	61	none	configs/scenarios/geo_9dc_google.yaml	2026-08-07T14:18:51-03:00	2026-08-07T14:18:52-03:00	1.25	1.14	0.11	37868	0	1	551913	36bfe40eed33c8b8cb491894acd6f63c05c13e0d7a15a6e6f7b9401246d94c6d
go-realjun-folgada	wsnb	62	none	configs/scenarios/geo_9dc_google.yaml	2026-08-07T14:18:51-03:00	2026-08-07T14:18:52-03:00	1.27	1.17	0.09	37812	0	1	551936	36bfe40eed33c8b8cb491894acd6f63c05c13e0d7a15a6e6f7b9401246d94c6d
go-realjun-folgada	wsnb	63	none	configs/scenarios/geo_9dc_google.yaml	2026-08-07T14:18:51-03:00	2026-08-07T14:18:53-03:00	1.26	1.16	0.09	37872	0	1	551949	36bfe40eed33c8b8cb491894acd6f63c05c13e0d7a15a6e6f7b9401246d94c6d
go-realjun-folgada	wsnb	64	none	configs/scenarios/geo_9dc_google.yaml	2026-08-07T14:18:51-03:00	2026-08-07T14:18:53-03:00	1.30	1.18	0.11	37972	0	1	551962	36bfe40eed33c8b8cb491894acd6f63c05c13e0d7a15a6e6f7b9401246d94c6d
go-realjun-folgada	wsnb	65	none	configs/scenarios/geo_9dc_google.yaml	2026-08-07T14:18:52-03:00	2026-08-07T14:18:53-03:00	1.24	1.15	0.08	37876	0	1	551975	36bfe40eed33c8b8cb491894acd6f63c05c13e0d7a15a6e6f7b9401246d94c6d
go-realjun-folgada	wsnb	66	none	configs/scenarios/geo_9dc_google.yaml	2026-08-07T14:18:52-03:00	2026-08-07T14:18:54-03:00	1.25	1.14	0.09	37832	0	1	551995	36bfe40eed33c8b8cb491894acd6f63c05c13e0d7a15a6e6f7b9401246d94c6d
go-realjun-folgada	wsnb	67	none	configs/scenarios/geo_9dc_google.yaml	2026-08-07T14:18:53-03:00	2026-08-07T14:18:54-03:00	1.27	1.16	0.09	37812	0	1	552008	36bfe40eed33c8b8cb491894acd6f63c05c13e0d7a15a6e6f7b9401246d94c6d
go-realjun-folgada	wsnb	68	none	configs/scenarios/geo_9dc_google.yaml	2026-08-07T14:18:53-03:00	2026-08-07T14:18:54-03:00	1.16	1.06	0.09	37796	0	1	552021	36bfe40eed33c8b8cb491894acd6f63c05c13e0d7a15a6e6f7b9401246d94c6d
go-realjun-folgada	wsnb	69	none	configs/scenarios/geo_9dc_google.yaml	2026-08-07T14:18:53-03:00	2026-08-07T14:18:54-03:00	0.91	0.82	0.08	37932	0	1	552055	36bfe40eed33c8b8cb491894acd6f63c05c13e0d7a15a6e6f7b9401246d94c6d
go-realjun-folgada	wsnb	70	none	configs/scenarios/geo_9dc_google.yaml	2026-08-07T14:18:54-03:00	2026-08-07T14:18:55-03:00	1.26	1.15	0.10	37820	0	1	552085	36bfe40eed33c8b8cb491894acd6f63c05c13e0d7a15a6e6f7b9401246d94c6d
go-realjun-folgada	wsnb	71	none	configs/scenarios/geo_9dc_google.yaml	2026-08-07T14:18:54-03:00	2026-08-07T14:18:55-03:00	1.05	0.95	0.09	37968	0	1	552098	36bfe40eed33c8b8cb491894acd6f63c05c13e0d7a15a6e6f7b9401246d94c6d
