t_seconds,gco2_per_kwh
0,438.0
3600,410.37
7200,400.23
10800,408.27
14400,433.95
18000,475.5
21600,530.11
25200,594.04
28800,662.95
32400,732.13
36000,796.88
39600,852.77
43200,896.0
46800,923.63
50400,933.77
54000,925.73
57600,900.05
61200,858.5
64800,803.89
68400,739.96
72000,671.05
75600,601.87
79200,537.12
82800,481.23
86400,438.0
90000,410.37
93600,400.23
97200,408.27
100800,433.95
104400,475.5
108000,530.11
111600,594.04
115200,662.95
118800,732.13
122400,796.88
126000,852.77
129600,896.0
133200,923.63
136800,933.77
140400,925.73
144000,900.05
147600,858.5
151200,803.89
154800,739.96
158400,671.05
162000,601.87
165600,537.12
169200,481.23
172800,438.0
176400,410.37
180000,400.23
183600,408.27
187200,433.95
190800,475.5
194400,530.11
198000,594.04
201600,662.95
205200,732.13
208800,796.88
212400,852.77
216000,896.0
219600,923.63
223200,933.77
226800,925.73
230400,900.05
234000,858.5
237600,803.89
241200,739.96
244800,671.05
248400,601.87
252000,537.12
255600,481.23
259200,438.0
262800,410.37
266400,400.23
270000,408.27
273600,433.95
277200,475.5
280800,530.11
284400,594.04
288000,662.95
291600,732.13
295200,796.88
298800,852.77
302400,896.0
306000,923.63
309600,933.77
313200,925.73
316800,900.05
320400,858.5
324000,803.89
327600,739.96
331200,671.05
334800,601.87
338400,537.12
342000,481.23
345600,438.0
349200,410.37
352800,400.23
356400,408.27
360000,433.95
363600,475.5
367200,530.11
370800,594.04
374400,662.95
378000,732.13
381600,796.88
385200,852.77
388800,896.0
392400,923.63
396000,933.77
399600,925.73
403200,900.05
406800,858.5
410400,803.89
414000,739.96
417600,671.05
421200,601.87
424800,537.12
428400,481.23
432000,438.0
435600,410.37
439200,400.23
442800,408.27
446400,433.95
450000,475.5
453600,530.11
457200,594.04
460800,662.95
464400,732.13
468000,796.88
471600,852.77
475200,896.0
478800,923.63
482400,933.77
486000,925.73
489600,900.05
493200,858.5
496800,803.89
500400,739.96
504000,671.05
507600,601.87
511200,537.12
514800,481.23
518400,438.0
522000,410.37
525600,400.23
529200,408.27
532800,433.95
536400,475.5
540000,530.11
543600,594.04
547200,662.95
550800,732.13
554400,796.88
558000,852.77
561600,896.0
565200,923.63
568800,933.77
572400,925.73
576000,900.05
579600,858.5
583200,803.89
586800,739.96
590400,671.05
594000,601.87
597600,537.12
601200,481.23
604800,438.0
608400,410.37
612000,400.23
615600,408.27
619200,433.95
622800,475.5
626400,530.11
630000,594.04
633600,662.95
637200,732.13
640800,796.88
644400,852.77
648000,896.0
651600,923.63
655200,933.77
658800,925.73
662400,900.05
666000,858.5
669600,803.89
673200,739.96
676800,671.05
680400,601.87
684000,537.12
687600,481.23
691200,438.0
694800,410.37
698400,400.23
702000,408.27
705600,433.95
709200,475.5
712800,530.11
716400,594.04
720000,662.95
723600,732.13
727200,796.88
730800,852.77
734400,896.0
738000,923.63
741600,933.77
745200,925.73
748800,900.05
752400,858.5
756000,803.89
759600,739.96
763200,671.05
766800,601.87
770400,537.12
774000,481.23
777600,438.0
781200,410.37
784800,400.23
788400,408.27
792000,433.95
795600,475.5
799200,530.11
802800,594.04
806400,662.95
810000,732.13
813600,796.88
817200,852.77
820800,896.0
824400,923.63
828000,933.77
831600,925.73
835200,900.05
838800,858.5
842400,803.89
846000,739.96
849600,671.05
853200,601.87
856800,537.12
860400,481.23
864000,438.0
867600,410.37
871200,400.23
874800,408.27
878400,433.95
882000,475.5
885600,530.11
889200,594.04
892800,662.95
896400,732.13
900000,796.88
903600,852.77
907200,896.0
910800,923.63
914400,933.77
918000,925.73
921600,900.05
925200,858.5
928800,803.89
932400,739.96
936000,671.05
939600,601.87
943200,537.12
946800,481.23
950400,438.0
954000,410.37
957600,400.23
961200,408.27
964800,433.95
968400,475.5
972000,530.11
975600,594.04
979200,662.95
982800,732.13
986400,796.88
990000,852.77
993600,896.0
997200,923.63
1000800,933.77
1004400,925.73
1008000,900.05
1011600,858.5
1015200,803.89
1018800,739.96
1022400,671.05
1026000,601.87
1029600,537.12
1033200,481.23
1036800,438.0
1040400,410.37
1044000,400.23
1047600,408.27
1051200,433.95
1054800,475.5
1058400,530.11
1062000,594.04
1065600,662.95
1069200,732.13
1072800,796.88
1076400,852.77
1080000,896.0
1083600,923.63
1087200,933.77
1090800,925.73
1094400,900.05
1098000,858.5
1101600,803.89
1105200,739.96
1108800,671.05
1112400,601.87
1116000,537.12
1119600,481.23
1123200,438.0
1126800,410.37
1130400,400.23
1134000,408.27
1137600,433.95
1141200,475.5
1144800,530.11
1148400,594.04
1152000,662.95
1155600,732.13
1159200,796.88
1162800,852.77
1166400,896.0
1170000,923.63
1173600,933.77
1177200,925.73
1180800,900.05
1184400,858.5
1188000,803.89
1191600,739.96
1195200,671.05
1198800,601.87
1202400,537.12
1206000,481.23
1209600,438.0
1213200,410.37
1216800,400.23
1220400,408.27
1224000,433.95
1227600,475.5
1231200,530.11
1234800,594.04
1238400,662.95
1242000,732.13
1245600,796.88
1249200,852.77
1252800,896.0
1256400,923.63
1260000,933.77
1263600,925.73
1267200,900.05
1270800,858.5
1274400,803.89
1278000,739.96
1281600,671.05
1285200,601.87
1288800,537.12
1292400,481.23
1296000,438.0
1299600,410.37
1303200,400.23
1306800,408.27
1310400,433.95
1314000,475.5
1317600,530.11
1321200,594.04
1324800,662.95
1328400,732.13
1332000,796.88
1335600,852.77
1339200,896.0
1342800,923.63
1346400,933.77
1350000,925.73
1353600,900.05
1357200,858.5
1360800,803.89
1364400,739.96
1368000,671.05
1371600,601.87
1375200,537.12
1378800,481.23
1382400,438.0
1386000,410.37
1389600,400.23
1393200,408.27
1396800,433.95
1400400,475.5
1404000,530.11
1407600,594.04
1411200,662.95
1414800,732.13
1418400,796.88
1422000,852.77
1425600,896.0
1429200,923.63
1432800,933.77
1436400,925.73
1440000,900.05
1443600,858.5
1447200,803.89
1450800,739.96
1454400,671.05
1458000,601.87
1461600,537.12
1465200,481.23
1468800,438.0
1472400,410.37
1476000,400.23
1479600,408.27
1483200,433.95
1486800,475.5
1490400,530.11
1494000,594.04
1497600,662.95
1501200,732.13
1504800,796.88
1508400,852.77
1512000,896.0
1515600,923.63
1519200,933.77
1522800,925.73
1526400,900.05
1530000,858.5
1533600,803.89
1537200,739.96
1540800,671.05
1544400,601.87
1548000,537.12
1551600,481.23
1555200,438.0
1558800,410.37
1562400,400.23
1566000,408.27
1569600,433.95
1573200,475.5
1576800,530.11
1580400,594.04
1584000,662.95
1587600,732.13
1591200,796.88
1594800,852.77
1598400,896.0
1602000,923.63
1605600,933.77
1609200,925.73
1612800,900.05
1616400,858.5
1620000,803.89
1623600,739.96
1627200,671.05
1630800,601.87
1634400,537.12
1638000,481.23
1641600,438.0
1645200,410.37
1648800,400.23
1652400,408.27
1656000,433.95
1659600,475.5
1663200,530.11
1666800,594.04
1670400,662.95
1674000,732.13
1677600,796.88
1681200,852.77
1684800,896.0
1688400,923.63
1692000,933.77
1695600,925.73
1699200,900.05
1702800,858.5
1706400,803.89
1710000,739.96
1713600,671.05
1717200,601.87
1720800,537.12
1724400,481.23
1728000,438.0
1731600,410.37
1735200,400.23
1738800,408.27
1742400,433.95
1746000,475.5
1749600,530.11
1753200,594.04
1756800,662.95
1760400,732.13
1764000,796.88
1767600,852.77
1771200,896.0
1774800,923.63
1778400,933.77
1782000,925.73
1785600,900.05
1789200,858.5
1792800,803.89
1796400,739.96
1800000,671.05
1803600,601.87
1807200,537.12
1810800,481.23
1814400,438.0
1818000,410.37
1821600,400.23
1825200,408.27
1828800,433.95
1832400,475.5
1836000,530.11
1839600,594.04
1843200,662.95
1846800,732.13
1850400,796.88
1854000,852.77
1857600,896.0
1861200,923.63
1864800,933.77
1868400,925.73
1872000,900.05
1875600,858.5
1879200,803.89
1882800,739.96
1886400,671.05
1890000,601.87
1893600,537.12
1897200,481.23
1900800,438.0
1904400,410.37
1908000,400.23
1911600,408.27
1915200,433.95
1918800,475.5
1922400,530.11
1926000,594.04
1929600,662.95
1933200,732.13
1936800,796.88
1940400,852.77
1944000,896.0
1947600,923.63
1951200,933.77
1954800,925.73
1958400,900.05
1962000,858.5
1965600,803.89
1969200,739.96
1972800,671.05
1976400,601.87
1980000,537.12
1983600,481.23
1987200,438.0
1990800,410.37
1994400,400.23
1998000,408.27
2001600,433.95
2005200,475.5
2008800,530.11
2012400,594.04
2016000,662.95
2019600,732.13
2023200,796.88
2026800,852.77
2030400,896.0
2034000,923.63
2037600,933.77
2041200,925.73
2044800,900.05
2048400,858.5
2052000,803.89
2055600,739.96
2059200,671.05
2062800,601.87
2066400,537.12
2070000,481.23
2073600,438.0
2077200,410.37
2080800,400.23
2084400,408.27
2088000,433.95
2091600,475.5
2095200,530.11
2098800,594.04
2102400,662.95
2106000,732.13
2109600,796.88
2113200,852.77
2116800,896.0
2120400,923.63
2124000,933.77
2127600,925.73
2131200,900.05
2134800,858.5
2138400,803.89
2142000,739.96
2145600,671.05
2149200,601.87
2152800,537.12
2156400,481.23
2160000,438.0
2163600,410.37
2167200,400.23
2170800,408.27
2174400,433.95
2178000,475.5
2181600,530.11
2185200,594.04
2188800,662.95
2192400,732.13
2196000,796.88
2199600,852.77
2203200,896.0
2206800,923.63
2210400,933.77
2214000,925.73
2217600,900.05
2221200,858.5
2224800,803.89
2228400,739.96
2232000,671.05
2235600,601.87
2239200,537.12
2242800,481.23
2246400,438.0
2250000,410.37
2253600,400.23
2257200,408.27
2260800,433.95
2264400,475.5
2268000,530.11
2271600,594.04
2275200,662.95
2278800,732.13
2282400,796.88
2286000,852.77
2289600,896.0
2293200,923.63
2296800,933.77
2300400,925.73
2304000,900.05
2307600,858.5
2311200,803.89
2314800,739.96
2318400,671.05
2322000,601.87
2325600,537.12
2329200,481.23
2332800,438.0
2336400,410.37
2340000,400.23
2343600,408.27
2347200,433.95
2350800,475.5
2354400,530.11
2358000,594.04
2361600,662.95
2365200,732.13
2368800,796.88
2372400,852.77
2376000,896.0
2379600,923.63
2383200,933.77
2386800,925.73
2390400,900.05
2394000,858.5
2397600,803.89
2401200,739.96
2404800,671.05
2408400,601.87
2412000,537.12
2415600,481.23
2419200,438.0
2422800,410.37
2426400,400.23
2430000,408.27
2433600,433.95
2437200,475.5
2440800,530.11
2444400,594.04
2448000,662.95
2451600,732.13
2455200,796.88
2458800,852.77
2462400,896.0
2466000,923.63
2469600,933.77
2473200,925.73
2476800,900.05
2480400,858.5
2484000,803.89
2487600,739.96
2491200,671.05
2494800,601.87
2498400,537.12
2502000,481.23
2505600,438.0
2509200,410.37
2512800,400.23
2516400,408.27
2520000,433.95
2523600,475.5
2527200,530.11
2530800,594.04
2534400,662.95
2538000,732.13
2541600,796.88
2545200,852.77
2548800,896.0
2552400,923.63
2556000,933.77
2559600,925.73
2563200,900.05
2566800,858.5
2570400,803.89
2574000,739.96
2577600,671.05
2581200,601.87
2584800,537.12
2588400,481.23
2592000,438.0
2595600,410.37
2599200,400.23
2602800,408.27
2606400,433.95
2610000,475.5
2613600,530.11
2617200,594.04
2620800,662.95
2624400,732.13
2628000,796.88
2631600,852.77
2635200,896.0
2638800,923.63
2642400,933.77
2646000,925.73
2649600,900.05
2653200,858.5
2656800,803.89
2660400,739.96
2664000,671.05
2667600,601.87
2671200,537.12
2674800,481.23
2678400,438.0
2682000,410.37
2685600,400.23
2689200,408.27
2692800,433.95
2696400,475.5
2700000,530.11
2703600,594.04
2707200,662.95
2710800,732.13
2714400,796.88
2718000,852.77
2721600,896.0
2725200,923.63
2728800,933.77
2732400,925.73
2736000,900.05
2739600,858.5
2743200,803.89
2746800,739.96
2750400,671.05
2754000,601.87
2757600,537.12
2761200,481.23
2764800,438.0
2768400,410.37
2772000,400.23
2775600,408.27
2779200,433.95
2782800,475.5
2786400,530.11
2790000,594.04
2793600,662.95
2797200,732.13
2800800,796.88
2804400,852.77
2808000,896.0
2811600,923.63
2815200,933.77
2818800,925.73
2822400,900.05
2826000,858.5
2829600,803.89
2833200,739.96
2836800,671.05
2840400,601.87
2844000,537.12
2847600,481.23
2851200,438.0
2854800,410.37
2858400,400.23
2862000,408.27
2865600,433.95
2869200,475.5
2872800,530.11
2876400,594.04
2880000,662.95
2883600,732.13
2887200,796.88
2890800,852.77
2894400,896.0
2898000,923.63
2901600,933.77
2905200,925.73
2908800,900.05
2912400,858.5
2916000,803.89
2919600,739.96
2923200,671.05
2926800,601.87
2930400,537.12
2934000,481.23
2937600,438.0
2941200,410.37
2944800,400.23
2948400,408.27
2952000,433.95
2955600,475.5
2959200,530.11
2962800,594.04
2966400,662.95
2970000,732.13
2973600,796.88
2977200,852.77
2980800,896.0
2984400,923.63
2988000,933.77
2991600,925.73
2995200,900.05
2998800,858.5
3002400,803.89
3006000,739.96
3009600,671.05
3013200,601.87
3016800,537.12
3020400,481.23
3024000,438.0
3027600,410.37
3031200,400.23
3034800,408.27
3038400,433.95
3042000,475.5
3045600,530.11
3049200,594.04
3052800,662.95
3056400,732.13
3060000,796.88
3063600,852.77
3067200,896.0
3070800,923.63
3074400,933.77
3078000,925.73
3081600,900.05
3085200,858.5
3088800,803.89
3092400,739.96
3096000,671.05
3099600,601.87
3103200,537.12
3106800,481.23
3110400,438.0
3114000,410.37
3117600,400.23
3121200,408.27
3124800,433.95
3128400,475.5
3132000,530.11
3135600,594.04
3139200,662.95
3142800,732.13
3146400,796.88
3150000,852.77
3153600,896.0
3157200,923.63
3160800,933.77
3164400,925.73
3168000,900.05
3171600,858.5
3175200,803.89
3178800,739.96
3182400,671.05
3186000,601.87
3189600,537.12
3193200,481.23
3196800,438.0
3200400,410.37
3204000,400.23
3207600,408.27
3211200,433.95
3214800,475.5
3218400,530.11
3222000,594.04
3225600,662.95
3229200,732.13
3232800,796.88
3236400,852.77
3240000,896.0
3243600,923.63
3247200,933.77
3250800,925.73
3254400,900.05
3258000,858.5
3261600,803.89
3265200,739.96
3268800,671.05
3272400,601.87
3276000,537.12
3279600,481.23
3283200,438.0
3286800,410.37
3290400,400.23
3294000,408.27
3297600,433.95
3301200,475.5
3304800,530.11
3308400,594.04
3312000,662.95
3315600,732.13
3319200,796.88
3322800,852.77
3326400,896.0
3330000,923.63
3333600,933.77
3337200,925.73
3340800,900.05
3344400,858.5
3348000,803.89
3351600,739.96
3355200,671.05
3358800,601.87
3362400,537.12
3366000,481.23
3369600,438.0
3373200,410.37
3376800,400.23
3380400,408.27
3384000,433.95
3387600,475.5
3391200,530.11
3394800,594.04
3398400,662.95
3402000,732.13
3405600,796.88
3409200,852.77
3412800,896.0
3416400,923.63
3420000,933.77
3423600,925.73
3427200,900.05
3430800,858.5
3434400,803.89
3438000,739.96
3441600,671.05
3445200,601.87
3448800,537.12
3452400,481.23
3456000,438.0
3459600,410.37
3463200,400.23
3466800,408.27
3470400,433.95
3474000,475.5
3477600,530.11
3481200,594.04
3484800,662.95
3488400,732.13
3492000,796.88
3495600,852.77
3499200,896.0
3502800,923.63
3506400,933.77
3510000,925.73
3513600,900.05
3517200,858.5
3520800,803.89
3524400,739.96
3528000,671.05
3531600,601.87
3535200,537.12
3538800,481.23
3542400,438.0
3546000,410.37
3549600,400.23
3553200,408.27
3556800,433.95
3560400,475.5
3564000,530.11
3567600,594.04
3571200,662.95
3574800,732.13
3578400,796.88
3582000,852.77
3585600,896.0
3589200,923.63
3592800,933.77
3596400,925.73
3600000,900.05
3603600,858.5
3607200,803.89
3610800,739.96
3614400,671.05
3618000,601.87
3621600,537.12
3625200,481.23
3628800,438.0
3632400,410.37
3636000,400.23
3639600,408.27
3643200,433.95
3646800,475.5
3650400,530.11
3654000,594.04
3657600,662.95
3661200,732.13
3664800,796.88
3668400,852.77
3672000,896.0
3675600,923.63
3679200,933.77
3682800,925.73
3686400,900.05
3690000,858.5
3693600,803.89
3697200,739.96
3700800,671.05
3704400,601.87
3708000,537.12
3711600,481.23
3715200,438.0
3718800,410.37
3722400,400.23
3726000,408.27
3729600,433.95
3733200,475.5
3736800,530.11
3740400,594.04
3744000,662.95
3747600,732.13
3751200,796.88
3754800,852.77
3758400,896.0
3762000,923.63
3765600,933.77
3769200,925.73
3772800,900.05
3776400,858.5
3780000,803.89
3783600,739.96
3787200,671.05
3790800,601.87
3794400,537.12
3798000,481.23
3801600,438.0
3805200,410.37
3808800,400.23
3812400,408.27
3816000,433.95
3819600,475.5
3823200,530.11
3826800,594.04
3830400,662.95
3834000,732.13
3837600,796.88
3841200,852.77
3844800,896.0
3848400,923.63
3852000,933.77
3855600,925.73
3859200,900.05
3862800,858.5
3866400,803.89
3870000,739.96
3873600,671.05
3877200,601.87
3880800,537.12
3884400,481.23
3888000,438.0
3891600,410.37
3895200,400.23
3898800,408.27
3902400,433.95
3906000,475.5
3909600,530.11
3913200,594.04
3916800,662.95
3920400,732.13
3924000,796.88
3927600,852.77
3931200,896.0
3934800,923.63
3938400,933.77
3942000,925.73
3945600,900.05
3949200,858.5
3952800,803.89
3956400,739.96
3960000,671.05
3963600,601.87
3967200,537.12
3970800,481.23
3974400,438.0
3978000,410.37
3981600,400.23
3985200,408.27
3988800,433.95
3992400,475.5
3996000,530.11
3999600,594.04
4003200,662.95
4006800,732.13
4010400,796.88
4014000,852.77
4017600,896.0
4021200,923.63
4024800,933.77
4028400,925.73
4032000,900.05
4035600,858.5
4039200,803.89
4042800,739.96
4046400,671.05
4050000,601.87
4053600,537.12
4057200,481.23
4060800,438.0
4064400,410.37
4068000,400.23
4071600,408.27
4075200,433.95
4078800,475.5
4082400,530.11
4086000,594.04
4089600,662.95
4093200,732.13
4096800,796.88
4100400,852.77
4104000,896.0
4107600,923.63
4111200,933.77
4114800,925.73
4118400,900.05
4122000,858.5
4125600,803.89
4129200,739.96
4132800,671.05
4136400,601.87
4140000,537.12
4143600,481.23
4147200,438.0
4150800,410.37
4154400,400.23
4158000,408.27
4161600,433.95
4165200,475.5
4168800,530.11
4172400,594.04
4176000,662.95
4179600,732.13
4183200,796.88
4186800,852.77
4190400,896.0
4194000,923.63
4197600,933.77
4201200,925.73
4204800,900.05
4208400,858.5
4212000,803.89
4215600,739.96
4219200,671.05
4222800,601.87
4226400,537.12
4230000,481.23
4233600,438.0
4237200,410.37
4240800,400.23
4244400,408.27
4248000,433.95
4251600,475.5
4255200,530.11
4258800,594.04
4262400,662.95
4266000,732.13
4269600,796.88
4273200,852.77
4276800,896.0
4280400,923.63
4284000,933.77
4287600,925.73
4291200,900.05
4294800,858.5
4298400,803.89
4302000,739.96
4305600,671.05
4309200,601.87
4312800,537.12
4316400,481.23
4320000,438.0
4323600,410.37
4327200,400.23
4330800,408.27
4334400,433.95
4338000,475.5
4341600,530.11
4345200,594.04
4348800,662.95
4352400,732.13
4356000,796.88
4359600,852.77
4363200,896.0
4366800,923.63
4370400,933.77
4374000,925.73
4377600,900.05
4381200,858.5
4384800,803.89
4388400,739.96
4392000,671.05
4395600,601.87
4399200,537.12
4402800,481.23
4406400,438.0
4410000,410.37
4413600,400.23
4417200,408.27
4420800,433.95
4424400,475.5
4428000,530.11
4431600,594.04
4435200,662.95
4438800,732.13
4442400,796.88
4446000,852.77
4449600,896.0
4453200,923.63
4456800,933.77
4460400,925.73
4464000,900.05
4467600,858.5
4471200,803.89
4474800,739.96
4478400,671.05
4482000,601.87
4485600,537.12
4489200,481.23
4492800,438.0
4496400,410.37
4500000,400.23
4503600,408.27
4507200,433.95
4510800,475.5
4514400,530.11
4518000,594.04
4521600,662.95
4525200,732.13
4528800,796.88
4532400,852.77
4536000,896.0
4539600,923.63
4543200,933.77
4546800,925.73
4550400,900.05
4554000,858.5
4557600,803.89
4561200,739.96
4564800,671.05
4568400,601.87
4572000,537.12
4575600,481.23
4579200,438.0
4582800,410.37
4586400,400.23
4590000,408.27
4593600,433.95
4597200,475.5
4600800,530.11
4604400,594.04
4608000,662.95
4611600,732.13
4615200,796.88
4618800,852.77
4622400,896.0
4626000,923.63
4629600,933.77
4633200,925.73
4636800,900.05
4640400,858.5
4644000,803.89
4647600,739.96
4651200,671.05
4654800,601.87
4658400,537.12
4662000,481.23
4665600,438.0
4669200,410.37
4672800,400.23
4676400,408.27
4680000,433.95
4683600,475.5
4687200,530.11
4690800,594.04
4694400,662.95
4698000,732.13
4701600,796.88
4705200,852.77
4708800,896.0
4712400,923.63
4716000,933.77
4719600,925.73
4723200,900.05
4726800,858.5
4730400,803.89
4734000,739.96
4737600,671.05
4741200,601.87
4744800,537.12
4748400,481.23
4752000,438.0
4755600,410.37
4759200,400.23
4762800,408.27
4766400,433.95
4770000,475.5
4773600,530.11
4777200,594.04
4780800,662.95
4784400,732.13
4788000,796.88
4791600,852.77
4795200,896.0
4798800,923.63
4802400,933.77
4806000,925.73
4809600,900.05
4813200,858.5
4816800,803.89
4820400,739.96
4824000,671.05
4827600,601.87
4831200,537.12
4834800,481.23
4838400,438.0
4842000,410.37
4845600,400.23
4849200,408.27
4852800,433.95
4856400,475.5
4860000,530.11
4863600,594.04
4867200,662.95
4870800,732.13
4874400,796.88
4878000,852.77
4881600,896.0
4885200,923.63
4888800,933.77
4892400,925.73
4896000,900.05
4899600,858.5
4903200,803.89
4906800,739.96
4910400,671.05
4914000,601.87
4917600,537.12
4921200,481.23
4924800,438.0
4928400,410.37
4932000,400.23
4935600,408.27
4939200,433.95
4942800,475.5
4946400,530.11
4950000,594.04
4953600,662.95
4957200,732.13
4960800,796.88
4964400,852.77
4968000,896.0
4971600,923.63
4975200,933.77
4978800,925.73
4982400,900.05
4986000,858.5
4989600,803.89
4993200,739.96
4996800,671.05
5000400,601.87
5004000,537.12
5007600,481.23
5011200,438.0
5014800,410.37
5018400,400.23
5022000,408.27
5025600,433.95
5029200,475.5
5032800,530.11
5036400,594.04
5040000,662.95
5043600,732.13
5047200,796.88
5050800,852.77
5054400,896.0
5058000,923.63
5061600,933.77
5065200,925.73
5068800,900.05
5072400,858.5
5076000,803.89
5079600,739.96
5083200,671.05
5086800,601.87
5090400,537.12
5094000,481.23
5097600,438.0
5101200,410.37
5104800,400.23
5108400,408.27
5112000,433.95
5115600,475.5
5119200,530.11
5122800,594.04
5126400,662.95
5130000,732.13
5133600,796.88
5137200,852.77
5140800,896.0
5144400,923.63
5148000,933.77
5151600,925.73
5155200,900.05
5158800,858.5
5162400,803.89
5166000,739.96
5169600,671.05
5173200,601.87
5176800,537.12
5180400,481.23
5184000,438.0
5187600,410.37
5191200,400.23
5194800,408.27
5198400,433.95
5202000,475.5
5205600,530.11
5209200,594.04
5212800,662.95
5216400,732.13
5220000,796.88
5223600,852.77
5227200,896.0
5230800,923.63
5234400,933.77
5238000,925.73
5241600,900.05
5245200,858.5
5248800,803.89
5252400,739.96
5256000,671.05
5259600,601.87
5263200,537.12
5266800,481.23
5270400,438.0
5274000,410.37
5277600,400.23
5281200,408.27
5284800,433.95
5288400,475.5
5292000,530.11
5295600,594.04
5299200,662.95
5302800,732.13
5306400,796.88
5310000,852.77
5313600,896.0
5317200,923.63
5320800,933.77
5324400,925.73
5328000,900.05
5331600,858.5
5335200,803.89
5338800,739.96
5342400,671.05
5346000,601.87
5349600,537.12
5353200,481.23
5356800,438.0
5360400,410.37
5364000,400.23
5367600,408.27
5371200,433.95
5374800,475.5
5378400,530.11
5382000,594.04
5385600,662.95
5389200,732.13
5392800,796.88
5396400,852.77
5400000,896.0
5403600,923.63
5407200,933.77
5410800,925.73
5414400,900.05
5418000,858.5
5421600,803.89
5425200,739.96
5428800,671.05
5432400,601.87
5436000,537.12
5439600,481.23
5443200,438.0
5446800,410.37
5450400,400.23
5454000,408.27
5457600,433.95
5461200,475.5
5464800,530.11
5468400,594.04
5472000,662.95
5475600,732.13
5479200,796.88
5482800,852.77
5486400,896.0
5490000,923.63
5493600,933.77
5497200,925.73
5500800,900.05
5504400,858.5
5508000,803.89
5511600,739.96
5515200,671.05
5518800,601.87
5522400,537.12
5526000,481.23
5529600,438.0
5533200,410.37
5536800,400.23
5540400,408.27
5544000,433.95
5547600,475.5
5551200,530.11
5554800,594.04
5558400,662.95
5562000,732.13
5565600,796.88
5569200,852.77
5572800,896.0
5576400,923.63
5580000,933.77
5583600,925.73
5587200,900.05
5590800,858.5
5594400,803.89
5598000,739.96
5601600,671.05
5605200,601.87
5608800,537.12
5612400,481.23
5616000,438.0
5619600,410.37
5623200,400.23
5626800,408.27
5630400,433.95
5634000,475.5
5637600,530.11
5641200,594.04
5644800,662.95
5648400,732.13
5652000,796.88
5655600,852.77
5659200,896.0
5662800,923.63
5666400,933.77
5670000,925.73
5673600,900.05
5677200,858.5
5680800,803.89
5684400,739.96
5688000,671.05
5691600,601.87
5695200,537.12
5698800,481.23
5702400,438.0
5706000,410.37
5709600,400.23
5713200,408.27
5716800,433.95
5720400,475.5
5724000,530.11
5727600,594.04
5731200,662.95
5734800,732.13
5738400,796.88
5742000,852.77
5745600,896.0
5749200,923.63
5752800,933.77
5756400,925.73
5760000,900.05
5763600,858.5
5767200,803.89
5770800,739.96
5774400,671.05
5778000,601.87
5781600,537.12
5785200,481.23
5788800,438.0
5792400,410.37
5796000,400.23
5799600,408.27
5803200,433.95
5806800,475.5
5810400,530.11
5814000,594.04
5817600,662.95
5821200,732.13
5824800,796.88
5828400,852.77
5832000,896.0
5835600,923.63
5839200,933.77
5842800,925.73
5846400,900.05
5850000,858.5
5853600,803.89
5857200,739.96
5860800,671.05
5864400,601.87
5868000,537.12
5871600,481.23
5875200,438.0
5878800,410.37
5882400,400.23
5886000,408.27
5889600,433.95
5893200,475.5
5896800,530.11
5900400,594.04
5904000,662.95
5907600,732.13
5911200,796.88
5914800,852.77
5918400,896.0
5922000,923.63
5925600,933.77
5929200,925.73
5932800,900.05
5936400,858.5
5940000,803.89
5943600,739.96
5947200,671.05
5950800,601.87
5954400,537.12
5958000,481.23
5961600,438.0
5965200,410.37
5968800,400.23
5972400,408.27
5976000,433.95
5979600,475.5
5983200,530.11
5986800,594.04
5990400,662.95
5994000,732.13
5997600,796.88
6001200,852.77
6004800,896.0
6008400,923.63
6012000,933.77
6015600,925.73
6019200,900.05
6022800,858.5
6026400,803.89
6030000,739.96
6033600,671.05
6037200,601.87
6040800,537.12
6044400,481.23
6048000,438.0
6051600,410.37
6055200,400.23
6058800,408.27
6062400,433.95
6066000,475.5
6069600,530.11
6073200,594.04
6076800,662.95
6080400,732.13
6084000,796.88
6087600,852.77
6091200,896.0
6094800,923.63
6098400,933.77
6102000,925.73
6105600,900.05
6109200,858.5
6112800,803.89
6116400,739.96
6120000,671.05
6123600,601.87
6127200,537.12
6130800,481.23
6134400,438.0
6138000,410.37
6141600,400.23
6145200,408.27
6148800,433.95
6152400,475.5
6156000,530.11
6159600,594.04
6163200,662.95
6166800,732.13
6170400,796.88
6174000,852.77
6177600,896.0
6181200,923.63
6184800,933.77
6188400,925.73
6192000,900.05
6195600,858.5
6199200,803.89
6202800,739.96
6206400,671.05
6210000,601.87
6213600,537.12
6217200,481.23
6220800,438.0
6224400,410.37
6228000,400.23
6231600,408.27
6235200,433.95
6238800,475.5
6242400,530.11
6246000,594.04
6249600,662.95
6253200,732.13
6256800,796.88
6260400,852.77
6264000,896.0
6267600,923.63
6271200,933.77
6274800,925.73
6278400,900.05
6282000,858.5
6285600,803.89
6289200,739.96
6292800,671.05
6296400,601.87
6300000,537.12
6303600,481.23
6307200,438.0
6310800,410.37
6314400,400.23
6318000,408.27
6321600,433.95
6325200,475.5
6328800,530.11
6332400,594.04
6336000,662.95
6339600,732.13
6343200,796.88
6346800,852.77
6350400,896.0
6354000,923.63
6357600,933.77
6361200,925.73
6364800,900.05
6368400,858.5
6372000,803.89
6375600,739.96
6379200,671.05
6382800,601.87
6386400,537.12
6390000,481.23
6393600,438.0
6397200,410.37
6400800,400.23
6404400,408.27
6408000,433.95
6411600,475.5
6415200,530.11
6418800,594.04
6422400,662.95
6426000,732.13
6429600,796.88
6433200,852.77
6436800,896.0
6440400,923.63
6444000,933.77
6447600,925.73
6451200,900.05
6454800,858.5
6458400,803.89
6462000,739.96
6465600,671.05
6469200,601.87
6472800,537.12
6476400,481.23
6480000,438.0
6483600,410.37
6487200,400.23
6490800,408.27
6494400,433.95
6498000,475.5
6501600,530.11
6505200,594.04
6508800,662.95
6512400,732.13
6516000,796.88
6519600,852.77
6523200,896.0
6526800,923.63
6530400,933.77
6534000,925.73
6537600,900.05
6541200,858.5
6544800,803.89
6548400,739.96
6552000,671.05
6555600,601.87
6559200,537.12
6562800,481.23
6566400,438.0
6570000,410.37
6573600,400.23
6577200,408.27
6580800,433.95
6584400,475.5
6588000,530.11
6591600,594.04
6595200,662.95
6598800,732.13
6602400,796.88
6606000,852.77
6609600,896.0
6613200,923.63
6616800,933.77
6620400,925.73
6624000,900.05
6627600,858.5
6631200,803.89
6634800,739.96
6638400,671.05
6642000,601.87
6645600,537.12
6649200,481.23
6652800,438.0
6656400,410.37
6660000,400.23
6663600,408.27
6667200,433.95
6670800,475.5
6674400,530.11
6678000,594.04
6681600,662.95
6685200,732.13
6688800,796.88
6692400,852.77
6696000,896.0
6699600,923.63
6703200,933.77
6706800,925.73
6710400,900.05
6714000,858.5
6717600,803.89
6721200,739.96
6724800,671.05
6728400,601.87
6732000,537.12
6735600,481.23
6739200,438.0
6742800,410.37
6746400,400.23
6750000,408.27
6753600,433.95
6757200,475.5
6760800,530.11
6764400,594.04
6768000,662.95
6771600,732.13
6775200,796.88
6778800,852.77
6782400,896.0
6786000,923.63
6789600,933.77
6793200,925.73
6796800,900.05
6800400,858.5
6804000,803.89
6807600,739.96
6811200,671.05
6814800,601.87
6818400,537.12
6822000,481.23
6825600,438.0
6829200,410.37
6832800,400.23
6836400,408.27
6840000,433.95
6843600,475.5
6847200,530.11
6850800,594.04
6854400,662.95
6858000,732.13
6861600,796.88
6865200,852.77
6868800,896.0
6872400,923.63
6876000,933.77
6879600,925.73
6883200,900.05
6886800,858.5
6890400,803.89
6894000,739.96
6897600,671.05
6901200,601.87
6904800,537.12
6908400,481.23
6912000,438.0
6915600,410.37
6919200,400.23
6922800,408.27
6926400,433.95
6930000,475.5
6933600,530.11
6937200,594.04
6940800,662.95
6944400,732.13
6948000,796.88
6951600,852.77
6955200,896.0
6958800,923.63
6962400,933.77
6966000,925.73
6969600,900.05
6973200,858.5
6976800,803.89
6980400,739.96
6984000,671.05
6987600,601.87
6991200,537.12
6994800,481.23
6998400,438.0
7002000,410.37
7005600,400.23
7009200,408.27
7012800,433.95
7016400,475.5
7020000,530.11
7023600,594.04
7027200,662.95
7030800,732.13
7034400,796.88
7038000,852.77
7041600,896.0
7045200,923.63
7048800,933.77
7052400,925.73
7056000,900.05
7059600,858.5
7063200,803.89
7066800,739.96
7070400,671.05
7074000,601.87
7077600,537.12
7081200,481.23
7084800,438.0
7088400,410.37
7092000,400.23
7095600,408.27
7099200,433.95
7102800,475.5
7106400,530.11
7110000,594.04
7113600,662.95
7117200,732.13
7120800,796.88
7124400,852.77
7128000,896.0
7131600,923.63
7135200,933.77
7138800,925.73
7142400,900.05
7146000,858.5
7149600,803.89
7153200,739.96
7156800,671.05
7160400,601.87
7164000,537.12
7167600,481.23
7171200,438.0
7174800,410.37
7178400,400.23
7182000,408.27
7185600,433.95
7189200,475.5
7192800,530.11
7196400,594.04
7200000,662.95
7203600,732.13
7207200,796.88
7210800,852.77
7214400,896.0
7218000,923.63
7221600,933.77
7225200,925.73
7228800,900.05
7232400,858.5
7236000,803.89
7239600,739.96
7243200,671.05
7246800,601.87
7250400,537.12
7254000,481.23
7257600,438.0
7261200,410.37
7264800,400.23
7268400,408.27
7272000,433.95
7275600,475.5
7279200,530.11
7282800,594.04
7286400,662.95
7290000,732.13
7293600,796.88
7297200,852.77
7300800,896.0
7304400,923.63
7308000,933.77
7311600,925.73
7315200,900.05
7318800,858.5
7322400,803.89
7326000,739.96
7329600,671.05
7333200,601.87
7336800,537.12
7340400,481.23
7344000,438.0
7347600,410.37
7351200,400.23
7354800,408.27
7358400,433.95
7362000,475.5
7365600,530.11
7369200,594.04
7372800,662.95
7376400,732.13
7380000,796.88
7383600,852.77
7387200,896.0
7390800,923.63
7394400,933.77
7398000,925.73
7401600,900.05
7405200,858.5
7408800,803.89
7412400,739.96
7416000,671.05
7419600,601.87
7423200,537.12
7426800,481.23
7430400,438.0
7434000,410.37
7437600,400.23
7441200,408.27
7444800,433.95
7448400,475.5
7452000,530.11
7455600,594.04
7459200,662.95
7462800,732.13
7466400,796.88
7470000,852.77
7473600,896.0
7477200,923.63
7480800,933.77
7484400,925.73
7488000,900.05
7491600,858.5
7495200,803.89
7498800,739.96
7502400,671.05
7506000,601.87
7509600,537.12
7513200,481.23
7516800,438.0
7520400,410.37
7524000,400.23
7527600,408.27
7531200,433.95
7534800,475.5
7538400,530.11
7542000,594.04
7545600,662.95
7549200,732.13
7552800,796.88
7556400,852.77
7560000,896.0
7563600,923.63
7567200,933.77
7570800,925.73
7574400,900.05
7578000,858.5
7581600,803.89
7585200,739.96
7588800,671.05
7592400,601.87
7596000,537.12
7599600,481.23
7603200,438.0
7606800,410.37
7610400,400.23
7614000,408.27
7617600,433.95
7621200,475.5
7624800,530.11
7628400,594.04
7632000,662.95
7635600,732.13
7639200,796.88
7642800,852.77
7646400,896.0
7650000,923.63
7653600,933.77
7657200,925.73
7660800,900.05
7664400,858.5
7668000,803.89
7671600,739.96
7675200,671.05
7678800,601.87
7682400,537.12
7686000,481.23
7689600,438.0
7693200,410.37
7696800,400.23
7700400,408.27
7704000,433.95
7707600,475.5
7711200,530.11
7714800,594.04
7718400,662.95
7722000,732.13
7725600,796.88
7729200,852.77
7732800,896.0
7736400,923.63
7740000,933.77
7743600,925.73
7747200,900.05
7750800,858.5
7754400,803.89
7758000,739.96
7761600,671.05
7765200,601.87
7768800,537.12
7772400,481.23
7776000,438.0
7779600,410.37
7783200,400.23
7786800,408.27
7790400,433.95
7794000,475.5
7797600,530.11
7801200,594.04
7804800,662.95
7808400,732.13
7812000,796.88
7815600,852.77
7819200,896.0
7822800,923.63
7826400,933.77
7830000,925.73
7833600,900.05
7837200,858.5
7840800,803.89
7844400,739.96
7848000,671.05
7851600,601.87
7855200,537.12
7858800,481.23
7862400,438.0
7866000,410.37
7869600,400.23
7873200,408.27
7876800,433.95
7880400,475.5
7884000,530.11
7887600,594.04
7891200,662.95
7894800,732.13
7898400,796.88
7902000,852.77
7905600,896.0
7909200,923.63
7912800,933.77
7916400,925.73
7920000,900.05
7923600,858.5
7927200,803.89
7930800,739.96
7934400,671.05
7938000,601.87
7941600,537.12
7945200,481.23
7948800,438.0
7952400,410.37
7956000,400.23
7959600,408.27
7963200,433.95
7966800,475.5
7970400,530.11
7974000,594.04
7977600,662.95
7981200,732.13
7984800,796.88
7988400,852.77
7992000,896.0
7995600,923.63
7999200,933.77
8002800,925.73
8006400,900.05
8010000,858.5
8013600,803.89
8017200,739.96
8020800,671.05
8024400,601.87
8028000,537.12
8031600,481.23
8035200,438.0
8038800,410.37
8042400,400.23
8046000,408.27
8049600,433.95
8053200,475.5
8056800,530.11
8060400,594.04
8064000,662.95
8067600,732.13
8071200,796.88
8074800,852.77
8078400,896.0
8082000,923.63
8085600,933.77
8089200,925.73
8092800,900.05
8096400,858.5
8100000,803.89
8103600,739.96
8107200,671.05
8110800,601.87
8114400,537.12
8118000,481.23
8121600,438.0
8125200,410.37
8128800,400.23
8132400,408.27
8136000,433.95
8139600,475.5
8143200,530.11
8146800,594.04
8150400,662.95
8154000,732.13
8157600,796.88
8161200,852.77
8164800,896.0
8168400,923.63
8172000,933.77
8175600,925.73
8179200,900.05
8182800,858.5
8186400,803.89
8190000,739.96
8193600,671.05
8197200,601.87
8200800,537.12
8204400,481.23
8208000,438.0
8211600,410.37
8215200,400.23
8218800,408.27
8222400,433.95
8226000,475.5
8229600,530.11
8233200,594.04
8236800,662.95
8240400,732.13
8244000,796.88
8247600,852.77
8251200,896.0
8254800,923.63
8258400,933.77
8262000,925.73
8265600,900.05
8269200,858.5
8272800,803.89
8276400,739.96
8280000,671.05
8283600,601.87
8287200,537.12
8290800,481.23
8294400,438.0
8298000,410.37
8301600,400.23
8305200,408.27
8308800,433.95
8312400,475.5
8316000,530.11
8319600,594.04
8323200,662.95
8326800,732.13
8330400,796.88
8334000,852.77
8337600,896.0
8341200,923.63
8344800,933.77
8348400,925.73
8352000,900.05
8355600,858.5
8359200,803.89
8362800,739.96
8366400,671.05
8370000,601.87
8373600,537.12
8377200,481.23
8380800,438.0
8384400,410.37
8388000,400.23
8391600,408.27
8395200,433.95
8398800,475.5
8402400,530.11
8406000,594.04
8409600,662.95
8413200,732.13
8416800,796.88
8420400,852.77
8424000,896.0
8427600,923.63
8431200,933.77
8434800,925.73
8438400,900.05
8442000,858.5
8445600,803.89
8449200,739.96
8452800,671.05
8456400,601.87
8460000,537.12
8463600,481.23
8467200,438.0
8470800,410.37
8474400,400.23
8478000,408.27
8481600,433.95
8485200,475.5
8488800,530.11
8492400,594.04
8496000,662.95
8499600,732.13
8503200,796.88
8506800,852.77
8510400,896.0
8514000,923.63
8517600,933.77
8521200,925.73
8524800,900.05
8528400,858.5
8532000,803.89
8535600,739.96
8539200,671.05
8542800,601.87
8546400,537.12
8550000,481.23
8553600,438.0
8557200,410.37
8560800,400.23
8564400,408.27
8568000,433.95
8571600,475.5
8575200,530.11
8578800,594.04
8582400,662.95
8586000,732.13
8589600,796.88
8593200,852.77
8596800,896.0
8600400,923.63
8604000,933.77
8607600,925.73
8611200,900.05
8614800,858.5
8618400,803.89
8622000,739.96
8625600,671.05
8629200,601.87
8632800,537.12
8636400,481.23
8640000,438.0
8643600,410.37
8647200,400.23
8650800,408.27
8654400,433.95
8658000,475.5
8661600,530.11
8665200,594.04
8668800,662.95
8672400,732.13
8676000,796.88
8679600,852.77
8683200,896.0
8686800,923.63
8690400,933.77
8694000,925.73
8697600,900.05
8701200,858.5
8704800,803.89
8708400,739.96
8712000,671.05
8715600,601.87
8719200,537.12
8722800,481.23
8726400,438.0
8730000,410.37
8733600,400.23
8737200,408.27
8740800,433.95
8744400,475.5
8748000,530.11
8751600,594.04
8755200,662.95
8758800,732.13
8762400,796.88
8766000,852.77
8769600,896.0
8773200,923.63
8776800,933.77
8780400,925.73
8784000,900.05
8787600,858.5
8791200,803.89
8794800,739.96
8798400,671.05
8802000,601.87
8805600,537.12
8809200,481.23
8812800,438.0
8816400,410.37
8820000,400.23
8823600,408.27
8827200,433.95
8830800,475.5
8834400,530.11
8838000,594.04
8841600,662.95
8845200,732.13
8848800,796.88
8852400,852.77
8856000,896.0
8859600,923.63
8863200,933.77
8866800,925.73
8870400,900.05
8874000,858.5
8877600,803.89
8881200,739.96
8884800,671.05
8888400,601.87
8892000,537.12
8895600,481.23
8899200,438.0
8902800,410.37
8906400,400.23
8910000,408.27
8913600,433.95
8917200,475.5
8920800,530.11
8924400,594.04
8928000,662.95
8931600,732.13
8935200,796.88
8938800,852.77
8942400,896.0
8946000,923.63
8949600,933.77
8953200,925.73
8956800,900.05
8960400,858.5
8964000,803.89
8967600,739.96
8971200,671.05
8974800,601.87
8978400,537.12
8982000,481.23
8985600,438.0
8989200,410.37
8992800,400.23
8996400,408.27
9000000,433.95
9003600,475.5
9007200,530.11
9010800,594.04
9014400,662.95
9018000,732.13
9021600,796.88
9025200,852.77
9028800,896.0
9032400,923.63
9036000,933.77
9039600,925.73
9043200,900.05
9046800,858.5
9050400,803.89
9054000,739.96
9057600,671.05
9061200,601.87
9064800,537.12
9068400,481.23
9072000,438.0
9075600,410.37
9079200,400.23
9082800,408.27
9086400,433.95
9090000,475.5
9093600,530.11
9097200,594.04
9100800,662.95
9104400,732.13
9108000,796.88
9111600,852.77
9115200,896.0
9118800,923.63
9122400,933.77
9126000,925.73
9129600,900.05
9133200,858.5
9136800,803.89
9140400,739.96
9144000,671.05
9147600,601.87
9151200,537.12
9154800,481.23
9158400,438.0
9162000,410.37
9165600,400.23
9169200,408.27
9172800,433.95
9176400,475.5
9180000,530.11
9183600,594.04
9187200,662.95
9190800,732.13
9194400,796.88
9198000,852.77
9201600,896.0
9205200,923.63
9208800,933.77
9212400,925.73
9216000,900.05
9219600,858.5
9223200,803.89
9226800,739.96
9230400,671.05
9234000,601.87
9237600,537.12
9241200,481.23
9244800,438.0
9248400,410.37
9252000,400.23
9255600,408.27
9259200,433.95
9262800,475.5
9266400,530.11
9270000,594.04
9273600,662.95
9277200,732.13
9280800,796.88
9284400,852.77
9288000,896.0
9291600,923.63
9295200,933.77
9298800,925.73
9302400,900.05
9306000,858.5
9309600,803.89
9313200,739.96
9316800,671.05
9320400,601.87
9324000,537.12
9327600,481.23
9331200,438.0
9334800,410.37
9338400,400.23
9342000,408.27
9345600,433.95
9349200,475.5
9352800,530.11
9356400,594.04
9360000,662.95
9363600,732.13
9367200,796.88
9370800,852.77
9374400,896.0
9378000,923.63
9381600,933.77
9385200,925.73
9388800,900.05
9392400,858.5
9396000,803.89
9399600,739.96
9403200,671.05
9406800,601.87
9410400,537.12
9414000,481.23
9417600,438.0
9421200,410.37
9424800,400.23
9428400,408.27
9432000,433.95
9435600,475.5
9439200,530.11
9442800,594.04
9446400,662.95
9450000,732.13
9453600,796.88
9457200,852.77
9460800,896.0
9464400,923.63
9468000,933.77
9471600,925.73
9475200,900.05
9478800,858.5
9482400,803.89
9486000,739.96
9489600,671.05
9493200,601.87
9496800,537.12
9500400,481.23
9504000,438.0
9507600,410.37
9511200,400.23
9514800,408.27
9518400,433.95
9522000,475.5
9525600,530.11
9529200,594.04
9532800,662.95
9536400,732.13
9540000,796.88
9543600,852.77
9547200,896.0
9550800,923.63
9554400,933.77
9558000,925.73
9561600,900.05
9565200,858.5
9568800,803.89
9572400,739.96
9576000,671.05
9579600,601.87
9583200,537.12
9586800,481.23
9590400,438.0
9594000,410.37
9597600,400.23
9601200,408.27
9604800,433.95
9608400,475.5
9612000,530.11
9615600,594.04
9619200,662.95
9622800,732.13
9626400,796.88
9630000,852.77
9633600,896.0
9637200,923.63
9640800,933.77
9644400,925.73
9648000,900.05
9651600,858.5
9655200,803.89
9658800,739.96
9662400,671.05
9666000,601.87
9669600,537.12
9673200,481.23
9676800,438.0
9680400,410.37
9684000,400.23
9687600,408.27
9691200,433.95
9694800,475.5
9698400,530.11
9702000,594.04
9705600,662.95
9709200,732.13
9712800,796.88
9716400,852.77
9720000,896.0
9723600,923.63
9727200,933.77
9730800,925.73
9734400,900.05
9738000,858.5
9741600,803.89
9745200,739.96
9748800,671.05
9752400,601.87
9756000,537.12
9759600,481.23
9763200,438.0
9766800,410.37
9770400,400.23
9774000,408.27
9777600,433.95
9781200,475.5
9784800,530.11
9788400,594.04
9792000,662.95
9795600,732.13
9799200,796.88
9802800,852.77
9806400,896.0
9810000,923.63
9813600,933.77
9817200,925.73
9820800,900.05
9824400,858.5
9828000,803.89
9831600,739.96
9835200,671.05
9838800,601.87
9842400,537.12
9846000,481.23
9849600,438.0
9853200,410.37
9856800,400.23
9860400,408.27
9864000,433.95
9867600,475.5
9871200,530.11
9874800,594.04
9878400,662.95
9882000,732.13
9885600,796.88
9889200,852.77
9892800,896.0
9896400,923.63
9900000,933.77
9903600,925.73
9907200,900.05
9910800,858.5
9914400,803.89
9918000,739.96
9921600,671.05
9925200,601.87
9928800,537.12
9932400,481.23
9936000,438.0
9939600,410.37
9943200,400.23
9946800,408.27
9950400,433.95
9954000,475.5
9957600,530.11
9961200,594.04
9964800,662.95
9968400,732.13
9972000,796.88
9975600,852.77
9979200,896.0
9982800,923.63
9986400,933.77
9990000,925.73
9993600,900.05
9997200,858.5
10000800,803.89
10004400,739.96
10008000,671.05
10011600,601.87
10015200,537.12
10018800,481.23
10022400,438.0
10026000,410.37
10029600,400.23
10033200,408.27
10036800,433.95
10040400,475.5
10044000,530.11
10047600,594.04
10051200,662.95
10054800,732.13
10058400,796.88
10062000,852.77
10065600,896.0
10069200,923.63
10072800,933.77
10076400,925.73
10080000,900.05
10083600,858.5
10087200,803.89
10090800,739.96
10094400,671.05
10098000,601.87
10101600,537.12
10105200,481.23
10108800,438.0
10112400,410.37
10116000,400.23
10119600,408.27
10123200,433.95
10126800,475.5
10130400,530.11
10134000,594.04
10137600,662.95
10141200,732.13
10144800,796.88
10148400,852.77
10152000,896.0
10155600,923.63
10159200,933.77
10162800,925.73
10166400,900.05
10170000,858.5
10173600,803.89
10177200,739.96
10180800,671.05
10184400,601.87
10188000,537.12
10191600,481.23
10195200,438.0
10198800,410.37
10202400,400.23
10206000,408.27
10209600,433.95
10213200,475.5
10216800,530.11
10220400,594.04
10224000,662.95
10227600,732.13
10231200,796.88
10234800,852.77
10238400,896.0
10242000,923.63
10245600,933.77
10249200,925.73
10252800,900.05
10256400,858.5
10260000,803.89
10263600,739.96
10267200,671.05
10270800,601.87
10274400,537.12
10278000,481.23
10281600,438.0
10285200,410.37
10288800,400.23
10292400,408.27
10296000,433.95
10299600,475.5
10303200,530.11
10306800,594.04
10310400,662.95
10314000,732.13
10317600,796.88
10321200,852.77
10324800,896.0
10328400,923.63
10332000,933.77
10335600,925.73
10339200,900.05
10342800,858.5
10346400,803.89
10350000,739.96
10353600,671.05
10357200,601.87
10360800,537.12
10364400,481.23
10368000,438.0
10371600,410.37
10375200,400.23
10378800,408.27
10382400,433.95
10386000,475.5
10389600,530.11
10393200,594.04
10396800,662.95
10400400,732.13
10404000,796.88
10407600,852.77
10411200,896.0
10414800,923.63
10418400,933.77
10422000,925.73
10425600,900.05
10429200,858.5
10432800,803.89
10436400,739.96
10440000,671.05
10443600,601.87
10447200,537.12
10450800,481.23
10454400,438.0
10458000,410.37
10461600,400.23
10465200,408.27
10468800,433.95
10472400,475.5
10476000,530.11
10479600,594.04
10483200,662.95
10486800,732.13
10490400,796.88
10494000,852.77
10497600,896.0
10501200,923.63
10504800,933.77
10508400,925.73
10512000,900.05
10515600,858.5
10519200,803.89
10522800,739.96
10526400,671.05
10530000,601.87
10533600,537.12
10537200,481.23
10540800,438.0
10544400,410.37
10548000,400.23
10551600,408.27
10555200,433.95
10558800,475.5
10562400,530.11
10566000,594.04
10569600,662.95
10573200,732.13
10576800,796.88
10580400,852.77
10584000,896.0
10587600,923.63
10591200,933.77
10594800,925.73
10598400,900.05
10602000,858.5
10605600,803.89
10609200,739.96
10612800,671.05
10616400,601.87
10620000,537.12
10623600,481.23
10627200,438.0
10630800,410.37
10634400,400.23
10638000,408.27
10641600,433.95
10645200,475.5
10648800,530.11
10652400,594.04
10656000,662.95
10659600,732.13
10663200,796.88
10666800,852.77
10670400,896.0
10674000,923.63
10677600,933.77
10681200,925.73
10684800,900.05
10688400,858.5
10692000,803.89
10695600,739.96
10699200,671.05
10702800,601.87
10706400,537.12
10710000,481.23
10713600,438.0
10717200,410.37
10720800,400.23
10724400,408.27
10728000,433.95
10731600,475.5
10735200,530.11
10738800,594.04
10742400,662.95
10746000,732.13
10749600,796.88
10753200,852.77
10756800,896.0
10760400,923.63
10764000,933.77
10767600,925.73
10771200,900.05
10774800,858.5
10778400,803.89
10782000,739.96
10785600,671.05
10789200,601.87
10792800,537.12
10796400,481.23
10800000,438.0
10803600,410.37
10807200,400.23
10810800,408.27
10814400,433.95
10818000,475.5
10821600,530.11
10825200,594.04
10828800,662.95
10832400,732.13
10836000,796.88
10839600,852.77
10843200,896.0
10846800,923.63
10850400,933.77
10854000,925.73
10857600,900.05
10861200,858.5
10864800,803.89
10868400,739.96
10872000,671.05
10875600,601.87
10879200,537.12
10882800,481.23
10886400,438.0
10890000,410.37
10893600,400.23
10897200,408.27
10900800,433.95
10904400,475.5
10908000,530.11
10911600,594.04
10915200,662.95
10918800,732.13
10922400,796.88
10926000,852.77
10929600,896.0
10933200,923.63
10936800,933.77
10940400,925.73
10944000,900.05
10947600,858.5
10951200,803.89
10954800,739.96
10958400,671.05
10962000,601.87
10965600,537.12
10969200,481.23
10972800,438.0
10976400,410.37
10980000,400.23
10983600,408.27
10987200,433.95
10990800,475.5
10994400,530.11
10998000,594.04
11001600,662.95
11005200,732.13
11008800,796.88
11012400,852.77
11016000,896.0
11019600,923.63
11023200,933.77
11026800,925.73
11030400,900.05
11034000,858.5
11037600,803.89
11041200,739.96
11044800,671.05
11048400,601.87
11052000,537.12
11055600,481.23
11059200,438.0
11062800,410.37
11066400,400.23
11070000,408.27
11073600,433.95
11077200,475.5
11080800,530.11
11084400,594.04
11088000,662.95
11091600,732.13
11095200,796.88
11098800,852.77
11102400,896.0
11106000,923.63
11109600,933.77
11113200,925.73
11116800,900.05
11120400,858.5
11124000,803.89
11127600,739.96
11131200,671.05
11134800,601.87
11138400,537.12
11142000,481.23
11145600,438.0
11149200,410.37
11152800,400.23
11156400,408.27
11160000,433.95
11163600,475.5
11167200,530.11
11170800,594.04
11174400,662.95
11178000,732.13
11181600,796.88
11185200,852.77
11188800,896.0
11192400,923.63
11196000,933.77
11199600,925.73
11203200,900.05
11206800,858.5
11210400,803.89
11214000,739.96
11217600,671.05
11221200,601.87
11224800,537.12
11228400,481.23
11232000,438.0
11235600,410.37
11239200,400.23
11242800,408.27
11246400,433.95
11250000,475.5
11253600,530.11
11257200,594.04
11260800,662.95
11264400,732.13
11268000,796.88
11271600,852.77
11275200,896.0
11278800,923.63
11282400,933.77
11286000,925.73
11289600,900.05
11293200,858.5
11296800,803.89
11300400,739.96
11304000,671.05
11307600,601.87
11311200,537.12
11314800,481.23
11318400,438.0
11322000,410.37
11325600,400.23
11329200,408.27
11332800,433.95
11336400,475.5
11340000,530.11
11343600,594.04
11347200,662.95
11350800,732.13
11354400,796.88
11358000,852.77
11361600,896.0
11365200,923.63
11368800,933.77
11372400,925.73
11376000,900.05
11379600,858.5
11383200,803.89
11386800,739.96
11390400,671.05
11394000,601.87
11397600,537.12
11401200,481.23
11404800,438.0
11408400,410.37
11412000,400.23
11415600,408.27
11419200,433.95
11422800,475.5
11426400,530.11
11430000,594.04
11433600,662.95
11437200,732.13
11440800,796.88
11444400,852.77
11448000,896.0
11451600,923.63
11455200,933.77
11458800,925.73
11462400,900.05
11466000,858.5
11469600,803.89
11473200,739.96
11476800,671.05
11480400,601.87
11484000,537.12
11487600,481.23
11491200,438.0
11494800,410.37
11498400,400.23
11502000,408.27
11505600,433.95
11509200,475.5
11512800,530.11
11516400,594.04
11520000,662.95
11523600,732.13
11527200,796.88
11530800,852.77
11534400,896.0
11538000,923.63
11541600,933.77
11545200,925.73
11548800,900.05
11552400,858.5
11556000,803.89
11559600,739.96
11563200,671.05
11566800,601.87
11570400,537.12
11574000,481.23
11577600,438.0
11581200,410.37
11584800,400.23
11588400,408.27
11592000,433.95
11595600,475.5
11599200,530.11
11602800,594.04
11606400,662.95
11610000,732.13
11613600,796.88
11617200,852.77
11620800,896.0
11624400,923.63
11628000,933.77
11631600,925.73
11635200,900.05
11638800,858.5
11642400,803.89
11646000,739.96
11649600,671.05
11653200,601.87
11656800,537.12
11660400,481.23
11664000,438.0
11667600,410.37
11671200,400.23
11674800,408.27
11678400,433.95
11682000,475.5
11685600,530.11
11689200,594.04
11692800,662.95
11696400,732.13
11700000,796.88
11703600,852.77
11707200,896.0
11710800,923.63
11714400,933.77
11718000,925.73
11721600,900.05
11725200,858.5
11728800,803.89
11732400,739.96
11736000,671.05
11739600,601.87
11743200,537.12
11746800,481.23
11750400,438.0
11754000,410.37
11757600,400.23
11761200,408.27
11764800,433.95
11768400,475.5
11772000,530.11
11775600,594.04
11779200,662.95
11782800,732.13
11786400,796.88
11790000,852.77
11793600,896.0
11797200,923.63
11800800,933.77
11804400,925.73
11808000,900.05
11811600,858.5
11815200,803.89
11818800,739.96
11822400,671.05
11826000,601.87
11829600,537.12
11833200,481.23
11836800,438.0
11840400,410.37
11844000,400.23
11847600,408.27
11851200,433.95
11854800,475.5
11858400,530.11
11862000,594.04
11865600,662.95
11869200,732.13
11872800,796.88
11876400,852.77
11880000,896.0
11883600,923.63
11887200,933.77
11890800,925.73
11894400,900.05
11898000,858.5
11901600,803.89
11905200,739.96
11908800,671.05
11912400,601.87
11916000,537.12
11919600,481.23
11923200,438.0
11926800,410.37
11930400,400.23
11934000,408.27
11937600,433.95
11941200,475.5
11944800,530.11
11948400,594.04
11952000,662.95
11955600,732.13
11959200,796.88
11962800,852.77
11966400,896.0
11970000,923.63
11973600,933.77
11977200,925.73
11980800,900.05
11984400,858.5
11988000,803.89
11991600,739.96
11995200,671.05
11998800,601.87
12002400,537.12
12006000,481.23
12009600,438.0
12013200,410.37
12016800,400.23
12020400,408.27
12024000,433.95
12027600,475.5
12031200,530.11
12034800,594.04
12038400,662.95
12042000,732.13
12045600,796.88
12049200,852.77
12052800,896.0
12056400,923.63
12060000,933.77
12063600,925.73
12067200,900.05
12070800,858.5
12074400,803.89
12078000,739.96
12081600,671.05
12085200,601.87
12088800,537.12
12092400,481.23
12096000,438.0
12099600,410.37
12103200,400.23
12106800,408.27
12110400,433.95
12114000,475.5
12117600,530.11
12121200,594.04
12124800,662.95
12128400,732.13
12132000,796.88
12135600,852.77
12139200,896.0
12142800,923.63
12146400,933.77
12150000,925.73
12153600,900.05
12157200,858.5
12160800,803.89
12164400,739.96
12168000,671.05
12171600,601.87
12175200,537.12
12178800,481.23
12182400,438.0
12186000,410.37
12189600,400.23
12193200,408.27
12196800,433.95
12200400,475.5
12204000,530.11
12207600,594.04
12211200,662.95
12214800,732.13
12218400,796.88
12222000,852.77
12225600,896.0
12229200,923.63
12232800,933.77
12236400,925.73
12240000,900.05
12243600,858.5
12247200,803.89
12250800,739.96
12254400,671.05
12258000,601.87
12261600,537.12
12265200,481.23
12268800,438.0
12272400,410.37
12276000,400.23
12279600,408.27
12283200,433.95
12286800,475.5
12290400,530.11
12294000,594.04
12297600,662.95
12301200,732.13
12304800,796.88
12308400,852.77
12312000,896.0
12315600,923.63
12319200,933.77
12322800,925.73
12326400,900.05
12330000,858.5
12333600,803.89
12337200,739.96
12340800,671.05
12344400,601.87
12348000,537.12
12351600,481.23
12355200,438.0
12358800,410.37
12362400,400.23
12366000,408.27
12369600,433.95
12373200,475.5
12376800,530.11
12380400,594.04
12384000,662.95
12387600,732.13
12391200,796.88
12394800,852.77
12398400,896.0
12402000,923.63
12405600,933.77
12409200,925.73
12412800,900.05
12416400,858.5
12420000,803.89
12423600,739.96
12427200,671.05
12430800,601.87
12434400,537.12
12438000,481.23
12441600,438.0
12445200,410.37
12448800,400.23
12452400,408.27
12456000,433.95
12459600,475.5
12463200,530.11
12466800,594.04
12470400,662.95
12474000,732.13
12477600,796.88
12481200,852.77
12484800,896.0
12488400,923.63
12492000,933.77
12495600,925.73
12499200,900.05
12502800,858.5
12506400,803.89
12510000,739.96
12513600,671.05
12517200,601.87
12520800,537.12
12524400,481.23
12528000,438.0
12531600,410.37
12535200,400.23
12538800,408.27
12542400,433.95
12546000,475.5
12549600,530.11
12553200,594.04
12556800,662.95
12560400,732.13
12564000,796.88
12567600,852.77
12571200,896.0
12574800,923.63
12578400,933.77
12582000,925.73
12585600,900.05
12589200,858.5
12592800,803.89
12596400,739.96
12600000,671.05
12603600,601.87
12607200,537.12
12610800,481.23
12614400,438.0
12618000,410.37
12621600,400.23
12625200,408.27
12628800,433.95
12632400,475.5
12636000,530.11
12639600,594.04
12643200,662.95
12646800,732.13
12650400,796.88
12654000,852.77
12657600,896.0
12661200,923.63
12664800,933.77
12668400,925.73
12672000,900.05
12675600,858.5
12679200,803.89
12682800,739.96
12686400,671.05
12690000,601.87
12693600,537.12
12697200,481.23
12700800,438.0
12704400,410.37
12708000,400.23
12711600,408.27
12715200,433.95
12718800,475.5
12722400,530.11
12726000,594.04
12729600,662.95
12733200,732.13
12736800,796.88
12740400,852.77
12744000,896.0
12747600,923.63
12751200,933.77
12754800,925.73
12758400,900.05
12762000,858.5
12765600,803.89
12769200,739.96
12772800,671.05
12776400,601.87
12780000,537.12
12783600,481.23
12787200,438.0
12790800,410.37
12794400,400.23
12798000,408.27
12801600,433.95
12805200,475.5
12808800,530.11
12812400,594.04
12816000,662.95
12819600,732.13
12823200,796.88
12826800,852.77
12830400,896.0
12834000,923.63
12837600,933.77
12841200,925.73
12844800,900.05
12848400,858.5
12852000,803.89
12855600,739.96
12859200,671.05
12862800,601.87
12866400,537.12
12870000,481.23
12873600,438.0
12877200,410.37
12880800,400.23
12884400,408.27
12888000,433.95
12891600,475.5
12895200,530.11
12898800,594.04
12902400,662.95
12906000,732.13
12909600,796.88
12913200,852.77
12916800,896.0
12920400,923.63
12924000,933.77
12927600,925.73
12931200,900.05
12934800,858.5
12938400,803.89
12942000,739.96
12945600,671.05
12949200,601.87
12952800,537.12
12956400,481.23
12960000,438.0
12963600,410.37
12967200,400.23
12970800,408.27
12974400,433.95
12978000,475.5
12981600,530.11
12985200,594.04
12988800,662.95
12992400,732.13
12996000,796.88
12999600,852.77
13003200,896.0
13006800,923.63
13010400,933.77
13014000,925.73
13017600,900.05
13021200,858.5
13024800,803.89
13028400,739.96
13032000,671.05
13035600,601.87
13039200,537.12
13042800,481.23
13046400,438.0
13050000,410.37
13053600,400.23
13057200,408.27
13060800,433.95
13064400,475.5
13068000,530.11
13071600,594.04
13075200,662.95
13078800,732.13
13082400,796.88
13086000,852.77
13089600,896.0
13093200,923.63
13096800,933.77
13100400,925.73
13104000,900.05
13107600,858.5
13111200,803.89
13114800,739.96
13118400,671.05
13122000,601.87
13125600,537.12
13129200,481.23
13132800,438.0
13136400,410.37
13140000,400.23
13143600,408.27
13147200,433.95
13150800,475.5
13154400,530.11
13158000,594.04
13161600,662.95
13165200,732.13
13168800,796.88
13172400,852.77
13176000,896.0
13179600,923.63
13183200,933.77
13186800,925.73
13190400,900.05
13194000,858.5
13197600,803.89
13201200,739.96
13204800,671.05
13208400,601.87
13212000,537.12
13215600,481.23
13219200,438.0
13222800,410.37
13226400,400.23
13230000,408.27
13233600,433.95
13237200,475.5
13240800,530.11
13244400,594.04
13248000,662.95
13251600,732.13
13255200,796.88
13258800,852.77
13262400,896.0
13266000,923.63
13269600,933.77
13273200,925.73
13276800,900.05
13280400,858.5
13284000,803.89
13287600,739.96
13291200,671.05
13294800,601.87
13298400,537.12
13302000,481.23
13305600,438.0
13309200,410.37
13312800,400.23
13316400,408.27
13320000,433.95
13323600,475.5
13327200,530.11
13330800,594.04
13334400,662.95
13338000,732.13
13341600,796.88
13345200,852.77
13348800,896.0
13352400,923.63
13356000,933.77
13359600,925.73
13363200,900.05
13366800,858.5
13370400,803.89
13374000,739.96
13377600,671.05
13381200,601.87
13384800,537.12
13388400,481.23
13392000,438.0
13395600,410.37
13399200,400.23
13402800,408.27
13406400,433.95
13410000,475.5
13413600,530.11
13417200,594.04
13420800,662.95
13424400,732.13
13428000,796.88
13431600,852.77
13435200,896.0
13438800,923.63
13442400,933.77
13446000,925.73
13449600,900.05
13453200,858.5
13456800,803.89
13460400,739.96
13464000,671.05
13467600,601.87
13471200,537.12
13474800,481.23
13478400,438.0
13482000,410.37
13485600,400.23
13489200,408.27
13492800,433.95
13496400,475.5
13500000,530.11
13503600,594.04
13507200,662.95
13510800,732.13
13514400,796.88
13518000,852.77
13521600,896.0
13525200,923.63
13528800,933.77
13532400,925.73
13536000,900.05
13539600,858.5
13543200,803.89
13546800,739.96
13550400,671.05
13554000,601.87
13557600,537.12
13561200,481.23
13564800,438.0
13568400,410.37
13572000,400.23
13575600,408.27
13579200,433.95
13582800,475.5
13586400,530.11
13590000,594.04
13593600,662.95
13597200,732.13
13600800,796.88
13604400,852.77
13608000,896.0
13611600,923.63
13615200,933.77
13618800,925.73
13622400,900.05
13626000,858.5
13629600,803.89
13633200,739.96
13636800,671.05
13640400,601.87
13644000,537.12
13647600,481.23
13651200,438.0
13654800,410.37
13658400,400.23
13662000,408.27
13665600,433.95
13669200,475.5
13672800,530.11
13676400,594.04
13680000,662.95
13683600,732.13
13687200,796.88
13690800,852.77
13694400,896.0
13698000,923.63
13701600,933.77
13705200,925.73
13708800,900.05
13712400,858.5
13716000,803.89
13719600,739.96
13723200,671.05
13726800,601.87
13730400,537.12
13734000,481.23
13737600,438.0
13741200,410.37
13744800,400.23
13748400,408.27
13752000,433.95
13755600,475.5
13759200,530.11
13762800,594.04
13766400,662.95
13770000,732.13
13773600,796.88
13777200,852.77
13780800,896.0
13784400,923.63
13788000,933.77
13791600,925.73
13795200,900.05
13798800,858.5
13802400,803.89
13806000,739.96
13809600,671.05
13813200,601.87
13816800,537.12
13820400,481.23
13824000,438.0
13827600,410.37
13831200,400.23
13834800,408.27
13838400,433.95
13842000,475.5
13845600,530.11
13849200,594.04
13852800,662.95
13856400,732.13
13860000,796.88
13863600,852.77
13867200,896.0
13870800,923.63
13874400,933.77
13878000,925.73
13881600,900.05
13885200,858.5
13888800,803.89
13892400,739.96
13896000,671.05
13899600,601.87
13903200,537.12
13906800,481.23
13910400,438.0
13914000,410.37
13917600,400.23
13921200,408.27
13924800,433.95
13928400,475.5
13932000,530.11
13935600,594.04
13939200,662.95
13942800,732.13
13946400,796.88
13950000,852.77
13953600,896.0
13957200,923.63
13960800,933.77
13964400,925.73
13968000,900.05
13971600,858.5
13975200,803.89
13978800,739.96
13982400,671.05
13986000,601.87
13989600,537.12
13993200,481.23
13996800,438.0
14000400,410.37
14004000,400.23
14007600,408.27
14011200,433.95
14014800,475.5
14018400,530.11
14022000,594.04
14025600,662.95
14029200,732.13
14032800,796.88
14036400,852.77
14040000,896.0
14043600,923.63
14047200,933.77
14050800,925.73
14054400,900.05
14058000,858.5
14061600,803.89
14065200,739.96
14068800,671.05
14072400,601.87
14076000,537.12
14079600,481.23
14083200,438.0
14086800,410.37
14090400,400.23
14094000,408.27
14097600,433.95
14101200,475.5
14104800,530.11
14108400,594.04
14112000,662.95
14115600,732.13
14119200,796.88
14122800,852.77
14126400,896.0
14130000,923.63
14133600,933.77
14137200,925.73
14140800,900.05
14144400,858.5
14148000,803.89
14151600,739.96
14155200,671.05
14158800,601.87
14162400,537.12
14166000,481.23
14169600,438.0
14173200,410.37
14176800,400.23
14180400,408.27
14184000,433.95
14187600,475.5
14191200,530.11
14194800,594.04
14198400,662.95
14202000,732.13
14205600,796.88
14209200,852.77
14212800,896.0
14216400,923.63
14220000,933.77
14223600,925.73
14227200,900.05
14230800,858.5
14234400,803.89
14238000,739.96
14241600,671.05
14245200,601.87
14248800,537.12
14252400,481.23
14256000,438.0
14259600,410.37
14263200,400.23
14266800,408.27
14270400,433.95
14274000,475.5
14277600,530.11
14281200,594.04
14284800,662.95
14288400,732.13
14292000,796.88
14295600,852.77
14299200,896.0
14302800,923.63
14306400,933.77
14310000,925.73
14313600,900.05
14317200,858.5
14320800,803.89
14324400,739.96
14328000,671.05
14331600,601.87
14335200,537.12
14338800,481.23
14342400,438.0
14346000,410.37
14349600,400.23
14353200,408.27
14356800,433.95
14360400,475.5
14364000,530.11
14367600,594.04
14371200,662.95
14374800,732.13
14378400,796.88
14382000,852.77
14385600,896.0
14389200,923.63
14392800,933.77
14396400,925.73
14400000,900.05
14403600,858.5
14407200,803.89
14410800,739.96
14414400,671.05
14418000,601.87
14421600,537.12
14425200,481.23
14428800,438.0
14432400,410.37
14436000,400.23
14439600,408.27
14443200,433.95
14446800,475.5
14450400,530.11
14454000,594.04
14457600,662.95
14461200,732.13
14464800,796.88
14468400,852.77
14472000,896.0
14475600,923.63
14479200,933.77
14482800,925.73
14486400,900.05
14490000,858.5
14493600,803.89
14497200,739.96
14500800,671.05
14504400,601.87
14508000,537.12
14511600,481.23
14515200,438.0
14518800,410.37
14522400,400.23
14526000,408.27
14529600,433.95
14533200,475.5
14536800,530.11
14540400,594.04
14544000,662.95
14547600,732.13
14551200,796.88
14554800,852.77
14558400,896.0
14562000,923.63
14565600,933.77
14569200,925.73
14572800,900.05
14576400,858.5
14580000,803.89
14583600,739.96
14587200,671.05
14590800,601.87
14594400,537.12
14598000,481.23
14601600,438.0
14605200,410.37
14608800,400.23
14612400,408.27
14616000,433.95
14619600,475.5
14623200,530.11
14626800,594.04
14630400,662.95
14634000,732.13
14637600,796.88
14641200,852.77
14644800,896.0
14648400,923.63
14652000,933.77
14655600,925.73
14659200,900.05
14662800,858.5
14666400,803.89
14670000,739.96
14673600,671.05
14677200,601.87
14680800,537.12
14684400,481.23
14688000,438.0
14691600,410.37
14695200,400.23
14698800,408.27
14702400,433.95
14706000,475.5
14709600,530.11
14713200,594.04
14716800,662.95
14720400,732.13
14724000,796.88
14727600,852.77
14731200,896.0
14734800,923.63
14738400,933.77
14742000,925.73
14745600,900.05
14749200,858.5
14752800,803.89
14756400,739.96
14760000,671.05
14763600,601.87
14767200,537.12
14770800,481.23
14774400,438.0
14778000,410.37
14781600,400.23
14785200,408.27
14788800,433.95
14792400,475.5
14796000,530.11
14799600,594.04
14803200,662.95
14806800,732.13
14810400,796.88
14814000,852.77
14817600,896.0
14821200,923.63
14824800,933.77
14828400,925.73
14832000,900.05
14835600,858.5
14839200,803.89
14842800,739.96
14846400,671.05
14850000,601.87
14853600,537.12
14857200,481.23
14860800,438.0
14864400,410.37
14868000,400.23
14871600,408.27
14875200,433.95
14878800,475.5
14882400,530.11
14886000,594.04
14889600,662.95
14893200,732.13
14896800,796.88
14900400,852.77
14904000,896.0
14907600,923.63
14911200,933.77
14914800,925.73
14918400,900.05
14922000,858.5
14925600,803.89
14929200,739.96
14932800,671.05
14936400,601.87
14940000,537.12
14943600,481.23
14947200,438.0
14950800,410.37
14954400,400.23
14958000,408.27
14961600,433.95
14965200,475.5
14968800,530.11
14972400,594.04
14976000,662.95
14979600,732.13
14983200,796.88
14986800,852.77
14990400,896.0
14994000,923.63
14997600,933.77
15001200,925.73
15004800,900.05
15008400,858.5
15012000,803.89
15015600,739.96
15019200,671.05
15022800,601.87
15026400,537.12
15030000,481.23
15033600,438.0
15037200,410.37
15040800,400.23
15044400,408.27
15048000,433.95
15051600,475.5
15055200,530.11
15058800,594.04
15062400,662.95
15066000,732.13
15069600,796.88
15073200,852.77
15076800,896.0
15080400,923.63
15084000,933.77
15087600,925.73
15091200,900.05
15094800,858.5
15098400,803.89
15102000,739.96
15105600,671.05
15109200,601.87
15112800,537.12
15116400,481.23
15120000,438.0
15123600,410.37
15127200,400.23
15130800,408.27
15134400,433.95
15138000,475.5
15141600,530.11
15145200,594.04
15148800,662.95
15152400,732.13
15156000,796.88
15159600,852.77
15163200,896.0
15166800,923.63
15170400,933.77
15174000,925.73
15177600,900.05
15181200,858.5
15184800,803.89
15188400,739.96
15192000,671.05
15195600,601.87
15199200,537.12
15202800,481.23
15206400,438.0
15210000,410.37
15213600,400.23
15217200,408.27
15220800,433.95
15224400,475.5
15228000,530.11
15231600,594.04
15235200,662.95
15238800,732.13
15242400,796.88
15246000,852.77
15249600,896.0
15253200,923.63
15256800,933.77
15260400,925.73
15264000,900.05
15267600,858.5
15271200,803.89
15274800,739.96
15278400,671.05
15282000,601.87
15285600,537.12
15289200,481.23
15292800,438.0
15296400,410.37
15300000,400.23
15303600,408.27
15307200,433.95
15310800,475.5
15314400,530.11
15318000,594.04
15321600,662.95
15325200,732.13
15328800,796.88
15332400,852.77
15336000,896.0
15339600,923.63
15343200,933.77
15346800,925.73
15350400,900.05
15354000,858.5
15357600,803.89
15361200,739.96
15364800,671.05
15368400,601.87
15372000,537.12
15375600,481.23
15379200,438.0
15382800,410.37
15386400,400.23
15390000,408.27
15393600,433.95
15397200,475.5
15400800,530.11
15404400,594.04
15408000,662.95
15411600,732.13
15415200,796.88
15418800,852.77
15422400,896.0
15426000,923.63
15429600,933.77
15433200,925.73
15436800,900.05
15440400,858.5
15444000,803.89
15447600,739.96
15451200,671.05
15454800,601.87
15458400,537.12
15462000,481.23
15465600,438.0
15469200,410.37
15472800,400.23
15476400,408.27
15480000,433.95
15483600,475.5
15487200,530.11
15490800,594.04
15494400,662.95
15498000,732.13
15501600,796.88
15505200,852.77
15508800,896.0
15512400,923.63
15516000,933.77
15519600,925.73
15523200,900.05
15526800,858.5
15530400,803.89
15534000,739.96
15537600,671.05
15541200,601.87
15544800,537.12
15548400,481.23
15552000,438.0
15555600,410.37
15559200,400.23
15562800,408.27
15566400,433.95
15570000,475.5
15573600,530.11
15577200,594.04
15580800,662.95
15584400,732.13
15588000,796.88
15591600,852.77
15595200,896.0
15598800,923.63
15602400,933.77
15606000,925.73
15609600,900.05
15613200,858.5
15616800,803.89
15620400,739.96
15624000,671.05
15627600,601.87
15631200,537.12
15634800,481.23
15638400,438.0
15642000,410.37
15645600,400.23
15649200,408.27
15652800,433.95
15656400,475.5
15660000,530.11
15663600,594.04
15667200,662.95
15670800,732.13
15674400,796.88
15678000,852.77
15681600,896.0
15685200,923.63
15688800,933.77
15692400,925.73
15696000,900.05
15699600,858.5
15703200,803.89
15706800,739.96
15710400,671.05
15714000,601.87
15717600,537.12
15721200,481.23
15724800,438.0
15728400,410.37
15732000,400.23
15735600,408.27
15739200,433.95
15742800,475.5
15746400,530.11
15750000,594.04
15753600,662.95
15757200,732.13
15760800,796.88
15764400,852.77
15768000,896.0
15771600,923.63
15775200,933.77
15778800,925.73
15782400,900.05
15786000,858.5
15789600,803.89
15793200,739.96
15796800,671.05
15800400,601.87
15804000,537.12
15807600,481.23
15811200,438.0
15814800,410.37
15818400,400.23
15822000,408.27
15825600,433.95
15829200,475.5
15832800,530.11
15836400,594.04
15840000,662.95
15843600,732.13
15847200,796.88
15850800,852.77
15854400,896.0
15858000,923.63
15861600,933.77
15865200,925.73
15868800,900.05
15872400,858.5
15876000,803.89
15879600,739.96
15883200,671.05
15886800,601.87
15890400,537.12
15894000,481.23
15897600,438.0
15901200,410.37
15904800,400.23
15908400,408.27
15912000,433.95
15915600,475.5
15919200,530.11
15922800,594.04
15926400,662.95
15930000,732.13
15933600,796.88
15937200,852.77
15940800,896.0
15944400,923.63
15948000,933.77
15951600,925.73
15955200,900.05
15958800,858.5
15962400,803.89
15966000,739.96
15969600,671.05
15973200,601.87
15976800,537.12
15980400,481.23
15984000,438.0
15987600,410.37
15991200,400.23
15994800,408.27
15998400,433.95
16002000,475.5
16005600,530.11
16009200,594.04
16012800,662.95
16016400,732.13
16020000,796.88
16023600,852.77
16027200,896.0
16030800,923.63
16034400,933.77
16038000,925.73
16041600,900.05
16045200,858.5
16048800,803.89
16052400,739.96
16056000,671.05
16059600,601.87
16063200,537.12
16066800,481.23
16070400,438.0
16074000,410.37
16077600,400.23
16081200,408.27
16084800,433.95
16088400,475.5
16092000,530.11
16095600,594.04
16099200,662.95
16102800,732.13
16106400,796.88
16110000,852.77
16113600,896.0
16117200,923.63
16120800,933.77
16124400,925.73
16128000,900.05
16131600,858.5
16135200,803.89
16138800,739.96
16142400,671.05
16146000,601.87
16149600,537.12
16153200,481.23
16156800,438.0
16160400,410.37
16164000,400.23
16167600,408.27
16171200,433.95
16174800,475.5
16178400,530.11
16182000,594.04
16185600,662.95
16189200,732.13
16192800,796.88
16196400,852.77
16200000,896.0
16203600,923.63
16207200,933.77
16210800,925.73
16214400,900.05
16218000,858.5
16221600,803.89
16225200,739.96
16228800,671.05
16232400,601.87
16236000,537.12
16239600,481.23
16243200,438.0
16246800,410.37
16250400,400.23
16254000,408.27
16257600,433.95
16261200,475.5
16264800,530.11
16268400,594.04
16272000,662.95
16275600,732.13
16279200,796.88
16282800,852.77
16286400,896.0
16290000,923.63
16293600,933.77
16297200,925.73
16300800,900.05
16304400,858.5
16308000,803.89
16311600,739.96
16315200,671.05
16318800,601.87
16322400,537.12
16326000,481.23
16329600,438.0
16333200,410.37
16336800,400.23
16340400,408.27
16344000,433.95
16347600,475.5
16351200,530.11
16354800,594.04
16358400,662.95
16362000,732.13
16365600,796.88
16369200,852.77
16372800,896.0
16376400,923.63
16380000,933.77
16383600,925.73
16387200,900.05
16390800,858.5
16394400,803.89
16398000,739.96
16401600,671.05
16405200,601.87
16408800,537.12
16412400,481.23
16416000,438.0
16419600,410.37
16423200,400.23
16426800,408.27
16430400,433.95
16434000,475.5
16437600,530.11
16441200,594.04
16444800,662.95
16448400,732.13
16452000,796.88
16455600,852.77
16459200,896.0
16462800,923.63
16466400,933.77
16470000,925.73
16473600,900.05
16477200,858.5
16480800,803.89
16484400,739.96
16488000,671.05
16491600,601.87
16495200,537.12
16498800,481.23
16502400,438.0
16506000,410.37
16509600,400.23
16513200,408.27
16516800,433.95
16520400,475.5
16524000,530.11
16527600,594.04
16531200,662.95
16534800,732.13
16538400,796.88
16542000,852.77
16545600,896.0
16549200,923.63
16552800,933.77
16556400,925.73
16560000,900.05
16563600,858.5
16567200,803.89
16570800,739.96
16574400,671.05
16578000,601.87
16581600,537.12
16585200,481.23
16588800,438.0
16592400,410.37
16596000,400.23
16599600,408.27
16603200,433.95
16606800,475.5
16610400,530.11
16614000,594.04
16617600,662.95
16621200,732.13
16624800,796.88
16628400,852.77
16632000,896.0
16635600,923.63
16639200,933.77
16642800,925.73
16646400,900.05
16650000,858.5
16653600,803.89
16657200,739.96
16660800,671.05
16664400,601.87
16668000,537.12
16671600,481.23
16675200,438.0
16678800,410.37
16682400,400.23
16686000,408.27
16689600,433.95
16693200,475.5
16696800,530.11
16700400,594.04
16704000,662.95
16707600,732.13
16711200,796.88
16714800,852.77
16718400,896.0
16722000,923.63
16725600,933.77
16729200,925.73
16732800,900.05
16736400,858.5
16740000,803.89
16743600,739.96
16747200,671.05
16750800,601.87
16754400,537.12
16758000,481.23
16761600,438.0
16765200,410.37
16768800,400.23
16772400,408.27
16776000,433.95
16779600,475.5
16783200,530.11
16786800,594.04
16790400,662.95
16794000,732.13
16797600,796.88
16801200,852.77
16804800,896.0
16808400,923.63
16812000,933.77
16815600,925.73
16819200,900.05
16822800,858.5
16826400,803.89
16830000,739.96
16833600,671.05
16837200,601.87
16840800,537.12
16844400,481.23
16848000,438.0
16851600,410.37
16855200,400.23
16858800,408.27
16862400,433.95
16866000,475.5
16869600,530.11
16873200,594.04
16876800,662.95
16880400,732.13
16884000,796.88
16887600,852.77
16891200,896.0
16894800,923.63
16898400,933.77
16902000,925.73
16905600,900.05
16909200,858.5
16912800,803.89
16916400,739.96
16920000,671.05
16923600,601.87
16927200,537.12
16930800,481.23
16934400,438.0
16938000,410.37
16941600,400.23
16945200,408.27
16948800,433.95
16952400,475.5
16956000,530.11
16959600,594.04
16963200,662.95
16966800,732.13
16970400,796.88
16974000,852.77
16977600,896.0
16981200,923.63
16984800,933.77
16988400,925.73
16992000,900.05
16995600,858.5
16999200,803.89
17002800,739.96
17006400,671.05
17010000,601.87
17013600,537.12
17017200,481.23
17020800,438.0
17024400,410.37
17028000,400.23
17031600,408.27
17035200,433.95
17038800,475.5
17042400,530.11
17046000,594.04
17049600,662.95
17053200,732.13
17056800,796.88
17060400,852.77
17064000,896.0
17067600,923.63
17071200,933.77
17074800,925.73
17078400,900.05
17082000,858.5
17085600,803.89
17089200,739.96
17092800,671.05
17096400,601.87
17100000,537.12
17103600,481.23
17107200,438.0
17110800,410.37
17114400,400.23
17118000,408.27
17121600,433.95
17125200,475.5
17128800,530.11
17132400,594.04
17136000,662.95
17139600,732.13
17143200,796.88
17146800,852.77
17150400,896.0
17154000,923.63
17157600,933.77
17161200,925.73
17164800,900.05
17168400,858.5
17172000,803.89
17175600,739.96
17179200,671.05
17182800,601.87
17186400,537.12
17190000,481.23
17193600,438.0
17197200,410.37
17200800,400.23
17204400,408.27
17208000,433.95
17211600,475.5
17215200,530.11
17218800,594.04
17222400,662.95
17226000,732.13
17229600,796.88
17233200,852.77
17236800,896.0
17240400,923.63
17244000,933.77
17247600,925.73
17251200,900.05
17254800,858.5
17258400,803.89
17262000,739.96
17265600,671.05
17269200,601.87
17272800,537.12
17276400,481.23
17280000,438.0
17283600,410.37
17287200,400.23
17290800,408.27
17294400,433.95
17298000,475.5
17301600,530.11
17305200,594.04
17308800,662.95
17312400,732.13
17316000,796.88
17319600,852.77
17323200,896.0
17326800,923.63
17330400,933.77
17334000,925.73
17337600,900.05
17341200,858.5
17344800,803.89
17348400,739.96
17352000,671.05
17355600,601.87
17359200,537.12
17362800,481.23
17366400,438.0
17370000,410.37
17373600,400.23
17377200,408.27
17380800,433.95
17384400,475.5
17388000,530.11
17391600,594.04
17395200,662.95
17398800,732.13
17402400,796.88
17406000,852.77
17409600,896.0
17413200,923.63
17416800,933.77
17420400,925.73
17424000,900.05
17427600,858.5
17431200,803.89
17434800,739.96
17438400,671.05
17442000,601.87
17445600,537.12
17449200,481.23
17452800,438.0
17456400,410.37
17460000,400.23
17463600,408.27
17467200,433.95
17470800,475.5
17474400,530.11
17478000,594.04
17481600,662.95
17485200,732.13
17488800,796.88
17492400,852.77
17496000,896.0
17499600,923.63
17503200,933.77
17506800,925.73
17510400,900.05
17514000,858.5
17517600,803.89
17521200,739.96
17524800,671.05
17528400,601.87
17532000,537.12
17535600,481.23
17539200,438.0
17542800,410.37
17546400,400.23
17550000,408.27
17553600,433.95
17557200,475.5
17560800,530.11
17564400,594.04
17568000,662.95
17571600,732.13
17575200,796.88
17578800,852.77
17582400,896.0
17586000,923.63
17589600,933.77
17593200,925.73
17596800,900.05
17600400,858.5
17604000,803.89
17607600,739.96
17611200,671.05
17614800,601.87
17618400,537.12
17622000,481.23
17625600,438.0
17629200,410.37
17632800,400.23
17636400,408.27
17640000,433.95
17643600,475.5
17647200,530.11
17650800,594.04
17654400,662.95
17658000,732.13
17661600,796.88
17665200,852.77
17668800,896.0
17672400,923.63
17676000,933.77
17679600,925.73
17683200,900.05
17686800,858.5
17690400,803.89
17694000,739.96
17697600,671.05
17701200,601.87
17704800,537.12
17708400,481.23
17712000,438.0
17715600,410.37
17719200,400.23
17722800,408.27
17726400,433.95
17730000,475.5
17733600,530.11
17737200,594.04
17740800,662.95
17744400,732.13
17748000,796.88
17751600,852.77
17755200,896.0
17758800,923.63
17762400,933.77
17766000,925.73
17769600,900.05
17773200,858.5
17776800,803.89
17780400,739.96
17784000,671.05
17787600,601.87
17791200,537.12
17794800,481.23
17798400,438.0
17802000,410.37
17805600,400.23
17809200,408.27
17812800,433.95
17816400,475.5
17820000,530.11
17823600,594.04
17827200,662.95
17830800,732.13
17834400,796.88
17838000,852.77
17841600,896.0
17845200,923.63
17848800,933.77
17852400,925.73
17856000,900.05
17859600,858.5
17863200,803.89
17866800,739.96
17870400,671.05
17874000,601.87
17877600,537.12
17881200,481.23
17884800,438.0
17888400,410.37
17892000,400.23
17895600,408.27
17899200,433.95
17902800,475.5
17906400,530.11
17910000,594.04
17913600,662.95
17917200,732.13
17920800,796.88
17924400,852.77
17928000,896.0
17931600,923.63
17935200,933.77
17938800,925.73
17942400,900.05
17946000,858.5
17949600,803.89
17953200,739.96
17956800,671.05
17960400,601.87
17964000,537.12
17967600,481.23
17971200,438.0
17974800,410.37
17978400,400.23
17982000,408.27
17985600,433.95
17989200,475.5
17992800,530.11
17996400,594.04
18000000,662.95
18003600,732.13
18007200,796.88
18010800,852.77
18014400,896.0
18018000,923.63
18021600,933.77
18025200,925.73
18028800,900.05
18032400,858.5
18036000,803.89
18039600,739.96
18043200,671.05
18046800,601.87
18050400,537.12
18054000,481.23
18057600,438.0
18061200,410.37
18064800,400.23
18068400,408.27
18072000,433.95
18075600,475.5
18079200,530.11
18082800,594.04
18086400,662.95
18090000,732.13
18093600,796.88
18097200,852.77
18100800,896.0
18104400,923.63
18108000,933.77
18111600,925.73
18115200,900.05
18118800,858.5
18122400,803.89
18126000,739.96
18129600,671.05
18133200,601.87
18136800,537.12
18140400,481.23
18144000,438.0
18147600,410.37
18151200,400.23
18154800,408.27
18158400,433.95
18162000,475.5
18165600,530.11
18169200,594.04
18172800,662.95
18176400,732.13
18180000,796.88
18183600,852.77
18187200,896.0
18190800,923.63
18194400,933.77
18198000,925.73
18201600,900.05
18205200,858.5
18208800,803.89
18212400,739.96
18216000,671.05
18219600,601.87
18223200,537.12
18226800,481.23
18230400,438.0
18234000,410.37
18237600,400.23
18241200,408.27
18244800,433.95
18248400,475.5
18252000,530.11
18255600,594.04
18259200,662.95
18262800,732.13
18266400,796.88
18270000,852.77
18273600,896.0
18277200,923.63
18280800,933.77
18284400,925.73
18288000,900.05
18291600,858.5
18295200,803.89
18298800,739.96
18302400,671.05
18306000,601.87
18309600,537.12
18313200,481.23
18316800,438.0
18320400,410.37
18324000,400.23
18327600,408.27
18331200,433.95
18334800,475.5
18338400,530.11
18342000,594.04
18345600,662.95
18349200,732.13
18352800,796.88
18356400,852.77
18360000,896.0
18363600,923.63
18367200,933.77
18370800,925.73
18374400,900.05
18378000,858.5
18381600,803.89
18385200,739.96
18388800,671.05
18392400,601.87
18396000,537.12
18399600,481.23
18403200,438.0
18406800,410.37
18410400,400.23
18414000,408.27
18417600,433.95
18421200,475.5
18424800,530.11
18428400,594.04
18432000,662.95
18435600,732.13
18439200,796.88
18442800,852.77
18446400,896.0
18450000,923.63
18453600,933.77
18457200,925.73
18460800,900.05
18464400,858.5
18468000,803.89
18471600,739.96
18475200,671.05
18478800,601.87
18482400,537.12
18486000,481.23
18489600,438.0
18493200,410.37
18496800,400.23
18500400,408.27
18504000,433.95
18507600,475.5
18511200,530.11
18514800,594.04
18518400,662.95
18522000,732.13
18525600,796.88
18529200,852.77
18532800,896.0
18536400,923.63
18540000,933.77
18543600,925.73
18547200,900.05
18550800,858.5
18554400,803.89
18558000,739.96
18561600,671.05
18565200,601.87
18568800,537.12
18572400,481.23
18576000,438.0
18579600,410.37
18583200,400.23
18586800,408.27
18590400,433.95
18594000,475.5
18597600,530.11
18601200,594.04
18604800,662.95
18608400,732.13
18612000,796.88
18615600,852.77
18619200,896.0
18622800,923.63
18626400,933.77
18630000,925.73
18633600,900.05
18637200,858.5
18640800,803.89
18644400,739.96
18648000,671.05
18651600,601.87
18655200,537.12
18658800,481.23
18662400,438.0
18666000,410.37
18669600,400.23
18673200,408.27
18676800,433.95
18680400,475.5
18684000,530.11
18687600,594.04
18691200,662.95
18694800,732.13
18698400,796.88
18702000,852.77
18705600,896.0
18709200,923.63
18712800,933.77
18716400,925.73
18720000,900.05
18723600,858.5
18727200,803.89
18730800,739.96
18734400,671.05
18738000,601.87
18741600,537.12
18745200,481.23
18748800,438.0
18752400,410.37
18756000,400.23
18759600,408.27
18763200,433.95
18766800,475.5
18770400,530.11
18774000,594.04
18777600,662.95
18781200,732.13
18784800,796.88
18788400,852.77
18792000,896.0
18795600,923.63
18799200,933.77
18802800,925.73
18806400,900.05
18810000,858.5
18813600,803.89
18817200,739.96
18820800,671.05
18824400,601.87
18828000,537.12
18831600,481.23
18835200,438.0
18838800,410.37
18842400,400.23
18846000,408.27
18849600,433.95
18853200,475.5
18856800,530.11
18860400,594.04
18864000,662.95
18867600,732.13
18871200,796.88
18874800,852.77
18878400,896.0
18882000,923.63
18885600,933.77
18889200,925.73
18892800,900.05
18896400,858.5
18900000,803.89
18903600,739.96
18907200,671.05
18910800,601.87
18914400,537.12
18918000,481.23
18921600,438.0
18925200,410.37
18928800,400.23
18932400,408.27
18936000,433.95
18939600,475.5
18943200,530.11
18946800,594.04
18950400,662.95
18954000,732.13
18957600,796.88
18961200,852.77
18964800,896.0
18968400,923.63
18972000,933.77
18975600,925.73
18979200,900.05
18982800,858.5
18986400,803.89
18990000,739.96
18993600,671.05
18997200,601.87
19000800,537.12
19004400,481.23
19008000,438.0
19011600,410.37
19015200,400.23
19018800,408.27
19022400,433.95
19026000,475.5
19029600,530.11
19033200,594.04
19036800,662.95
19040400,732.13
19044000,796.88
19047600,852.77
19051200,896.0
19054800,923.63
19058400,933.77
19062000,925.73
19065600,900.05
19069200,858.5
19072800,803.89
19076400,739.96
19080000,671.05
19083600,601.87
19087200,537.12
19090800,481.23
19094400,438.0
19098000,410.37
19101600,400.23
19105200,408.27
19108800,433.95
19112400,475.5
19116000,530.11
19119600,594.04
19123200,662.95
19126800,732.13
19130400,796.88
19134000,852.77
19137600,896.0
19141200,923.63
19144800,933.77
19148400,925.73
19152000,900.05
19155600,858.5
19159200,803.89
19162800,739.96
19166400,671.05
19170000,601.87
19173600,537.12
19177200,481.23
19180800,438.0
19184400,410.37
19188000,400.23
19191600,408.27
19195200,433.95
19198800,475.5
19202400,530.11
19206000,594.04
19209600,662.95
19213200,732.13
19216800,796.88
19220400,852.77
19224000,896.0
19227600,923.63
19231200,933.77
19234800,925.73
19238400,900.05
19242000,858.5
19245600,803.89
19249200,739.96
19252800,671.05
19256400,601.87
19260000,537.12
19263600,481.23
19267200,438.0
19270800,410.37
19274400,400.23
19278000,408.27
19281600,433.95
19285200,475.5
19288800,530.11
19292400,594.04
19296000,662.95
19299600,732.13
19303200,796.88
19306800,852.77
19310400,896.0
19314000,923.63
19317600,933.77
19321200,925.73
19324800,900.05
19328400,858.5
19332000,803.89
19335600,739.96
19339200,671.05
19342800,601.87
19346400,537.12
19350000,481.23
19353600,438.0
19357200,410.37
19360800,400.23
19364400,408.27
19368000,433.95
19371600,475.5
19375200,530.11
19378800,594.04
19382400,662.95
19386000,732.13
19389600,796.88
19393200,852.77
19396800,896.0
19400400,923.63
19404000,933.77
19407600,925.73
19411200,900.05
19414800,858.5
19418400,803.89
19422000,739.96
19425600,671.05
19429200,601.87
19432800,537.12
19436400,481.23
19440000,438.0
19443600,410.37
19447200,400.23
19450800,408.27
19454400,433.95
19458000,475.5
19461600,530.11
19465200,594.04
19468800,662.95
19472400,732.13
19476000,796.88
19479600,852.77
19483200,896.0
19486800,923.63
19490400,933.77
19494000,925.73
19497600,900.05
19501200,858.5
19504800,803.89
19508400,739.96
19512000,671.05
19515600,601.87
19519200,537.12
19522800,481.23
19526400,438.0
19530000,410.37
19533600,400.23
19537200,408.27
19540800,433.95
19544400,475.5
19548000,530.11
19551600,594.04
19555200,662.95
19558800,732.13
19562400,796.88
19566000,852.77
19569600,896.0
19573200,923.63
19576800,933.77
19580400,925.73
19584000,900.05
19587600,858.5
19591200,803.89
19594800,739.96
19598400,671.05
19602000,601.87
19605600,537.12
19609200,481.23
19612800,438.0
19616400,410.37
19620000,400.23
19623600,408.27
19627200,433.95
19630800,475.5
19634400,530.11
19638000,594.04
19641600,662.95
19645200,732.13
19648800,796.88
19652400,852.77
19656000,896.0
19659600,923.63
19663200,933.77
19666800,925.73
19670400,900.05
19674000,858.5
19677600,803.89
19681200,739.96
19684800,671.05
19688400,601.87
19692000,537.12
19695600,481.23
19699200,438.0
19702800,410.37
19706400,400.23
19710000,408.27
19713600,433.95
19717200,475.5
19720800,530.11
19724400,594.04
19728000,662.95
19731600,732.13
19735200,796.88
19738800,852.77
19742400,896.0
19746000,923.63
19749600,933.77
19753200,925.73
19756800,900.05
19760400,858.5
19764000,803.89
19767600,739.96
19771200,671.05
19774800,601.87
19778400,537.12
19782000,481.23
19785600,438.0
19789200,410.37
19792800,400.23
19796400,408.27
19800000,433.95
19803600,475.5
19807200,530.11
19810800,594.04
19814400,662.95
19818000,732.13
19821600,796.88
19825200,852.77
19828800,896.0
19832400,923.63
19836000,933.77
19839600,925.73
19843200,900.05
19846800,858.5
19850400,803.89
19854000,739.96
19857600,671.05
19861200,601.87
19864800,537.12
19868400,481.23
19872000,438.0
19875600,410.37
19879200,400.23
19882800,408.27
19886400,433.95
19890000,475.5
19893600,530.11
19897200,594.04
19900800,662.95
19904400,732.13
19908000,796.88
19911600,852.77
19915200,896.0
19918800,923.63
19922400,933.77
19926000,925.73
19929600,900.05
19933200,858.5
19936800,803.89
19940400,739.96
19944000,671.05
19947600,601.87
19951200,537.12
19954800,481.23
19958400,438.0
19962000,410.37
19965600,400.23
19969200,408.27
19972800,433.95
19976400,475.5
19980000,530.11
19983600,594.04
19987200,662.95
19990800,732.13
19994400,796.88
19998000,852.77
20001600,896.0
20005200,923.63
20008800,933.77
20012400,925.73
20016000,900.05
20019600,858.5
20023200,803.89
20026800,739.96
20030400,671.05
20034000,601.87
20037600,537.12
20041200,481.23
20044800,438.0
20048400,410.37
20052000,400.23
20055600,408.27
20059200,433.95
20062800,475.5
20066400,530.11
20070000,594.04
20073600,662.95
20077200,732.13
20080800,796.88
20084400,852.77
20088000,896.0
20091600,923.63
20095200,933.77
20098800,925.73
20102400,900.05
20106000,858.5
20109600,803.89
20113200,739.96
20116800,671.05
20120400,601.87
20124000,537.12
20127600,481.23
20131200,438.0
20134800,410.37
20138400,400.23
20142000,408.27
20145600,433.95
20149200,475.5
20152800,530.11
20156400,594.04
20160000,662.95
20163600,732.13
20167200,796.88
20170800,852.77
20174400,896.0
20178000,923.63
20181600,933.77
20185200,925.73
20188800,900.05
20192400,858.5
20196000,803.89
20199600,739.96
20203200,671.05
20206800,601.87
20210400,537.12
20214000,481.23
20217600,438.0
20221200,410.37
20224800,400.23
20228400,408.27
20232000,433.95
20235600,475.5
20239200,530.11
20242800,594.04
20246400,662.95
20250000,732.13
20253600,796.88
20257200,852.77
20260800,896.0
20264400,923.63
20268000,933.77
20271600,925.73
20275200,900.05
20278800,858.5
20282400,803.89
20286000,739.96
20289600,671.05
20293200,601.87
20296800,537.12
20300400,481.23
20304000,438.0
20307600,410.37
20311200,400.23
20314800,408.27
20318400,433.95
20322000,475.5
20325600,530.11
20329200,594.04
20332800,662.95
20336400,732.13
20340000,796.88
20343600,852.77
20347200,896.0
20350800,923.63
20354400,933.77
20358000,925.73
20361600,900.05
20365200,858.5
20368800,803.89
20372400,739.96
20376000,671.05
20379600,601.87
20383200,537.12
20386800,481.23
20390400,438.0
20394000,410.37
20397600,400.23
20401200,408.27
20404800,433.95
20408400,475.5
20412000,530.11
20415600,594.04
20419200,662.95
20422800,732.13
20426400,796.88
20430000,852.77
20433600,896.0
20437200,923.63
20440800,933.77
20444400,925.73
20448000,900.05
20451600,858.5
20455200,803.89
20458800,739.96
20462400,671.05
20466000,601.87
20469600,537.12
20473200,481.23
20476800,438.0
20480400,410.37
20484000,400.23
20487600,408.27
20491200,433.95
20494800,475.5
20498400,530.11
20502000,594.04
20505600,662.95
20509200,732.13
20512800,796.88
20516400,852.77
20520000,896.0
20523600,923.63
20527200,933.77
20530800,925.73
20534400,900.05
20538000,858.5
20541600,803.89
20545200,739.96
20548800,671.05
20552400,601.87
20556000,537.12
20559600,481.23
20563200,438.0
20566800,410.37
20570400,400.23
20574000,408.27
20577600,433.95
20581200,475.5
20584800,530.11
20588400,594.04
20592000,662.95
20595600,732.13
20599200,796.88
20602800,852.77
20606400,896.0
20610000,923.63
20613600,933.77
20617200,925.73
20620800,900.05
20624400,858.5
20628000,803.89
20631600,739.96
20635200,671.05
20638800,601.87
20642400,537.12
20646000,481.23
20649600,438.0
20653200,410.37
20656800,400.23
20660400,408.27
20664000,433.95
20667600,475.5
20671200,530.11
20674800,594.04
20678400,662.95
20682000,732.13
20685600,796.88
20689200,852.77
20692800,896.0
20696400,923.63
20700000,933.77
20703600,925.73
20707200,900.05
20710800,858.5
20714400,803.89
20718000,739.96
20721600,671.05
20725200,601.87
20728800,537.12
20732400,481.23
20736000,438.0
20739600,410.37
20743200,400.23
20746800,408.27
20750400,433.95
20754000,475.5
20757600,530.11
20761200,594.04
20764800,662.95
20768400,732.13
20772000,796.88
20775600,852.77
20779200,896.0
20782800,923.63
20786400,933.77
20790000,925.73
20793600,900.05
20797200,858.5
20800800,803.89
20804400,739.96
20808000,671.05
20811600,601.87
20815200,537.12
20818800,481.23
20822400,438.0
20826000,410.37
20829600,400.23
20833200,408.27
20836800,433.95
20840400,475.5
20844000,530.11
20847600,594.04
20851200,662.95
20854800,732.13
20858400,796.88
20862000,852.77
20865600,896.0
20869200,923.63
20872800,933.77
20876400,925.73
20880000,900.05
20883600,858.5
20887200,803.89
20890800,739.96
20894400,671.05
20898000,601.87
20901600,537.12
20905200,481.23
20908800,438.0
20912400,410.37
20916000,400.23
20919600,408.27
20923200,433.95
20926800,475.5
20930400,530.11
20934000,594.04
20937600,662.95
20941200,732.13
20944800,796.88
20948400,852.77
20952000,896.0
20955600,923.63
20959200,933.77
20962800,925.73
20966400,900.05
20970000,858.5
20973600,803.89
20977200,739.96
20980800,671.05
20984400,601.87
20988000,537.12
20991600,481.23
20995200,438.0
20998800,410.37
21002400,400.23
21006000,408.27
21009600,433.95
21013200,475.5
21016800,530.11
21020400,594.04
21024000,662.95
21027600,732.13
21031200,796.88
21034800,852.77
21038400,896.0
21042000,923.63
21045600,933.77
21049200,925.73
21052800,900.05
21056400,858.5
21060000,803.89
21063600,739.96
21067200,671.05
21070800,601.87
21074400,537.12
21078000,481.23
21081600,438.0
21085200,410.37
21088800,400.23
21092400,408.27
21096000,433.95
21099600,475.5
21103200,530.11
21106800,594.04
21110400,662.95
21114000,732.13
21117600,796.88
21121200,852.77
21124800,896.0
21128400,923.63
21132000,933.77
21135600,925.73
21139200,900.05
21142800,858.5
21146400,803.89
21150000,739.96
21153600,671.05
21157200,601.87
21160800,537.12
21164400,481.23
21168000,438.0
21171600,410.37
21175200,400.23
21178800,408.27
21182400,433.95
21186000,475.5
21189600,530.11
21193200,594.04
21196800,662.95
21200400,732.13
21204000,796.88
21207600,852.77
21211200,896.0
21214800,923.63
21218400,933.77
21222000,925.73
21225600,900.05
21229200,858.5
21232800,803.89
21236400,739.96
21240000,671.05
21243600,601.87
21247200,537.12
21250800,481.23
21254400,438.0
21258000,410.37
21261600,400.23
21265200,408.27
21268800,433.95
21272400,475.5
21276000,530.11
21279600,594.04
21283200,662.95
21286800,732.13
21290400,796.88
21294000,852.77
21297600,896.0
21301200,923.63
21304800,933.77
21308400,925.73
21312000,900.05
21315600,858.5
21319200,803.89
21322800,739.96
21326400,671.05
21330000,601.87
21333600,537.12
21337200,481.23
21340800,438.0
21344400,410.37
21348000,400.23
21351600,408.27
21355200,433.95
21358800,475.5
21362400,530.11
21366000,594.04
21369600,662.95
21373200,732.13
21376800,796.88
21380400,852.77
21384000,896.0
21387600,923.63
21391200,933.77
21394800,925.73
21398400,900.05
21402000,858.5
21405600,803.89
21409200,739.96
21412800,671.05
21416400,601.87
21420000,537.12
21423600,481.23
21427200,438.0
21430800,410.37
21434400,400.23
21438000,408.27
21441600,433.95
21445200,475.5
21448800,530.11
21452400,594.04
21456000,662.95
21459600,732.13
21463200,796.88
21466800,852.77
21470400,896.0
21474000,923.63
21477600,933.77
21481200,925.73
21484800,900.05
21488400,858.5
21492000,803.89
21495600,739.96
21499200,671.05
21502800,601.87
21506400,537.12
21510000,481.23
21513600,438.0
21517200,410.37
21520800,400.23
21524400,408.27
21528000,433.95
21531600,475.5
21535200,530.11
21538800,594.04
21542400,662.95
21546000,732.13
21549600,796.88
21553200,852.77
21556800,896.0
21560400,923.63
21564000,933.77
21567600,925.73
21571200,900.05
21574800,858.5
21578400,803.89
21582000,739.96
21585600,671.05
21589200,601.87
21592800,537.12
21596400,481.23
21600000,438.0
21603600,410.37
21607200,400.23
21610800,408.27
21614400,433.95
21618000,475.5
21621600,530.11
21625200,594.04
21628800,662.95
21632400,732.13
21636000,796.88
21639600,852.77
21643200,896.0
21646800,923.63
21650400,933.77
21654000,925.73
21657600,900.05
21661200,858.5
21664800,803.89
21668400,739.96
21672000,671.05
21675600,601.87
21679200,537.12
21682800,481.23
21686400,438.0
21690000,410.37
21693600,400.23
21697200,408.27
21700800,433.95
21704400,475.5
21708000,530.11
21711600,594.04
21715200,662.95
21718800,732.13
21722400,796.88
21726000,852.77
21729600,896.0
21733200,923.63
21736800,933.77
21740400,925.73
21744000,900.05
21747600,858.5
21751200,803.89
21754800,739.96
21758400,671.05
21762000,601.87
21765600,537.12
21769200,481.23
21772800,438.0
21776400,410.37
21780000,400.23
21783600,408.27
21787200,433.95
21790800,475.5
21794400,530.11
21798000,594.04
21801600,662.95
21805200,732.13
21808800,796.88
21812400,852.77
21816000,896.0
21819600,923.63
21823200,933.77
21826800,925.73
21830400,900.05
21834000,858.5
21837600,803.89
21841200,739.96
21844800,671.05
21848400,601.87
21852000,537.12
21855600,481.23
21859200,438.0
21862800,410.37
21866400,400.23
21870000,408.27
21873600,433.95
21877200,475.5
21880800,530.11
21884400,594.04
21888000,662.95
21891600,732.13
21895200,796.88
21898800,852.77
21902400,896.0
21906000,923.63
21909600,933.77
21913200,925.73
21916800,900.05
21920400,858.5
21924000,803.89
21927600,739.96
21931200,671.05
21934800,601.87
21938400,537.12
21942000,481.23
21945600,438.0
21949200,410.37
21952800,400.23
21956400,408.27
21960000,433.95
21963600,475.5
21967200,530.11
21970800,594.04
21974400,662.95
21978000,732.13
21981600,796.88
21985200,852.77
21988800,896.0
21992400,923.63
21996000,933.77
21999600,925.73
22003200,900.05
22006800,858.5
22010400,803.89
22014000,739.96
22017600,671.05
22021200,601.87
22024800,537.12
22028400,481.23
22032000,438.0
22035600,410.37
22039200,400.23
22042800,408.27
22046400,433.95
22050000,475.5
22053600,530.11
22057200,594.04
22060800,662.95
22064400,732.13
22068000,796.88
22071600,852.77
22075200,896.0
22078800,923.63
22082400,933.77
22086000,925.73
22089600,900.05
22093200,858.5
22096800,803.89
22100400,739.96
22104000,671.05
22107600,601.87
22111200,537.12
22114800,481.23
22118400,438.0
22122000,410.37
22125600,400.23
22129200,408.27
22132800,433.95
22136400,475.5
22140000,530.11
22143600,594.04
22147200,662.95
22150800,732.13
22154400,796.88
22158000,852.77
22161600,896.0
22165200,923.63
22168800,933.77
22172400,925.73
22176000,900.05
22179600,858.5
22183200,803.89
22186800,739.96
22190400,671.05
22194000,601.87
22197600,537.12
22201200,481.23
22204800,438.0
22208400,410.37
22212000,400.23
22215600,408.27
22219200,433.95
22222800,475.5
22226400,530.11
22230000,594.04
22233600,662.95
22237200,732.13
22240800,796.88
22244400,852.77
22248000,896.0
22251600,923.63
22255200,933.77
22258800,925.73
22262400,900.05
22266000,858.5
22269600,803.89
22273200,739.96
22276800,671.05
22280400,601.87
22284000,537.12
22287600,481.23
22291200,438.0
22294800,410.37
22298400,400.23
22302000,408.27
22305600,433.95
22309200,475.5
22312800,530.11
22316400,594.04
22320000,662.95
22323600,732.13
22327200,796.88
22330800,852.77
22334400,896.0
22338000,923.63
22341600,933.77
22345200,925.73
22348800,900.05
22352400,858.5
22356000,803.89
22359600,739.96
22363200,671.05
22366800,601.87
22370400,537.12
22374000,481.23
22377600,438.0
22381200,410.37
22384800,400.23
22388400,408.27
22392000,433.95
22395600,475.5
22399200,530.11
22402800,594.04
22406400,662.95
22410000,732.13
22413600,796.88
22417200,852.77
22420800,896.0
22424400,923.63
22428000,933.77
22431600,925.73
22435200,900.05
22438800,858.5
22442400,803.89
22446000,739.96
22449600,671.05
22453200,601.87
22456800,537.12
22460400,481.23
22464000,438.0
22467600,410.37
22471200,400.23
22474800,408.27
22478400,433.95
22482000,475.5
22485600,530.11
22489200,594.04
22492800,662.95
22496400,732.13
22500000,796.88
22503600,852.77
22507200,896.0
22510800,923.63
22514400,933.77
22518000,925.73
22521600,900.05
22525200,858.5
22528800,803.89
22532400,739.96
22536000,671.05
22539600,601.87
22543200,537.12
22546800,481.23
22550400,438.0
22554000,410.37
22557600,400.23
22561200,408.27
22564800,433.95
22568400,475.5
22572000,530.11
22575600,594.04
22579200,662.95
22582800,732.13
22586400,796.88
22590000,852.77
22593600,896.0
22597200,923.63
22600800,933.77
22604400,925.73
22608000,900.05
22611600,858.5
22615200,803.89
22618800,739.96
22622400,671.05
22626000,601.87
22629600,537.12
22633200,481.23
22636800,438.0
22640400,410.37
22644000,400.23
22647600,408.27
22651200,433.95
22654800,475.5
22658400,530.11
22662000,594.04
22665600,662.95
22669200,732.13
22672800,796.88
22676400,852.77
22680000,896.0
22683600,923.63
22687200,933.77
22690800,925.73
22694400,900.05
22698000,858.5
22701600,803.89
22705200,739.96
22708800,671.05
22712400,601.87
22716000,537.12
22719600,481.23
22723200,438.0
22726800,410.37
22730400,400.23
22734000,408.27
22737600,433.95
22741200,475.5
22744800,530.11
22748400,594.04
22752000,662.95
22755600,732.13
22759200,796.88
22762800,852.77
22766400,896.0
22770000,923.63
22773600,933.77
22777200,925.73
22780800,900.05
22784400,858.5
22788000,803.89
22791600,739.96
22795200,671.05
22798800,601.87
22802400,537.12
22806000,481.23
22809600,438.0
22813200,410.37
22816800,400.23
22820400,408.27
22824000,433.95
22827600,475.5
22831200,530.11
22834800,594.04
22838400,662.95
22842000,732.13
22845600,796.88
22849200,852.77
22852800,896.0
22856400,923.63
22860000,933.77
22863600,925.73
22867200,900.05
22870800,858.5
22874400,803.89
22878000,739.96
22881600,671.05
22885200,601.87
22888800,537.12
22892400,481.23
22896000,438.0
22899600,410.37
22903200,400.23
22906800,408.27
22910400,433.95
22914000,475.5
22917600,530.11
22921200,594.04
22924800,662.95
22928400,732.13
22932000,796.88
22935600,852.77
22939200,896.0
22942800,923.63
22946400,933.77
22950000,925.73
22953600,900.05
22957200,858.5
22960800,803.89
22964400,739.96
22968000,671.05
22971600,601.87
22975200,537.12
22978800,481.23
22982400,438.0
22986000,410.37
22989600,400.23
22993200,408.27
22996800,433.95
23000400,475.5
23004000,530.11
23007600,594.04
23011200,662.95
23014800,732.13
23018400,796.88
23022000,852.77
23025600,896.0
23029200,923.63
23032800,933.77
23036400,925.73
23040000,900.05
23043600,858.5
23047200,803.89
23050800,739.96
23054400,671.05
23058000,601.87
23061600,537.12
23065200,481.23
23068800,438.0
23072400,410.37
23076000,400.23
23079600,408.27
23083200,433.95
23086800,475.5
23090400,530.11
23094000,594.04
23097600,662.95
23101200,732.13
23104800,796.88
23108400,852.77
23112000,896.0
23115600,923.63
23119200,933.77
23122800,925.73
23126400,900.05
23130000,858.5
23133600,803.89
23137200,739.96
23140800,671.05
23144400,601.87
23148000,537.12
23151600,481.23
23155200,438.0
23158800,410.37
23162400,400.23
23166000,408.27
23169600,433.95
23173200,475.5
23176800,530.11
23180400,594.04
23184000,662.95
23187600,732.13
23191200,796.88
23194800,852.77
23198400,896.0
23202000,923.63
23205600,933.77
23209200,925.73
23212800,900.05
23216400,858.5
23220000,803.89
23223600,739.96
23227200,671.05
23230800,601.87
23234400,537.12
23238000,481.23
23241600,438.0
23245200,410.37
23248800,400.23
23252400,408.27
23256000,433.95
23259600,475.5
23263200,530.11
23266800,594.04
23270400,662.95
23274000,732.13
23277600,796.88
23281200,852.77
23284800,896.0
23288400,923.63
23292000,933.77
23295600,925.73
23299200,900.05
23302800,858.5
23306400,803.89
23310000,739.96
23313600,671.05
23317200,601.87
23320800,537.12
23324400,481.23
23328000,438.0
23331600,410.37
23335200,400.23
23338800,408.27
23342400,433.95
23346000,475.5
23349600,530.11
23353200,594.04
23356800,662.95
23360400,732.13
23364000,796.88
23367600,852.77
23371200,896.0
23374800,923.63
23378400,933.77
23382000,925.73
23385600,900.05
23389200,858.5
23392800,803.89
23396400,739.96
23400000,671.05
23403600,601.87
23407200,537.12
23410800,481.23
23414400,438.0
23418000,410.37
23421600,400.23
23425200,408.27
23428800,433.95
23432400,475.5
23436000,530.11
23439600,594.04
23443200,662.95
23446800,732.13
23450400,796.88
23454000,852.77
23457600,896.0
23461200,923.63
23464800,933.77
23468400,925.73
23472000,900.05
23475600,858.5
23479200,803.89
23482800,739.96
23486400,671.05
23490000,601.87
23493600,537.12
23497200,481.23
23500800,438.0
23504400,410.37
23508000,400.23
23511600,408.27
23515200,433.95
23518800,475.5
23522400,530.11
23526000,594.04
23529600,662.95
23533200,732.13
23536800,796.88
23540400,852.77
23544000,896.0
23547600,923.63
23551200,933.77
23554800,925.73
23558400,900.05
23562000,858.5
23565600,803.89
23569200,739.96
23572800,671.05
23576400,601.87
23580000,537.12
23583600,481.23
23587200,438.0
23590800,410.37
23594400,400.23
23598000,408.27
23601600,433.95
23605200,475.5
23608800,530.11
23612400,594.04
23616000,662.95
23619600,732.13
23623200,796.88
23626800,852.77
23630400,896.0
23634000,923.63
23637600,933.77
23641200,925.73
23644800,900.05
23648400,858.5
23652000,803.89
23655600,739.96
23659200,671.05
23662800,601.87
23666400,537.12
23670000,481.23
23673600,438.0
23677200,410.37
23680800,400.23
23684400,408.27
23688000,433.95
23691600,475.5
23695200,530.11
23698800,594.04
23702400,662.95
23706000,732.13
23709600,796.88
23713200,852.77
23716800,896.0
23720400,923.63
23724000,933.77
23727600,925.73
23731200,900.05
23734800,858.5
23738400,803.89
23742000,739.96
23745600,671.05
23749200,601.87
23752800,537.12
23756400,481.23
23760000,438.0
23763600,410.37
23767200,400.23
23770800,408.27
23774400,433.95
23778000,475.5
23781600,530.11
23785200,594.04
23788800,662.95
23792400,732.13
23796000,796.88
23799600,852.77
23803200,896.0
23806800,923.63
23810400,933.77
23814000,925.73
23817600,900.05
23821200,858.5
23824800,803.89
23828400,739.96
23832000,671.05
23835600,601.87
23839200,537.12
23842800,481.23
23846400,438.0
23850000,410.37
23853600,400.23
23857200,408.27
23860800,433.95
23864400,475.5
23868000,530.11
23871600,594.04
23875200,662.95
23878800,732.13
23882400,796.88
23886000,852.77
23889600,896.0
23893200,923.63
23896800,933.77
23900400,925.73
23904000,900.05
23907600,858.5
23911200,803.89
23914800,739.96
23918400,671.05
23922000,601.87
23925600,537.12
23929200,481.23
23932800,438.0
23936400,410.37
23940000,400.23
23943600,408.27
23947200,433.95
23950800,475.5
23954400,530.11
23958000,594.04
23961600,662.95
23965200,732.13
23968800,796.88
23972400,852.77
23976000,896.0
23979600,923.63
23983200,933.77
23986800,925.73
23990400,900.05
23994000,858.5
23997600,803.89
24001200,739.96
24004800,671.05
24008400,601.87
24012000,537.12
24015600,481.23
24019200,438.0
24022800,410.37
24026400,400.23
24030000,408.27
24033600,433.95
24037200,475.5
24040800,530.11
24044400,594.04
24048000,662.95
24051600,732.13
24055200,796.88
24058800,852.77
24062400,896.0
24066000,923.63
24069600,933.77
24073200,925.73
24076800,900.05
24080400,858.5
24084000,803.89
24087600,739.96
24091200,671.05
24094800,601.87
24098400,537.12
24102000,481.23
24105600,438.0
24109200,410.37
24112800,400.23
24116400,408.27
24120000,433.95
24123600,475.5
24127200,530.11
24130800,594.04
24134400,662.95
24138000,732.13
24141600,796.88
24145200,852.77
24148800,896.0
24152400,923.63
24156000,933.77
24159600,925.73
24163200,900.05
24166800,858.5
24170400,803.89
24174000,739.96
24177600,671.05
24181200,601.87
24184800,537.12
24188400,481.23
24192000,438.0
24195600,410.37
24199200,400.23
24202800,408.27
24206400,433.95
24210000,475.5
24213600,530.11
24217200,594.04
24220800,662.95
24224400,732.13
24228000,796.88
24231600,852.77
24235200,896.0
24238800,923.63
24242400,933.77
24246000,925.73
24249600,900.05
24253200,858.5
24256800,803.89
24260400,739.96
24264000,671.05
24267600,601.87
24271200,537.12
24274800,481.23
24278400,438.0
24282000,410.37
24285600,400.23
24289200,408.27
24292800,433.95
24296400,475.5
24300000,530.11
24303600,594.04
24307200,662.95
24310800,732.13
24314400,796.88
24318000,852.77
24321600,896.0
24325200,923.63
24328800,933.77
24332400,925.73
24336000,900.05
24339600,858.5
24343200,803.89
24346800,739.96
24350400,671.05
24354000,601.87
24357600,537.12
24361200,481.23
24364800,438.0
24368400,410.37
24372000,400.23
24375600,408.27
24379200,433.95
24382800,475.5
24386400,530.11
24390000,594.04
24393600,662.95
24397200,732.13
24400800,796.88
24404400,852.77
24408000,896.0
24411600,923.63
24415200,933.77
24418800,925.73
24422400,900.05
24426000,858.5
24429600,803.89
24433200,739.96
24436800,671.05
24440400,601.87
24444000,537.12
24447600,481.23
24451200,438.0
24454800,410.37
24458400,400.23
24462000,408.27
24465600,433.95
24469200,475.5
24472800,530.11
24476400,594.04
24480000,662.95
24483600,732.13
24487200,796.88
24490800,852.77
24494400,896.0
24498000,923.63
24501600,933.77
24505200,925.73
24508800,900.05
24512400,858.5
24516000,803.89
24519600,739.96
24523200,671.05
24526800,601.87
24530400,537.12
24534000,481.23
24537600,438.0
24541200,410.37
24544800,400.23
24548400,408.27
24552000,433.95
24555600,475.5
24559200,530.11
24562800,594.04
24566400,662.95
24570000,732.13
24573600,796.88
24577200,852.77
24580800,896.0
24584400,923.63
24588000,933.77
24591600,925.73
24595200,900.05
24598800,858.5
24602400,803.89
24606000,739.96
24609600,671.05
24613200,601.87
24616800,537.12
24620400,481.23
24624000,438.0
24627600,410.37
24631200,400.23
24634800,408.27
24638400,433.95
24642000,475.5
24645600,530.11
24649200,594.04
24652800,662.95
24656400,732.13
24660000,796.88
24663600,852.77
24667200,896.0
24670800,923.63
24674400,933.77
24678000,925.73
24681600,900.05
24685200,858.5
24688800,803.89
24692400,739.96
24696000,671.05
24699600,601.87
24703200,537.12
24706800,481.23
24710400,438.0
24714000,410.37
24717600,400.23
24721200,408.27
24724800,433.95
24728400,475.5
24732000,530.11
24735600,594.04
24739200,662.95
24742800,732.13
24746400,796.88
24750000,852.77
24753600,896.0
24757200,923.63
24760800,933.77
24764400,925.73
24768000,900.05
24771600,858.5
24775200,803.89
24778800,739.96
24782400,671.05
24786000,601.87
24789600,537.12
24793200,481.23
24796800,438.0
24800400,410.37
24804000,400.23
24807600,408.27
24811200,433.95
24814800,475.5
24818400,530.11
24822000,594.04
24825600,662.95
24829200,732.13
24832800,796.88
24836400,852.77
24840000,896.0
24843600,923.63
24847200,933.77
24850800,925.73
24854400,900.05
24858000,858.5
24861600,803.89
24865200,739.96
24868800,671.05
24872400,601.87
24876000,537.12
24879600,481.23
24883200,438.0
24886800,410.37
24890400,400.23
24894000,408.27
24897600,433.95
24901200,475.5
24904800,530.11
24908400,594.04
24912000,662.95
24915600,732.13
24919200,796.88
24922800,852.77
24926400,896.0
24930000,923.63
24933600,933.77
24937200,925.73
24940800,900.05
24944400,858.5
24948000,803.89
24951600,739.96
24955200,671.05
24958800,601.87
24962400,537.12
24966000,481.23
24969600,438.0
24973200,410.37
24976800,400.23
24980400,408.27
24984000,433.95
24987600,475.5
24991200,530.11
24994800,594.04
24998400,662.95
25002000,732.13
25005600,796.88
25009200,852.77
25012800,896.0
25016400,923.63
25020000,933.77
25023600,925.73
25027200,900.05
25030800,858.5
25034400,803.89
25038000,739.96
25041600,671.05
25045200,601.87
25048800,537.12
25052400,481.23
25056000,438.0
25059600,410.37
25063200,400.23
25066800,408.27
25070400,433.95
25074000,475.5
25077600,530.11
25081200,594.04
25084800,662.95
25088400,732.13
25092000,796.88
25095600,852.77
25099200,896.0
25102800,923.63
25106400,933.77
25110000,925.73
25113600,900.05
25117200,858.5
25120800,803.89
25124400,739.96
25128000,671.05
25131600,601.87
25135200,537.12
25138800,481.23
25142400,438.0
25146000,410.37
25149600,400.23
25153200,408.27
25156800,433.95
25160400,475.5
25164000,530.11
25167600,594.04
25171200,662.95
25174800,732.13
25178400,796.88
25182000,852.77
25185600,896.0
25189200,923.63
25192800,933.77
25196400,925.73
25200000,900.05
25203600,858.5
25207200,803.89
25210800,739.96
25214400,671.05
25218000,601.87
25221600,537.12
25225200,481.23
25228800,438.0
25232400,410.37
25236000,400.23
25239600,408.27
25243200,433.95
25246800,475.5
25250400,530.11
25254000,594.04
25257600,662.95
25261200,732.13
25264800,796.88
25268400,852.77
25272000,896.0
25275600,923.63
25279200,933.77
25282800,925.73
25286400,900.05
25290000,858.5
25293600,803.89
25297200,739.96
25300800,671.05
25304400,601.87
25308000,537.12
25311600,481.23
25315200,438.0
25318800,410.37
25322400,400.23
25326000,408.27
25329600,433.95
25333200,475.5
25336800,530.11
25340400,594.04
25344000,662.95
25347600,732.13
25351200,796.88
25354800,852.77
25358400,896.0
25362000,923.63
25365600,933.77
25369200,925.73
25372800,900.05
25376400,858.5
25380000,803.89
25383600,739.96
25387200,671.05
25390800,601.87
25394400,537.12
25398000,481.23
25401600,438.0
25405200,410.37
25408800,400.23
25412400,408.27
25416000,433.95
25419600,475.5
25423200,530.11
25426800,594.04
25430400,662.95
25434000,732.13
25437600,796.88
25441200,852.77
25444800,896.0
25448400,923.63
25452000,933.77
25455600,925.73
25459200,900.05
25462800,858.5
25466400,803.89
25470000,739.96
25473600,671.05
25477200,601.87
25480800,537.12
25484400,481.23
25488000,438.0
25491600,410.37
25495200,400.23
25498800,408.27
25502400,433.95
25506000,475.5
25509600,530.11
25513200,594.04
25516800,662.95
25520400,732.13
25524000,796.88
25527600,852.77
25531200,896.0
25534800,923.63
25538400,933.77
25542000,925.73
25545600,900.05
25549200,858.5
25552800,803.89
25556400,739.96
25560000,671.05
25563600,601.87
25567200,537.12
25570800,481.23
25574400,438.0
25578000,410.37
25581600,400.23
25585200,408.27
25588800,433.95
25592400,475.5
25596000,530.11
25599600,594.04
25603200,662.95
25606800,732.13
25610400,796.88
25614000,852.77
25617600,896.0
25621200,923.63
25624800,933.77
25628400,925.73
25632000,900.05
25635600,858.5
25639200,803.89
25642800,739.96
25646400,671.05
25650000,601.87
25653600,537.12
25657200,481.23
25660800,438.0
25664400,410.37
25668000,400.23
25671600,408.27
25675200,433.95
25678800,475.5
25682400,530.11
25686000,594.04
25689600,662.95
25693200,732.13
25696800,796.88
25700400,852.77
25704000,896.0
25707600,923.63
25711200,933.77
25714800,925.73
25718400,900.05
25722000,858.5
25725600,803.89
25729200,739.96
25732800,671.05
25736400,601.87
25740000,537.12
25743600,481.23
25747200,438.0
25750800,410.37
25754400,400.23
25758000,408.27
25761600,433.95
25765200,475.5
25768800,530.11
25772400,594.04
25776000,662.95
25779600,732.13
25783200,796.88
25786800,852.77
25790400,896.0
25794000,923.63
25797600,933.77
25801200,925.73
25804800,900.05
25808400,858.5
25812000,803.89
25815600,739.96
25819200,671.05
25822800,601.87
25826400,537.12
25830000,481.23
25833600,438.0
25837200,410.37
25840800,400.23
25844400,408.27
25848000,433.95
25851600,475.5
25855200,530.11
25858800,594.04
25862400,662.95
25866000,732.13
25869600,796.88
25873200,852.77
25876800,896.0
25880400,923.63
25884000,933.77
25887600,925.73
25891200,900.05
25894800,858.5
25898400,803.89
25902000,739.96
25905600,671.05
25909200,601.87
25912800,537.12
25916400,481.23
25920000,438.0
25923600,410.37
25927200,400.23
25930800,408.27
25934400,433.95
25938000,475.5
25941600,530.11
25945200,594.04
25948800,662.95
25952400,732.13
25956000,796.88
25959600,852.77
25963200,896.0
25966800,923.63
25970400,933.77
25974000,925.73
25977600,900.05
25981200,858.5
25984800,803.89
25988400,739.96
25992000,671.05
25995600,601.87
25999200,537.12
26002800,481.23
26006400,438.0
26010000,410.37
26013600,400.23
26017200,408.27
26020800,433.95
26024400,475.5
26028000,530.11
26031600,594.04
26035200,662.95
26038800,732.13
26042400,796.88
26046000,852.77
26049600,896.0
26053200,923.63
26056800,933.77
26060400,925.73
26064000,900.05
26067600,858.5
26071200,803.89
26074800,739.96
26078400,671.05
26082000,601.87
26085600,537.12
26089200,481.23
26092800,438.0
26096400,410.37
26100000,400.23
26103600,408.27
26107200,433.95
26110800,475.5
26114400,530.11
26118000,594.04
26121600,662.95
26125200,732.13
26128800,796.88
26132400,852.77
26136000,896.0
26139600,923.63
26143200,933.77
26146800,925.73
26150400,900.05
26154000,858.5
26157600,803.89
26161200,739.96
26164800,671.05
26168400,601.87
26172000,537.12
26175600,481.23
26179200,438.0
26182800,410.37
26186400,400.23
26190000,408.27
26193600,433.95
26197200,475.5
26200800,530.11
26204400,594.04
26208000,662.95
26211600,732.13
26215200,796.88
26218800,852.77
26222400,896.0
26226000,923.63
26229600,933.77
26233200,925.73
26236800,900.05
26240400,858.5
26244000,803.89
26247600,739.96
26251200,671.05
26254800,601.87
26258400,537.12
26262000,481.23
26265600,438.0
26269200,410.37
26272800,400.23
26276400,408.27
26280000,433.95
26283600,475.5
26287200,530.11
26290800,594.04
26294400,662.95
26298000,732.13
26301600,796.88
26305200,852.77
26308800,896.0
26312400,923.63
26316000,933.77
26319600,925.73
26323200,900.05
26326800,858.5
26330400,803.89
26334000,739.96
26337600,671.05
26341200,601.87
26344800,537.12
26348400,481.23
26352000,438.0
26355600,410.37
26359200,400.23
26362800,408.27
26366400,433.95
26370000,475.5
26373600,530.11
26377200,594.04
26380800,662.95
26384400,732.13
26388000,796.88
26391600,852.77
26395200,896.0
26398800,923.63
26402400,933.77
26406000,925.73
26409600,900.05
26413200,858.5
26416800,803.89
26420400,739.96
26424000,671.05
26427600,601.87
26431200,537.12
26434800,481.23
26438400,438.0
26442000,410.37
26445600,400.23
26449200,408.27
26452800,433.95
26456400,475.5
26460000,530.11
26463600,594.04
26467200,662.95
26470800,732.13
26474400,796.88
26478000,852.77
26481600,896.0
26485200,923.63
26488800,933.77
26492400,925.73
26496000,900.05
26499600,858.5
26503200,803.89
26506800,739.96
26510400,671.05
26514000,601.87
26517600,537.12
26521200,481.23
26524800,438.0
26528400,410.37
26532000,400.23
26535600,408.27
26539200,433.95
26542800,475.5
26546400,530.11
26550000,594.04
26553600,662.95
26557200,732.13
26560800,796.88
26564400,852.77
26568000,896.0
26571600,923.63
26575200,933.77
26578800,925.73
26582400,900.05
26586000,858.5
26589600,803.89
26593200,739.96
26596800,671.05
26600400,601.87
26604000,537.12
26607600,481.23
26611200,438.0
26614800,410.37
26618400,400.23
26622000,408.27
26625600,433.95
26629200,475.5
26632800,530.11
26636400,594.04
26640000,662.95
26643600,732.13
26647200,796.88
26650800,852.77
26654400,896.0
26658000,923.63
26661600,933.77
26665200,925.73
26668800,900.05
26672400,858.5
26676000,803.89
26679600,739.96
26683200,671.05
26686800,601.87
26690400,537.12
26694000,481.23
26697600,438.0
26701200,410.37
26704800,400.23
26708400,408.27
26712000,433.95
26715600,475.5
26719200,530.11
26722800,594.04
26726400,662.95
26730000,732.13
26733600,796.88
26737200,852.77
26740800,896.0
26744400,923.63
26748000,933.77
26751600,925.73
26755200,900.05
26758800,858.5
26762400,803.89
26766000,739.96
26769600,671.05
26773200,601.87
26776800,537.12
26780400,481.23
26784000,438.0
26787600,410.37
26791200,400.23
26794800,408.27
26798400,433.95
26802000,475.5
26805600,530.11
26809200,594.04
26812800,662.95
26816400,732.13
26820000,796.88
26823600,852.77
26827200,896.0
26830800,923.63
26834400,933.77
26838000,925.73
26841600,900.05
26845200,858.5
26848800,803.89
26852400,739.96
26856000,671.05
26859600,601.87
26863200,537.12
26866800,481.23
26870400,438.0
26874000,410.37
26877600,400.23
26881200,408.27
26884800,433.95
26888400,475.5
26892000,530.11
26895600,594.04
26899200,662.95
26902800,732.13
26906400,796.88
26910000,852.77
26913600,896.0
26917200,923.63
26920800,933.77
26924400,925.73
26928000,900.05
26931600,858.5
26935200,803.89
26938800,739.96
26942400,671.05
26946000,601.87
26949600,537.12
26953200,481.23
26956800,438.0
26960400,410.37
26964000,400.23
26967600,408.27
26971200,433.95
26974800,475.5
26978400,530.11
26982000,594.04
26985600,662.95
26989200,732.13
26992800,796.88
26996400,852.77
27000000,896.0
27003600,923.63
27007200,933.77
27010800,925.73
27014400,900.05
27018000,858.5
27021600,803.89
27025200,739.96
27028800,671.05
27032400,601.87
27036000,537.12
27039600,481.23
27043200,438.0
27046800,410.37
27050400,400.23
27054000,408.27
27057600,433.95
27061200,475.5
27064800,530.11
27068400,594.04
27072000,662.95
27075600,732.13
27079200,796.88
27082800,852.77
27086400,896.0
27090000,923.63
27093600,933.77
27097200,925.73
27100800,900.05
27104400,858.5
27108000,803.89
27111600,739.96
27115200,671.05
27118800,601.87
27122400,537.12
27126000,481.23
27129600,438.0
27133200,410.37
27136800,400.23
27140400,408.27
27144000,433.95
27147600,475.5
27151200,530.11
27154800,594.04
27158400,662.95
27162000,732.13
27165600,796.88
27169200,852.77
27172800,896.0
27176400,923.63
27180000,933.77
27183600,925.73
27187200,900.05
27190800,858.5
27194400,803.89
27198000,739.96
27201600,671.05
27205200,601.87
27208800,537.12
27212400,481.23
27216000,438.0
27219600,410.37
27223200,400.23
27226800,408.27
27230400,433.95
27234000,475.5
27237600,530.11
27241200,594.04
27244800,662.95
27248400,732.13
27252000,796.88
27255600,852.77
27259200,896.0
27262800,923.63
27266400,933.77
27270000,925.73
27273600,900.05
27277200,858.5
27280800,803.89
27284400,739.96
27288000,671.05
27291600,601.87
27295200,537.12
27298800,481.23
27302400,438.0
27306000,410.37
27309600,400.23
27313200,408.27
27316800,433.95
27320400,475.5
27324000,530.11
27327600,594.04
27331200,662.95
27334800,732.13
27338400,796.88
27342000,852.77
27345600,896.0
27349200,923.63
27352800,933.77
27356400,925.73
27360000,900.05
27363600,858.5
27367200,803.89
27370800,739.96
27374400,671.05
27378000,601.87
27381600,537.12
27385200,481.23
27388800,438.0
27392400,410.37
27396000,400.23
27399600,408.27
27403200,433.95
27406800,475.5
27410400,530.11
27414000,594.04
27417600,662.95
27421200,732.13
27424800,796.88
27428400,852.77
27432000,896.0
27435600,923.63
27439200,933.77
27442800,925.73
27446400,900.05
27450000,858.5
27453600,803.89
27457200,739.96
27460800,671.05
27464400,601.87
27468000,537.12
27471600,481.23
27475200,438.0
27478800,410.37
27482400,400.23
27486000,408.27
27489600,433.95
27493200,475.5
27496800,530.11
27500400,594.04
27504000,662.95
27507600,732.13
27511200,796.88
27514800,852.77
27518400,896.0
27522000,923.63
27525600,933.77
27529200,925.73
27532800,900.05
27536400,858.5
27540000,803.89
27543600,739.96
27547200,671.05
27550800,601.87
27554400,537.12
27558000,481.23
27561600,438.0
27565200,410.37
27568800,400.23
27572400,408.27
27576000,433.95
27579600,475.5
27583200,530.11
27586800,594.04
27590400,662.95
27594000,732.13
27597600,796.88
27601200,852.77
27604800,896.0
27608400,923.63
27612000,933.77
27615600,925.73
27619200,900.05
27622800,858.5
27626400,803.89
27630000,739.96
27633600,671.05
27637200,601.87
27640800,537.12
27644400,481.23
27648000,438.0
27651600,410.37
27655200,400.23
27658800,408.27
27662400,433.95
27666000,475.5
27669600,530.11
27673200,594.04
27676800,662.95
27680400,732.13
27684000,796.88
27687600,852.77
27691200,896.0
27694800,923.63
27698400,933.77
27702000,925.73
27705600,900.05
27709200,858.5
27712800,803.89
27716400,739.96
27720000,671.05
27723600,601.87
27727200,537.12
27730800,481.23
27734400,438.0
27738000,410.37
27741600,400.23
27745200,408.27
27748800,433.95
27752400,475.5
27756000,530.11
27759600,594.04
27763200,662.95
27766800,732.13
27770400,796.88
27774000,852.77
27777600,896.0
27781200,923.63
27784800,933.77
27788400,925.73
27792000,900.05
27795600,858.5
27799200,803.89
27802800,739.96
27806400,671.05
27810000,601.87
27813600,537.12
27817200,481.23
27820800,438.0
27824400,410.37
27828000,400.23
27831600,408.27
27835200,433.95
27838800,475.5
27842400,530.11
27846000,594.04
27849600,662.95
27853200,732.13
27856800,796.88
27860400,852.77
27864000,896.0
27867600,923.63
27871200,933.77
27874800,925.73
27878400,900.05
27882000,858.5
27885600,803.89
27889200,739.96
27892800,671.05
27896400,601.87
27900000,537.12
27903600,481.23
27907200,438.0
27910800,410.37
27914400,400.23
27918000,408.27
27921600,433.95
27925200,475.5
27928800,530.11
27932400,594.04
27936000,662.95
27939600,732.13
27943200,796.88
27946800,852.77
27950400,896.0
27954000,923.63
27957600,933.77
27961200,925.73
27964800,900.05
27968400,858.5
27972000,803.89
27975600,739.96
27979200,671.05
27982800,601.87
27986400,537.12
27990000,481.23
27993600,438.0
27997200,410.37
28000800,400.23
28004400,408.27
28008000,433.95
28011600,475.5
28015200,530.11
28018800,594.04
28022400,662.95
28026000,732.13
28029600,796.88
28033200,852.77
28036800,896.0
28040400,923.63
28044000,933.77
28047600,925.73
28051200,900.05
28054800,858.5
28058400,803.89
28062000,739.96
28065600,671.05
28069200,601.87
28072800,537.12
28076400,481.23
28080000,438.0
28083600,410.37
28087200,400.23
28090800,408.27
28094400,433.95
28098000,475.5
28101600,530.11
28105200,594.04
28108800,662.95
28112400,732.13
28116000,796.88
28119600,852.77
28123200,896.0
28126800,923.63
28130400,933.77
28134000,925.73
28137600,900.05
28141200,858.5
28144800,803.89
28148400,739.96
28152000,671.05
28155600,601.87
28159200,537.12
28162800,481.23
28166400,438.0
28170000,410.37
28173600,400.23
28177200,408.27
28180800,433.95
28184400,475.5
28188000,530.11
28191600,594.04
28195200,662.95
28198800,732.13
28202400,796.88
28206000,852.77
28209600,896.0
28213200,923.63
28216800,933.77
28220400,925.73
28224000,900.05
28227600,858.5
28231200,803.89
28234800,739.96
28238400,671.05
28242000,601.87
28245600,537.12
28249200,481.23
28252800,438.0
28256400,410.37
28260000,400.23
28263600,408.27
28267200,433.95
28270800,475.5
28274400,530.11
28278000,594.04
28281600,662.95
28285200,732.13
28288800,796.88
28292400,852.77
28296000,896.0
28299600,923.63
28303200,933.77
28306800,925.73
28310400,900.05
28314000,858.5
28317600,803.89
28321200,739.96
28324800,671.05
28328400,601.87
28332000,537.12
28335600,481.23
28339200,438.0
28342800,410.37
28346400,400.23
28350000,408.27
28353600,433.95
28357200,475.5
28360800,530.11
28364400,594.04
28368000,662.95
28371600,732.13
28375200,796.88
28378800,852.77
28382400,896.0
28386000,923.63
28389600,933.77
28393200,925.73
28396800,900.05
28400400,858.5
28404000,803.89
28407600,739.96
28411200,671.05
28414800,601.87
28418400,537.12
28422000,481.23
28425600,438.0
28429200,410.37
28432800,400.23
28436400,408.27
28440000,433.95
28443600,475.5
28447200,530.11
28450800,594.04
28454400,662.95
28458000,732.13
28461600,796.88
28465200,852.77
28468800,896.0
28472400,923.63
28476000,933.77
28479600,925.73
28483200,900.05
28486800,858.5
28490400,803.89
28494000,739.96
28497600,671.05
28501200,601.87
28504800,537.12
28508400,481.23
28512000,438.0
28515600,410.37
28519200,400.23
28522800,408.27
28526400,433.95
28530000,475.5
28533600,530.11
28537200,594.04
28540800,662.95
28544400,732.13
28548000,796.88
28551600,852.77
28555200,896.0
28558800,923.63
28562400,933.77
28566000,925.73
28569600,900.05
28573200,858.5
28576800,803.89
28580400,739.96
28584000,671.05
28587600,601.87
28591200,537.12
28594800,481.23
28598400,438.0
28602000,410.37
28605600,400.23
28609200,408.27
28612800,433.95
28616400,475.5
28620000,530.11
28623600,594.04
28627200,662.95
28630800,732.13
28634400,796.88
28638000,852.77
28641600,896.0
28645200,923.63
28648800,933.77
28652400,925.73
28656000,900.05
28659600,858.5
28663200,803.89
28666800,739.96
28670400,671.05
28674000,601.87
28677600,537.12
28681200,481.23
28684800,438.0
28688400,410.37
28692000,400.23
28695600,408.27
28699200,433.95
28702800,475.5
28706400,530.11
28710000,594.04
28713600,662.95
28717200,732.13
28720800,796.88
28724400,852.77
28728000,896.0
28731600,923.63
28735200,933.77
28738800,925.73
28742400,900.05
28746000,858.5
28749600,803.89
28753200,739.96
28756800,671.05
28760400,601.87
28764000,537.12
28767600,481.23
28771200,438.0
28774800,410.37
28778400,400.23
28782000,408.27
28785600,433.95
28789200,475.5
28792800,530.11
28796400,594.04
28800000,662.95
28803600,732.13
28807200,796.88
28810800,852.77
28814400,896.0
28818000,923.63
28821600,933.77
28825200,925.73
28828800,900.05
28832400,858.5
28836000,803.89
28839600,739.96
28843200,671.05
28846800,601.87
28850400,537.12
28854000,481.23
28857600,438.0
28861200,410.37
28864800,400.23
28868400,408.27
28872000,433.95
28875600,475.5
28879200,530.11
28882800,594.04
28886400,662.95
28890000,732.13
28893600,796.88
28897200,852.77
28900800,896.0
28904400,923.63
28908000,933.77
28911600,925.73
28915200,900.05
28918800,858.5
28922400,803.89
28926000,739.96
28929600,671.05
28933200,601.87
28936800,537.12
28940400,481.23
28944000,438.0
28947600,410.37
28951200,400.23
28954800,408.27
28958400,433.95
28962000,475.5
28965600,530.11
28969200,594.04
28972800,662.95
28976400,732.13
28980000,796.88
28983600,852.77
28987200,896.0
28990800,923.63
28994400,933.77
28998000,925.73
29001600,900.05
29005200,858.5
29008800,803.89
29012400,739.96
29016000,671.05
29019600,601.87
29023200,537.12
29026800,481.23
29030400,438.0
29034000,410.37
29037600,400.23
29041200,408.27
29044800,433.95
29048400,475.5
29052000,530.11
29055600,594.04
29059200,662.95
29062800,732.13
29066400,796.88
29070000,852.77
29073600,896.0
29077200,923.63
29080800,933.77
29084400,925.73
29088000,900.05
29091600,858.5
29095200,803.89
29098800,739.96
29102400,671.05
29106000,601.87
29109600,537.12
29113200,481.23
29116800,438.0
29120400,410.37
29124000,400.23
29127600,408.27
29131200,433.95
29134800,475.5
29138400,530.11
29142000,594.04
29145600,662.95
29149200,732.13
29152800,796.88
29156400,852.77
29160000,896.0
29163600,923.63
29167200,933.77
29170800,925.73
29174400,900.05
29178000,858.5
29181600,803.89
29185200,739.96
29188800,671.05
29192400,601.87
29196000,537.12
29199600,481.23
29203200,438.0
29206800,410.37
29210400,400.23
29214000,408.27
29217600,433.95
29221200,475.5
29224800,530.11
29228400,594.04
29232000,662.95
29235600,732.13
29239200,796.88
29242800,852.77
29246400,896.0
29250000,923.63
29253600,933.77
29257200,925.73
29260800,900.05
29264400,858.5
29268000,803.89
29271600,739.96
29275200,671.05
29278800,601.87
29282400,537.12
29286000,481.23
29289600,438.0
29293200,410.37
29296800,400.23
29300400,408.27
29304000,433.95
29307600,475.5
29311200,530.11
29314800,594.04
29318400,662.95
29322000,732.13
29325600,796.88
29329200,852.77
29332800,896.0
29336400,923.63
29340000,933.77
29343600,925.73
29347200,900.05
29350800,858.5
29354400,803.89
29358000,739.96
29361600,671.05
29365200,601.87
29368800,537.12
29372400,481.23
29376000,438.0
29379600,410.37
29383200,400.23
29386800,408.27
29390400,433.95
29394000,475.5
29397600,530.11
29401200,594.04
29404800,662.95
29408400,732.13
29412000,796.88
29415600,852.77
29419200,896.0
29422800,923.63
29426400,933.77
29430000,925.73
29433600,900.05
29437200,858.5
29440800,803.89
29444400,739.96
29448000,671.05
29451600,601.87
29455200,537.12
29458800,481.23
29462400,438.0
29466000,410.37
29469600,400.23
29473200,408.27
29476800,433.95
29480400,475.5
29484000,530.11
29487600,594.04
29491200,662.95
29494800,732.13
29498400,796.88
29502000,852.77
29505600,896.0
29509200,923.63
29512800,933.77
29516400,925.73
29520000,900.05
29523600,858.5
29527200,803.89
29530800,739.96
29534400,671.05
29538000,601.87
29541600,537.12
29545200,481.23
29548800,438.0
29552400,410.37
29556000,400.23
29559600,408.27
29563200,433.95
29566800,475.5
29570400,530.11
29574000,594.04
29577600,662.95
29581200,732.13
29584800,796.88
29588400,852.77
29592000,896.0
29595600,923.63
29599200,933.77
29602800,925.73
29606400,900.05
29610000,858.5
29613600,803.89
29617200,739.96
29620800,671.05
29624400,601.87
29628000,537.12
29631600,481.23
29635200,438.0
29638800,410.37
29642400,400.23
29646000,408.27
29649600,433.95
29653200,475.5
29656800,530.11
29660400,594.04
29664000,662.95
29667600,732.13
29671200,796.88
29674800,852.77
29678400,896.0
29682000,923.63
29685600,933.77
29689200,925.73
29692800,900.05
29696400,858.5
29700000,803.89
29703600,739.96
29707200,671.05
29710800,601.87
29714400,537.12
29718000,481.23
29721600,438.0
29725200,410.37
29728800,400.23
29732400,408.27
29736000,433.95
29739600,475.5
29743200,530.11
29746800,594.04
29750400,662.95
29754000,732.13
29757600,796.88
29761200,852.77
29764800,896.0
29768400,923.63
29772000,933.77
29775600,925.73
29779200,900.05
29782800,858.5
29786400,803.89
29790000,739.96
29793600,671.05
29797200,601.87
29800800,537.12
29804400,481.23
29808000,438.0
29811600,410.37
29815200,400.23
29818800,408.27
29822400,433.95
29826000,475.5
29829600,530.11
29833200,594.04
29836800,662.95
29840400,732.13
29844000,796.88
29847600,852.77
29851200,896.0
29854800,923.63
29858400,933.77
29862000,925.73
29865600,900.05
29869200,858.5
29872800,803.89
29876400,739.96
29880000,671.05
29883600,601.87
29887200,537.12
29890800,481.23
29894400,438.0
29898000,410.37
29901600,400.23
29905200,408.27
29908800,433.95
29912400,475.5
29916000,530.11
29919600,594.04
29923200,662.95
29926800,732.13
29930400,796.88
29934000,852.77
29937600,896.0
29941200,923.63
29944800,933.77
29948400,925.73
29952000,900.05
29955600,858.5
29959200,803.89
29962800,739.96
29966400,671.05
29970000,601.87
29973600,537.12
29977200,481.23
29980800,438.0
29984400,410.37
29988000,400.23
29991600,408.27
29995200,433.95
29998800,475.5
30002400,530.11
30006000,594.04
30009600,662.95
30013200,732.13
30016800,796.88
30020400,852.77
30024000,896.0
30027600,923.63
30031200,933.77
30034800,925.73
30038400,900.05
30042000,858.5
30045600,803.89
30049200,739.96
30052800,671.05
30056400,601.87
30060000,537.12
30063600,481.23
30067200,438.0
30070800,410.37
30074400,400.23
30078000,408.27
30081600,433.95
30085200,475.5
30088800,530.11
30092400,594.04
30096000,662.95
30099600,732.13
30103200,796.88
30106800,852.77
30110400,896.0
30114000,923.63
30117600,933.77
30121200,925.73
30124800,900.05
30128400,858.5
30132000,803.89
30135600,739.96
30139200,671.05
30142800,601.87
30146400,537.12
30150000,481.23
30153600,438.0
30157200,410.37
30160800,400.23
30164400,408.27
30168000,433.95
30171600,475.5
30175200,530.11
30178800,594.04
30182400,662.95
30186000,732.13
30189600,796.88
30193200,852.77
30196800,896.0
30200400,923.63
30204000,933.77
30207600,925.73
30211200,900.05
30214800,858.5
30218400,803.89
30222000,739.96
30225600,671.05
30229200,601.87
30232800,537.12
30236400,481.23
30240000,438.0
30243600,410.37
30247200,400.23
30250800,408.27
30254400,433.95
30258000,475.5
30261600,530.11
30265200,594.04
30268800,662.95
30272400,732.13
30276000,796.88
30279600,852.77
30283200,896.0
30286800,923.63
30290400,933.77
30294000,925.73
30297600,900.05
30301200,858.5
30304800,803.89
30308400,739.96
30312000,671.05
30315600,601.87
30319200,537.12
30322800,481.23
30326400,438.0
30330000,410.37
30333600,400.23
30337200,408.27
30340800,433.95
30344400,475.5
30348000,530.11
30351600,594.04
30355200,662.95
30358800,732.13
30362400,796.88
30366000,852.77
30369600,896.0
30373200,923.63
30376800,933.77
30380400,925.73
30384000,900.05
30387600,858.5
30391200,803.89
30394800,739.96
30398400,671.05
30402000,601.87
30405600,537.12
30409200,481.23
30412800,438.0
30416400,410.37
30420000,400.23
30423600,408.27
30427200,433.95
30430800,475.5
30434400,530.11
30438000,594.04
30441600,662.95
30445200,732.13
30448800,796.88
30452400,852.77
30456000,896.0
30459600,923.63
30463200,933.77
30466800,925.73
30470400,900.05
30474000,858.5
30477600,803.89
30481200,739.96
30484800,671.05
30488400,601.87
30492000,537.12
30495600,481.23
30499200,438.0
30502800,410.37
30506400,400.23
30510000,408.27
30513600,433.95
30517200,475.5
30520800,530.11
30524400,594.04
30528000,662.95
30531600,732.13
30535200,796.88
30538800,852.77
30542400,896.0
30546000,923.63
30549600,933.77
30553200,925.73
30556800,900.05
30560400,858.5
30564000,803.89
30567600,739.96
30571200,671.05
30574800,601.87
30578400,537.12
30582000,481.23
30585600,438.0
30589200,410.37
30592800,400.23
30596400,408.27
30600000,433.95
30603600,475.5
30607200,530.11
30610800,594.04
30614400,662.95
30618000,732.13
30621600,796.88
30625200,852.77
30628800,896.0
30632400,923.63
30636000,933.77
30639600,925.73
30643200,900.05
30646800,858.5
30650400,803.89
30654000,739.96
30657600,671.05
30661200,601.87
30664800,537.12
30668400,481.23
30672000,438.0
30675600,410.37
30679200,400.23
30682800,408.27
30686400,433.95
30690000,475.5
30693600,530.11
30697200,594.04
30700800,662.95
30704400,732.13
30708000,796.88
30711600,852.77
30715200,896.0
30718800,923.63
30722400,933.77
30726000,925.73
30729600,900.05
30733200,858.5
30736800,803.89
30740400,739.96
30744000,671.05
30747600,601.87
30751200,537.12
30754800,481.23
30758400,438.0
30762000,410.37
30765600,400.23
30769200,408.27
30772800,433.95
30776400,475.5
30780000,530.11
30783600,594.04
30787200,662.95
30790800,732.13
30794400,796.88
30798000,852.77
30801600,896.0
30805200,923.63
30808800,933.77
30812400,925.73
30816000,900.05
30819600,858.5
30823200,803.89
30826800,739.96
30830400,671.05
30834000,601.87
30837600,537.12
30841200,481.23
30844800,438.0
30848400,410.37
30852000,400.23
30855600,408.27
30859200,433.95
30862800,475.5
30866400,530.11
30870000,594.04
30873600,662.95
30877200,732.13
30880800,796.88
30884400,852.77
30888000,896.0
30891600,923.63
30895200,933.77
30898800,925.73
30902400,900.05
30906000,858.5
30909600,803.89
30913200,739.96
30916800,671.05
30920400,601.87
30924000,537.12
30927600,481.23
30931200,438.0
30934800,410.37
30938400,400.23
30942000,408.27
30945600,433.95
30949200,475.5
30952800,530.11
30956400,594.04
30960000,662.95
30963600,732.13
30967200,796.88
30970800,852.77
30974400,896.0
30978000,923.63
30981600,933.77
30985200,925.73
30988800,900.05
30992400,858.5
30996000,803.89
30999600,739.96
31003200,671.05
31006800,601.87
31010400,537.12
31014000,481.23
31017600,438.0
31021200,410.37
31024800,400.23
31028400,408.27
31032000,433.95
31035600,475.5
31039200,530.11
31042800,594.04
31046400,662.95
31050000,732.13
31053600,796.88
31057200,852.77
31060800,896.0
31064400,923.63
31068000,933.77
31071600,925.73
31075200,900.05
31078800,858.5
31082400,803.89
31086000,739.96
31089600,671.05
31093200,601.87
31096800,537.12
31100400,481.23
31104000,438.0
31107600,410.37
31111200,400.23
31114800,408.27
31118400,433.95
31122000,475.5
31125600,530.11
31129200,594.04
31132800,662.95
31136400,732.13
31140000,796.88
31143600,852.77
31147200,896.0
31150800,923.63
31154400,933.77
31158000,925.73
31161600,900.05
31165200,858.5
31168800,803.89
31172400,739.96
31176000,671.05
31179600,601.87
31183200,537.12
31186800,481.23
31190400,438.0
31194000,410.37
31197600,400.23
31201200,408.27
31204800,433.95
31208400,475.5
31212000,530.11
31215600,594.04
31219200,662.95
31222800,732.13
31226400,796.88
31230000,852.77
31233600,896.0
31237200,923.63
31240800,933.77
31244400,925.73
31248000,900.05
31251600,858.5
31255200,803.89
31258800,739.96
31262400,671.05
31266000,601.87
31269600,537.12
31273200,481.23
31276800,438.0
31280400,410.37
31284000,400.23
31287600,408.27
31291200,433.95
31294800,475.5
31298400,530.11
31302000,594.04
31305600,662.95
31309200,732.13
31312800,796.88
31316400,852.77
31320000,896.0
31323600,923.63
31327200,933.77
31330800,925.73
31334400,900.05
31338000,858.5
31341600,803.89
31345200,739.96
31348800,671.05
31352400,601.87
31356000,537.12
31359600,481.23
31363200,438.0
31366800,410.37
31370400,400.23
31374000,408.27
31377600,433.95
31381200,475.5
31384800,530.11
31388400,594.04
31392000,662.95
31395600,732.13
31399200,796.88
31402800,852.77
31406400,896.0
31410000,923.63
31413600,933.77
31417200,925.73
31420800,900.05
31424400,858.5
31428000,803.89
31431600,739.96
31435200,671.05
31438800,601.87
31442400,537.12
31446000,481.23
31449600,438.0
31453200,410.37
31456800,400.23
31460400,408.27
31464000,433.95
31467600,475.5
31471200,530.11
31474800,594.04
31478400,662.95
31482000,732.13
31485600,796.88
31489200,852.77
31492800,896.0
31496400,923.63
31500000,933.77
31503600,925.73
31507200,900.05
31510800,858.5
31514400,803.89
31518000,739.96
31521600,671.05
31525200,601.87
31528800,537.12
31532400,481.23
31536000,438.0
