t_seconds,gco2_per_kwh
0,650.78
3600,601.57
7200,547.48
10800,492.2
14400,439.5
18000,392.97
21600,355.77
25200,330.45
28800,318.72
32400,321.4
36000,338.29
39600,368.24
43200,409.22
46800,458.43
50400,512.52
54000,567.8
57600,620.5
61200,667.03
64800,704.23
68400,729.55
72000,741.28
75600,738.6
79200,721.71
82800,691.76
86400,650.78
90000,601.57
93600,547.48
97200,492.2
100800,439.5
104400,392.97
108000,355.77
111600,330.45
115200,318.72
118800,321.4
122400,338.29
126000,368.24
129600,409.22
133200,458.43
136800,512.52
140400,567.8
144000,620.5
147600,667.03
151200,704.23
154800,729.55
158400,741.28
162000,738.6
165600,721.71
169200,691.76
172800,650.78
176400,601.57
180000,547.48
183600,492.2
187200,439.5
190800,392.97
194400,355.77
198000,330.45
201600,318.72
205200,321.4
208800,338.29
212400,368.24
216000,409.22
219600,458.43
223200,512.52
226800,567.8
230400,620.5
234000,667.03
237600,704.23
241200,729.55
244800,741.28
248400,738.6
252000,721.71
255600,691.76
259200,650.78
262800,601.57
266400,547.48
270000,492.2
273600,439.5
277200,392.97
280800,355.77
284400,330.45
288000,318.72
291600,321.4
295200,338.29
298800,368.24
302400,409.22
306000,458.43
309600,512.52
313200,567.8
316800,620.5
320400,667.03
324000,704.23
327600,729.55
331200,741.28
334800,738.6
338400,721.71
342000,691.76
345600,650.78
349200,601.57
352800,547.48
356400,492.2
360000,439.5
363600,392.97
367200,355.77
370800,330.45
374400,318.72
378000,321.4
381600,338.29
385200,368.24
388800,409.22
392400,458.43
396000,512.52
399600,567.8
403200,620.5
406800,667.03
410400,704.23
414000,729.55
417600,741.28
421200,738.6
424800,721.71
428400,691.76
432000,650.78
435600,601.57
439200,547.48
442800,492.2
446400,439.5
450000,392.97
453600,355.77
457200,330.45
460800,318.72
464400,321.4
468000,338.29
471600,368.24
475200,409.22
478800,458.43
482400,512.52
486000,567.8
489600,620.5
493200,667.03
496800,704.23
500400,729.55
504000,741.28
507600,738.6
511200,721.71
514800,691.76
518400,650.78
522000,601.57
525600,547.48
529200,492.2
532800,439.5
536400,392.97
540000,355.77
543600,330.45
547200,318.72
550800,321.4
554400,338.29
558000,368.24
561600,409.22
565200,458.43
568800,512.52
572400,567.8
576000,620.5
579600,667.03
583200,704.23
586800,729.55
590400,741.28
594000,738.6
597600,721.71
601200,691.76
604800,650.78
608400,601.57
612000,547.48
615600,492.2
619200,439.5
622800,392.97
626400,355.77
630000,330.45
633600,318.72
637200,321.4
640800,338.29
644400,368.24
648000,409.22
651600,458.43
655200,512.52
658800,567.8
662400,620.5
666000,667.03
669600,704.23
673200,729.55
676800,741.28
680400,738.6
684000,721.71
687600,691.76
691200,650.78
694800,601.57
698400,547.48
702000,492.2
705600,439.5
709200,392.97
712800,355.77
716400,330.45
720000,318.72
723600,321.4
727200,338.29
730800,368.24
734400,409.22
738000,458.43
741600,512.52
745200,567.8
748800,620.5
752400,667.03
756000,704.23
759600,729.55
763200,741.28
766800,738.6
770400,721.71
774000,691.76
777600,650.78
781200,601.57
784800,547.48
788400,492.2
792000,439.5
795600,392.97
799200,355.77
802800,330.45
806400,318.72
810000,321.4
813600,338.29
817200,368.24
820800,409.22
824400,458.43
828000,512.52
831600,567.8
835200,620.5
838800,667.03
842400,704.23
846000,729.55
849600,741.28
853200,738.6
856800,721.71
860400,691.76
864000,650.78
867600,601.57
871200,547.48
874800,492.2
878400,439.5
882000,392.97
885600,355.77
889200,330.45
892800,318.72
896400,321.4
900000,338.29
903600,368.24
907200,409.22
910800,458.43
914400,512.52
918000,567.8
921600,620.5
925200,667.03
928800,704.23
932400,729.55
936000,741.28
939600,738.6
943200,721.71
946800,691.76
950400,650.78
954000,601.57
957600,547.48
961200,492.2
964800,439.5
968400,392.97
972000,355.77
975600,330.45
979200,318.72
982800,321.4
986400,338.29
990000,368.24
993600,409.22
997200,458.43
1000800,512.52
1004400,567.8
1008000,620.5
1011600,667.03
1015200,704.23
1018800,729.55
1022400,741.28
1026000,738.6
1029600,721.71
1033200,691.76
1036800,650.78
1040400,601.57
1044000,547.48
1047600,492.2
1051200,439.5
1054800,392.97
1058400,355.77
1062000,330.45
1065600,318.72
1069200,321.4
1072800,338.29
1076400,368.24
1080000,409.22
1083600,458.43
1087200,512.52
1090800,567.8
1094400,620.5
1098000,667.03
1101600,704.23
1105200,729.55
1108800,741.28
1112400,738.6
1116000,721.71
1119600,691.76
1123200,650.78
1126800,601.57
1130400,547.48
1134000,492.2
1137600,439.5
1141200,392.97
1144800,355.77
1148400,330.45
1152000,318.72
1155600,321.4
1159200,338.29
1162800,368.24
1166400,409.22
1170000,458.43
1173600,512.52
1177200,567.8
1180800,620.5
1184400,667.03
1188000,704.23
1191600,729.55
1195200,741.28
1198800,738.6
1202400,721.71
1206000,691.76
1209600,650.78
1213200,601.57
1216800,547.48
1220400,492.2
1224000,439.5
1227600,392.97
1231200,355.77
1234800,330.45
1238400,318.72
1242000,321.4
1245600,338.29
1249200,368.24
1252800,409.22
1256400,458.43
1260000,512.52
1263600,567.8
1267200,620.5
1270800,667.03
1274400,704.23
1278000,729.55
1281600,741.28
1285200,738.6
1288800,721.71
1292400,691.76
1296000,650.78
1299600,601.57
1303200,547.48
1306800,492.2
1310400,439.5
1314000,392.97
1317600,355.77
1321200,330.45
1324800,318.72
1328400,321.4
1332000,338.29
1335600,368.24
1339200,409.22
1342800,458.43
1346400,512.52
1350000,567.8
1353600,620.5
1357200,667.03
1360800,704.23
1364400,729.55
1368000,741.28
1371600,738.6
1375200,721.71
1378800,691.76
1382400,650.78
1386000,601.57
1389600,547.48
1393200,492.2
1396800,439.5
1400400,392.97
1404000,355.77
1407600,330.45
1411200,318.72
1414800,321.4
1418400,338.29
1422000,368.24
1425600,409.22
1429200,458.43
1432800,512.52
1436400,567.8
1440000,620.5
1443600,667.03
1447200,704.23
1450800,729.55
1454400,741.28
1458000,738.6
1461600,721.71
1465200,691.76
1468800,650.78
1472400,601.57
1476000,547.48
1479600,492.2
1483200,439.5
1486800,392.97
1490400,355.77
1494000,330.45
1497600,318.72
1501200,321.4
1504800,338.29
1508400,368.24
1512000,409.22
1515600,458.43
1519200,512.52
1522800,567.8
1526400,620.5
1530000,667.03
1533600,704.23
1537200,729.55
1540800,741.28
1544400,738.6
1548000,721.71
1551600,691.76
1555200,650.78
1558800,601.57
1562400,547.48
1566000,492.2
1569600,439.5
1573200,392.97
1576800,355.77
1580400,330.45
1584000,318.72
1587600,321.4
1591200,338.29
1594800,368.24
1598400,409.22
1602000,458.43
1605600,512.52
1609200,567.8
1612800,620.5
1616400,667.03
1620000,704.23
1623600,729.55
1627200,741.28
1630800,738.6
1634400,721.71
1638000,691.76
1641600,650.78
1645200,601.57
1648800,547.48
1652400,492.2
1656000,439.5
1659600,392.97
1663200,355.77
1666800,330.45
1670400,318.72
1674000,321.4
1677600,338.29
1681200,368.24
1684800,409.22
1688400,458.43
1692000,512.52
1695600,567.8
1699200,620.5
1702800,667.03
1706400,704.23
1710000,729.55
1713600,741.28
1717200,738.6
1720800,721.71
1724400,691.76
1728000,650.78
1731600,601.57
1735200,547.48
1738800,492.2
1742400,439.5
1746000,392.97
1749600,355.77
1753200,330.45
1756800,318.72
1760400,321.4
1764000,338.29
1767600,368.24
1771200,409.22
1774800,458.43
1778400,512.52
1782000,567.8
1785600,620.5
1789200,667.03
1792800,704.23
1796400,729.55
1800000,741.28
1803600,738.6
1807200,721.71
1810800,691.76
1814400,650.78
1818000,601.57
1821600,547.48
1825200,492.2
1828800,439.5
1832400,392.97
1836000,355.77
1839600,330.45
1843200,318.72
1846800,321.4
1850400,338.29
1854000,368.24
1857600,409.22
1861200,458.43
1864800,512.52
1868400,567.8
1872000,620.5
1875600,667.03
1879200,704.23
1882800,729.55
1886400,741.28
1890000,738.6
1893600,721.71
1897200,691.76
1900800,650.78
1904400,601.57
1908000,547.48
1911600,492.2
1915200,439.5
1918800,392.97
1922400,355.77
1926000,330.45
1929600,318.72
1933200,321.4
1936800,338.29
1940400,368.24
1944000,409.22
1947600,458.43
1951200,512.52
1954800,567.8
1958400,620.5
1962000,667.03
1965600,704.23
1969200,729.55
1972800,741.28
1976400,738.6
1980000,721.71
1983600,691.76
1987200,650.78
1990800,601.57
1994400,547.48
1998000,492.2
2001600,439.5
2005200,392.97
2008800,355.77
2012400,330.45
2016000,318.72
2019600,321.4
2023200,338.29
2026800,368.24
2030400,409.22
2034000,458.43
2037600,512.52
2041200,567.8
2044800,620.5
2048400,667.03
2052000,704.23
2055600,729.55
2059200,741.28
2062800,738.6
2066400,721.71
2070000,691.76
2073600,650.78
2077200,601.57
2080800,547.48
2084400,492.2
2088000,439.5
2091600,392.97
2095200,355.77
2098800,330.45
2102400,318.72
2106000,321.4
2109600,338.29
2113200,368.24
2116800,409.22
2120400,458.43
2124000,512.52
2127600,567.8
2131200,620.5
2134800,667.03
2138400,704.23
2142000,729.55
2145600,741.28
2149200,738.6
2152800,721.71
2156400,691.76
2160000,650.78
2163600,601.57
2167200,547.48
2170800,492.2
2174400,439.5
2178000,392.97
2181600,355.77
2185200,330.45
2188800,318.72
2192400,321.4
2196000,338.29
2199600,368.24
2203200,409.22
2206800,458.43
2210400,512.52
2214000,567.8
2217600,620.5
2221200,667.03
2224800,704.23
2228400,729.55
2232000,741.28
2235600,738.6
2239200,721.71
2242800,691.76
2246400,650.78
2250000,601.57
2253600,547.48
2257200,492.2
2260800,439.5
2264400,392.97
2268000,355.77
2271600,330.45
2275200,318.72
2278800,321.4
2282400,338.29
2286000,368.24
2289600,409.22
2293200,458.43
2296800,512.52
2300400,567.8
2304000,620.5
2307600,667.03
2311200,704.23
2314800,729.55
2318400,741.28
2322000,738.6
2325600,721.71
2329200,691.76
2332800,650.78
2336400,601.57
2340000,547.48
2343600,492.2
2347200,439.5
2350800,392.97
2354400,355.77
2358000,330.45
2361600,318.72
2365200,321.4
2368800,338.29
2372400,368.24
2376000,409.22
2379600,458.43
2383200,512.52
2386800,567.8
2390400,620.5
2394000,667.03
2397600,704.23
2401200,729.55
2404800,741.28
2408400,738.6
2412000,721.71
2415600,691.76
2419200,650.78
2422800,601.57
2426400,547.48
2430000,492.2
2433600,439.5
2437200,392.97
2440800,355.77
2444400,330.45
2448000,318.72
2451600,321.4
2455200,338.29
2458800,368.24
2462400,409.22
2466000,458.43
2469600,512.52
2473200,567.8
2476800,620.5
2480400,667.03
2484000,704.23
2487600,729.55
2491200,741.28
2494800,738.6
2498400,721.71
2502000,691.76
2505600,650.78
2509200,601.57
2512800,547.48
2516400,492.2
2520000,439.5
2523600,392.97
2527200,355.77
2530800,330.45
2534400,318.72
2538000,321.4
2541600,338.29
2545200,368.24
2548800,409.22
2552400,458.43
2556000,512.52
2559600,567.8
2563200,620.5
2566800,667.03
2570400,704.23
2574000,729.55
2577600,741.28
2581200,738.6
2584800,721.71
2588400,691.76
2592000,650.78
2595600,601.57
2599200,547.48
2602800,492.2
2606400,439.5
2610000,392.97
2613600,355.77
2617200,330.45
2620800,318.72
2624400,321.4
2628000,338.29
2631600,368.24
2635200,409.22
2638800,458.43
2642400,512.52
2646000,567.8
2649600,620.5
2653200,667.03
2656800,704.23
2660400,729.55
2664000,741.28
2667600,738.6
2671200,721.71
2674800,691.76
2678400,650.78
2682000,601.57
2685600,547.48
2689200,492.2
2692800,439.5
2696400,392.97
2700000,355.77
2703600,330.45
2707200,318.72
2710800,321.4
2714400,338.29
2718000,368.24
2721600,409.22
2725200,458.43
2728800,512.52
2732400,567.8
2736000,620.5
2739600,667.03
2743200,704.23
2746800,729.55
2750400,741.28
2754000,738.6
2757600,721.71
2761200,691.76
2764800,650.78
2768400,601.57
2772000,547.48
2775600,492.2
2779200,439.5
2782800,392.97
2786400,355.77
2790000,330.45
2793600,318.72
2797200,321.4
2800800,338.29
2804400,368.24
2808000,409.22
2811600,458.43
2815200,512.52
2818800,567.8
2822400,620.5
2826000,667.03
2829600,704.23
2833200,729.55
2836800,741.28
2840400,738.6
2844000,721.71
2847600,691.76
2851200,650.78
2854800,601.57
2858400,547.48
2862000,492.2
2865600,439.5
2869200,392.97
2872800,355.77
2876400,330.45
2880000,318.72
2883600,321.4
2887200,338.29
2890800,368.24
2894400,409.22
2898000,458.43
2901600,512.52
2905200,567.8
2908800,620.5
2912400,667.03
2916000,704.23
2919600,729.55
2923200,741.28
2926800,738.6
2930400,721.71
2934000,691.76
2937600,650.78
2941200,601.57
2944800,547.48
2948400,492.2
2952000,439.5
2955600,392.97
2959200,355.77
2962800,330.45
2966400,318.72
2970000,321.4
2973600,338.29
2977200,368.24
2980800,409.22
2984400,458.43
2988000,512.52
2991600,567.8
2995200,620.5
2998800,667.03
3002400,704.23
3006000,729.55
3009600,741.28
3013200,738.6
3016800,721.71
3020400,691.76
3024000,650.78
3027600,601.57
3031200,547.48
3034800,492.2
3038400,439.5
3042000,392.97
3045600,355.77
3049200,330.45
3052800,318.72
3056400,321.4
3060000,338.29
3063600,368.24
3067200,409.22
3070800,458.43
3074400,512.52
3078000,567.8
3081600,620.5
3085200,667.03
3088800,704.23
3092400,729.55
3096000,741.28
3099600,738.6
3103200,721.71
3106800,691.76
3110400,650.78
3114000,601.57
3117600,547.48
3121200,492.2
3124800,439.5
3128400,392.97
3132000,355.77
3135600,330.45
3139200,318.72
3142800,321.4
3146400,338.29
3150000,368.24
3153600,409.22
3157200,458.43
3160800,512.52
3164400,567.8
3168000,620.5
3171600,667.03
3175200,704.23
3178800,729.55
3182400,741.28
3186000,738.6
3189600,721.71
3193200,691.76
3196800,650.78
3200400,601.57
3204000,547.48
3207600,492.2
3211200,439.5
3214800,392.97
3218400,355.77
3222000,330.45
3225600,318.72
3229200,321.4
3232800,338.29
3236400,368.24
3240000,409.22
3243600,458.43
3247200,512.52
3250800,567.8
3254400,620.5
3258000,667.03
3261600,704.23
3265200,729.55
3268800,741.28
3272400,738.6
3276000,721.71
3279600,691.76
3283200,650.78
3286800,601.57
3290400,547.48
3294000,492.2
3297600,439.5
3301200,392.97
3304800,355.77
3308400,330.45
3312000,318.72
3315600,321.4
3319200,338.29
3322800,368.24
3326400,409.22
3330000,458.43
3333600,512.52
3337200,567.8
3340800,620.5
3344400,667.03
3348000,704.23
3351600,729.55
3355200,741.28
3358800,738.6
3362400,721.71
3366000,691.76
3369600,650.78
3373200,601.57
3376800,547.48
3380400,492.2
3384000,439.5
3387600,392.97
3391200,355.77
3394800,330.45
3398400,318.72
3402000,321.4
3405600,338.29
3409200,368.24
3412800,409.22
3416400,458.43
3420000,512.52
3423600,567.8
3427200,620.5
3430800,667.03
3434400,704.23
3438000,729.55
3441600,741.28
3445200,738.6
3448800,721.71
3452400,691.76
3456000,650.78
3459600,601.57
3463200,547.48
3466800,492.2
3470400,439.5
3474000,392.97
3477600,355.77
3481200,330.45
3484800,318.72
3488400,321.4
3492000,338.29
3495600,368.24
3499200,409.22
3502800,458.43
3506400,512.52
3510000,567.8
3513600,620.5
3517200,667.03
3520800,704.23
3524400,729.55
3528000,741.28
3531600,738.6
3535200,721.71
3538800,691.76
3542400,650.78
3546000,601.57
3549600,547.48
3553200,492.2
3556800,439.5
3560400,392.97
3564000,355.77
3567600,330.45
3571200,318.72
3574800,321.4
3578400,338.29
3582000,368.24
3585600,409.22
3589200,458.43
3592800,512.52
3596400,567.8
3600000,620.5
3603600,667.03
3607200,704.23
3610800,729.55
3614400,741.28
3618000,738.6
3621600,721.71
3625200,691.76
3628800,650.78
3632400,601.57
3636000,547.48
3639600,492.2
3643200,439.5
3646800,392.97
3650400,355.77
3654000,330.45
3657600,318.72
3661200,321.4
3664800,338.29
3668400,368.24
3672000,409.22
3675600,458.43
3679200,512.52
3682800,567.8
3686400,620.5
3690000,667.03
3693600,704.23
3697200,729.55
3700800,741.28
3704400,738.6
3708000,721.71
3711600,691.76
3715200,650.78
3718800,601.57
3722400,547.48
3726000,492.2
3729600,439.5
3733200,392.97
3736800,355.77
3740400,330.45
3744000,318.72
3747600,321.4
3751200,338.29
3754800,368.24
3758400,409.22
3762000,458.43
3765600,512.52
3769200,567.8
3772800,620.5
3776400,667.03
3780000,704.23
3783600,729.55
3787200,741.28
3790800,738.6
3794400,721.71
3798000,691.76
3801600,650.78
3805200,601.57
3808800,547.48
3812400,492.2
3816000,439.5
3819600,392.97
3823200,355.77
3826800,330.45
3830400,318.72
3834000,321.4
3837600,338.29
3841200,368.24
3844800,409.22
3848400,458.43
3852000,512.52
3855600,567.8
3859200,620.5
3862800,667.03
3866400,704.23
3870000,729.55
3873600,741.28
3877200,738.6
3880800,721.71
3884400,691.76
3888000,650.78
3891600,601.57
3895200,547.48
3898800,492.2
3902400,439.5
3906000,392.97
3909600,355.77
3913200,330.45
3916800,318.72
3920400,321.4
3924000,338.29
3927600,368.24
3931200,409.22
3934800,458.43
3938400,512.52
3942000,567.8
3945600,620.5
3949200,667.03
3952800,704.23
3956400,729.55
3960000,741.28
3963600,738.6
3967200,721.71
3970800,691.76
3974400,650.78
3978000,601.57
3981600,547.48
3985200,492.2
3988800,439.5
3992400,392.97
3996000,355.77
3999600,330.45
4003200,318.72
4006800,321.4
4010400,338.29
4014000,368.24
4017600,409.22
4021200,458.43
4024800,512.52
4028400,567.8
4032000,620.5
4035600,667.03
4039200,704.23
4042800,729.55
4046400,741.28
4050000,738.6
4053600,721.71
4057200,691.76
4060800,650.78
4064400,601.57
4068000,547.48
4071600,492.2
4075200,439.5
4078800,392.97
4082400,355.77
4086000,330.45
4089600,318.72
4093200,321.4
4096800,338.29
4100400,368.24
4104000,409.22
4107600,458.43
4111200,512.52
4114800,567.8
4118400,620.5
4122000,667.03
4125600,704.23
4129200,729.55
4132800,741.28
4136400,738.6
4140000,721.71
4143600,691.76
4147200,650.78
4150800,601.57
4154400,547.48
4158000,492.2
4161600,439.5
4165200,392.97
4168800,355.77
4172400,330.45
4176000,318.72
4179600,321.4
4183200,338.29
4186800,368.24
4190400,409.22
4194000,458.43
4197600,512.52
4201200,567.8
4204800,620.5
4208400,667.03
4212000,704.23
4215600,729.55
4219200,741.28
4222800,738.6
4226400,721.71
4230000,691.76
4233600,650.78
4237200,601.57
4240800,547.48
4244400,492.2
4248000,439.5
4251600,392.97
4255200,355.77
4258800,330.45
4262400,318.72
4266000,321.4
4269600,338.29
4273200,368.24
4276800,409.22
4280400,458.43
4284000,512.52
4287600,567.8
4291200,620.5
4294800,667.03
4298400,704.23
4302000,729.55
4305600,741.28
4309200,738.6
4312800,721.71
4316400,691.76
4320000,650.78
4323600,601.57
4327200,547.48
4330800,492.2
4334400,439.5
4338000,392.97
4341600,355.77
4345200,330.45
4348800,318.72
4352400,321.4
4356000,338.29
4359600,368.24
4363200,409.22
4366800,458.43
4370400,512.52
4374000,567.8
4377600,620.5
4381200,667.03
4384800,704.23
4388400,729.55
4392000,741.28
4395600,738.6
4399200,721.71
4402800,691.76
4406400,650.78
4410000,601.57
4413600,547.48
4417200,492.2
4420800,439.5
4424400,392.97
4428000,355.77
4431600,330.45
4435200,318.72
4438800,321.4
4442400,338.29
4446000,368.24
4449600,409.22
4453200,458.43
4456800,512.52
4460400,567.8
4464000,620.5
4467600,667.03
4471200,704.23
4474800,729.55
4478400,741.28
4482000,738.6
4485600,721.71
4489200,691.76
4492800,650.78
4496400,601.57
4500000,547.48
4503600,492.2
4507200,439.5
4510800,392.97
4514400,355.77
4518000,330.45
4521600,318.72
4525200,321.4
4528800,338.29
4532400,368.24
4536000,409.22
4539600,458.43
4543200,512.52
4546800,567.8
4550400,620.5
4554000,667.03
4557600,704.23
4561200,729.55
4564800,741.28
4568400,738.6
4572000,721.71
4575600,691.76
4579200,650.78
4582800,601.57
4586400,547.48
4590000,492.2
4593600,439.5
4597200,392.97
4600800,355.77
4604400,330.45
4608000,318.72
4611600,321.4
4615200,338.29
4618800,368.24
4622400,409.22
4626000,458.43
4629600,512.52
4633200,567.8
4636800,620.5
4640400,667.03
4644000,704.23
4647600,729.55
4651200,741.28
4654800,738.6
4658400,721.71
4662000,691.76
4665600,650.78
4669200,601.57
4672800,547.48
4676400,492.2
4680000,439.5
4683600,392.97
4687200,355.77
4690800,330.45
4694400,318.72
4698000,321.4
4701600,338.29
4705200,368.24
4708800,409.22
4712400,458.43
4716000,512.52
4719600,567.8
4723200,620.5
4726800,667.03
4730400,704.23
4734000,729.55
4737600,741.28
4741200,738.6
4744800,721.71
4748400,691.76
4752000,650.78
4755600,601.57
4759200,547.48
4762800,492.2
4766400,439.5
4770000,392.97
4773600,355.77
4777200,330.45
4780800,318.72
4784400,321.4
4788000,338.29
4791600,368.24
4795200,409.22
4798800,458.43
4802400,512.52
4806000,567.8
4809600,620.5
4813200,667.03
4816800,704.23
4820400,729.55
4824000,741.28
4827600,738.6
4831200,721.71
4834800,691.76
4838400,650.78
4842000,601.57
4845600,547.48
4849200,492.2
4852800,439.5
4856400,392.97
4860000,355.77
4863600,330.45
4867200,318.72
4870800,321.4
4874400,338.29
4878000,368.24
4881600,409.22
4885200,458.43
4888800,512.52
4892400,567.8
4896000,620.5
4899600,667.03
4903200,704.23
4906800,729.55
4910400,741.28
4914000,738.6
4917600,721.71
4921200,691.76
4924800,650.78
4928400,601.57
4932000,547.48
4935600,492.2
4939200,439.5
4942800,392.97
4946400,355.77
4950000,330.45
4953600,318.72
4957200,321.4
4960800,338.29
4964400,368.24
4968000,409.22
4971600,458.43
4975200,512.52
4978800,567.8
4982400,620.5
4986000,667.03
4989600,704.23
4993200,729.55
4996800,741.28
5000400,738.6
5004000,721.71
5007600,691.76
5011200,650.78
5014800,601.57
5018400,547.48
5022000,492.2
5025600,439.5
5029200,392.97
5032800,355.77
5036400,330.45
5040000,318.72
5043600,321.4
5047200,338.29
5050800,368.24
5054400,409.22
5058000,458.43
5061600,512.52
5065200,567.8
5068800,620.5
5072400,667.03
5076000,704.23
5079600,729.55
5083200,741.28
5086800,738.6
5090400,721.71
5094000,691.76
5097600,650.78
5101200,601.57
5104800,547.48
5108400,492.2
5112000,439.5
5115600,392.97
5119200,355.77
5122800,330.45
5126400,318.72
5130000,321.4
5133600,338.29
5137200,368.24
5140800,409.22
5144400,458.43
5148000,512.52
5151600,567.8
5155200,620.5
5158800,667.03
5162400,704.23
5166000,729.55
5169600,741.28
5173200,738.6
5176800,721.71
5180400,691.76
5184000,650.78
5187600,601.57
5191200,547.48
5194800,492.2
5198400,439.5
5202000,392.97
5205600,355.77
5209200,330.45
5212800,318.72
5216400,321.4
5220000,338.29
5223600,368.24
5227200,409.22
5230800,458.43
5234400,512.52
5238000,567.8
5241600,620.5
5245200,667.03
5248800,704.23
5252400,729.55
5256000,741.28
5259600,738.6
5263200,721.71
5266800,691.76
5270400,650.78
5274000,601.57
5277600,547.48
5281200,492.2
5284800,439.5
5288400,392.97
5292000,355.77
5295600,330.45
5299200,318.72
5302800,321.4
5306400,338.29
5310000,368.24
5313600,409.22
5317200,458.43
5320800,512.52
5324400,567.8
5328000,620.5
5331600,667.03
5335200,704.23
5338800,729.55
5342400,741.28
5346000,738.6
5349600,721.71
5353200,691.76
5356800,650.78
5360400,601.57
5364000,547.48
5367600,492.2
5371200,439.5
5374800,392.97
5378400,355.77
5382000,330.45
5385600,318.72
5389200,321.4
5392800,338.29
5396400,368.24
5400000,409.22
5403600,458.43
5407200,512.52
5410800,567.8
5414400,620.5
5418000,667.03
5421600,704.23
5425200,729.55
5428800,741.28
5432400,738.6
5436000,721.71
5439600,691.76
5443200,650.78
5446800,601.57
5450400,547.48
5454000,492.2
5457600,439.5
5461200,392.97
5464800,355.77
5468400,330.45
5472000,318.72
5475600,321.4
5479200,338.29
5482800,368.24
5486400,409.22
5490000,458.43
5493600,512.52
5497200,567.8
5500800,620.5
5504400,667.03
5508000,704.23
5511600,729.55
5515200,741.28
5518800,738.6
5522400,721.71
5526000,691.76
5529600,650.78
5533200,601.57
5536800,547.48
5540400,492.2
5544000,439.5
5547600,392.97
5551200,355.77
5554800,330.45
5558400,318.72
5562000,321.4
5565600,338.29
5569200,368.24
5572800,409.22
5576400,458.43
5580000,512.52
5583600,567.8
5587200,620.5
5590800,667.03
5594400,704.23
5598000,729.55
5601600,741.28
5605200,738.6
5608800,721.71
5612400,691.76
5616000,650.78
5619600,601.57
5623200,547.48
5626800,492.2
5630400,439.5
5634000,392.97
5637600,355.77
5641200,330.45
5644800,318.72
5648400,321.4
5652000,338.29
5655600,368.24
5659200,409.22
5662800,458.43
5666400,512.52
5670000,567.8
5673600,620.5
5677200,667.03
5680800,704.23
5684400,729.55
5688000,741.28
5691600,738.6
5695200,721.71
5698800,691.76
5702400,650.78
5706000,601.57
5709600,547.48
5713200,492.2
5716800,439.5
5720400,392.97
5724000,355.77
5727600,330.45
5731200,318.72
5734800,321.4
5738400,338.29
5742000,368.24
5745600,409.22
5749200,458.43
5752800,512.52
5756400,567.8
5760000,620.5
5763600,667.03
5767200,704.23
5770800,729.55
5774400,741.28
5778000,738.6
5781600,721.71
5785200,691.76
5788800,650.78
5792400,601.57
5796000,547.48
5799600,492.2
5803200,439.5
5806800,392.97
5810400,355.77
5814000,330.45
5817600,318.72
5821200,321.4
5824800,338.29
5828400,368.24
5832000,409.22
5835600,458.43
5839200,512.52
5842800,567.8
5846400,620.5
5850000,667.03
5853600,704.23
5857200,729.55
5860800,741.28
5864400,738.6
5868000,721.71
5871600,691.76
5875200,650.78
5878800,601.57
5882400,547.48
5886000,492.2
5889600,439.5
5893200,392.97
5896800,355.77
5900400,330.45
5904000,318.72
5907600,321.4
5911200,338.29
5914800,368.24
5918400,409.22
5922000,458.43
5925600,512.52
5929200,567.8
5932800,620.5
5936400,667.03
5940000,704.23
5943600,729.55
5947200,741.28
5950800,738.6
5954400,721.71
5958000,691.76
5961600,650.78
5965200,601.57
5968800,547.48
5972400,492.2
5976000,439.5
5979600,392.97
5983200,355.77
5986800,330.45
5990400,318.72
5994000,321.4
5997600,338.29
6001200,368.24
6004800,409.22
6008400,458.43
6012000,512.52
6015600,567.8
6019200,620.5
6022800,667.03
6026400,704.23
6030000,729.55
6033600,741.28
6037200,738.6
6040800,721.71
6044400,691.76
6048000,650.78
6051600,601.57
6055200,547.48
6058800,492.2
6062400,439.5
6066000,392.97
6069600,355.77
6073200,330.45
6076800,318.72
6080400,321.4
6084000,338.29
6087600,368.24
6091200,409.22
6094800,458.43
6098400,512.52
6102000,567.8
6105600,620.5
6109200,667.03
6112800,704.23
6116400,729.55
6120000,741.28
6123600,738.6
6127200,721.71
6130800,691.76
6134400,650.78
6138000,601.57
6141600,547.48
6145200,492.2
6148800,439.5
6152400,392.97
6156000,355.77
6159600,330.45
6163200,318.72
6166800,321.4
6170400,338.29
6174000,368.24
6177600,409.22
6181200,458.43
6184800,512.52
6188400,567.8
6192000,620.5
6195600,667.03
6199200,704.23
6202800,729.55
6206400,741.28
6210000,738.6
6213600,721.71
6217200,691.76
6220800,650.78
6224400,601.57
6228000,547.48
6231600,492.2
6235200,439.5
6238800,392.97
6242400,355.77
6246000,330.45
6249600,318.72
6253200,321.4
6256800,338.29
6260400,368.24
6264000,409.22
6267600,458.43
6271200,512.52
6274800,567.8
6278400,620.5
6282000,667.03
6285600,704.23
6289200,729.55
6292800,741.28
6296400,738.6
6300000,721.71
6303600,691.76
6307200,650.78
6310800,601.57
6314400,547.48
6318000,492.2
6321600,439.5
6325200,392.97
6328800,355.77
6332400,330.45
6336000,318.72
6339600,321.4
6343200,338.29
6346800,368.24
6350400,409.22
6354000,458.43
6357600,512.52
6361200,567.8
6364800,620.5
6368400,667.03
6372000,704.23
6375600,729.55
6379200,741.28
6382800,738.6
6386400,721.71
6390000,691.76
6393600,650.78
6397200,601.57
6400800,547.48
6404400,492.2
6408000,439.5
6411600,392.97
6415200,355.77
6418800,330.45
6422400,318.72
6426000,321.4
6429600,338.29
6433200,368.24
6436800,409.22
6440400,458.43
6444000,512.52
6447600,567.8
6451200,620.5
6454800,667.03
6458400,704.23
6462000,729.55
6465600,741.28
6469200,738.6
6472800,721.71
6476400,691.76
6480000,650.78
6483600,601.57
6487200,547.48
6490800,492.2
6494400,439.5
6498000,392.97
6501600,355.77
6505200,330.45
6508800,318.72
6512400,321.4
6516000,338.29
6519600,368.24
6523200,409.22
6526800,458.43
6530400,512.52
6534000,567.8
6537600,620.5
6541200,667.03
6544800,704.23
6548400,729.55
6552000,741.28
6555600,738.6
6559200,721.71
6562800,691.76
6566400,650.78
6570000,601.57
6573600,547.48
6577200,492.2
6580800,439.5
6584400,392.97
6588000,355.77
6591600,330.45
6595200,318.72
6598800,321.4
6602400,338.29
6606000,368.24
6609600,409.22
6613200,458.43
6616800,512.52
6620400,567.8
6624000,620.5
6627600,667.03
6631200,704.23
6634800,729.55
6638400,741.28
6642000,738.6
6645600,721.71
6649200,691.76
6652800,650.78
6656400,601.57
6660000,547.48
6663600,492.2
6667200,439.5
6670800,392.97
6674400,355.77
6678000,330.45
6681600,318.72
6685200,321.4
6688800,338.29
6692400,368.24
6696000,409.22
6699600,458.43
6703200,512.52
6706800,567.8
6710400,620.5
6714000,667.03
6717600,704.23
6721200,729.55
6724800,741.28
6728400,738.6
6732000,721.71
6735600,691.76
6739200,650.78
6742800,601.57
6746400,547.48
6750000,492.2
6753600,439.5
6757200,392.97
6760800,355.77
6764400,330.45
6768000,318.72
6771600,321.4
6775200,338.29
6778800,368.24
6782400,409.22
6786000,458.43
6789600,512.52
6793200,567.8
6796800,620.5
6800400,667.03
6804000,704.23
6807600,729.55
6811200,741.28
6814800,738.6
6818400,721.71
6822000,691.76
6825600,650.78
6829200,601.57
6832800,547.48
6836400,492.2
6840000,439.5
6843600,392.97
6847200,355.77
6850800,330.45
6854400,318.72
6858000,321.4
6861600,338.29
6865200,368.24
6868800,409.22
6872400,458.43
6876000,512.52
6879600,567.8
6883200,620.5
6886800,667.03
6890400,704.23
6894000,729.55
6897600,741.28
6901200,738.6
6904800,721.71
6908400,691.76
6912000,650.78
6915600,601.57
6919200,547.48
6922800,492.2
6926400,439.5
6930000,392.97
6933600,355.77
6937200,330.45
6940800,318.72
6944400,321.4
6948000,338.29
6951600,368.24
6955200,409.22
6958800,458.43
6962400,512.52
6966000,567.8
6969600,620.5
6973200,667.03
6976800,704.23
6980400,729.55
6984000,741.28
6987600,738.6
6991200,721.71
6994800,691.76
6998400,650.78
7002000,601.57
7005600,547.48
7009200,492.2
7012800,439.5
7016400,392.97
7020000,355.77
7023600,330.45
7027200,318.72
7030800,321.4
7034400,338.29
7038000,368.24
7041600,409.22
7045200,458.43
7048800,512.52
7052400,567.8
7056000,620.5
7059600,667.03
7063200,704.23
7066800,729.55
7070400,741.28
7074000,738.6
7077600,721.71
7081200,691.76
7084800,650.78
7088400,601.57
7092000,547.48
7095600,492.2
7099200,439.5
7102800,392.97
7106400,355.77
7110000,330.45
7113600,318.72
7117200,321.4
7120800,338.29
7124400,368.24
7128000,409.22
7131600,458.43
7135200,512.52
7138800,567.8
7142400,620.5
7146000,667.03
7149600,704.23
7153200,729.55
7156800,741.28
7160400,738.6
7164000,721.71
7167600,691.76
7171200,650.78
7174800,601.57
7178400,547.48
7182000,492.2
7185600,439.5
7189200,392.97
7192800,355.77
7196400,330.45
7200000,318.72
7203600,321.4
7207200,338.29
7210800,368.24
7214400,409.22
7218000,458.43
7221600,512.52
7225200,567.8
7228800,620.5
7232400,667.03
7236000,704.23
7239600,729.55
7243200,741.28
7246800,738.6
7250400,721.71
7254000,691.76
7257600,650.78
7261200,601.57
7264800,547.48
7268400,492.2
7272000,439.5
7275600,392.97
7279200,355.77
7282800,330.45
7286400,318.72
7290000,321.4
7293600,338.29
7297200,368.24
7300800,409.22
7304400,458.43
7308000,512.52
7311600,567.8
7315200,620.5
7318800,667.03
7322400,704.23
7326000,729.55
7329600,741.28
7333200,738.6
7336800,721.71
7340400,691.76
7344000,650.78
7347600,601.57
7351200,547.48
7354800,492.2
7358400,439.5
7362000,392.97
7365600,355.77
7369200,330.45
7372800,318.72
7376400,321.4
7380000,338.29
7383600,368.24
7387200,409.22
7390800,458.43
7394400,512.52
7398000,567.8
7401600,620.5
7405200,667.03
7408800,704.23
7412400,729.55
7416000,741.28
7419600,738.6
7423200,721.71
7426800,691.76
7430400,650.78
7434000,601.57
7437600,547.48
7441200,492.2
7444800,439.5
7448400,392.97
7452000,355.77
7455600,330.45
7459200,318.72
7462800,321.4
7466400,338.29
7470000,368.24
7473600,409.22
7477200,458.43
7480800,512.52
7484400,567.8
7488000,620.5
7491600,667.03
7495200,704.23
7498800,729.55
7502400,741.28
7506000,738.6
7509600,721.71
7513200,691.76
7516800,650.78
7520400,601.57
7524000,547.48
7527600,492.2
7531200,439.5
7534800,392.97
7538400,355.77
7542000,330.45
7545600,318.72
7549200,321.4
7552800,338.29
7556400,368.24
7560000,409.22
7563600,458.43
7567200,512.52
7570800,567.8
7574400,620.5
7578000,667.03
7581600,704.23
7585200,729.55
7588800,741.28
7592400,738.6
7596000,721.71
7599600,691.76
7603200,650.78
7606800,601.57
7610400,547.48
7614000,492.2
7617600,439.5
7621200,392.97
7624800,355.77
7628400,330.45
7632000,318.72
7635600,321.4
7639200,338.29
7642800,368.24
7646400,409.22
7650000,458.43
7653600,512.52
7657200,567.8
7660800,620.5
7664400,667.03
7668000,704.23
7671600,729.55
7675200,741.28
7678800,738.6
7682400,721.71
7686000,691.76
7689600,650.78
7693200,601.57
7696800,547.48
7700400,492.2
7704000,439.5
7707600,392.97
7711200,355.77
7714800,330.45
7718400,318.72
7722000,321.4
7725600,338.29
7729200,368.24
7732800,409.22
7736400,458.43
7740000,512.52
7743600,567.8
7747200,620.5
7750800,667.03
7754400,704.23
7758000,729.55
7761600,741.28
7765200,738.6
7768800,721.71
7772400,691.76
7776000,650.78
7779600,601.57
7783200,547.48
7786800,492.2
7790400,439.5
7794000,392.97
7797600,355.77
7801200,330.45
7804800,318.72
7808400,321.4
7812000,338.29
7815600,368.24
7819200,409.22
7822800,458.43
7826400,512.52
7830000,567.8
7833600,620.5
7837200,667.03
7840800,704.23
7844400,729.55
7848000,741.28
7851600,738.6
7855200,721.71
7858800,691.76
7862400,650.78
7866000,601.57
7869600,547.48
7873200,492.2
7876800,439.5
7880400,392.97
7884000,355.77
7887600,330.45
7891200,318.72
7894800,321.4
7898400,338.29
7902000,368.24
7905600,409.22
7909200,458.43
7912800,512.52
7916400,567.8
7920000,620.5
7923600,667.03
7927200,704.23
7930800,729.55
7934400,741.28
7938000,738.6
7941600,721.71
7945200,691.76
7948800,650.78
7952400,601.57
7956000,547.48
7959600,492.2
7963200,439.5
7966800,392.97
7970400,355.77
7974000,330.45
7977600,318.72
7981200,321.4
7984800,338.29
7988400,368.24
7992000,409.22
7995600,458.43
7999200,512.52
8002800,567.8
8006400,620.5
8010000,667.03
8013600,704.23
8017200,729.55
8020800,741.28
8024400,738.6
8028000,721.71
8031600,691.76
8035200,650.78
8038800,601.57
8042400,547.48
8046000,492.2
8049600,439.5
8053200,392.97
8056800,355.77
8060400,330.45
8064000,318.72
8067600,321.4
8071200,338.29
8074800,368.24
8078400,409.22
8082000,458.43
8085600,512.52
8089200,567.8
8092800,620.5
8096400,667.03
8100000,704.23
8103600,729.55
8107200,741.28
8110800,738.6
8114400,721.71
8118000,691.76
8121600,650.78
8125200,601.57
8128800,547.48
8132400,492.2
8136000,439.5
8139600,392.97
8143200,355.77
8146800,330.45
8150400,318.72
8154000,321.4
8157600,338.29
8161200,368.24
8164800,409.22
8168400,458.43
8172000,512.52
8175600,567.8
8179200,620.5
8182800,667.03
8186400,704.23
8190000,729.55
8193600,741.28
8197200,738.6
8200800,721.71
8204400,691.76
8208000,650.78
8211600,601.57
8215200,547.48
8218800,492.2
8222400,439.5
8226000,392.97
8229600,355.77
8233200,330.45
8236800,318.72
8240400,321.4
8244000,338.29
8247600,368.24
8251200,409.22
8254800,458.43
8258400,512.52
8262000,567.8
8265600,620.5
8269200,667.03
8272800,704.23
8276400,729.55
8280000,741.28
8283600,738.6
8287200,721.71
8290800,691.76
8294400,650.78
8298000,601.57
8301600,547.48
8305200,492.2
8308800,439.5
8312400,392.97
8316000,355.77
8319600,330.45
8323200,318.72
8326800,321.4
8330400,338.29
8334000,368.24
8337600,409.22
8341200,458.43
8344800,512.52
8348400,567.8
8352000,620.5
8355600,667.03
8359200,704.23
8362800,729.55
8366400,741.28
8370000,738.6
8373600,721.71
8377200,691.76
8380800,650.78
8384400,601.57
8388000,547.48
8391600,492.2
8395200,439.5
8398800,392.97
8402400,355.77
8406000,330.45
8409600,318.72
8413200,321.4
8416800,338.29
8420400,368.24
8424000,409.22
8427600,458.43
8431200,512.52
8434800,567.8
8438400,620.5
8442000,667.03
8445600,704.23
8449200,729.55
8452800,741.28
8456400,738.6
8460000,721.71
8463600,691.76
8467200,650.78
8470800,601.57
8474400,547.48
8478000,492.2
8481600,439.5
8485200,392.97
8488800,355.77
8492400,330.45
8496000,318.72
8499600,321.4
8503200,338.29
8506800,368.24
8510400,409.22
8514000,458.43
8517600,512.52
8521200,567.8
8524800,620.5
8528400,667.03
8532000,704.23
8535600,729.55
8539200,741.28
8542800,738.6
8546400,721.71
8550000,691.76
8553600,650.78
8557200,601.57
8560800,547.48
8564400,492.2
8568000,439.5
8571600,392.97
8575200,355.77
8578800,330.45
8582400,318.72
8586000,321.4
8589600,338.29
8593200,368.24
8596800,409.22
8600400,458.43
8604000,512.52
8607600,567.8
8611200,620.5
8614800,667.03
8618400,704.23
8622000,729.55
8625600,741.28
8629200,738.6
8632800,721.71
8636400,691.76
8640000,650.78
8643600,601.57
8647200,547.48
8650800,492.2
8654400,439.5
8658000,392.97
8661600,355.77
8665200,330.45
8668800,318.72
8672400,321.4
8676000,338.29
8679600,368.24
8683200,409.22
8686800,458.43
8690400,512.52
8694000,567.8
8697600,620.5
8701200,667.03
8704800,704.23
8708400,729.55
8712000,741.28
8715600,738.6
8719200,721.71
8722800,691.76
8726400,650.78
8730000,601.57
8733600,547.48
8737200,492.2
8740800,439.5
8744400,392.97
8748000,355.77
8751600,330.45
8755200,318.72
8758800,321.4
8762400,338.29
8766000,368.24
8769600,409.22
8773200,458.43
8776800,512.52
8780400,567.8
8784000,620.5
8787600,667.03
8791200,704.23
8794800,729.55
8798400,741.28
8802000,738.6
8805600,721.71
8809200,691.76
8812800,650.78
8816400,601.57
8820000,547.48
8823600,492.2
8827200,439.5
8830800,392.97
8834400,355.77
8838000,330.45
8841600,318.72
8845200,321.4
8848800,338.29
8852400,368.24
8856000,409.22
8859600,458.43
8863200,512.52
8866800,567.8
8870400,620.5
8874000,667.03
8877600,704.23
8881200,729.55
8884800,741.28
8888400,738.6
8892000,721.71
8895600,691.76
8899200,650.78
8902800,601.57
8906400,547.48
8910000,492.2
8913600,439.5
8917200,392.97
8920800,355.77
8924400,330.45
8928000,318.72
8931600,321.4
8935200,338.29
8938800,368.24
8942400,409.22
8946000,458.43
8949600,512.52
8953200,567.8
8956800,620.5
8960400,667.03
8964000,704.23
8967600,729.55
8971200,741.28
8974800,738.6
8978400,721.71
8982000,691.76
8985600,650.78
8989200,601.57
8992800,547.48
8996400,492.2
9000000,439.5
9003600,392.97
9007200,355.77
9010800,330.45
9014400,318.72
9018000,321.4
9021600,338.29
9025200,368.24
9028800,409.22
9032400,458.43
9036000,512.52
9039600,567.8
9043200,620.5
9046800,667.03
9050400,704.23
9054000,729.55
9057600,741.28
9061200,738.6
9064800,721.71
9068400,691.76
9072000,650.78
9075600,601.57
9079200,547.48
9082800,492.2
9086400,439.5
9090000,392.97
9093600,355.77
9097200,330.45
9100800,318.72
9104400,321.4
9108000,338.29
9111600,368.24
9115200,409.22
9118800,458.43
9122400,512.52
9126000,567.8
9129600,620.5
9133200,667.03
9136800,704.23
9140400,729.55
9144000,741.28
9147600,738.6
9151200,721.71
9154800,691.76
9158400,650.78
9162000,601.57
9165600,547.48
9169200,492.2
9172800,439.5
9176400,392.97
9180000,355.77
9183600,330.45
9187200,318.72
9190800,321.4
9194400,338.29
9198000,368.24
9201600,409.22
9205200,458.43
9208800,512.52
9212400,567.8
9216000,620.5
9219600,667.03
9223200,704.23
9226800,729.55
9230400,741.28
9234000,738.6
9237600,721.71
9241200,691.76
9244800,650.78
9248400,601.57
9252000,547.48
9255600,492.2
9259200,439.5
9262800,392.97
9266400,355.77
9270000,330.45
9273600,318.72
9277200,321.4
9280800,338.29
9284400,368.24
9288000,409.22
9291600,458.43
9295200,512.52
9298800,567.8
9302400,620.5
9306000,667.03
9309600,704.23
9313200,729.55
9316800,741.28
9320400,738.6
9324000,721.71
9327600,691.76
9331200,650.78
9334800,601.57
9338400,547.48
9342000,492.2
9345600,439.5
9349200,392.97
9352800,355.77
9356400,330.45
9360000,318.72
9363600,321.4
9367200,338.29
9370800,368.24
9374400,409.22
9378000,458.43
9381600,512.52
9385200,567.8
9388800,620.5
9392400,667.03
9396000,704.23
9399600,729.55
9403200,741.28
9406800,738.6
9410400,721.71
9414000,691.76
9417600,650.78
9421200,601.57
9424800,547.48
9428400,492.2
9432000,439.5
9435600,392.97
9439200,355.77
9442800,330.45
9446400,318.72
9450000,321.4
9453600,338.29
9457200,368.24
9460800,409.22
9464400,458.43
9468000,512.52
9471600,567.8
9475200,620.5
9478800,667.03
9482400,704.23
9486000,729.55
9489600,741.28
9493200,738.6
9496800,721.71
9500400,691.76
9504000,650.78
9507600,601.57
9511200,547.48
9514800,492.2
9518400,439.5
9522000,392.97
9525600,355.77
9529200,330.45
9532800,318.72
9536400,321.4
9540000,338.29
9543600,368.24
9547200,409.22
9550800,458.43
9554400,512.52
9558000,567.8
9561600,620.5
9565200,667.03
9568800,704.23
9572400,729.55
9576000,741.28
9579600,738.6
9583200,721.71
9586800,691.76
9590400,650.78
9594000,601.57
9597600,547.48
9601200,492.2
9604800,439.5
9608400,392.97
9612000,355.77
9615600,330.45
9619200,318.72
9622800,321.4
9626400,338.29
9630000,368.24
9633600,409.22
9637200,458.43
9640800,512.52
9644400,567.8
9648000,620.5
9651600,667.03
9655200,704.23
9658800,729.55
9662400,741.28
9666000,738.6
9669600,721.71
9673200,691.76
9676800,650.78
9680400,601.57
9684000,547.48
9687600,492.2
9691200,439.5
9694800,392.97
9698400,355.77
9702000,330.45
9705600,318.72
9709200,321.4
9712800,338.29
9716400,368.24
9720000,409.22
9723600,458.43
9727200,512.52
9730800,567.8
9734400,620.5
9738000,667.03
9741600,704.23
9745200,729.55
9748800,741.28
9752400,738.6
9756000,721.71
9759600,691.76
9763200,650.78
9766800,601.57
9770400,547.48
9774000,492.2
9777600,439.5
9781200,392.97
9784800,355.77
9788400,330.45
9792000,318.72
9795600,321.4
9799200,338.29
9802800,368.24
9806400,409.22
9810000,458.43
9813600,512.52
9817200,567.8
9820800,620.5
9824400,667.03
9828000,704.23
9831600,729.55
9835200,741.28
9838800,738.6
9842400,721.71
9846000,691.76
9849600,650.78
9853200,601.57
9856800,547.48
9860400,492.2
9864000,439.5
9867600,392.97
9871200,355.77
9874800,330.45
9878400,318.72
9882000,321.4
9885600,338.29
9889200,368.24
9892800,409.22
9896400,458.43
9900000,512.52
9903600,567.8
9907200,620.5
9910800,667.03
9914400,704.23
9918000,729.55
9921600,741.28
9925200,738.6
9928800,721.71
9932400,691.76
9936000,650.78
9939600,601.57
9943200,547.48
9946800,492.2
9950400,439.5
9954000,392.97
9957600,355.77
9961200,330.45
9964800,318.72
9968400,321.4
9972000,338.29
9975600,368.24
9979200,409.22
9982800,458.43
9986400,512.52
9990000,567.8
9993600,620.5
9997200,667.03
10000800,704.23
10004400,729.55
10008000,741.28
10011600,738.6
10015200,721.71
10018800,691.76
10022400,650.78
10026000,601.57
10029600,547.48
10033200,492.2
10036800,439.5
10040400,392.97
10044000,355.77
10047600,330.45
10051200,318.72
10054800,321.4
10058400,338.29
10062000,368.24
10065600,409.22
10069200,458.43
10072800,512.52
10076400,567.8
10080000,620.5
10083600,667.03
10087200,704.23
10090800,729.55
10094400,741.28
10098000,738.6
10101600,721.71
10105200,691.76
10108800,650.78
10112400,601.57
10116000,547.48
10119600,492.2
10123200,439.5
10126800,392.97
10130400,355.77
10134000,330.45
10137600,318.72
10141200,321.4
10144800,338.29
10148400,368.24
10152000,409.22
10155600,458.43
10159200,512.52
10162800,567.8
10166400,620.5
10170000,667.03
10173600,704.23
10177200,729.55
10180800,741.28
10184400,738.6
10188000,721.71
10191600,691.76
10195200,650.78
10198800,601.57
10202400,547.48
10206000,492.2
10209600,439.5
10213200,392.97
10216800,355.77
10220400,330.45
10224000,318.72
10227600,321.4
10231200,338.29
10234800,368.24
10238400,409.22
10242000,458.43
10245600,512.52
10249200,567.8
10252800,620.5
10256400,667.03
10260000,704.23
10263600,729.55
10267200,741.28
10270800,738.6
10274400,721.71
10278000,691.76
10281600,650.78
10285200,601.57
10288800,547.48
10292400,492.2
10296000,439.5
10299600,392.97
10303200,355.77
10306800,330.45
10310400,318.72
10314000,321.4
10317600,338.29
10321200,368.24
10324800,409.22
10328400,458.43
10332000,512.52
10335600,567.8
10339200,620.5
10342800,667.03
10346400,704.23
10350000,729.55
10353600,741.28
10357200,738.6
10360800,721.71
10364400,691.76
10368000,650.78
10371600,601.57
10375200,547.48
10378800,492.2
10382400,439.5
10386000,392.97
10389600,355.77
10393200,330.45
10396800,318.72
10400400,321.4
10404000,338.29
10407600,368.24
10411200,409.22
10414800,458.43
10418400,512.52
10422000,567.8
10425600,620.5
10429200,667.03
10432800,704.23
10436400,729.55
10440000,741.28
10443600,738.6
10447200,721.71
10450800,691.76
10454400,650.78
10458000,601.57
10461600,547.48
10465200,492.2
10468800,439.5
10472400,392.97
10476000,355.77
10479600,330.45
10483200,318.72
10486800,321.4
10490400,338.29
10494000,368.24
10497600,409.22
10501200,458.43
10504800,512.52
10508400,567.8
10512000,620.5
10515600,667.03
10519200,704.23
10522800,729.55
10526400,741.28
10530000,738.6
10533600,721.71
10537200,691.76
10540800,650.78
10544400,601.57
10548000,547.48
10551600,492.2
10555200,439.5
10558800,392.97
10562400,355.77
10566000,330.45
10569600,318.72
10573200,321.4
10576800,338.29
10580400,368.24
10584000,409.22
10587600,458.43
10591200,512.52
10594800,567.8
10598400,620.5
10602000,667.03
10605600,704.23
10609200,729.55
10612800,741.28
10616400,738.6
10620000,721.71
10623600,691.76
10627200,650.78
10630800,601.57
10634400,547.48
10638000,492.2
10641600,439.5
10645200,392.97
10648800,355.77
10652400,330.45
10656000,318.72
10659600,321.4
10663200,338.29
10666800,368.24
10670400,409.22
10674000,458.43
10677600,512.52
10681200,567.8
10684800,620.5
10688400,667.03
10692000,704.23
10695600,729.55
10699200,741.28
10702800,738.6
10706400,721.71
10710000,691.76
10713600,650.78
10717200,601.57
10720800,547.48
10724400,492.2
10728000,439.5
10731600,392.97
10735200,355.77
10738800,330.45
10742400,318.72
10746000,321.4
10749600,338.29
10753200,368.24
10756800,409.22
10760400,458.43
10764000,512.52
10767600,567.8
10771200,620.5
10774800,667.03
10778400,704.23
10782000,729.55
10785600,741.28
10789200,738.6
10792800,721.71
10796400,691.76
10800000,650.78
10803600,601.57
10807200,547.48
10810800,492.2
10814400,439.5
10818000,392.97
10821600,355.77
10825200,330.45
10828800,318.72
10832400,321.4
10836000,338.29
10839600,368.24
10843200,409.22
10846800,458.43
10850400,512.52
10854000,567.8
10857600,620.5
10861200,667.03
10864800,704.23
10868400,729.55
10872000,741.28
10875600,738.6
10879200,721.71
10882800,691.76
10886400,650.78
10890000,601.57
10893600,547.48
10897200,492.2
10900800,439.5
10904400,392.97
10908000,355.77
10911600,330.45
10915200,318.72
10918800,321.4
10922400,338.29
10926000,368.24
10929600,409.22
10933200,458.43
10936800,512.52
10940400,567.8
10944000,620.5
10947600,667.03
10951200,704.23
10954800,729.55
10958400,741.28
10962000,738.6
10965600,721.71
10969200,691.76
10972800,650.78
10976400,601.57
10980000,547.48
10983600,492.2
10987200,439.5
10990800,392.97
10994400,355.77
10998000,330.45
11001600,318.72
11005200,321.4
11008800,338.29
11012400,368.24
11016000,409.22
11019600,458.43
11023200,512.52
11026800,567.8
11030400,620.5
11034000,667.03
11037600,704.23
11041200,729.55
11044800,741.28
11048400,738.6
11052000,721.71
11055600,691.76
11059200,650.78
11062800,601.57
11066400,547.48
11070000,492.2
11073600,439.5
11077200,392.97
11080800,355.77
11084400,330.45
11088000,318.72
11091600,321.4
11095200,338.29
11098800,368.24
11102400,409.22
11106000,458.43
11109600,512.52
11113200,567.8
11116800,620.5
11120400,667.03
11124000,704.23
11127600,729.55
11131200,741.28
11134800,738.6
11138400,721.71
11142000,691.76
11145600,650.78
11149200,601.57
11152800,547.48
11156400,492.2
11160000,439.5
11163600,392.97
11167200,355.77
11170800,330.45
11174400,318.72
11178000,321.4
11181600,338.29
11185200,368.24
11188800,409.22
11192400,458.43
11196000,512.52
11199600,567.8
11203200,620.5
11206800,667.03
11210400,704.23
11214000,729.55
11217600,741.28
11221200,738.6
11224800,721.71
11228400,691.76
11232000,650.78
11235600,601.57
11239200,547.48
11242800,492.2
11246400,439.5
11250000,392.97
11253600,355.77
11257200,330.45
11260800,318.72
11264400,321.4
11268000,338.29
11271600,368.24
11275200,409.22
11278800,458.43
11282400,512.52
11286000,567.8
11289600,620.5
11293200,667.03
11296800,704.23
11300400,729.55
11304000,741.28
11307600,738.6
11311200,721.71
11314800,691.76
11318400,650.78
11322000,601.57
11325600,547.48
11329200,492.2
11332800,439.5
11336400,392.97
11340000,355.77
11343600,330.45
11347200,318.72
11350800,321.4
11354400,338.29
11358000,368.24
11361600,409.22
11365200,458.43
11368800,512.52
11372400,567.8
11376000,620.5
11379600,667.03
11383200,704.23
11386800,729.55
11390400,741.28
11394000,738.6
11397600,721.71
11401200,691.76
11404800,650.78
11408400,601.57
11412000,547.48
11415600,492.2
11419200,439.5
11422800,392.97
11426400,355.77
11430000,330.45
11433600,318.72
11437200,321.4
11440800,338.29
11444400,368.24
11448000,409.22
11451600,458.43
11455200,512.52
11458800,567.8
11462400,620.5
11466000,667.03
11469600,704.23
11473200,729.55
11476800,741.28
11480400,738.6
11484000,721.71
11487600,691.76
11491200,650.78
11494800,601.57
11498400,547.48
11502000,492.2
11505600,439.5
11509200,392.97
11512800,355.77
11516400,330.45
11520000,318.72
11523600,321.4
11527200,338.29
11530800,368.24
11534400,409.22
11538000,458.43
11541600,512.52
11545200,567.8
11548800,620.5
11552400,667.03
11556000,704.23
11559600,729.55
11563200,741.28
11566800,738.6
11570400,721.71
11574000,691.76
11577600,650.78
11581200,601.57
11584800,547.48
11588400,492.2
11592000,439.5
11595600,392.97
11599200,355.77
11602800,330.45
11606400,318.72
11610000,321.4
11613600,338.29
11617200,368.24
11620800,409.22
11624400,458.43
11628000,512.52
11631600,567.8
11635200,620.5
11638800,667.03
11642400,704.23
11646000,729.55
11649600,741.28
11653200,738.6
11656800,721.71
11660400,691.76
11664000,650.78
11667600,601.57
11671200,547.48
11674800,492.2
11678400,439.5
11682000,392.97
11685600,355.77
11689200,330.45
11692800,318.72
11696400,321.4
11700000,338.29
11703600,368.24
11707200,409.22
11710800,458.43
11714400,512.52
11718000,567.8
11721600,620.5
11725200,667.03
11728800,704.23
11732400,729.55
11736000,741.28
11739600,738.6
11743200,721.71
11746800,691.76
11750400,650.78
11754000,601.57
11757600,547.48
11761200,492.2
11764800,439.5
11768400,392.97
11772000,355.77
11775600,330.45
11779200,318.72
11782800,321.4
11786400,338.29
11790000,368.24
11793600,409.22
11797200,458.43
11800800,512.52
11804400,567.8
11808000,620.5
11811600,667.03
11815200,704.23
11818800,729.55
11822400,741.28
11826000,738.6
11829600,721.71
11833200,691.76
11836800,650.78
11840400,601.57
11844000,547.48
11847600,492.2
11851200,439.5
11854800,392.97
11858400,355.77
11862000,330.45
11865600,318.72
11869200,321.4
11872800,338.29
11876400,368.24
11880000,409.22
11883600,458.43
11887200,512.52
11890800,567.8
11894400,620.5
11898000,667.03
11901600,704.23
11905200,729.55
11908800,741.28
11912400,738.6
11916000,721.71
11919600,691.76
11923200,650.78
11926800,601.57
11930400,547.48
11934000,492.2
11937600,439.5
11941200,392.97
11944800,355.77
11948400,330.45
11952000,318.72
11955600,321.4
11959200,338.29
11962800,368.24
11966400,409.22
11970000,458.43
11973600,512.52
11977200,567.8
11980800,620.5
11984400,667.03
11988000,704.23
11991600,729.55
11995200,741.28
11998800,738.6
12002400,721.71
12006000,691.76
12009600,650.78
12013200,601.57
12016800,547.48
12020400,492.2
12024000,439.5
12027600,392.97
12031200,355.77
12034800,330.45
12038400,318.72
12042000,321.4
12045600,338.29
12049200,368.24
12052800,409.22
12056400,458.43
12060000,512.52
12063600,567.8
12067200,620.5
12070800,667.03
12074400,704.23
12078000,729.55
12081600,741.28
12085200,738.6
12088800,721.71
12092400,691.76
12096000,650.78
12099600,601.57
12103200,547.48
12106800,492.2
12110400,439.5
12114000,392.97
12117600,355.77
12121200,330.45
12124800,318.72
12128400,321.4
12132000,338.29
12135600,368.24
12139200,409.22
12142800,458.43
12146400,512.52
12150000,567.8
12153600,620.5
12157200,667.03
12160800,704.23
12164400,729.55
12168000,741.28
12171600,738.6
12175200,721.71
12178800,691.76
12182400,650.78
12186000,601.57
12189600,547.48
12193200,492.2
12196800,439.5
12200400,392.97
12204000,355.77
12207600,330.45
12211200,318.72
12214800,321.4
12218400,338.29
12222000,368.24
12225600,409.22
12229200,458.43
12232800,512.52
12236400,567.8
12240000,620.5
12243600,667.03
12247200,704.23
12250800,729.55
12254400,741.28
12258000,738.6
12261600,721.71
12265200,691.76
12268800,650.78
12272400,601.57
12276000,547.48
12279600,492.2
12283200,439.5
12286800,392.97
12290400,355.77
12294000,330.45
12297600,318.72
12301200,321.4
12304800,338.29
12308400,368.24
12312000,409.22
12315600,458.43
12319200,512.52
12322800,567.8
12326400,620.5
12330000,667.03
12333600,704.23
12337200,729.55
12340800,741.28
12344400,738.6
12348000,721.71
12351600,691.76
12355200,650.78
12358800,601.57
12362400,547.48
12366000,492.2
12369600,439.5
12373200,392.97
12376800,355.77
12380400,330.45
12384000,318.72
12387600,321.4
12391200,338.29
12394800,368.24
12398400,409.22
12402000,458.43
12405600,512.52
12409200,567.8
12412800,620.5
12416400,667.03
12420000,704.23
12423600,729.55
12427200,741.28
12430800,738.6
12434400,721.71
12438000,691.76
12441600,650.78
12445200,601.57
12448800,547.48
12452400,492.2
12456000,439.5
12459600,392.97
12463200,355.77
12466800,330.45
12470400,318.72
12474000,321.4
12477600,338.29
12481200,368.24
12484800,409.22
12488400,458.43
12492000,512.52
12495600,567.8
12499200,620.5
12502800,667.03
12506400,704.23
12510000,729.55
12513600,741.28
12517200,738.6
12520800,721.71
12524400,691.76
12528000,650.78
12531600,601.57
12535200,547.48
12538800,492.2
12542400,439.5
12546000,392.97
12549600,355.77
12553200,330.45
12556800,318.72
12560400,321.4
12564000,338.29
12567600,368.24
12571200,409.22
12574800,458.43
12578400,512.52
12582000,567.8
12585600,620.5
12589200,667.03
12592800,704.23
12596400,729.55
12600000,741.28
12603600,738.6
12607200,721.71
12610800,691.76
12614400,650.78
12618000,601.57
12621600,547.48
12625200,492.2
12628800,439.5
12632400,392.97
12636000,355.77
12639600,330.45
12643200,318.72
12646800,321.4
12650400,338.29
12654000,368.24
12657600,409.22
12661200,458.43
12664800,512.52
12668400,567.8
12672000,620.5
12675600,667.03
12679200,704.23
12682800,729.55
12686400,741.28
12690000,738.6
12693600,721.71
12697200,691.76
12700800,650.78
12704400,601.57
12708000,547.48
12711600,492.2
12715200,439.5
12718800,392.97
12722400,355.77
12726000,330.45
12729600,318.72
12733200,321.4
12736800,338.29
12740400,368.24
12744000,409.22
12747600,458.43
12751200,512.52
12754800,567.8
12758400,620.5
12762000,667.03
12765600,704.23
12769200,729.55
12772800,741.28
12776400,738.6
12780000,721.71
12783600,691.76
12787200,650.78
12790800,601.57
12794400,547.48
12798000,492.2
12801600,439.5
12805200,392.97
12808800,355.77
12812400,330.45
12816000,318.72
12819600,321.4
12823200,338.29
12826800,368.24
12830400,409.22
12834000,458.43
12837600,512.52
12841200,567.8
12844800,620.5
12848400,667.03
12852000,704.23
12855600,729.55
12859200,741.28
12862800,738.6
12866400,721.71
12870000,691.76
12873600,650.78
12877200,601.57
12880800,547.48
12884400,492.2
12888000,439.5
12891600,392.97
12895200,355.77
12898800,330.45
12902400,318.72
12906000,321.4
12909600,338.29
12913200,368.24
12916800,409.22
12920400,458.43
12924000,512.52
12927600,567.8
12931200,620.5
12934800,667.03
12938400,704.23
12942000,729.55
12945600,741.28
12949200,738.6
12952800,721.71
12956400,691.76
12960000,650.78
12963600,601.57
12967200,547.48
12970800,492.2
12974400,439.5
12978000,392.97
12981600,355.77
12985200,330.45
12988800,318.72
12992400,321.4
12996000,338.29
12999600,368.24
13003200,409.22
13006800,458.43
13010400,512.52
13014000,567.8
13017600,620.5
13021200,667.03
13024800,704.23
13028400,729.55
13032000,741.28
13035600,738.6
13039200,721.71
13042800,691.76
13046400,650.78
13050000,601.57
13053600,547.48
13057200,492.2
13060800,439.5
13064400,392.97
13068000,355.77
13071600,330.45
13075200,318.72
13078800,321.4
13082400,338.29
13086000,368.24
13089600,409.22
13093200,458.43
13096800,512.52
13100400,567.8
13104000,620.5
13107600,667.03
13111200,704.23
13114800,729.55
13118400,741.28
13122000,738.6
13125600,721.71
13129200,691.76
13132800,650.78
13136400,601.57
13140000,547.48
13143600,492.2
13147200,439.5
13150800,392.97
13154400,355.77
13158000,330.45
13161600,318.72
13165200,321.4
13168800,338.29
13172400,368.24
13176000,409.22
13179600,458.43
13183200,512.52
13186800,567.8
13190400,620.5
13194000,667.03
13197600,704.23
13201200,729.55
13204800,741.28
13208400,738.6
13212000,721.71
13215600,691.76
13219200,650.78
13222800,601.57
13226400,547.48
13230000,492.2
13233600,439.5
13237200,392.97
13240800,355.77
13244400,330.45
13248000,318.72
13251600,321.4
13255200,338.29
13258800,368.24
13262400,409.22
13266000,458.43
13269600,512.52
13273200,567.8
13276800,620.5
13280400,667.03
13284000,704.23
13287600,729.55
13291200,741.28
13294800,738.6
13298400,721.71
13302000,691.76
13305600,650.78
13309200,601.57
13312800,547.48
13316400,492.2
13320000,439.5
13323600,392.97
13327200,355.77
13330800,330.45
13334400,318.72
13338000,321.4
13341600,338.29
13345200,368.24
13348800,409.22
13352400,458.43
13356000,512.52
13359600,567.8
13363200,620.5
13366800,667.03
13370400,704.23
13374000,729.55
13377600,741.28
13381200,738.6
13384800,721.71
13388400,691.76
13392000,650.78
13395600,601.57
13399200,547.48
13402800,492.2
13406400,439.5
13410000,392.97
13413600,355.77
13417200,330.45
13420800,318.72
13424400,321.4
13428000,338.29
13431600,368.24
13435200,409.22
13438800,458.43
13442400,512.52
13446000,567.8
13449600,620.5
13453200,667.03
13456800,704.23
13460400,729.55
13464000,741.28
13467600,738.6
13471200,721.71
13474800,691.76
13478400,650.78
13482000,601.57
13485600,547.48
13489200,492.2
13492800,439.5
13496400,392.97
13500000,355.77
13503600,330.45
13507200,318.72
13510800,321.4
13514400,338.29
13518000,368.24
13521600,409.22
13525200,458.43
13528800,512.52
13532400,567.8
13536000,620.5
13539600,667.03
13543200,704.23
13546800,729.55
13550400,741.28
13554000,738.6
13557600,721.71
13561200,691.76
13564800,650.78
13568400,601.57
13572000,547.48
13575600,492.2
13579200,439.5
13582800,392.97
13586400,355.77
13590000,330.45
13593600,318.72
13597200,321.4
13600800,338.29
13604400,368.24
13608000,409.22
13611600,458.43
13615200,512.52
13618800,567.8
13622400,620.5
13626000,667.03
13629600,704.23
13633200,729.55
13636800,741.28
13640400,738.6
13644000,721.71
13647600,691.76
13651200,650.78
13654800,601.57
13658400,547.48
13662000,492.2
13665600,439.5
13669200,392.97
13672800,355.77
13676400,330.45
13680000,318.72
13683600,321.4
13687200,338.29
13690800,368.24
13694400,409.22
13698000,458.43
13701600,512.52
13705200,567.8
13708800,620.5
13712400,667.03
13716000,704.23
13719600,729.55
13723200,741.28
13726800,738.6
13730400,721.71
13734000,691.76
13737600,650.78
13741200,601.57
13744800,547.48
13748400,492.2
13752000,439.5
13755600,392.97
13759200,355.77
13762800,330.45
13766400,318.72
13770000,321.4
13773600,338.29
13777200,368.24
13780800,409.22
13784400,458.43
13788000,512.52
13791600,567.8
13795200,620.5
13798800,667.03
13802400,704.23
13806000,729.55
13809600,741.28
13813200,738.6
13816800,721.71
13820400,691.76
13824000,650.78
13827600,601.57
13831200,547.48
13834800,492.2
13838400,439.5
13842000,392.97
13845600,355.77
13849200,330.45
13852800,318.72
13856400,321.4
13860000,338.29
13863600,368.24
13867200,409.22
13870800,458.43
13874400,512.52
13878000,567.8
13881600,620.5
13885200,667.03
13888800,704.23
13892400,729.55
13896000,741.28
13899600,738.6
13903200,721.71
13906800,691.76
13910400,650.78
13914000,601.57
13917600,547.48
13921200,492.2
13924800,439.5
13928400,392.97
13932000,355.77
13935600,330.45
13939200,318.72
13942800,321.4
13946400,338.29
13950000,368.24
13953600,409.22
13957200,458.43
13960800,512.52
13964400,567.8
13968000,620.5
13971600,667.03
13975200,704.23
13978800,729.55
13982400,741.28
13986000,738.6
13989600,721.71
13993200,691.76
13996800,650.78
14000400,601.57
14004000,547.48
14007600,492.2
14011200,439.5
14014800,392.97
14018400,355.77
14022000,330.45
14025600,318.72
14029200,321.4
14032800,338.29
14036400,368.24
14040000,409.22
14043600,458.43
14047200,512.52
14050800,567.8
14054400,620.5
14058000,667.03
14061600,704.23
14065200,729.55
14068800,741.28
14072400,738.6
14076000,721.71
14079600,691.76
14083200,650.78
14086800,601.57
14090400,547.48
14094000,492.2
14097600,439.5
14101200,392.97
14104800,355.77
14108400,330.45
14112000,318.72
14115600,321.4
14119200,338.29
14122800,368.24
14126400,409.22
14130000,458.43
14133600,512.52
14137200,567.8
14140800,620.5
14144400,667.03
14148000,704.23
14151600,729.55
14155200,741.28
14158800,738.6
14162400,721.71
14166000,691.76
14169600,650.78
14173200,601.57
14176800,547.48
14180400,492.2
14184000,439.5
14187600,392.97
14191200,355.77
14194800,330.45
14198400,318.72
14202000,321.4
14205600,338.29
14209200,368.24
14212800,409.22
14216400,458.43
14220000,512.52
14223600,567.8
14227200,620.5
14230800,667.03
14234400,704.23
14238000,729.55
14241600,741.28
14245200,738.6
14248800,721.71
14252400,691.76
14256000,650.78
14259600,601.57
14263200,547.48
14266800,492.2
14270400,439.5
14274000,392.97
14277600,355.77
14281200,330.45
14284800,318.72
14288400,321.4
14292000,338.29
14295600,368.24
14299200,409.22
14302800,458.43
14306400,512.52
14310000,567.8
14313600,620.5
14317200,667.03
14320800,704.23
14324400,729.55
14328000,741.28
14331600,738.6
14335200,721.71
14338800,691.76
14342400,650.78
14346000,601.57
14349600,547.48
14353200,492.2
14356800,439.5
14360400,392.97
14364000,355.77
14367600,330.45
14371200,318.72
14374800,321.4
14378400,338.29
14382000,368.24
14385600,409.22
14389200,458.43
14392800,512.52
14396400,567.8
14400000,620.5
14403600,667.03
14407200,704.23
14410800,729.55
14414400,741.28
14418000,738.6
14421600,721.71
14425200,691.76
14428800,650.78
14432400,601.57
14436000,547.48
14439600,492.2
14443200,439.5
14446800,392.97
14450400,355.77
14454000,330.45
14457600,318.72
14461200,321.4
14464800,338.29
14468400,368.24
14472000,409.22
14475600,458.43
14479200,512.52
14482800,567.8
14486400,620.5
14490000,667.03
14493600,704.23
14497200,729.55
14500800,741.28
14504400,738.6
14508000,721.71
14511600,691.76
14515200,650.78
14518800,601.57
14522400,547.48
14526000,492.2
14529600,439.5
14533200,392.97
14536800,355.77
14540400,330.45
14544000,318.72
14547600,321.4
14551200,338.29
14554800,368.24
14558400,409.22
14562000,458.43
14565600,512.52
14569200,567.8
14572800,620.5
14576400,667.03
14580000,704.23
14583600,729.55
14587200,741.28
14590800,738.6
14594400,721.71
14598000,691.76
14601600,650.78
14605200,601.57
14608800,547.48
14612400,492.2
14616000,439.5
14619600,392.97
14623200,355.77
14626800,330.45
14630400,318.72
14634000,321.4
14637600,338.29
14641200,368.24
14644800,409.22
14648400,458.43
14652000,512.52
14655600,567.8
14659200,620.5
14662800,667.03
14666400,704.23
14670000,729.55
14673600,741.28
14677200,738.6
14680800,721.71
14684400,691.76
14688000,650.78
14691600,601.57
14695200,547.48
14698800,492.2
14702400,439.5
14706000,392.97
14709600,355.77
14713200,330.45
14716800,318.72
14720400,321.4
14724000,338.29
14727600,368.24
14731200,409.22
14734800,458.43
14738400,512.52
14742000,567.8
14745600,620.5
14749200,667.03
14752800,704.23
14756400,729.55
14760000,741.28
14763600,738.6
14767200,721.71
14770800,691.76
14774400,650.78
14778000,601.57
14781600,547.48
14785200,492.2
14788800,439.5
14792400,392.97
14796000,355.77
14799600,330.45
14803200,318.72
14806800,321.4
14810400,338.29
14814000,368.24
14817600,409.22
14821200,458.43
14824800,512.52
14828400,567.8
14832000,620.5
14835600,667.03
14839200,704.23
14842800,729.55
14846400,741.28
14850000,738.6
14853600,721.71
14857200,691.76
14860800,650.78
14864400,601.57
14868000,547.48
14871600,492.2
14875200,439.5
14878800,392.97
14882400,355.77
14886000,330.45
14889600,318.72
14893200,321.4
14896800,338.29
14900400,368.24
14904000,409.22
14907600,458.43
14911200,512.52
14914800,567.8
14918400,620.5
14922000,667.03
14925600,704.23
14929200,729.55
14932800,741.28
14936400,738.6
14940000,721.71
14943600,691.76
14947200,650.78
14950800,601.57
14954400,547.48
14958000,492.2
14961600,439.5
14965200,392.97
14968800,355.77
14972400,330.45
14976000,318.72
14979600,321.4
14983200,338.29
14986800,368.24
14990400,409.22
14994000,458.43
14997600,512.52
15001200,567.8
15004800,620.5
15008400,667.03
15012000,704.23
15015600,729.55
15019200,741.28
15022800,738.6
15026400,721.71
15030000,691.76
15033600,650.78
15037200,601.57
15040800,547.48
15044400,492.2
15048000,439.5
15051600,392.97
15055200,355.77
15058800,330.45
15062400,318.72
15066000,321.4
15069600,338.29
15073200,368.24
15076800,409.22
15080400,458.43
15084000,512.52
15087600,567.8
15091200,620.5
15094800,667.03
15098400,704.23
15102000,729.55
15105600,741.28
15109200,738.6
15112800,721.71
15116400,691.76
15120000,650.78
15123600,601.57
15127200,547.48
15130800,492.2
15134400,439.5
15138000,392.97
15141600,355.77
15145200,330.45
15148800,318.72
15152400,321.4
15156000,338.29
15159600,368.24
15163200,409.22
15166800,458.43
15170400,512.52
15174000,567.8
15177600,620.5
15181200,667.03
15184800,704.23
15188400,729.55
15192000,741.28
15195600,738.6
15199200,721.71
15202800,691.76
15206400,650.78
15210000,601.57
15213600,547.48
15217200,492.2
15220800,439.5
15224400,392.97
15228000,355.77
15231600,330.45
15235200,318.72
15238800,321.4
15242400,338.29
15246000,368.24
15249600,409.22
15253200,458.43
15256800,512.52
15260400,567.8
15264000,620.5
15267600,667.03
15271200,704.23
15274800,729.55
15278400,741.28
15282000,738.6
15285600,721.71
15289200,691.76
15292800,650.78
15296400,601.57
15300000,547.48
15303600,492.2
15307200,439.5
15310800,392.97
15314400,355.77
15318000,330.45
15321600,318.72
15325200,321.4
15328800,338.29
15332400,368.24
15336000,409.22
15339600,458.43
15343200,512.52
15346800,567.8
15350400,620.5
15354000,667.03
15357600,704.23
15361200,729.55
15364800,741.28
15368400,738.6
15372000,721.71
15375600,691.76
15379200,650.78
15382800,601.57
15386400,547.48
15390000,492.2
15393600,439.5
15397200,392.97
15400800,355.77
15404400,330.45
15408000,318.72
15411600,321.4
15415200,338.29
15418800,368.24
15422400,409.22
15426000,458.43
15429600,512.52
15433200,567.8
15436800,620.5
15440400,667.03
15444000,704.23
15447600,729.55
15451200,741.28
15454800,738.6
15458400,721.71
15462000,691.76
15465600,650.78
15469200,601.57
15472800,547.48
15476400,492.2
15480000,439.5
15483600,392.97
15487200,355.77
15490800,330.45
15494400,318.72
15498000,321.4
15501600,338.29
15505200,368.24
15508800,409.22
15512400,458.43
15516000,512.52
15519600,567.8
15523200,620.5
15526800,667.03
15530400,704.23
15534000,729.55
15537600,741.28
15541200,738.6
15544800,721.71
15548400,691.76
15552000,650.78
15555600,601.57
15559200,547.48
15562800,492.2
15566400,439.5
15570000,392.97
15573600,355.77
15577200,330.45
15580800,318.72
15584400,321.4
15588000,338.29
15591600,368.24
15595200,409.22
15598800,458.43
15602400,512.52
15606000,567.8
15609600,620.5
15613200,667.03
15616800,704.23
15620400,729.55
15624000,741.28
15627600,738.6
15631200,721.71
15634800,691.76
15638400,650.78
15642000,601.57
15645600,547.48
15649200,492.2
15652800,439.5
15656400,392.97
15660000,355.77
15663600,330.45
15667200,318.72
15670800,321.4
15674400,338.29
15678000,368.24
15681600,409.22
15685200,458.43
15688800,512.52
15692400,567.8
15696000,620.5
15699600,667.03
15703200,704.23
15706800,729.55
15710400,741.28
15714000,738.6
15717600,721.71
15721200,691.76
15724800,650.78
15728400,601.57
15732000,547.48
15735600,492.2
15739200,439.5
15742800,392.97
15746400,355.77
15750000,330.45
15753600,318.72
15757200,321.4
15760800,338.29
15764400,368.24
15768000,409.22
15771600,458.43
15775200,512.52
15778800,567.8
15782400,620.5
15786000,667.03
15789600,704.23
15793200,729.55
15796800,741.28
15800400,738.6
15804000,721.71
15807600,691.76
15811200,650.78
15814800,601.57
15818400,547.48
15822000,492.2
15825600,439.5
15829200,392.97
15832800,355.77
15836400,330.45
15840000,318.72
15843600,321.4
15847200,338.29
15850800,368.24
15854400,409.22
15858000,458.43
15861600,512.52
15865200,567.8
15868800,620.5
15872400,667.03
15876000,704.23
15879600,729.55
15883200,741.28
15886800,738.6
15890400,721.71
15894000,691.76
15897600,650.78
15901200,601.57
15904800,547.48
15908400,492.2
15912000,439.5
15915600,392.97
15919200,355.77
15922800,330.45
15926400,318.72
15930000,321.4
15933600,338.29
15937200,368.24
15940800,409.22
15944400,458.43
15948000,512.52
15951600,567.8
15955200,620.5
15958800,667.03
15962400,704.23
15966000,729.55
15969600,741.28
15973200,738.6
15976800,721.71
15980400,691.76
15984000,650.78
15987600,601.57
15991200,547.48
15994800,492.2
15998400,439.5
16002000,392.97
16005600,355.77
16009200,330.45
16012800,318.72
16016400,321.4
16020000,338.29
16023600,368.24
16027200,409.22
16030800,458.43
16034400,512.52
16038000,567.8
16041600,620.5
16045200,667.03
16048800,704.23
16052400,729.55
16056000,741.28
16059600,738.6
16063200,721.71
16066800,691.76
16070400,650.78
16074000,601.57
16077600,547.48
16081200,492.2
16084800,439.5
16088400,392.97
16092000,355.77
16095600,330.45
16099200,318.72
16102800,321.4
16106400,338.29
16110000,368.24
16113600,409.22
16117200,458.43
16120800,512.52
16124400,567.8
16128000,620.5
16131600,667.03
16135200,704.23
16138800,729.55
16142400,741.28
16146000,738.6
16149600,721.71
16153200,691.76
16156800,650.78
16160400,601.57
16164000,547.48
16167600,492.2
16171200,439.5
16174800,392.97
16178400,355.77
16182000,330.45
16185600,318.72
16189200,321.4
16192800,338.29
16196400,368.24
16200000,409.22
16203600,458.43
16207200,512.52
16210800,567.8
16214400,620.5
16218000,667.03
16221600,704.23
16225200,729.55
16228800,741.28
16232400,738.6
16236000,721.71
16239600,691.76
16243200,650.78
16246800,601.57
16250400,547.48
16254000,492.2
16257600,439.5
16261200,392.97
16264800,355.77
16268400,330.45
16272000,318.72
16275600,321.4
16279200,338.29
16282800,368.24
16286400,409.22
16290000,458.43
16293600,512.52
16297200,567.8
16300800,620.5
16304400,667.03
16308000,704.23
16311600,729.55
16315200,741.28
16318800,738.6
16322400,721.71
16326000,691.76
16329600,650.78
16333200,601.57
16336800,547.48
16340400,492.2
16344000,439.5
16347600,392.97
16351200,355.77
16354800,330.45
16358400,318.72
16362000,321.4
16365600,338.29
16369200,368.24
16372800,409.22
16376400,458.43
16380000,512.52
16383600,567.8
16387200,620.5
16390800,667.03
16394400,704.23
16398000,729.55
16401600,741.28
16405200,738.6
16408800,721.71
16412400,691.76
16416000,650.78
16419600,601.57
16423200,547.48
16426800,492.2
16430400,439.5
16434000,392.97
16437600,355.77
16441200,330.45
16444800,318.72
16448400,321.4
16452000,338.29
16455600,368.24
16459200,409.22
16462800,458.43
16466400,512.52
16470000,567.8
16473600,620.5
16477200,667.03
16480800,704.23
16484400,729.55
16488000,741.28
16491600,738.6
16495200,721.71
16498800,691.76
16502400,650.78
16506000,601.57
16509600,547.48
16513200,492.2
16516800,439.5
16520400,392.97
16524000,355.77
16527600,330.45
16531200,318.72
16534800,321.4
16538400,338.29
16542000,368.24
16545600,409.22
16549200,458.43
16552800,512.52
16556400,567.8
16560000,620.5
16563600,667.03
16567200,704.23
16570800,729.55
16574400,741.28
16578000,738.6
16581600,721.71
16585200,691.76
16588800,650.78
16592400,601.57
16596000,547.48
16599600,492.2
16603200,439.5
16606800,392.97
16610400,355.77
16614000,330.45
16617600,318.72
16621200,321.4
16624800,338.29
16628400,368.24
16632000,409.22
16635600,458.43
16639200,512.52
16642800,567.8
16646400,620.5
16650000,667.03
16653600,704.23
16657200,729.55
16660800,741.28
16664400,738.6
16668000,721.71
16671600,691.76
16675200,650.78
16678800,601.57
16682400,547.48
16686000,492.2
16689600,439.5
16693200,392.97
16696800,355.77
16700400,330.45
16704000,318.72
16707600,321.4
16711200,338.29
16714800,368.24
16718400,409.22
16722000,458.43
16725600,512.52
16729200,567.8
16732800,620.5
16736400,667.03
16740000,704.23
16743600,729.55
16747200,741.28
16750800,738.6
16754400,721.71
16758000,691.76
16761600,650.78
16765200,601.57
16768800,547.48
16772400,492.2
16776000,439.5
16779600,392.97
16783200,355.77
16786800,330.45
16790400,318.72
16794000,321.4
16797600,338.29
16801200,368.24
16804800,409.22
16808400,458.43
16812000,512.52
16815600,567.8
16819200,620.5
16822800,667.03
16826400,704.23
16830000,729.55
16833600,741.28
16837200,738.6
16840800,721.71
16844400,691.76
16848000,650.78
16851600,601.57
16855200,547.48
16858800,492.2
16862400,439.5
16866000,392.97
16869600,355.77
16873200,330.45
16876800,318.72
16880400,321.4
16884000,338.29
16887600,368.24
16891200,409.22
16894800,458.43
16898400,512.52
16902000,567.8
16905600,620.5
16909200,667.03
16912800,704.23
16916400,729.55
16920000,741.28
16923600,738.6
16927200,721.71
16930800,691.76
16934400,650.78
16938000,601.57
16941600,547.48
16945200,492.2
16948800,439.5
16952400,392.97
16956000,355.77
16959600,330.45
16963200,318.72
16966800,321.4
16970400,338.29
16974000,368.24
16977600,409.22
16981200,458.43
16984800,512.52
16988400,567.8
16992000,620.5
16995600,667.03
16999200,704.23
17002800,729.55
17006400,741.28
17010000,738.6
17013600,721.71
17017200,691.76
17020800,650.78
17024400,601.57
17028000,547.48
17031600,492.2
17035200,439.5
17038800,392.97
17042400,355.77
17046000,330.45
17049600,318.72
17053200,321.4
17056800,338.29
17060400,368.24
17064000,409.22
17067600,458.43
17071200,512.52
17074800,567.8
17078400,620.5
17082000,667.03
17085600,704.23
17089200,729.55
17092800,741.28
17096400,738.6
17100000,721.71
17103600,691.76
17107200,650.78
17110800,601.57
17114400,547.48
17118000,492.2
17121600,439.5
17125200,392.97
17128800,355.77
17132400,330.45
17136000,318.72
17139600,321.4
17143200,338.29
17146800,368.24
17150400,409.22
17154000,458.43
17157600,512.52
17161200,567.8
17164800,620.5
17168400,667.03
17172000,704.23
17175600,729.55
17179200,741.28
17182800,738.6
17186400,721.71
17190000,691.76
17193600,650.78
17197200,601.57
17200800,547.48
17204400,492.2
17208000,439.5
17211600,392.97
17215200,355.77
17218800,330.45
17222400,318.72
17226000,321.4
17229600,338.29
17233200,368.24
17236800,409.22
17240400,458.43
17244000,512.52
17247600,567.8
17251200,620.5
17254800,667.03
17258400,704.23
17262000,729.55
17265600,741.28
17269200,738.6
17272800,721.71
17276400,691.76
17280000,650.78
17283600,601.57
17287200,547.48
17290800,492.2
17294400,439.5
17298000,392.97
17301600,355.77
17305200,330.45
17308800,318.72
17312400,321.4
17316000,338.29
17319600,368.24
17323200,409.22
17326800,458.43
17330400,512.52
17334000,567.8
17337600,620.5
17341200,667.03
17344800,704.23
17348400,729.55
17352000,741.28
17355600,738.6
17359200,721.71
17362800,691.76
17366400,650.78
17370000,601.57
17373600,547.48
17377200,492.2
17380800,439.5
17384400,392.97
17388000,355.77
17391600,330.45
17395200,318.72
17398800,321.4
17402400,338.29
17406000,368.24
17409600,409.22
17413200,458.43
17416800,512.52
17420400,567.8
17424000,620.5
17427600,667.03
17431200,704.23
17434800,729.55
17438400,741.28
17442000,738.6
17445600,721.71
17449200,691.76
17452800,650.78
17456400,601.57
17460000,547.48
17463600,492.2
17467200,439.5
17470800,392.97
17474400,355.77
17478000,330.45
17481600,318.72
17485200,321.4
17488800,338.29
17492400,368.24
17496000,409.22
17499600,458.43
17503200,512.52
17506800,567.8
17510400,620.5
17514000,667.03
17517600,704.23
17521200,729.55
17524800,741.28
17528400,738.6
17532000,721.71
17535600,691.76
17539200,650.78
17542800,601.57
17546400,547.48
17550000,492.2
17553600,439.5
17557200,392.97
17560800,355.77
17564400,330.45
17568000,318.72
17571600,321.4
17575200,338.29
17578800,368.24
17582400,409.22
17586000,458.43
17589600,512.52
17593200,567.8
17596800,620.5
17600400,667.03
17604000,704.23
17607600,729.55
17611200,741.28
17614800,738.6
17618400,721.71
17622000,691.76
17625600,650.78
17629200,601.57
17632800,547.48
17636400,492.2
17640000,439.5
17643600,392.97
17647200,355.77
17650800,330.45
17654400,318.72
17658000,321.4
17661600,338.29
17665200,368.24
17668800,409.22
17672400,458.43
17676000,512.52
17679600,567.8
17683200,620.5
17686800,667.03
17690400,704.23
17694000,729.55
17697600,741.28
17701200,738.6
17704800,721.71
17708400,691.76
17712000,650.78
17715600,601.57
17719200,547.48
17722800,492.2
17726400,439.5
17730000,392.97
17733600,355.77
17737200,330.45
17740800,318.72
17744400,321.4
17748000,338.29
17751600,368.24
17755200,409.22
17758800,458.43
17762400,512.52
17766000,567.8
17769600,620.5
17773200,667.03
17776800,704.23
17780400,729.55
17784000,741.28
17787600,738.6
17791200,721.71
17794800,691.76
17798400,650.78
17802000,601.57
17805600,547.48
17809200,492.2
17812800,439.5
17816400,392.97
17820000,355.77
17823600,330.45
17827200,318.72
17830800,321.4
17834400,338.29
17838000,368.24
17841600,409.22
17845200,458.43
17848800,512.52
17852400,567.8
17856000,620.5
17859600,667.03
17863200,704.23
17866800,729.55
17870400,741.28
17874000,738.6
17877600,721.71
17881200,691.76
17884800,650.78
17888400,601.57
17892000,547.48
17895600,492.2
17899200,439.5
17902800,392.97
17906400,355.77
17910000,330.45
17913600,318.72
17917200,321.4
17920800,338.29
17924400,368.24
17928000,409.22
17931600,458.43
17935200,512.52
17938800,567.8
17942400,620.5
17946000,667.03
17949600,704.23
17953200,729.55
17956800,741.28
17960400,738.6
17964000,721.71
17967600,691.76
17971200,650.78
17974800,601.57
17978400,547.48
17982000,492.2
17985600,439.5
17989200,392.97
17992800,355.77
17996400,330.45
18000000,318.72
18003600,321.4
18007200,338.29
18010800,368.24
18014400,409.22
18018000,458.43
18021600,512.52
18025200,567.8
18028800,620.5
18032400,667.03
18036000,704.23
18039600,729.55
18043200,741.28
18046800,738.6
18050400,721.71
18054000,691.76
18057600,650.78
18061200,601.57
18064800,547.48
18068400,492.2
18072000,439.5
18075600,392.97
18079200,355.77
18082800,330.45
18086400,318.72
18090000,321.4
18093600,338.29
18097200,368.24
18100800,409.22
18104400,458.43
18108000,512.52
18111600,567.8
18115200,620.5
18118800,667.03
18122400,704.23
18126000,729.55
18129600,741.28
18133200,738.6
18136800,721.71
18140400,691.76
18144000,650.78
18147600,601.57
18151200,547.48
18154800,492.2
18158400,439.5
18162000,392.97
18165600,355.77
18169200,330.45
18172800,318.72
18176400,321.4
18180000,338.29
18183600,368.24
18187200,409.22
18190800,458.43
18194400,512.52
18198000,567.8
18201600,620.5
18205200,667.03
18208800,704.23
18212400,729.55
18216000,741.28
18219600,738.6
18223200,721.71
18226800,691.76
18230400,650.78
18234000,601.57
18237600,547.48
18241200,492.2
18244800,439.5
18248400,392.97
18252000,355.77
18255600,330.45
18259200,318.72
18262800,321.4
18266400,338.29
18270000,368.24
18273600,409.22
18277200,458.43
18280800,512.52
18284400,567.8
18288000,620.5
18291600,667.03
18295200,704.23
18298800,729.55
18302400,741.28
18306000,738.6
18309600,721.71
18313200,691.76
18316800,650.78
18320400,601.57
18324000,547.48
18327600,492.2
18331200,439.5
18334800,392.97
18338400,355.77
18342000,330.45
18345600,318.72
18349200,321.4
18352800,338.29
18356400,368.24
18360000,409.22
18363600,458.43
18367200,512.52
18370800,567.8
18374400,620.5
18378000,667.03
18381600,704.23
18385200,729.55
18388800,741.28
18392400,738.6
18396000,721.71
18399600,691.76
18403200,650.78
18406800,601.57
18410400,547.48
18414000,492.2
18417600,439.5
18421200,392.97
18424800,355.77
18428400,330.45
18432000,318.72
18435600,321.4
18439200,338.29
18442800,368.24
18446400,409.22
18450000,458.43
18453600,512.52
18457200,567.8
18460800,620.5
18464400,667.03
18468000,704.23
18471600,729.55
18475200,741.28
18478800,738.6
18482400,721.71
18486000,691.76
18489600,650.78
18493200,601.57
18496800,547.48
18500400,492.2
18504000,439.5
18507600,392.97
18511200,355.77
18514800,330.45
18518400,318.72
18522000,321.4
18525600,338.29
18529200,368.24
18532800,409.22
18536400,458.43
18540000,512.52
18543600,567.8
18547200,620.5
18550800,667.03
18554400,704.23
18558000,729.55
18561600,741.28
18565200,738.6
18568800,721.71
18572400,691.76
18576000,650.78
18579600,601.57
18583200,547.48
18586800,492.2
18590400,439.5
18594000,392.97
18597600,355.77
18601200,330.45
18604800,318.72
18608400,321.4
18612000,338.29
18615600,368.24
18619200,409.22
18622800,458.43
18626400,512.52
18630000,567.8
18633600,620.5
18637200,667.03
18640800,704.23
18644400,729.55
18648000,741.28
18651600,738.6
18655200,721.71
18658800,691.76
18662400,650.78
18666000,601.57
18669600,547.48
18673200,492.2
18676800,439.5
18680400,392.97
18684000,355.77
18687600,330.45
18691200,318.72
18694800,321.4
18698400,338.29
18702000,368.24
18705600,409.22
18709200,458.43
18712800,512.52
18716400,567.8
18720000,620.5
18723600,667.03
18727200,704.23
18730800,729.55
18734400,741.28
18738000,738.6
18741600,721.71
18745200,691.76
18748800,650.78
18752400,601.57
18756000,547.48
18759600,492.2
18763200,439.5
18766800,392.97
18770400,355.77
18774000,330.45
18777600,318.72
18781200,321.4
18784800,338.29
18788400,368.24
18792000,409.22
18795600,458.43
18799200,512.52
18802800,567.8
18806400,620.5
18810000,667.03
18813600,704.23
18817200,729.55
18820800,741.28
18824400,738.6
18828000,721.71
18831600,691.76
18835200,650.78
18838800,601.57
18842400,547.48
18846000,492.2
18849600,439.5
18853200,392.97
18856800,355.77
18860400,330.45
18864000,318.72
18867600,321.4
18871200,338.29
18874800,368.24
18878400,409.22
18882000,458.43
18885600,512.52
18889200,567.8
18892800,620.5
18896400,667.03
18900000,704.23
18903600,729.55
18907200,741.28
18910800,738.6
18914400,721.71
18918000,691.76
18921600,650.78
18925200,601.57
18928800,547.48
18932400,492.2
18936000,439.5
18939600,392.97
18943200,355.77
18946800,330.45
18950400,318.72
18954000,321.4
18957600,338.29
18961200,368.24
18964800,409.22
18968400,458.43
18972000,512.52
18975600,567.8
18979200,620.5
18982800,667.03
18986400,704.23
18990000,729.55
18993600,741.28
18997200,738.6
19000800,721.71
19004400,691.76
19008000,650.78
19011600,601.57
19015200,547.48
19018800,492.2
19022400,439.5
19026000,392.97
19029600,355.77
19033200,330.45
19036800,318.72
19040400,321.4
19044000,338.29
19047600,368.24
19051200,409.22
19054800,458.43
19058400,512.52
19062000,567.8
19065600,620.5
19069200,667.03
19072800,704.23
19076400,729.55
19080000,741.28
19083600,738.6
19087200,721.71
19090800,691.76
19094400,650.78
19098000,601.57
19101600,547.48
19105200,492.2
19108800,439.5
19112400,392.97
19116000,355.77
19119600,330.45
19123200,318.72
19126800,321.4
19130400,338.29
19134000,368.24
19137600,409.22
19141200,458.43
19144800,512.52
19148400,567.8
19152000,620.5
19155600,667.03
19159200,704.23
19162800,729.55
19166400,741.28
19170000,738.6
19173600,721.71
19177200,691.76
19180800,650.78
19184400,601.57
19188000,547.48
19191600,492.2
19195200,439.5
19198800,392.97
19202400,355.77
19206000,330.45
19209600,318.72
19213200,321.4
19216800,338.29
19220400,368.24
19224000,409.22
19227600,458.43
19231200,512.52
19234800,567.8
19238400,620.5
19242000,667.03
19245600,704.23
19249200,729.55
19252800,741.28
19256400,738.6
19260000,721.71
19263600,691.76
19267200,650.78
19270800,601.57
19274400,547.48
19278000,492.2
19281600,439.5
19285200,392.97
19288800,355.77
19292400,330.45
19296000,318.72
19299600,321.4
19303200,338.29
19306800,368.24
19310400,409.22
19314000,458.43
19317600,512.52
19321200,567.8
19324800,620.5
19328400,667.03
19332000,704.23
19335600,729.55
19339200,741.28
19342800,738.6
19346400,721.71
19350000,691.76
19353600,650.78
19357200,601.57
19360800,547.48
19364400,492.2
19368000,439.5
19371600,392.97
19375200,355.77
19378800,330.45
19382400,318.72
19386000,321.4
19389600,338.29
19393200,368.24
19396800,409.22
19400400,458.43
19404000,512.52
19407600,567.8
19411200,620.5
19414800,667.03
19418400,704.23
19422000,729.55
19425600,741.28
19429200,738.6
19432800,721.71
19436400,691.76
19440000,650.78
19443600,601.57
19447200,547.48
19450800,492.2
19454400,439.5
19458000,392.97
19461600,355.77
19465200,330.45
19468800,318.72
19472400,321.4
19476000,338.29
19479600,368.24
19483200,409.22
19486800,458.43
19490400,512.52
19494000,567.8
19497600,620.5
19501200,667.03
19504800,704.23
19508400,729.55
19512000,741.28
19515600,738.6
19519200,721.71
19522800,691.76
19526400,650.78
19530000,601.57
19533600,547.48
19537200,492.2
19540800,439.5
19544400,392.97
19548000,355.77
19551600,330.45
19555200,318.72
19558800,321.4
19562400,338.29
19566000,368.24
19569600,409.22
19573200,458.43
19576800,512.52
19580400,567.8
19584000,620.5
19587600,667.03
19591200,704.23
19594800,729.55
19598400,741.28
19602000,738.6
19605600,721.71
19609200,691.76
19612800,650.78
19616400,601.57
19620000,547.48
19623600,492.2
19627200,439.5
19630800,392.97
19634400,355.77
19638000,330.45
19641600,318.72
19645200,321.4
19648800,338.29
19652400,368.24
19656000,409.22
19659600,458.43
19663200,512.52
19666800,567.8
19670400,620.5
19674000,667.03
19677600,704.23
19681200,729.55
19684800,741.28
19688400,738.6
19692000,721.71
19695600,691.76
19699200,650.78
19702800,601.57
19706400,547.48
19710000,492.2
19713600,439.5
19717200,392.97
19720800,355.77
19724400,330.45
19728000,318.72
19731600,321.4
19735200,338.29
19738800,368.24
19742400,409.22
19746000,458.43
19749600,512.52
19753200,567.8
19756800,620.5
19760400,667.03
19764000,704.23
19767600,729.55
19771200,741.28
19774800,738.6
19778400,721.71
19782000,691.76
19785600,650.78
19789200,601.57
19792800,547.48
19796400,492.2
19800000,439.5
19803600,392.97
19807200,355.77
19810800,330.45
19814400,318.72
19818000,321.4
19821600,338.29
19825200,368.24
19828800,409.22
19832400,458.43
19836000,512.52
19839600,567.8
19843200,620.5
19846800,667.03
19850400,704.23
19854000,729.55
19857600,741.28
19861200,738.6
19864800,721.71
19868400,691.76
19872000,650.78
19875600,601.57
19879200,547.48
19882800,492.2
19886400,439.5
19890000,392.97
19893600,355.77
19897200,330.45
19900800,318.72
19904400,321.4
19908000,338.29
19911600,368.24
19915200,409.22
19918800,458.43
19922400,512.52
19926000,567.8
19929600,620.5
19933200,667.03
19936800,704.23
19940400,729.55
19944000,741.28
19947600,738.6
19951200,721.71
19954800,691.76
19958400,650.78
19962000,601.57
19965600,547.48
19969200,492.2
19972800,439.5
19976400,392.97
19980000,355.77
19983600,330.45
19987200,318.72
19990800,321.4
19994400,338.29
19998000,368.24
20001600,409.22
20005200,458.43
20008800,512.52
20012400,567.8
20016000,620.5
20019600,667.03
20023200,704.23
20026800,729.55
20030400,741.28
20034000,738.6
20037600,721.71
20041200,691.76
20044800,650.78
20048400,601.57
20052000,547.48
20055600,492.2
20059200,439.5
20062800,392.97
20066400,355.77
20070000,330.45
20073600,318.72
20077200,321.4
20080800,338.29
20084400,368.24
20088000,409.22
20091600,458.43
20095200,512.52
20098800,567.8
20102400,620.5
20106000,667.03
20109600,704.23
20113200,729.55
20116800,741.28
20120400,738.6
20124000,721.71
20127600,691.76
20131200,650.78
20134800,601.57
20138400,547.48
20142000,492.2
20145600,439.5
20149200,392.97
20152800,355.77
20156400,330.45
20160000,318.72
20163600,321.4
20167200,338.29
20170800,368.24
20174400,409.22
20178000,458.43
20181600,512.52
20185200,567.8
20188800,620.5
20192400,667.03
20196000,704.23
20199600,729.55
20203200,741.28
20206800,738.6
20210400,721.71
20214000,691.76
20217600,650.78
20221200,601.57
20224800,547.48
20228400,492.2
20232000,439.5
20235600,392.97
20239200,355.77
20242800,330.45
20246400,318.72
20250000,321.4
20253600,338.29
20257200,368.24
20260800,409.22
20264400,458.43
20268000,512.52
20271600,567.8
20275200,620.5
20278800,667.03
20282400,704.23
20286000,729.55
20289600,741.28
20293200,738.6
20296800,721.71
20300400,691.76
20304000,650.78
20307600,601.57
20311200,547.48
20314800,492.2
20318400,439.5
20322000,392.97
20325600,355.77
20329200,330.45
20332800,318.72
20336400,321.4
20340000,338.29
20343600,368.24
20347200,409.22
20350800,458.43
20354400,512.52
20358000,567.8
20361600,620.5
20365200,667.03
20368800,704.23
20372400,729.55
20376000,741.28
20379600,738.6
20383200,721.71
20386800,691.76
20390400,650.78
20394000,601.57
20397600,547.48
20401200,492.2
20404800,439.5
20408400,392.97
20412000,355.77
20415600,330.45
20419200,318.72
20422800,321.4
20426400,338.29
20430000,368.24
20433600,409.22
20437200,458.43
20440800,512.52
20444400,567.8
20448000,620.5
20451600,667.03
20455200,704.23
20458800,729.55
20462400,741.28
20466000,738.6
20469600,721.71
20473200,691.76
20476800,650.78
20480400,601.57
20484000,547.48
20487600,492.2
20491200,439.5
20494800,392.97
20498400,355.77
20502000,330.45
20505600,318.72
20509200,321.4
20512800,338.29
20516400,368.24
20520000,409.22
20523600,458.43
20527200,512.52
20530800,567.8
20534400,620.5
20538000,667.03
20541600,704.23
20545200,729.55
20548800,741.28
20552400,738.6
20556000,721.71
20559600,691.76
20563200,650.78
20566800,601.57
20570400,547.48
20574000,492.2
20577600,439.5
20581200,392.97
20584800,355.77
20588400,330.45
20592000,318.72
20595600,321.4
20599200,338.29
20602800,368.24
20606400,409.22
20610000,458.43
20613600,512.52
20617200,567.8
20620800,620.5
20624400,667.03
20628000,704.23
20631600,729.55
20635200,741.28
20638800,738.6
20642400,721.71
20646000,691.76
20649600,650.78
20653200,601.57
20656800,547.48
20660400,492.2
20664000,439.5
20667600,392.97
20671200,355.77
20674800,330.45
20678400,318.72
20682000,321.4
20685600,338.29
20689200,368.24
20692800,409.22
20696400,458.43
20700000,512.52
20703600,567.8
20707200,620.5
20710800,667.03
20714400,704.23
20718000,729.55
20721600,741.28
20725200,738.6
20728800,721.71
20732400,691.76
20736000,650.78
20739600,601.57
20743200,547.48
20746800,492.2
20750400,439.5
20754000,392.97
20757600,355.77
20761200,330.45
20764800,318.72
20768400,321.4
20772000,338.29
20775600,368.24
20779200,409.22
20782800,458.43
20786400,512.52
20790000,567.8
20793600,620.5
20797200,667.03
20800800,704.23
20804400,729.55
20808000,741.28
20811600,738.6
20815200,721.71
20818800,691.76
20822400,650.78
20826000,601.57
20829600,547.48
20833200,492.2
20836800,439.5
20840400,392.97
20844000,355.77
20847600,330.45
20851200,318.72
20854800,321.4
20858400,338.29
20862000,368.24
20865600,409.22
20869200,458.43
20872800,512.52
20876400,567.8
20880000,620.5
20883600,667.03
20887200,704.23
20890800,729.55
20894400,741.28
20898000,738.6
20901600,721.71
20905200,691.76
20908800,650.78
20912400,601.57
20916000,547.48
20919600,492.2
20923200,439.5
20926800,392.97
20930400,355.77
20934000,330.45
20937600,318.72
20941200,321.4
20944800,338.29
20948400,368.24
20952000,409.22
20955600,458.43
20959200,512.52
20962800,567.8
20966400,620.5
20970000,667.03
20973600,704.23
20977200,729.55
20980800,741.28
20984400,738.6
20988000,721.71
20991600,691.76
20995200,650.78
20998800,601.57
21002400,547.48
21006000,492.2
21009600,439.5
21013200,392.97
21016800,355.77
21020400,330.45
21024000,318.72
21027600,321.4
21031200,338.29
21034800,368.24
21038400,409.22
21042000,458.43
21045600,512.52
21049200,567.8
21052800,620.5
21056400,667.03
21060000,704.23
21063600,729.55
21067200,741.28
21070800,738.6
21074400,721.71
21078000,691.76
21081600,650.78
21085200,601.57
21088800,547.48
21092400,492.2
21096000,439.5
21099600,392.97
21103200,355.77
21106800,330.45
21110400,318.72
21114000,321.4
21117600,338.29
21121200,368.24
21124800,409.22
21128400,458.43
21132000,512.52
21135600,567.8
21139200,620.5
21142800,667.03
21146400,704.23
21150000,729.55
21153600,741.28
21157200,738.6
21160800,721.71
21164400,691.76
21168000,650.78
21171600,601.57
21175200,547.48
21178800,492.2
21182400,439.5
21186000,392.97
21189600,355.77
21193200,330.45
21196800,318.72
21200400,321.4
21204000,338.29
21207600,368.24
21211200,409.22
21214800,458.43
21218400,512.52
21222000,567.8
21225600,620.5
21229200,667.03
21232800,704.23
21236400,729.55
21240000,741.28
21243600,738.6
21247200,721.71
21250800,691.76
21254400,650.78
21258000,601.57
21261600,547.48
21265200,492.2
21268800,439.5
21272400,392.97
21276000,355.77
21279600,330.45
21283200,318.72
21286800,321.4
21290400,338.29
21294000,368.24
21297600,409.22
21301200,458.43
21304800,512.52
21308400,567.8
21312000,620.5
21315600,667.03
21319200,704.23
21322800,729.55
21326400,741.28
21330000,738.6
21333600,721.71
21337200,691.76
21340800,650.78
21344400,601.57
21348000,547.48
21351600,492.2
21355200,439.5
21358800,392.97
21362400,355.77
21366000,330.45
21369600,318.72
21373200,321.4
21376800,338.29
21380400,368.24
21384000,409.22
21387600,458.43
21391200,512.52
21394800,567.8
21398400,620.5
21402000,667.03
21405600,704.23
21409200,729.55
21412800,741.28
21416400,738.6
21420000,721.71
21423600,691.76
21427200,650.78
21430800,601.57
21434400,547.48
21438000,492.2
21441600,439.5
21445200,392.97
21448800,355.77
21452400,330.45
21456000,318.72
21459600,321.4
21463200,338.29
21466800,368.24
21470400,409.22
21474000,458.43
21477600,512.52
21481200,567.8
21484800,620.5
21488400,667.03
21492000,704.23
21495600,729.55
21499200,741.28
21502800,738.6
21506400,721.71
21510000,691.76
21513600,650.78
21517200,601.57
21520800,547.48
21524400,492.2
21528000,439.5
21531600,392.97
21535200,355.77
21538800,330.45
21542400,318.72
21546000,321.4
21549600,338.29
21553200,368.24
21556800,409.22
21560400,458.43
21564000,512.52
21567600,567.8
21571200,620.5
21574800,667.03
21578400,704.23
21582000,729.55
21585600,741.28
21589200,738.6
21592800,721.71
21596400,691.76
21600000,650.78
21603600,601.57
21607200,547.48
21610800,492.2
21614400,439.5
21618000,392.97
21621600,355.77
21625200,330.45
21628800,318.72
21632400,321.4
21636000,338.29
21639600,368.24
21643200,409.22
21646800,458.43
21650400,512.52
21654000,567.8
21657600,620.5
21661200,667.03
21664800,704.23
21668400,729.55
21672000,741.28
21675600,738.6
21679200,721.71
21682800,691.76
21686400,650.78
21690000,601.57
21693600,547.48
21697200,492.2
21700800,439.5
21704400,392.97
21708000,355.77
21711600,330.45
21715200,318.72
21718800,321.4
21722400,338.29
21726000,368.24
21729600,409.22
21733200,458.43
21736800,512.52
21740400,567.8
21744000,620.5
21747600,667.03
21751200,704.23
21754800,729.55
21758400,741.28
21762000,738.6
21765600,721.71
21769200,691.76
21772800,650.78
21776400,601.57
21780000,547.48
21783600,492.2
21787200,439.5
21790800,392.97
21794400,355.77
21798000,330.45
21801600,318.72
21805200,321.4
21808800,338.29
21812400,368.24
21816000,409.22
21819600,458.43
21823200,512.52
21826800,567.8
21830400,620.5
21834000,667.03
21837600,704.23
21841200,729.55
21844800,741.28
21848400,738.6
21852000,721.71
21855600,691.76
21859200,650.78
21862800,601.57
21866400,547.48
21870000,492.2
21873600,439.5
21877200,392.97
21880800,355.77
21884400,330.45
21888000,318.72
21891600,321.4
21895200,338.29
21898800,368.24
21902400,409.22
21906000,458.43
21909600,512.52
21913200,567.8
21916800,620.5
21920400,667.03
21924000,704.23
21927600,729.55
21931200,741.28
21934800,738.6
21938400,721.71
21942000,691.76
21945600,650.78
21949200,601.57
21952800,547.48
21956400,492.2
21960000,439.5
21963600,392.97
21967200,355.77
21970800,330.45
21974400,318.72
21978000,321.4
21981600,338.29
21985200,368.24
21988800,409.22
21992400,458.43
21996000,512.52
21999600,567.8
22003200,620.5
22006800,667.03
22010400,704.23
22014000,729.55
22017600,741.28
22021200,738.6
22024800,721.71
22028400,691.76
22032000,650.78
22035600,601.57
22039200,547.48
22042800,492.2
22046400,439.5
22050000,392.97
22053600,355.77
22057200,330.45
22060800,318.72
22064400,321.4
22068000,338.29
22071600,368.24
22075200,409.22
22078800,458.43
22082400,512.52
22086000,567.8
22089600,620.5
22093200,667.03
22096800,704.23
22100400,729.55
22104000,741.28
22107600,738.6
22111200,721.71
22114800,691.76
22118400,650.78
22122000,601.57
22125600,547.48
22129200,492.2
22132800,439.5
22136400,392.97
22140000,355.77
22143600,330.45
22147200,318.72
22150800,321.4
22154400,338.29
22158000,368.24
22161600,409.22
22165200,458.43
22168800,512.52
22172400,567.8
22176000,620.5
22179600,667.03
22183200,704.23
22186800,729.55
22190400,741.28
22194000,738.6
22197600,721.71
22201200,691.76
22204800,650.78
22208400,601.57
22212000,547.48
22215600,492.2
22219200,439.5
22222800,392.97
22226400,355.77
22230000,330.45
22233600,318.72
22237200,321.4
22240800,338.29
22244400,368.24
22248000,409.22
22251600,458.43
22255200,512.52
22258800,567.8
22262400,620.5
22266000,667.03
22269600,704.23
22273200,729.55
22276800,741.28
22280400,738.6
22284000,721.71
22287600,691.76
22291200,650.78
22294800,601.57
22298400,547.48
22302000,492.2
22305600,439.5
22309200,392.97
22312800,355.77
22316400,330.45
22320000,318.72
22323600,321.4
22327200,338.29
22330800,368.24
22334400,409.22
22338000,458.43
22341600,512.52
22345200,567.8
22348800,620.5
22352400,667.03
22356000,704.23
22359600,729.55
22363200,741.28
22366800,738.6
22370400,721.71
22374000,691.76
22377600,650.78
22381200,601.57
22384800,547.48
22388400,492.2
22392000,439.5
22395600,392.97
22399200,355.77
22402800,330.45
22406400,318.72
22410000,321.4
22413600,338.29
22417200,368.24
22420800,409.22
22424400,458.43
22428000,512.52
22431600,567.8
22435200,620.5
22438800,667.03
22442400,704.23
22446000,729.55
22449600,741.28
22453200,738.6
22456800,721.71
22460400,691.76
22464000,650.78
22467600,601.57
22471200,547.48
22474800,492.2
22478400,439.5
22482000,392.97
22485600,355.77
22489200,330.45
22492800,318.72
22496400,321.4
22500000,338.29
22503600,368.24
22507200,409.22
22510800,458.43
22514400,512.52
22518000,567.8
22521600,620.5
22525200,667.03
22528800,704.23
22532400,729.55
22536000,741.28
22539600,738.6
22543200,721.71
22546800,691.76
22550400,650.78
22554000,601.57
22557600,547.48
22561200,492.2
22564800,439.5
22568400,392.97
22572000,355.77
22575600,330.45
22579200,318.72
22582800,321.4
22586400,338.29
22590000,368.24
22593600,409.22
22597200,458.43
22600800,512.52
22604400,567.8
22608000,620.5
22611600,667.03
22615200,704.23
22618800,729.55
22622400,741.28
22626000,738.6
22629600,721.71
22633200,691.76
22636800,650.78
22640400,601.57
22644000,547.48
22647600,492.2
22651200,439.5
22654800,392.97
22658400,355.77
22662000,330.45
22665600,318.72
22669200,321.4
22672800,338.29
22676400,368.24
22680000,409.22
22683600,458.43
22687200,512.52
22690800,567.8
22694400,620.5
22698000,667.03
22701600,704.23
22705200,729.55
22708800,741.28
22712400,738.6
22716000,721.71
22719600,691.76
22723200,650.78
22726800,601.57
22730400,547.48
22734000,492.2
22737600,439.5
22741200,392.97
22744800,355.77
22748400,330.45
22752000,318.72
22755600,321.4
22759200,338.29
22762800,368.24
22766400,409.22
22770000,458.43
22773600,512.52
22777200,567.8
22780800,620.5
22784400,667.03
22788000,704.23
22791600,729.55
22795200,741.28
22798800,738.6
22802400,721.71
22806000,691.76
22809600,650.78
22813200,601.57
22816800,547.48
22820400,492.2
22824000,439.5
22827600,392.97
22831200,355.77
22834800,330.45
22838400,318.72
22842000,321.4
22845600,338.29
22849200,368.24
22852800,409.22
22856400,458.43
22860000,512.52
22863600,567.8
22867200,620.5
22870800,667.03
22874400,704.23
22878000,729.55
22881600,741.28
22885200,738.6
22888800,721.71
22892400,691.76
22896000,650.78
22899600,601.57
22903200,547.48
22906800,492.2
22910400,439.5
22914000,392.97
22917600,355.77
22921200,330.45
22924800,318.72
22928400,321.4
22932000,338.29
22935600,368.24
22939200,409.22
22942800,458.43
22946400,512.52
22950000,567.8
22953600,620.5
22957200,667.03
22960800,704.23
22964400,729.55
22968000,741.28
22971600,738.6
22975200,721.71
22978800,691.76
22982400,650.78
22986000,601.57
22989600,547.48
22993200,492.2
22996800,439.5
23000400,392.97
23004000,355.77
23007600,330.45
23011200,318.72
23014800,321.4
23018400,338.29
23022000,368.24
23025600,409.22
23029200,458.43
23032800,512.52
23036400,567.8
23040000,620.5
23043600,667.03
23047200,704.23
23050800,729.55
23054400,741.28
23058000,738.6
23061600,721.71
23065200,691.76
23068800,650.78
23072400,601.57
23076000,547.48
23079600,492.2
23083200,439.5
23086800,392.97
23090400,355.77
23094000,330.45
23097600,318.72
23101200,321.4
23104800,338.29
23108400,368.24
23112000,409.22
23115600,458.43
23119200,512.52
23122800,567.8
23126400,620.5
23130000,667.03
23133600,704.23
23137200,729.55
23140800,741.28
23144400,738.6
23148000,721.71
23151600,691.76
23155200,650.78
23158800,601.57
23162400,547.48
23166000,492.2
23169600,439.5
23173200,392.97
23176800,355.77
23180400,330.45
23184000,318.72
23187600,321.4
23191200,338.29
23194800,368.24
23198400,409.22
23202000,458.43
23205600,512.52
23209200,567.8
23212800,620.5
23216400,667.03
23220000,704.23
23223600,729.55
23227200,741.28
23230800,738.6
23234400,721.71
23238000,691.76
23241600,650.78
23245200,601.57
23248800,547.48
23252400,492.2
23256000,439.5
23259600,392.97
23263200,355.77
23266800,330.45
23270400,318.72
23274000,321.4
23277600,338.29
23281200,368.24
23284800,409.22
23288400,458.43
23292000,512.52
23295600,567.8
23299200,620.5
23302800,667.03
23306400,704.23
23310000,729.55
23313600,741.28
23317200,738.6
23320800,721.71
23324400,691.76
23328000,650.78
23331600,601.57
23335200,547.48
23338800,492.2
23342400,439.5
23346000,392.97
23349600,355.77
23353200,330.45
23356800,318.72
23360400,321.4
23364000,338.29
23367600,368.24
23371200,409.22
23374800,458.43
23378400,512.52
23382000,567.8
23385600,620.5
23389200,667.03
23392800,704.23
23396400,729.55
23400000,741.28
23403600,738.6
23407200,721.71
23410800,691.76
23414400,650.78
23418000,601.57
23421600,547.48
23425200,492.2
23428800,439.5
23432400,392.97
23436000,355.77
23439600,330.45
23443200,318.72
23446800,321.4
23450400,338.29
23454000,368.24
23457600,409.22
23461200,458.43
23464800,512.52
23468400,567.8
23472000,620.5
23475600,667.03
23479200,704.23
23482800,729.55
23486400,741.28
23490000,738.6
23493600,721.71
23497200,691.76
23500800,650.78
23504400,601.57
23508000,547.48
23511600,492.2
23515200,439.5
23518800,392.97
23522400,355.77
23526000,330.45
23529600,318.72
23533200,321.4
23536800,338.29
23540400,368.24
23544000,409.22
23547600,458.43
23551200,512.52
23554800,567.8
23558400,620.5
23562000,667.03
23565600,704.23
23569200,729.55
23572800,741.28
23576400,738.6
23580000,721.71
23583600,691.76
23587200,650.78
23590800,601.57
23594400,547.48
23598000,492.2
23601600,439.5
23605200,392.97
23608800,355.77
23612400,330.45
23616000,318.72
23619600,321.4
23623200,338.29
23626800,368.24
23630400,409.22
23634000,458.43
23637600,512.52
23641200,567.8
23644800,620.5
23648400,667.03
23652000,704.23
23655600,729.55
23659200,741.28
23662800,738.6
23666400,721.71
23670000,691.76
23673600,650.78
23677200,601.57
23680800,547.48
23684400,492.2
23688000,439.5
23691600,392.97
23695200,355.77
23698800,330.45
23702400,318.72
23706000,321.4
23709600,338.29
23713200,368.24
23716800,409.22
23720400,458.43
23724000,512.52
23727600,567.8
23731200,620.5
23734800,667.03
23738400,704.23
23742000,729.55
23745600,741.28
23749200,738.6
23752800,721.71
23756400,691.76
23760000,650.78
23763600,601.57
23767200,547.48
23770800,492.2
23774400,439.5
23778000,392.97
23781600,355.77
23785200,330.45
23788800,318.72
23792400,321.4
23796000,338.29
23799600,368.24
23803200,409.22
23806800,458.43
23810400,512.52
23814000,567.8
23817600,620.5
23821200,667.03
23824800,704.23
23828400,729.55
23832000,741.28
23835600,738.6
23839200,721.71
23842800,691.76
23846400,650.78
23850000,601.57
23853600,547.48
23857200,492.2
23860800,439.5
23864400,392.97
23868000,355.77
23871600,330.45
23875200,318.72
23878800,321.4
23882400,338.29
23886000,368.24
23889600,409.22
23893200,458.43
23896800,512.52
23900400,567.8
23904000,620.5
23907600,667.03
23911200,704.23
23914800,729.55
23918400,741.28
23922000,738.6
23925600,721.71
23929200,691.76
23932800,650.78
23936400,601.57
23940000,547.48
23943600,492.2
23947200,439.5
23950800,392.97
23954400,355.77
23958000,330.45
23961600,318.72
23965200,321.4
23968800,338.29
23972400,368.24
23976000,409.22
23979600,458.43
23983200,512.52
23986800,567.8
23990400,620.5
23994000,667.03
23997600,704.23
24001200,729.55
24004800,741.28
24008400,738.6
24012000,721.71
24015600,691.76
24019200,650.78
24022800,601.57
24026400,547.48
24030000,492.2
24033600,439.5
24037200,392.97
24040800,355.77
24044400,330.45
24048000,318.72
24051600,321.4
24055200,338.29
24058800,368.24
24062400,409.22
24066000,458.43
24069600,512.52
24073200,567.8
24076800,620.5
24080400,667.03
24084000,704.23
24087600,729.55
24091200,741.28
24094800,738.6
24098400,721.71
24102000,691.76
24105600,650.78
24109200,601.57
24112800,547.48
24116400,492.2
24120000,439.5
24123600,392.97
24127200,355.77
24130800,330.45
24134400,318.72
24138000,321.4
24141600,338.29
24145200,368.24
24148800,409.22
24152400,458.43
24156000,512.52
24159600,567.8
24163200,620.5
24166800,667.03
24170400,704.23
24174000,729.55
24177600,741.28
24181200,738.6
24184800,721.71
24188400,691.76
24192000,650.78
24195600,601.57
24199200,547.48
24202800,492.2
24206400,439.5
24210000,392.97
24213600,355.77
24217200,330.45
24220800,318.72
24224400,321.4
24228000,338.29
24231600,368.24
24235200,409.22
24238800,458.43
24242400,512.52
24246000,567.8
24249600,620.5
24253200,667.03
24256800,704.23
24260400,729.55
24264000,741.28
24267600,738.6
24271200,721.71
24274800,691.76
24278400,650.78
24282000,601.57
24285600,547.48
24289200,492.2
24292800,439.5
24296400,392.97
24300000,355.77
24303600,330.45
24307200,318.72
24310800,321.4
24314400,338.29
24318000,368.24
24321600,409.22
24325200,458.43
24328800,512.52
24332400,567.8
24336000,620.5
24339600,667.03
24343200,704.23
24346800,729.55
24350400,741.28
24354000,738.6
24357600,721.71
24361200,691.76
24364800,650.78
24368400,601.57
24372000,547.48
24375600,492.2
24379200,439.5
24382800,392.97
24386400,355.77
24390000,330.45
24393600,318.72
24397200,321.4
24400800,338.29
24404400,368.24
24408000,409.22
24411600,458.43
24415200,512.52
24418800,567.8
24422400,620.5
24426000,667.03
24429600,704.23
24433200,729.55
24436800,741.28
24440400,738.6
24444000,721.71
24447600,691.76
24451200,650.78
24454800,601.57
24458400,547.48
24462000,492.2
24465600,439.5
24469200,392.97
24472800,355.77
24476400,330.45
24480000,318.72
24483600,321.4
24487200,338.29
24490800,368.24
24494400,409.22
24498000,458.43
24501600,512.52
24505200,567.8
24508800,620.5
24512400,667.03
24516000,704.23
24519600,729.55
24523200,741.28
24526800,738.6
24530400,721.71
24534000,691.76
24537600,650.78
24541200,601.57
24544800,547.48
24548400,492.2
24552000,439.5
24555600,392.97
24559200,355.77
24562800,330.45
24566400,318.72
24570000,321.4
24573600,338.29
24577200,368.24
24580800,409.22
24584400,458.43
24588000,512.52
24591600,567.8
24595200,620.5
24598800,667.03
24602400,704.23
24606000,729.55
24609600,741.28
24613200,738.6
24616800,721.71
24620400,691.76
24624000,650.78
24627600,601.57
24631200,547.48
24634800,492.2
24638400,439.5
24642000,392.97
24645600,355.77
24649200,330.45
24652800,318.72
24656400,321.4
24660000,338.29
24663600,368.24
24667200,409.22
24670800,458.43
24674400,512.52
24678000,567.8
24681600,620.5
24685200,667.03
24688800,704.23
24692400,729.55
24696000,741.28
24699600,738.6
24703200,721.71
24706800,691.76
24710400,650.78
24714000,601.57
24717600,547.48
24721200,492.2
24724800,439.5
24728400,392.97
24732000,355.77
24735600,330.45
24739200,318.72
24742800,321.4
24746400,338.29
24750000,368.24
24753600,409.22
24757200,458.43
24760800,512.52
24764400,567.8
24768000,620.5
24771600,667.03
24775200,704.23
24778800,729.55
24782400,741.28
24786000,738.6
24789600,721.71
24793200,691.76
24796800,650.78
24800400,601.57
24804000,547.48
24807600,492.2
24811200,439.5
24814800,392.97
24818400,355.77
24822000,330.45
24825600,318.72
24829200,321.4
24832800,338.29
24836400,368.24
24840000,409.22
24843600,458.43
24847200,512.52
24850800,567.8
24854400,620.5
24858000,667.03
24861600,704.23
24865200,729.55
24868800,741.28
24872400,738.6
24876000,721.71
24879600,691.76
24883200,650.78
24886800,601.57
24890400,547.48
24894000,492.2
24897600,439.5
24901200,392.97
24904800,355.77
24908400,330.45
24912000,318.72
24915600,321.4
24919200,338.29
24922800,368.24
24926400,409.22
24930000,458.43
24933600,512.52
24937200,567.8
24940800,620.5
24944400,667.03
24948000,704.23
24951600,729.55
24955200,741.28
24958800,738.6
24962400,721.71
24966000,691.76
24969600,650.78
24973200,601.57
24976800,547.48
24980400,492.2
24984000,439.5
24987600,392.97
24991200,355.77
24994800,330.45
24998400,318.72
25002000,321.4
25005600,338.29
25009200,368.24
25012800,409.22
25016400,458.43
25020000,512.52
25023600,567.8
25027200,620.5
25030800,667.03
25034400,704.23
25038000,729.55
25041600,741.28
25045200,738.6
25048800,721.71
25052400,691.76
25056000,650.78
25059600,601.57
25063200,547.48
25066800,492.2
25070400,439.5
25074000,392.97
25077600,355.77
25081200,330.45
25084800,318.72
25088400,321.4
25092000,338.29
25095600,368.24
25099200,409.22
25102800,458.43
25106400,512.52
25110000,567.8
25113600,620.5
25117200,667.03
25120800,704.23
25124400,729.55
25128000,741.28
25131600,738.6
25135200,721.71
25138800,691.76
25142400,650.78
25146000,601.57
25149600,547.48
25153200,492.2
25156800,439.5
25160400,392.97
25164000,355.77
25167600,330.45
25171200,318.72
25174800,321.4
25178400,338.29
25182000,368.24
25185600,409.22
25189200,458.43
25192800,512.52
25196400,567.8
25200000,620.5
25203600,667.03
25207200,704.23
25210800,729.55
25214400,741.28
25218000,738.6
25221600,721.71
25225200,691.76
25228800,650.78
25232400,601.57
25236000,547.48
25239600,492.2
25243200,439.5
25246800,392.97
25250400,355.77
25254000,330.45
25257600,318.72
25261200,321.4
25264800,338.29
25268400,368.24
25272000,409.22
25275600,458.43
25279200,512.52
25282800,567.8
25286400,620.5
25290000,667.03
25293600,704.23
25297200,729.55
25300800,741.28
25304400,738.6
25308000,721.71
25311600,691.76
25315200,650.78
25318800,601.57
25322400,547.48
25326000,492.2
25329600,439.5
25333200,392.97
25336800,355.77
25340400,330.45
25344000,318.72
25347600,321.4
25351200,338.29
25354800,368.24
25358400,409.22
25362000,458.43
25365600,512.52
25369200,567.8
25372800,620.5
25376400,667.03
25380000,704.23
25383600,729.55
25387200,741.28
25390800,738.6
25394400,721.71
25398000,691.76
25401600,650.78
25405200,601.57
25408800,547.48
25412400,492.2
25416000,439.5
25419600,392.97
25423200,355.77
25426800,330.45
25430400,318.72
25434000,321.4
25437600,338.29
25441200,368.24
25444800,409.22
25448400,458.43
25452000,512.52
25455600,567.8
25459200,620.5
25462800,667.03
25466400,704.23
25470000,729.55
25473600,741.28
25477200,738.6
25480800,721.71
25484400,691.76
25488000,650.78
25491600,601.57
25495200,547.48
25498800,492.2
25502400,439.5
25506000,392.97
25509600,355.77
25513200,330.45
25516800,318.72
25520400,321.4
25524000,338.29
25527600,368.24
25531200,409.22
25534800,458.43
25538400,512.52
25542000,567.8
25545600,620.5
25549200,667.03
25552800,704.23
25556400,729.55
25560000,741.28
25563600,738.6
25567200,721.71
25570800,691.76
25574400,650.78
25578000,601.57
25581600,547.48
25585200,492.2
25588800,439.5
25592400,392.97
25596000,355.77
25599600,330.45
25603200,318.72
25606800,321.4
25610400,338.29
25614000,368.24
25617600,409.22
25621200,458.43
25624800,512.52
25628400,567.8
25632000,620.5
25635600,667.03
25639200,704.23
25642800,729.55
25646400,741.28
25650000,738.6
25653600,721.71
25657200,691.76
25660800,650.78
25664400,601.57
25668000,547.48
25671600,492.2
25675200,439.5
25678800,392.97
25682400,355.77
25686000,330.45
25689600,318.72
25693200,321.4
25696800,338.29
25700400,368.24
25704000,409.22
25707600,458.43
25711200,512.52
25714800,567.8
25718400,620.5
25722000,667.03
25725600,704.23
25729200,729.55
25732800,741.28
25736400,738.6
25740000,721.71
25743600,691.76
25747200,650.78
25750800,601.57
25754400,547.48
25758000,492.2
25761600,439.5
25765200,392.97
25768800,355.77
25772400,330.45
25776000,318.72
25779600,321.4
25783200,338.29
25786800,368.24
25790400,409.22
25794000,458.43
25797600,512.52
25801200,567.8
25804800,620.5
25808400,667.03
25812000,704.23
25815600,729.55
25819200,741.28
25822800,738.6
25826400,721.71
25830000,691.76
25833600,650.78
25837200,601.57
25840800,547.48
25844400,492.2
25848000,439.5
25851600,392.97
25855200,355.77
25858800,330.45
25862400,318.72
25866000,321.4
25869600,338.29
25873200,368.24
25876800,409.22
25880400,458.43
25884000,512.52
25887600,567.8
25891200,620.5
25894800,667.03
25898400,704.23
25902000,729.55
25905600,741.28
25909200,738.6
25912800,721.71
25916400,691.76
25920000,650.78
25923600,601.57
25927200,547.48
25930800,492.2
25934400,439.5
25938000,392.97
25941600,355.77
25945200,330.45
25948800,318.72
25952400,321.4
25956000,338.29
25959600,368.24
25963200,409.22
25966800,458.43
25970400,512.52
25974000,567.8
25977600,620.5
25981200,667.03
25984800,704.23
25988400,729.55
25992000,741.28
25995600,738.6
25999200,721.71
26002800,691.76
26006400,650.78
26010000,601.57
26013600,547.48
26017200,492.2
26020800,439.5
26024400,392.97
26028000,355.77
26031600,330.45
26035200,318.72
26038800,321.4
26042400,338.29
26046000,368.24
26049600,409.22
26053200,458.43
26056800,512.52
26060400,567.8
26064000,620.5
26067600,667.03
26071200,704.23
26074800,729.55
26078400,741.28
26082000,738.6
26085600,721.71
26089200,691.76
26092800,650.78
26096400,601.57
26100000,547.48
26103600,492.2
26107200,439.5
26110800,392.97
26114400,355.77
26118000,330.45
26121600,318.72
26125200,321.4
26128800,338.29
26132400,368.24
26136000,409.22
26139600,458.43
26143200,512.52
26146800,567.8
26150400,620.5
26154000,667.03
26157600,704.23
26161200,729.55
26164800,741.28
26168400,738.6
26172000,721.71
26175600,691.76
26179200,650.78
26182800,601.57
26186400,547.48
26190000,492.2
26193600,439.5
26197200,392.97
26200800,355.77
26204400,330.45
26208000,318.72
26211600,321.4
26215200,338.29
26218800,368.24
26222400,409.22
26226000,458.43
26229600,512.52
26233200,567.8
26236800,620.5
26240400,667.03
26244000,704.23
26247600,729.55
26251200,741.28
26254800,738.6
26258400,721.71
26262000,691.76
26265600,650.78
26269200,601.57
26272800,547.48
26276400,492.2
26280000,439.5
26283600,392.97
26287200,355.77
26290800,330.45
26294400,318.72
26298000,321.4
26301600,338.29
26305200,368.24
26308800,409.22
26312400,458.43
26316000,512.52
26319600,567.8
26323200,620.5
26326800,667.03
26330400,704.23
26334000,729.55
26337600,741.28
26341200,738.6
26344800,721.71
26348400,691.76
26352000,650.78
26355600,601.57
26359200,547.48
26362800,492.2
26366400,439.5
26370000,392.97
26373600,355.77
26377200,330.45
26380800,318.72
26384400,321.4
26388000,338.29
26391600,368.24
26395200,409.22
26398800,458.43
26402400,512.52
26406000,567.8
26409600,620.5
26413200,667.03
26416800,704.23
26420400,729.55
26424000,741.28
26427600,738.6
26431200,721.71
26434800,691.76
26438400,650.78
26442000,601.57
26445600,547.48
26449200,492.2
26452800,439.5
26456400,392.97
26460000,355.77
26463600,330.45
26467200,318.72
26470800,321.4
26474400,338.29
26478000,368.24
26481600,409.22
26485200,458.43
26488800,512.52
26492400,567.8
26496000,620.5
26499600,667.03
26503200,704.23
26506800,729.55
26510400,741.28
26514000,738.6
26517600,721.71
26521200,691.76
26524800,650.78
26528400,601.57
26532000,547.48
26535600,492.2
26539200,439.5
26542800,392.97
26546400,355.77
26550000,330.45
26553600,318.72
26557200,321.4
26560800,338.29
26564400,368.24
26568000,409.22
26571600,458.43
26575200,512.52
26578800,567.8
26582400,620.5
26586000,667.03
26589600,704.23
26593200,729.55
26596800,741.28
26600400,738.6
26604000,721.71
26607600,691.76
26611200,650.78
26614800,601.57
26618400,547.48
26622000,492.2
26625600,439.5
26629200,392.97
26632800,355.77
26636400,330.45
26640000,318.72
26643600,321.4
26647200,338.29
26650800,368.24
26654400,409.22
26658000,458.43
26661600,512.52
26665200,567.8
26668800,620.5
26672400,667.03
26676000,704.23
26679600,729.55
26683200,741.28
26686800,738.6
26690400,721.71
26694000,691.76
26697600,650.78
26701200,601.57
26704800,547.48
26708400,492.2
26712000,439.5
26715600,392.97
26719200,355.77
26722800,330.45
26726400,318.72
26730000,321.4
26733600,338.29
26737200,368.24
26740800,409.22
26744400,458.43
26748000,512.52
26751600,567.8
26755200,620.5
26758800,667.03
26762400,704.23
26766000,729.55
26769600,741.28
26773200,738.6
26776800,721.71
26780400,691.76
26784000,650.78
26787600,601.57
26791200,547.48
26794800,492.2
26798400,439.5
26802000,392.97
26805600,355.77
26809200,330.45
26812800,318.72
26816400,321.4
26820000,338.29
26823600,368.24
26827200,409.22
26830800,458.43
26834400,512.52
26838000,567.8
26841600,620.5
26845200,667.03
26848800,704.23
26852400,729.55
26856000,741.28
26859600,738.6
26863200,721.71
26866800,691.76
26870400,650.78
26874000,601.57
26877600,547.48
26881200,492.2
26884800,439.5
26888400,392.97
26892000,355.77
26895600,330.45
26899200,318.72
26902800,321.4
26906400,338.29
26910000,368.24
26913600,409.22
26917200,458.43
26920800,512.52
26924400,567.8
26928000,620.5
26931600,667.03
26935200,704.23
26938800,729.55
26942400,741.28
26946000,738.6
26949600,721.71
26953200,691.76
26956800,650.78
26960400,601.57
26964000,547.48
26967600,492.2
26971200,439.5
26974800,392.97
26978400,355.77
26982000,330.45
26985600,318.72
26989200,321.4
26992800,338.29
26996400,368.24
27000000,409.22
27003600,458.43
27007200,512.52
27010800,567.8
27014400,620.5
27018000,667.03
27021600,704.23
27025200,729.55
27028800,741.28
27032400,738.6
27036000,721.71
27039600,691.76
27043200,650.78
27046800,601.57
27050400,547.48
27054000,492.2
27057600,439.5
27061200,392.97
27064800,355.77
27068400,330.45
27072000,318.72
27075600,321.4
27079200,338.29
27082800,368.24
27086400,409.22
27090000,458.43
27093600,512.52
27097200,567.8
27100800,620.5
27104400,667.03
27108000,704.23
27111600,729.55
27115200,741.28
27118800,738.6
27122400,721.71
27126000,691.76
27129600,650.78
27133200,601.57
27136800,547.48
27140400,492.2
27144000,439.5
27147600,392.97
27151200,355.77
27154800,330.45
27158400,318.72
27162000,321.4
27165600,338.29
27169200,368.24
27172800,409.22
27176400,458.43
27180000,512.52
27183600,567.8
27187200,620.5
27190800,667.03
27194400,704.23
27198000,729.55
27201600,741.28
27205200,738.6
27208800,721.71
27212400,691.76
27216000,650.78
27219600,601.57
27223200,547.48
27226800,492.2
27230400,439.5
27234000,392.97
27237600,355.77
27241200,330.45
27244800,318.72
27248400,321.4
27252000,338.29
27255600,368.24
27259200,409.22
27262800,458.43
27266400,512.52
27270000,567.8
27273600,620.5
27277200,667.03
27280800,704.23
27284400,729.55
27288000,741.28
27291600,738.6
27295200,721.71
27298800,691.76
27302400,650.78
27306000,601.57
27309600,547.48
27313200,492.2
27316800,439.5
27320400,392.97
27324000,355.77
27327600,330.45
27331200,318.72
27334800,321.4
27338400,338.29
27342000,368.24
27345600,409.22
27349200,458.43
27352800,512.52
27356400,567.8
27360000,620.5
27363600,667.03
27367200,704.23
27370800,729.55
27374400,741.28
27378000,738.6
27381600,721.71
27385200,691.76
27388800,650.78
27392400,601.57
27396000,547.48
27399600,492.2
27403200,439.5
27406800,392.97
27410400,355.77
27414000,330.45
27417600,318.72
27421200,321.4
27424800,338.29
27428400,368.24
27432000,409.22
27435600,458.43
27439200,512.52
27442800,567.8
27446400,620.5
27450000,667.03
27453600,704.23
27457200,729.55
27460800,741.28
27464400,738.6
27468000,721.71
27471600,691.76
27475200,650.78
27478800,601.57
27482400,547.48
27486000,492.2
27489600,439.5
27493200,392.97
27496800,355.77
27500400,330.45
27504000,318.72
27507600,321.4
27511200,338.29
27514800,368.24
27518400,409.22
27522000,458.43
27525600,512.52
27529200,567.8
27532800,620.5
27536400,667.03
27540000,704.23
27543600,729.55
27547200,741.28
27550800,738.6
27554400,721.71
27558000,691.76
27561600,650.78
27565200,601.57
27568800,547.48
27572400,492.2
27576000,439.5
27579600,392.97
27583200,355.77
27586800,330.45
27590400,318.72
27594000,321.4
27597600,338.29
27601200,368.24
27604800,409.22
27608400,458.43
27612000,512.52
27615600,567.8
27619200,620.5
27622800,667.03
27626400,704.23
27630000,729.55
27633600,741.28
27637200,738.6
27640800,721.71
27644400,691.76
27648000,650.78
27651600,601.57
27655200,547.48
27658800,492.2
27662400,439.5
27666000,392.97
27669600,355.77
27673200,330.45
27676800,318.72
27680400,321.4
27684000,338.29
27687600,368.24
27691200,409.22
27694800,458.43
27698400,512.52
27702000,567.8
27705600,620.5
27709200,667.03
27712800,704.23
27716400,729.55
27720000,741.28
27723600,738.6
27727200,721.71
27730800,691.76
27734400,650.78
27738000,601.57
27741600,547.48
27745200,492.2
27748800,439.5
27752400,392.97
27756000,355.77
27759600,330.45
27763200,318.72
27766800,321.4
27770400,338.29
27774000,368.24
27777600,409.22
27781200,458.43
27784800,512.52
27788400,567.8
27792000,620.5
27795600,667.03
27799200,704.23
27802800,729.55
27806400,741.28
27810000,738.6
27813600,721.71
27817200,691.76
27820800,650.78
27824400,601.57
27828000,547.48
27831600,492.2
27835200,439.5
27838800,392.97
27842400,355.77
27846000,330.45
27849600,318.72
27853200,321.4
27856800,338.29
27860400,368.24
27864000,409.22
27867600,458.43
27871200,512.52
27874800,567.8
27878400,620.5
27882000,667.03
27885600,704.23
27889200,729.55
27892800,741.28
27896400,738.6
27900000,721.71
27903600,691.76
27907200,650.78
27910800,601.57
27914400,547.48
27918000,492.2
27921600,439.5
27925200,392.97
27928800,355.77
27932400,330.45
27936000,318.72
27939600,321.4
27943200,338.29
27946800,368.24
27950400,409.22
27954000,458.43
27957600,512.52
27961200,567.8
27964800,620.5
27968400,667.03
27972000,704.23
27975600,729.55
27979200,741.28
27982800,738.6
27986400,721.71
27990000,691.76
27993600,650.78
27997200,601.57
28000800,547.48
28004400,492.2
28008000,439.5
28011600,392.97
28015200,355.77
28018800,330.45
28022400,318.72
28026000,321.4
28029600,338.29
28033200,368.24
28036800,409.22
28040400,458.43
28044000,512.52
28047600,567.8
28051200,620.5
28054800,667.03
28058400,704.23
28062000,729.55
28065600,741.28
28069200,738.6
28072800,721.71
28076400,691.76
28080000,650.78
28083600,601.57
28087200,547.48
28090800,492.2
28094400,439.5
28098000,392.97
28101600,355.77
28105200,330.45
28108800,318.72
28112400,321.4
28116000,338.29
28119600,368.24
28123200,409.22
28126800,458.43
28130400,512.52
28134000,567.8
28137600,620.5
28141200,667.03
28144800,704.23
28148400,729.55
28152000,741.28
28155600,738.6
28159200,721.71
28162800,691.76
28166400,650.78
28170000,601.57
28173600,547.48
28177200,492.2
28180800,439.5
28184400,392.97
28188000,355.77
28191600,330.45
28195200,318.72
28198800,321.4
28202400,338.29
28206000,368.24
28209600,409.22
28213200,458.43
28216800,512.52
28220400,567.8
28224000,620.5
28227600,667.03
28231200,704.23
28234800,729.55
28238400,741.28
28242000,738.6
28245600,721.71
28249200,691.76
28252800,650.78
28256400,601.57
28260000,547.48
28263600,492.2
28267200,439.5
28270800,392.97
28274400,355.77
28278000,330.45
28281600,318.72
28285200,321.4
28288800,338.29
28292400,368.24
28296000,409.22
28299600,458.43
28303200,512.52
28306800,567.8
28310400,620.5
28314000,667.03
28317600,704.23
28321200,729.55
28324800,741.28
28328400,738.6
28332000,721.71
28335600,691.76
28339200,650.78
28342800,601.57
28346400,547.48
28350000,492.2
28353600,439.5
28357200,392.97
28360800,355.77
28364400,330.45
28368000,318.72
28371600,321.4
28375200,338.29
28378800,368.24
28382400,409.22
28386000,458.43
28389600,512.52
28393200,567.8
28396800,620.5
28400400,667.03
28404000,704.23
28407600,729.55
28411200,741.28
28414800,738.6
28418400,721.71
28422000,691.76
28425600,650.78
28429200,601.57
28432800,547.48
28436400,492.2
28440000,439.5
28443600,392.97
28447200,355.77
28450800,330.45
28454400,318.72
28458000,321.4
28461600,338.29
28465200,368.24
28468800,409.22
28472400,458.43
28476000,512.52
28479600,567.8
28483200,620.5
28486800,667.03
28490400,704.23
28494000,729.55
28497600,741.28
28501200,738.6
28504800,721.71
28508400,691.76
28512000,650.78
28515600,601.57
28519200,547.48
28522800,492.2
28526400,439.5
28530000,392.97
28533600,355.77
28537200,330.45
28540800,318.72
28544400,321.4
28548000,338.29
28551600,368.24
28555200,409.22
28558800,458.43
28562400,512.52
28566000,567.8
28569600,620.5
28573200,667.03
28576800,704.23
28580400,729.55
28584000,741.28
28587600,738.6
28591200,721.71
28594800,691.76
28598400,650.78
28602000,601.57
28605600,547.48
28609200,492.2
28612800,439.5
28616400,392.97
28620000,355.77
28623600,330.45
28627200,318.72
28630800,321.4
28634400,338.29
28638000,368.24
28641600,409.22
28645200,458.43
28648800,512.52
28652400,567.8
28656000,620.5
28659600,667.03
28663200,704.23
28666800,729.55
28670400,741.28
28674000,738.6
28677600,721.71
28681200,691.76
28684800,650.78
28688400,601.57
28692000,547.48
28695600,492.2
28699200,439.5
28702800,392.97
28706400,355.77
28710000,330.45
28713600,318.72
28717200,321.4
28720800,338.29
28724400,368.24
28728000,409.22
28731600,458.43
28735200,512.52
28738800,567.8
28742400,620.5
28746000,667.03
28749600,704.23
28753200,729.55
28756800,741.28
28760400,738.6
28764000,721.71
28767600,691.76
28771200,650.78
28774800,601.57
28778400,547.48
28782000,492.2
28785600,439.5
28789200,392.97
28792800,355.77
28796400,330.45
28800000,318.72
28803600,321.4
28807200,338.29
28810800,368.24
28814400,409.22
28818000,458.43
28821600,512.52
28825200,567.8
28828800,620.5
28832400,667.03
28836000,704.23
28839600,729.55
28843200,741.28
28846800,738.6
28850400,721.71
28854000,691.76
28857600,650.78
28861200,601.57
28864800,547.48
28868400,492.2
28872000,439.5
28875600,392.97
28879200,355.77
28882800,330.45
28886400,318.72
28890000,321.4
28893600,338.29
28897200,368.24
28900800,409.22
28904400,458.43
28908000,512.52
28911600,567.8
28915200,620.5
28918800,667.03
28922400,704.23
28926000,729.55
28929600,741.28
28933200,738.6
28936800,721.71
28940400,691.76
28944000,650.78
28947600,601.57
28951200,547.48
28954800,492.2
28958400,439.5
28962000,392.97
28965600,355.77
28969200,330.45
28972800,318.72
28976400,321.4
28980000,338.29
28983600,368.24
28987200,409.22
28990800,458.43
28994400,512.52
28998000,567.8
29001600,620.5
29005200,667.03
29008800,704.23
29012400,729.55
29016000,741.28
29019600,738.6
29023200,721.71
29026800,691.76
29030400,650.78
29034000,601.57
29037600,547.48
29041200,492.2
29044800,439.5
29048400,392.97
29052000,355.77
29055600,330.45
29059200,318.72
29062800,321.4
29066400,338.29
29070000,368.24
29073600,409.22
29077200,458.43
29080800,512.52
29084400,567.8
29088000,620.5
29091600,667.03
29095200,704.23
29098800,729.55
29102400,741.28
29106000,738.6
29109600,721.71
29113200,691.76
29116800,650.78
29120400,601.57
29124000,547.48
29127600,492.2
29131200,439.5
29134800,392.97
29138400,355.77
29142000,330.45
29145600,318.72
29149200,321.4
29152800,338.29
29156400,368.24
29160000,409.22
29163600,458.43
29167200,512.52
29170800,567.8
29174400,620.5
29178000,667.03
29181600,704.23
29185200,729.55
29188800,741.28
29192400,738.6
29196000,721.71
29199600,691.76
29203200,650.78
29206800,601.57
29210400,547.48
29214000,492.2
29217600,439.5
29221200,392.97
29224800,355.77
29228400,330.45
29232000,318.72
29235600,321.4
29239200,338.29
29242800,368.24
29246400,409.22
29250000,458.43
29253600,512.52
29257200,567.8
29260800,620.5
29264400,667.03
29268000,704.23
29271600,729.55
29275200,741.28
29278800,738.6
29282400,721.71
29286000,691.76
29289600,650.78
29293200,601.57
29296800,547.48
29300400,492.2
29304000,439.5
29307600,392.97
29311200,355.77
29314800,330.45
29318400,318.72
29322000,321.4
29325600,338.29
29329200,368.24
29332800,409.22
29336400,458.43
29340000,512.52
29343600,567.8
29347200,620.5
29350800,667.03
29354400,704.23
29358000,729.55
29361600,741.28
29365200,738.6
29368800,721.71
29372400,691.76
29376000,650.78
29379600,601.57
29383200,547.48
29386800,492.2
29390400,439.5
29394000,392.97
29397600,355.77
29401200,330.45
29404800,318.72
29408400,321.4
29412000,338.29
29415600,368.24
29419200,409.22
29422800,458.43
29426400,512.52
29430000,567.8
29433600,620.5
29437200,667.03
29440800,704.23
29444400,729.55
29448000,741.28
29451600,738.6
29455200,721.71
29458800,691.76
29462400,650.78
29466000,601.57
29469600,547.48
29473200,492.2
29476800,439.5
29480400,392.97
29484000,355.77
29487600,330.45
29491200,318.72
29494800,321.4
29498400,338.29
29502000,368.24
29505600,409.22
29509200,458.43
29512800,512.52
29516400,567.8
29520000,620.5
29523600,667.03
29527200,704.23
29530800,729.55
29534400,741.28
29538000,738.6
29541600,721.71
29545200,691.76
29548800,650.78
29552400,601.57
29556000,547.48
29559600,492.2
29563200,439.5
29566800,392.97
29570400,355.77
29574000,330.45
29577600,318.72
29581200,321.4
29584800,338.29
29588400,368.24
29592000,409.22
29595600,458.43
29599200,512.52
29602800,567.8
29606400,620.5
29610000,667.03
29613600,704.23
29617200,729.55
29620800,741.28
29624400,738.6
29628000,721.71
29631600,691.76
29635200,650.78
29638800,601.57
29642400,547.48
29646000,492.2
29649600,439.5
29653200,392.97
29656800,355.77
29660400,330.45
29664000,318.72
29667600,321.4
29671200,338.29
29674800,368.24
29678400,409.22
29682000,458.43
29685600,512.52
29689200,567.8
29692800,620.5
29696400,667.03
29700000,704.23
29703600,729.55
29707200,741.28
29710800,738.6
29714400,721.71
29718000,691.76
29721600,650.78
29725200,601.57
29728800,547.48
29732400,492.2
29736000,439.5
29739600,392.97
29743200,355.77
29746800,330.45
29750400,318.72
29754000,321.4
29757600,338.29
29761200,368.24
29764800,409.22
29768400,458.43
29772000,512.52
29775600,567.8
29779200,620.5
29782800,667.03
29786400,704.23
29790000,729.55
29793600,741.28
29797200,738.6
29800800,721.71
29804400,691.76
29808000,650.78
29811600,601.57
29815200,547.48
29818800,492.2
29822400,439.5
29826000,392.97
29829600,355.77
29833200,330.45
29836800,318.72
29840400,321.4
29844000,338.29
29847600,368.24
29851200,409.22
29854800,458.43
29858400,512.52
29862000,567.8
29865600,620.5
29869200,667.03
29872800,704.23
29876400,729.55
29880000,741.28
29883600,738.6
29887200,721.71
29890800,691.76
29894400,650.78
29898000,601.57
29901600,547.48
29905200,492.2
29908800,439.5
29912400,392.97
29916000,355.77
29919600,330.45
29923200,318.72
29926800,321.4
29930400,338.29
29934000,368.24
29937600,409.22
29941200,458.43
29944800,512.52
29948400,567.8
29952000,620.5
29955600,667.03
29959200,704.23
29962800,729.55
29966400,741.28
29970000,738.6
29973600,721.71
29977200,691.76
29980800,650.78
29984400,601.57
29988000,547.48
29991600,492.2
29995200,439.5
29998800,392.97
30002400,355.77
30006000,330.45
30009600,318.72
30013200,321.4
30016800,338.29
30020400,368.24
30024000,409.22
30027600,458.43
30031200,512.52
30034800,567.8
30038400,620.5
30042000,667.03
30045600,704.23
30049200,729.55
30052800,741.28
30056400,738.6
30060000,721.71
30063600,691.76
30067200,650.78
30070800,601.57
30074400,547.48
30078000,492.2
30081600,439.5
30085200,392.97
30088800,355.77
30092400,330.45
30096000,318.72
30099600,321.4
30103200,338.29
30106800,368.24
30110400,409.22
30114000,458.43
30117600,512.52
30121200,567.8
30124800,620.5
30128400,667.03
30132000,704.23
30135600,729.55
30139200,741.28
30142800,738.6
30146400,721.71
30150000,691.76
30153600,650.78
30157200,601.57
30160800,547.48
30164400,492.2
30168000,439.5
30171600,392.97
30175200,355.77
30178800,330.45
30182400,318.72
30186000,321.4
30189600,338.29
30193200,368.24
30196800,409.22
30200400,458.43
30204000,512.52
30207600,567.8
30211200,620.5
30214800,667.03
30218400,704.23
30222000,729.55
30225600,741.28
30229200,738.6
30232800,721.71
30236400,691.76
30240000,650.78
30243600,601.57
30247200,547.48
30250800,492.2
30254400,439.5
30258000,392.97
30261600,355.77
30265200,330.45
30268800,318.72
30272400,321.4
30276000,338.29
30279600,368.24
30283200,409.22
30286800,458.43
30290400,512.52
30294000,567.8
30297600,620.5
30301200,667.03
30304800,704.23
30308400,729.55
30312000,741.28
30315600,738.6
30319200,721.71
30322800,691.76
30326400,650.78
30330000,601.57
30333600,547.48
30337200,492.2
30340800,439.5
30344400,392.97
30348000,355.77
30351600,330.45
30355200,318.72
30358800,321.4
30362400,338.29
30366000,368.24
30369600,409.22
30373200,458.43
30376800,512.52
30380400,567.8
30384000,620.5
30387600,667.03
30391200,704.23
30394800,729.55
30398400,741.28
30402000,738.6
30405600,721.71
30409200,691.76
30412800,650.78
30416400,601.57
30420000,547.48
30423600,492.2
30427200,439.5
30430800,392.97
30434400,355.77
30438000,330.45
30441600,318.72
30445200,321.4
30448800,338.29
30452400,368.24
30456000,409.22
30459600,458.43
30463200,512.52
30466800,567.8
30470400,620.5
30474000,667.03
30477600,704.23
30481200,729.55
30484800,741.28
30488400,738.6
30492000,721.71
30495600,691.76
30499200,650.78
30502800,601.57
30506400,547.48
30510000,492.2
30513600,439.5
30517200,392.97
30520800,355.77
30524400,330.45
30528000,318.72
30531600,321.4
30535200,338.29
30538800,368.24
30542400,409.22
30546000,458.43
30549600,512.52
30553200,567.8
30556800,620.5
30560400,667.03
30564000,704.23
30567600,729.55
30571200,741.28
30574800,738.6
30578400,721.71
30582000,691.76
30585600,650.78
30589200,601.57
30592800,547.48
30596400,492.2
30600000,439.5
30603600,392.97
30607200,355.77
30610800,330.45
30614400,318.72
30618000,321.4
30621600,338.29
30625200,368.24
30628800,409.22
30632400,458.43
30636000,512.52
30639600,567.8
30643200,620.5
30646800,667.03
30650400,704.23
30654000,729.55
30657600,741.28
30661200,738.6
30664800,721.71
30668400,691.76
30672000,650.78
30675600,601.57
30679200,547.48
30682800,492.2
30686400,439.5
30690000,392.97
30693600,355.77
30697200,330.45
30700800,318.72
30704400,321.4
30708000,338.29
30711600,368.24
30715200,409.22
30718800,458.43
30722400,512.52
30726000,567.8
30729600,620.5
30733200,667.03
30736800,704.23
30740400,729.55
30744000,741.28
30747600,738.6
30751200,721.71
30754800,691.76
30758400,650.78
30762000,601.57
30765600,547.48
30769200,492.2
30772800,439.5
30776400,392.97
30780000,355.77
30783600,330.45
30787200,318.72
30790800,321.4
30794400,338.29
30798000,368.24
30801600,409.22
30805200,458.43
30808800,512.52
30812400,567.8
30816000,620.5
30819600,667.03
30823200,704.23
30826800,729.55
30830400,741.28
30834000,738.6
30837600,721.71
30841200,691.76
30844800,650.78
30848400,601.57
30852000,547.48
30855600,492.2
30859200,439.5
30862800,392.97
30866400,355.77
30870000,330.45
30873600,318.72
30877200,321.4
30880800,338.29
30884400,368.24
30888000,409.22
30891600,458.43
30895200,512.52
30898800,567.8
30902400,620.5
30906000,667.03
30909600,704.23
30913200,729.55
30916800,741.28
30920400,738.6
30924000,721.71
30927600,691.76
30931200,650.78
30934800,601.57
30938400,547.48
30942000,492.2
30945600,439.5
30949200,392.97
30952800,355.77
30956400,330.45
30960000,318.72
30963600,321.4
30967200,338.29
30970800,368.24
30974400,409.22
30978000,458.43
30981600,512.52
30985200,567.8
30988800,620.5
30992400,667.03
30996000,704.23
30999600,729.55
31003200,741.28
31006800,738.6
31010400,721.71
31014000,691.76
31017600,650.78
31021200,601.57
31024800,547.48
31028400,492.2
31032000,439.5
31035600,392.97
31039200,355.77
31042800,330.45
31046400,318.72
31050000,321.4
31053600,338.29
31057200,368.24
31060800,409.22
31064400,458.43
31068000,512.52
31071600,567.8
31075200,620.5
31078800,667.03
31082400,704.23
31086000,729.55
31089600,741.28
31093200,738.6
31096800,721.71
31100400,691.76
31104000,650.78
31107600,601.57
31111200,547.48
31114800,492.2
31118400,439.5
31122000,392.97
31125600,355.77
31129200,330.45
31132800,318.72
31136400,321.4
31140000,338.29
31143600,368.24
31147200,409.22
31150800,458.43
31154400,512.52
31158000,567.8
31161600,620.5
31165200,667.03
31168800,704.23
31172400,729.55
31176000,741.28
31179600,738.6
31183200,721.71
31186800,691.76
31190400,650.78
31194000,601.57
31197600,547.48
31201200,492.2
31204800,439.5
31208400,392.97
31212000,355.77
31215600,330.45
31219200,318.72
31222800,321.4
31226400,338.29
31230000,368.24
31233600,409.22
31237200,458.43
31240800,512.52
31244400,567.8
31248000,620.5
31251600,667.03
31255200,704.23
31258800,729.55
31262400,741.28
31266000,738.6
31269600,721.71
31273200,691.76
31276800,650.78
31280400,601.57
31284000,547.48
31287600,492.2
31291200,439.5
31294800,392.97
31298400,355.77
31302000,330.45
31305600,318.72
31309200,321.4
31312800,338.29
31316400,368.24
31320000,409.22
31323600,458.43
31327200,512.52
31330800,567.8
31334400,620.5
31338000,667.03
31341600,704.23
31345200,729.55
31348800,741.28
31352400,738.6
31356000,721.71
31359600,691.76
31363200,650.78
31366800,601.57
31370400,547.48
31374000,492.2
31377600,439.5
31381200,392.97
31384800,355.77
31388400,330.45
31392000,318.72
31395600,321.4
31399200,338.29
31402800,368.24
31406400,409.22
31410000,458.43
31413600,512.52
31417200,567.8
31420800,620.5
31424400,667.03
31428000,704.23
31431600,729.55
31435200,741.28
31438800,738.6
31442400,721.71
31446000,691.76
31449600,650.78
31453200,601.57
31456800,547.48
31460400,492.2
31464000,439.5
31467600,392.97
31471200,355.77
31474800,330.45
31478400,318.72
31482000,321.4
31485600,338.29
31489200,368.24
31492800,409.22
31496400,458.43
31500000,512.52
31503600,567.8
31507200,620.5
31510800,667.03
31514400,704.23
31518000,729.55
31521600,741.28
31525200,738.6
31528800,721.71
31532400,691.76
31536000,650.78
