t_seconds,gco2_per_kwh
0,1218.55
3600,1163.89
7200,1091.28
10800,1005.68
14400,912.92
18000,819.32
21600,731.26
25200,654.73
28800,594.97
32400,556.03
36000,540.57
39600,549.65
43200,582.65
46800,637.31
50400,709.92
54000,795.52
57600,888.28
61200,981.88
64800,1069.94
68400,1146.47
72000,1206.23
75600,1245.17
79200,1260.63
82800,1251.55
86400,1218.55
90000,1163.89
93600,1091.28
97200,1005.68
100800,912.92
104400,819.32
108000,731.26
111600,654.73
115200,594.97
118800,556.03
122400,540.57
126000,549.65
129600,582.65
133200,637.31
136800,709.92
140400,795.52
144000,888.28
147600,981.88
151200,1069.94
154800,1146.47
158400,1206.23
162000,1245.17
165600,1260.63
169200,1251.55
172800,1218.55
176400,1163.89
180000,1091.28
183600,1005.68
187200,912.92
190800,819.32
194400,731.26
198000,654.73
201600,594.97
205200,556.03
208800,540.57
212400,549.65
216000,582.65
219600,637.31
223200,709.92
226800,795.52
230400,888.28
234000,981.88
237600,1069.94
241200,1146.47
244800,1206.23
248400,1245.17
252000,1260.63
255600,1251.55
259200,1218.55
262800,1163.89
266400,1091.28
270000,1005.68
273600,912.92
277200,819.32
280800,731.26
284400,654.73
288000,594.97
291600,556.03
295200,540.57
298800,549.65
302400,582.65
306000,637.31
309600,709.92
313200,795.52
316800,888.28
320400,981.88
324000,1069.94
327600,1146.47
331200,1206.23
334800,1245.17
338400,1260.63
342000,1251.55
345600,1218.55
349200,1163.89
352800,1091.28
356400,1005.68
360000,912.92
363600,819.32
367200,731.26
370800,654.73
374400,594.97
378000,556.03
381600,540.57
385200,549.65
388800,582.65
392400,637.31
396000,709.92
399600,795.52
403200,888.28
406800,981.88
410400,1069.94
414000,1146.47
417600,1206.23
421200,1245.17
424800,1260.63
428400,1251.55
432000,1218.55
435600,1163.89
439200,1091.28
442800,1005.68
446400,912.92
450000,819.32
453600,731.26
457200,654.73
460800,594.97
464400,556.03
468000,540.57
471600,549.65
475200,582.65
478800,637.31
482400,709.92
486000,795.52
489600,888.28
493200,981.88
496800,1069.94
500400,1146.47
504000,1206.23
507600,1245.17
511200,1260.63
514800,1251.55
518400,1218.55
522000,1163.89
525600,1091.28
529200,1005.68
532800,912.92
536400,819.32
540000,731.26
543600,654.73
547200,594.97
550800,556.03
554400,540.57
558000,549.65
561600,582.65
565200,637.31
568800,709.92
572400,795.52
576000,888.28
579600,981.88
583200,1069.94
586800,1146.47
590400,1206.23
594000,1245.17
597600,1260.63
601200,1251.55
604800,1218.55
608400,1163.89
612000,1091.28
615600,1005.68
619200,912.92
622800,819.32
626400,731.26
630000,654.73
633600,594.97
637200,556.03
640800,540.57
644400,549.65
648000,582.65
651600,637.31
655200,709.92
658800,795.52
662400,888.28
666000,981.88
669600,1069.94
673200,1146.47
676800,1206.23
680400,1245.17
684000,1260.63
687600,1251.55
691200,1218.55
694800,1163.89
698400,1091.28
702000,1005.68
705600,912.92
709200,819.32
712800,731.26
716400,654.73
720000,594.97
723600,556.03
727200,540.57
730800,549.65
734400,582.65
738000,637.31
741600,709.92
745200,795.52
748800,888.28
752400,981.88
756000,1069.94
759600,1146.47
763200,1206.23
766800,1245.17
770400,1260.63
774000,1251.55
777600,1218.55
781200,1163.89
784800,1091.28
788400,1005.68
792000,912.92
795600,819.32
799200,731.26
802800,654.73
806400,594.97
810000,556.03
813600,540.57
817200,549.65
820800,582.65
824400,637.31
828000,709.92
831600,795.52
835200,888.28
838800,981.88
842400,1069.94
846000,1146.47
849600,1206.23
853200,1245.17
856800,1260.63
860400,1251.55
864000,1218.55
867600,1163.89
871200,1091.28
874800,1005.68
878400,912.92
882000,819.32
885600,731.26
889200,654.73
892800,594.97
896400,556.03
900000,540.57
903600,549.65
907200,582.65
910800,637.31
914400,709.92
918000,795.52
921600,888.28
925200,981.88
928800,1069.94
932400,1146.47
936000,1206.23
939600,1245.17
943200,1260.63
946800,1251.55
950400,1218.55
954000,1163.89
957600,1091.28
961200,1005.68
964800,912.92
968400,819.32
972000,731.26
975600,654.73
979200,594.97
982800,556.03
986400,540.57
990000,549.65
993600,582.65
997200,637.31
1000800,709.92
1004400,795.52
1008000,888.28
1011600,981.88
1015200,1069.94
1018800,1146.47
1022400,1206.23
1026000,1245.17
1029600,1260.63
1033200,1251.55
1036800,1218.55
1040400,1163.89
1044000,1091.28
1047600,1005.68
1051200,912.92
1054800,819.32
1058400,731.26
1062000,654.73
1065600,594.97
1069200,556.03
1072800,540.57
1076400,549.65
1080000,582.65
1083600,637.31
1087200,709.92
1090800,795.52
1094400,888.28
1098000,981.88
1101600,1069.94
1105200,1146.47
1108800,1206.23
1112400,1245.17
1116000,1260.63
1119600,1251.55
1123200,1218.55
1126800,1163.89
1130400,1091.28
1134000,1005.68
1137600,912.92
1141200,819.32
1144800,731.26
1148400,654.73
1152000,594.97
1155600,556.03
1159200,540.57
1162800,549.65
1166400,582.65
1170000,637.31
1173600,709.92
1177200,795.52
1180800,888.28
1184400,981.88
1188000,1069.94
1191600,1146.47
1195200,1206.23
1198800,1245.17
1202400,1260.63
1206000,1251.55
1209600,1218.55
1213200,1163.89
1216800,1091.28
1220400,1005.68
1224000,912.92
1227600,819.32
1231200,731.26
1234800,654.73
1238400,594.97
1242000,556.03
1245600,540.57
1249200,549.65
1252800,582.65
1256400,637.31
1260000,709.92
1263600,795.52
1267200,888.28
1270800,981.88
1274400,1069.94
1278000,1146.47
1281600,1206.23
1285200,1245.17
1288800,1260.63
1292400,1251.55
1296000,1218.55
1299600,1163.89
1303200,1091.28
1306800,1005.68
1310400,912.92
1314000,819.32
1317600,731.26
1321200,654.73
1324800,594.97
1328400,556.03
1332000,540.57
1335600,549.65
1339200,582.65
1342800,637.31
1346400,709.92
1350000,795.52
1353600,888.28
1357200,981.88
1360800,1069.94
1364400,1146.47
1368000,1206.23
1371600,1245.17
1375200,1260.63
1378800,1251.55
1382400,1218.55
1386000,1163.89
1389600,1091.28
1393200,1005.68
1396800,912.92
1400400,819.32
1404000,731.26
1407600,654.73
1411200,594.97
1414800,556.03
1418400,540.57
1422000,549.65
1425600,582.65
1429200,637.31
1432800,709.92
1436400,795.52
1440000,888.28
1443600,981.88
1447200,1069.94
1450800,1146.47
1454400,1206.23
1458000,1245.17
1461600,1260.63
1465200,1251.55
1468800,1218.55
1472400,1163.89
1476000,1091.28
1479600,1005.68
1483200,912.92
1486800,819.32
1490400,731.26
1494000,654.73
1497600,594.97
1501200,556.03
1504800,540.57
1508400,549.65
1512000,582.65
1515600,637.31
1519200,709.92
1522800,795.52
1526400,888.28
1530000,981.88
1533600,1069.94
1537200,1146.47
1540800,1206.23
1544400,1245.17
1548000,1260.63
1551600,1251.55
1555200,1218.55
1558800,1163.89
1562400,1091.28
1566000,1005.68
1569600,912.92
1573200,819.32
1576800,731.26
1580400,654.73
1584000,594.97
1587600,556.03
1591200,540.57
1594800,549.65
1598400,582.65
1602000,637.31
1605600,709.92
1609200,795.52
1612800,888.28
1616400,981.88
1620000,1069.94
1623600,1146.47
1627200,1206.23
1630800,1245.17
1634400,1260.63
1638000,1251.55
1641600,1218.55
1645200,1163.89
1648800,1091.28
1652400,1005.68
1656000,912.92
1659600,819.32
1663200,731.26
1666800,654.73
1670400,594.97
1674000,556.03
1677600,540.57
1681200,549.65
1684800,582.65
1688400,637.31
1692000,709.92
1695600,795.52
1699200,888.28
1702800,981.88
1706400,1069.94
1710000,1146.47
1713600,1206.23
1717200,1245.17
1720800,1260.63
1724400,1251.55
1728000,1218.55
1731600,1163.89
1735200,1091.28
1738800,1005.68
1742400,912.92
1746000,819.32
1749600,731.26
1753200,654.73
1756800,594.97
1760400,556.03
1764000,540.57
1767600,549.65
1771200,582.65
1774800,637.31
1778400,709.92
1782000,795.52
1785600,888.28
1789200,981.88
1792800,1069.94
1796400,1146.47
1800000,1206.23
1803600,1245.17
1807200,1260.63
1810800,1251.55
1814400,1218.55
1818000,1163.89
1821600,1091.28
1825200,1005.68
1828800,912.92
1832400,819.32
1836000,731.26
1839600,654.73
1843200,594.97
1846800,556.03
1850400,540.57
1854000,549.65
1857600,582.65
1861200,637.31
1864800,709.92
1868400,795.52
1872000,888.28
1875600,981.88
1879200,1069.94
1882800,1146.47
1886400,1206.23
1890000,1245.17
1893600,1260.63
1897200,1251.55
1900800,1218.55
1904400,1163.89
1908000,1091.28
1911600,1005.68
1915200,912.92
1918800,819.32
1922400,731.26
1926000,654.73
1929600,594.97
1933200,556.03
1936800,540.57
1940400,549.65
1944000,582.65
1947600,637.31
1951200,709.92
1954800,795.52
1958400,888.28
1962000,981.88
1965600,1069.94
1969200,1146.47
1972800,1206.23
1976400,1245.17
1980000,1260.63
1983600,1251.55
1987200,1218.55
1990800,1163.89
1994400,1091.28
1998000,1005.68
2001600,912.92
2005200,819.32
2008800,731.26
2012400,654.73
2016000,594.97
2019600,556.03
2023200,540.57
2026800,549.65
2030400,582.65
2034000,637.31
2037600,709.92
2041200,795.52
2044800,888.28
2048400,981.88
2052000,1069.94
2055600,1146.47
2059200,1206.23
2062800,1245.17
2066400,1260.63
2070000,1251.55
2073600,1218.55
2077200,1163.89
2080800,1091.28
2084400,1005.68
2088000,912.92
2091600,819.32
2095200,731.26
2098800,654.73
2102400,594.97
2106000,556.03
2109600,540.57
2113200,549.65
2116800,582.65
2120400,637.31
2124000,709.92
2127600,795.52
2131200,888.28
2134800,981.88
2138400,1069.94
2142000,1146.47
2145600,1206.23
2149200,1245.17
2152800,1260.63
2156400,1251.55
2160000,1218.55
2163600,1163.89
2167200,1091.28
2170800,1005.68
2174400,912.92
2178000,819.32
2181600,731.26
2185200,654.73
2188800,594.97
2192400,556.03
2196000,540.57
2199600,549.65
2203200,582.65
2206800,637.31
2210400,709.92
2214000,795.52
2217600,888.28
2221200,981.88
2224800,1069.94
2228400,1146.47
2232000,1206.23
2235600,1245.17
2239200,1260.63
2242800,1251.55
2246400,1218.55
2250000,1163.89
2253600,1091.28
2257200,1005.68
2260800,912.92
2264400,819.32
2268000,731.26
2271600,654.73
2275200,594.97
2278800,556.03
2282400,540.57
2286000,549.65
2289600,582.65
2293200,637.31
2296800,709.92
2300400,795.52
2304000,888.28
2307600,981.88
2311200,1069.94
2314800,1146.47
2318400,1206.23
2322000,1245.17
2325600,1260.63
2329200,1251.55
2332800,1218.55
2336400,1163.89
2340000,1091.28
2343600,1005.68
2347200,912.92
2350800,819.32
2354400,731.26
2358000,654.73
2361600,594.97
2365200,556.03
2368800,540.57
2372400,549.65
2376000,582.65
2379600,637.31
2383200,709.92
2386800,795.52
2390400,888.28
2394000,981.88
2397600,1069.94
2401200,1146.47
2404800,1206.23
2408400,1245.17
2412000,1260.63
2415600,1251.55
2419200,1218.55
2422800,1163.89
2426400,1091.28
2430000,1005.68
2433600,912.92
2437200,819.32
2440800,731.26
2444400,654.73
2448000,594.97
2451600,556.03
2455200,540.57
2458800,549.65
2462400,582.65
2466000,637.31
2469600,709.92
2473200,795.52
2476800,888.28
2480400,981.88
2484000,1069.94
2487600,1146.47
2491200,1206.23
2494800,1245.17
2498400,1260.63
2502000,1251.55
2505600,1218.55
2509200,1163.89
2512800,1091.28
2516400,1005.68
2520000,912.92
2523600,819.32
2527200,731.26
2530800,654.73
2534400,594.97
2538000,556.03
2541600,540.57
2545200,549.65
2548800,582.65
2552400,637.31
2556000,709.92
2559600,795.52
2563200,888.28
2566800,981.88
2570400,1069.94
2574000,1146.47
2577600,1206.23
2581200,1245.17
2584800,1260.63
2588400,1251.55
2592000,1218.55
2595600,1163.89
2599200,1091.28
2602800,1005.68
2606400,912.92
2610000,819.32
2613600,731.26
2617200,654.73
2620800,594.97
2624400,556.03
2628000,540.57
2631600,549.65
2635200,582.65
2638800,637.31
2642400,709.92
2646000,795.52
2649600,888.28
2653200,981.88
2656800,1069.94
2660400,1146.47
2664000,1206.23
2667600,1245.17
2671200,1260.63
2674800,1251.55
2678400,1218.55
2682000,1163.89
2685600,1091.28
2689200,1005.68
2692800,912.92
2696400,819.32
2700000,731.26
2703600,654.73
2707200,594.97
2710800,556.03
2714400,540.57
2718000,549.65
2721600,582.65
2725200,637.31
2728800,709.92
2732400,795.52
2736000,888.28
2739600,981.88
2743200,1069.94
2746800,1146.47
2750400,1206.23
2754000,1245.17
2757600,1260.63
2761200,1251.55
2764800,1218.55
2768400,1163.89
2772000,1091.28
2775600,1005.68
2779200,912.92
2782800,819.32
2786400,731.26
2790000,654.73
2793600,594.97
2797200,556.03
2800800,540.57
2804400,549.65
2808000,582.65
2811600,637.31
2815200,709.92
2818800,795.52
2822400,888.28
2826000,981.88
2829600,1069.94
2833200,1146.47
2836800,1206.23
2840400,1245.17
2844000,1260.63
2847600,1251.55
2851200,1218.55
2854800,1163.89
2858400,1091.28
2862000,1005.68
2865600,912.92
2869200,819.32
2872800,731.26
2876400,654.73
2880000,594.97
2883600,556.03
2887200,540.57
2890800,549.65
2894400,582.65
2898000,637.31
2901600,709.92
2905200,795.52
2908800,888.28
2912400,981.88
2916000,1069.94
2919600,1146.47
2923200,1206.23
2926800,1245.17
2930400,1260.63
2934000,1251.55
2937600,1218.55
2941200,1163.89
2944800,1091.28
2948400,1005.68
2952000,912.92
2955600,819.32
2959200,731.26
2962800,654.73
2966400,594.97
2970000,556.03
2973600,540.57
2977200,549.65
2980800,582.65
2984400,637.31
2988000,709.92
2991600,795.52
2995200,888.28
2998800,981.88
3002400,1069.94
3006000,1146.47
3009600,1206.23
3013200,1245.17
3016800,1260.63
3020400,1251.55
3024000,1218.55
3027600,1163.89
3031200,1091.28
3034800,1005.68
3038400,912.92
3042000,819.32
3045600,731.26
3049200,654.73
3052800,594.97
3056400,556.03
3060000,540.57
3063600,549.65
3067200,582.65
3070800,637.31
3074400,709.92
3078000,795.52
3081600,888.28
3085200,981.88
3088800,1069.94
3092400,1146.47
3096000,1206.23
3099600,1245.17
3103200,1260.63
3106800,1251.55
3110400,1218.55
3114000,1163.89
3117600,1091.28
3121200,1005.68
3124800,912.92
3128400,819.32
3132000,731.26
3135600,654.73
3139200,594.97
3142800,556.03
3146400,540.57
3150000,549.65
3153600,582.65
3157200,637.31
3160800,709.92
3164400,795.52
3168000,888.28
3171600,981.88
3175200,1069.94
3178800,1146.47
3182400,1206.23
3186000,1245.17
3189600,1260.63
3193200,1251.55
3196800,1218.55
3200400,1163.89
3204000,1091.28
3207600,1005.68
3211200,912.92
3214800,819.32
3218400,731.26
3222000,654.73
3225600,594.97
3229200,556.03
3232800,540.57
3236400,549.65
3240000,582.65
3243600,637.31
3247200,709.92
3250800,795.52
3254400,888.28
3258000,981.88
3261600,1069.94
3265200,1146.47
3268800,1206.23
3272400,1245.17
3276000,1260.63
3279600,1251.55
3283200,1218.55
3286800,1163.89
3290400,1091.28
3294000,1005.68
3297600,912.92
3301200,819.32
3304800,731.26
3308400,654.73
3312000,594.97
3315600,556.03
3319200,540.57
3322800,549.65
3326400,582.65
3330000,637.31
3333600,709.92
3337200,795.52
3340800,888.28
3344400,981.88
3348000,1069.94
3351600,1146.47
3355200,1206.23
3358800,1245.17
3362400,1260.63
3366000,1251.55
3369600,1218.55
3373200,1163.89
3376800,1091.28
3380400,1005.68
3384000,912.92
3387600,819.32
3391200,731.26
3394800,654.73
3398400,594.97
3402000,556.03
3405600,540.57
3409200,549.65
3412800,582.65
3416400,637.31
3420000,709.92
3423600,795.52
3427200,888.28
3430800,981.88
3434400,1069.94
3438000,1146.47
3441600,1206.23
3445200,1245.17
3448800,1260.63
3452400,1251.55
3456000,1218.55
3459600,1163.89
3463200,1091.28
3466800,1005.68
3470400,912.92
3474000,819.32
3477600,731.26
3481200,654.73
3484800,594.97
3488400,556.03
3492000,540.57
3495600,549.65
3499200,582.65
3502800,637.31
3506400,709.92
3510000,795.52
3513600,888.28
3517200,981.88
3520800,1069.94
3524400,1146.47
3528000,1206.23
3531600,1245.17
3535200,1260.63
3538800,1251.55
3542400,1218.55
3546000,1163.89
3549600,1091.28
3553200,1005.68
3556800,912.92
3560400,819.32
3564000,731.26
3567600,654.73
3571200,594.97
3574800,556.03
3578400,540.57
3582000,549.65
3585600,582.65
3589200,637.31
3592800,709.92
3596400,795.52
3600000,888.28
3603600,981.88
3607200,1069.94
3610800,1146.47
3614400,1206.23
3618000,1245.17
3621600,1260.63
3625200,1251.55
3628800,1218.55
3632400,1163.89
3636000,1091.28
3639600,1005.68
3643200,912.92
3646800,819.32
3650400,731.26
3654000,654.73
3657600,594.97
3661200,556.03
3664800,540.57
3668400,549.65
3672000,582.65
3675600,637.31
3679200,709.92
3682800,795.52
3686400,888.28
3690000,981.88
3693600,1069.94
3697200,1146.47
3700800,1206.23
3704400,1245.17
3708000,1260.63
3711600,1251.55
3715200,1218.55
3718800,1163.89
3722400,1091.28
3726000,1005.68
3729600,912.92
3733200,819.32
3736800,731.26
3740400,654.73
3744000,594.97
3747600,556.03
3751200,540.57
3754800,549.65
3758400,582.65
3762000,637.31
3765600,709.92
3769200,795.52
3772800,888.28
3776400,981.88
3780000,1069.94
3783600,1146.47
3787200,1206.23
3790800,1245.17
3794400,1260.63
3798000,1251.55
3801600,1218.55
3805200,1163.89
3808800,1091.28
3812400,1005.68
3816000,912.92
3819600,819.32
3823200,731.26
3826800,654.73
3830400,594.97
3834000,556.03
3837600,540.57
3841200,549.65
3844800,582.65
3848400,637.31
3852000,709.92
3855600,795.52
3859200,888.28
3862800,981.88
3866400,1069.94
3870000,1146.47
3873600,1206.23
3877200,1245.17
3880800,1260.63
3884400,1251.55
3888000,1218.55
3891600,1163.89
3895200,1091.28
3898800,1005.68
3902400,912.92
3906000,819.32
3909600,731.26
3913200,654.73
3916800,594.97
3920400,556.03
3924000,540.57
3927600,549.65
3931200,582.65
3934800,637.31
3938400,709.92
3942000,795.52
3945600,888.28
3949200,981.88
3952800,1069.94
3956400,1146.47
3960000,1206.23
3963600,1245.17
3967200,1260.63
3970800,1251.55
3974400,1218.55
3978000,1163.89
3981600,1091.28
3985200,1005.68
3988800,912.92
3992400,819.32
3996000,731.26
3999600,654.73
4003200,594.97
4006800,556.03
4010400,540.57
4014000,549.65
4017600,582.65
4021200,637.31
4024800,709.92
4028400,795.52
4032000,888.28
4035600,981.88
4039200,1069.94
4042800,1146.47
4046400,1206.23
4050000,1245.17
4053600,1260.63
4057200,1251.55
4060800,1218.55
4064400,1163.89
4068000,1091.28
4071600,1005.68
4075200,912.92
4078800,819.32
4082400,731.26
4086000,654.73
4089600,594.97
4093200,556.03
4096800,540.57
4100400,549.65
4104000,582.65
4107600,637.31
4111200,709.92
4114800,795.52
4118400,888.28
4122000,981.88
4125600,1069.94
4129200,1146.47
4132800,1206.23
4136400,1245.17
4140000,1260.63
4143600,1251.55
4147200,1218.55
4150800,1163.89
4154400,1091.28
4158000,1005.68
4161600,912.92
4165200,819.32
4168800,731.26
4172400,654.73
4176000,594.97
4179600,556.03
4183200,540.57
4186800,549.65
4190400,582.65
4194000,637.31
4197600,709.92
4201200,795.52
4204800,888.28
4208400,981.88
4212000,1069.94
4215600,1146.47
4219200,1206.23
4222800,1245.17
4226400,1260.63
4230000,1251.55
4233600,1218.55
4237200,1163.89
4240800,1091.28
4244400,1005.68
4248000,912.92
4251600,819.32
4255200,731.26
4258800,654.73
4262400,594.97
4266000,556.03
4269600,540.57
4273200,549.65
4276800,582.65
4280400,637.31
4284000,709.92
4287600,795.52
4291200,888.28
4294800,981.88
4298400,1069.94
4302000,1146.47
4305600,1206.23
4309200,1245.17
4312800,1260.63
4316400,1251.55
4320000,1218.55
4323600,1163.89
4327200,1091.28
4330800,1005.68
4334400,912.92
4338000,819.32
4341600,731.26
4345200,654.73
4348800,594.97
4352400,556.03
4356000,540.57
4359600,549.65
4363200,582.65
4366800,637.31
4370400,709.92
4374000,795.52
4377600,888.28
4381200,981.88
4384800,1069.94
4388400,1146.47
4392000,1206.23
4395600,1245.17
4399200,1260.63
4402800,1251.55
4406400,1218.55
4410000,1163.89
4413600,1091.28
4417200,1005.68
4420800,912.92
4424400,819.32
4428000,731.26
4431600,654.73
4435200,594.97
4438800,556.03
4442400,540.57
4446000,549.65
4449600,582.65
4453200,637.31
4456800,709.92
4460400,795.52
4464000,888.28
4467600,981.88
4471200,1069.94
4474800,1146.47
4478400,1206.23
4482000,1245.17
4485600,1260.63
4489200,1251.55
4492800,1218.55
4496400,1163.89
4500000,1091.28
4503600,1005.68
4507200,912.92
4510800,819.32
4514400,731.26
4518000,654.73
4521600,594.97
4525200,556.03
4528800,540.57
4532400,549.65
4536000,582.65
4539600,637.31
4543200,709.92
4546800,795.52
4550400,888.28
4554000,981.88
4557600,1069.94
4561200,1146.47
4564800,1206.23
4568400,1245.17
4572000,1260.63
4575600,1251.55
4579200,1218.55
4582800,1163.89
4586400,1091.28
4590000,1005.68
4593600,912.92
4597200,819.32
4600800,731.26
4604400,654.73
4608000,594.97
4611600,556.03
4615200,540.57
4618800,549.65
4622400,582.65
4626000,637.31
4629600,709.92
4633200,795.52
4636800,888.28
4640400,981.88
4644000,1069.94
4647600,1146.47
4651200,1206.23
4654800,1245.17
4658400,1260.63
4662000,1251.55
4665600,1218.55
4669200,1163.89
4672800,1091.28
4676400,1005.68
4680000,912.92
4683600,819.32
4687200,731.26
4690800,654.73
4694400,594.97
4698000,556.03
4701600,540.57
4705200,549.65
4708800,582.65
4712400,637.31
4716000,709.92
4719600,795.52
4723200,888.28
4726800,981.88
4730400,1069.94
4734000,1146.47
4737600,1206.23
4741200,1245.17
4744800,1260.63
4748400,1251.55
4752000,1218.55
4755600,1163.89
4759200,1091.28
4762800,1005.68
4766400,912.92
4770000,819.32
4773600,731.26
4777200,654.73
4780800,594.97
4784400,556.03
4788000,540.57
4791600,549.65
4795200,582.65
4798800,637.31
4802400,709.92
4806000,795.52
4809600,888.28
4813200,981.88
4816800,1069.94
4820400,1146.47
4824000,1206.23
4827600,1245.17
4831200,1260.63
4834800,1251.55
4838400,1218.55
4842000,1163.89
4845600,1091.28
4849200,1005.68
4852800,912.92
4856400,819.32
4860000,731.26
4863600,654.73
4867200,594.97
4870800,556.03
4874400,540.57
4878000,549.65
4881600,582.65
4885200,637.31
4888800,709.92
4892400,795.52
4896000,888.28
4899600,981.88
4903200,1069.94
4906800,1146.47
4910400,1206.23
4914000,1245.17
4917600,1260.63
4921200,1251.55
4924800,1218.55
4928400,1163.89
4932000,1091.28
4935600,1005.68
4939200,912.92
4942800,819.32
4946400,731.26
4950000,654.73
4953600,594.97
4957200,556.03
4960800,540.57
4964400,549.65
4968000,582.65
4971600,637.31
4975200,709.92
4978800,795.52
4982400,888.28
4986000,981.88
4989600,1069.94
4993200,1146.47
4996800,1206.23
5000400,1245.17
5004000,1260.63
5007600,1251.55
5011200,1218.55
5014800,1163.89
5018400,1091.28
5022000,1005.68
5025600,912.92
5029200,819.32
5032800,731.26
5036400,654.73
5040000,594.97
5043600,556.03
5047200,540.57
5050800,549.65
5054400,582.65
5058000,637.31
5061600,709.92
5065200,795.52
5068800,888.28
5072400,981.88
5076000,1069.94
5079600,1146.47
5083200,1206.23
5086800,1245.17
5090400,1260.63
5094000,1251.55
5097600,1218.55
5101200,1163.89
5104800,1091.28
5108400,1005.68
5112000,912.92
5115600,819.32
5119200,731.26
5122800,654.73
5126400,594.97
5130000,556.03
5133600,540.57
5137200,549.65
5140800,582.65
5144400,637.31
5148000,709.92
5151600,795.52
5155200,888.28
5158800,981.88
5162400,1069.94
5166000,1146.47
5169600,1206.23
5173200,1245.17
5176800,1260.63
5180400,1251.55
5184000,1218.55
5187600,1163.89
5191200,1091.28
5194800,1005.68
5198400,912.92
5202000,819.32
5205600,731.26
5209200,654.73
5212800,594.97
5216400,556.03
5220000,540.57
5223600,549.65
5227200,582.65
5230800,637.31
5234400,709.92
5238000,795.52
5241600,888.28
5245200,981.88
5248800,1069.94
5252400,1146.47
5256000,1206.23
5259600,1245.17
5263200,1260.63
5266800,1251.55
5270400,1218.55
5274000,1163.89
5277600,1091.28
5281200,1005.68
5284800,912.92
5288400,819.32
5292000,731.26
5295600,654.73
5299200,594.97
5302800,556.03
5306400,540.57
5310000,549.65
5313600,582.65
5317200,637.31
5320800,709.92
5324400,795.52
5328000,888.28
5331600,981.88
5335200,1069.94
5338800,1146.47
5342400,1206.23
5346000,1245.17
5349600,1260.63
5353200,1251.55
5356800,1218.55
5360400,1163.89
5364000,1091.28
5367600,1005.68
5371200,912.92
5374800,819.32
5378400,731.26
5382000,654.73
5385600,594.97
5389200,556.03
5392800,540.57
5396400,549.65
5400000,582.65
5403600,637.31
5407200,709.92
5410800,795.52
5414400,888.28
5418000,981.88
5421600,1069.94
5425200,1146.47
5428800,1206.23
5432400,1245.17
5436000,1260.63
5439600,1251.55
5443200,1218.55
5446800,1163.89
5450400,1091.28
5454000,1005.68
5457600,912.92
5461200,819.32
5464800,731.26
5468400,654.73
5472000,594.97
5475600,556.03
5479200,540.57
5482800,549.65
5486400,582.65
5490000,637.31
5493600,709.92
5497200,795.52
5500800,888.28
5504400,981.88
5508000,1069.94
5511600,1146.47
5515200,1206.23
5518800,1245.17
5522400,1260.63
5526000,1251.55
5529600,1218.55
5533200,1163.89
5536800,1091.28
5540400,1005.68
5544000,912.92
5547600,819.32
5551200,731.26
5554800,654.73
5558400,594.97
5562000,556.03
5565600,540.57
5569200,549.65
5572800,582.65
5576400,637.31
5580000,709.92
5583600,795.52
5587200,888.28
5590800,981.88
5594400,1069.94
5598000,1146.47
5601600,1206.23
5605200,1245.17
5608800,1260.63
5612400,1251.55
5616000,1218.55
5619600,1163.89
5623200,1091.28
5626800,1005.68
5630400,912.92
5634000,819.32
5637600,731.26
5641200,654.73
5644800,594.97
5648400,556.03
5652000,540.57
5655600,549.65
5659200,582.65
5662800,637.31
5666400,709.92
5670000,795.52
5673600,888.28
5677200,981.88
5680800,1069.94
5684400,1146.47
5688000,1206.23
5691600,1245.17
5695200,1260.63
5698800,1251.55
5702400,1218.55
5706000,1163.89
5709600,1091.28
5713200,1005.68
5716800,912.92
5720400,819.32
5724000,731.26
5727600,654.73
5731200,594.97
5734800,556.03
5738400,540.57
5742000,549.65
5745600,582.65
5749200,637.31
5752800,709.92
5756400,795.52
5760000,888.28
5763600,981.88
5767200,1069.94
5770800,1146.47
5774400,1206.23
5778000,1245.17
5781600,1260.63
5785200,1251.55
5788800,1218.55
5792400,1163.89
5796000,1091.28
5799600,1005.68
5803200,912.92
5806800,819.32
5810400,731.26
5814000,654.73
5817600,594.97
5821200,556.03
5824800,540.57
5828400,549.65
5832000,582.65
5835600,637.31
5839200,709.92
5842800,795.52
5846400,888.28
5850000,981.88
5853600,1069.94
5857200,1146.47
5860800,1206.23
5864400,1245.17
5868000,1260.63
5871600,1251.55
5875200,1218.55
5878800,1163.89
5882400,1091.28
5886000,1005.68
5889600,912.92
5893200,819.32
5896800,731.26
5900400,654.73
5904000,594.97
5907600,556.03
5911200,540.57
5914800,549.65
5918400,582.65
5922000,637.31
5925600,709.92
5929200,795.52
5932800,888.28
5936400,981.88
5940000,1069.94
5943600,1146.47
5947200,1206.23
5950800,1245.17
5954400,1260.63
5958000,1251.55
5961600,1218.55
5965200,1163.89
5968800,1091.28
5972400,1005.68
5976000,912.92
5979600,819.32
5983200,731.26
5986800,654.73
5990400,594.97
5994000,556.03
5997600,540.57
6001200,549.65
6004800,582.65
6008400,637.31
6012000,709.92
6015600,795.52
6019200,888.28
6022800,981.88
6026400,1069.94
6030000,1146.47
6033600,1206.23
6037200,1245.17
6040800,1260.63
6044400,1251.55
6048000,1218.55
6051600,1163.89
6055200,1091.28
6058800,1005.68
6062400,912.92
6066000,819.32
6069600,731.26
6073200,654.73
6076800,594.97
6080400,556.03
6084000,540.57
6087600,549.65
6091200,582.65
6094800,637.31
6098400,709.92
6102000,795.52
6105600,888.28
6109200,981.88
6112800,1069.94
6116400,1146.47
6120000,1206.23
6123600,1245.17
6127200,1260.63
6130800,1251.55
6134400,1218.55
6138000,1163.89
6141600,1091.28
6145200,1005.68
6148800,912.92
6152400,819.32
6156000,731.26
6159600,654.73
6163200,594.97
6166800,556.03
6170400,540.57
6174000,549.65
6177600,582.65
6181200,637.31
6184800,709.92
6188400,795.52
6192000,888.28
6195600,981.88
6199200,1069.94
6202800,1146.47
6206400,1206.23
6210000,1245.17
6213600,1260.63
6217200,1251.55
6220800,1218.55
6224400,1163.89
6228000,1091.28
6231600,1005.68
6235200,912.92
6238800,819.32
6242400,731.26
6246000,654.73
6249600,594.97
6253200,556.03
6256800,540.57
6260400,549.65
6264000,582.65
6267600,637.31
6271200,709.92
6274800,795.52
6278400,888.28
6282000,981.88
6285600,1069.94
6289200,1146.47
6292800,1206.23
6296400,1245.17
6300000,1260.63
6303600,1251.55
6307200,1218.55
6310800,1163.89
6314400,1091.28
6318000,1005.68
6321600,912.92
6325200,819.32
6328800,731.26
6332400,654.73
6336000,594.97
6339600,556.03
6343200,540.57
6346800,549.65
6350400,582.65
6354000,637.31
6357600,709.92
6361200,795.52
6364800,888.28
6368400,981.88
6372000,1069.94
6375600,1146.47
6379200,1206.23
6382800,1245.17
6386400,1260.63
6390000,1251.55
6393600,1218.55
6397200,1163.89
6400800,1091.28
6404400,1005.68
6408000,912.92
6411600,819.32
6415200,731.26
6418800,654.73
6422400,594.97
6426000,556.03
6429600,540.57
6433200,549.65
6436800,582.65
6440400,637.31
6444000,709.92
6447600,795.52
6451200,888.28
6454800,981.88
6458400,1069.94
6462000,1146.47
6465600,1206.23
6469200,1245.17
6472800,1260.63
6476400,1251.55
6480000,1218.55
6483600,1163.89
6487200,1091.28
6490800,1005.68
6494400,912.92
6498000,819.32
6501600,731.26
6505200,654.73
6508800,594.97
6512400,556.03
6516000,540.57
6519600,549.65
6523200,582.65
6526800,637.31
6530400,709.92
6534000,795.52
6537600,888.28
6541200,981.88
6544800,1069.94
6548400,1146.47
6552000,1206.23
6555600,1245.17
6559200,1260.63
6562800,1251.55
6566400,1218.55
6570000,1163.89
6573600,1091.28
6577200,1005.68
6580800,912.92
6584400,819.32
6588000,731.26
6591600,654.73
6595200,594.97
6598800,556.03
6602400,540.57
6606000,549.65
6609600,582.65
6613200,637.31
6616800,709.92
6620400,795.52
6624000,888.28
6627600,981.88
6631200,1069.94
6634800,1146.47
6638400,1206.23
6642000,1245.17
6645600,1260.63
6649200,1251.55
6652800,1218.55
6656400,1163.89
6660000,1091.28
6663600,1005.68
6667200,912.92
6670800,819.32
6674400,731.26
6678000,654.73
6681600,594.97
6685200,556.03
6688800,540.57
6692400,549.65
6696000,582.65
6699600,637.31
6703200,709.92
6706800,795.52
6710400,888.28
6714000,981.88
6717600,1069.94
6721200,1146.47
6724800,1206.23
6728400,1245.17
6732000,1260.63
6735600,1251.55
6739200,1218.55
6742800,1163.89
6746400,1091.28
6750000,1005.68
6753600,912.92
6757200,819.32
6760800,731.26
6764400,654.73
6768000,594.97
6771600,556.03
6775200,540.57
6778800,549.65
6782400,582.65
6786000,637.31
6789600,709.92
6793200,795.52
6796800,888.28
6800400,981.88
6804000,1069.94
6807600,1146.47
6811200,1206.23
6814800,1245.17
6818400,1260.63
6822000,1251.55
6825600,1218.55
6829200,1163.89
6832800,1091.28
6836400,1005.68
6840000,912.92
6843600,819.32
6847200,731.26
6850800,654.73
6854400,594.97
6858000,556.03
6861600,540.57
6865200,549.65
6868800,582.65
6872400,637.31
6876000,709.92
6879600,795.52
6883200,888.28
6886800,981.88
6890400,1069.94
6894000,1146.47
6897600,1206.23
6901200,1245.17
6904800,1260.63
6908400,1251.55
6912000,1218.55
6915600,1163.89
6919200,1091.28
6922800,1005.68
6926400,912.92
6930000,819.32
6933600,731.26
6937200,654.73
6940800,594.97
6944400,556.03
6948000,540.57
6951600,549.65
6955200,582.65
6958800,637.31
6962400,709.92
6966000,795.52
6969600,888.28
6973200,981.88
6976800,1069.94
6980400,1146.47
6984000,1206.23
6987600,1245.17
6991200,1260.63
6994800,1251.55
6998400,1218.55
7002000,1163.89
7005600,1091.28
7009200,1005.68
7012800,912.92
7016400,819.32
7020000,731.26
7023600,654.73
7027200,594.97
7030800,556.03
7034400,540.57
7038000,549.65
7041600,582.65
7045200,637.31
7048800,709.92
7052400,795.52
7056000,888.28
7059600,981.88
7063200,1069.94
7066800,1146.47
7070400,1206.23
7074000,1245.17
7077600,1260.63
7081200,1251.55
7084800,1218.55
7088400,1163.89
7092000,1091.28
7095600,1005.68
7099200,912.92
7102800,819.32
7106400,731.26
7110000,654.73
7113600,594.97
7117200,556.03
7120800,540.57
7124400,549.65
7128000,582.65
7131600,637.31
7135200,709.92
7138800,795.52
7142400,888.28
7146000,981.88
7149600,1069.94
7153200,1146.47
7156800,1206.23
7160400,1245.17
7164000,1260.63
7167600,1251.55
7171200,1218.55
7174800,1163.89
7178400,1091.28
7182000,1005.68
7185600,912.92
7189200,819.32
7192800,731.26
7196400,654.73
7200000,594.97
7203600,556.03
7207200,540.57
7210800,549.65
7214400,582.65
7218000,637.31
7221600,709.92
7225200,795.52
7228800,888.28
7232400,981.88
7236000,1069.94
7239600,1146.47
7243200,1206.23
7246800,1245.17
7250400,1260.63
7254000,1251.55
7257600,1218.55
7261200,1163.89
7264800,1091.28
7268400,1005.68
7272000,912.92
7275600,819.32
7279200,731.26
7282800,654.73
7286400,594.97
7290000,556.03
7293600,540.57
7297200,549.65
7300800,582.65
7304400,637.31
7308000,709.92
7311600,795.52
7315200,888.28
7318800,981.88
7322400,1069.94
7326000,1146.47
7329600,1206.23
7333200,1245.17
7336800,1260.63
7340400,1251.55
7344000,1218.55
7347600,1163.89
7351200,1091.28
7354800,1005.68
7358400,912.92
7362000,819.32
7365600,731.26
7369200,654.73
7372800,594.97
7376400,556.03
7380000,540.57
7383600,549.65
7387200,582.65
7390800,637.31
7394400,709.92
7398000,795.52
7401600,888.28
7405200,981.88
7408800,1069.94
7412400,1146.47
7416000,1206.23
7419600,1245.17
7423200,1260.63
7426800,1251.55
7430400,1218.55
7434000,1163.89
7437600,1091.28
7441200,1005.68
7444800,912.92
7448400,819.32
7452000,731.26
7455600,654.73
7459200,594.97
7462800,556.03
7466400,540.57
7470000,549.65
7473600,582.65
7477200,637.31
7480800,709.92
7484400,795.52
7488000,888.28
7491600,981.88
7495200,1069.94
7498800,1146.47
7502400,1206.23
7506000,1245.17
7509600,1260.63
7513200,1251.55
7516800,1218.55
7520400,1163.89
7524000,1091.28
7527600,1005.68
7531200,912.92
7534800,819.32
7538400,731.26
7542000,654.73
7545600,594.97
7549200,556.03
7552800,540.57
7556400,549.65
7560000,582.65
7563600,637.31
7567200,709.92
7570800,795.52
7574400,888.28
7578000,981.88
7581600,1069.94
7585200,1146.47
7588800,1206.23
7592400,1245.17
7596000,1260.63
7599600,1251.55
7603200,1218.55
7606800,1163.89
7610400,1091.28
7614000,1005.68
7617600,912.92
7621200,819.32
7624800,731.26
7628400,654.73
7632000,594.97
7635600,556.03
7639200,540.57
7642800,549.65
7646400,582.65
7650000,637.31
7653600,709.92
7657200,795.52
7660800,888.28
7664400,981.88
7668000,1069.94
7671600,1146.47
7675200,1206.23
7678800,1245.17
7682400,1260.63
7686000,1251.55
7689600,1218.55
7693200,1163.89
7696800,1091.28
7700400,1005.68
7704000,912.92
7707600,819.32
7711200,731.26
7714800,654.73
7718400,594.97
7722000,556.03
7725600,540.57
7729200,549.65
7732800,582.65
7736400,637.31
7740000,709.92
7743600,795.52
7747200,888.28
7750800,981.88
7754400,1069.94
7758000,1146.47
7761600,1206.23
7765200,1245.17
7768800,1260.63
7772400,1251.55
7776000,1218.55
7779600,1163.89
7783200,1091.28
7786800,1005.68
7790400,912.92
7794000,819.32
7797600,731.26
7801200,654.73
7804800,594.97
7808400,556.03
7812000,540.57
7815600,549.65
7819200,582.65
7822800,637.31
7826400,709.92
7830000,795.52
7833600,888.28
7837200,981.88
7840800,1069.94
7844400,1146.47
7848000,1206.23
7851600,1245.17
7855200,1260.63
7858800,1251.55
7862400,1218.55
7866000,1163.89
7869600,1091.28
7873200,1005.68
7876800,912.92
7880400,819.32
7884000,731.26
7887600,654.73
7891200,594.97
7894800,556.03
7898400,540.57
7902000,549.65
7905600,582.65
7909200,637.31
7912800,709.92
7916400,795.52
7920000,888.28
7923600,981.88
7927200,1069.94
7930800,1146.47
7934400,1206.23
7938000,1245.17
7941600,1260.63
7945200,1251.55
7948800,1218.55
7952400,1163.89
7956000,1091.28
7959600,1005.68
7963200,912.92
7966800,819.32
7970400,731.26
7974000,654.73
7977600,594.97
7981200,556.03
7984800,540.57
7988400,549.65
7992000,582.65
7995600,637.31
7999200,709.92
8002800,795.52
8006400,888.28
8010000,981.88
8013600,1069.94
8017200,1146.47
8020800,1206.23
8024400,1245.17
8028000,1260.63
8031600,1251.55
8035200,1218.55
8038800,1163.89
8042400,1091.28
8046000,1005.68
8049600,912.92
8053200,819.32
8056800,731.26
8060400,654.73
8064000,594.97
8067600,556.03
8071200,540.57
8074800,549.65
8078400,582.65
8082000,637.31
8085600,709.92
8089200,795.52
8092800,888.28
8096400,981.88
8100000,1069.94
8103600,1146.47
8107200,1206.23
8110800,1245.17
8114400,1260.63
8118000,1251.55
8121600,1218.55
8125200,1163.89
8128800,1091.28
8132400,1005.68
8136000,912.92
8139600,819.32
8143200,731.26
8146800,654.73
8150400,594.97
8154000,556.03
8157600,540.57
8161200,549.65
8164800,582.65
8168400,637.31
8172000,709.92
8175600,795.52
8179200,888.28
8182800,981.88
8186400,1069.94
8190000,1146.47
8193600,1206.23
8197200,1245.17
8200800,1260.63
8204400,1251.55
8208000,1218.55
8211600,1163.89
8215200,1091.28
8218800,1005.68
8222400,912.92
8226000,819.32
8229600,731.26
8233200,654.73
8236800,594.97
8240400,556.03
8244000,540.57
8247600,549.65
8251200,582.65
8254800,637.31
8258400,709.92
8262000,795.52
8265600,888.28
8269200,981.88
8272800,1069.94
8276400,1146.47
8280000,1206.23
8283600,1245.17
8287200,1260.63
8290800,1251.55
8294400,1218.55
8298000,1163.89
8301600,1091.28
8305200,1005.68
8308800,912.92
8312400,819.32
8316000,731.26
8319600,654.73
8323200,594.97
8326800,556.03
8330400,540.57
8334000,549.65
8337600,582.65
8341200,637.31
8344800,709.92
8348400,795.52
8352000,888.28
8355600,981.88
8359200,1069.94
8362800,1146.47
8366400,1206.23
8370000,1245.17
8373600,1260.63
8377200,1251.55
8380800,1218.55
8384400,1163.89
8388000,1091.28
8391600,1005.68
8395200,912.92
8398800,819.32
8402400,731.26
8406000,654.73
8409600,594.97
8413200,556.03
8416800,540.57
8420400,549.65
8424000,582.65
8427600,637.31
8431200,709.92
8434800,795.52
8438400,888.28
8442000,981.88
8445600,1069.94
8449200,1146.47
8452800,1206.23
8456400,1245.17
8460000,1260.63
8463600,1251.55
8467200,1218.55
8470800,1163.89
8474400,1091.28
8478000,1005.68
8481600,912.92
8485200,819.32
8488800,731.26
8492400,654.73
8496000,594.97
8499600,556.03
8503200,540.57
8506800,549.65
8510400,582.65
8514000,637.31
8517600,709.92
8521200,795.52
8524800,888.28
8528400,981.88
8532000,1069.94
8535600,1146.47
8539200,1206.23
8542800,1245.17
8546400,1260.63
8550000,1251.55
8553600,1218.55
8557200,1163.89
8560800,1091.28
8564400,1005.68
8568000,912.92
8571600,819.32
8575200,731.26
8578800,654.73
8582400,594.97
8586000,556.03
8589600,540.57
8593200,549.65
8596800,582.65
8600400,637.31
8604000,709.92
8607600,795.52
8611200,888.28
8614800,981.88
8618400,1069.94
8622000,1146.47
8625600,1206.23
8629200,1245.17
8632800,1260.63
8636400,1251.55
8640000,1218.55
8643600,1163.89
8647200,1091.28
8650800,1005.68
8654400,912.92
8658000,819.32
8661600,731.26
8665200,654.73
8668800,594.97
8672400,556.03
8676000,540.57
8679600,549.65
8683200,582.65
8686800,637.31
8690400,709.92
8694000,795.52
8697600,888.28
8701200,981.88
8704800,1069.94
8708400,1146.47
8712000,1206.23
8715600,1245.17
8719200,1260.63
8722800,1251.55
8726400,1218.55
8730000,1163.89
8733600,1091.28
8737200,1005.68
8740800,912.92
8744400,819.32
8748000,731.26
8751600,654.73
8755200,594.97
8758800,556.03
8762400,540.57
8766000,549.65
8769600,582.65
8773200,637.31
8776800,709.92
8780400,795.52
8784000,888.28
8787600,981.88
8791200,1069.94
8794800,1146.47
8798400,1206.23
8802000,1245.17
8805600,1260.63
8809200,1251.55
8812800,1218.55
8816400,1163.89
8820000,1091.28
8823600,1005.68
8827200,912.92
8830800,819.32
8834400,731.26
8838000,654.73
8841600,594.97
8845200,556.03
8848800,540.57
8852400,549.65
8856000,582.65
8859600,637.31
8863200,709.92
8866800,795.52
8870400,888.28
8874000,981.88
8877600,1069.94
8881200,1146.47
8884800,1206.23
8888400,1245.17
8892000,1260.63
8895600,1251.55
8899200,1218.55
8902800,1163.89
8906400,1091.28
8910000,1005.68
8913600,912.92
8917200,819.32
8920800,731.26
8924400,654.73
8928000,594.97
8931600,556.03
8935200,540.57
8938800,549.65
8942400,582.65
8946000,637.31
8949600,709.92
8953200,795.52
8956800,888.28
8960400,981.88
8964000,1069.94
8967600,1146.47
8971200,1206.23
8974800,1245.17
8978400,1260.63
8982000,1251.55
8985600,1218.55
8989200,1163.89
8992800,1091.28
8996400,1005.68
9000000,912.92
9003600,819.32
9007200,731.26
9010800,654.73
9014400,594.97
9018000,556.03
9021600,540.57
9025200,549.65
9028800,582.65
9032400,637.31
9036000,709.92
9039600,795.52
9043200,888.28
9046800,981.88
9050400,1069.94
9054000,1146.47
9057600,1206.23
9061200,1245.17
9064800,1260.63
9068400,1251.55
9072000,1218.55
9075600,1163.89
9079200,1091.28
9082800,1005.68
9086400,912.92
9090000,819.32
9093600,731.26
9097200,654.73
9100800,594.97
9104400,556.03
9108000,540.57
9111600,549.65
9115200,582.65
9118800,637.31
9122400,709.92
9126000,795.52
9129600,888.28
9133200,981.88
9136800,1069.94
9140400,1146.47
9144000,1206.23
9147600,1245.17
9151200,1260.63
9154800,1251.55
9158400,1218.55
9162000,1163.89
9165600,1091.28
9169200,1005.68
9172800,912.92
9176400,819.32
9180000,731.26
9183600,654.73
9187200,594.97
9190800,556.03
9194400,540.57
9198000,549.65
9201600,582.65
9205200,637.31
9208800,709.92
9212400,795.52
9216000,888.28
9219600,981.88
9223200,1069.94
9226800,1146.47
9230400,1206.23
9234000,1245.17
9237600,1260.63
9241200,1251.55
9244800,1218.55
9248400,1163.89
9252000,1091.28
9255600,1005.68
9259200,912.92
9262800,819.32
9266400,731.26
9270000,654.73
9273600,594.97
9277200,556.03
9280800,540.57
9284400,549.65
9288000,582.65
9291600,637.31
9295200,709.92
9298800,795.52
9302400,888.28
9306000,981.88
9309600,1069.94
9313200,1146.47
9316800,1206.23
9320400,1245.17
9324000,1260.63
9327600,1251.55
9331200,1218.55
9334800,1163.89
9338400,1091.28
9342000,1005.68
9345600,912.92
9349200,819.32
9352800,731.26
9356400,654.73
9360000,594.97
9363600,556.03
9367200,540.57
9370800,549.65
9374400,582.65
9378000,637.31
9381600,709.92
9385200,795.52
9388800,888.28
9392400,981.88
9396000,1069.94
9399600,1146.47
9403200,1206.23
9406800,1245.17
9410400,1260.63
9414000,1251.55
9417600,1218.55
9421200,1163.89
9424800,1091.28
9428400,1005.68
9432000,912.92
9435600,819.32
9439200,731.26
9442800,654.73
9446400,594.97
9450000,556.03
9453600,540.57
9457200,549.65
9460800,582.65
9464400,637.31
9468000,709.92
9471600,795.52
9475200,888.28
9478800,981.88
9482400,1069.94
9486000,1146.47
9489600,1206.23
9493200,1245.17
9496800,1260.63
9500400,1251.55
9504000,1218.55
9507600,1163.89
9511200,1091.28
9514800,1005.68
9518400,912.92
9522000,819.32
9525600,731.26
9529200,654.73
9532800,594.97
9536400,556.03
9540000,540.57
9543600,549.65
9547200,582.65
9550800,637.31
9554400,709.92
9558000,795.52
9561600,888.28
9565200,981.88
9568800,1069.94
9572400,1146.47
9576000,1206.23
9579600,1245.17
9583200,1260.63
9586800,1251.55
9590400,1218.55
9594000,1163.89
9597600,1091.28
9601200,1005.68
9604800,912.92
9608400,819.32
9612000,731.26
9615600,654.73
9619200,594.97
9622800,556.03
9626400,540.57
9630000,549.65
9633600,582.65
9637200,637.31
9640800,709.92
9644400,795.52
9648000,888.28
9651600,981.88
9655200,1069.94
9658800,1146.47
9662400,1206.23
9666000,1245.17
9669600,1260.63
9673200,1251.55
9676800,1218.55
9680400,1163.89
9684000,1091.28
9687600,1005.68
9691200,912.92
9694800,819.32
9698400,731.26
9702000,654.73
9705600,594.97
9709200,556.03
9712800,540.57
9716400,549.65
9720000,582.65
9723600,637.31
9727200,709.92
9730800,795.52
9734400,888.28
9738000,981.88
9741600,1069.94
9745200,1146.47
9748800,1206.23
9752400,1245.17
9756000,1260.63
9759600,1251.55
9763200,1218.55
9766800,1163.89
9770400,1091.28
9774000,1005.68
9777600,912.92
9781200,819.32
9784800,731.26
9788400,654.73
9792000,594.97
9795600,556.03
9799200,540.57
9802800,549.65
9806400,582.65
9810000,637.31
9813600,709.92
9817200,795.52
9820800,888.28
9824400,981.88
9828000,1069.94
9831600,1146.47
9835200,1206.23
9838800,1245.17
9842400,1260.63
9846000,1251.55
9849600,1218.55
9853200,1163.89
9856800,1091.28
9860400,1005.68
9864000,912.92
9867600,819.32
9871200,731.26
9874800,654.73
9878400,594.97
9882000,556.03
9885600,540.57
9889200,549.65
9892800,582.65
9896400,637.31
9900000,709.92
9903600,795.52
9907200,888.28
9910800,981.88
9914400,1069.94
9918000,1146.47
9921600,1206.23
9925200,1245.17
9928800,1260.63
9932400,1251.55
9936000,1218.55
9939600,1163.89
9943200,1091.28
9946800,1005.68
9950400,912.92
9954000,819.32
9957600,731.26
9961200,654.73
9964800,594.97
9968400,556.03
9972000,540.57
9975600,549.65
9979200,582.65
9982800,637.31
9986400,709.92
9990000,795.52
9993600,888.28
9997200,981.88
10000800,1069.94
10004400,1146.47
10008000,1206.23
10011600,1245.17
10015200,1260.63
10018800,1251.55
10022400,1218.55
10026000,1163.89
10029600,1091.28
10033200,1005.68
10036800,912.92
10040400,819.32
10044000,731.26
10047600,654.73
10051200,594.97
10054800,556.03
10058400,540.57
10062000,549.65
10065600,582.65
10069200,637.31
10072800,709.92
10076400,795.52
10080000,888.28
10083600,981.88
10087200,1069.94
10090800,1146.47
10094400,1206.23
10098000,1245.17
10101600,1260.63
10105200,1251.55
10108800,1218.55
10112400,1163.89
10116000,1091.28
10119600,1005.68
10123200,912.92
10126800,819.32
10130400,731.26
10134000,654.73
10137600,594.97
10141200,556.03
10144800,540.57
10148400,549.65
10152000,582.65
10155600,637.31
10159200,709.92
10162800,795.52
10166400,888.28
10170000,981.88
10173600,1069.94
10177200,1146.47
10180800,1206.23
10184400,1245.17
10188000,1260.63
10191600,1251.55
10195200,1218.55
10198800,1163.89
10202400,1091.28
10206000,1005.68
10209600,912.92
10213200,819.32
10216800,731.26
10220400,654.73
10224000,594.97
10227600,556.03
10231200,540.57
10234800,549.65
10238400,582.65
10242000,637.31
10245600,709.92
10249200,795.52
10252800,888.28
10256400,981.88
10260000,1069.94
10263600,1146.47
10267200,1206.23
10270800,1245.17
10274400,1260.63
10278000,1251.55
10281600,1218.55
10285200,1163.89
10288800,1091.28
10292400,1005.68
10296000,912.92
10299600,819.32
10303200,731.26
10306800,654.73
10310400,594.97
10314000,556.03
10317600,540.57
10321200,549.65
10324800,582.65
10328400,637.31
10332000,709.92
10335600,795.52
10339200,888.28
10342800,981.88
10346400,1069.94
10350000,1146.47
10353600,1206.23
10357200,1245.17
10360800,1260.63
10364400,1251.55
10368000,1218.55
10371600,1163.89
10375200,1091.28
10378800,1005.68
10382400,912.92
10386000,819.32
10389600,731.26
10393200,654.73
10396800,594.97
10400400,556.03
10404000,540.57
10407600,549.65
10411200,582.65
10414800,637.31
10418400,709.92
10422000,795.52
10425600,888.28
10429200,981.88
10432800,1069.94
10436400,1146.47
10440000,1206.23
10443600,1245.17
10447200,1260.63
10450800,1251.55
10454400,1218.55
10458000,1163.89
10461600,1091.28
10465200,1005.68
10468800,912.92
10472400,819.32
10476000,731.26
10479600,654.73
10483200,594.97
10486800,556.03
10490400,540.57
10494000,549.65
10497600,582.65
10501200,637.31
10504800,709.92
10508400,795.52
10512000,888.28
10515600,981.88
10519200,1069.94
10522800,1146.47
10526400,1206.23
10530000,1245.17
10533600,1260.63
10537200,1251.55
10540800,1218.55
10544400,1163.89
10548000,1091.28
10551600,1005.68
10555200,912.92
10558800,819.32
10562400,731.26
10566000,654.73
10569600,594.97
10573200,556.03
10576800,540.57
10580400,549.65
10584000,582.65
10587600,637.31
10591200,709.92
10594800,795.52
10598400,888.28
10602000,981.88
10605600,1069.94
10609200,1146.47
10612800,1206.23
10616400,1245.17
10620000,1260.63
10623600,1251.55
10627200,1218.55
10630800,1163.89
10634400,1091.28
10638000,1005.68
10641600,912.92
10645200,819.32
10648800,731.26
10652400,654.73
10656000,594.97
10659600,556.03
10663200,540.57
10666800,549.65
10670400,582.65
10674000,637.31
10677600,709.92
10681200,795.52
10684800,888.28
10688400,981.88
10692000,1069.94
10695600,1146.47
10699200,1206.23
10702800,1245.17
10706400,1260.63
10710000,1251.55
10713600,1218.55
10717200,1163.89
10720800,1091.28
10724400,1005.68
10728000,912.92
10731600,819.32
10735200,731.26
10738800,654.73
10742400,594.97
10746000,556.03
10749600,540.57
10753200,549.65
10756800,582.65
10760400,637.31
10764000,709.92
10767600,795.52
10771200,888.28
10774800,981.88
10778400,1069.94
10782000,1146.47
10785600,1206.23
10789200,1245.17
10792800,1260.63
10796400,1251.55
10800000,1218.55
10803600,1163.89
10807200,1091.28
10810800,1005.68
10814400,912.92
10818000,819.32
10821600,731.26
10825200,654.73
10828800,594.97
10832400,556.03
10836000,540.57
10839600,549.65
10843200,582.65
10846800,637.31
10850400,709.92
10854000,795.52
10857600,888.28
10861200,981.88
10864800,1069.94
10868400,1146.47
10872000,1206.23
10875600,1245.17
10879200,1260.63
10882800,1251.55
10886400,1218.55
10890000,1163.89
10893600,1091.28
10897200,1005.68
10900800,912.92
10904400,819.32
10908000,731.26
10911600,654.73
10915200,594.97
10918800,556.03
10922400,540.57
10926000,549.65
10929600,582.65
10933200,637.31
10936800,709.92
10940400,795.52
10944000,888.28
10947600,981.88
10951200,1069.94
10954800,1146.47
10958400,1206.23
10962000,1245.17
10965600,1260.63
10969200,1251.55
10972800,1218.55
10976400,1163.89
10980000,1091.28
10983600,1005.68
10987200,912.92
10990800,819.32
10994400,731.26
10998000,654.73
11001600,594.97
11005200,556.03
11008800,540.57
11012400,549.65
11016000,582.65
11019600,637.31
11023200,709.92
11026800,795.52
11030400,888.28
11034000,981.88
11037600,1069.94
11041200,1146.47
11044800,1206.23
11048400,1245.17
11052000,1260.63
11055600,1251.55
11059200,1218.55
11062800,1163.89
11066400,1091.28
11070000,1005.68
11073600,912.92
11077200,819.32
11080800,731.26
11084400,654.73
11088000,594.97
11091600,556.03
11095200,540.57
11098800,549.65
11102400,582.65
11106000,637.31
11109600,709.92
11113200,795.52
11116800,888.28
11120400,981.88
11124000,1069.94
11127600,1146.47
11131200,1206.23
11134800,1245.17
11138400,1260.63
11142000,1251.55
11145600,1218.55
11149200,1163.89
11152800,1091.28
11156400,1005.68
11160000,912.92
11163600,819.32
11167200,731.26
11170800,654.73
11174400,594.97
11178000,556.03
11181600,540.57
11185200,549.65
11188800,582.65
11192400,637.31
11196000,709.92
11199600,795.52
11203200,888.28
11206800,981.88
11210400,1069.94
11214000,1146.47
11217600,1206.23
11221200,1245.17
11224800,1260.63
11228400,1251.55
11232000,1218.55
11235600,1163.89
11239200,1091.28
11242800,1005.68
11246400,912.92
11250000,819.32
11253600,731.26
11257200,654.73
11260800,594.97
11264400,556.03
11268000,540.57
11271600,549.65
11275200,582.65
11278800,637.31
11282400,709.92
11286000,795.52
11289600,888.28
11293200,981.88
11296800,1069.94
11300400,1146.47
11304000,1206.23
11307600,1245.17
11311200,1260.63
11314800,1251.55
11318400,1218.55
11322000,1163.89
11325600,1091.28
11329200,1005.68
11332800,912.92
11336400,819.32
11340000,731.26
11343600,654.73
11347200,594.97
11350800,556.03
11354400,540.57
11358000,549.65
11361600,582.65
11365200,637.31
11368800,709.92
11372400,795.52
11376000,888.28
11379600,981.88
11383200,1069.94
11386800,1146.47
11390400,1206.23
11394000,1245.17
11397600,1260.63
11401200,1251.55
11404800,1218.55
11408400,1163.89
11412000,1091.28
11415600,1005.68
11419200,912.92
11422800,819.32
11426400,731.26
11430000,654.73
11433600,594.97
11437200,556.03
11440800,540.57
11444400,549.65
11448000,582.65
11451600,637.31
11455200,709.92
11458800,795.52
11462400,888.28
11466000,981.88
11469600,1069.94
11473200,1146.47
11476800,1206.23
11480400,1245.17
11484000,1260.63
11487600,1251.55
11491200,1218.55
11494800,1163.89
11498400,1091.28
11502000,1005.68
11505600,912.92
11509200,819.32
11512800,731.26
11516400,654.73
11520000,594.97
11523600,556.03
11527200,540.57
11530800,549.65
11534400,582.65
11538000,637.31
11541600,709.92
11545200,795.52
11548800,888.28
11552400,981.88
11556000,1069.94
11559600,1146.47
11563200,1206.23
11566800,1245.17
11570400,1260.63
11574000,1251.55
11577600,1218.55
11581200,1163.89
11584800,1091.28
11588400,1005.68
11592000,912.92
11595600,819.32
11599200,731.26
11602800,654.73
11606400,594.97
11610000,556.03
11613600,540.57
11617200,549.65
11620800,582.65
11624400,637.31
11628000,709.92
11631600,795.52
11635200,888.28
11638800,981.88
11642400,1069.94
11646000,1146.47
11649600,1206.23
11653200,1245.17
11656800,1260.63
11660400,1251.55
11664000,1218.55
11667600,1163.89
11671200,1091.28
11674800,1005.68
11678400,912.92
11682000,819.32
11685600,731.26
11689200,654.73
11692800,594.97
11696400,556.03
11700000,540.57
11703600,549.65
11707200,582.65
11710800,637.31
11714400,709.92
11718000,795.52
11721600,888.28
11725200,981.88
11728800,1069.94
11732400,1146.47
11736000,1206.23
11739600,1245.17
11743200,1260.63
11746800,1251.55
11750400,1218.55
11754000,1163.89
11757600,1091.28
11761200,1005.68
11764800,912.92
11768400,819.32
11772000,731.26
11775600,654.73
11779200,594.97
11782800,556.03
11786400,540.57
11790000,549.65
11793600,582.65
11797200,637.31
11800800,709.92
11804400,795.52
11808000,888.28
11811600,981.88
11815200,1069.94
11818800,1146.47
11822400,1206.23
11826000,1245.17
11829600,1260.63
11833200,1251.55
11836800,1218.55
11840400,1163.89
11844000,1091.28
11847600,1005.68
11851200,912.92
11854800,819.32
11858400,731.26
11862000,654.73
11865600,594.97
11869200,556.03
11872800,540.57
11876400,549.65
11880000,582.65
11883600,637.31
11887200,709.92
11890800,795.52
11894400,888.28
11898000,981.88
11901600,1069.94
11905200,1146.47
11908800,1206.23
11912400,1245.17
11916000,1260.63
11919600,1251.55
11923200,1218.55
11926800,1163.89
11930400,1091.28
11934000,1005.68
11937600,912.92
11941200,819.32
11944800,731.26
11948400,654.73
11952000,594.97
11955600,556.03
11959200,540.57
11962800,549.65
11966400,582.65
11970000,637.31
11973600,709.92
11977200,795.52
11980800,888.28
11984400,981.88
11988000,1069.94
11991600,1146.47
11995200,1206.23
11998800,1245.17
12002400,1260.63
12006000,1251.55
12009600,1218.55
12013200,1163.89
12016800,1091.28
12020400,1005.68
12024000,912.92
12027600,819.32
12031200,731.26
12034800,654.73
12038400,594.97
12042000,556.03
12045600,540.57
12049200,549.65
12052800,582.65
12056400,637.31
12060000,709.92
12063600,795.52
12067200,888.28
12070800,981.88
12074400,1069.94
12078000,1146.47
12081600,1206.23
12085200,1245.17
12088800,1260.63
12092400,1251.55
12096000,1218.55
12099600,1163.89
12103200,1091.28
12106800,1005.68
12110400,912.92
12114000,819.32
12117600,731.26
12121200,654.73
12124800,594.97
12128400,556.03
12132000,540.57
12135600,549.65
12139200,582.65
12142800,637.31
12146400,709.92
12150000,795.52
12153600,888.28
12157200,981.88
12160800,1069.94
12164400,1146.47
12168000,1206.23
12171600,1245.17
12175200,1260.63
12178800,1251.55
12182400,1218.55
12186000,1163.89
12189600,1091.28
12193200,1005.68
12196800,912.92
12200400,819.32
12204000,731.26
12207600,654.73
12211200,594.97
12214800,556.03
12218400,540.57
12222000,549.65
12225600,582.65
12229200,637.31
12232800,709.92
12236400,795.52
12240000,888.28
12243600,981.88
12247200,1069.94
12250800,1146.47
12254400,1206.23
12258000,1245.17
12261600,1260.63
12265200,1251.55
12268800,1218.55
12272400,1163.89
12276000,1091.28
12279600,1005.68
12283200,912.92
12286800,819.32
12290400,731.26
12294000,654.73
12297600,594.97
12301200,556.03
12304800,540.57
12308400,549.65
12312000,582.65
12315600,637.31
12319200,709.92
12322800,795.52
12326400,888.28
12330000,981.88
12333600,1069.94
12337200,1146.47
12340800,1206.23
12344400,1245.17
12348000,1260.63
12351600,1251.55
12355200,1218.55
12358800,1163.89
12362400,1091.28
12366000,1005.68
12369600,912.92
12373200,819.32
12376800,731.26
12380400,654.73
12384000,594.97
12387600,556.03
12391200,540.57
12394800,549.65
12398400,582.65
12402000,637.31
12405600,709.92
12409200,795.52
12412800,888.28
12416400,981.88
12420000,1069.94
12423600,1146.47
12427200,1206.23
12430800,1245.17
12434400,1260.63
12438000,1251.55
12441600,1218.55
12445200,1163.89
12448800,1091.28
12452400,1005.68
12456000,912.92
12459600,819.32
12463200,731.26
12466800,654.73
12470400,594.97
12474000,556.03
12477600,540.57
12481200,549.65
12484800,582.65
12488400,637.31
12492000,709.92
12495600,795.52
12499200,888.28
12502800,981.88
12506400,1069.94
12510000,1146.47
12513600,1206.23
12517200,1245.17
12520800,1260.63
12524400,1251.55
12528000,1218.55
12531600,1163.89
12535200,1091.28
12538800,1005.68
12542400,912.92
12546000,819.32
12549600,731.26
12553200,654.73
12556800,594.97
12560400,556.03
12564000,540.57
12567600,549.65
12571200,582.65
12574800,637.31
12578400,709.92
12582000,795.52
12585600,888.28
12589200,981.88
12592800,1069.94
12596400,1146.47
12600000,1206.23
12603600,1245.17
12607200,1260.63
12610800,1251.55
12614400,1218.55
12618000,1163.89
12621600,1091.28
12625200,1005.68
12628800,912.92
12632400,819.32
12636000,731.26
12639600,654.73
12643200,594.97
12646800,556.03
12650400,540.57
12654000,549.65
12657600,582.65
12661200,637.31
12664800,709.92
12668400,795.52
12672000,888.28
12675600,981.88
12679200,1069.94
12682800,1146.47
12686400,1206.23
12690000,1245.17
12693600,1260.63
12697200,1251.55
12700800,1218.55
12704400,1163.89
12708000,1091.28
12711600,1005.68
12715200,912.92
12718800,819.32
12722400,731.26
12726000,654.73
12729600,594.97
12733200,556.03
12736800,540.57
12740400,549.65
12744000,582.65
12747600,637.31
12751200,709.92
12754800,795.52
12758400,888.28
12762000,981.88
12765600,1069.94
12769200,1146.47
12772800,1206.23
12776400,1245.17
12780000,1260.63
12783600,1251.55
12787200,1218.55
12790800,1163.89
12794400,1091.28
12798000,1005.68
12801600,912.92
12805200,819.32
12808800,731.26
12812400,654.73
12816000,594.97
12819600,556.03
12823200,540.57
12826800,549.65
12830400,582.65
12834000,637.31
12837600,709.92
12841200,795.52
12844800,888.28
12848400,981.88
12852000,1069.94
12855600,1146.47
12859200,1206.23
12862800,1245.17
12866400,1260.63
12870000,1251.55
12873600,1218.55
12877200,1163.89
12880800,1091.28
12884400,1005.68
12888000,912.92
12891600,819.32
12895200,731.26
12898800,654.73
12902400,594.97
12906000,556.03
12909600,540.57
12913200,549.65
12916800,582.65
12920400,637.31
12924000,709.92
12927600,795.52
12931200,888.28
12934800,981.88
12938400,1069.94
12942000,1146.47
12945600,1206.23
12949200,1245.17
12952800,1260.63
12956400,1251.55
12960000,1218.55
12963600,1163.89
12967200,1091.28
12970800,1005.68
12974400,912.92
12978000,819.32
12981600,731.26
12985200,654.73
12988800,594.97
12992400,556.03
12996000,540.57
12999600,549.65
13003200,582.65
13006800,637.31
13010400,709.92
13014000,795.52
13017600,888.28
13021200,981.88
13024800,1069.94
13028400,1146.47
13032000,1206.23
13035600,1245.17
13039200,1260.63
13042800,1251.55
13046400,1218.55
13050000,1163.89
13053600,1091.28
13057200,1005.68
13060800,912.92
13064400,819.32
13068000,731.26
13071600,654.73
13075200,594.97
13078800,556.03
13082400,540.57
13086000,549.65
13089600,582.65
13093200,637.31
13096800,709.92
13100400,795.52
13104000,888.28
13107600,981.88
13111200,1069.94
13114800,1146.47
13118400,1206.23
13122000,1245.17
13125600,1260.63
13129200,1251.55
13132800,1218.55
13136400,1163.89
13140000,1091.28
13143600,1005.68
13147200,912.92
13150800,819.32
13154400,731.26
13158000,654.73
13161600,594.97
13165200,556.03
13168800,540.57
13172400,549.65
13176000,582.65
13179600,637.31
13183200,709.92
13186800,795.52
13190400,888.28
13194000,981.88
13197600,1069.94
13201200,1146.47
13204800,1206.23
13208400,1245.17
13212000,1260.63
13215600,1251.55
13219200,1218.55
13222800,1163.89
13226400,1091.28
13230000,1005.68
13233600,912.92
13237200,819.32
13240800,731.26
13244400,654.73
13248000,594.97
13251600,556.03
13255200,540.57
13258800,549.65
13262400,582.65
13266000,637.31
13269600,709.92
13273200,795.52
13276800,888.28
13280400,981.88
13284000,1069.94
13287600,1146.47
13291200,1206.23
13294800,1245.17
13298400,1260.63
13302000,1251.55
13305600,1218.55
13309200,1163.89
13312800,1091.28
13316400,1005.68
13320000,912.92
13323600,819.32
13327200,731.26
13330800,654.73
13334400,594.97
13338000,556.03
13341600,540.57
13345200,549.65
13348800,582.65
13352400,637.31
13356000,709.92
13359600,795.52
13363200,888.28
13366800,981.88
13370400,1069.94
13374000,1146.47
13377600,1206.23
13381200,1245.17
13384800,1260.63
13388400,1251.55
13392000,1218.55
13395600,1163.89
13399200,1091.28
13402800,1005.68
13406400,912.92
13410000,819.32
13413600,731.26
13417200,654.73
13420800,594.97
13424400,556.03
13428000,540.57
13431600,549.65
13435200,582.65
13438800,637.31
13442400,709.92
13446000,795.52
13449600,888.28
13453200,981.88
13456800,1069.94
13460400,1146.47
13464000,1206.23
13467600,1245.17
13471200,1260.63
13474800,1251.55
13478400,1218.55
13482000,1163.89
13485600,1091.28
13489200,1005.68
13492800,912.92
13496400,819.32
13500000,731.26
13503600,654.73
13507200,594.97
13510800,556.03
13514400,540.57
13518000,549.65
13521600,582.65
13525200,637.31
13528800,709.92
13532400,795.52
13536000,888.28
13539600,981.88
13543200,1069.94
13546800,1146.47
13550400,1206.23
13554000,1245.17
13557600,1260.63
13561200,1251.55
13564800,1218.55
13568400,1163.89
13572000,1091.28
13575600,1005.68
13579200,912.92
13582800,819.32
13586400,731.26
13590000,654.73
13593600,594.97
13597200,556.03
13600800,540.57
13604400,549.65
13608000,582.65
13611600,637.31
13615200,709.92
13618800,795.52
13622400,888.28
13626000,981.88
13629600,1069.94
13633200,1146.47
13636800,1206.23
13640400,1245.17
13644000,1260.63
13647600,1251.55
13651200,1218.55
13654800,1163.89
13658400,1091.28
13662000,1005.68
13665600,912.92
13669200,819.32
13672800,731.26
13676400,654.73
13680000,594.97
13683600,556.03
13687200,540.57
13690800,549.65
13694400,582.65
13698000,637.31
13701600,709.92
13705200,795.52
13708800,888.28
13712400,981.88
13716000,1069.94
13719600,1146.47
13723200,1206.23
13726800,1245.17
13730400,1260.63
13734000,1251.55
13737600,1218.55
13741200,1163.89
13744800,1091.28
13748400,1005.68
13752000,912.92
13755600,819.32
13759200,731.26
13762800,654.73
13766400,594.97
13770000,556.03
13773600,540.57
13777200,549.65
13780800,582.65
13784400,637.31
13788000,709.92
13791600,795.52
13795200,888.28
13798800,981.88
13802400,1069.94
13806000,1146.47
13809600,1206.23
13813200,1245.17
13816800,1260.63
13820400,1251.55
13824000,1218.55
13827600,1163.89
13831200,1091.28
13834800,1005.68
13838400,912.92
13842000,819.32
13845600,731.26
13849200,654.73
13852800,594.97
13856400,556.03
13860000,540.57
13863600,549.65
13867200,582.65
13870800,637.31
13874400,709.92
13878000,795.52
13881600,888.28
13885200,981.88
13888800,1069.94
13892400,1146.47
13896000,1206.23
13899600,1245.17
13903200,1260.63
13906800,1251.55
13910400,1218.55
13914000,1163.89
13917600,1091.28
13921200,1005.68
13924800,912.92
13928400,819.32
13932000,731.26
13935600,654.73
13939200,594.97
13942800,556.03
13946400,540.57
13950000,549.65
13953600,582.65
13957200,637.31
13960800,709.92
13964400,795.52
13968000,888.28
13971600,981.88
13975200,1069.94
13978800,1146.47
13982400,1206.23
13986000,1245.17
13989600,1260.63
13993200,1251.55
13996800,1218.55
14000400,1163.89
14004000,1091.28
14007600,1005.68
14011200,912.92
14014800,819.32
14018400,731.26
14022000,654.73
14025600,594.97
14029200,556.03
14032800,540.57
14036400,549.65
14040000,582.65
14043600,637.31
14047200,709.92
14050800,795.52
14054400,888.28
14058000,981.88
14061600,1069.94
14065200,1146.47
14068800,1206.23
14072400,1245.17
14076000,1260.63
14079600,1251.55
14083200,1218.55
14086800,1163.89
14090400,1091.28
14094000,1005.68
14097600,912.92
14101200,819.32
14104800,731.26
14108400,654.73
14112000,594.97
14115600,556.03
14119200,540.57
14122800,549.65
14126400,582.65
14130000,637.31
14133600,709.92
14137200,795.52
14140800,888.28
14144400,981.88
14148000,1069.94
14151600,1146.47
14155200,1206.23
14158800,1245.17
14162400,1260.63
14166000,1251.55
14169600,1218.55
14173200,1163.89
14176800,1091.28
14180400,1005.68
14184000,912.92
14187600,819.32
14191200,731.26
14194800,654.73
14198400,594.97
14202000,556.03
14205600,540.57
14209200,549.65
14212800,582.65
14216400,637.31
14220000,709.92
14223600,795.52
14227200,888.28
14230800,981.88
14234400,1069.94
14238000,1146.47
14241600,1206.23
14245200,1245.17
14248800,1260.63
14252400,1251.55
14256000,1218.55
14259600,1163.89
14263200,1091.28
14266800,1005.68
14270400,912.92
14274000,819.32
14277600,731.26
14281200,654.73
14284800,594.97
14288400,556.03
14292000,540.57
14295600,549.65
14299200,582.65
14302800,637.31
14306400,709.92
14310000,795.52
14313600,888.28
14317200,981.88
14320800,1069.94
14324400,1146.47
14328000,1206.23
14331600,1245.17
14335200,1260.63
14338800,1251.55
14342400,1218.55
14346000,1163.89
14349600,1091.28
14353200,1005.68
14356800,912.92
14360400,819.32
14364000,731.26
14367600,654.73
14371200,594.97
14374800,556.03
14378400,540.57
14382000,549.65
14385600,582.65
14389200,637.31
14392800,709.92
14396400,795.52
14400000,888.28
14403600,981.88
14407200,1069.94
14410800,1146.47
14414400,1206.23
14418000,1245.17
14421600,1260.63
14425200,1251.55
14428800,1218.55
14432400,1163.89
14436000,1091.28
14439600,1005.68
14443200,912.92
14446800,819.32
14450400,731.26
14454000,654.73
14457600,594.97
14461200,556.03
14464800,540.57
14468400,549.65
14472000,582.65
14475600,637.31
14479200,709.92
14482800,795.52
14486400,888.28
14490000,981.88
14493600,1069.94
14497200,1146.47
14500800,1206.23
14504400,1245.17
14508000,1260.63
14511600,1251.55
14515200,1218.55
14518800,1163.89
14522400,1091.28
14526000,1005.68
14529600,912.92
14533200,819.32
14536800,731.26
14540400,654.73
14544000,594.97
14547600,556.03
14551200,540.57
14554800,549.65
14558400,582.65
14562000,637.31
14565600,709.92
14569200,795.52
14572800,888.28
14576400,981.88
14580000,1069.94
14583600,1146.47
14587200,1206.23
14590800,1245.17
14594400,1260.63
14598000,1251.55
14601600,1218.55
14605200,1163.89
14608800,1091.28
14612400,1005.68
14616000,912.92
14619600,819.32
14623200,731.26
14626800,654.73
14630400,594.97
14634000,556.03
14637600,540.57
14641200,549.65
14644800,582.65
14648400,637.31
14652000,709.92
14655600,795.52
14659200,888.28
14662800,981.88
14666400,1069.94
14670000,1146.47
14673600,1206.23
14677200,1245.17
14680800,1260.63
14684400,1251.55
14688000,1218.55
14691600,1163.89
14695200,1091.28
14698800,1005.68
14702400,912.92
14706000,819.32
14709600,731.26
14713200,654.73
14716800,594.97
14720400,556.03
14724000,540.57
14727600,549.65
14731200,582.65
14734800,637.31
14738400,709.92
14742000,795.52
14745600,888.28
14749200,981.88
14752800,1069.94
14756400,1146.47
14760000,1206.23
14763600,1245.17
14767200,1260.63
14770800,1251.55
14774400,1218.55
14778000,1163.89
14781600,1091.28
14785200,1005.68
14788800,912.92
14792400,819.32
14796000,731.26
14799600,654.73
14803200,594.97
14806800,556.03
14810400,540.57
14814000,549.65
14817600,582.65
14821200,637.31
14824800,709.92
14828400,795.52
14832000,888.28
14835600,981.88
14839200,1069.94
14842800,1146.47
14846400,1206.23
14850000,1245.17
14853600,1260.63
14857200,1251.55
14860800,1218.55
14864400,1163.89
14868000,1091.28
14871600,1005.68
14875200,912.92
14878800,819.32
14882400,731.26
14886000,654.73
14889600,594.97
14893200,556.03
14896800,540.57
14900400,549.65
14904000,582.65
14907600,637.31
14911200,709.92
14914800,795.52
14918400,888.28
14922000,981.88
14925600,1069.94
14929200,1146.47
14932800,1206.23
14936400,1245.17
14940000,1260.63
14943600,1251.55
14947200,1218.55
14950800,1163.89
14954400,1091.28
14958000,1005.68
14961600,912.92
14965200,819.32
14968800,731.26
14972400,654.73
14976000,594.97
14979600,556.03
14983200,540.57
14986800,549.65
14990400,582.65
14994000,637.31
14997600,709.92
15001200,795.52
15004800,888.28
15008400,981.88
15012000,1069.94
15015600,1146.47
15019200,1206.23
15022800,1245.17
15026400,1260.63
15030000,1251.55
15033600,1218.55
15037200,1163.89
15040800,1091.28
15044400,1005.68
15048000,912.92
15051600,819.32
15055200,731.26
15058800,654.73
15062400,594.97
15066000,556.03
15069600,540.57
15073200,549.65
15076800,582.65
15080400,637.31
15084000,709.92
15087600,795.52
15091200,888.28
15094800,981.88
15098400,1069.94
15102000,1146.47
15105600,1206.23
15109200,1245.17
15112800,1260.63
15116400,1251.55
15120000,1218.55
15123600,1163.89
15127200,1091.28
15130800,1005.68
15134400,912.92
15138000,819.32
15141600,731.26
15145200,654.73
15148800,594.97
15152400,556.03
15156000,540.57
15159600,549.65
15163200,582.65
15166800,637.31
15170400,709.92
15174000,795.52
15177600,888.28
15181200,981.88
15184800,1069.94
15188400,1146.47
15192000,1206.23
15195600,1245.17
15199200,1260.63
15202800,1251.55
15206400,1218.55
15210000,1163.89
15213600,1091.28
15217200,1005.68
15220800,912.92
15224400,819.32
15228000,731.26
15231600,654.73
15235200,594.97
15238800,556.03
15242400,540.57
15246000,549.65
15249600,582.65
15253200,637.31
15256800,709.92
15260400,795.52
15264000,888.28
15267600,981.88
15271200,1069.94
15274800,1146.47
15278400,1206.23
15282000,1245.17
15285600,1260.63
15289200,1251.55
15292800,1218.55
15296400,1163.89
15300000,1091.28
15303600,1005.68
15307200,912.92
15310800,819.32
15314400,731.26
15318000,654.73
15321600,594.97
15325200,556.03
15328800,540.57
15332400,549.65
15336000,582.65
15339600,637.31
15343200,709.92
15346800,795.52
15350400,888.28
15354000,981.88
15357600,1069.94
15361200,1146.47
15364800,1206.23
15368400,1245.17
15372000,1260.63
15375600,1251.55
15379200,1218.55
15382800,1163.89
15386400,1091.28
15390000,1005.68
15393600,912.92
15397200,819.32
15400800,731.26
15404400,654.73
15408000,594.97
15411600,556.03
15415200,540.57
15418800,549.65
15422400,582.65
15426000,637.31
15429600,709.92
15433200,795.52
15436800,888.28
15440400,981.88
15444000,1069.94
15447600,1146.47
15451200,1206.23
15454800,1245.17
15458400,1260.63
15462000,1251.55
15465600,1218.55
15469200,1163.89
15472800,1091.28
15476400,1005.68
15480000,912.92
15483600,819.32
15487200,731.26
15490800,654.73
15494400,594.97
15498000,556.03
15501600,540.57
15505200,549.65
15508800,582.65
15512400,637.31
15516000,709.92
15519600,795.52
15523200,888.28
15526800,981.88
15530400,1069.94
15534000,1146.47
15537600,1206.23
15541200,1245.17
15544800,1260.63
15548400,1251.55
15552000,1218.55
15555600,1163.89
15559200,1091.28
15562800,1005.68
15566400,912.92
15570000,819.32
15573600,731.26
15577200,654.73
15580800,594.97
15584400,556.03
15588000,540.57
15591600,549.65
15595200,582.65
15598800,637.31
15602400,709.92
15606000,795.52
15609600,888.28
15613200,981.88
15616800,1069.94
15620400,1146.47
15624000,1206.23
15627600,1245.17
15631200,1260.63
15634800,1251.55
15638400,1218.55
15642000,1163.89
15645600,1091.28
15649200,1005.68
15652800,912.92
15656400,819.32
15660000,731.26
15663600,654.73
15667200,594.97
15670800,556.03
15674400,540.57
15678000,549.65
15681600,582.65
15685200,637.31
15688800,709.92
15692400,795.52
15696000,888.28
15699600,981.88
15703200,1069.94
15706800,1146.47
15710400,1206.23
15714000,1245.17
15717600,1260.63
15721200,1251.55
15724800,1218.55
15728400,1163.89
15732000,1091.28
15735600,1005.68
15739200,912.92
15742800,819.32
15746400,731.26
15750000,654.73
15753600,594.97
15757200,556.03
15760800,540.57
15764400,549.65
15768000,582.65
15771600,637.31
15775200,709.92
15778800,795.52
15782400,888.28
15786000,981.88
15789600,1069.94
15793200,1146.47
15796800,1206.23
15800400,1245.17
15804000,1260.63
15807600,1251.55
15811200,1218.55
15814800,1163.89
15818400,1091.28
15822000,1005.68
15825600,912.92
15829200,819.32
15832800,731.26
15836400,654.73
15840000,594.97
15843600,556.03
15847200,540.57
15850800,549.65
15854400,582.65
15858000,637.31
15861600,709.92
15865200,795.52
15868800,888.28
15872400,981.88
15876000,1069.94
15879600,1146.47
15883200,1206.23
15886800,1245.17
15890400,1260.63
15894000,1251.55
15897600,1218.55
15901200,1163.89
15904800,1091.28
15908400,1005.68
15912000,912.92
15915600,819.32
15919200,731.26
15922800,654.73
15926400,594.97
15930000,556.03
15933600,540.57
15937200,549.65
15940800,582.65
15944400,637.31
15948000,709.92
15951600,795.52
15955200,888.28
15958800,981.88
15962400,1069.94
15966000,1146.47
15969600,1206.23
15973200,1245.17
15976800,1260.63
15980400,1251.55
15984000,1218.55
15987600,1163.89
15991200,1091.28
15994800,1005.68
15998400,912.92
16002000,819.32
16005600,731.26
16009200,654.73
16012800,594.97
16016400,556.03
16020000,540.57
16023600,549.65
16027200,582.65
16030800,637.31
16034400,709.92
16038000,795.52
16041600,888.28
16045200,981.88
16048800,1069.94
16052400,1146.47
16056000,1206.23
16059600,1245.17
16063200,1260.63
16066800,1251.55
16070400,1218.55
16074000,1163.89
16077600,1091.28
16081200,1005.68
16084800,912.92
16088400,819.32
16092000,731.26
16095600,654.73
16099200,594.97
16102800,556.03
16106400,540.57
16110000,549.65
16113600,582.65
16117200,637.31
16120800,709.92
16124400,795.52
16128000,888.28
16131600,981.88
16135200,1069.94
16138800,1146.47
16142400,1206.23
16146000,1245.17
16149600,1260.63
16153200,1251.55
16156800,1218.55
16160400,1163.89
16164000,1091.28
16167600,1005.68
16171200,912.92
16174800,819.32
16178400,731.26
16182000,654.73
16185600,594.97
16189200,556.03
16192800,540.57
16196400,549.65
16200000,582.65
16203600,637.31
16207200,709.92
16210800,795.52
16214400,888.28
16218000,981.88
16221600,1069.94
16225200,1146.47
16228800,1206.23
16232400,1245.17
16236000,1260.63
16239600,1251.55
16243200,1218.55
16246800,1163.89
16250400,1091.28
16254000,1005.68
16257600,912.92
16261200,819.32
16264800,731.26
16268400,654.73
16272000,594.97
16275600,556.03
16279200,540.57
16282800,549.65
16286400,582.65
16290000,637.31
16293600,709.92
16297200,795.52
16300800,888.28
16304400,981.88
16308000,1069.94
16311600,1146.47
16315200,1206.23
16318800,1245.17
16322400,1260.63
16326000,1251.55
16329600,1218.55
16333200,1163.89
16336800,1091.28
16340400,1005.68
16344000,912.92
16347600,819.32
16351200,731.26
16354800,654.73
16358400,594.97
16362000,556.03
16365600,540.57
16369200,549.65
16372800,582.65
16376400,637.31
16380000,709.92
16383600,795.52
16387200,888.28
16390800,981.88
16394400,1069.94
16398000,1146.47
16401600,1206.23
16405200,1245.17
16408800,1260.63
16412400,1251.55
16416000,1218.55
16419600,1163.89
16423200,1091.28
16426800,1005.68
16430400,912.92
16434000,819.32
16437600,731.26
16441200,654.73
16444800,594.97
16448400,556.03
16452000,540.57
16455600,549.65
16459200,582.65
16462800,637.31
16466400,709.92
16470000,795.52
16473600,888.28
16477200,981.88
16480800,1069.94
16484400,1146.47
16488000,1206.23
16491600,1245.17
16495200,1260.63
16498800,1251.55
16502400,1218.55
16506000,1163.89
16509600,1091.28
16513200,1005.68
16516800,912.92
16520400,819.32
16524000,731.26
16527600,654.73
16531200,594.97
16534800,556.03
16538400,540.57
16542000,549.65
16545600,582.65
16549200,637.31
16552800,709.92
16556400,795.52
16560000,888.28
16563600,981.88
16567200,1069.94
16570800,1146.47
16574400,1206.23
16578000,1245.17
16581600,1260.63
16585200,1251.55
16588800,1218.55
16592400,1163.89
16596000,1091.28
16599600,1005.68
16603200,912.92
16606800,819.32
16610400,731.26
16614000,654.73
16617600,594.97
16621200,556.03
16624800,540.57
16628400,549.65
16632000,582.65
16635600,637.31
16639200,709.92
16642800,795.52
16646400,888.28
16650000,981.88
16653600,1069.94
16657200,1146.47
16660800,1206.23
16664400,1245.17
16668000,1260.63
16671600,1251.55
16675200,1218.55
16678800,1163.89
16682400,1091.28
16686000,1005.68
16689600,912.92
16693200,819.32
16696800,731.26
16700400,654.73
16704000,594.97
16707600,556.03
16711200,540.57
16714800,549.65
16718400,582.65
16722000,637.31
16725600,709.92
16729200,795.52
16732800,888.28
16736400,981.88
16740000,1069.94
16743600,1146.47
16747200,1206.23
16750800,1245.17
16754400,1260.63
16758000,1251.55
16761600,1218.55
16765200,1163.89
16768800,1091.28
16772400,1005.68
16776000,912.92
16779600,819.32
16783200,731.26
16786800,654.73
16790400,594.97
16794000,556.03
16797600,540.57
16801200,549.65
16804800,582.65
16808400,637.31
16812000,709.92
16815600,795.52
16819200,888.28
16822800,981.88
16826400,1069.94
16830000,1146.47
16833600,1206.23
16837200,1245.17
16840800,1260.63
16844400,1251.55
16848000,1218.55
16851600,1163.89
16855200,1091.28
16858800,1005.68
16862400,912.92
16866000,819.32
16869600,731.26
16873200,654.73
16876800,594.97
16880400,556.03
16884000,540.57
16887600,549.65
16891200,582.65
16894800,637.31
16898400,709.92
16902000,795.52
16905600,888.28
16909200,981.88
16912800,1069.94
16916400,1146.47
16920000,1206.23
16923600,1245.17
16927200,1260.63
16930800,1251.55
16934400,1218.55
16938000,1163.89
16941600,1091.28
16945200,1005.68
16948800,912.92
16952400,819.32
16956000,731.26
16959600,654.73
16963200,594.97
16966800,556.03
16970400,540.57
16974000,549.65
16977600,582.65
16981200,637.31
16984800,709.92
16988400,795.52
16992000,888.28
16995600,981.88
16999200,1069.94
17002800,1146.47
17006400,1206.23
17010000,1245.17
17013600,1260.63
17017200,1251.55
17020800,1218.55
17024400,1163.89
17028000,1091.28
17031600,1005.68
17035200,912.92
17038800,819.32
17042400,731.26
17046000,654.73
17049600,594.97
17053200,556.03
17056800,540.57
17060400,549.65
17064000,582.65
17067600,637.31
17071200,709.92
17074800,795.52
17078400,888.28
17082000,981.88
17085600,1069.94
17089200,1146.47
17092800,1206.23
17096400,1245.17
17100000,1260.63
17103600,1251.55
17107200,1218.55
17110800,1163.89
17114400,1091.28
17118000,1005.68
17121600,912.92
17125200,819.32
17128800,731.26
17132400,654.73
17136000,594.97
17139600,556.03
17143200,540.57
17146800,549.65
17150400,582.65
17154000,637.31
17157600,709.92
17161200,795.52
17164800,888.28
17168400,981.88
17172000,1069.94
17175600,1146.47
17179200,1206.23
17182800,1245.17
17186400,1260.63
17190000,1251.55
17193600,1218.55
17197200,1163.89
17200800,1091.28
17204400,1005.68
17208000,912.92
17211600,819.32
17215200,731.26
17218800,654.73
17222400,594.97
17226000,556.03
17229600,540.57
17233200,549.65
17236800,582.65
17240400,637.31
17244000,709.92
17247600,795.52
17251200,888.28
17254800,981.88
17258400,1069.94
17262000,1146.47
17265600,1206.23
17269200,1245.17
17272800,1260.63
17276400,1251.55
17280000,1218.55
17283600,1163.89
17287200,1091.28
17290800,1005.68
17294400,912.92
17298000,819.32
17301600,731.26
17305200,654.73
17308800,594.97
17312400,556.03
17316000,540.57
17319600,549.65
17323200,582.65
17326800,637.31
17330400,709.92
17334000,795.52
17337600,888.28
17341200,981.88
17344800,1069.94
17348400,1146.47
17352000,1206.23
17355600,1245.17
17359200,1260.63
17362800,1251.55
17366400,1218.55
17370000,1163.89
17373600,1091.28
17377200,1005.68
17380800,912.92
17384400,819.32
17388000,731.26
17391600,654.73
17395200,594.97
17398800,556.03
17402400,540.57
17406000,549.65
17409600,582.65
17413200,637.31
17416800,709.92
17420400,795.52
17424000,888.28
17427600,981.88
17431200,1069.94
17434800,1146.47
17438400,1206.23
17442000,1245.17
17445600,1260.63
17449200,1251.55
17452800,1218.55
17456400,1163.89
17460000,1091.28
17463600,1005.68
17467200,912.92
17470800,819.32
17474400,731.26
17478000,654.73
17481600,594.97
17485200,556.03
17488800,540.57
17492400,549.65
17496000,582.65
17499600,637.31
17503200,709.92
17506800,795.52
17510400,888.28
17514000,981.88
17517600,1069.94
17521200,1146.47
17524800,1206.23
17528400,1245.17
17532000,1260.63
17535600,1251.55
17539200,1218.55
17542800,1163.89
17546400,1091.28
17550000,1005.68
17553600,912.92
17557200,819.32
17560800,731.26
17564400,654.73
17568000,594.97
17571600,556.03
17575200,540.57
17578800,549.65
17582400,582.65
17586000,637.31
17589600,709.92
17593200,795.52
17596800,888.28
17600400,981.88
17604000,1069.94
17607600,1146.47
17611200,1206.23
17614800,1245.17
17618400,1260.63
17622000,1251.55
17625600,1218.55
17629200,1163.89
17632800,1091.28
17636400,1005.68
17640000,912.92
17643600,819.32
17647200,731.26
17650800,654.73
17654400,594.97
17658000,556.03
17661600,540.57
17665200,549.65
17668800,582.65
17672400,637.31
17676000,709.92
17679600,795.52
17683200,888.28
17686800,981.88
17690400,1069.94
17694000,1146.47
17697600,1206.23
17701200,1245.17
17704800,1260.63
17708400,1251.55
17712000,1218.55
17715600,1163.89
17719200,1091.28
17722800,1005.68
17726400,912.92
17730000,819.32
17733600,731.26
17737200,654.73
17740800,594.97
17744400,556.03
17748000,540.57
17751600,549.65
17755200,582.65
17758800,637.31
17762400,709.92
17766000,795.52
17769600,888.28
17773200,981.88
17776800,1069.94
17780400,1146.47
17784000,1206.23
17787600,1245.17
17791200,1260.63
17794800,1251.55
17798400,1218.55
17802000,1163.89
17805600,1091.28
17809200,1005.68
17812800,912.92
17816400,819.32
17820000,731.26
17823600,654.73
17827200,594.97
17830800,556.03
17834400,540.57
17838000,549.65
17841600,582.65
17845200,637.31
17848800,709.92
17852400,795.52
17856000,888.28
17859600,981.88
17863200,1069.94
17866800,1146.47
17870400,1206.23
17874000,1245.17
17877600,1260.63
17881200,1251.55
17884800,1218.55
17888400,1163.89
17892000,1091.28
17895600,1005.68
17899200,912.92
17902800,819.32
17906400,731.26
17910000,654.73
17913600,594.97
17917200,556.03
17920800,540.57
17924400,549.65
17928000,582.65
17931600,637.31
17935200,709.92
17938800,795.52
17942400,888.28
17946000,981.88
17949600,1069.94
17953200,1146.47
17956800,1206.23
17960400,1245.17
17964000,1260.63
17967600,1251.55
17971200,1218.55
17974800,1163.89
17978400,1091.28
17982000,1005.68
17985600,912.92
17989200,819.32
17992800,731.26
17996400,654.73
18000000,594.97
18003600,556.03
18007200,540.57
18010800,549.65
18014400,582.65
18018000,637.31
18021600,709.92
18025200,795.52
18028800,888.28
18032400,981.88
18036000,1069.94
18039600,1146.47
18043200,1206.23
18046800,1245.17
18050400,1260.63
18054000,1251.55
18057600,1218.55
18061200,1163.89
18064800,1091.28
18068400,1005.68
18072000,912.92
18075600,819.32
18079200,731.26
18082800,654.73
18086400,594.97
18090000,556.03
18093600,540.57
18097200,549.65
18100800,582.65
18104400,637.31
18108000,709.92
18111600,795.52
18115200,888.28
18118800,981.88
18122400,1069.94
18126000,1146.47
18129600,1206.23
18133200,1245.17
18136800,1260.63
18140400,1251.55
18144000,1218.55
18147600,1163.89
18151200,1091.28
18154800,1005.68
18158400,912.92
18162000,819.32
18165600,731.26
18169200,654.73
18172800,594.97
18176400,556.03
18180000,540.57
18183600,549.65
18187200,582.65
18190800,637.31
18194400,709.92
18198000,795.52
18201600,888.28
18205200,981.88
18208800,1069.94
18212400,1146.47
18216000,1206.23
18219600,1245.17
18223200,1260.63
18226800,1251.55
18230400,1218.55
18234000,1163.89
18237600,1091.28
18241200,1005.68
18244800,912.92
18248400,819.32
18252000,731.26
18255600,654.73
18259200,594.97
18262800,556.03
18266400,540.57
18270000,549.65
18273600,582.65
18277200,637.31
18280800,709.92
18284400,795.52
18288000,888.28
18291600,981.88
18295200,1069.94
18298800,1146.47
18302400,1206.23
18306000,1245.17
18309600,1260.63
18313200,1251.55
18316800,1218.55
18320400,1163.89
18324000,1091.28
18327600,1005.68
18331200,912.92
18334800,819.32
18338400,731.26
18342000,654.73
18345600,594.97
18349200,556.03
18352800,540.57
18356400,549.65
18360000,582.65
18363600,637.31
18367200,709.92
18370800,795.52
18374400,888.28
18378000,981.88
18381600,1069.94
18385200,1146.47
18388800,1206.23
18392400,1245.17
18396000,1260.63
18399600,1251.55
18403200,1218.55
18406800,1163.89
18410400,1091.28
18414000,1005.68
18417600,912.92
18421200,819.32
18424800,731.26
18428400,654.73
18432000,594.97
18435600,556.03
18439200,540.57
18442800,549.65
18446400,582.65
18450000,637.31
18453600,709.92
18457200,795.52
18460800,888.28
18464400,981.88
18468000,1069.94
18471600,1146.47
18475200,1206.23
18478800,1245.17
18482400,1260.63
18486000,1251.55
18489600,1218.55
18493200,1163.89
18496800,1091.28
18500400,1005.68
18504000,912.92
18507600,819.32
18511200,731.26
18514800,654.73
18518400,594.97
18522000,556.03
18525600,540.57
18529200,549.65
18532800,582.65
18536400,637.31
18540000,709.92
18543600,795.52
18547200,888.28
18550800,981.88
18554400,1069.94
18558000,1146.47
18561600,1206.23
18565200,1245.17
18568800,1260.63
18572400,1251.55
18576000,1218.55
18579600,1163.89
18583200,1091.28
18586800,1005.68
18590400,912.92
18594000,819.32
18597600,731.26
18601200,654.73
18604800,594.97
18608400,556.03
18612000,540.57
18615600,549.65
18619200,582.65
18622800,637.31
18626400,709.92
18630000,795.52
18633600,888.28
18637200,981.88
18640800,1069.94
18644400,1146.47
18648000,1206.23
18651600,1245.17
18655200,1260.63
18658800,1251.55
18662400,1218.55
18666000,1163.89
18669600,1091.28
18673200,1005.68
18676800,912.92
18680400,819.32
18684000,731.26
18687600,654.73
18691200,594.97
18694800,556.03
18698400,540.57
18702000,549.65
18705600,582.65
18709200,637.31
18712800,709.92
18716400,795.52
18720000,888.28
18723600,981.88
18727200,1069.94
18730800,1146.47
18734400,1206.23
18738000,1245.17
18741600,1260.63
18745200,1251.55
18748800,1218.55
18752400,1163.89
18756000,1091.28
18759600,1005.68
18763200,912.92
18766800,819.32
18770400,731.26
18774000,654.73
18777600,594.97
18781200,556.03
18784800,540.57
18788400,549.65
18792000,582.65
18795600,637.31
18799200,709.92
18802800,795.52
18806400,888.28
18810000,981.88
18813600,1069.94
18817200,1146.47
18820800,1206.23
18824400,1245.17
18828000,1260.63
18831600,1251.55
18835200,1218.55
18838800,1163.89
18842400,1091.28
18846000,1005.68
18849600,912.92
18853200,819.32
18856800,731.26
18860400,654.73
18864000,594.97
18867600,556.03
18871200,540.57
18874800,549.65
18878400,582.65
18882000,637.31
18885600,709.92
18889200,795.52
18892800,888.28
18896400,981.88
18900000,1069.94
18903600,1146.47
18907200,1206.23
18910800,1245.17
18914400,1260.63
18918000,1251.55
18921600,1218.55
18925200,1163.89
18928800,1091.28
18932400,1005.68
18936000,912.92
18939600,819.32
18943200,731.26
18946800,654.73
18950400,594.97
18954000,556.03
18957600,540.57
18961200,549.65
18964800,582.65
18968400,637.31
18972000,709.92
18975600,795.52
18979200,888.28
18982800,981.88
18986400,1069.94
18990000,1146.47
18993600,1206.23
18997200,1245.17
19000800,1260.63
19004400,1251.55
19008000,1218.55
19011600,1163.89
19015200,1091.28
19018800,1005.68
19022400,912.92
19026000,819.32
19029600,731.26
19033200,654.73
19036800,594.97
19040400,556.03
19044000,540.57
19047600,549.65
19051200,582.65
19054800,637.31
19058400,709.92
19062000,795.52
19065600,888.28
19069200,981.88
19072800,1069.94
19076400,1146.47
19080000,1206.23
19083600,1245.17
19087200,1260.63
19090800,1251.55
19094400,1218.55
19098000,1163.89
19101600,1091.28
19105200,1005.68
19108800,912.92
19112400,819.32
19116000,731.26
19119600,654.73
19123200,594.97
19126800,556.03
19130400,540.57
19134000,549.65
19137600,582.65
19141200,637.31
19144800,709.92
19148400,795.52
19152000,888.28
19155600,981.88
19159200,1069.94
19162800,1146.47
19166400,1206.23
19170000,1245.17
19173600,1260.63
19177200,1251.55
19180800,1218.55
19184400,1163.89
19188000,1091.28
19191600,1005.68
19195200,912.92
19198800,819.32
19202400,731.26
19206000,654.73
19209600,594.97
19213200,556.03
19216800,540.57
19220400,549.65
19224000,582.65
19227600,637.31
19231200,709.92
19234800,795.52
19238400,888.28
19242000,981.88
19245600,1069.94
19249200,1146.47
19252800,1206.23
19256400,1245.17
19260000,1260.63
19263600,1251.55
19267200,1218.55
19270800,1163.89
19274400,1091.28
19278000,1005.68
19281600,912.92
19285200,819.32
19288800,731.26
19292400,654.73
19296000,594.97
19299600,556.03
19303200,540.57
19306800,549.65
19310400,582.65
19314000,637.31
19317600,709.92
19321200,795.52
19324800,888.28
19328400,981.88
19332000,1069.94
19335600,1146.47
19339200,1206.23
19342800,1245.17
19346400,1260.63
19350000,1251.55
19353600,1218.55
19357200,1163.89
19360800,1091.28
19364400,1005.68
19368000,912.92
19371600,819.32
19375200,731.26
19378800,654.73
19382400,594.97
19386000,556.03
19389600,540.57
19393200,549.65
19396800,582.65
19400400,637.31
19404000,709.92
19407600,795.52
19411200,888.28
19414800,981.88
19418400,1069.94
19422000,1146.47
19425600,1206.23
19429200,1245.17
19432800,1260.63
19436400,1251.55
19440000,1218.55
19443600,1163.89
19447200,1091.28
19450800,1005.68
19454400,912.92
19458000,819.32
19461600,731.26
19465200,654.73
19468800,594.97
19472400,556.03
19476000,540.57
19479600,549.65
19483200,582.65
19486800,637.31
19490400,709.92
19494000,795.52
19497600,888.28
19501200,981.88
19504800,1069.94
19508400,1146.47
19512000,1206.23
19515600,1245.17
19519200,1260.63
19522800,1251.55
19526400,1218.55
19530000,1163.89
19533600,1091.28
19537200,1005.68
19540800,912.92
19544400,819.32
19548000,731.26
19551600,654.73
19555200,594.97
19558800,556.03
19562400,540.57
19566000,549.65
19569600,582.65
19573200,637.31
19576800,709.92
19580400,795.52
19584000,888.28
19587600,981.88
19591200,1069.94
19594800,1146.47
19598400,1206.23
19602000,1245.17
19605600,1260.63
19609200,1251.55
19612800,1218.55
19616400,1163.89
19620000,1091.28
19623600,1005.68
19627200,912.92
19630800,819.32
19634400,731.26
19638000,654.73
19641600,594.97
19645200,556.03
19648800,540.57
19652400,549.65
19656000,582.65
19659600,637.31
19663200,709.92
19666800,795.52
19670400,888.28
19674000,981.88
19677600,1069.94
19681200,1146.47
19684800,1206.23
19688400,1245.17
19692000,1260.63
19695600,1251.55
19699200,1218.55
19702800,1163.89
19706400,1091.28
19710000,1005.68
19713600,912.92
19717200,819.32
19720800,731.26
19724400,654.73
19728000,594.97
19731600,556.03
19735200,540.57
19738800,549.65
19742400,582.65
19746000,637.31
19749600,709.92
19753200,795.52
19756800,888.28
19760400,981.88
19764000,1069.94
19767600,1146.47
19771200,1206.23
19774800,1245.17
19778400,1260.63
19782000,1251.55
19785600,1218.55
19789200,1163.89
19792800,1091.28
19796400,1005.68
19800000,912.92
19803600,819.32
19807200,731.26
19810800,654.73
19814400,594.97
19818000,556.03
19821600,540.57
19825200,549.65
19828800,582.65
19832400,637.31
19836000,709.92
19839600,795.52
19843200,888.28
19846800,981.88
19850400,1069.94
19854000,1146.47
19857600,1206.23
19861200,1245.17
19864800,1260.63
19868400,1251.55
19872000,1218.55
19875600,1163.89
19879200,1091.28
19882800,1005.68
19886400,912.92
19890000,819.32
19893600,731.26
19897200,654.73
19900800,594.97
19904400,556.03
19908000,540.57
19911600,549.65
19915200,582.65
19918800,637.31
19922400,709.92
19926000,795.52
19929600,888.28
19933200,981.88
19936800,1069.94
19940400,1146.47
19944000,1206.23
19947600,1245.17
19951200,1260.63
19954800,1251.55
19958400,1218.55
19962000,1163.89
19965600,1091.28
19969200,1005.68
19972800,912.92
19976400,819.32
19980000,731.26
19983600,654.73
19987200,594.97
19990800,556.03
19994400,540.57
19998000,549.65
20001600,582.65
20005200,637.31
20008800,709.92
20012400,795.52
20016000,888.28
20019600,981.88
20023200,1069.94
20026800,1146.47
20030400,1206.23
20034000,1245.17
20037600,1260.63
20041200,1251.55
20044800,1218.55
20048400,1163.89
20052000,1091.28
20055600,1005.68
20059200,912.92
20062800,819.32
20066400,731.26
20070000,654.73
20073600,594.97
20077200,556.03
20080800,540.57
20084400,549.65
20088000,582.65
20091600,637.31
20095200,709.92
20098800,795.52
20102400,888.28
20106000,981.88
20109600,1069.94
20113200,1146.47
20116800,1206.23
20120400,1245.17
20124000,1260.63
20127600,1251.55
20131200,1218.55
20134800,1163.89
20138400,1091.28
20142000,1005.68
20145600,912.92
20149200,819.32
20152800,731.26
20156400,654.73
20160000,594.97
20163600,556.03
20167200,540.57
20170800,549.65
20174400,582.65
20178000,637.31
20181600,709.92
20185200,795.52
20188800,888.28
20192400,981.88
20196000,1069.94
20199600,1146.47
20203200,1206.23
20206800,1245.17
20210400,1260.63
20214000,1251.55
20217600,1218.55
20221200,1163.89
20224800,1091.28
20228400,1005.68
20232000,912.92
20235600,819.32
20239200,731.26
20242800,654.73
20246400,594.97
20250000,556.03
20253600,540.57
20257200,549.65
20260800,582.65
20264400,637.31
20268000,709.92
20271600,795.52
20275200,888.28
20278800,981.88
20282400,1069.94
20286000,1146.47
20289600,1206.23
20293200,1245.17
20296800,1260.63
20300400,1251.55
20304000,1218.55
20307600,1163.89
20311200,1091.28
20314800,1005.68
20318400,912.92
20322000,819.32
20325600,731.26
20329200,654.73
20332800,594.97
20336400,556.03
20340000,540.57
20343600,549.65
20347200,582.65
20350800,637.31
20354400,709.92
20358000,795.52
20361600,888.28
20365200,981.88
20368800,1069.94
20372400,1146.47
20376000,1206.23
20379600,1245.17
20383200,1260.63
20386800,1251.55
20390400,1218.55
20394000,1163.89
20397600,1091.28
20401200,1005.68
20404800,912.92
20408400,819.32
20412000,731.26
20415600,654.73
20419200,594.97
20422800,556.03
20426400,540.57
20430000,549.65
20433600,582.65
20437200,637.31
20440800,709.92
20444400,795.52
20448000,888.28
20451600,981.88
20455200,1069.94
20458800,1146.47
20462400,1206.23
20466000,1245.17
20469600,1260.63
20473200,1251.55
20476800,1218.55
20480400,1163.89
20484000,1091.28
20487600,1005.68
20491200,912.92
20494800,819.32
20498400,731.26
20502000,654.73
20505600,594.97
20509200,556.03
20512800,540.57
20516400,549.65
20520000,582.65
20523600,637.31
20527200,709.92
20530800,795.52
20534400,888.28
20538000,981.88
20541600,1069.94
20545200,1146.47
20548800,1206.23
20552400,1245.17
20556000,1260.63
20559600,1251.55
20563200,1218.55
20566800,1163.89
20570400,1091.28
20574000,1005.68
20577600,912.92
20581200,819.32
20584800,731.26
20588400,654.73
20592000,594.97
20595600,556.03
20599200,540.57
20602800,549.65
20606400,582.65
20610000,637.31
20613600,709.92
20617200,795.52
20620800,888.28
20624400,981.88
20628000,1069.94
20631600,1146.47
20635200,1206.23
20638800,1245.17
20642400,1260.63
20646000,1251.55
20649600,1218.55
20653200,1163.89
20656800,1091.28
20660400,1005.68
20664000,912.92
20667600,819.32
20671200,731.26
20674800,654.73
20678400,594.97
20682000,556.03
20685600,540.57
20689200,549.65
20692800,582.65
20696400,637.31
20700000,709.92
20703600,795.52
20707200,888.28
20710800,981.88
20714400,1069.94
20718000,1146.47
20721600,1206.23
20725200,1245.17
20728800,1260.63
20732400,1251.55
20736000,1218.55
20739600,1163.89
20743200,1091.28
20746800,1005.68
20750400,912.92
20754000,819.32
20757600,731.26
20761200,654.73
20764800,594.97
20768400,556.03
20772000,540.57
20775600,549.65
20779200,582.65
20782800,637.31
20786400,709.92
20790000,795.52
20793600,888.28
20797200,981.88
20800800,1069.94
20804400,1146.47
20808000,1206.23
20811600,1245.17
20815200,1260.63
20818800,1251.55
20822400,1218.55
20826000,1163.89
20829600,1091.28
20833200,1005.68
20836800,912.92
20840400,819.32
20844000,731.26
20847600,654.73
20851200,594.97
20854800,556.03
20858400,540.57
20862000,549.65
20865600,582.65
20869200,637.31
20872800,709.92
20876400,795.52
20880000,888.28
20883600,981.88
20887200,1069.94
20890800,1146.47
20894400,1206.23
20898000,1245.17
20901600,1260.63
20905200,1251.55
20908800,1218.55
20912400,1163.89
20916000,1091.28
20919600,1005.68
20923200,912.92
20926800,819.32
20930400,731.26
20934000,654.73
20937600,594.97
20941200,556.03
20944800,540.57
20948400,549.65
20952000,582.65
20955600,637.31
20959200,709.92
20962800,795.52
20966400,888.28
20970000,981.88
20973600,1069.94
20977200,1146.47
20980800,1206.23
20984400,1245.17
20988000,1260.63
20991600,1251.55
20995200,1218.55
20998800,1163.89
21002400,1091.28
21006000,1005.68
21009600,912.92
21013200,819.32
21016800,731.26
21020400,654.73
21024000,594.97
21027600,556.03
21031200,540.57
21034800,549.65
21038400,582.65
21042000,637.31
21045600,709.92
21049200,795.52
21052800,888.28
21056400,981.88
21060000,1069.94
21063600,1146.47
21067200,1206.23
21070800,1245.17
21074400,1260.63
21078000,1251.55
21081600,1218.55
21085200,1163.89
21088800,1091.28
21092400,1005.68
21096000,912.92
21099600,819.32
21103200,731.26
21106800,654.73
21110400,594.97
21114000,556.03
21117600,540.57
21121200,549.65
21124800,582.65
21128400,637.31
21132000,709.92
21135600,795.52
21139200,888.28
21142800,981.88
21146400,1069.94
21150000,1146.47
21153600,1206.23
21157200,1245.17
21160800,1260.63
21164400,1251.55
21168000,1218.55
21171600,1163.89
21175200,1091.28
21178800,1005.68
21182400,912.92
21186000,819.32
21189600,731.26
21193200,654.73
21196800,594.97
21200400,556.03
21204000,540.57
21207600,549.65
21211200,582.65
21214800,637.31
21218400,709.92
21222000,795.52
21225600,888.28
21229200,981.88
21232800,1069.94
21236400,1146.47
21240000,1206.23
21243600,1245.17
21247200,1260.63
21250800,1251.55
21254400,1218.55
21258000,1163.89
21261600,1091.28
21265200,1005.68
21268800,912.92
21272400,819.32
21276000,731.26
21279600,654.73
21283200,594.97
21286800,556.03
21290400,540.57
21294000,549.65
21297600,582.65
21301200,637.31
21304800,709.92
21308400,795.52
21312000,888.28
21315600,981.88
21319200,1069.94
21322800,1146.47
21326400,1206.23
21330000,1245.17
21333600,1260.63
21337200,1251.55
21340800,1218.55
21344400,1163.89
21348000,1091.28
21351600,1005.68
21355200,912.92
21358800,819.32
21362400,731.26
21366000,654.73
21369600,594.97
21373200,556.03
21376800,540.57
21380400,549.65
21384000,582.65
21387600,637.31
21391200,709.92
21394800,795.52
21398400,888.28
21402000,981.88
21405600,1069.94
21409200,1146.47
21412800,1206.23
21416400,1245.17
21420000,1260.63
21423600,1251.55
21427200,1218.55
21430800,1163.89
21434400,1091.28
21438000,1005.68
21441600,912.92
21445200,819.32
21448800,731.26
21452400,654.73
21456000,594.97
21459600,556.03
21463200,540.57
21466800,549.65
21470400,582.65
21474000,637.31
21477600,709.92
21481200,795.52
21484800,888.28
21488400,981.88
21492000,1069.94
21495600,1146.47
21499200,1206.23
21502800,1245.17
21506400,1260.63
21510000,1251.55
21513600,1218.55
21517200,1163.89
21520800,1091.28
21524400,1005.68
21528000,912.92
21531600,819.32
21535200,731.26
21538800,654.73
21542400,594.97
21546000,556.03
21549600,540.57
21553200,549.65
21556800,582.65
21560400,637.31
21564000,709.92
21567600,795.52
21571200,888.28
21574800,981.88
21578400,1069.94
21582000,1146.47
21585600,1206.23
21589200,1245.17
21592800,1260.63
21596400,1251.55
21600000,1218.55
21603600,1163.89
21607200,1091.28
21610800,1005.68
21614400,912.92
21618000,819.32
21621600,731.26
21625200,654.73
21628800,594.97
21632400,556.03
21636000,540.57
21639600,549.65
21643200,582.65
21646800,637.31
21650400,709.92
21654000,795.52
21657600,888.28
21661200,981.88
21664800,1069.94
21668400,1146.47
21672000,1206.23
21675600,1245.17
21679200,1260.63
21682800,1251.55
21686400,1218.55
21690000,1163.89
21693600,1091.28
21697200,1005.68
21700800,912.92
21704400,819.32
21708000,731.26
21711600,654.73
21715200,594.97
21718800,556.03
21722400,540.57
21726000,549.65
21729600,582.65
21733200,637.31
21736800,709.92
21740400,795.52
21744000,888.28
21747600,981.88
21751200,1069.94
21754800,1146.47
21758400,1206.23
21762000,1245.17
21765600,1260.63
21769200,1251.55
21772800,1218.55
21776400,1163.89
21780000,1091.28
21783600,1005.68
21787200,912.92
21790800,819.32
21794400,731.26
21798000,654.73
21801600,594.97
21805200,556.03
21808800,540.57
21812400,549.65
21816000,582.65
21819600,637.31
21823200,709.92
21826800,795.52
21830400,888.28
21834000,981.88
21837600,1069.94
21841200,1146.47
21844800,1206.23
21848400,1245.17
21852000,1260.63
21855600,1251.55
21859200,1218.55
21862800,1163.89
21866400,1091.28
21870000,1005.68
21873600,912.92
21877200,819.32
21880800,731.26
21884400,654.73
21888000,594.97
21891600,556.03
21895200,540.57
21898800,549.65
21902400,582.65
21906000,637.31
21909600,709.92
21913200,795.52
21916800,888.28
21920400,981.88
21924000,1069.94
21927600,1146.47
21931200,1206.23
21934800,1245.17
21938400,1260.63
21942000,1251.55
21945600,1218.55
21949200,1163.89
21952800,1091.28
21956400,1005.68
21960000,912.92
21963600,819.32
21967200,731.26
21970800,654.73
21974400,594.97
21978000,556.03
21981600,540.57
21985200,549.65
21988800,582.65
21992400,637.31
21996000,709.92
21999600,795.52
22003200,888.28
22006800,981.88
22010400,1069.94
22014000,1146.47
22017600,1206.23
22021200,1245.17
22024800,1260.63
22028400,1251.55
22032000,1218.55
22035600,1163.89
22039200,1091.28
22042800,1005.68
22046400,912.92
22050000,819.32
22053600,731.26
22057200,654.73
22060800,594.97
22064400,556.03
22068000,540.57
22071600,549.65
22075200,582.65
22078800,637.31
22082400,709.92
22086000,795.52
22089600,888.28
22093200,981.88
22096800,1069.94
22100400,1146.47
22104000,1206.23
22107600,1245.17
22111200,1260.63
22114800,1251.55
22118400,1218.55
22122000,1163.89
22125600,1091.28
22129200,1005.68
22132800,912.92
22136400,819.32
22140000,731.26
22143600,654.73
22147200,594.97
22150800,556.03
22154400,540.57
22158000,549.65
22161600,582.65
22165200,637.31
22168800,709.92
22172400,795.52
22176000,888.28
22179600,981.88
22183200,1069.94
22186800,1146.47
22190400,1206.23
22194000,1245.17
22197600,1260.63
22201200,1251.55
22204800,1218.55
22208400,1163.89
22212000,1091.28
22215600,1005.68
22219200,912.92
22222800,819.32
22226400,731.26
22230000,654.73
22233600,594.97
22237200,556.03
22240800,540.57
22244400,549.65
22248000,582.65
22251600,637.31
22255200,709.92
22258800,795.52
22262400,888.28
22266000,981.88
22269600,1069.94
22273200,1146.47
22276800,1206.23
22280400,1245.17
22284000,1260.63
22287600,1251.55
22291200,1218.55
22294800,1163.89
22298400,1091.28
22302000,1005.68
22305600,912.92
22309200,819.32
22312800,731.26
22316400,654.73
22320000,594.97
22323600,556.03
22327200,540.57
22330800,549.65
22334400,582.65
22338000,637.31
22341600,709.92
22345200,795.52
22348800,888.28
22352400,981.88
22356000,1069.94
22359600,1146.47
22363200,1206.23
22366800,1245.17
22370400,1260.63
22374000,1251.55
22377600,1218.55
22381200,1163.89
22384800,1091.28
22388400,1005.68
22392000,912.92
22395600,819.32
22399200,731.26
22402800,654.73
22406400,594.97
22410000,556.03
22413600,540.57
22417200,549.65
22420800,582.65
22424400,637.31
22428000,709.92
22431600,795.52
22435200,888.28
22438800,981.88
22442400,1069.94
22446000,1146.47
22449600,1206.23
22453200,1245.17
22456800,1260.63
22460400,1251.55
22464000,1218.55
22467600,1163.89
22471200,1091.28
22474800,1005.68
22478400,912.92
22482000,819.32
22485600,731.26
22489200,654.73
22492800,594.97
22496400,556.03
22500000,540.57
22503600,549.65
22507200,582.65
22510800,637.31
22514400,709.92
22518000,795.52
22521600,888.28
22525200,981.88
22528800,1069.94
22532400,1146.47
22536000,1206.23
22539600,1245.17
22543200,1260.63
22546800,1251.55
22550400,1218.55
22554000,1163.89
22557600,1091.28
22561200,1005.68
22564800,912.92
22568400,819.32
22572000,731.26
22575600,654.73
22579200,594.97
22582800,556.03
22586400,540.57
22590000,549.65
22593600,582.65
22597200,637.31
22600800,709.92
22604400,795.52
22608000,888.28
22611600,981.88
22615200,1069.94
22618800,1146.47
22622400,1206.23
22626000,1245.17
22629600,1260.63
22633200,1251.55
22636800,1218.55
22640400,1163.89
22644000,1091.28
22647600,1005.68
22651200,912.92
22654800,819.32
22658400,731.26
22662000,654.73
22665600,594.97
22669200,556.03
22672800,540.57
22676400,549.65
22680000,582.65
22683600,637.31
22687200,709.92
22690800,795.52
22694400,888.28
22698000,981.88
22701600,1069.94
22705200,1146.47
22708800,1206.23
22712400,1245.17
22716000,1260.63
22719600,1251.55
22723200,1218.55
22726800,1163.89
22730400,1091.28
22734000,1005.68
22737600,912.92
22741200,819.32
22744800,731.26
22748400,654.73
22752000,594.97
22755600,556.03
22759200,540.57
22762800,549.65
22766400,582.65
22770000,637.31
22773600,709.92
22777200,795.52
22780800,888.28
22784400,981.88
22788000,1069.94
22791600,1146.47
22795200,1206.23
22798800,1245.17
22802400,1260.63
22806000,1251.55
22809600,1218.55
22813200,1163.89
22816800,1091.28
22820400,1005.68
22824000,912.92
22827600,819.32
22831200,731.26
22834800,654.73
22838400,594.97
22842000,556.03
22845600,540.57
22849200,549.65
22852800,582.65
22856400,637.31
22860000,709.92
22863600,795.52
22867200,888.28
22870800,981.88
22874400,1069.94
22878000,1146.47
22881600,1206.23
22885200,1245.17
22888800,1260.63
22892400,1251.55
22896000,1218.55
22899600,1163.89
22903200,1091.28
22906800,1005.68
22910400,912.92
22914000,819.32
22917600,731.26
22921200,654.73
22924800,594.97
22928400,556.03
22932000,540.57
22935600,549.65
22939200,582.65
22942800,637.31
22946400,709.92
22950000,795.52
22953600,888.28
22957200,981.88
22960800,1069.94
22964400,1146.47
22968000,1206.23
22971600,1245.17
22975200,1260.63
22978800,1251.55
22982400,1218.55
22986000,1163.89
22989600,1091.28
22993200,1005.68
22996800,912.92
23000400,819.32
23004000,731.26
23007600,654.73
23011200,594.97
23014800,556.03
23018400,540.57
23022000,549.65
23025600,582.65
23029200,637.31
23032800,709.92
23036400,795.52
23040000,888.28
23043600,981.88
23047200,1069.94
23050800,1146.47
23054400,1206.23
23058000,1245.17
23061600,1260.63
23065200,1251.55
23068800,1218.55
23072400,1163.89
23076000,1091.28
23079600,1005.68
23083200,912.92
23086800,819.32
23090400,731.26
23094000,654.73
23097600,594.97
23101200,556.03
23104800,540.57
23108400,549.65
23112000,582.65
23115600,637.31
23119200,709.92
23122800,795.52
23126400,888.28
23130000,981.88
23133600,1069.94
23137200,1146.47
23140800,1206.23
23144400,1245.17
23148000,1260.63
23151600,1251.55
23155200,1218.55
23158800,1163.89
23162400,1091.28
23166000,1005.68
23169600,912.92
23173200,819.32
23176800,731.26
23180400,654.73
23184000,594.97
23187600,556.03
23191200,540.57
23194800,549.65
23198400,582.65
23202000,637.31
23205600,709.92
23209200,795.52
23212800,888.28
23216400,981.88
23220000,1069.94
23223600,1146.47
23227200,1206.23
23230800,1245.17
23234400,1260.63
23238000,1251.55
23241600,1218.55
23245200,1163.89
23248800,1091.28
23252400,1005.68
23256000,912.92
23259600,819.32
23263200,731.26
23266800,654.73
23270400,594.97
23274000,556.03
23277600,540.57
23281200,549.65
23284800,582.65
23288400,637.31
23292000,709.92
23295600,795.52
23299200,888.28
23302800,981.88
23306400,1069.94
23310000,1146.47
23313600,1206.23
23317200,1245.17
23320800,1260.63
23324400,1251.55
23328000,1218.55
23331600,1163.89
23335200,1091.28
23338800,1005.68
23342400,912.92
23346000,819.32
23349600,731.26
23353200,654.73
23356800,594.97
23360400,556.03
23364000,540.57
23367600,549.65
23371200,582.65
23374800,637.31
23378400,709.92
23382000,795.52
23385600,888.28
23389200,981.88
23392800,1069.94
23396400,1146.47
23400000,1206.23
23403600,1245.17
23407200,1260.63
23410800,1251.55
23414400,1218.55
23418000,1163.89
23421600,1091.28
23425200,1005.68
23428800,912.92
23432400,819.32
23436000,731.26
23439600,654.73
23443200,594.97
23446800,556.03
23450400,540.57
23454000,549.65
23457600,582.65
23461200,637.31
23464800,709.92
23468400,795.52
23472000,888.28
23475600,981.88
23479200,1069.94
23482800,1146.47
23486400,1206.23
23490000,1245.17
23493600,1260.63
23497200,1251.55
23500800,1218.55
23504400,1163.89
23508000,1091.28
23511600,1005.68
23515200,912.92
23518800,819.32
23522400,731.26
23526000,654.73
23529600,594.97
23533200,556.03
23536800,540.57
23540400,549.65
23544000,582.65
23547600,637.31
23551200,709.92
23554800,795.52
23558400,888.28
23562000,981.88
23565600,1069.94
23569200,1146.47
23572800,1206.23
23576400,1245.17
23580000,1260.63
23583600,1251.55
23587200,1218.55
23590800,1163.89
23594400,1091.28
23598000,1005.68
23601600,912.92
23605200,819.32
23608800,731.26
23612400,654.73
23616000,594.97
23619600,556.03
23623200,540.57
23626800,549.65
23630400,582.65
23634000,637.31
23637600,709.92
23641200,795.52
23644800,888.28
23648400,981.88
23652000,1069.94
23655600,1146.47
23659200,1206.23
23662800,1245.17
23666400,1260.63
23670000,1251.55
23673600,1218.55
23677200,1163.89
23680800,1091.28
23684400,1005.68
23688000,912.92
23691600,819.32
23695200,731.26
23698800,654.73
23702400,594.97
23706000,556.03
23709600,540.57
23713200,549.65
23716800,582.65
23720400,637.31
23724000,709.92
23727600,795.52
23731200,888.28
23734800,981.88
23738400,1069.94
23742000,1146.47
23745600,1206.23
23749200,1245.17
23752800,1260.63
23756400,1251.55
23760000,1218.55
23763600,1163.89
23767200,1091.28
23770800,1005.68
23774400,912.92
23778000,819.32
23781600,731.26
23785200,654.73
23788800,594.97
23792400,556.03
23796000,540.57
23799600,549.65
23803200,582.65
23806800,637.31
23810400,709.92
23814000,795.52
23817600,888.28
23821200,981.88
23824800,1069.94
23828400,1146.47
23832000,1206.23
23835600,1245.17
23839200,1260.63
23842800,1251.55
23846400,1218.55
23850000,1163.89
23853600,1091.28
23857200,1005.68
23860800,912.92
23864400,819.32
23868000,731.26
23871600,654.73
23875200,594.97
23878800,556.03
23882400,540.57
23886000,549.65
23889600,582.65
23893200,637.31
23896800,709.92
23900400,795.52
23904000,888.28
23907600,981.88
23911200,1069.94
23914800,1146.47
23918400,1206.23
23922000,1245.17
23925600,1260.63
23929200,1251.55
23932800,1218.55
23936400,1163.89
23940000,1091.28
23943600,1005.68
23947200,912.92
23950800,819.32
23954400,731.26
23958000,654.73
23961600,594.97
23965200,556.03
23968800,540.57
23972400,549.65
23976000,582.65
23979600,637.31
23983200,709.92
23986800,795.52
23990400,888.28
23994000,981.88
23997600,1069.94
24001200,1146.47
24004800,1206.23
24008400,1245.17
24012000,1260.63
24015600,1251.55
24019200,1218.55
24022800,1163.89
24026400,1091.28
24030000,1005.68
24033600,912.92
24037200,819.32
24040800,731.26
24044400,654.73
24048000,594.97
24051600,556.03
24055200,540.57
24058800,549.65
24062400,582.65
24066000,637.31
24069600,709.92
24073200,795.52
24076800,888.28
24080400,981.88
24084000,1069.94
24087600,1146.47
24091200,1206.23
24094800,1245.17
24098400,1260.63
24102000,1251.55
24105600,1218.55
24109200,1163.89
24112800,1091.28
24116400,1005.68
24120000,912.92
24123600,819.32
24127200,731.26
24130800,654.73
24134400,594.97
24138000,556.03
24141600,540.57
24145200,549.65
24148800,582.65
24152400,637.31
24156000,709.92
24159600,795.52
24163200,888.28
24166800,981.88
24170400,1069.94
24174000,1146.47
24177600,1206.23
24181200,1245.17
24184800,1260.63
24188400,1251.55
24192000,1218.55
24195600,1163.89
24199200,1091.28
24202800,1005.68
24206400,912.92
24210000,819.32
24213600,731.26
24217200,654.73
24220800,594.97
24224400,556.03
24228000,540.57
24231600,549.65
24235200,582.65
24238800,637.31
24242400,709.92
24246000,795.52
24249600,888.28
24253200,981.88
24256800,1069.94
24260400,1146.47
24264000,1206.23
24267600,1245.17
24271200,1260.63
24274800,1251.55
24278400,1218.55
24282000,1163.89
24285600,1091.28
24289200,1005.68
24292800,912.92
24296400,819.32
24300000,731.26
24303600,654.73
24307200,594.97
24310800,556.03
24314400,540.57
24318000,549.65
24321600,582.65
24325200,637.31
24328800,709.92
24332400,795.52
24336000,888.28
24339600,981.88
24343200,1069.94
24346800,1146.47
24350400,1206.23
24354000,1245.17
24357600,1260.63
24361200,1251.55
24364800,1218.55
24368400,1163.89
24372000,1091.28
24375600,1005.68
24379200,912.92
24382800,819.32
24386400,731.26
24390000,654.73
24393600,594.97
24397200,556.03
24400800,540.57
24404400,549.65
24408000,582.65
24411600,637.31
24415200,709.92
24418800,795.52
24422400,888.28
24426000,981.88
24429600,1069.94
24433200,1146.47
24436800,1206.23
24440400,1245.17
24444000,1260.63
24447600,1251.55
24451200,1218.55
24454800,1163.89
24458400,1091.28
24462000,1005.68
24465600,912.92
24469200,819.32
24472800,731.26
24476400,654.73
24480000,594.97
24483600,556.03
24487200,540.57
24490800,549.65
24494400,582.65
24498000,637.31
24501600,709.92
24505200,795.52
24508800,888.28
24512400,981.88
24516000,1069.94
24519600,1146.47
24523200,1206.23
24526800,1245.17
24530400,1260.63
24534000,1251.55
24537600,1218.55
24541200,1163.89
24544800,1091.28
24548400,1005.68
24552000,912.92
24555600,819.32
24559200,731.26
24562800,654.73
24566400,594.97
24570000,556.03
24573600,540.57
24577200,549.65
24580800,582.65
24584400,637.31
24588000,709.92
24591600,795.52
24595200,888.28
24598800,981.88
24602400,1069.94
24606000,1146.47
24609600,1206.23
24613200,1245.17
24616800,1260.63
24620400,1251.55
24624000,1218.55
24627600,1163.89
24631200,1091.28
24634800,1005.68
24638400,912.92
24642000,819.32
24645600,731.26
24649200,654.73
24652800,594.97
24656400,556.03
24660000,540.57
24663600,549.65
24667200,582.65
24670800,637.31
24674400,709.92
24678000,795.52
24681600,888.28
24685200,981.88
24688800,1069.94
24692400,1146.47
24696000,1206.23
24699600,1245.17
24703200,1260.63
24706800,1251.55
24710400,1218.55
24714000,1163.89
24717600,1091.28
24721200,1005.68
24724800,912.92
24728400,819.32
24732000,731.26
24735600,654.73
24739200,594.97
24742800,556.03
24746400,540.57
24750000,549.65
24753600,582.65
24757200,637.31
24760800,709.92
24764400,795.52
24768000,888.28
24771600,981.88
24775200,1069.94
24778800,1146.47
24782400,1206.23
24786000,1245.17
24789600,1260.63
24793200,1251.55
24796800,1218.55
24800400,1163.89
24804000,1091.28
24807600,1005.68
24811200,912.92
24814800,819.32
24818400,731.26
24822000,654.73
24825600,594.97
24829200,556.03
24832800,540.57
24836400,549.65
24840000,582.65
24843600,637.31
24847200,709.92
24850800,795.52
24854400,888.28
24858000,981.88
24861600,1069.94
24865200,1146.47
24868800,1206.23
24872400,1245.17
24876000,1260.63
24879600,1251.55
24883200,1218.55
24886800,1163.89
24890400,1091.28
24894000,1005.68
24897600,912.92
24901200,819.32
24904800,731.26
24908400,654.73
24912000,594.97
24915600,556.03
24919200,540.57
24922800,549.65
24926400,582.65
24930000,637.31
24933600,709.92
24937200,795.52
24940800,888.28
24944400,981.88
24948000,1069.94
24951600,1146.47
24955200,1206.23
24958800,1245.17
24962400,1260.63
24966000,1251.55
24969600,1218.55
24973200,1163.89
24976800,1091.28
24980400,1005.68
24984000,912.92
24987600,819.32
24991200,731.26
24994800,654.73
24998400,594.97
25002000,556.03
25005600,540.57
25009200,549.65
25012800,582.65
25016400,637.31
25020000,709.92
25023600,795.52
25027200,888.28
25030800,981.88
25034400,1069.94
25038000,1146.47
25041600,1206.23
25045200,1245.17
25048800,1260.63
25052400,1251.55
25056000,1218.55
25059600,1163.89
25063200,1091.28
25066800,1005.68
25070400,912.92
25074000,819.32
25077600,731.26
25081200,654.73
25084800,594.97
25088400,556.03
25092000,540.57
25095600,549.65
25099200,582.65
25102800,637.31
25106400,709.92
25110000,795.52
25113600,888.28
25117200,981.88
25120800,1069.94
25124400,1146.47
25128000,1206.23
25131600,1245.17
25135200,1260.63
25138800,1251.55
25142400,1218.55
25146000,1163.89
25149600,1091.28
25153200,1005.68
25156800,912.92
25160400,819.32
25164000,731.26
25167600,654.73
25171200,594.97
25174800,556.03
25178400,540.57
25182000,549.65
25185600,582.65
25189200,637.31
25192800,709.92
25196400,795.52
25200000,888.28
25203600,981.88
25207200,1069.94
25210800,1146.47
25214400,1206.23
25218000,1245.17
25221600,1260.63
25225200,1251.55
25228800,1218.55
25232400,1163.89
25236000,1091.28
25239600,1005.68
25243200,912.92
25246800,819.32
25250400,731.26
25254000,654.73
25257600,594.97
25261200,556.03
25264800,540.57
25268400,549.65
25272000,582.65
25275600,637.31
25279200,709.92
25282800,795.52
25286400,888.28
25290000,981.88
25293600,1069.94
25297200,1146.47
25300800,1206.23
25304400,1245.17
25308000,1260.63
25311600,1251.55
25315200,1218.55
25318800,1163.89
25322400,1091.28
25326000,1005.68
25329600,912.92
25333200,819.32
25336800,731.26
25340400,654.73
25344000,594.97
25347600,556.03
25351200,540.57
25354800,549.65
25358400,582.65
25362000,637.31
25365600,709.92
25369200,795.52
25372800,888.28
25376400,981.88
25380000,1069.94
25383600,1146.47
25387200,1206.23
25390800,1245.17
25394400,1260.63
25398000,1251.55
25401600,1218.55
25405200,1163.89
25408800,1091.28
25412400,1005.68
25416000,912.92
25419600,819.32
25423200,731.26
25426800,654.73
25430400,594.97
25434000,556.03
25437600,540.57
25441200,549.65
25444800,582.65
25448400,637.31
25452000,709.92
25455600,795.52
25459200,888.28
25462800,981.88
25466400,1069.94
25470000,1146.47
25473600,1206.23
25477200,1245.17
25480800,1260.63
25484400,1251.55
25488000,1218.55
25491600,1163.89
25495200,1091.28
25498800,1005.68
25502400,912.92
25506000,819.32
25509600,731.26
25513200,654.73
25516800,594.97
25520400,556.03
25524000,540.57
25527600,549.65
25531200,582.65
25534800,637.31
25538400,709.92
25542000,795.52
25545600,888.28
25549200,981.88
25552800,1069.94
25556400,1146.47
25560000,1206.23
25563600,1245.17
25567200,1260.63
25570800,1251.55
25574400,1218.55
25578000,1163.89
25581600,1091.28
25585200,1005.68
25588800,912.92
25592400,819.32
25596000,731.26
25599600,654.73
25603200,594.97
25606800,556.03
25610400,540.57
25614000,549.65
25617600,582.65
25621200,637.31
25624800,709.92
25628400,795.52
25632000,888.28
25635600,981.88
25639200,1069.94
25642800,1146.47
25646400,1206.23
25650000,1245.17
25653600,1260.63
25657200,1251.55
25660800,1218.55
25664400,1163.89
25668000,1091.28
25671600,1005.68
25675200,912.92
25678800,819.32
25682400,731.26
25686000,654.73
25689600,594.97
25693200,556.03
25696800,540.57
25700400,549.65
25704000,582.65
25707600,637.31
25711200,709.92
25714800,795.52
25718400,888.28
25722000,981.88
25725600,1069.94
25729200,1146.47
25732800,1206.23
25736400,1245.17
25740000,1260.63
25743600,1251.55
25747200,1218.55
25750800,1163.89
25754400,1091.28
25758000,1005.68
25761600,912.92
25765200,819.32
25768800,731.26
25772400,654.73
25776000,594.97
25779600,556.03
25783200,540.57
25786800,549.65
25790400,582.65
25794000,637.31
25797600,709.92
25801200,795.52
25804800,888.28
25808400,981.88
25812000,1069.94
25815600,1146.47
25819200,1206.23
25822800,1245.17
25826400,1260.63
25830000,1251.55
25833600,1218.55
25837200,1163.89
25840800,1091.28
25844400,1005.68
25848000,912.92
25851600,819.32
25855200,731.26
25858800,654.73
25862400,594.97
25866000,556.03
25869600,540.57
25873200,549.65
25876800,582.65
25880400,637.31
25884000,709.92
25887600,795.52
25891200,888.28
25894800,981.88
25898400,1069.94
25902000,1146.47
25905600,1206.23
25909200,1245.17
25912800,1260.63
25916400,1251.55
25920000,1218.55
25923600,1163.89
25927200,1091.28
25930800,1005.68
25934400,912.92
25938000,819.32
25941600,731.26
25945200,654.73
25948800,594.97
25952400,556.03
25956000,540.57
25959600,549.65
25963200,582.65
25966800,637.31
25970400,709.92
25974000,795.52
25977600,888.28
25981200,981.88
25984800,1069.94
25988400,1146.47
25992000,1206.23
25995600,1245.17
25999200,1260.63
26002800,1251.55
26006400,1218.55
26010000,1163.89
26013600,1091.28
26017200,1005.68
26020800,912.92
26024400,819.32
26028000,731.26
26031600,654.73
26035200,594.97
26038800,556.03
26042400,540.57
26046000,549.65
26049600,582.65
26053200,637.31
26056800,709.92
26060400,795.52
26064000,888.28
26067600,981.88
26071200,1069.94
26074800,1146.47
26078400,1206.23
26082000,1245.17
26085600,1260.63
26089200,1251.55
26092800,1218.55
26096400,1163.89
26100000,1091.28
26103600,1005.68
26107200,912.92
26110800,819.32
26114400,731.26
26118000,654.73
26121600,594.97
26125200,556.03
26128800,540.57
26132400,549.65
26136000,582.65
26139600,637.31
26143200,709.92
26146800,795.52
26150400,888.28
26154000,981.88
26157600,1069.94
26161200,1146.47
26164800,1206.23
26168400,1245.17
26172000,1260.63
26175600,1251.55
26179200,1218.55
26182800,1163.89
26186400,1091.28
26190000,1005.68
26193600,912.92
26197200,819.32
26200800,731.26
26204400,654.73
26208000,594.97
26211600,556.03
26215200,540.57
26218800,549.65
26222400,582.65
26226000,637.31
26229600,709.92
26233200,795.52
26236800,888.28
26240400,981.88
26244000,1069.94
26247600,1146.47
26251200,1206.23
26254800,1245.17
26258400,1260.63
26262000,1251.55
26265600,1218.55
26269200,1163.89
26272800,1091.28
26276400,1005.68
26280000,912.92
26283600,819.32
26287200,731.26
26290800,654.73
26294400,594.97
26298000,556.03
26301600,540.57
26305200,549.65
26308800,582.65
26312400,637.31
26316000,709.92
26319600,795.52
26323200,888.28
26326800,981.88
26330400,1069.94
26334000,1146.47
26337600,1206.23
26341200,1245.17
26344800,1260.63
26348400,1251.55
26352000,1218.55
26355600,1163.89
26359200,1091.28
26362800,1005.68
26366400,912.92
26370000,819.32
26373600,731.26
26377200,654.73
26380800,594.97
26384400,556.03
26388000,540.57
26391600,549.65
26395200,582.65
26398800,637.31
26402400,709.92
26406000,795.52
26409600,888.28
26413200,981.88
26416800,1069.94
26420400,1146.47
26424000,1206.23
26427600,1245.17
26431200,1260.63
26434800,1251.55
26438400,1218.55
26442000,1163.89
26445600,1091.28
26449200,1005.68
26452800,912.92
26456400,819.32
26460000,731.26
26463600,654.73
26467200,594.97
26470800,556.03
26474400,540.57
26478000,549.65
26481600,582.65
26485200,637.31
26488800,709.92
26492400,795.52
26496000,888.28
26499600,981.88
26503200,1069.94
26506800,1146.47
26510400,1206.23
26514000,1245.17
26517600,1260.63
26521200,1251.55
26524800,1218.55
26528400,1163.89
26532000,1091.28
26535600,1005.68
26539200,912.92
26542800,819.32
26546400,731.26
26550000,654.73
26553600,594.97
26557200,556.03
26560800,540.57
26564400,549.65
26568000,582.65
26571600,637.31
26575200,709.92
26578800,795.52
26582400,888.28
26586000,981.88
26589600,1069.94
26593200,1146.47
26596800,1206.23
26600400,1245.17
26604000,1260.63
26607600,1251.55
26611200,1218.55
26614800,1163.89
26618400,1091.28
26622000,1005.68
26625600,912.92
26629200,819.32
26632800,731.26
26636400,654.73
26640000,594.97
26643600,556.03
26647200,540.57
26650800,549.65
26654400,582.65
26658000,637.31
26661600,709.92
26665200,795.52
26668800,888.28
26672400,981.88
26676000,1069.94
26679600,1146.47
26683200,1206.23
26686800,1245.17
26690400,1260.63
26694000,1251.55
26697600,1218.55
26701200,1163.89
26704800,1091.28
26708400,1005.68
26712000,912.92
26715600,819.32
26719200,731.26
26722800,654.73
26726400,594.97
26730000,556.03
26733600,540.57
26737200,549.65
26740800,582.65
26744400,637.31
26748000,709.92
26751600,795.52
26755200,888.28
26758800,981.88
26762400,1069.94
26766000,1146.47
26769600,1206.23
26773200,1245.17
26776800,1260.63
26780400,1251.55
26784000,1218.55
26787600,1163.89
26791200,1091.28
26794800,1005.68
26798400,912.92
26802000,819.32
26805600,731.26
26809200,654.73
26812800,594.97
26816400,556.03
26820000,540.57
26823600,549.65
26827200,582.65
26830800,637.31
26834400,709.92
26838000,795.52
26841600,888.28
26845200,981.88
26848800,1069.94
26852400,1146.47
26856000,1206.23
26859600,1245.17
26863200,1260.63
26866800,1251.55
26870400,1218.55
26874000,1163.89
26877600,1091.28
26881200,1005.68
26884800,912.92
26888400,819.32
26892000,731.26
26895600,654.73
26899200,594.97
26902800,556.03
26906400,540.57
26910000,549.65
26913600,582.65
26917200,637.31
26920800,709.92
26924400,795.52
26928000,888.28
26931600,981.88
26935200,1069.94
26938800,1146.47
26942400,1206.23
26946000,1245.17
26949600,1260.63
26953200,1251.55
26956800,1218.55
26960400,1163.89
26964000,1091.28
26967600,1005.68
26971200,912.92
26974800,819.32
26978400,731.26
26982000,654.73
26985600,594.97
26989200,556.03
26992800,540.57
26996400,549.65
27000000,582.65
27003600,637.31
27007200,709.92
27010800,795.52
27014400,888.28
27018000,981.88
27021600,1069.94
27025200,1146.47
27028800,1206.23
27032400,1245.17
27036000,1260.63
27039600,1251.55
27043200,1218.55
27046800,1163.89
27050400,1091.28
27054000,1005.68
27057600,912.92
27061200,819.32
27064800,731.26
27068400,654.73
27072000,594.97
27075600,556.03
27079200,540.57
27082800,549.65
27086400,582.65
27090000,637.31
27093600,709.92
27097200,795.52
27100800,888.28
27104400,981.88
27108000,1069.94
27111600,1146.47
27115200,1206.23
27118800,1245.17
27122400,1260.63
27126000,1251.55
27129600,1218.55
27133200,1163.89
27136800,1091.28
27140400,1005.68
27144000,912.92
27147600,819.32
27151200,731.26
27154800,654.73
27158400,594.97
27162000,556.03
27165600,540.57
27169200,549.65
27172800,582.65
27176400,637.31
27180000,709.92
27183600,795.52
27187200,888.28
27190800,981.88
27194400,1069.94
27198000,1146.47
27201600,1206.23
27205200,1245.17
27208800,1260.63
27212400,1251.55
27216000,1218.55
27219600,1163.89
27223200,1091.28
27226800,1005.68
27230400,912.92
27234000,819.32
27237600,731.26
27241200,654.73
27244800,594.97
27248400,556.03
27252000,540.57
27255600,549.65
27259200,582.65
27262800,637.31
27266400,709.92
27270000,795.52
27273600,888.28
27277200,981.88
27280800,1069.94
27284400,1146.47
27288000,1206.23
27291600,1245.17
27295200,1260.63
27298800,1251.55
27302400,1218.55
27306000,1163.89
27309600,1091.28
27313200,1005.68
27316800,912.92
27320400,819.32
27324000,731.26
27327600,654.73
27331200,594.97
27334800,556.03
27338400,540.57
27342000,549.65
27345600,582.65
27349200,637.31
27352800,709.92
27356400,795.52
27360000,888.28
27363600,981.88
27367200,1069.94
27370800,1146.47
27374400,1206.23
27378000,1245.17
27381600,1260.63
27385200,1251.55
27388800,1218.55
27392400,1163.89
27396000,1091.28
27399600,1005.68
27403200,912.92
27406800,819.32
27410400,731.26
27414000,654.73
27417600,594.97
27421200,556.03
27424800,540.57
27428400,549.65
27432000,582.65
27435600,637.31
27439200,709.92
27442800,795.52
27446400,888.28
27450000,981.88
27453600,1069.94
27457200,1146.47
27460800,1206.23
27464400,1245.17
27468000,1260.63
27471600,1251.55
27475200,1218.55
27478800,1163.89
27482400,1091.28
27486000,1005.68
27489600,912.92
27493200,819.32
27496800,731.26
27500400,654.73
27504000,594.97
27507600,556.03
27511200,540.57
27514800,549.65
27518400,582.65
27522000,637.31
27525600,709.92
27529200,795.52
27532800,888.28
27536400,981.88
27540000,1069.94
27543600,1146.47
27547200,1206.23
27550800,1245.17
27554400,1260.63
27558000,1251.55
27561600,1218.55
27565200,1163.89
27568800,1091.28
27572400,1005.68
27576000,912.92
27579600,819.32
27583200,731.26
27586800,654.73
27590400,594.97
27594000,556.03
27597600,540.57
27601200,549.65
27604800,582.65
27608400,637.31
27612000,709.92
27615600,795.52
27619200,888.28
27622800,981.88
27626400,1069.94
27630000,1146.47
27633600,1206.23
27637200,1245.17
27640800,1260.63
27644400,1251.55
27648000,1218.55
27651600,1163.89
27655200,1091.28
27658800,1005.68
27662400,912.92
27666000,819.32
27669600,731.26
27673200,654.73
27676800,594.97
27680400,556.03
27684000,540.57
27687600,549.65
27691200,582.65
27694800,637.31
27698400,709.92
27702000,795.52
27705600,888.28
27709200,981.88
27712800,1069.94
27716400,1146.47
27720000,1206.23
27723600,1245.17
27727200,1260.63
27730800,1251.55
27734400,1218.55
27738000,1163.89
27741600,1091.28
27745200,1005.68
27748800,912.92
27752400,819.32
27756000,731.26
27759600,654.73
27763200,594.97
27766800,556.03
27770400,540.57
27774000,549.65
27777600,582.65
27781200,637.31
27784800,709.92
27788400,795.52
27792000,888.28
27795600,981.88
27799200,1069.94
27802800,1146.47
27806400,1206.23
27810000,1245.17
27813600,1260.63
27817200,1251.55
27820800,1218.55
27824400,1163.89
27828000,1091.28
27831600,1005.68
27835200,912.92
27838800,819.32
27842400,731.26
27846000,654.73
27849600,594.97
27853200,556.03
27856800,540.57
27860400,549.65
27864000,582.65
27867600,637.31
27871200,709.92
27874800,795.52
27878400,888.28
27882000,981.88
27885600,1069.94
27889200,1146.47
27892800,1206.23
27896400,1245.17
27900000,1260.63
27903600,1251.55
27907200,1218.55
27910800,1163.89
27914400,1091.28
27918000,1005.68
27921600,912.92
27925200,819.32
27928800,731.26
27932400,654.73
27936000,594.97
27939600,556.03
27943200,540.57
27946800,549.65
27950400,582.65
27954000,637.31
27957600,709.92
27961200,795.52
27964800,888.28
27968400,981.88
27972000,1069.94
27975600,1146.47
27979200,1206.23
27982800,1245.17
27986400,1260.63
27990000,1251.55
27993600,1218.55
27997200,1163.89
28000800,1091.28
28004400,1005.68
28008000,912.92
28011600,819.32
28015200,731.26
28018800,654.73
28022400,594.97
28026000,556.03
28029600,540.57
28033200,549.65
28036800,582.65
28040400,637.31
28044000,709.92
28047600,795.52
28051200,888.28
28054800,981.88
28058400,1069.94
28062000,1146.47
28065600,1206.23
28069200,1245.17
28072800,1260.63
28076400,1251.55
28080000,1218.55
28083600,1163.89
28087200,1091.28
28090800,1005.68
28094400,912.92
28098000,819.32
28101600,731.26
28105200,654.73
28108800,594.97
28112400,556.03
28116000,540.57
28119600,549.65
28123200,582.65
28126800,637.31
28130400,709.92
28134000,795.52
28137600,888.28
28141200,981.88
28144800,1069.94
28148400,1146.47
28152000,1206.23
28155600,1245.17
28159200,1260.63
28162800,1251.55
28166400,1218.55
28170000,1163.89
28173600,1091.28
28177200,1005.68
28180800,912.92
28184400,819.32
28188000,731.26
28191600,654.73
28195200,594.97
28198800,556.03
28202400,540.57
28206000,549.65
28209600,582.65
28213200,637.31
28216800,709.92
28220400,795.52
28224000,888.28
28227600,981.88
28231200,1069.94
28234800,1146.47
28238400,1206.23
28242000,1245.17
28245600,1260.63
28249200,1251.55
28252800,1218.55
28256400,1163.89
28260000,1091.28
28263600,1005.68
28267200,912.92
28270800,819.32
28274400,731.26
28278000,654.73
28281600,594.97
28285200,556.03
28288800,540.57
28292400,549.65
28296000,582.65
28299600,637.31
28303200,709.92
28306800,795.52
28310400,888.28
28314000,981.88
28317600,1069.94
28321200,1146.47
28324800,1206.23
28328400,1245.17
28332000,1260.63
28335600,1251.55
28339200,1218.55
28342800,1163.89
28346400,1091.28
28350000,1005.68
28353600,912.92
28357200,819.32
28360800,731.26
28364400,654.73
28368000,594.97
28371600,556.03
28375200,540.57
28378800,549.65
28382400,582.65
28386000,637.31
28389600,709.92
28393200,795.52
28396800,888.28
28400400,981.88
28404000,1069.94
28407600,1146.47
28411200,1206.23
28414800,1245.17
28418400,1260.63
28422000,1251.55
28425600,1218.55
28429200,1163.89
28432800,1091.28
28436400,1005.68
28440000,912.92
28443600,819.32
28447200,731.26
28450800,654.73
28454400,594.97
28458000,556.03
28461600,540.57
28465200,549.65
28468800,582.65
28472400,637.31
28476000,709.92
28479600,795.52
28483200,888.28
28486800,981.88
28490400,1069.94
28494000,1146.47
28497600,1206.23
28501200,1245.17
28504800,1260.63
28508400,1251.55
28512000,1218.55
28515600,1163.89
28519200,1091.28
28522800,1005.68
28526400,912.92
28530000,819.32
28533600,731.26
28537200,654.73
28540800,594.97
28544400,556.03
28548000,540.57
28551600,549.65
28555200,582.65
28558800,637.31
28562400,709.92
28566000,795.52
28569600,888.28
28573200,981.88
28576800,1069.94
28580400,1146.47
28584000,1206.23
28587600,1245.17
28591200,1260.63
28594800,1251.55
28598400,1218.55
28602000,1163.89
28605600,1091.28
28609200,1005.68
28612800,912.92
28616400,819.32
28620000,731.26
28623600,654.73
28627200,594.97
28630800,556.03
28634400,540.57
28638000,549.65
28641600,582.65
28645200,637.31
28648800,709.92
28652400,795.52
28656000,888.28
28659600,981.88
28663200,1069.94
28666800,1146.47
28670400,1206.23
28674000,1245.17
28677600,1260.63
28681200,1251.55
28684800,1218.55
28688400,1163.89
28692000,1091.28
28695600,1005.68
28699200,912.92
28702800,819.32
28706400,731.26
28710000,654.73
28713600,594.97
28717200,556.03
28720800,540.57
28724400,549.65
28728000,582.65
28731600,637.31
28735200,709.92
28738800,795.52
28742400,888.28
28746000,981.88
28749600,1069.94
28753200,1146.47
28756800,1206.23
28760400,1245.17
28764000,1260.63
28767600,1251.55
28771200,1218.55
28774800,1163.89
28778400,1091.28
28782000,1005.68
28785600,912.92
28789200,819.32
28792800,731.26
28796400,654.73
28800000,594.97
28803600,556.03
28807200,540.57
28810800,549.65
28814400,582.65
28818000,637.31
28821600,709.92
28825200,795.52
28828800,888.28
28832400,981.88
28836000,1069.94
28839600,1146.47
28843200,1206.23
28846800,1245.17
28850400,1260.63
28854000,1251.55
28857600,1218.55
28861200,1163.89
28864800,1091.28
28868400,1005.68
28872000,912.92
28875600,819.32
28879200,731.26
28882800,654.73
28886400,594.97
28890000,556.03
28893600,540.57
28897200,549.65
28900800,582.65
28904400,637.31
28908000,709.92
28911600,795.52
28915200,888.28
28918800,981.88
28922400,1069.94
28926000,1146.47
28929600,1206.23
28933200,1245.17
28936800,1260.63
28940400,1251.55
28944000,1218.55
28947600,1163.89
28951200,1091.28
28954800,1005.68
28958400,912.92
28962000,819.32
28965600,731.26
28969200,654.73
28972800,594.97
28976400,556.03
28980000,540.57
28983600,549.65
28987200,582.65
28990800,637.31
28994400,709.92
28998000,795.52
29001600,888.28
29005200,981.88
29008800,1069.94
29012400,1146.47
29016000,1206.23
29019600,1245.17
29023200,1260.63
29026800,1251.55
29030400,1218.55
29034000,1163.89
29037600,1091.28
29041200,1005.68
29044800,912.92
29048400,819.32
29052000,731.26
29055600,654.73
29059200,594.97
29062800,556.03
29066400,540.57
29070000,549.65
29073600,582.65
29077200,637.31
29080800,709.92
29084400,795.52
29088000,888.28
29091600,981.88
29095200,1069.94
29098800,1146.47
29102400,1206.23
29106000,1245.17
29109600,1260.63
29113200,1251.55
29116800,1218.55
29120400,1163.89
29124000,1091.28
29127600,1005.68
29131200,912.92
29134800,819.32
29138400,731.26
29142000,654.73
29145600,594.97
29149200,556.03
29152800,540.57
29156400,549.65
29160000,582.65
29163600,637.31
29167200,709.92
29170800,795.52
29174400,888.28
29178000,981.88
29181600,1069.94
29185200,1146.47
29188800,1206.23
29192400,1245.17
29196000,1260.63
29199600,1251.55
29203200,1218.55
29206800,1163.89
29210400,1091.28
29214000,1005.68
29217600,912.92
29221200,819.32
29224800,731.26
29228400,654.73
29232000,594.97
29235600,556.03
29239200,540.57
29242800,549.65
29246400,582.65
29250000,637.31
29253600,709.92
29257200,795.52
29260800,888.28
29264400,981.88
29268000,1069.94
29271600,1146.47
29275200,1206.23
29278800,1245.17
29282400,1260.63
29286000,1251.55
29289600,1218.55
29293200,1163.89
29296800,1091.28
29300400,1005.68
29304000,912.92
29307600,819.32
29311200,731.26
29314800,654.73
29318400,594.97
29322000,556.03
29325600,540.57
29329200,549.65
29332800,582.65
29336400,637.31
29340000,709.92
29343600,795.52
29347200,888.28
29350800,981.88
29354400,1069.94
29358000,1146.47
29361600,1206.23
29365200,1245.17
29368800,1260.63
29372400,1251.55
29376000,1218.55
29379600,1163.89
29383200,1091.28
29386800,1005.68
29390400,912.92
29394000,819.32
29397600,731.26
29401200,654.73
29404800,594.97
29408400,556.03
29412000,540.57
29415600,549.65
29419200,582.65
29422800,637.31
29426400,709.92
29430000,795.52
29433600,888.28
29437200,981.88
29440800,1069.94
29444400,1146.47
29448000,1206.23
29451600,1245.17
29455200,1260.63
29458800,1251.55
29462400,1218.55
29466000,1163.89
29469600,1091.28
29473200,1005.68
29476800,912.92
29480400,819.32
29484000,731.26
29487600,654.73
29491200,594.97
29494800,556.03
29498400,540.57
29502000,549.65
29505600,582.65
29509200,637.31
29512800,709.92
29516400,795.52
29520000,888.28
29523600,981.88
29527200,1069.94
29530800,1146.47
29534400,1206.23
29538000,1245.17
29541600,1260.63
29545200,1251.55
29548800,1218.55
29552400,1163.89
29556000,1091.28
29559600,1005.68
29563200,912.92
29566800,819.32
29570400,731.26
29574000,654.73
29577600,594.97
29581200,556.03
29584800,540.57
29588400,549.65
29592000,582.65
29595600,637.31
29599200,709.92
29602800,795.52
29606400,888.28
29610000,981.88
29613600,1069.94
29617200,1146.47
29620800,1206.23
29624400,1245.17
29628000,1260.63
29631600,1251.55
29635200,1218.55
29638800,1163.89
29642400,1091.28
29646000,1005.68
29649600,912.92
29653200,819.32
29656800,731.26
29660400,654.73
29664000,594.97
29667600,556.03
29671200,540.57
29674800,549.65
29678400,582.65
29682000,637.31
29685600,709.92
29689200,795.52
29692800,888.28
29696400,981.88
29700000,1069.94
29703600,1146.47
29707200,1206.23
29710800,1245.17
29714400,1260.63
29718000,1251.55
29721600,1218.55
29725200,1163.89
29728800,1091.28
29732400,1005.68
29736000,912.92
29739600,819.32
29743200,731.26
29746800,654.73
29750400,594.97
29754000,556.03
29757600,540.57
29761200,549.65
29764800,582.65
29768400,637.31
29772000,709.92
29775600,795.52
29779200,888.28
29782800,981.88
29786400,1069.94
29790000,1146.47
29793600,1206.23
29797200,1245.17
29800800,1260.63
29804400,1251.55
29808000,1218.55
29811600,1163.89
29815200,1091.28
29818800,1005.68
29822400,912.92
29826000,819.32
29829600,731.26
29833200,654.73
29836800,594.97
29840400,556.03
29844000,540.57
29847600,549.65
29851200,582.65
29854800,637.31
29858400,709.92
29862000,795.52
29865600,888.28
29869200,981.88
29872800,1069.94
29876400,1146.47
29880000,1206.23
29883600,1245.17
29887200,1260.63
29890800,1251.55
29894400,1218.55
29898000,1163.89
29901600,1091.28
29905200,1005.68
29908800,912.92
29912400,819.32
29916000,731.26
29919600,654.73
29923200,594.97
29926800,556.03
29930400,540.57
29934000,549.65
29937600,582.65
29941200,637.31
29944800,709.92
29948400,795.52
29952000,888.28
29955600,981.88
29959200,1069.94
29962800,1146.47
29966400,1206.23
29970000,1245.17
29973600,1260.63
29977200,1251.55
29980800,1218.55
29984400,1163.89
29988000,1091.28
29991600,1005.68
29995200,912.92
29998800,819.32
30002400,731.26
30006000,654.73
30009600,594.97
30013200,556.03
30016800,540.57
30020400,549.65
30024000,582.65
30027600,637.31
30031200,709.92
30034800,795.52
30038400,888.28
30042000,981.88
30045600,1069.94
30049200,1146.47
30052800,1206.23
30056400,1245.17
30060000,1260.63
30063600,1251.55
30067200,1218.55
30070800,1163.89
30074400,1091.28
30078000,1005.68
30081600,912.92
30085200,819.32
30088800,731.26
30092400,654.73
30096000,594.97
30099600,556.03
30103200,540.57
30106800,549.65
30110400,582.65
30114000,637.31
30117600,709.92
30121200,795.52
30124800,888.28
30128400,981.88
30132000,1069.94
30135600,1146.47
30139200,1206.23
30142800,1245.17
30146400,1260.63
30150000,1251.55
30153600,1218.55
30157200,1163.89
30160800,1091.28
30164400,1005.68
30168000,912.92
30171600,819.32
30175200,731.26
30178800,654.73
30182400,594.97
30186000,556.03
30189600,540.57
30193200,549.65
30196800,582.65
30200400,637.31
30204000,709.92
30207600,795.52
30211200,888.28
30214800,981.88
30218400,1069.94
30222000,1146.47
30225600,1206.23
30229200,1245.17
30232800,1260.63
30236400,1251.55
30240000,1218.55
30243600,1163.89
30247200,1091.28
30250800,1005.68
30254400,912.92
30258000,819.32
30261600,731.26
30265200,654.73
30268800,594.97
30272400,556.03
30276000,540.57
30279600,549.65
30283200,582.65
30286800,637.31
30290400,709.92
30294000,795.52
30297600,888.28
30301200,981.88
30304800,1069.94
30308400,1146.47
30312000,1206.23
30315600,1245.17
30319200,1260.63
30322800,1251.55
30326400,1218.55
30330000,1163.89
30333600,1091.28
30337200,1005.68
30340800,912.92
30344400,819.32
30348000,731.26
30351600,654.73
30355200,594.97
30358800,556.03
30362400,540.57
30366000,549.65
30369600,582.65
30373200,637.31
30376800,709.92
30380400,795.52
30384000,888.28
30387600,981.88
30391200,1069.94
30394800,1146.47
30398400,1206.23
30402000,1245.17
30405600,1260.63
30409200,1251.55
30412800,1218.55
30416400,1163.89
30420000,1091.28
30423600,1005.68
30427200,912.92
30430800,819.32
30434400,731.26
30438000,654.73
30441600,594.97
30445200,556.03
30448800,540.57
30452400,549.65
30456000,582.65
30459600,637.31
30463200,709.92
30466800,795.52
30470400,888.28
30474000,981.88
30477600,1069.94
30481200,1146.47
30484800,1206.23
30488400,1245.17
30492000,1260.63
30495600,1251.55
30499200,1218.55
30502800,1163.89
30506400,1091.28
30510000,1005.68
30513600,912.92
30517200,819.32
30520800,731.26
30524400,654.73
30528000,594.97
30531600,556.03
30535200,540.57
30538800,549.65
30542400,582.65
30546000,637.31
30549600,709.92
30553200,795.52
30556800,888.28
30560400,981.88
30564000,1069.94
30567600,1146.47
30571200,1206.23
30574800,1245.17
30578400,1260.63
30582000,1251.55
30585600,1218.55
30589200,1163.89
30592800,1091.28
30596400,1005.68
30600000,912.92
30603600,819.32
30607200,731.26
30610800,654.73
30614400,594.97
30618000,556.03
30621600,540.57
30625200,549.65
30628800,582.65
30632400,637.31
30636000,709.92
30639600,795.52
30643200,888.28
30646800,981.88
30650400,1069.94
30654000,1146.47
30657600,1206.23
30661200,1245.17
30664800,1260.63
30668400,1251.55
30672000,1218.55
30675600,1163.89
30679200,1091.28
30682800,1005.68
30686400,912.92
30690000,819.32
30693600,731.26
30697200,654.73
30700800,594.97
30704400,556.03
30708000,540.57
30711600,549.65
30715200,582.65
30718800,637.31
30722400,709.92
30726000,795.52
30729600,888.28
30733200,981.88
30736800,1069.94
30740400,1146.47
30744000,1206.23
30747600,1245.17
30751200,1260.63
30754800,1251.55
30758400,1218.55
30762000,1163.89
30765600,1091.28
30769200,1005.68
30772800,912.92
30776400,819.32
30780000,731.26
30783600,654.73
30787200,594.97
30790800,556.03
30794400,540.57
30798000,549.65
30801600,582.65
30805200,637.31
30808800,709.92
30812400,795.52
30816000,888.28
30819600,981.88
30823200,1069.94
30826800,1146.47
30830400,1206.23
30834000,1245.17
30837600,1260.63
30841200,1251.55
30844800,1218.55
30848400,1163.89
30852000,1091.28
30855600,1005.68
30859200,912.92
30862800,819.32
30866400,731.26
30870000,654.73
30873600,594.97
30877200,556.03
30880800,540.57
30884400,549.65
30888000,582.65
30891600,637.31
30895200,709.92
30898800,795.52
30902400,888.28
30906000,981.88
30909600,1069.94
30913200,1146.47
30916800,1206.23
30920400,1245.17
30924000,1260.63
30927600,1251.55
30931200,1218.55
30934800,1163.89
30938400,1091.28
30942000,1005.68
30945600,912.92
30949200,819.32
30952800,731.26
30956400,654.73
30960000,594.97
30963600,556.03
30967200,540.57
30970800,549.65
30974400,582.65
30978000,637.31
30981600,709.92
30985200,795.52
30988800,888.28
30992400,981.88
30996000,1069.94
30999600,1146.47
31003200,1206.23
31006800,1245.17
31010400,1260.63
31014000,1251.55
31017600,1218.55
31021200,1163.89
31024800,1091.28
31028400,1005.68
31032000,912.92
31035600,819.32
31039200,731.26
31042800,654.73
31046400,594.97
31050000,556.03
31053600,540.57
31057200,549.65
31060800,582.65
31064400,637.31
31068000,709.92
31071600,795.52
31075200,888.28
31078800,981.88
31082400,1069.94
31086000,1146.47
31089600,1206.23
31093200,1245.17
31096800,1260.63
31100400,1251.55
31104000,1218.55
31107600,1163.89
31111200,1091.28
31114800,1005.68
31118400,912.92
31122000,819.32
31125600,731.26
31129200,654.73
31132800,594.97
31136400,556.03
31140000,540.57
31143600,549.65
31147200,582.65
31150800,637.31
31154400,709.92
31158000,795.52
31161600,888.28
31165200,981.88
31168800,1069.94
31172400,1146.47
31176000,1206.23
31179600,1245.17
31183200,1260.63
31186800,1251.55
31190400,1218.55
31194000,1163.89
31197600,1091.28
31201200,1005.68
31204800,912.92
31208400,819.32
31212000,731.26
31215600,654.73
31219200,594.97
31222800,556.03
31226400,540.57
31230000,549.65
31233600,582.65
31237200,637.31
31240800,709.92
31244400,795.52
31248000,888.28
31251600,981.88
31255200,1069.94
31258800,1146.47
31262400,1206.23
31266000,1245.17
31269600,1260.63
31273200,1251.55
31276800,1218.55
31280400,1163.89
31284000,1091.28
31287600,1005.68
31291200,912.92
31294800,819.32
31298400,731.26
31302000,654.73
31305600,594.97
31309200,556.03
31312800,540.57
31316400,549.65
31320000,582.65
31323600,637.31
31327200,709.92
31330800,795.52
31334400,888.28
31338000,981.88
31341600,1069.94
31345200,1146.47
31348800,1206.23
31352400,1245.17
31356000,1260.63
31359600,1251.55
31363200,1218.55
31366800,1163.89
31370400,1091.28
31374000,1005.68
31377600,912.92
31381200,819.32
31384800,731.26
31388400,654.73
31392000,594.97
31395600,556.03
31399200,540.57
31402800,549.65
31406400,582.65
31410000,637.31
31413600,709.92
31417200,795.52
31420800,888.28
31424400,981.88
31428000,1069.94
31431600,1146.47
31435200,1206.23
31438800,1245.17
31442400,1260.63
31446000,1251.55
31449600,1218.55
31453200,1163.89
31456800,1091.28
31460400,1005.68
31464000,912.92
31467600,819.32
31471200,731.26
31474800,654.73
31478400,594.97
31482000,556.03
31485600,540.57
31489200,549.65
31492800,582.65
31496400,637.31
31500000,709.92
31503600,795.52
31507200,888.28
31510800,981.88
31514400,1069.94
31518000,1146.47
31521600,1206.23
31525200,1245.17
31528800,1260.63
31532400,1251.55
31536000,1218.55
