t_seconds,gco2_per_kwh
0,91.0
3600,90.18
7200,87.65
10800,83.57
14400,78.23
18000,71.98
21600,65.26
25200,58.53
28800,52.23
32400,46.8
36000,42.62
39600,39.96
43200,39.0
46800,39.82
50400,42.35
54000,46.43
57600,51.77
61200,58.02
64800,64.74
68400,71.47
72000,77.77
75600,83.2
79200,87.38
82800,90.04
86400,91.0
90000,90.18
93600,87.65
97200,83.57
100800,78.23
104400,71.98
108000,65.26
111600,58.53
115200,52.23
118800,46.8
122400,42.62
126000,39.96
129600,39.0
133200,39.82
136800,42.35
140400,46.43
144000,51.77
147600,58.02
151200,64.74
154800,71.47
158400,77.77
162000,83.2
165600,87.38
169200,90.04
172800,91.0
176400,90.18
180000,87.65
183600,83.57
187200,78.23
190800,71.98
194400,65.26
198000,58.53
201600,52.23
205200,46.8
208800,42.62
212400,39.96
216000,39.0
219600,39.82
223200,42.35
226800,46.43
230400,51.77
234000,58.02
237600,64.74
241200,71.47
244800,77.77
248400,83.2
252000,87.38
255600,90.04
259200,91.0
262800,90.18
266400,87.65
270000,83.57
273600,78.23
277200,71.98
280800,65.26
284400,58.53
288000,52.23
291600,46.8
295200,42.62
298800,39.96
302400,39.0
306000,39.82
309600,42.35
313200,46.43
316800,51.77
320400,58.02
324000,64.74
327600,71.47
331200,77.77
334800,83.2
338400,87.38
342000,90.04
345600,91.0
349200,90.18
352800,87.65
356400,83.57
360000,78.23
363600,71.98
367200,65.26
370800,58.53
374400,52.23
378000,46.8
381600,42.62
385200,39.96
388800,39.0
392400,39.82
396000,42.35
399600,46.43
403200,51.77
406800,58.02
410400,64.74
414000,71.47
417600,77.77
421200,83.2
424800,87.38
428400,90.04
432000,91.0
435600,90.18
439200,87.65
442800,83.57
446400,78.23
450000,71.98
453600,65.26
457200,58.53
460800,52.23
464400,46.8
468000,42.62
471600,39.96
475200,39.0
478800,39.82
482400,42.35
486000,46.43
489600,51.77
493200,58.02
496800,64.74
500400,71.47
504000,77.77
507600,83.2
511200,87.38
514800,90.04
518400,91.0
522000,90.18
525600,87.65
529200,83.57
532800,78.23
536400,71.98
540000,65.26
543600,58.53
547200,52.23
550800,46.8
554400,42.62
558000,39.96
561600,39.0
565200,39.82
568800,42.35
572400,46.43
576000,51.77
579600,58.02
583200,64.74
586800,71.47
590400,77.77
594000,83.2
597600,87.38
601200,90.04
604800,91.0
608400,90.18
612000,87.65
615600,83.57
619200,78.23
622800,71.98
626400,65.26
630000,58.53
633600,52.23
637200,46.8
640800,42.62
644400,39.96
648000,39.0
651600,39.82
655200,42.35
658800,46.43
662400,51.77
666000,58.02
669600,64.74
673200,71.47
676800,77.77
680400,83.2
684000,87.38
687600,90.04
691200,91.0
694800,90.18
698400,87.65
702000,83.57
705600,78.23
709200,71.98
712800,65.26
716400,58.53
720000,52.23
723600,46.8
727200,42.62
730800,39.96
734400,39.0
738000,39.82
741600,42.35
745200,46.43
748800,51.77
752400,58.02
756000,64.74
759600,71.47
763200,77.77
766800,83.2
770400,87.38
774000,90.04
777600,91.0
781200,90.18
784800,87.65
788400,83.57
792000,78.23
795600,71.98
799200,65.26
802800,58.53
806400,52.23
810000,46.8
813600,42.62
817200,39.96
820800,39.0
824400,39.82
828000,42.35
831600,46.43
835200,51.77
838800,58.02
842400,64.74
846000,71.47
849600,77.77
853200,83.2
856800,87.38
860400,90.04
864000,91.0
867600,90.18
871200,87.65
874800,83.57
878400,78.23
882000,71.98
885600,65.26
889200,58.53
892800,52.23
896400,46.8
900000,42.62
903600,39.96
907200,39.0
910800,39.82
914400,42.35
918000,46.43
921600,51.77
925200,58.02
928800,64.74
932400,71.47
936000,77.77
939600,83.2
943200,87.38
946800,90.04
950400,91.0
954000,90.18
957600,87.65
961200,83.57
964800,78.23
968400,71.98
972000,65.26
975600,58.53
979200,52.23
982800,46.8
986400,42.62
990000,39.96
993600,39.0
997200,39.82
1000800,42.35
1004400,46.43
1008000,51.77
1011600,58.02
1015200,64.74
1018800,71.47
1022400,77.77
1026000,83.2
1029600,87.38
1033200,90.04
1036800,91.0
1040400,90.18
1044000,87.65
1047600,83.57
1051200,78.23
1054800,71.98
1058400,65.26
1062000,58.53
1065600,52.23
1069200,46.8
1072800,42.62
1076400,39.96
1080000,39.0
1083600,39.82
1087200,42.35
1090800,46.43
1094400,51.77
1098000,58.02
1101600,64.74
1105200,71.47
1108800,77.77
1112400,83.2
1116000,87.38
1119600,90.04
1123200,91.0
1126800,90.18
1130400,87.65
1134000,83.57
1137600,78.23
1141200,71.98
1144800,65.26
1148400,58.53
1152000,52.23
1155600,46.8
1159200,42.62
1162800,39.96
1166400,39.0
1170000,39.82
1173600,42.35
1177200,46.43
1180800,51.77
1184400,58.02
1188000,64.74
1191600,71.47
1195200,77.77
1198800,83.2
1202400,87.38
1206000,90.04
1209600,91.0
1213200,90.18
1216800,87.65
1220400,83.57
1224000,78.23
1227600,71.98
1231200,65.26
1234800,58.53
1238400,52.23
1242000,46.8
1245600,42.62
1249200,39.96
1252800,39.0
1256400,39.82
1260000,42.35
1263600,46.43
1267200,51.77
1270800,58.02
1274400,64.74
1278000,71.47
1281600,77.77
1285200,83.2
1288800,87.38
1292400,90.04
1296000,91.0
1299600,90.18
1303200,87.65
1306800,83.57
1310400,78.23
1314000,71.98
1317600,65.26
1321200,58.53
1324800,52.23
1328400,46.8
1332000,42.62
1335600,39.96
1339200,39.0
1342800,39.82
1346400,42.35
1350000,46.43
1353600,51.77
1357200,58.02
1360800,64.74
1364400,71.47
1368000,77.77
1371600,83.2
1375200,87.38
1378800,90.04
1382400,91.0
1386000,90.18
1389600,87.65
1393200,83.57
1396800,78.23
1400400,71.98
1404000,65.26
1407600,58.53
1411200,52.23
1414800,46.8
1418400,42.62
1422000,39.96
1425600,39.0
1429200,39.82
1432800,42.35
1436400,46.43
1440000,51.77
1443600,58.02
1447200,64.74
1450800,71.47
1454400,77.77
1458000,83.2
1461600,87.38
1465200,90.04
1468800,91.0
1472400,90.18
1476000,87.65
1479600,83.57
1483200,78.23
1486800,71.98
1490400,65.26
1494000,58.53
1497600,52.23
1501200,46.8
1504800,42.62
1508400,39.96
1512000,39.0
1515600,39.82
1519200,42.35
1522800,46.43
1526400,51.77
1530000,58.02
1533600,64.74
1537200,71.47
1540800,77.77
1544400,83.2
1548000,87.38
1551600,90.04
1555200,91.0
1558800,90.18
1562400,87.65
1566000,83.57
1569600,78.23
1573200,71.98
1576800,65.26
1580400,58.53
1584000,52.23
1587600,46.8
1591200,42.62
1594800,39.96
1598400,39.0
1602000,39.82
1605600,42.35
1609200,46.43
1612800,51.77
1616400,58.02
1620000,64.74
1623600,71.47
1627200,77.77
1630800,83.2
1634400,87.38
1638000,90.04
1641600,91.0
1645200,90.18
1648800,87.65
1652400,83.57
1656000,78.23
1659600,71.98
1663200,65.26
1666800,58.53
1670400,52.23
1674000,46.8
1677600,42.62
1681200,39.96
1684800,39.0
1688400,39.82
1692000,42.35
1695600,46.43
1699200,51.77
1702800,58.02
1706400,64.74
1710000,71.47
1713600,77.77
1717200,83.2
1720800,87.38
1724400,90.04
1728000,91.0
1731600,90.18
1735200,87.65
1738800,83.57
1742400,78.23
1746000,71.98
1749600,65.26
1753200,58.53
1756800,52.23
1760400,46.8
1764000,42.62
1767600,39.96
1771200,39.0
1774800,39.82
1778400,42.35
1782000,46.43
1785600,51.77
1789200,58.02
1792800,64.74
1796400,71.47
1800000,77.77
1803600,83.2
1807200,87.38
1810800,90.04
1814400,91.0
1818000,90.18
1821600,87.65
1825200,83.57
1828800,78.23
1832400,71.98
1836000,65.26
1839600,58.53
1843200,52.23
1846800,46.8
1850400,42.62
1854000,39.96
1857600,39.0
1861200,39.82
1864800,42.35
1868400,46.43
1872000,51.77
1875600,58.02
1879200,64.74
1882800,71.47
1886400,77.77
1890000,83.2
1893600,87.38
1897200,90.04
1900800,91.0
1904400,90.18
1908000,87.65
1911600,83.57
1915200,78.23
1918800,71.98
1922400,65.26
1926000,58.53
1929600,52.23
1933200,46.8
1936800,42.62
1940400,39.96
1944000,39.0
1947600,39.82
1951200,42.35
1954800,46.43
1958400,51.77
1962000,58.02
1965600,64.74
1969200,71.47
1972800,77.77
1976400,83.2
1980000,87.38
1983600,90.04
1987200,91.0
1990800,90.18
1994400,87.65
1998000,83.57
2001600,78.23
2005200,71.98
2008800,65.26
2012400,58.53
2016000,52.23
2019600,46.8
2023200,42.62
2026800,39.96
2030400,39.0
2034000,39.82
2037600,42.35
2041200,46.43
2044800,51.77
2048400,58.02
2052000,64.74
2055600,71.47
2059200,77.77
2062800,83.2
2066400,87.38
2070000,90.04
2073600,91.0
2077200,90.18
2080800,87.65
2084400,83.57
2088000,78.23
2091600,71.98
2095200,65.26
2098800,58.53
2102400,52.23
2106000,46.8
2109600,42.62
2113200,39.96
2116800,39.0
2120400,39.82
2124000,42.35
2127600,46.43
2131200,51.77
2134800,58.02
2138400,64.74
2142000,71.47
2145600,77.77
2149200,83.2
2152800,87.38
2156400,90.04
2160000,91.0
2163600,90.18
2167200,87.65
2170800,83.57
2174400,78.23
2178000,71.98
2181600,65.26
2185200,58.53
2188800,52.23
2192400,46.8
2196000,42.62
2199600,39.96
2203200,39.0
2206800,39.82
2210400,42.35
2214000,46.43
2217600,51.77
2221200,58.02
2224800,64.74
2228400,71.47
2232000,77.77
2235600,83.2
2239200,87.38
2242800,90.04
2246400,91.0
2250000,90.18
2253600,87.65
2257200,83.57
2260800,78.23
2264400,71.98
2268000,65.26
2271600,58.53
2275200,52.23
2278800,46.8
2282400,42.62
2286000,39.96
2289600,39.0
2293200,39.82
2296800,42.35
2300400,46.43
2304000,51.77
2307600,58.02
2311200,64.74
2314800,71.47
2318400,77.77
2322000,83.2
2325600,87.38
2329200,90.04
2332800,91.0
2336400,90.18
2340000,87.65
2343600,83.57
2347200,78.23
2350800,71.98
2354400,65.26
2358000,58.53
2361600,52.23
2365200,46.8
2368800,42.62
2372400,39.96
2376000,39.0
2379600,39.82
2383200,42.35
2386800,46.43
2390400,51.77
2394000,58.02
2397600,64.74
2401200,71.47
2404800,77.77
2408400,83.2
2412000,87.38
2415600,90.04
2419200,91.0
2422800,90.18
2426400,87.65
2430000,83.57
2433600,78.23
2437200,71.98
2440800,65.26
2444400,58.53
2448000,52.23
2451600,46.8
2455200,42.62
2458800,39.96
2462400,39.0
2466000,39.82
2469600,42.35
2473200,46.43
2476800,51.77
2480400,58.02
2484000,64.74
2487600,71.47
2491200,77.77
2494800,83.2
2498400,87.38
2502000,90.04
2505600,91.0
2509200,90.18
2512800,87.65
2516400,83.57
2520000,78.23
2523600,71.98
2527200,65.26
2530800,58.53
2534400,52.23
2538000,46.8
2541600,42.62
2545200,39.96
2548800,39.0
2552400,39.82
2556000,42.35
2559600,46.43
2563200,51.77
2566800,58.02
2570400,64.74
2574000,71.47
2577600,77.77
2581200,83.2
2584800,87.38
2588400,90.04
2592000,91.0
2595600,90.18
2599200,87.65
2602800,83.57
2606400,78.23
2610000,71.98
2613600,65.26
2617200,58.53
2620800,52.23
2624400,46.8
2628000,42.62
2631600,39.96
2635200,39.0
2638800,39.82
2642400,42.35
2646000,46.43
2649600,51.77
2653200,58.02
2656800,64.74
2660400,71.47
2664000,77.77
2667600,83.2
2671200,87.38
2674800,90.04
2678400,91.0
2682000,90.18
2685600,87.65
2689200,83.57
2692800,78.23
2696400,71.98
2700000,65.26
2703600,58.53
2707200,52.23
2710800,46.8
2714400,42.62
2718000,39.96
2721600,39.0
2725200,39.82
2728800,42.35
2732400,46.43
2736000,51.77
2739600,58.02
2743200,64.74
2746800,71.47
2750400,77.77
2754000,83.2
2757600,87.38
2761200,90.04
2764800,91.0
2768400,90.18
2772000,87.65
2775600,83.57
2779200,78.23
2782800,71.98
2786400,65.26
2790000,58.53
2793600,52.23
2797200,46.8
2800800,42.62
2804400,39.96
2808000,39.0
2811600,39.82
2815200,42.35
2818800,46.43
2822400,51.77
2826000,58.02
2829600,64.74
2833200,71.47
2836800,77.77
2840400,83.2
2844000,87.38
2847600,90.04
2851200,91.0
2854800,90.18
2858400,87.65
2862000,83.57
2865600,78.23
2869200,71.98
2872800,65.26
2876400,58.53
2880000,52.23
2883600,46.8
2887200,42.62
2890800,39.96
2894400,39.0
2898000,39.82
2901600,42.35
2905200,46.43
2908800,51.77
2912400,58.02
2916000,64.74
2919600,71.47
2923200,77.77
2926800,83.2
2930400,87.38
2934000,90.04
2937600,91.0
2941200,90.18
2944800,87.65
2948400,83.57
2952000,78.23
2955600,71.98
2959200,65.26
2962800,58.53
2966400,52.23
2970000,46.8
2973600,42.62
2977200,39.96
2980800,39.0
2984400,39.82
2988000,42.35
2991600,46.43
2995200,51.77
2998800,58.02
3002400,64.74
3006000,71.47
3009600,77.77
3013200,83.2
3016800,87.38
3020400,90.04
3024000,91.0
3027600,90.18
3031200,87.65
3034800,83.57
3038400,78.23
3042000,71.98
3045600,65.26
3049200,58.53
3052800,52.23
3056400,46.8
3060000,42.62
3063600,39.96
3067200,39.0
3070800,39.82
3074400,42.35
3078000,46.43
3081600,51.77
3085200,58.02
3088800,64.74
3092400,71.47
3096000,77.77
3099600,83.2
3103200,87.38
3106800,90.04
3110400,91.0
3114000,90.18
3117600,87.65
3121200,83.57
3124800,78.23
3128400,71.98
3132000,65.26
3135600,58.53
3139200,52.23
3142800,46.8
3146400,42.62
3150000,39.96
3153600,39.0
3157200,39.82
3160800,42.35
3164400,46.43
3168000,51.77
3171600,58.02
3175200,64.74
3178800,71.47
3182400,77.77
3186000,83.2
3189600,87.38
3193200,90.04
3196800,91.0
3200400,90.18
3204000,87.65
3207600,83.57
3211200,78.23
3214800,71.98
3218400,65.26
3222000,58.53
3225600,52.23
3229200,46.8
3232800,42.62
3236400,39.96
3240000,39.0
3243600,39.82
3247200,42.35
3250800,46.43
3254400,51.77
3258000,58.02
3261600,64.74
3265200,71.47
3268800,77.77
3272400,83.2
3276000,87.38
3279600,90.04
3283200,91.0
3286800,90.18
3290400,87.65
3294000,83.57
3297600,78.23
3301200,71.98
3304800,65.26
3308400,58.53
3312000,52.23
3315600,46.8
3319200,42.62
3322800,39.96
3326400,39.0
3330000,39.82
3333600,42.35
3337200,46.43
3340800,51.77
3344400,58.02
3348000,64.74
3351600,71.47
3355200,77.77
3358800,83.2
3362400,87.38
3366000,90.04
3369600,91.0
3373200,90.18
3376800,87.65
3380400,83.57
3384000,78.23
3387600,71.98
3391200,65.26
3394800,58.53
3398400,52.23
3402000,46.8
3405600,42.62
3409200,39.96
3412800,39.0
3416400,39.82
3420000,42.35
3423600,46.43
3427200,51.77
3430800,58.02
3434400,64.74
3438000,71.47
3441600,77.77
3445200,83.2
3448800,87.38
3452400,90.04
3456000,91.0
3459600,90.18
3463200,87.65
3466800,83.57
3470400,78.23
3474000,71.98
3477600,65.26
3481200,58.53
3484800,52.23
3488400,46.8
3492000,42.62
3495600,39.96
3499200,39.0
3502800,39.82
3506400,42.35
3510000,46.43
3513600,51.77
3517200,58.02
3520800,64.74
3524400,71.47
3528000,77.77
3531600,83.2
3535200,87.38
3538800,90.04
3542400,91.0
3546000,90.18
3549600,87.65
3553200,83.57
3556800,78.23
3560400,71.98
3564000,65.26
3567600,58.53
3571200,52.23
3574800,46.8
3578400,42.62
3582000,39.96
3585600,39.0
3589200,39.82
3592800,42.35
3596400,46.43
3600000,51.77
3603600,58.02
3607200,64.74
3610800,71.47
3614400,77.77
3618000,83.2
3621600,87.38
3625200,90.04
3628800,91.0
3632400,90.18
3636000,87.65
3639600,83.57
3643200,78.23
3646800,71.98
3650400,65.26
3654000,58.53
3657600,52.23
3661200,46.8
3664800,42.62
3668400,39.96
3672000,39.0
3675600,39.82
3679200,42.35
3682800,46.43
3686400,51.77
3690000,58.02
3693600,64.74
3697200,71.47
3700800,77.77
3704400,83.2
3708000,87.38
3711600,90.04
3715200,91.0
3718800,90.18
3722400,87.65
3726000,83.57
3729600,78.23
3733200,71.98
3736800,65.26
3740400,58.53
3744000,52.23
3747600,46.8
3751200,42.62
3754800,39.96
3758400,39.0
3762000,39.82
3765600,42.35
3769200,46.43
3772800,51.77
3776400,58.02
3780000,64.74
3783600,71.47
3787200,77.77
3790800,83.2
3794400,87.38
3798000,90.04
3801600,91.0
3805200,90.18
3808800,87.65
3812400,83.57
3816000,78.23
3819600,71.98
3823200,65.26
3826800,58.53
3830400,52.23
3834000,46.8
3837600,42.62
3841200,39.96
3844800,39.0
3848400,39.82
3852000,42.35
3855600,46.43
3859200,51.77
3862800,58.02
3866400,64.74
3870000,71.47
3873600,77.77
3877200,83.2
3880800,87.38
3884400,90.04
3888000,91.0
3891600,90.18
3895200,87.65
3898800,83.57
3902400,78.23
3906000,71.98
3909600,65.26
3913200,58.53
3916800,52.23
3920400,46.8
3924000,42.62
3927600,39.96
3931200,39.0
3934800,39.82
3938400,42.35
3942000,46.43
3945600,51.77
3949200,58.02
3952800,64.74
3956400,71.47
3960000,77.77
3963600,83.2
3967200,87.38
3970800,90.04
3974400,91.0
3978000,90.18
3981600,87.65
3985200,83.57
3988800,78.23
3992400,71.98
3996000,65.26
3999600,58.53
4003200,52.23
4006800,46.8
4010400,42.62
4014000,39.96
4017600,39.0
4021200,39.82
4024800,42.35
4028400,46.43
4032000,51.77
4035600,58.02
4039200,64.74
4042800,71.47
4046400,77.77
4050000,83.2
4053600,87.38
4057200,90.04
4060800,91.0
4064400,90.18
4068000,87.65
4071600,83.57
4075200,78.23
4078800,71.98
4082400,65.26
4086000,58.53
4089600,52.23
4093200,46.8
4096800,42.62
4100400,39.96
4104000,39.0
4107600,39.82
4111200,42.35
4114800,46.43
4118400,51.77
4122000,58.02
4125600,64.74
4129200,71.47
4132800,77.77
4136400,83.2
4140000,87.38
4143600,90.04
4147200,91.0
4150800,90.18
4154400,87.65
4158000,83.57
4161600,78.23
4165200,71.98
4168800,65.26
4172400,58.53
4176000,52.23
4179600,46.8
4183200,42.62
4186800,39.96
4190400,39.0
4194000,39.82
4197600,42.35
4201200,46.43
4204800,51.77
4208400,58.02
4212000,64.74
4215600,71.47
4219200,77.77
4222800,83.2
4226400,87.38
4230000,90.04
4233600,91.0
4237200,90.18
4240800,87.65
4244400,83.57
4248000,78.23
4251600,71.98
4255200,65.26
4258800,58.53
4262400,52.23
4266000,46.8
4269600,42.62
4273200,39.96
4276800,39.0
4280400,39.82
4284000,42.35
4287600,46.43
4291200,51.77
4294800,58.02
4298400,64.74
4302000,71.47
4305600,77.77
4309200,83.2
4312800,87.38
4316400,90.04
4320000,91.0
4323600,90.18
4327200,87.65
4330800,83.57
4334400,78.23
4338000,71.98
4341600,65.26
4345200,58.53
4348800,52.23
4352400,46.8
4356000,42.62
4359600,39.96
4363200,39.0
4366800,39.82
4370400,42.35
4374000,46.43
4377600,51.77
4381200,58.02
4384800,64.74
4388400,71.47
4392000,77.77
4395600,83.2
4399200,87.38
4402800,90.04
4406400,91.0
4410000,90.18
4413600,87.65
4417200,83.57
4420800,78.23
4424400,71.98
4428000,65.26
4431600,58.53
4435200,52.23
4438800,46.8
4442400,42.62
4446000,39.96
4449600,39.0
4453200,39.82
4456800,42.35
4460400,46.43
4464000,51.77
4467600,58.02
4471200,64.74
4474800,71.47
4478400,77.77
4482000,83.2
4485600,87.38
4489200,90.04
4492800,91.0
4496400,90.18
4500000,87.65
4503600,83.57
4507200,78.23
4510800,71.98
4514400,65.26
4518000,58.53
4521600,52.23
4525200,46.8
4528800,42.62
4532400,39.96
4536000,39.0
4539600,39.82
4543200,42.35
4546800,46.43
4550400,51.77
4554000,58.02
4557600,64.74
4561200,71.47
4564800,77.77
4568400,83.2
4572000,87.38
4575600,90.04
4579200,91.0
4582800,90.18
4586400,87.65
4590000,83.57
4593600,78.23
4597200,71.98
4600800,65.26
4604400,58.53
4608000,52.23
4611600,46.8
4615200,42.62
4618800,39.96
4622400,39.0
4626000,39.82
4629600,42.35
4633200,46.43
4636800,51.77
4640400,58.02
4644000,64.74
4647600,71.47
4651200,77.77
4654800,83.2
4658400,87.38
4662000,90.04
4665600,91.0
4669200,90.18
4672800,87.65
4676400,83.57
4680000,78.23
4683600,71.98
4687200,65.26
4690800,58.53
4694400,52.23
4698000,46.8
4701600,42.62
4705200,39.96
4708800,39.0
4712400,39.82
4716000,42.35
4719600,46.43
4723200,51.77
4726800,58.02
4730400,64.74
4734000,71.47
4737600,77.77
4741200,83.2
4744800,87.38
4748400,90.04
4752000,91.0
4755600,90.18
4759200,87.65
4762800,83.57
4766400,78.23
4770000,71.98
4773600,65.26
4777200,58.53
4780800,52.23
4784400,46.8
4788000,42.62
4791600,39.96
4795200,39.0
4798800,39.82
4802400,42.35
4806000,46.43
4809600,51.77
4813200,58.02
4816800,64.74
4820400,71.47
4824000,77.77
4827600,83.2
4831200,87.38
4834800,90.04
4838400,91.0
4842000,90.18
4845600,87.65
4849200,83.57
4852800,78.23
4856400,71.98
4860000,65.26
4863600,58.53
4867200,52.23
4870800,46.8
4874400,42.62
4878000,39.96
4881600,39.0
4885200,39.82
4888800,42.35
4892400,46.43
4896000,51.77
4899600,58.02
4903200,64.74
4906800,71.47
4910400,77.77
4914000,83.2
4917600,87.38
4921200,90.04
4924800,91.0
4928400,90.18
4932000,87.65
4935600,83.57
4939200,78.23
4942800,71.98
4946400,65.26
4950000,58.53
4953600,52.23
4957200,46.8
4960800,42.62
4964400,39.96
4968000,39.0
4971600,39.82
4975200,42.35
4978800,46.43
4982400,51.77
4986000,58.02
4989600,64.74
4993200,71.47
4996800,77.77
5000400,83.2
5004000,87.38
5007600,90.04
5011200,91.0
5014800,90.18
5018400,87.65
5022000,83.57
5025600,78.23
5029200,71.98
5032800,65.26
5036400,58.53
5040000,52.23
5043600,46.8
5047200,42.62
5050800,39.96
5054400,39.0
5058000,39.82
5061600,42.35
5065200,46.43
5068800,51.77
5072400,58.02
5076000,64.74
5079600,71.47
5083200,77.77
5086800,83.2
5090400,87.38
5094000,90.04
5097600,91.0
5101200,90.18
5104800,87.65
5108400,83.57
5112000,78.23
5115600,71.98
5119200,65.26
5122800,58.53
5126400,52.23
5130000,46.8
5133600,42.62
5137200,39.96
5140800,39.0
5144400,39.82
5148000,42.35
5151600,46.43
5155200,51.77
5158800,58.02
5162400,64.74
5166000,71.47
5169600,77.77
5173200,83.2
5176800,87.38
5180400,90.04
5184000,91.0
5187600,90.18
5191200,87.65
5194800,83.57
5198400,78.23
5202000,71.98
5205600,65.26
5209200,58.53
5212800,52.23
5216400,46.8
5220000,42.62
5223600,39.96
5227200,39.0
5230800,39.82
5234400,42.35
5238000,46.43
5241600,51.77
5245200,58.02
5248800,64.74
5252400,71.47
5256000,77.77
5259600,83.2
5263200,87.38
5266800,90.04
5270400,91.0
5274000,90.18
5277600,87.65
5281200,83.57
5284800,78.23
5288400,71.98
5292000,65.26
5295600,58.53
5299200,52.23
5302800,46.8
5306400,42.62
5310000,39.96
5313600,39.0
5317200,39.82
5320800,42.35
5324400,46.43
5328000,51.77
5331600,58.02
5335200,64.74
5338800,71.47
5342400,77.77
5346000,83.2
5349600,87.38
5353200,90.04
5356800,91.0
5360400,90.18
5364000,87.65
5367600,83.57
5371200,78.23
5374800,71.98
5378400,65.26
5382000,58.53
5385600,52.23
5389200,46.8
5392800,42.62
5396400,39.96
5400000,39.0
5403600,39.82
5407200,42.35
5410800,46.43
5414400,51.77
5418000,58.02
5421600,64.74
5425200,71.47
5428800,77.77
5432400,83.2
5436000,87.38
5439600,90.04
5443200,91.0
5446800,90.18
5450400,87.65
5454000,83.57
5457600,78.23
5461200,71.98
5464800,65.26
5468400,58.53
5472000,52.23
5475600,46.8
5479200,42.62
5482800,39.96
5486400,39.0
5490000,39.82
5493600,42.35
5497200,46.43
5500800,51.77
5504400,58.02
5508000,64.74
5511600,71.47
5515200,77.77
5518800,83.2
5522400,87.38
5526000,90.04
5529600,91.0
5533200,90.18
5536800,87.65
5540400,83.57
5544000,78.23
5547600,71.98
5551200,65.26
5554800,58.53
5558400,52.23
5562000,46.8
5565600,42.62
5569200,39.96
5572800,39.0
5576400,39.82
5580000,42.35
5583600,46.43
5587200,51.77
5590800,58.02
5594400,64.74
5598000,71.47
5601600,77.77
5605200,83.2
5608800,87.38
5612400,90.04
5616000,91.0
5619600,90.18
5623200,87.65
5626800,83.57
5630400,78.23
5634000,71.98
5637600,65.26
5641200,58.53
5644800,52.23
5648400,46.8
5652000,42.62
5655600,39.96
5659200,39.0
5662800,39.82
5666400,42.35
5670000,46.43
5673600,51.77
5677200,58.02
5680800,64.74
5684400,71.47
5688000,77.77
5691600,83.2
5695200,87.38
5698800,90.04
5702400,91.0
5706000,90.18
5709600,87.65
5713200,83.57
5716800,78.23
5720400,71.98
5724000,65.26
5727600,58.53
5731200,52.23
5734800,46.8
5738400,42.62
5742000,39.96
5745600,39.0
5749200,39.82
5752800,42.35
5756400,46.43
5760000,51.77
5763600,58.02
5767200,64.74
5770800,71.47
5774400,77.77
5778000,83.2
5781600,87.38
5785200,90.04
5788800,91.0
5792400,90.18
5796000,87.65
5799600,83.57
5803200,78.23
5806800,71.98
5810400,65.26
5814000,58.53
5817600,52.23
5821200,46.8
5824800,42.62
5828400,39.96
5832000,39.0
5835600,39.82
5839200,42.35
5842800,46.43
5846400,51.77
5850000,58.02
5853600,64.74
5857200,71.47
5860800,77.77
5864400,83.2
5868000,87.38
5871600,90.04
5875200,91.0
5878800,90.18
5882400,87.65
5886000,83.57
5889600,78.23
5893200,71.98
5896800,65.26
5900400,58.53
5904000,52.23
5907600,46.8
5911200,42.62
5914800,39.96
5918400,39.0
5922000,39.82
5925600,42.35
5929200,46.43
5932800,51.77
5936400,58.02
5940000,64.74
5943600,71.47
5947200,77.77
5950800,83.2
5954400,87.38
5958000,90.04
5961600,91.0
5965200,90.18
5968800,87.65
5972400,83.57
5976000,78.23
5979600,71.98
5983200,65.26
5986800,58.53
5990400,52.23
5994000,46.8
5997600,42.62
6001200,39.96
6004800,39.0
6008400,39.82
6012000,42.35
6015600,46.43
6019200,51.77
6022800,58.02
6026400,64.74
6030000,71.47
6033600,77.77
6037200,83.2
6040800,87.38
6044400,90.04
6048000,91.0
6051600,90.18
6055200,87.65
6058800,83.57
6062400,78.23
6066000,71.98
6069600,65.26
6073200,58.53
6076800,52.23
6080400,46.8
6084000,42.62
6087600,39.96
6091200,39.0
6094800,39.82
6098400,42.35
6102000,46.43
6105600,51.77
6109200,58.02
6112800,64.74
6116400,71.47
6120000,77.77
6123600,83.2
6127200,87.38
6130800,90.04
6134400,91.0
6138000,90.18
6141600,87.65
6145200,83.57
6148800,78.23
6152400,71.98
6156000,65.26
6159600,58.53
6163200,52.23
6166800,46.8
6170400,42.62
6174000,39.96
6177600,39.0
6181200,39.82
6184800,42.35
6188400,46.43
6192000,51.77
6195600,58.02
6199200,64.74
6202800,71.47
6206400,77.77
6210000,83.2
6213600,87.38
6217200,90.04
6220800,91.0
6224400,90.18
6228000,87.65
6231600,83.57
6235200,78.23
6238800,71.98
6242400,65.26
6246000,58.53
6249600,52.23
6253200,46.8
6256800,42.62
6260400,39.96
6264000,39.0
6267600,39.82
6271200,42.35
6274800,46.43
6278400,51.77
6282000,58.02
6285600,64.74
6289200,71.47
6292800,77.77
6296400,83.2
6300000,87.38
6303600,90.04
6307200,91.0
6310800,90.18
6314400,87.65
6318000,83.57
6321600,78.23
6325200,71.98
6328800,65.26
6332400,58.53
6336000,52.23
6339600,46.8
6343200,42.62
6346800,39.96
6350400,39.0
6354000,39.82
6357600,42.35
6361200,46.43
6364800,51.77
6368400,58.02
6372000,64.74
6375600,71.47
6379200,77.77
6382800,83.2
6386400,87.38
6390000,90.04
6393600,91.0
6397200,90.18
6400800,87.65
6404400,83.57
6408000,78.23
6411600,71.98
6415200,65.26
6418800,58.53
6422400,52.23
6426000,46.8
6429600,42.62
6433200,39.96
6436800,39.0
6440400,39.82
6444000,42.35
6447600,46.43
6451200,51.77
6454800,58.02
6458400,64.74
6462000,71.47
6465600,77.77
6469200,83.2
6472800,87.38
6476400,90.04
6480000,91.0
6483600,90.18
6487200,87.65
6490800,83.57
6494400,78.23
6498000,71.98
6501600,65.26
6505200,58.53
6508800,52.23
6512400,46.8
6516000,42.62
6519600,39.96
6523200,39.0
6526800,39.82
6530400,42.35
6534000,46.43
6537600,51.77
6541200,58.02
6544800,64.74
6548400,71.47
6552000,77.77
6555600,83.2
6559200,87.38
6562800,90.04
6566400,91.0
6570000,90.18
6573600,87.65
6577200,83.57
6580800,78.23
6584400,71.98
6588000,65.26
6591600,58.53
6595200,52.23
6598800,46.8
6602400,42.62
6606000,39.96
6609600,39.0
6613200,39.82
6616800,42.35
6620400,46.43
6624000,51.77
6627600,58.02
6631200,64.74
6634800,71.47
6638400,77.77
6642000,83.2
6645600,87.38
6649200,90.04
6652800,91.0
6656400,90.18
6660000,87.65
6663600,83.57
6667200,78.23
6670800,71.98
6674400,65.26
6678000,58.53
6681600,52.23
6685200,46.8
6688800,42.62
6692400,39.96
6696000,39.0
6699600,39.82
6703200,42.35
6706800,46.43
6710400,51.77
6714000,58.02
6717600,64.74
6721200,71.47
6724800,77.77
6728400,83.2
6732000,87.38
6735600,90.04
6739200,91.0
6742800,90.18
6746400,87.65
6750000,83.57
6753600,78.23
6757200,71.98
6760800,65.26
6764400,58.53
6768000,52.23
6771600,46.8
6775200,42.62
6778800,39.96
6782400,39.0
6786000,39.82
6789600,42.35
6793200,46.43
6796800,51.77
6800400,58.02
6804000,64.74
6807600,71.47
6811200,77.77
6814800,83.2
6818400,87.38
6822000,90.04
6825600,91.0
6829200,90.18
6832800,87.65
6836400,83.57
6840000,78.23
6843600,71.98
6847200,65.26
6850800,58.53
6854400,52.23
6858000,46.8
6861600,42.62
6865200,39.96
6868800,39.0
6872400,39.82
6876000,42.35
6879600,46.43
6883200,51.77
6886800,58.02
6890400,64.74
6894000,71.47
6897600,77.77
6901200,83.2
6904800,87.38
6908400,90.04
6912000,91.0
6915600,90.18
6919200,87.65
6922800,83.57
6926400,78.23
6930000,71.98
6933600,65.26
6937200,58.53
6940800,52.23
6944400,46.8
6948000,42.62
6951600,39.96
6955200,39.0
6958800,39.82
6962400,42.35
6966000,46.43
6969600,51.77
6973200,58.02
6976800,64.74
6980400,71.47
6984000,77.77
6987600,83.2
6991200,87.38
6994800,90.04
6998400,91.0
7002000,90.18
7005600,87.65
7009200,83.57
7012800,78.23
7016400,71.98
7020000,65.26
7023600,58.53
7027200,52.23
7030800,46.8
7034400,42.62
7038000,39.96
7041600,39.0
7045200,39.82
7048800,42.35
7052400,46.43
7056000,51.77
7059600,58.02
7063200,64.74
7066800,71.47
7070400,77.77
7074000,83.2
7077600,87.38
7081200,90.04
7084800,91.0
7088400,90.18
7092000,87.65
7095600,83.57
7099200,78.23
7102800,71.98
7106400,65.26
7110000,58.53
7113600,52.23
7117200,46.8
7120800,42.62
7124400,39.96
7128000,39.0
7131600,39.82
7135200,42.35
7138800,46.43
7142400,51.77
7146000,58.02
7149600,64.74
7153200,71.47
7156800,77.77
7160400,83.2
7164000,87.38
7167600,90.04
7171200,91.0
7174800,90.18
7178400,87.65
7182000,83.57
7185600,78.23
7189200,71.98
7192800,65.26
7196400,58.53
7200000,52.23
7203600,46.8
7207200,42.62
7210800,39.96
7214400,39.0
7218000,39.82
7221600,42.35
7225200,46.43
7228800,51.77
7232400,58.02
7236000,64.74
7239600,71.47
7243200,77.77
7246800,83.2
7250400,87.38
7254000,90.04
7257600,91.0
7261200,90.18
7264800,87.65
7268400,83.57
7272000,78.23
7275600,71.98
7279200,65.26
7282800,58.53
7286400,52.23
7290000,46.8
7293600,42.62
7297200,39.96
7300800,39.0
7304400,39.82
7308000,42.35
7311600,46.43
7315200,51.77
7318800,58.02
7322400,64.74
7326000,71.47
7329600,77.77
7333200,83.2
7336800,87.38
7340400,90.04
7344000,91.0
7347600,90.18
7351200,87.65
7354800,83.57
7358400,78.23
7362000,71.98
7365600,65.26
7369200,58.53
7372800,52.23
7376400,46.8
7380000,42.62
7383600,39.96
7387200,39.0
7390800,39.82
7394400,42.35
7398000,46.43
7401600,51.77
7405200,58.02
7408800,64.74
7412400,71.47
7416000,77.77
7419600,83.2
7423200,87.38
7426800,90.04
7430400,91.0
7434000,90.18
7437600,87.65
7441200,83.57
7444800,78.23
7448400,71.98
7452000,65.26
7455600,58.53
7459200,52.23
7462800,46.8
7466400,42.62
7470000,39.96
7473600,39.0
7477200,39.82
7480800,42.35
7484400,46.43
7488000,51.77
7491600,58.02
7495200,64.74
7498800,71.47
7502400,77.77
7506000,83.2
7509600,87.38
7513200,90.04
7516800,91.0
7520400,90.18
7524000,87.65
7527600,83.57
7531200,78.23
7534800,71.98
7538400,65.26
7542000,58.53
7545600,52.23
7549200,46.8
7552800,42.62
7556400,39.96
7560000,39.0
7563600,39.82
7567200,42.35
7570800,46.43
7574400,51.77
7578000,58.02
7581600,64.74
7585200,71.47
7588800,77.77
7592400,83.2
7596000,87.38
7599600,90.04
7603200,91.0
7606800,90.18
7610400,87.65
7614000,83.57
7617600,78.23
7621200,71.98
7624800,65.26
7628400,58.53
7632000,52.23
7635600,46.8
7639200,42.62
7642800,39.96
7646400,39.0
7650000,39.82
7653600,42.35
7657200,46.43
7660800,51.77
7664400,58.02
7668000,64.74
7671600,71.47
7675200,77.77
7678800,83.2
7682400,87.38
7686000,90.04
7689600,91.0
7693200,90.18
7696800,87.65
7700400,83.57
7704000,78.23
7707600,71.98
7711200,65.26
7714800,58.53
7718400,52.23
7722000,46.8
7725600,42.62
7729200,39.96
7732800,39.0
7736400,39.82
7740000,42.35
7743600,46.43
7747200,51.77
7750800,58.02
7754400,64.74
7758000,71.47
7761600,77.77
7765200,83.2
7768800,87.38
7772400,90.04
7776000,91.0
7779600,90.18
7783200,87.65
7786800,83.57
7790400,78.23
7794000,71.98
7797600,65.26
7801200,58.53
7804800,52.23
7808400,46.8
7812000,42.62
7815600,39.96
7819200,39.0
7822800,39.82
7826400,42.35
7830000,46.43
7833600,51.77
7837200,58.02
7840800,64.74
7844400,71.47
7848000,77.77
7851600,83.2
7855200,87.38
7858800,90.04
7862400,91.0
7866000,90.18
7869600,87.65
7873200,83.57
7876800,78.23
7880400,71.98
7884000,65.26
7887600,58.53
7891200,52.23
7894800,46.8
7898400,42.62
7902000,39.96
7905600,39.0
7909200,39.82
7912800,42.35
7916400,46.43
7920000,51.77
7923600,58.02
7927200,64.74
7930800,71.47
7934400,77.77
7938000,83.2
7941600,87.38
7945200,90.04
7948800,91.0
7952400,90.18
7956000,87.65
7959600,83.57
7963200,78.23
7966800,71.98
7970400,65.26
7974000,58.53
7977600,52.23
7981200,46.8
7984800,42.62
7988400,39.96
7992000,39.0
7995600,39.82
7999200,42.35
8002800,46.43
8006400,51.77
8010000,58.02
8013600,64.74
8017200,71.47
8020800,77.77
8024400,83.2
8028000,87.38
8031600,90.04
8035200,91.0
8038800,90.18
8042400,87.65
8046000,83.57
8049600,78.23
8053200,71.98
8056800,65.26
8060400,58.53
8064000,52.23
8067600,46.8
8071200,42.62
8074800,39.96
8078400,39.0
8082000,39.82
8085600,42.35
8089200,46.43
8092800,51.77
8096400,58.02
8100000,64.74
8103600,71.47
8107200,77.77
8110800,83.2
8114400,87.38
8118000,90.04
8121600,91.0
8125200,90.18
8128800,87.65
8132400,83.57
8136000,78.23
8139600,71.98
8143200,65.26
8146800,58.53
8150400,52.23
8154000,46.8
8157600,42.62
8161200,39.96
8164800,39.0
8168400,39.82
8172000,42.35
8175600,46.43
8179200,51.77
8182800,58.02
8186400,64.74
8190000,71.47
8193600,77.77
8197200,83.2
8200800,87.38
8204400,90.04
8208000,91.0
8211600,90.18
8215200,87.65
8218800,83.57
8222400,78.23
8226000,71.98
8229600,65.26
8233200,58.53
8236800,52.23
8240400,46.8
8244000,42.62
8247600,39.96
8251200,39.0
8254800,39.82
8258400,42.35
8262000,46.43
8265600,51.77
8269200,58.02
8272800,64.74
8276400,71.47
8280000,77.77
8283600,83.2
8287200,87.38
8290800,90.04
8294400,91.0
8298000,90.18
8301600,87.65
8305200,83.57
8308800,78.23
8312400,71.98
8316000,65.26
8319600,58.53
8323200,52.23
8326800,46.8
8330400,42.62
8334000,39.96
8337600,39.0
8341200,39.82
8344800,42.35
8348400,46.43
8352000,51.77
8355600,58.02
8359200,64.74
8362800,71.47
8366400,77.77
8370000,83.2
8373600,87.38
8377200,90.04
8380800,91.0
8384400,90.18
8388000,87.65
8391600,83.57
8395200,78.23
8398800,71.98
8402400,65.26
8406000,58.53
8409600,52.23
8413200,46.8
8416800,42.62
8420400,39.96
8424000,39.0
8427600,39.82
8431200,42.35
8434800,46.43
8438400,51.77
8442000,58.02
8445600,64.74
8449200,71.47
8452800,77.77
8456400,83.2
8460000,87.38
8463600,90.04
8467200,91.0
8470800,90.18
8474400,87.65
8478000,83.57
8481600,78.23
8485200,71.98
8488800,65.26
8492400,58.53
8496000,52.23
8499600,46.8
8503200,42.62
8506800,39.96
8510400,39.0
8514000,39.82
8517600,42.35
8521200,46.43
8524800,51.77
8528400,58.02
8532000,64.74
8535600,71.47
8539200,77.77
8542800,83.2
8546400,87.38
8550000,90.04
8553600,91.0
8557200,90.18
8560800,87.65
8564400,83.57
8568000,78.23
8571600,71.98
8575200,65.26
8578800,58.53
8582400,52.23
8586000,46.8
8589600,42.62
8593200,39.96
8596800,39.0
8600400,39.82
8604000,42.35
8607600,46.43
8611200,51.77
8614800,58.02
8618400,64.74
8622000,71.47
8625600,77.77
8629200,83.2
8632800,87.38
8636400,90.04
8640000,91.0
8643600,90.18
8647200,87.65
8650800,83.57
8654400,78.23
8658000,71.98
8661600,65.26
8665200,58.53
8668800,52.23
8672400,46.8
8676000,42.62
8679600,39.96
8683200,39.0
8686800,39.82
8690400,42.35
8694000,46.43
8697600,51.77
8701200,58.02
8704800,64.74
8708400,71.47
8712000,77.77
8715600,83.2
8719200,87.38
8722800,90.04
8726400,91.0
8730000,90.18
8733600,87.65
8737200,83.57
8740800,78.23
8744400,71.98
8748000,65.26
8751600,58.53
8755200,52.23
8758800,46.8
8762400,42.62
8766000,39.96
8769600,39.0
8773200,39.82
8776800,42.35
8780400,46.43
8784000,51.77
8787600,58.02
8791200,64.74
8794800,71.47
8798400,77.77
8802000,83.2
8805600,87.38
8809200,90.04
8812800,91.0
8816400,90.18
8820000,87.65
8823600,83.57
8827200,78.23
8830800,71.98
8834400,65.26
8838000,58.53
8841600,52.23
8845200,46.8
8848800,42.62
8852400,39.96
8856000,39.0
8859600,39.82
8863200,42.35
8866800,46.43
8870400,51.77
8874000,58.02
8877600,64.74
8881200,71.47
8884800,77.77
8888400,83.2
8892000,87.38
8895600,90.04
8899200,91.0
8902800,90.18
8906400,87.65
8910000,83.57
8913600,78.23
8917200,71.98
8920800,65.26
8924400,58.53
8928000,52.23
8931600,46.8
8935200,42.62
8938800,39.96
8942400,39.0
8946000,39.82
8949600,42.35
8953200,46.43
8956800,51.77
8960400,58.02
8964000,64.74
8967600,71.47
8971200,77.77
8974800,83.2
8978400,87.38
8982000,90.04
8985600,91.0
8989200,90.18
8992800,87.65
8996400,83.57
9000000,78.23
9003600,71.98
9007200,65.26
9010800,58.53
9014400,52.23
9018000,46.8
9021600,42.62
9025200,39.96
9028800,39.0
9032400,39.82
9036000,42.35
9039600,46.43
9043200,51.77
9046800,58.02
9050400,64.74
9054000,71.47
9057600,77.77
9061200,83.2
9064800,87.38
9068400,90.04
9072000,91.0
9075600,90.18
9079200,87.65
9082800,83.57
9086400,78.23
9090000,71.98
9093600,65.26
9097200,58.53
9100800,52.23
9104400,46.8
9108000,42.62
9111600,39.96
9115200,39.0
9118800,39.82
9122400,42.35
9126000,46.43
9129600,51.77
9133200,58.02
9136800,64.74
9140400,71.47
9144000,77.77
9147600,83.2
9151200,87.38
9154800,90.04
9158400,91.0
9162000,90.18
9165600,87.65
9169200,83.57
9172800,78.23
9176400,71.98
9180000,65.26
9183600,58.53
9187200,52.23
9190800,46.8
9194400,42.62
9198000,39.96
9201600,39.0
9205200,39.82
9208800,42.35
9212400,46.43
9216000,51.77
9219600,58.02
9223200,64.74
9226800,71.47
9230400,77.77
9234000,83.2
9237600,87.38
9241200,90.04
9244800,91.0
9248400,90.18
9252000,87.65
9255600,83.57
9259200,78.23
9262800,71.98
9266400,65.26
9270000,58.53
9273600,52.23
9277200,46.8
9280800,42.62
9284400,39.96
9288000,39.0
9291600,39.82
9295200,42.35
9298800,46.43
9302400,51.77
9306000,58.02
9309600,64.74
9313200,71.47
9316800,77.77
9320400,83.2
9324000,87.38
9327600,90.04
9331200,91.0
9334800,90.18
9338400,87.65
9342000,83.57
9345600,78.23
9349200,71.98
9352800,65.26
9356400,58.53
9360000,52.23
9363600,46.8
9367200,42.62
9370800,39.96
9374400,39.0
9378000,39.82
9381600,42.35
9385200,46.43
9388800,51.77
9392400,58.02
9396000,64.74
9399600,71.47
9403200,77.77
9406800,83.2
9410400,87.38
9414000,90.04
9417600,91.0
9421200,90.18
9424800,87.65
9428400,83.57
9432000,78.23
9435600,71.98
9439200,65.26
9442800,58.53
9446400,52.23
9450000,46.8
9453600,42.62
9457200,39.96
9460800,39.0
9464400,39.82
9468000,42.35
9471600,46.43
9475200,51.77
9478800,58.02
9482400,64.74
9486000,71.47
9489600,77.77
9493200,83.2
9496800,87.38
9500400,90.04
9504000,91.0
9507600,90.18
9511200,87.65
9514800,83.57
9518400,78.23
9522000,71.98
9525600,65.26
9529200,58.53
9532800,52.23
9536400,46.8
9540000,42.62
9543600,39.96
9547200,39.0
9550800,39.82
9554400,42.35
9558000,46.43
9561600,51.77
9565200,58.02
9568800,64.74
9572400,71.47
9576000,77.77
9579600,83.2
9583200,87.38
9586800,90.04
9590400,91.0
9594000,90.18
9597600,87.65
9601200,83.57
9604800,78.23
9608400,71.98
9612000,65.26
9615600,58.53
9619200,52.23
9622800,46.8
9626400,42.62
9630000,39.96
9633600,39.0
9637200,39.82
9640800,42.35
9644400,46.43
9648000,51.77
9651600,58.02
9655200,64.74
9658800,71.47
9662400,77.77
9666000,83.2
9669600,87.38
9673200,90.04
9676800,91.0
9680400,90.18
9684000,87.65
9687600,83.57
9691200,78.23
9694800,71.98
9698400,65.26
9702000,58.53
9705600,52.23
9709200,46.8
9712800,42.62
9716400,39.96
9720000,39.0
9723600,39.82
9727200,42.35
9730800,46.43
9734400,51.77
9738000,58.02
9741600,64.74
9745200,71.47
9748800,77.77
9752400,83.2
9756000,87.38
9759600,90.04
9763200,91.0
9766800,90.18
9770400,87.65
9774000,83.57
9777600,78.23
9781200,71.98
9784800,65.26
9788400,58.53
9792000,52.23
9795600,46.8
9799200,42.62
9802800,39.96
9806400,39.0
9810000,39.82
9813600,42.35
9817200,46.43
9820800,51.77
9824400,58.02
9828000,64.74
9831600,71.47
9835200,77.77
9838800,83.2
9842400,87.38
9846000,90.04
9849600,91.0
9853200,90.18
9856800,87.65
9860400,83.57
9864000,78.23
9867600,71.98
9871200,65.26
9874800,58.53
9878400,52.23
9882000,46.8
9885600,42.62
9889200,39.96
9892800,39.0
9896400,39.82
9900000,42.35
9903600,46.43
9907200,51.77
9910800,58.02
9914400,64.74
9918000,71.47
9921600,77.77
9925200,83.2
9928800,87.38
9932400,90.04
9936000,91.0
9939600,90.18
9943200,87.65
9946800,83.57
9950400,78.23
9954000,71.98
9957600,65.26
9961200,58.53
9964800,52.23
9968400,46.8
9972000,42.62
9975600,39.96
9979200,39.0
9982800,39.82
9986400,42.35
9990000,46.43
9993600,51.77
9997200,58.02
10000800,64.74
10004400,71.47
10008000,77.77
10011600,83.2
10015200,87.38
10018800,90.04
10022400,91.0
10026000,90.18
10029600,87.65
10033200,83.57
10036800,78.23
10040400,71.98
10044000,65.26
10047600,58.53
10051200,52.23
10054800,46.8
10058400,42.62
10062000,39.96
10065600,39.0
10069200,39.82
10072800,42.35
10076400,46.43
10080000,51.77
10083600,58.02
10087200,64.74
10090800,71.47
10094400,77.77
10098000,83.2
10101600,87.38
10105200,90.04
10108800,91.0
10112400,90.18
10116000,87.65
10119600,83.57
10123200,78.23
10126800,71.98
10130400,65.26
10134000,58.53
10137600,52.23
10141200,46.8
10144800,42.62
10148400,39.96
10152000,39.0
10155600,39.82
10159200,42.35
10162800,46.43
10166400,51.77
10170000,58.02
10173600,64.74
10177200,71.47
10180800,77.77
10184400,83.2
10188000,87.38
10191600,90.04
10195200,91.0
10198800,90.18
10202400,87.65
10206000,83.57
10209600,78.23
10213200,71.98
10216800,65.26
10220400,58.53
10224000,52.23
10227600,46.8
10231200,42.62
10234800,39.96
10238400,39.0
10242000,39.82
10245600,42.35
10249200,46.43
10252800,51.77
10256400,58.02
10260000,64.74
10263600,71.47
10267200,77.77
10270800,83.2
10274400,87.38
10278000,90.04
10281600,91.0
10285200,90.18
10288800,87.65
10292400,83.57
10296000,78.23
10299600,71.98
10303200,65.26
10306800,58.53
10310400,52.23
10314000,46.8
10317600,42.62
10321200,39.96
10324800,39.0
10328400,39.82
10332000,42.35
10335600,46.43
10339200,51.77
10342800,58.02
10346400,64.74
10350000,71.47
10353600,77.77
10357200,83.2
10360800,87.38
10364400,90.04
10368000,91.0
10371600,90.18
10375200,87.65
10378800,83.57
10382400,78.23
10386000,71.98
10389600,65.26
10393200,58.53
10396800,52.23
10400400,46.8
10404000,42.62
10407600,39.96
10411200,39.0
10414800,39.82
10418400,42.35
10422000,46.43
10425600,51.77
10429200,58.02
10432800,64.74
10436400,71.47
10440000,77.77
10443600,83.2
10447200,87.38
10450800,90.04
10454400,91.0
10458000,90.18
10461600,87.65
10465200,83.57
10468800,78.23
10472400,71.98
10476000,65.26
10479600,58.53
10483200,52.23
10486800,46.8
10490400,42.62
10494000,39.96
10497600,39.0
10501200,39.82
10504800,42.35
10508400,46.43
10512000,51.77
10515600,58.02
10519200,64.74
10522800,71.47
10526400,77.77
10530000,83.2
10533600,87.38
10537200,90.04
10540800,91.0
10544400,90.18
10548000,87.65
10551600,83.57
10555200,78.23
10558800,71.98
10562400,65.26
10566000,58.53
10569600,52.23
10573200,46.8
10576800,42.62
10580400,39.96
10584000,39.0
10587600,39.82
10591200,42.35
10594800,46.43
10598400,51.77
10602000,58.02
10605600,64.74
10609200,71.47
10612800,77.77
10616400,83.2
10620000,87.38
10623600,90.04
10627200,91.0
10630800,90.18
10634400,87.65
10638000,83.57
10641600,78.23
10645200,71.98
10648800,65.26
10652400,58.53
10656000,52.23
10659600,46.8
10663200,42.62
10666800,39.96
10670400,39.0
10674000,39.82
10677600,42.35
10681200,46.43
10684800,51.77
10688400,58.02
10692000,64.74
10695600,71.47
10699200,77.77
10702800,83.2
10706400,87.38
10710000,90.04
10713600,91.0
10717200,90.18
10720800,87.65
10724400,83.57
10728000,78.23
10731600,71.98
10735200,65.26
10738800,58.53
10742400,52.23
10746000,46.8
10749600,42.62
10753200,39.96
10756800,39.0
10760400,39.82
10764000,42.35
10767600,46.43
10771200,51.77
10774800,58.02
10778400,64.74
10782000,71.47
10785600,77.77
10789200,83.2
10792800,87.38
10796400,90.04
10800000,91.0
10803600,90.18
10807200,87.65
10810800,83.57
10814400,78.23
10818000,71.98
10821600,65.26
10825200,58.53
10828800,52.23
10832400,46.8
10836000,42.62
10839600,39.96
10843200,39.0
10846800,39.82
10850400,42.35
10854000,46.43
10857600,51.77
10861200,58.02
10864800,64.74
10868400,71.47
10872000,77.77
10875600,83.2
10879200,87.38
10882800,90.04
10886400,91.0
10890000,90.18
10893600,87.65
10897200,83.57
10900800,78.23
10904400,71.98
10908000,65.26
10911600,58.53
10915200,52.23
10918800,46.8
10922400,42.62
10926000,39.96
10929600,39.0
10933200,39.82
10936800,42.35
10940400,46.43
10944000,51.77
10947600,58.02
10951200,64.74
10954800,71.47
10958400,77.77
10962000,83.2
10965600,87.38
10969200,90.04
10972800,91.0
10976400,90.18
10980000,87.65
10983600,83.57
10987200,78.23
10990800,71.98
10994400,65.26
10998000,58.53
11001600,52.23
11005200,46.8
11008800,42.62
11012400,39.96
11016000,39.0
11019600,39.82
11023200,42.35
11026800,46.43
11030400,51.77
11034000,58.02
11037600,64.74
11041200,71.47
11044800,77.77
11048400,83.2
11052000,87.38
11055600,90.04
11059200,91.0
11062800,90.18
11066400,87.65
11070000,83.57
11073600,78.23
11077200,71.98
11080800,65.26
11084400,58.53
11088000,52.23
11091600,46.8
11095200,42.62
11098800,39.96
11102400,39.0
11106000,39.82
11109600,42.35
11113200,46.43
11116800,51.77
11120400,58.02
11124000,64.74
11127600,71.47
11131200,77.77
11134800,83.2
11138400,87.38
11142000,90.04
11145600,91.0
11149200,90.18
11152800,87.65
11156400,83.57
11160000,78.23
11163600,71.98
11167200,65.26
11170800,58.53
11174400,52.23
11178000,46.8
11181600,42.62
11185200,39.96
11188800,39.0
11192400,39.82
11196000,42.35
11199600,46.43
11203200,51.77
11206800,58.02
11210400,64.74
11214000,71.47
11217600,77.77
11221200,83.2
11224800,87.38
11228400,90.04
11232000,91.0
11235600,90.18
11239200,87.65
11242800,83.57
11246400,78.23
11250000,71.98
11253600,65.26
11257200,58.53
11260800,52.23
11264400,46.8
11268000,42.62
11271600,39.96
11275200,39.0
11278800,39.82
11282400,42.35
11286000,46.43
11289600,51.77
11293200,58.02
11296800,64.74
11300400,71.47
11304000,77.77
11307600,83.2
11311200,87.38
11314800,90.04
11318400,91.0
11322000,90.18
11325600,87.65
11329200,83.57
11332800,78.23
11336400,71.98
11340000,65.26
11343600,58.53
11347200,52.23
11350800,46.8
11354400,42.62
11358000,39.96
11361600,39.0
11365200,39.82
11368800,42.35
11372400,46.43
11376000,51.77
11379600,58.02
11383200,64.74
11386800,71.47
11390400,77.77
11394000,83.2
11397600,87.38
11401200,90.04
11404800,91.0
11408400,90.18
11412000,87.65
11415600,83.57
11419200,78.23
11422800,71.98
11426400,65.26
11430000,58.53
11433600,52.23
11437200,46.8
11440800,42.62
11444400,39.96
11448000,39.0
11451600,39.82
11455200,42.35
11458800,46.43
11462400,51.77
11466000,58.02
11469600,64.74
11473200,71.47
11476800,77.77
11480400,83.2
11484000,87.38
11487600,90.04
11491200,91.0
11494800,90.18
11498400,87.65
11502000,83.57
11505600,78.23
11509200,71.98
11512800,65.26
11516400,58.53
11520000,52.23
11523600,46.8
11527200,42.62
11530800,39.96
11534400,39.0
11538000,39.82
11541600,42.35
11545200,46.43
11548800,51.77
11552400,58.02
11556000,64.74
11559600,71.47
11563200,77.77
11566800,83.2
11570400,87.38
11574000,90.04
11577600,91.0
11581200,90.18
11584800,87.65
11588400,83.57
11592000,78.23
11595600,71.98
11599200,65.26
11602800,58.53
11606400,52.23
11610000,46.8
11613600,42.62
11617200,39.96
11620800,39.0
11624400,39.82
11628000,42.35
11631600,46.43
11635200,51.77
11638800,58.02
11642400,64.74
11646000,71.47
11649600,77.77
11653200,83.2
11656800,87.38
11660400,90.04
11664000,91.0
11667600,90.18
11671200,87.65
11674800,83.57
11678400,78.23
11682000,71.98
11685600,65.26
11689200,58.53
11692800,52.23
11696400,46.8
11700000,42.62
11703600,39.96
11707200,39.0
11710800,39.82
11714400,42.35
11718000,46.43
11721600,51.77
11725200,58.02
11728800,64.74
11732400,71.47
11736000,77.77
11739600,83.2
11743200,87.38
11746800,90.04
11750400,91.0
11754000,90.18
11757600,87.65
11761200,83.57
11764800,78.23
11768400,71.98
11772000,65.26
11775600,58.53
11779200,52.23
11782800,46.8
11786400,42.62
11790000,39.96
11793600,39.0
11797200,39.82
11800800,42.35
11804400,46.43
11808000,51.77
11811600,58.02
11815200,64.74
11818800,71.47
11822400,77.77
11826000,83.2
11829600,87.38
11833200,90.04
11836800,91.0
11840400,90.18
11844000,87.65
11847600,83.57
11851200,78.23
11854800,71.98
11858400,65.26
11862000,58.53
11865600,52.23
11869200,46.8
11872800,42.62
11876400,39.96
11880000,39.0
11883600,39.82
11887200,42.35
11890800,46.43
11894400,51.77
11898000,58.02
11901600,64.74
11905200,71.47
11908800,77.77
11912400,83.2
11916000,87.38
11919600,90.04
11923200,91.0
11926800,90.18
11930400,87.65
11934000,83.57
11937600,78.23
11941200,71.98
11944800,65.26
11948400,58.53
11952000,52.23
11955600,46.8
11959200,42.62
11962800,39.96
11966400,39.0
11970000,39.82
11973600,42.35
11977200,46.43
11980800,51.77
11984400,58.02
11988000,64.74
11991600,71.47
11995200,77.77
11998800,83.2
12002400,87.38
12006000,90.04
12009600,91.0
12013200,90.18
12016800,87.65
12020400,83.57
12024000,78.23
12027600,71.98
12031200,65.26
12034800,58.53
12038400,52.23
12042000,46.8
12045600,42.62
12049200,39.96
12052800,39.0
12056400,39.82
12060000,42.35
12063600,46.43
12067200,51.77
12070800,58.02
12074400,64.74
12078000,71.47
12081600,77.77
12085200,83.2
12088800,87.38
12092400,90.04
12096000,91.0
12099600,90.18
12103200,87.65
12106800,83.57
12110400,78.23
12114000,71.98
12117600,65.26
12121200,58.53
12124800,52.23
12128400,46.8
12132000,42.62
12135600,39.96
12139200,39.0
12142800,39.82
12146400,42.35
12150000,46.43
12153600,51.77
12157200,58.02
12160800,64.74
12164400,71.47
12168000,77.77
12171600,83.2
12175200,87.38
12178800,90.04
12182400,91.0
12186000,90.18
12189600,87.65
12193200,83.57
12196800,78.23
12200400,71.98
12204000,65.26
12207600,58.53
12211200,52.23
12214800,46.8
12218400,42.62
12222000,39.96
12225600,39.0
12229200,39.82
12232800,42.35
12236400,46.43
12240000,51.77
12243600,58.02
12247200,64.74
12250800,71.47
12254400,77.77
12258000,83.2
12261600,87.38
12265200,90.04
12268800,91.0
12272400,90.18
12276000,87.65
12279600,83.57
12283200,78.23
12286800,71.98
12290400,65.26
12294000,58.53
12297600,52.23
12301200,46.8
12304800,42.62
12308400,39.96
12312000,39.0
12315600,39.82
12319200,42.35
12322800,46.43
12326400,51.77
12330000,58.02
12333600,64.74
12337200,71.47
12340800,77.77
12344400,83.2
12348000,87.38
12351600,90.04
12355200,91.0
12358800,90.18
12362400,87.65
12366000,83.57
12369600,78.23
12373200,71.98
12376800,65.26
12380400,58.53
12384000,52.23
12387600,46.8
12391200,42.62
12394800,39.96
12398400,39.0
12402000,39.82
12405600,42.35
12409200,46.43
12412800,51.77
12416400,58.02
12420000,64.74
12423600,71.47
12427200,77.77
12430800,83.2
12434400,87.38
12438000,90.04
12441600,91.0
12445200,90.18
12448800,87.65
12452400,83.57
12456000,78.23
12459600,71.98
12463200,65.26
12466800,58.53
12470400,52.23
12474000,46.8
12477600,42.62
12481200,39.96
12484800,39.0
12488400,39.82
12492000,42.35
12495600,46.43
12499200,51.77
12502800,58.02
12506400,64.74
12510000,71.47
12513600,77.77
12517200,83.2
12520800,87.38
12524400,90.04
12528000,91.0
12531600,90.18
12535200,87.65
12538800,83.57
12542400,78.23
12546000,71.98
12549600,65.26
12553200,58.53
12556800,52.23
12560400,46.8
12564000,42.62
12567600,39.96
12571200,39.0
12574800,39.82
12578400,42.35
12582000,46.43
12585600,51.77
12589200,58.02
12592800,64.74
12596400,71.47
12600000,77.77
12603600,83.2
12607200,87.38
12610800,90.04
12614400,91.0
12618000,90.18
12621600,87.65
12625200,83.57
12628800,78.23
12632400,71.98
12636000,65.26
12639600,58.53
12643200,52.23
12646800,46.8
12650400,42.62
12654000,39.96
12657600,39.0
12661200,39.82
12664800,42.35
12668400,46.43
12672000,51.77
12675600,58.02
12679200,64.74
12682800,71.47
12686400,77.77
12690000,83.2
12693600,87.38
12697200,90.04
12700800,91.0
12704400,90.18
12708000,87.65
12711600,83.57
12715200,78.23
12718800,71.98
12722400,65.26
12726000,58.53
12729600,52.23
12733200,46.8
12736800,42.62
12740400,39.96
12744000,39.0
12747600,39.82
12751200,42.35
12754800,46.43
12758400,51.77
12762000,58.02
12765600,64.74
12769200,71.47
12772800,77.77
12776400,83.2
12780000,87.38
12783600,90.04
12787200,91.0
12790800,90.18
12794400,87.65
12798000,83.57
12801600,78.23
12805200,71.98
12808800,65.26
12812400,58.53
12816000,52.23
12819600,46.8
12823200,42.62
12826800,39.96
12830400,39.0
12834000,39.82
12837600,42.35
12841200,46.43
12844800,51.77
12848400,58.02
12852000,64.74
12855600,71.47
12859200,77.77
12862800,83.2
12866400,87.38
12870000,90.04
12873600,91.0
12877200,90.18
12880800,87.65
12884400,83.57
12888000,78.23
12891600,71.98
12895200,65.26
12898800,58.53
12902400,52.23
12906000,46.8
12909600,42.62
12913200,39.96
12916800,39.0
12920400,39.82
12924000,42.35
12927600,46.43
12931200,51.77
12934800,58.02
12938400,64.74
12942000,71.47
12945600,77.77
12949200,83.2
12952800,87.38
12956400,90.04
12960000,91.0
12963600,90.18
12967200,87.65
12970800,83.57
12974400,78.23
12978000,71.98
12981600,65.26
12985200,58.53
12988800,52.23
12992400,46.8
12996000,42.62
12999600,39.96
13003200,39.0
13006800,39.82
13010400,42.35
13014000,46.43
13017600,51.77
13021200,58.02
13024800,64.74
13028400,71.47
13032000,77.77
13035600,83.2
13039200,87.38
13042800,90.04
13046400,91.0
13050000,90.18
13053600,87.65
13057200,83.57
13060800,78.23
13064400,71.98
13068000,65.26
13071600,58.53
13075200,52.23
13078800,46.8
13082400,42.62
13086000,39.96
13089600,39.0
13093200,39.82
13096800,42.35
13100400,46.43
13104000,51.77
13107600,58.02
13111200,64.74
13114800,71.47
13118400,77.77
13122000,83.2
13125600,87.38
13129200,90.04
13132800,91.0
13136400,90.18
13140000,87.65
13143600,83.57
13147200,78.23
13150800,71.98
13154400,65.26
13158000,58.53
13161600,52.23
13165200,46.8
13168800,42.62
13172400,39.96
13176000,39.0
13179600,39.82
13183200,42.35
13186800,46.43
13190400,51.77
13194000,58.02
13197600,64.74
13201200,71.47
13204800,77.77
13208400,83.2
13212000,87.38
13215600,90.04
13219200,91.0
13222800,90.18
13226400,87.65
13230000,83.57
13233600,78.23
13237200,71.98
13240800,65.26
13244400,58.53
13248000,52.23
13251600,46.8
13255200,42.62
13258800,39.96
13262400,39.0
13266000,39.82
13269600,42.35
13273200,46.43
13276800,51.77
13280400,58.02
13284000,64.74
13287600,71.47
13291200,77.77
13294800,83.2
13298400,87.38
13302000,90.04
13305600,91.0
13309200,90.18
13312800,87.65
13316400,83.57
13320000,78.23
13323600,71.98
13327200,65.26
13330800,58.53
13334400,52.23
13338000,46.8
13341600,42.62
13345200,39.96
13348800,39.0
13352400,39.82
13356000,42.35
13359600,46.43
13363200,51.77
13366800,58.02
13370400,64.74
13374000,71.47
13377600,77.77
13381200,83.2
13384800,87.38
13388400,90.04
13392000,91.0
13395600,90.18
13399200,87.65
13402800,83.57
13406400,78.23
13410000,71.98
13413600,65.26
13417200,58.53
13420800,52.23
13424400,46.8
13428000,42.62
13431600,39.96
13435200,39.0
13438800,39.82
13442400,42.35
13446000,46.43
13449600,51.77
13453200,58.02
13456800,64.74
13460400,71.47
13464000,77.77
13467600,83.2
13471200,87.38
13474800,90.04
13478400,91.0
13482000,90.18
13485600,87.65
13489200,83.57
13492800,78.23
13496400,71.98
13500000,65.26
13503600,58.53
13507200,52.23
13510800,46.8
13514400,42.62
13518000,39.96
13521600,39.0
13525200,39.82
13528800,42.35
13532400,46.43
13536000,51.77
13539600,58.02
13543200,64.74
13546800,71.47
13550400,77.77
13554000,83.2
13557600,87.38
13561200,90.04
13564800,91.0
13568400,90.18
13572000,87.65
13575600,83.57
13579200,78.23
13582800,71.98
13586400,65.26
13590000,58.53
13593600,52.23
13597200,46.8
13600800,42.62
13604400,39.96
13608000,39.0
13611600,39.82
13615200,42.35
13618800,46.43
13622400,51.77
13626000,58.02
13629600,64.74
13633200,71.47
13636800,77.77
13640400,83.2
13644000,87.38
13647600,90.04
13651200,91.0
13654800,90.18
13658400,87.65
13662000,83.57
13665600,78.23
13669200,71.98
13672800,65.26
13676400,58.53
13680000,52.23
13683600,46.8
13687200,42.62
13690800,39.96
13694400,39.0
13698000,39.82
13701600,42.35
13705200,46.43
13708800,51.77
13712400,58.02
13716000,64.74
13719600,71.47
13723200,77.77
13726800,83.2
13730400,87.38
13734000,90.04
13737600,91.0
13741200,90.18
13744800,87.65
13748400,83.57
13752000,78.23
13755600,71.98
13759200,65.26
13762800,58.53
13766400,52.23
13770000,46.8
13773600,42.62
13777200,39.96
13780800,39.0
13784400,39.82
13788000,42.35
13791600,46.43
13795200,51.77
13798800,58.02
13802400,64.74
13806000,71.47
13809600,77.77
13813200,83.2
13816800,87.38
13820400,90.04
13824000,91.0
13827600,90.18
13831200,87.65
13834800,83.57
13838400,78.23
13842000,71.98
13845600,65.26
13849200,58.53
13852800,52.23
13856400,46.8
13860000,42.62
13863600,39.96
13867200,39.0
13870800,39.82
13874400,42.35
13878000,46.43
13881600,51.77
13885200,58.02
13888800,64.74
13892400,71.47
13896000,77.77
13899600,83.2
13903200,87.38
13906800,90.04
13910400,91.0
13914000,90.18
13917600,87.65
13921200,83.57
13924800,78.23
13928400,71.98
13932000,65.26
13935600,58.53
13939200,52.23
13942800,46.8
13946400,42.62
13950000,39.96
13953600,39.0
13957200,39.82
13960800,42.35
13964400,46.43
13968000,51.77
13971600,58.02
13975200,64.74
13978800,71.47
13982400,77.77
13986000,83.2
13989600,87.38
13993200,90.04
13996800,91.0
14000400,90.18
14004000,87.65
14007600,83.57
14011200,78.23
14014800,71.98
14018400,65.26
14022000,58.53
14025600,52.23
14029200,46.8
14032800,42.62
14036400,39.96
14040000,39.0
14043600,39.82
14047200,42.35
14050800,46.43
14054400,51.77
14058000,58.02
14061600,64.74
14065200,71.47
14068800,77.77
14072400,83.2
14076000,87.38
14079600,90.04
14083200,91.0
14086800,90.18
14090400,87.65
14094000,83.57
14097600,78.23
14101200,71.98
14104800,65.26
14108400,58.53
14112000,52.23
14115600,46.8
14119200,42.62
14122800,39.96
14126400,39.0
14130000,39.82
14133600,42.35
14137200,46.43
14140800,51.77
14144400,58.02
14148000,64.74
14151600,71.47
14155200,77.77
14158800,83.2
14162400,87.38
14166000,90.04
14169600,91.0
14173200,90.18
14176800,87.65
14180400,83.57
14184000,78.23
14187600,71.98
14191200,65.26
14194800,58.53
14198400,52.23
14202000,46.8
14205600,42.62
14209200,39.96
14212800,39.0
14216400,39.82
14220000,42.35
14223600,46.43
14227200,51.77
14230800,58.02
14234400,64.74
14238000,71.47
14241600,77.77
14245200,83.2
14248800,87.38
14252400,90.04
14256000,91.0
14259600,90.18
14263200,87.65
14266800,83.57
14270400,78.23
14274000,71.98
14277600,65.26
14281200,58.53
14284800,52.23
14288400,46.8
14292000,42.62
14295600,39.96
14299200,39.0
14302800,39.82
14306400,42.35
14310000,46.43
14313600,51.77
14317200,58.02
14320800,64.74
14324400,71.47
14328000,77.77
14331600,83.2
14335200,87.38
14338800,90.04
14342400,91.0
14346000,90.18
14349600,87.65
14353200,83.57
14356800,78.23
14360400,71.98
14364000,65.26
14367600,58.53
14371200,52.23
14374800,46.8
14378400,42.62
14382000,39.96
14385600,39.0
14389200,39.82
14392800,42.35
14396400,46.43
14400000,51.77
14403600,58.02
14407200,64.74
14410800,71.47
14414400,77.77
14418000,83.2
14421600,87.38
14425200,90.04
14428800,91.0
14432400,90.18
14436000,87.65
14439600,83.57
14443200,78.23
14446800,71.98
14450400,65.26
14454000,58.53
14457600,52.23
14461200,46.8
14464800,42.62
14468400,39.96
14472000,39.0
14475600,39.82
14479200,42.35
14482800,46.43
14486400,51.77
14490000,58.02
14493600,64.74
14497200,71.47
14500800,77.77
14504400,83.2
14508000,87.38
14511600,90.04
14515200,91.0
14518800,90.18
14522400,87.65
14526000,83.57
14529600,78.23
14533200,71.98
14536800,65.26
14540400,58.53
14544000,52.23
14547600,46.8
14551200,42.62
14554800,39.96
14558400,39.0
14562000,39.82
14565600,42.35
14569200,46.43
14572800,51.77
14576400,58.02
14580000,64.74
14583600,71.47
14587200,77.77
14590800,83.2
14594400,87.38
14598000,90.04
14601600,91.0
14605200,90.18
14608800,87.65
14612400,83.57
14616000,78.23
14619600,71.98
14623200,65.26
14626800,58.53
14630400,52.23
14634000,46.8
14637600,42.62
14641200,39.96
14644800,39.0
14648400,39.82
14652000,42.35
14655600,46.43
14659200,51.77
14662800,58.02
14666400,64.74
14670000,71.47
14673600,77.77
14677200,83.2
14680800,87.38
14684400,90.04
14688000,91.0
14691600,90.18
14695200,87.65
14698800,83.57
14702400,78.23
14706000,71.98
14709600,65.26
14713200,58.53
14716800,52.23
14720400,46.8
14724000,42.62
14727600,39.96
14731200,39.0
14734800,39.82
14738400,42.35
14742000,46.43
14745600,51.77
14749200,58.02
14752800,64.74
14756400,71.47
14760000,77.77
14763600,83.2
14767200,87.38
14770800,90.04
14774400,91.0
14778000,90.18
14781600,87.65
14785200,83.57
14788800,78.23
14792400,71.98
14796000,65.26
14799600,58.53
14803200,52.23
14806800,46.8
14810400,42.62
14814000,39.96
14817600,39.0
14821200,39.82
14824800,42.35
14828400,46.43
14832000,51.77
14835600,58.02
14839200,64.74
14842800,71.47
14846400,77.77
14850000,83.2
14853600,87.38
14857200,90.04
14860800,91.0
14864400,90.18
14868000,87.65
14871600,83.57
14875200,78.23
14878800,71.98
14882400,65.26
14886000,58.53
14889600,52.23
14893200,46.8
14896800,42.62
14900400,39.96
14904000,39.0
14907600,39.82
14911200,42.35
14914800,46.43
14918400,51.77
14922000,58.02
14925600,64.74
14929200,71.47
14932800,77.77
14936400,83.2
14940000,87.38
14943600,90.04
14947200,91.0
14950800,90.18
14954400,87.65
14958000,83.57
14961600,78.23
14965200,71.98
14968800,65.26
14972400,58.53
14976000,52.23
14979600,46.8
14983200,42.62
14986800,39.96
14990400,39.0
14994000,39.82
14997600,42.35
15001200,46.43
15004800,51.77
15008400,58.02
15012000,64.74
15015600,71.47
15019200,77.77
15022800,83.2
15026400,87.38
15030000,90.04
15033600,91.0
15037200,90.18
15040800,87.65
15044400,83.57
15048000,78.23
15051600,71.98
15055200,65.26
15058800,58.53
15062400,52.23
15066000,46.8
15069600,42.62
15073200,39.96
15076800,39.0
15080400,39.82
15084000,42.35
15087600,46.43
15091200,51.77
15094800,58.02
15098400,64.74
15102000,71.47
15105600,77.77
15109200,83.2
15112800,87.38
15116400,90.04
15120000,91.0
15123600,90.18
15127200,87.65
15130800,83.57
15134400,78.23
15138000,71.98
15141600,65.26
15145200,58.53
15148800,52.23
15152400,46.8
15156000,42.62
15159600,39.96
15163200,39.0
15166800,39.82
15170400,42.35
15174000,46.43
15177600,51.77
15181200,58.02
15184800,64.74
15188400,71.47
15192000,77.77
15195600,83.2
15199200,87.38
15202800,90.04
15206400,91.0
15210000,90.18
15213600,87.65
15217200,83.57
15220800,78.23
15224400,71.98
15228000,65.26
15231600,58.53
15235200,52.23
15238800,46.8
15242400,42.62
15246000,39.96
15249600,39.0
15253200,39.82
15256800,42.35
15260400,46.43
15264000,51.77
15267600,58.02
15271200,64.74
15274800,71.47
15278400,77.77
15282000,83.2
15285600,87.38
15289200,90.04
15292800,91.0
15296400,90.18
15300000,87.65
15303600,83.57
15307200,78.23
15310800,71.98
15314400,65.26
15318000,58.53
15321600,52.23
15325200,46.8
15328800,42.62
15332400,39.96
15336000,39.0
15339600,39.82
15343200,42.35
15346800,46.43
15350400,51.77
15354000,58.02
15357600,64.74
15361200,71.47
15364800,77.77
15368400,83.2
15372000,87.38
15375600,90.04
15379200,91.0
15382800,90.18
15386400,87.65
15390000,83.57
15393600,78.23
15397200,71.98
15400800,65.26
15404400,58.53
15408000,52.23
15411600,46.8
15415200,42.62
15418800,39.96
15422400,39.0
15426000,39.82
15429600,42.35
15433200,46.43
15436800,51.77
15440400,58.02
15444000,64.74
15447600,71.47
15451200,77.77
15454800,83.2
15458400,87.38
15462000,90.04
15465600,91.0
15469200,90.18
15472800,87.65
15476400,83.57
15480000,78.23
15483600,71.98
15487200,65.26
15490800,58.53
15494400,52.23
15498000,46.8
15501600,42.62
15505200,39.96
15508800,39.0
15512400,39.82
15516000,42.35
15519600,46.43
15523200,51.77
15526800,58.02
15530400,64.74
15534000,71.47
15537600,77.77
15541200,83.2
15544800,87.38
15548400,90.04
15552000,91.0
15555600,90.18
15559200,87.65
15562800,83.57
15566400,78.23
15570000,71.98
15573600,65.26
15577200,58.53
15580800,52.23
15584400,46.8
15588000,42.62
15591600,39.96
15595200,39.0
15598800,39.82
15602400,42.35
15606000,46.43
15609600,51.77
15613200,58.02
15616800,64.74
15620400,71.47
15624000,77.77
15627600,83.2
15631200,87.38
15634800,90.04
15638400,91.0
15642000,90.18
15645600,87.65
15649200,83.57
15652800,78.23
15656400,71.98
15660000,65.26
15663600,58.53
15667200,52.23
15670800,46.8
15674400,42.62
15678000,39.96
15681600,39.0
15685200,39.82
15688800,42.35
15692400,46.43
15696000,51.77
15699600,58.02
15703200,64.74
15706800,71.47
15710400,77.77
15714000,83.2
15717600,87.38
15721200,90.04
15724800,91.0
15728400,90.18
15732000,87.65
15735600,83.57
15739200,78.23
15742800,71.98
15746400,65.26
15750000,58.53
15753600,52.23
15757200,46.8
15760800,42.62
15764400,39.96
15768000,39.0
15771600,39.82
15775200,42.35
15778800,46.43
15782400,51.77
15786000,58.02
15789600,64.74
15793200,71.47
15796800,77.77
15800400,83.2
15804000,87.38
15807600,90.04
15811200,91.0
15814800,90.18
15818400,87.65
15822000,83.57
15825600,78.23
15829200,71.98
15832800,65.26
15836400,58.53
15840000,52.23
15843600,46.8
15847200,42.62
15850800,39.96
15854400,39.0
15858000,39.82
15861600,42.35
15865200,46.43
15868800,51.77
15872400,58.02
15876000,64.74
15879600,71.47
15883200,77.77
15886800,83.2
15890400,87.38
15894000,90.04
15897600,91.0
15901200,90.18
15904800,87.65
15908400,83.57
15912000,78.23
15915600,71.98
15919200,65.26
15922800,58.53
15926400,52.23
15930000,46.8
15933600,42.62
15937200,39.96
15940800,39.0
15944400,39.82
15948000,42.35
15951600,46.43
15955200,51.77
15958800,58.02
15962400,64.74
15966000,71.47
15969600,77.77
15973200,83.2
15976800,87.38
15980400,90.04
15984000,91.0
15987600,90.18
15991200,87.65
15994800,83.57
15998400,78.23
16002000,71.98
16005600,65.26
16009200,58.53
16012800,52.23
16016400,46.8
16020000,42.62
16023600,39.96
16027200,39.0
16030800,39.82
16034400,42.35
16038000,46.43
16041600,51.77
16045200,58.02
16048800,64.74
16052400,71.47
16056000,77.77
16059600,83.2
16063200,87.38
16066800,90.04
16070400,91.0
16074000,90.18
16077600,87.65
16081200,83.57
16084800,78.23
16088400,71.98
16092000,65.26
16095600,58.53
16099200,52.23
16102800,46.8
16106400,42.62
16110000,39.96
16113600,39.0
16117200,39.82
16120800,42.35
16124400,46.43
16128000,51.77
16131600,58.02
16135200,64.74
16138800,71.47
16142400,77.77
16146000,83.2
16149600,87.38
16153200,90.04
16156800,91.0
16160400,90.18
16164000,87.65
16167600,83.57
16171200,78.23
16174800,71.98
16178400,65.26
16182000,58.53
16185600,52.23
16189200,46.8
16192800,42.62
16196400,39.96
16200000,39.0
16203600,39.82
16207200,42.35
16210800,46.43
16214400,51.77
16218000,58.02
16221600,64.74
16225200,71.47
16228800,77.77
16232400,83.2
16236000,87.38
16239600,90.04
16243200,91.0
16246800,90.18
16250400,87.65
16254000,83.57
16257600,78.23
16261200,71.98
16264800,65.26
16268400,58.53
16272000,52.23
16275600,46.8
16279200,42.62
16282800,39.96
16286400,39.0
16290000,39.82
16293600,42.35
16297200,46.43
16300800,51.77
16304400,58.02
16308000,64.74
16311600,71.47
16315200,77.77
16318800,83.2
16322400,87.38
16326000,90.04
16329600,91.0
16333200,90.18
16336800,87.65
16340400,83.57
16344000,78.23
16347600,71.98
16351200,65.26
16354800,58.53
16358400,52.23
16362000,46.8
16365600,42.62
16369200,39.96
16372800,39.0
16376400,39.82
16380000,42.35
16383600,46.43
16387200,51.77
16390800,58.02
16394400,64.74
16398000,71.47
16401600,77.77
16405200,83.2
16408800,87.38
16412400,90.04
16416000,91.0
16419600,90.18
16423200,87.65
16426800,83.57
16430400,78.23
16434000,71.98
16437600,65.26
16441200,58.53
16444800,52.23
16448400,46.8
16452000,42.62
16455600,39.96
16459200,39.0
16462800,39.82
16466400,42.35
16470000,46.43
16473600,51.77
16477200,58.02
16480800,64.74
16484400,71.47
16488000,77.77
16491600,83.2
16495200,87.38
16498800,90.04
16502400,91.0
16506000,90.18
16509600,87.65
16513200,83.57
16516800,78.23
16520400,71.98
16524000,65.26
16527600,58.53
16531200,52.23
16534800,46.8
16538400,42.62
16542000,39.96
16545600,39.0
16549200,39.82
16552800,42.35
16556400,46.43
16560000,51.77
16563600,58.02
16567200,64.74
16570800,71.47
16574400,77.77
16578000,83.2
16581600,87.38
16585200,90.04
16588800,91.0
16592400,90.18
16596000,87.65
16599600,83.57
16603200,78.23
16606800,71.98
16610400,65.26
16614000,58.53
16617600,52.23
16621200,46.8
16624800,42.62
16628400,39.96
16632000,39.0
16635600,39.82
16639200,42.35
16642800,46.43
16646400,51.77
16650000,58.02
16653600,64.74
16657200,71.47
16660800,77.77
16664400,83.2
16668000,87.38
16671600,90.04
16675200,91.0
16678800,90.18
16682400,87.65
16686000,83.57
16689600,78.23
16693200,71.98
16696800,65.26
16700400,58.53
16704000,52.23
16707600,46.8
16711200,42.62
16714800,39.96
16718400,39.0
16722000,39.82
16725600,42.35
16729200,46.43
16732800,51.77
16736400,58.02
16740000,64.74
16743600,71.47
16747200,77.77
16750800,83.2
16754400,87.38
16758000,90.04
16761600,91.0
16765200,90.18
16768800,87.65
16772400,83.57
16776000,78.23
16779600,71.98
16783200,65.26
16786800,58.53
16790400,52.23
16794000,46.8
16797600,42.62
16801200,39.96
16804800,39.0
16808400,39.82
16812000,42.35
16815600,46.43
16819200,51.77
16822800,58.02
16826400,64.74
16830000,71.47
16833600,77.77
16837200,83.2
16840800,87.38
16844400,90.04
16848000,91.0
16851600,90.18
16855200,87.65
16858800,83.57
16862400,78.23
16866000,71.98
16869600,65.26
16873200,58.53
16876800,52.23
16880400,46.8
16884000,42.62
16887600,39.96
16891200,39.0
16894800,39.82
16898400,42.35
16902000,46.43
16905600,51.77
16909200,58.02
16912800,64.74
16916400,71.47
16920000,77.77
16923600,83.2
16927200,87.38
16930800,90.04
16934400,91.0
16938000,90.18
16941600,87.65
16945200,83.57
16948800,78.23
16952400,71.98
16956000,65.26
16959600,58.53
16963200,52.23
16966800,46.8
16970400,42.62
16974000,39.96
16977600,39.0
16981200,39.82
16984800,42.35
16988400,46.43
16992000,51.77
16995600,58.02
16999200,64.74
17002800,71.47
17006400,77.77
17010000,83.2
17013600,87.38
17017200,90.04
17020800,91.0
17024400,90.18
17028000,87.65
17031600,83.57
17035200,78.23
17038800,71.98
17042400,65.26
17046000,58.53
17049600,52.23
17053200,46.8
17056800,42.62
17060400,39.96
17064000,39.0
17067600,39.82
17071200,42.35
17074800,46.43
17078400,51.77
17082000,58.02
17085600,64.74
17089200,71.47
17092800,77.77
17096400,83.2
17100000,87.38
17103600,90.04
17107200,91.0
17110800,90.18
17114400,87.65
17118000,83.57
17121600,78.23
17125200,71.98
17128800,65.26
17132400,58.53
17136000,52.23
17139600,46.8
17143200,42.62
17146800,39.96
17150400,39.0
17154000,39.82
17157600,42.35
17161200,46.43
17164800,51.77
17168400,58.02
17172000,64.74
17175600,71.47
17179200,77.77
17182800,83.2
17186400,87.38
17190000,90.04
17193600,91.0
17197200,90.18
17200800,87.65
17204400,83.57
17208000,78.23
17211600,71.98
17215200,65.26
17218800,58.53
17222400,52.23
17226000,46.8
17229600,42.62
17233200,39.96
17236800,39.0
17240400,39.82
17244000,42.35
17247600,46.43
17251200,51.77
17254800,58.02
17258400,64.74
17262000,71.47
17265600,77.77
17269200,83.2
17272800,87.38
17276400,90.04
17280000,91.0
17283600,90.18
17287200,87.65
17290800,83.57
17294400,78.23
17298000,71.98
17301600,65.26
17305200,58.53
17308800,52.23
17312400,46.8
17316000,42.62
17319600,39.96
17323200,39.0
17326800,39.82
17330400,42.35
17334000,46.43
17337600,51.77
17341200,58.02
17344800,64.74
17348400,71.47
17352000,77.77
17355600,83.2
17359200,87.38
17362800,90.04
17366400,91.0
17370000,90.18
17373600,87.65
17377200,83.57
17380800,78.23
17384400,71.98
17388000,65.26
17391600,58.53
17395200,52.23
17398800,46.8
17402400,42.62
17406000,39.96
17409600,39.0
17413200,39.82
17416800,42.35
17420400,46.43
17424000,51.77
17427600,58.02
17431200,64.74
17434800,71.47
17438400,77.77
17442000,83.2
17445600,87.38
17449200,90.04
17452800,91.0
17456400,90.18
17460000,87.65
17463600,83.57
17467200,78.23
17470800,71.98
17474400,65.26
17478000,58.53
17481600,52.23
17485200,46.8
17488800,42.62
17492400,39.96
17496000,39.0
17499600,39.82
17503200,42.35
17506800,46.43
17510400,51.77
17514000,58.02
17517600,64.74
17521200,71.47
17524800,77.77
17528400,83.2
17532000,87.38
17535600,90.04
17539200,91.0
17542800,90.18
17546400,87.65
17550000,83.57
17553600,78.23
17557200,71.98
17560800,65.26
17564400,58.53
17568000,52.23
17571600,46.8
17575200,42.62
17578800,39.96
17582400,39.0
17586000,39.82
17589600,42.35
17593200,46.43
17596800,51.77
17600400,58.02
17604000,64.74
17607600,71.47
17611200,77.77
17614800,83.2
17618400,87.38
17622000,90.04
17625600,91.0
17629200,90.18
17632800,87.65
17636400,83.57
17640000,78.23
17643600,71.98
17647200,65.26
17650800,58.53
17654400,52.23
17658000,46.8
17661600,42.62
17665200,39.96
17668800,39.0
17672400,39.82
17676000,42.35
17679600,46.43
17683200,51.77
17686800,58.02
17690400,64.74
17694000,71.47
17697600,77.77
17701200,83.2
17704800,87.38
17708400,90.04
17712000,91.0
17715600,90.18
17719200,87.65
17722800,83.57
17726400,78.23
17730000,71.98
17733600,65.26
17737200,58.53
17740800,52.23
17744400,46.8
17748000,42.62
17751600,39.96
17755200,39.0
17758800,39.82
17762400,42.35
17766000,46.43
17769600,51.77
17773200,58.02
17776800,64.74
17780400,71.47
17784000,77.77
17787600,83.2
17791200,87.38
17794800,90.04
17798400,91.0
17802000,90.18
17805600,87.65
17809200,83.57
17812800,78.23
17816400,71.98
17820000,65.26
17823600,58.53
17827200,52.23
17830800,46.8
17834400,42.62
17838000,39.96
17841600,39.0
17845200,39.82
17848800,42.35
17852400,46.43
17856000,51.77
17859600,58.02
17863200,64.74
17866800,71.47
17870400,77.77
17874000,83.2
17877600,87.38
17881200,90.04
17884800,91.0
17888400,90.18
17892000,87.65
17895600,83.57
17899200,78.23
17902800,71.98
17906400,65.26
17910000,58.53
17913600,52.23
17917200,46.8
17920800,42.62
17924400,39.96
17928000,39.0
17931600,39.82
17935200,42.35
17938800,46.43
17942400,51.77
17946000,58.02
17949600,64.74
17953200,71.47
17956800,77.77
17960400,83.2
17964000,87.38
17967600,90.04
17971200,91.0
17974800,90.18
17978400,87.65
17982000,83.57
17985600,78.23
17989200,71.98
17992800,65.26
17996400,58.53
18000000,52.23
18003600,46.8
18007200,42.62
18010800,39.96
18014400,39.0
18018000,39.82
18021600,42.35
18025200,46.43
18028800,51.77
18032400,58.02
18036000,64.74
18039600,71.47
18043200,77.77
18046800,83.2
18050400,87.38
18054000,90.04
18057600,91.0
18061200,90.18
18064800,87.65
18068400,83.57
18072000,78.23
18075600,71.98
18079200,65.26
18082800,58.53
18086400,52.23
18090000,46.8
18093600,42.62
18097200,39.96
18100800,39.0
18104400,39.82
18108000,42.35
18111600,46.43
18115200,51.77
18118800,58.02
18122400,64.74
18126000,71.47
18129600,77.77
18133200,83.2
18136800,87.38
18140400,90.04
18144000,91.0
18147600,90.18
18151200,87.65
18154800,83.57
18158400,78.23
18162000,71.98
18165600,65.26
18169200,58.53
18172800,52.23
18176400,46.8
18180000,42.62
18183600,39.96
18187200,39.0
18190800,39.82
18194400,42.35
18198000,46.43
18201600,51.77
18205200,58.02
18208800,64.74
18212400,71.47
18216000,77.77
18219600,83.2
18223200,87.38
18226800,90.04
18230400,91.0
18234000,90.18
18237600,87.65
18241200,83.57
18244800,78.23
18248400,71.98
18252000,65.26
18255600,58.53
18259200,52.23
18262800,46.8
18266400,42.62
18270000,39.96
18273600,39.0
18277200,39.82
18280800,42.35
18284400,46.43
18288000,51.77
18291600,58.02
18295200,64.74
18298800,71.47
18302400,77.77
18306000,83.2
18309600,87.38
18313200,90.04
18316800,91.0
18320400,90.18
18324000,87.65
18327600,83.57
18331200,78.23
18334800,71.98
18338400,65.26
18342000,58.53
18345600,52.23
18349200,46.8
18352800,42.62
18356400,39.96
18360000,39.0
18363600,39.82
18367200,42.35
18370800,46.43
18374400,51.77
18378000,58.02
18381600,64.74
18385200,71.47
18388800,77.77
18392400,83.2
18396000,87.38
18399600,90.04
18403200,91.0
18406800,90.18
18410400,87.65
18414000,83.57
18417600,78.23
18421200,71.98
18424800,65.26
18428400,58.53
18432000,52.23
18435600,46.8
18439200,42.62
18442800,39.96
18446400,39.0
18450000,39.82
18453600,42.35
18457200,46.43
18460800,51.77
18464400,58.02
18468000,64.74
18471600,71.47
18475200,77.77
18478800,83.2
18482400,87.38
18486000,90.04
18489600,91.0
18493200,90.18
18496800,87.65
18500400,83.57
18504000,78.23
18507600,71.98
18511200,65.26
18514800,58.53
18518400,52.23
18522000,46.8
18525600,42.62
18529200,39.96
18532800,39.0
18536400,39.82
18540000,42.35
18543600,46.43
18547200,51.77
18550800,58.02
18554400,64.74
18558000,71.47
18561600,77.77
18565200,83.2
18568800,87.38
18572400,90.04
18576000,91.0
18579600,90.18
18583200,87.65
18586800,83.57
18590400,78.23
18594000,71.98
18597600,65.26
18601200,58.53
18604800,52.23
18608400,46.8
18612000,42.62
18615600,39.96
18619200,39.0
18622800,39.82
18626400,42.35
18630000,46.43
18633600,51.77
18637200,58.02
18640800,64.74
18644400,71.47
18648000,77.77
18651600,83.2
18655200,87.38
18658800,90.04
18662400,91.0
18666000,90.18
18669600,87.65
18673200,83.57
18676800,78.23
18680400,71.98
18684000,65.26
18687600,58.53
18691200,52.23
18694800,46.8
18698400,42.62
18702000,39.96
18705600,39.0
18709200,39.82
18712800,42.35
18716400,46.43
18720000,51.77
18723600,58.02
18727200,64.74
18730800,71.47
18734400,77.77
18738000,83.2
18741600,87.38
18745200,90.04
18748800,91.0
18752400,90.18
18756000,87.65
18759600,83.57
18763200,78.23
18766800,71.98
18770400,65.26
18774000,58.53
18777600,52.23
18781200,46.8
18784800,42.62
18788400,39.96
18792000,39.0
18795600,39.82
18799200,42.35
18802800,46.43
18806400,51.77
18810000,58.02
18813600,64.74
18817200,71.47
18820800,77.77
18824400,83.2
18828000,87.38
18831600,90.04
18835200,91.0
18838800,90.18
18842400,87.65
18846000,83.57
18849600,78.23
18853200,71.98
18856800,65.26
18860400,58.53
18864000,52.23
18867600,46.8
18871200,42.62
18874800,39.96
18878400,39.0
18882000,39.82
18885600,42.35
18889200,46.43
18892800,51.77
18896400,58.02
18900000,64.74
18903600,71.47
18907200,77.77
18910800,83.2
18914400,87.38
18918000,90.04
18921600,91.0
18925200,90.18
18928800,87.65
18932400,83.57
18936000,78.23
18939600,71.98
18943200,65.26
18946800,58.53
18950400,52.23
18954000,46.8
18957600,42.62
18961200,39.96
18964800,39.0
18968400,39.82
18972000,42.35
18975600,46.43
18979200,51.77
18982800,58.02
18986400,64.74
18990000,71.47
18993600,77.77
18997200,83.2
19000800,87.38
19004400,90.04
19008000,91.0
19011600,90.18
19015200,87.65
19018800,83.57
19022400,78.23
19026000,71.98
19029600,65.26
19033200,58.53
19036800,52.23
19040400,46.8
19044000,42.62
19047600,39.96
19051200,39.0
19054800,39.82
19058400,42.35
19062000,46.43
19065600,51.77
19069200,58.02
19072800,64.74
19076400,71.47
19080000,77.77
19083600,83.2
19087200,87.38
19090800,90.04
19094400,91.0
19098000,90.18
19101600,87.65
19105200,83.57
19108800,78.23
19112400,71.98
19116000,65.26
19119600,58.53
19123200,52.23
19126800,46.8
19130400,42.62
19134000,39.96
19137600,39.0
19141200,39.82
19144800,42.35
19148400,46.43
19152000,51.77
19155600,58.02
19159200,64.74
19162800,71.47
19166400,77.77
19170000,83.2
19173600,87.38
19177200,90.04
19180800,91.0
19184400,90.18
19188000,87.65
19191600,83.57
19195200,78.23
19198800,71.98
19202400,65.26
19206000,58.53
19209600,52.23
19213200,46.8
19216800,42.62
19220400,39.96
19224000,39.0
19227600,39.82
19231200,42.35
19234800,46.43
19238400,51.77
19242000,58.02
19245600,64.74
19249200,71.47
19252800,77.77
19256400,83.2
19260000,87.38
19263600,90.04
19267200,91.0
19270800,90.18
19274400,87.65
19278000,83.57
19281600,78.23
19285200,71.98
19288800,65.26
19292400,58.53
19296000,52.23
19299600,46.8
19303200,42.62
19306800,39.96
19310400,39.0
19314000,39.82
19317600,42.35
19321200,46.43
19324800,51.77
19328400,58.02
19332000,64.74
19335600,71.47
19339200,77.77
19342800,83.2
19346400,87.38
19350000,90.04
19353600,91.0
19357200,90.18
19360800,87.65
19364400,83.57
19368000,78.23
19371600,71.98
19375200,65.26
19378800,58.53
19382400,52.23
19386000,46.8
19389600,42.62
19393200,39.96
19396800,39.0
19400400,39.82
19404000,42.35
19407600,46.43
19411200,51.77
19414800,58.02
19418400,64.74
19422000,71.47
19425600,77.77
19429200,83.2
19432800,87.38
19436400,90.04
19440000,91.0
19443600,90.18
19447200,87.65
19450800,83.57
19454400,78.23
19458000,71.98
19461600,65.26
19465200,58.53
19468800,52.23
19472400,46.8
19476000,42.62
19479600,39.96
19483200,39.0
19486800,39.82
19490400,42.35
19494000,46.43
19497600,51.77
19501200,58.02
19504800,64.74
19508400,71.47
19512000,77.77
19515600,83.2
19519200,87.38
19522800,90.04
19526400,91.0
19530000,90.18
19533600,87.65
19537200,83.57
19540800,78.23
19544400,71.98
19548000,65.26
19551600,58.53
19555200,52.23
19558800,46.8
19562400,42.62
19566000,39.96
19569600,39.0
19573200,39.82
19576800,42.35
19580400,46.43
19584000,51.77
19587600,58.02
19591200,64.74
19594800,71.47
19598400,77.77
19602000,83.2
19605600,87.38
19609200,90.04
19612800,91.0
19616400,90.18
19620000,87.65
19623600,83.57
19627200,78.23
19630800,71.98
19634400,65.26
19638000,58.53
19641600,52.23
19645200,46.8
19648800,42.62
19652400,39.96
19656000,39.0
19659600,39.82
19663200,42.35
19666800,46.43
19670400,51.77
19674000,58.02
19677600,64.74
19681200,71.47
19684800,77.77
19688400,83.2
19692000,87.38
19695600,90.04
19699200,91.0
19702800,90.18
19706400,87.65
19710000,83.57
19713600,78.23
19717200,71.98
19720800,65.26
19724400,58.53
19728000,52.23
19731600,46.8
19735200,42.62
19738800,39.96
19742400,39.0
19746000,39.82
19749600,42.35
19753200,46.43
19756800,51.77
19760400,58.02
19764000,64.74
19767600,71.47
19771200,77.77
19774800,83.2
19778400,87.38
19782000,90.04
19785600,91.0
19789200,90.18
19792800,87.65
19796400,83.57
19800000,78.23
19803600,71.98
19807200,65.26
19810800,58.53
19814400,52.23
19818000,46.8
19821600,42.62
19825200,39.96
19828800,39.0
19832400,39.82
19836000,42.35
19839600,46.43
19843200,51.77
19846800,58.02
19850400,64.74
19854000,71.47
19857600,77.77
19861200,83.2
19864800,87.38
19868400,90.04
19872000,91.0
19875600,90.18
19879200,87.65
19882800,83.57
19886400,78.23
19890000,71.98
19893600,65.26
19897200,58.53
19900800,52.23
19904400,46.8
19908000,42.62
19911600,39.96
19915200,39.0
19918800,39.82
19922400,42.35
19926000,46.43
19929600,51.77
19933200,58.02
19936800,64.74
19940400,71.47
19944000,77.77
19947600,83.2
19951200,87.38
19954800,90.04
19958400,91.0
19962000,90.18
19965600,87.65
19969200,83.57
19972800,78.23
19976400,71.98
19980000,65.26
19983600,58.53
19987200,52.23
19990800,46.8
19994400,42.62
19998000,39.96
20001600,39.0
20005200,39.82
20008800,42.35
20012400,46.43
20016000,51.77
20019600,58.02
20023200,64.74
20026800,71.47
20030400,77.77
20034000,83.2
20037600,87.38
20041200,90.04
20044800,91.0
20048400,90.18
20052000,87.65
20055600,83.57
20059200,78.23
20062800,71.98
20066400,65.26
20070000,58.53
20073600,52.23
20077200,46.8
20080800,42.62
20084400,39.96
20088000,39.0
20091600,39.82
20095200,42.35
20098800,46.43
20102400,51.77
20106000,58.02
20109600,64.74
20113200,71.47
20116800,77.77
20120400,83.2
20124000,87.38
20127600,90.04
20131200,91.0
20134800,90.18
20138400,87.65
20142000,83.57
20145600,78.23
20149200,71.98
20152800,65.26
20156400,58.53
20160000,52.23
20163600,46.8
20167200,42.62
20170800,39.96
20174400,39.0
20178000,39.82
20181600,42.35
20185200,46.43
20188800,51.77
20192400,58.02
20196000,64.74
20199600,71.47
20203200,77.77
20206800,83.2
20210400,87.38
20214000,90.04
20217600,91.0
20221200,90.18
20224800,87.65
20228400,83.57
20232000,78.23
20235600,71.98
20239200,65.26
20242800,58.53
20246400,52.23
20250000,46.8
20253600,42.62
20257200,39.96
20260800,39.0
20264400,39.82
20268000,42.35
20271600,46.43
20275200,51.77
20278800,58.02
20282400,64.74
20286000,71.47
20289600,77.77
20293200,83.2
20296800,87.38
20300400,90.04
20304000,91.0
20307600,90.18
20311200,87.65
20314800,83.57
20318400,78.23
20322000,71.98
20325600,65.26
20329200,58.53
20332800,52.23
20336400,46.8
20340000,42.62
20343600,39.96
20347200,39.0
20350800,39.82
20354400,42.35
20358000,46.43
20361600,51.77
20365200,58.02
20368800,64.74
20372400,71.47
20376000,77.77
20379600,83.2
20383200,87.38
20386800,90.04
20390400,91.0
20394000,90.18
20397600,87.65
20401200,83.57
20404800,78.23
20408400,71.98
20412000,65.26
20415600,58.53
20419200,52.23
20422800,46.8
20426400,42.62
20430000,39.96
20433600,39.0
20437200,39.82
20440800,42.35
20444400,46.43
20448000,51.77
20451600,58.02
20455200,64.74
20458800,71.47
20462400,77.77
20466000,83.2
20469600,87.38
20473200,90.04
20476800,91.0
20480400,90.18
20484000,87.65
20487600,83.57
20491200,78.23
20494800,71.98
20498400,65.26
20502000,58.53
20505600,52.23
20509200,46.8
20512800,42.62
20516400,39.96
20520000,39.0
20523600,39.82
20527200,42.35
20530800,46.43
20534400,51.77
20538000,58.02
20541600,64.74
20545200,71.47
20548800,77.77
20552400,83.2
20556000,87.38
20559600,90.04
20563200,91.0
20566800,90.18
20570400,87.65
20574000,83.57
20577600,78.23
20581200,71.98
20584800,65.26
20588400,58.53
20592000,52.23
20595600,46.8
20599200,42.62
20602800,39.96
20606400,39.0
20610000,39.82
20613600,42.35
20617200,46.43
20620800,51.77
20624400,58.02
20628000,64.74
20631600,71.47
20635200,77.77
20638800,83.2
20642400,87.38
20646000,90.04
20649600,91.0
20653200,90.18
20656800,87.65
20660400,83.57
20664000,78.23
20667600,71.98
20671200,65.26
20674800,58.53
20678400,52.23
20682000,46.8
20685600,42.62
20689200,39.96
20692800,39.0
20696400,39.82
20700000,42.35
20703600,46.43
20707200,51.77
20710800,58.02
20714400,64.74
20718000,71.47
20721600,77.77
20725200,83.2
20728800,87.38
20732400,90.04
20736000,91.0
20739600,90.18
20743200,87.65
20746800,83.57
20750400,78.23
20754000,71.98
20757600,65.26
20761200,58.53
20764800,52.23
20768400,46.8
20772000,42.62
20775600,39.96
20779200,39.0
20782800,39.82
20786400,42.35
20790000,46.43
20793600,51.77
20797200,58.02
20800800,64.74
20804400,71.47
20808000,77.77
20811600,83.2
20815200,87.38
20818800,90.04
20822400,91.0
20826000,90.18
20829600,87.65
20833200,83.57
20836800,78.23
20840400,71.98
20844000,65.26
20847600,58.53
20851200,52.23
20854800,46.8
20858400,42.62
20862000,39.96
20865600,39.0
20869200,39.82
20872800,42.35
20876400,46.43
20880000,51.77
20883600,58.02
20887200,64.74
20890800,71.47
20894400,77.77
20898000,83.2
20901600,87.38
20905200,90.04
20908800,91.0
20912400,90.18
20916000,87.65
20919600,83.57
20923200,78.23
20926800,71.98
20930400,65.26
20934000,58.53
20937600,52.23
20941200,46.8
20944800,42.62
20948400,39.96
20952000,39.0
20955600,39.82
20959200,42.35
20962800,46.43
20966400,51.77
20970000,58.02
20973600,64.74
20977200,71.47
20980800,77.77
20984400,83.2
20988000,87.38
20991600,90.04
20995200,91.0
20998800,90.18
21002400,87.65
21006000,83.57
21009600,78.23
21013200,71.98
21016800,65.26
21020400,58.53
21024000,52.23
21027600,46.8
21031200,42.62
21034800,39.96
21038400,39.0
21042000,39.82
21045600,42.35
21049200,46.43
21052800,51.77
21056400,58.02
21060000,64.74
21063600,71.47
21067200,77.77
21070800,83.2
21074400,87.38
21078000,90.04
21081600,91.0
21085200,90.18
21088800,87.65
21092400,83.57
21096000,78.23
21099600,71.98
21103200,65.26
21106800,58.53
21110400,52.23
21114000,46.8
21117600,42.62
21121200,39.96
21124800,39.0
21128400,39.82
21132000,42.35
21135600,46.43
21139200,51.77
21142800,58.02
21146400,64.74
21150000,71.47
21153600,77.77
21157200,83.2
21160800,87.38
21164400,90.04
21168000,91.0
21171600,90.18
21175200,87.65
21178800,83.57
21182400,78.23
21186000,71.98
21189600,65.26
21193200,58.53
21196800,52.23
21200400,46.8
21204000,42.62
21207600,39.96
21211200,39.0
21214800,39.82
21218400,42.35
21222000,46.43
21225600,51.77
21229200,58.02
21232800,64.74
21236400,71.47
21240000,77.77
21243600,83.2
21247200,87.38
21250800,90.04
21254400,91.0
21258000,90.18
21261600,87.65
21265200,83.57
21268800,78.23
21272400,71.98
21276000,65.26
21279600,58.53
21283200,52.23
21286800,46.8
21290400,42.62
21294000,39.96
21297600,39.0
21301200,39.82
21304800,42.35
21308400,46.43
21312000,51.77
21315600,58.02
21319200,64.74
21322800,71.47
21326400,77.77
21330000,83.2
21333600,87.38
21337200,90.04
21340800,91.0
21344400,90.18
21348000,87.65
21351600,83.57
21355200,78.23
21358800,71.98
21362400,65.26
21366000,58.53
21369600,52.23
21373200,46.8
21376800,42.62
21380400,39.96
21384000,39.0
21387600,39.82
21391200,42.35
21394800,46.43
21398400,51.77
21402000,58.02
21405600,64.74
21409200,71.47
21412800,77.77
21416400,83.2
21420000,87.38
21423600,90.04
21427200,91.0
21430800,90.18
21434400,87.65
21438000,83.57
21441600,78.23
21445200,71.98
21448800,65.26
21452400,58.53
21456000,52.23
21459600,46.8
21463200,42.62
21466800,39.96
21470400,39.0
21474000,39.82
21477600,42.35
21481200,46.43
21484800,51.77
21488400,58.02
21492000,64.74
21495600,71.47
21499200,77.77
21502800,83.2
21506400,87.38
21510000,90.04
21513600,91.0
21517200,90.18
21520800,87.65
21524400,83.57
21528000,78.23
21531600,71.98
21535200,65.26
21538800,58.53
21542400,52.23
21546000,46.8
21549600,42.62
21553200,39.96
21556800,39.0
21560400,39.82
21564000,42.35
21567600,46.43
21571200,51.77
21574800,58.02
21578400,64.74
21582000,71.47
21585600,77.77
21589200,83.2
21592800,87.38
21596400,90.04
21600000,91.0
21603600,90.18
21607200,87.65
21610800,83.57
21614400,78.23
21618000,71.98
21621600,65.26
21625200,58.53
21628800,52.23
21632400,46.8
21636000,42.62
21639600,39.96
21643200,39.0
21646800,39.82
21650400,42.35
21654000,46.43
21657600,51.77
21661200,58.02
21664800,64.74
21668400,71.47
21672000,77.77
21675600,83.2
21679200,87.38
21682800,90.04
21686400,91.0
21690000,90.18
21693600,87.65
21697200,83.57
21700800,78.23
21704400,71.98
21708000,65.26
21711600,58.53
21715200,52.23
21718800,46.8
21722400,42.62
21726000,39.96
21729600,39.0
21733200,39.82
21736800,42.35
21740400,46.43
21744000,51.77
21747600,58.02
21751200,64.74
21754800,71.47
21758400,77.77
21762000,83.2
21765600,87.38
21769200,90.04
21772800,91.0
21776400,90.18
21780000,87.65
21783600,83.57
21787200,78.23
21790800,71.98
21794400,65.26
21798000,58.53
21801600,52.23
21805200,46.8
21808800,42.62
21812400,39.96
21816000,39.0
21819600,39.82
21823200,42.35
21826800,46.43
21830400,51.77
21834000,58.02
21837600,64.74
21841200,71.47
21844800,77.77
21848400,83.2
21852000,87.38
21855600,90.04
21859200,91.0
21862800,90.18
21866400,87.65
21870000,83.57
21873600,78.23
21877200,71.98
21880800,65.26
21884400,58.53
21888000,52.23
21891600,46.8
21895200,42.62
21898800,39.96
21902400,39.0
21906000,39.82
21909600,42.35
21913200,46.43
21916800,51.77
21920400,58.02
21924000,64.74
21927600,71.47
21931200,77.77
21934800,83.2
21938400,87.38
21942000,90.04
21945600,91.0
21949200,90.18
21952800,87.65
21956400,83.57
21960000,78.23
21963600,71.98
21967200,65.26
21970800,58.53
21974400,52.23
21978000,46.8
21981600,42.62
21985200,39.96
21988800,39.0
21992400,39.82
21996000,42.35
21999600,46.43
22003200,51.77
22006800,58.02
22010400,64.74
22014000,71.47
22017600,77.77
22021200,83.2
22024800,87.38
22028400,90.04
22032000,91.0
22035600,90.18
22039200,87.65
22042800,83.57
22046400,78.23
22050000,71.98
22053600,65.26
22057200,58.53
22060800,52.23
22064400,46.8
22068000,42.62
22071600,39.96
22075200,39.0
22078800,39.82
22082400,42.35
22086000,46.43
22089600,51.77
22093200,58.02
22096800,64.74
22100400,71.47
22104000,77.77
22107600,83.2
22111200,87.38
22114800,90.04
22118400,91.0
22122000,90.18
22125600,87.65
22129200,83.57
22132800,78.23
22136400,71.98
22140000,65.26
22143600,58.53
22147200,52.23
22150800,46.8
22154400,42.62
22158000,39.96
22161600,39.0
22165200,39.82
22168800,42.35
22172400,46.43
22176000,51.77
22179600,58.02
22183200,64.74
22186800,71.47
22190400,77.77
22194000,83.2
22197600,87.38
22201200,90.04
22204800,91.0
22208400,90.18
22212000,87.65
22215600,83.57
22219200,78.23
22222800,71.98
22226400,65.26
22230000,58.53
22233600,52.23
22237200,46.8
22240800,42.62
22244400,39.96
22248000,39.0
22251600,39.82
22255200,42.35
22258800,46.43
22262400,51.77
22266000,58.02
22269600,64.74
22273200,71.47
22276800,77.77
22280400,83.2
22284000,87.38
22287600,90.04
22291200,91.0
22294800,90.18
22298400,87.65
22302000,83.57
22305600,78.23
22309200,71.98
22312800,65.26
22316400,58.53
22320000,52.23
22323600,46.8
22327200,42.62
22330800,39.96
22334400,39.0
22338000,39.82
22341600,42.35
22345200,46.43
22348800,51.77
22352400,58.02
22356000,64.74
22359600,71.47
22363200,77.77
22366800,83.2
22370400,87.38
22374000,90.04
22377600,91.0
22381200,90.18
22384800,87.65
22388400,83.57
22392000,78.23
22395600,71.98
22399200,65.26
22402800,58.53
22406400,52.23
22410000,46.8
22413600,42.62
22417200,39.96
22420800,39.0
22424400,39.82
22428000,42.35
22431600,46.43
22435200,51.77
22438800,58.02
22442400,64.74
22446000,71.47
22449600,77.77
22453200,83.2
22456800,87.38
22460400,90.04
22464000,91.0
22467600,90.18
22471200,87.65
22474800,83.57
22478400,78.23
22482000,71.98
22485600,65.26
22489200,58.53
22492800,52.23
22496400,46.8
22500000,42.62
22503600,39.96
22507200,39.0
22510800,39.82
22514400,42.35
22518000,46.43
22521600,51.77
22525200,58.02
22528800,64.74
22532400,71.47
22536000,77.77
22539600,83.2
22543200,87.38
22546800,90.04
22550400,91.0
22554000,90.18
22557600,87.65
22561200,83.57
22564800,78.23
22568400,71.98
22572000,65.26
22575600,58.53
22579200,52.23
22582800,46.8
22586400,42.62
22590000,39.96
22593600,39.0
22597200,39.82
22600800,42.35
22604400,46.43
22608000,51.77
22611600,58.02
22615200,64.74
22618800,71.47
22622400,77.77
22626000,83.2
22629600,87.38
22633200,90.04
22636800,91.0
22640400,90.18
22644000,87.65
22647600,83.57
22651200,78.23
22654800,71.98
22658400,65.26
22662000,58.53
22665600,52.23
22669200,46.8
22672800,42.62
22676400,39.96
22680000,39.0
22683600,39.82
22687200,42.35
22690800,46.43
22694400,51.77
22698000,58.02
22701600,64.74
22705200,71.47
22708800,77.77
22712400,83.2
22716000,87.38
22719600,90.04
22723200,91.0
22726800,90.18
22730400,87.65
22734000,83.57
22737600,78.23
22741200,71.98
22744800,65.26
22748400,58.53
22752000,52.23
22755600,46.8
22759200,42.62
22762800,39.96
22766400,39.0
22770000,39.82
22773600,42.35
22777200,46.43
22780800,51.77
22784400,58.02
22788000,64.74
22791600,71.47
22795200,77.77
22798800,83.2
22802400,87.38
22806000,90.04
22809600,91.0
22813200,90.18
22816800,87.65
22820400,83.57
22824000,78.23
22827600,71.98
22831200,65.26
22834800,58.53
22838400,52.23
22842000,46.8
22845600,42.62
22849200,39.96
22852800,39.0
22856400,39.82
22860000,42.35
22863600,46.43
22867200,51.77
22870800,58.02
22874400,64.74
22878000,71.47
22881600,77.77
22885200,83.2
22888800,87.38
22892400,90.04
22896000,91.0
22899600,90.18
22903200,87.65
22906800,83.57
22910400,78.23
22914000,71.98
22917600,65.26
22921200,58.53
22924800,52.23
22928400,46.8
22932000,42.62
22935600,39.96
22939200,39.0
22942800,39.82
22946400,42.35
22950000,46.43
22953600,51.77
22957200,58.02
22960800,64.74
22964400,71.47
22968000,77.77
22971600,83.2
22975200,87.38
22978800,90.04
22982400,91.0
22986000,90.18
22989600,87.65
22993200,83.57
22996800,78.23
23000400,71.98
23004000,65.26
23007600,58.53
23011200,52.23
23014800,46.8
23018400,42.62
23022000,39.96
23025600,39.0
23029200,39.82
23032800,42.35
23036400,46.43
23040000,51.77
23043600,58.02
23047200,64.74
23050800,71.47
23054400,77.77
23058000,83.2
23061600,87.38
23065200,90.04
23068800,91.0
23072400,90.18
23076000,87.65
23079600,83.57
23083200,78.23
23086800,71.98
23090400,65.26
23094000,58.53
23097600,52.23
23101200,46.8
23104800,42.62
23108400,39.96
23112000,39.0
23115600,39.82
23119200,42.35
23122800,46.43
23126400,51.77
23130000,58.02
23133600,64.74
23137200,71.47
23140800,77.77
23144400,83.2
23148000,87.38
23151600,90.04
23155200,91.0
23158800,90.18
23162400,87.65
23166000,83.57
23169600,78.23
23173200,71.98
23176800,65.26
23180400,58.53
23184000,52.23
23187600,46.8
23191200,42.62
23194800,39.96
23198400,39.0
23202000,39.82
23205600,42.35
23209200,46.43
23212800,51.77
23216400,58.02
23220000,64.74
23223600,71.47
23227200,77.77
23230800,83.2
23234400,87.38
23238000,90.04
23241600,91.0
23245200,90.18
23248800,87.65
23252400,83.57
23256000,78.23
23259600,71.98
23263200,65.26
23266800,58.53
23270400,52.23
23274000,46.8
23277600,42.62
23281200,39.96
23284800,39.0
23288400,39.82
23292000,42.35
23295600,46.43
23299200,51.77
23302800,58.02
23306400,64.74
23310000,71.47
23313600,77.77
23317200,83.2
23320800,87.38
23324400,90.04
23328000,91.0
23331600,90.18
23335200,87.65
23338800,83.57
23342400,78.23
23346000,71.98
23349600,65.26
23353200,58.53
23356800,52.23
23360400,46.8
23364000,42.62
23367600,39.96
23371200,39.0
23374800,39.82
23378400,42.35
23382000,46.43
23385600,51.77
23389200,58.02
23392800,64.74
23396400,71.47
23400000,77.77
23403600,83.2
23407200,87.38
23410800,90.04
23414400,91.0
23418000,90.18
23421600,87.65
23425200,83.57
23428800,78.23
23432400,71.98
23436000,65.26
23439600,58.53
23443200,52.23
23446800,46.8
23450400,42.62
23454000,39.96
23457600,39.0
23461200,39.82
23464800,42.35
23468400,46.43
23472000,51.77
23475600,58.02
23479200,64.74
23482800,71.47
23486400,77.77
23490000,83.2
23493600,87.38
23497200,90.04
23500800,91.0
23504400,90.18
23508000,87.65
23511600,83.57
23515200,78.23
23518800,71.98
23522400,65.26
23526000,58.53
23529600,52.23
23533200,46.8
23536800,42.62
23540400,39.96
23544000,39.0
23547600,39.82
23551200,42.35
23554800,46.43
23558400,51.77
23562000,58.02
23565600,64.74
23569200,71.47
23572800,77.77
23576400,83.2
23580000,87.38
23583600,90.04
23587200,91.0
23590800,90.18
23594400,87.65
23598000,83.57
23601600,78.23
23605200,71.98
23608800,65.26
23612400,58.53
23616000,52.23
23619600,46.8
23623200,42.62
23626800,39.96
23630400,39.0
23634000,39.82
23637600,42.35
23641200,46.43
23644800,51.77
23648400,58.02
23652000,64.74
23655600,71.47
23659200,77.77
23662800,83.2
23666400,87.38
23670000,90.04
23673600,91.0
23677200,90.18
23680800,87.65
23684400,83.57
23688000,78.23
23691600,71.98
23695200,65.26
23698800,58.53
23702400,52.23
23706000,46.8
23709600,42.62
23713200,39.96
23716800,39.0
23720400,39.82
23724000,42.35
23727600,46.43
23731200,51.77
23734800,58.02
23738400,64.74
23742000,71.47
23745600,77.77
23749200,83.2
23752800,87.38
23756400,90.04
23760000,91.0
23763600,90.18
23767200,87.65
23770800,83.57
23774400,78.23
23778000,71.98
23781600,65.26
23785200,58.53
23788800,52.23
23792400,46.8
23796000,42.62
23799600,39.96
23803200,39.0
23806800,39.82
23810400,42.35
23814000,46.43
23817600,51.77
23821200,58.02
23824800,64.74
23828400,71.47
23832000,77.77
23835600,83.2
23839200,87.38
23842800,90.04
23846400,91.0
23850000,90.18
23853600,87.65
23857200,83.57
23860800,78.23
23864400,71.98
23868000,65.26
23871600,58.53
23875200,52.23
23878800,46.8
23882400,42.62
23886000,39.96
23889600,39.0
23893200,39.82
23896800,42.35
23900400,46.43
23904000,51.77
23907600,58.02
23911200,64.74
23914800,71.47
23918400,77.77
23922000,83.2
23925600,87.38
23929200,90.04
23932800,91.0
23936400,90.18
23940000,87.65
23943600,83.57
23947200,78.23
23950800,71.98
23954400,65.26
23958000,58.53
23961600,52.23
23965200,46.8
23968800,42.62
23972400,39.96
23976000,39.0
23979600,39.82
23983200,42.35
23986800,46.43
23990400,51.77
23994000,58.02
23997600,64.74
24001200,71.47
24004800,77.77
24008400,83.2
24012000,87.38
24015600,90.04
24019200,91.0
24022800,90.18
24026400,87.65
24030000,83.57
24033600,78.23
24037200,71.98
24040800,65.26
24044400,58.53
24048000,52.23
24051600,46.8
24055200,42.62
24058800,39.96
24062400,39.0
24066000,39.82
24069600,42.35
24073200,46.43
24076800,51.77
24080400,58.02
24084000,64.74
24087600,71.47
24091200,77.77
24094800,83.2
24098400,87.38
24102000,90.04
24105600,91.0
24109200,90.18
24112800,87.65
24116400,83.57
24120000,78.23
24123600,71.98
24127200,65.26
24130800,58.53
24134400,52.23
24138000,46.8
24141600,42.62
24145200,39.96
24148800,39.0
24152400,39.82
24156000,42.35
24159600,46.43
24163200,51.77
24166800,58.02
24170400,64.74
24174000,71.47
24177600,77.77
24181200,83.2
24184800,87.38
24188400,90.04
24192000,91.0
24195600,90.18
24199200,87.65
24202800,83.57
24206400,78.23
24210000,71.98
24213600,65.26
24217200,58.53
24220800,52.23
24224400,46.8
24228000,42.62
24231600,39.96
24235200,39.0
24238800,39.82
24242400,42.35
24246000,46.43
24249600,51.77
24253200,58.02
24256800,64.74
24260400,71.47
24264000,77.77
24267600,83.2
24271200,87.38
24274800,90.04
24278400,91.0
24282000,90.18
24285600,87.65
24289200,83.57
24292800,78.23
24296400,71.98
24300000,65.26
24303600,58.53
24307200,52.23
24310800,46.8
24314400,42.62
24318000,39.96
24321600,39.0
24325200,39.82
24328800,42.35
24332400,46.43
24336000,51.77
24339600,58.02
24343200,64.74
24346800,71.47
24350400,77.77
24354000,83.2
24357600,87.38
24361200,90.04
24364800,91.0
24368400,90.18
24372000,87.65
24375600,83.57
24379200,78.23
24382800,71.98
24386400,65.26
24390000,58.53
24393600,52.23
24397200,46.8
24400800,42.62
24404400,39.96
24408000,39.0
24411600,39.82
24415200,42.35
24418800,46.43
24422400,51.77
24426000,58.02
24429600,64.74
24433200,71.47
24436800,77.77
24440400,83.2
24444000,87.38
24447600,90.04
24451200,91.0
24454800,90.18
24458400,87.65
24462000,83.57
24465600,78.23
24469200,71.98
24472800,65.26
24476400,58.53
24480000,52.23
24483600,46.8
24487200,42.62
24490800,39.96
24494400,39.0
24498000,39.82
24501600,42.35
24505200,46.43
24508800,51.77
24512400,58.02
24516000,64.74
24519600,71.47
24523200,77.77
24526800,83.2
24530400,87.38
24534000,90.04
24537600,91.0
24541200,90.18
24544800,87.65
24548400,83.57
24552000,78.23
24555600,71.98
24559200,65.26
24562800,58.53
24566400,52.23
24570000,46.8
24573600,42.62
24577200,39.96
24580800,39.0
24584400,39.82
24588000,42.35
24591600,46.43
24595200,51.77
24598800,58.02
24602400,64.74
24606000,71.47
24609600,77.77
24613200,83.2
24616800,87.38
24620400,90.04
24624000,91.0
24627600,90.18
24631200,87.65
24634800,83.57
24638400,78.23
24642000,71.98
24645600,65.26
24649200,58.53
24652800,52.23
24656400,46.8
24660000,42.62
24663600,39.96
24667200,39.0
24670800,39.82
24674400,42.35
24678000,46.43
24681600,51.77
24685200,58.02
24688800,64.74
24692400,71.47
24696000,77.77
24699600,83.2
24703200,87.38
24706800,90.04
24710400,91.0
24714000,90.18
24717600,87.65
24721200,83.57
24724800,78.23
24728400,71.98
24732000,65.26
24735600,58.53
24739200,52.23
24742800,46.8
24746400,42.62
24750000,39.96
24753600,39.0
24757200,39.82
24760800,42.35
24764400,46.43
24768000,51.77
24771600,58.02
24775200,64.74
24778800,71.47
24782400,77.77
24786000,83.2
24789600,87.38
24793200,90.04
24796800,91.0
24800400,90.18
24804000,87.65
24807600,83.57
24811200,78.23
24814800,71.98
24818400,65.26
24822000,58.53
24825600,52.23
24829200,46.8
24832800,42.62
24836400,39.96
24840000,39.0
24843600,39.82
24847200,42.35
24850800,46.43
24854400,51.77
24858000,58.02
24861600,64.74
24865200,71.47
24868800,77.77
24872400,83.2
24876000,87.38
24879600,90.04
24883200,91.0
24886800,90.18
24890400,87.65
24894000,83.57
24897600,78.23
24901200,71.98
24904800,65.26
24908400,58.53
24912000,52.23
24915600,46.8
24919200,42.62
24922800,39.96
24926400,39.0
24930000,39.82
24933600,42.35
24937200,46.43
24940800,51.77
24944400,58.02
24948000,64.74
24951600,71.47
24955200,77.77
24958800,83.2
24962400,87.38
24966000,90.04
24969600,91.0
24973200,90.18
24976800,87.65
24980400,83.57
24984000,78.23
24987600,71.98
24991200,65.26
24994800,58.53
24998400,52.23
25002000,46.8
25005600,42.62
25009200,39.96
25012800,39.0
25016400,39.82
25020000,42.35
25023600,46.43
25027200,51.77
25030800,58.02
25034400,64.74
25038000,71.47
25041600,77.77
25045200,83.2
25048800,87.38
25052400,90.04
25056000,91.0
25059600,90.18
25063200,87.65
25066800,83.57
25070400,78.23
25074000,71.98
25077600,65.26
25081200,58.53
25084800,52.23
25088400,46.8
25092000,42.62
25095600,39.96
25099200,39.0
25102800,39.82
25106400,42.35
25110000,46.43
25113600,51.77
25117200,58.02
25120800,64.74
25124400,71.47
25128000,77.77
25131600,83.2
25135200,87.38
25138800,90.04
25142400,91.0
25146000,90.18
25149600,87.65
25153200,83.57
25156800,78.23
25160400,71.98
25164000,65.26
25167600,58.53
25171200,52.23
25174800,46.8
25178400,42.62
25182000,39.96
25185600,39.0
25189200,39.82
25192800,42.35
25196400,46.43
25200000,51.77
25203600,58.02
25207200,64.74
25210800,71.47
25214400,77.77
25218000,83.2
25221600,87.38
25225200,90.04
25228800,91.0
25232400,90.18
25236000,87.65
25239600,83.57
25243200,78.23
25246800,71.98
25250400,65.26
25254000,58.53
25257600,52.23
25261200,46.8
25264800,42.62
25268400,39.96
25272000,39.0
25275600,39.82
25279200,42.35
25282800,46.43
25286400,51.77
25290000,58.02
25293600,64.74
25297200,71.47
25300800,77.77
25304400,83.2
25308000,87.38
25311600,90.04
25315200,91.0
25318800,90.18
25322400,87.65
25326000,83.57
25329600,78.23
25333200,71.98
25336800,65.26
25340400,58.53
25344000,52.23
25347600,46.8
25351200,42.62
25354800,39.96
25358400,39.0
25362000,39.82
25365600,42.35
25369200,46.43
25372800,51.77
25376400,58.02
25380000,64.74
25383600,71.47
25387200,77.77
25390800,83.2
25394400,87.38
25398000,90.04
25401600,91.0
25405200,90.18
25408800,87.65
25412400,83.57
25416000,78.23
25419600,71.98
25423200,65.26
25426800,58.53
25430400,52.23
25434000,46.8
25437600,42.62
25441200,39.96
25444800,39.0
25448400,39.82
25452000,42.35
25455600,46.43
25459200,51.77
25462800,58.02
25466400,64.74
25470000,71.47
25473600,77.77
25477200,83.2
25480800,87.38
25484400,90.04
25488000,91.0
25491600,90.18
25495200,87.65
25498800,83.57
25502400,78.23
25506000,71.98
25509600,65.26
25513200,58.53
25516800,52.23
25520400,46.8
25524000,42.62
25527600,39.96
25531200,39.0
25534800,39.82
25538400,42.35
25542000,46.43
25545600,51.77
25549200,58.02
25552800,64.74
25556400,71.47
25560000,77.77
25563600,83.2
25567200,87.38
25570800,90.04
25574400,91.0
25578000,90.18
25581600,87.65
25585200,83.57
25588800,78.23
25592400,71.98
25596000,65.26
25599600,58.53
25603200,52.23
25606800,46.8
25610400,42.62
25614000,39.96
25617600,39.0
25621200,39.82
25624800,42.35
25628400,46.43
25632000,51.77
25635600,58.02
25639200,64.74
25642800,71.47
25646400,77.77
25650000,83.2
25653600,87.38
25657200,90.04
25660800,91.0
25664400,90.18
25668000,87.65
25671600,83.57
25675200,78.23
25678800,71.98
25682400,65.26
25686000,58.53
25689600,52.23
25693200,46.8
25696800,42.62
25700400,39.96
25704000,39.0
25707600,39.82
25711200,42.35
25714800,46.43
25718400,51.77
25722000,58.02
25725600,64.74
25729200,71.47
25732800,77.77
25736400,83.2
25740000,87.38
25743600,90.04
25747200,91.0
25750800,90.18
25754400,87.65
25758000,83.57
25761600,78.23
25765200,71.98
25768800,65.26
25772400,58.53
25776000,52.23
25779600,46.8
25783200,42.62
25786800,39.96
25790400,39.0
25794000,39.82
25797600,42.35
25801200,46.43
25804800,51.77
25808400,58.02
25812000,64.74
25815600,71.47
25819200,77.77
25822800,83.2
25826400,87.38
25830000,90.04
25833600,91.0
25837200,90.18
25840800,87.65
25844400,83.57
25848000,78.23
25851600,71.98
25855200,65.26
25858800,58.53
25862400,52.23
25866000,46.8
25869600,42.62
25873200,39.96
25876800,39.0
25880400,39.82
25884000,42.35
25887600,46.43
25891200,51.77
25894800,58.02
25898400,64.74
25902000,71.47
25905600,77.77
25909200,83.2
25912800,87.38
25916400,90.04
25920000,91.0
25923600,90.18
25927200,87.65
25930800,83.57
25934400,78.23
25938000,71.98
25941600,65.26
25945200,58.53
25948800,52.23
25952400,46.8
25956000,42.62
25959600,39.96
25963200,39.0
25966800,39.82
25970400,42.35
25974000,46.43
25977600,51.77
25981200,58.02
25984800,64.74
25988400,71.47
25992000,77.77
25995600,83.2
25999200,87.38
26002800,90.04
26006400,91.0
26010000,90.18
26013600,87.65
26017200,83.57
26020800,78.23
26024400,71.98
26028000,65.26
26031600,58.53
26035200,52.23
26038800,46.8
26042400,42.62
26046000,39.96
26049600,39.0
26053200,39.82
26056800,42.35
26060400,46.43
26064000,51.77
26067600,58.02
26071200,64.74
26074800,71.47
26078400,77.77
26082000,83.2
26085600,87.38
26089200,90.04
26092800,91.0
26096400,90.18
26100000,87.65
26103600,83.57
26107200,78.23
26110800,71.98
26114400,65.26
26118000,58.53
26121600,52.23
26125200,46.8
26128800,42.62
26132400,39.96
26136000,39.0
26139600,39.82
26143200,42.35
26146800,46.43
26150400,51.77
26154000,58.02
26157600,64.74
26161200,71.47
26164800,77.77
26168400,83.2
26172000,87.38
26175600,90.04
26179200,91.0
26182800,90.18
26186400,87.65
26190000,83.57
26193600,78.23
26197200,71.98
26200800,65.26
26204400,58.53
26208000,52.23
26211600,46.8
26215200,42.62
26218800,39.96
26222400,39.0
26226000,39.82
26229600,42.35
26233200,46.43
26236800,51.77
26240400,58.02
26244000,64.74
26247600,71.47
26251200,77.77
26254800,83.2
26258400,87.38
26262000,90.04
26265600,91.0
26269200,90.18
26272800,87.65
26276400,83.57
26280000,78.23
26283600,71.98
26287200,65.26
26290800,58.53
26294400,52.23
26298000,46.8
26301600,42.62
26305200,39.96
26308800,39.0
26312400,39.82
26316000,42.35
26319600,46.43
26323200,51.77
26326800,58.02
26330400,64.74
26334000,71.47
26337600,77.77
26341200,83.2
26344800,87.38
26348400,90.04
26352000,91.0
26355600,90.18
26359200,87.65
26362800,83.57
26366400,78.23
26370000,71.98
26373600,65.26
26377200,58.53
26380800,52.23
26384400,46.8
26388000,42.62
26391600,39.96
26395200,39.0
26398800,39.82
26402400,42.35
26406000,46.43
26409600,51.77
26413200,58.02
26416800,64.74
26420400,71.47
26424000,77.77
26427600,83.2
26431200,87.38
26434800,90.04
26438400,91.0
26442000,90.18
26445600,87.65
26449200,83.57
26452800,78.23
26456400,71.98
26460000,65.26
26463600,58.53
26467200,52.23
26470800,46.8
26474400,42.62
26478000,39.96
26481600,39.0
26485200,39.82
26488800,42.35
26492400,46.43
26496000,51.77
26499600,58.02
26503200,64.74
26506800,71.47
26510400,77.77
26514000,83.2
26517600,87.38
26521200,90.04
26524800,91.0
26528400,90.18
26532000,87.65
26535600,83.57
26539200,78.23
26542800,71.98
26546400,65.26
26550000,58.53
26553600,52.23
26557200,46.8
26560800,42.62
26564400,39.96
26568000,39.0
26571600,39.82
26575200,42.35
26578800,46.43
26582400,51.77
26586000,58.02
26589600,64.74
26593200,71.47
26596800,77.77
26600400,83.2
26604000,87.38
26607600,90.04
26611200,91.0
26614800,90.18
26618400,87.65
26622000,83.57
26625600,78.23
26629200,71.98
26632800,65.26
26636400,58.53
26640000,52.23
26643600,46.8
26647200,42.62
26650800,39.96
26654400,39.0
26658000,39.82
26661600,42.35
26665200,46.43
26668800,51.77
26672400,58.02
26676000,64.74
26679600,71.47
26683200,77.77
26686800,83.2
26690400,87.38
26694000,90.04
26697600,91.0
26701200,90.18
26704800,87.65
26708400,83.57
26712000,78.23
26715600,71.98
26719200,65.26
26722800,58.53
26726400,52.23
26730000,46.8
26733600,42.62
26737200,39.96
26740800,39.0
26744400,39.82
26748000,42.35
26751600,46.43
26755200,51.77
26758800,58.02
26762400,64.74
26766000,71.47
26769600,77.77
26773200,83.2
26776800,87.38
26780400,90.04
26784000,91.0
26787600,90.18
26791200,87.65
26794800,83.57
26798400,78.23
26802000,71.98
26805600,65.26
26809200,58.53
26812800,52.23
26816400,46.8
26820000,42.62
26823600,39.96
26827200,39.0
26830800,39.82
26834400,42.35
26838000,46.43
26841600,51.77
26845200,58.02
26848800,64.74
26852400,71.47
26856000,77.77
26859600,83.2
26863200,87.38
26866800,90.04
26870400,91.0
26874000,90.18
26877600,87.65
26881200,83.57
26884800,78.23
26888400,71.98
26892000,65.26
26895600,58.53
26899200,52.23
26902800,46.8
26906400,42.62
26910000,39.96
26913600,39.0
26917200,39.82
26920800,42.35
26924400,46.43
26928000,51.77
26931600,58.02
26935200,64.74
26938800,71.47
26942400,77.77
26946000,83.2
26949600,87.38
26953200,90.04
26956800,91.0
26960400,90.18
26964000,87.65
26967600,83.57
26971200,78.23
26974800,71.98
26978400,65.26
26982000,58.53
26985600,52.23
26989200,46.8
26992800,42.62
26996400,39.96
27000000,39.0
27003600,39.82
27007200,42.35
27010800,46.43
27014400,51.77
27018000,58.02
27021600,64.74
27025200,71.47
27028800,77.77
27032400,83.2
27036000,87.38
27039600,90.04
27043200,91.0
27046800,90.18
27050400,87.65
27054000,83.57
27057600,78.23
27061200,71.98
27064800,65.26
27068400,58.53
27072000,52.23
27075600,46.8
27079200,42.62
27082800,39.96
27086400,39.0
27090000,39.82
27093600,42.35
27097200,46.43
27100800,51.77
27104400,58.02
27108000,64.74
27111600,71.47
27115200,77.77
27118800,83.2
27122400,87.38
27126000,90.04
27129600,91.0
27133200,90.18
27136800,87.65
27140400,83.57
27144000,78.23
27147600,71.98
27151200,65.26
27154800,58.53
27158400,52.23
27162000,46.8
27165600,42.62
27169200,39.96
27172800,39.0
27176400,39.82
27180000,42.35
27183600,46.43
27187200,51.77
27190800,58.02
27194400,64.74
27198000,71.47
27201600,77.77
27205200,83.2
27208800,87.38
27212400,90.04
27216000,91.0
27219600,90.18
27223200,87.65
27226800,83.57
27230400,78.23
27234000,71.98
27237600,65.26
27241200,58.53
27244800,52.23
27248400,46.8
27252000,42.62
27255600,39.96
27259200,39.0
27262800,39.82
27266400,42.35
27270000,46.43
27273600,51.77
27277200,58.02
27280800,64.74
27284400,71.47
27288000,77.77
27291600,83.2
27295200,87.38
27298800,90.04
27302400,91.0
27306000,90.18
27309600,87.65
27313200,83.57
27316800,78.23
27320400,71.98
27324000,65.26
27327600,58.53
27331200,52.23
27334800,46.8
27338400,42.62
27342000,39.96
27345600,39.0
27349200,39.82
27352800,42.35
27356400,46.43
27360000,51.77
27363600,58.02
27367200,64.74
27370800,71.47
27374400,77.77
27378000,83.2
27381600,87.38
27385200,90.04
27388800,91.0
27392400,90.18
27396000,87.65
27399600,83.57
27403200,78.23
27406800,71.98
27410400,65.26
27414000,58.53
27417600,52.23
27421200,46.8
27424800,42.62
27428400,39.96
27432000,39.0
27435600,39.82
27439200,42.35
27442800,46.43
27446400,51.77
27450000,58.02
27453600,64.74
27457200,71.47
27460800,77.77
27464400,83.2
27468000,87.38
27471600,90.04
27475200,91.0
27478800,90.18
27482400,87.65
27486000,83.57
27489600,78.23
27493200,71.98
27496800,65.26
27500400,58.53
27504000,52.23
27507600,46.8
27511200,42.62
27514800,39.96
27518400,39.0
27522000,39.82
27525600,42.35
27529200,46.43
27532800,51.77
27536400,58.02
27540000,64.74
27543600,71.47
27547200,77.77
27550800,83.2
27554400,87.38
27558000,90.04
27561600,91.0
27565200,90.18
27568800,87.65
27572400,83.57
27576000,78.23
27579600,71.98
27583200,65.26
27586800,58.53
27590400,52.23
27594000,46.8
27597600,42.62
27601200,39.96
27604800,39.0
27608400,39.82
27612000,42.35
27615600,46.43
27619200,51.77
27622800,58.02
27626400,64.74
27630000,71.47
27633600,77.77
27637200,83.2
27640800,87.38
27644400,90.04
27648000,91.0
27651600,90.18
27655200,87.65
27658800,83.57
27662400,78.23
27666000,71.98
27669600,65.26
27673200,58.53
27676800,52.23
27680400,46.8
27684000,42.62
27687600,39.96
27691200,39.0
27694800,39.82
27698400,42.35
27702000,46.43
27705600,51.77
27709200,58.02
27712800,64.74
27716400,71.47
27720000,77.77
27723600,83.2
27727200,87.38
27730800,90.04
27734400,91.0
27738000,90.18
27741600,87.65
27745200,83.57
27748800,78.23
27752400,71.98
27756000,65.26
27759600,58.53
27763200,52.23
27766800,46.8
27770400,42.62
27774000,39.96
27777600,39.0
27781200,39.82
27784800,42.35
27788400,46.43
27792000,51.77
27795600,58.02
27799200,64.74
27802800,71.47
27806400,77.77
27810000,83.2
27813600,87.38
27817200,90.04
27820800,91.0
27824400,90.18
27828000,87.65
27831600,83.57
27835200,78.23
27838800,71.98
27842400,65.26
27846000,58.53
27849600,52.23
27853200,46.8
27856800,42.62
27860400,39.96
27864000,39.0
27867600,39.82
27871200,42.35
27874800,46.43
27878400,51.77
27882000,58.02
27885600,64.74
27889200,71.47
27892800,77.77
27896400,83.2
27900000,87.38
27903600,90.04
27907200,91.0
27910800,90.18
27914400,87.65
27918000,83.57
27921600,78.23
27925200,71.98
27928800,65.26
27932400,58.53
27936000,52.23
27939600,46.8
27943200,42.62
27946800,39.96
27950400,39.0
27954000,39.82
27957600,42.35
27961200,46.43
27964800,51.77
27968400,58.02
27972000,64.74
27975600,71.47
27979200,77.77
27982800,83.2
27986400,87.38
27990000,90.04
27993600,91.0
27997200,90.18
28000800,87.65
28004400,83.57
28008000,78.23
28011600,71.98
28015200,65.26
28018800,58.53
28022400,52.23
28026000,46.8
28029600,42.62
28033200,39.96
28036800,39.0
28040400,39.82
28044000,42.35
28047600,46.43
28051200,51.77
28054800,58.02
28058400,64.74
28062000,71.47
28065600,77.77
28069200,83.2
28072800,87.38
28076400,90.04
28080000,91.0
28083600,90.18
28087200,87.65
28090800,83.57
28094400,78.23
28098000,71.98
28101600,65.26
28105200,58.53
28108800,52.23
28112400,46.8
28116000,42.62
28119600,39.96
28123200,39.0
28126800,39.82
28130400,42.35
28134000,46.43
28137600,51.77
28141200,58.02
28144800,64.74
28148400,71.47
28152000,77.77
28155600,83.2
28159200,87.38
28162800,90.04
28166400,91.0
28170000,90.18
28173600,87.65
28177200,83.57
28180800,78.23
28184400,71.98
28188000,65.26
28191600,58.53
28195200,52.23
28198800,46.8
28202400,42.62
28206000,39.96
28209600,39.0
28213200,39.82
28216800,42.35
28220400,46.43
28224000,51.77
28227600,58.02
28231200,64.74
28234800,71.47
28238400,77.77
28242000,83.2
28245600,87.38
28249200,90.04
28252800,91.0
28256400,90.18
28260000,87.65
28263600,83.57
28267200,78.23
28270800,71.98
28274400,65.26
28278000,58.53
28281600,52.23
28285200,46.8
28288800,42.62
28292400,39.96
28296000,39.0
28299600,39.82
28303200,42.35
28306800,46.43
28310400,51.77
28314000,58.02
28317600,64.74
28321200,71.47
28324800,77.77
28328400,83.2
28332000,87.38
28335600,90.04
28339200,91.0
28342800,90.18
28346400,87.65
28350000,83.57
28353600,78.23
28357200,71.98
28360800,65.26
28364400,58.53
28368000,52.23
28371600,46.8
28375200,42.62
28378800,39.96
28382400,39.0
28386000,39.82
28389600,42.35
28393200,46.43
28396800,51.77
28400400,58.02
28404000,64.74
28407600,71.47
28411200,77.77
28414800,83.2
28418400,87.38
28422000,90.04
28425600,91.0
28429200,90.18
28432800,87.65
28436400,83.57
28440000,78.23
28443600,71.98
28447200,65.26
28450800,58.53
28454400,52.23
28458000,46.8
28461600,42.62
28465200,39.96
28468800,39.0
28472400,39.82
28476000,42.35
28479600,46.43
28483200,51.77
28486800,58.02
28490400,64.74
28494000,71.47
28497600,77.77
28501200,83.2
28504800,87.38
28508400,90.04
28512000,91.0
28515600,90.18
28519200,87.65
28522800,83.57
28526400,78.23
28530000,71.98
28533600,65.26
28537200,58.53
28540800,52.23
28544400,46.8
28548000,42.62
28551600,39.96
28555200,39.0
28558800,39.82
28562400,42.35
28566000,46.43
28569600,51.77
28573200,58.02
28576800,64.74
28580400,71.47
28584000,77.77
28587600,83.2
28591200,87.38
28594800,90.04
28598400,91.0
28602000,90.18
28605600,87.65
28609200,83.57
28612800,78.23
28616400,71.98
28620000,65.26
28623600,58.53
28627200,52.23
28630800,46.8
28634400,42.62
28638000,39.96
28641600,39.0
28645200,39.82
28648800,42.35
28652400,46.43
28656000,51.77
28659600,58.02
28663200,64.74
28666800,71.47
28670400,77.77
28674000,83.2
28677600,87.38
28681200,90.04
28684800,91.0
28688400,90.18
28692000,87.65
28695600,83.57
28699200,78.23
28702800,71.98
28706400,65.26
28710000,58.53
28713600,52.23
28717200,46.8
28720800,42.62
28724400,39.96
28728000,39.0
28731600,39.82
28735200,42.35
28738800,46.43
28742400,51.77
28746000,58.02
28749600,64.74
28753200,71.47
28756800,77.77
28760400,83.2
28764000,87.38
28767600,90.04
28771200,91.0
28774800,90.18
28778400,87.65
28782000,83.57
28785600,78.23
28789200,71.98
28792800,65.26
28796400,58.53
28800000,52.23
28803600,46.8
28807200,42.62
28810800,39.96
28814400,39.0
28818000,39.82
28821600,42.35
28825200,46.43
28828800,51.77
28832400,58.02
28836000,64.74
28839600,71.47
28843200,77.77
28846800,83.2
28850400,87.38
28854000,90.04
28857600,91.0
28861200,90.18
28864800,87.65
28868400,83.57
28872000,78.23
28875600,71.98
28879200,65.26
28882800,58.53
28886400,52.23
28890000,46.8
28893600,42.62
28897200,39.96
28900800,39.0
28904400,39.82
28908000,42.35
28911600,46.43
28915200,51.77
28918800,58.02
28922400,64.74
28926000,71.47
28929600,77.77
28933200,83.2
28936800,87.38
28940400,90.04
28944000,91.0
28947600,90.18
28951200,87.65
28954800,83.57
28958400,78.23
28962000,71.98
28965600,65.26
28969200,58.53
28972800,52.23
28976400,46.8
28980000,42.62
28983600,39.96
28987200,39.0
28990800,39.82
28994400,42.35
28998000,46.43
29001600,51.77
29005200,58.02
29008800,64.74
29012400,71.47
29016000,77.77
29019600,83.2
29023200,87.38
29026800,90.04
29030400,91.0
29034000,90.18
29037600,87.65
29041200,83.57
29044800,78.23
29048400,71.98
29052000,65.26
29055600,58.53
29059200,52.23
29062800,46.8
29066400,42.62
29070000,39.96
29073600,39.0
29077200,39.82
29080800,42.35
29084400,46.43
29088000,51.77
29091600,58.02
29095200,64.74
29098800,71.47
29102400,77.77
29106000,83.2
29109600,87.38
29113200,90.04
29116800,91.0
29120400,90.18
29124000,87.65
29127600,83.57
29131200,78.23
29134800,71.98
29138400,65.26
29142000,58.53
29145600,52.23
29149200,46.8
29152800,42.62
29156400,39.96
29160000,39.0
29163600,39.82
29167200,42.35
29170800,46.43
29174400,51.77
29178000,58.02
29181600,64.74
29185200,71.47
29188800,77.77
29192400,83.2
29196000,87.38
29199600,90.04
29203200,91.0
29206800,90.18
29210400,87.65
29214000,83.57
29217600,78.23
29221200,71.98
29224800,65.26
29228400,58.53
29232000,52.23
29235600,46.8
29239200,42.62
29242800,39.96
29246400,39.0
29250000,39.82
29253600,42.35
29257200,46.43
29260800,51.77
29264400,58.02
29268000,64.74
29271600,71.47
29275200,77.77
29278800,83.2
29282400,87.38
29286000,90.04
29289600,91.0
29293200,90.18
29296800,87.65
29300400,83.57
29304000,78.23
29307600,71.98
29311200,65.26
29314800,58.53
29318400,52.23
29322000,46.8
29325600,42.62
29329200,39.96
29332800,39.0
29336400,39.82
29340000,42.35
29343600,46.43
29347200,51.77
29350800,58.02
29354400,64.74
29358000,71.47
29361600,77.77
29365200,83.2
29368800,87.38
29372400,90.04
29376000,91.0
29379600,90.18
29383200,87.65
29386800,83.57
29390400,78.23
29394000,71.98
29397600,65.26
29401200,58.53
29404800,52.23
29408400,46.8
29412000,42.62
29415600,39.96
29419200,39.0
29422800,39.82
29426400,42.35
29430000,46.43
29433600,51.77
29437200,58.02
29440800,64.74
29444400,71.47
29448000,77.77
29451600,83.2
29455200,87.38
29458800,90.04
29462400,91.0
29466000,90.18
29469600,87.65
29473200,83.57
29476800,78.23
29480400,71.98
29484000,65.26
29487600,58.53
29491200,52.23
29494800,46.8
29498400,42.62
29502000,39.96
29505600,39.0
29509200,39.82
29512800,42.35
29516400,46.43
29520000,51.77
29523600,58.02
29527200,64.74
29530800,71.47
29534400,77.77
29538000,83.2
29541600,87.38
29545200,90.04
29548800,91.0
29552400,90.18
29556000,87.65
29559600,83.57
29563200,78.23
29566800,71.98
29570400,65.26
29574000,58.53
29577600,52.23
29581200,46.8
29584800,42.62
29588400,39.96
29592000,39.0
29595600,39.82
29599200,42.35
29602800,46.43
29606400,51.77
29610000,58.02
29613600,64.74
29617200,71.47
29620800,77.77
29624400,83.2
29628000,87.38
29631600,90.04
29635200,91.0
29638800,90.18
29642400,87.65
29646000,83.57
29649600,78.23
29653200,71.98
29656800,65.26
29660400,58.53
29664000,52.23
29667600,46.8
29671200,42.62
29674800,39.96
29678400,39.0
29682000,39.82
29685600,42.35
29689200,46.43
29692800,51.77
29696400,58.02
29700000,64.74
29703600,71.47
29707200,77.77
29710800,83.2
29714400,87.38
29718000,90.04
29721600,91.0
29725200,90.18
29728800,87.65
29732400,83.57
29736000,78.23
29739600,71.98
29743200,65.26
29746800,58.53
29750400,52.23
29754000,46.8
29757600,42.62
29761200,39.96
29764800,39.0
29768400,39.82
29772000,42.35
29775600,46.43
29779200,51.77
29782800,58.02
29786400,64.74
29790000,71.47
29793600,77.77
29797200,83.2
29800800,87.38
29804400,90.04
29808000,91.0
29811600,90.18
29815200,87.65
29818800,83.57
29822400,78.23
29826000,71.98
29829600,65.26
29833200,58.53
29836800,52.23
29840400,46.8
29844000,42.62
29847600,39.96
29851200,39.0
29854800,39.82
29858400,42.35
29862000,46.43
29865600,51.77
29869200,58.02
29872800,64.74
29876400,71.47
29880000,77.77
29883600,83.2
29887200,87.38
29890800,90.04
29894400,91.0
29898000,90.18
29901600,87.65
29905200,83.57
29908800,78.23
29912400,71.98
29916000,65.26
29919600,58.53
29923200,52.23
29926800,46.8
29930400,42.62
29934000,39.96
29937600,39.0
29941200,39.82
29944800,42.35
29948400,46.43
29952000,51.77
29955600,58.02
29959200,64.74
29962800,71.47
29966400,77.77
29970000,83.2
29973600,87.38
29977200,90.04
29980800,91.0
29984400,90.18
29988000,87.65
29991600,83.57
29995200,78.23
29998800,71.98
30002400,65.26
30006000,58.53
30009600,52.23
30013200,46.8
30016800,42.62
30020400,39.96
30024000,39.0
30027600,39.82
30031200,42.35
30034800,46.43
30038400,51.77
30042000,58.02
30045600,64.74
30049200,71.47
30052800,77.77
30056400,83.2
30060000,87.38
30063600,90.04
30067200,91.0
30070800,90.18
30074400,87.65
30078000,83.57
30081600,78.23
30085200,71.98
30088800,65.26
30092400,58.53
30096000,52.23
30099600,46.8
30103200,42.62
30106800,39.96
30110400,39.0
30114000,39.82
30117600,42.35
30121200,46.43
30124800,51.77
30128400,58.02
30132000,64.74
30135600,71.47
30139200,77.77
30142800,83.2
30146400,87.38
30150000,90.04
30153600,91.0
30157200,90.18
30160800,87.65
30164400,83.57
30168000,78.23
30171600,71.98
30175200,65.26
30178800,58.53
30182400,52.23
30186000,46.8
30189600,42.62
30193200,39.96
30196800,39.0
30200400,39.82
30204000,42.35
30207600,46.43
30211200,51.77
30214800,58.02
30218400,64.74
30222000,71.47
30225600,77.77
30229200,83.2
30232800,87.38
30236400,90.04
30240000,91.0
30243600,90.18
30247200,87.65
30250800,83.57
30254400,78.23
30258000,71.98
30261600,65.26
30265200,58.53
30268800,52.23
30272400,46.8
30276000,42.62
30279600,39.96
30283200,39.0
30286800,39.82
30290400,42.35
30294000,46.43
30297600,51.77
30301200,58.02
30304800,64.74
30308400,71.47
30312000,77.77
30315600,83.2
30319200,87.38
30322800,90.04
30326400,91.0
30330000,90.18
30333600,87.65
30337200,83.57
30340800,78.23
30344400,71.98
30348000,65.26
30351600,58.53
30355200,52.23
30358800,46.8
30362400,42.62
30366000,39.96
30369600,39.0
30373200,39.82
30376800,42.35
30380400,46.43
30384000,51.77
30387600,58.02
30391200,64.74
30394800,71.47
30398400,77.77
30402000,83.2
30405600,87.38
30409200,90.04
30412800,91.0
30416400,90.18
30420000,87.65
30423600,83.57
30427200,78.23
30430800,71.98
30434400,65.26
30438000,58.53
30441600,52.23
30445200,46.8
30448800,42.62
30452400,39.96
30456000,39.0
30459600,39.82
30463200,42.35
30466800,46.43
30470400,51.77
30474000,58.02
30477600,64.74
30481200,71.47
30484800,77.77
30488400,83.2
30492000,87.38
30495600,90.04
30499200,91.0
30502800,90.18
30506400,87.65
30510000,83.57
30513600,78.23
30517200,71.98
30520800,65.26
30524400,58.53
30528000,52.23
30531600,46.8
30535200,42.62
30538800,39.96
30542400,39.0
30546000,39.82
30549600,42.35
30553200,46.43
30556800,51.77
30560400,58.02
30564000,64.74
30567600,71.47
30571200,77.77
30574800,83.2
30578400,87.38
30582000,90.04
30585600,91.0
30589200,90.18
30592800,87.65
30596400,83.57
30600000,78.23
30603600,71.98
30607200,65.26
30610800,58.53
30614400,52.23
30618000,46.8
30621600,42.62
30625200,39.96
30628800,39.0
30632400,39.82
30636000,42.35
30639600,46.43
30643200,51.77
30646800,58.02
30650400,64.74
30654000,71.47
30657600,77.77
30661200,83.2
30664800,87.38
30668400,90.04
30672000,91.0
30675600,90.18
30679200,87.65
30682800,83.57
30686400,78.23
30690000,71.98
30693600,65.26
30697200,58.53
30700800,52.23
30704400,46.8
30708000,42.62
30711600,39.96
30715200,39.0
30718800,39.82
30722400,42.35
30726000,46.43
30729600,51.77
30733200,58.02
30736800,64.74
30740400,71.47
30744000,77.77
30747600,83.2
30751200,87.38
30754800,90.04
30758400,91.0
30762000,90.18
30765600,87.65
30769200,83.57
30772800,78.23
30776400,71.98
30780000,65.26
30783600,58.53
30787200,52.23
30790800,46.8
30794400,42.62
30798000,39.96
30801600,39.0
30805200,39.82
30808800,42.35
30812400,46.43
30816000,51.77
30819600,58.02
30823200,64.74
30826800,71.47
30830400,77.77
30834000,83.2
30837600,87.38
30841200,90.04
30844800,91.0
30848400,90.18
30852000,87.65
30855600,83.57
30859200,78.23
30862800,71.98
30866400,65.26
30870000,58.53
30873600,52.23
30877200,46.8
30880800,42.62
30884400,39.96
30888000,39.0
30891600,39.82
30895200,42.35
30898800,46.43
30902400,51.77
30906000,58.02
30909600,64.74
30913200,71.47
30916800,77.77
30920400,83.2
30924000,87.38
30927600,90.04
30931200,91.0
30934800,90.18
30938400,87.65
30942000,83.57
30945600,78.23
30949200,71.98
30952800,65.26
30956400,58.53
30960000,52.23
30963600,46.8
30967200,42.62
30970800,39.96
30974400,39.0
30978000,39.82
30981600,42.35
30985200,46.43
30988800,51.77
30992400,58.02
30996000,64.74
30999600,71.47
31003200,77.77
31006800,83.2
31010400,87.38
31014000,90.04
31017600,91.0
31021200,90.18
31024800,87.65
31028400,83.57
31032000,78.23
31035600,71.98
31039200,65.26
31042800,58.53
31046400,52.23
31050000,46.8
31053600,42.62
31057200,39.96
31060800,39.0
31064400,39.82
31068000,42.35
31071600,46.43
31075200,51.77
31078800,58.02
31082400,64.74
31086000,71.47
31089600,77.77
31093200,83.2
31096800,87.38
31100400,90.04
31104000,91.0
31107600,90.18
31111200,87.65
31114800,83.57
31118400,78.23
31122000,71.98
31125600,65.26
31129200,58.53
31132800,52.23
31136400,46.8
31140000,42.62
31143600,39.96
31147200,39.0
31150800,39.82
31154400,42.35
31158000,46.43
31161600,51.77
31165200,58.02
31168800,64.74
31172400,71.47
31176000,77.77
31179600,83.2
31183200,87.38
31186800,90.04
31190400,91.0
31194000,90.18
31197600,87.65
31201200,83.57
31204800,78.23
31208400,71.98
31212000,65.26
31215600,58.53
31219200,52.23
31222800,46.8
31226400,42.62
31230000,39.96
31233600,39.0
31237200,39.82
31240800,42.35
31244400,46.43
31248000,51.77
31251600,58.02
31255200,64.74
31258800,71.47
31262400,77.77
31266000,83.2
31269600,87.38
31273200,90.04
31276800,91.0
31280400,90.18
31284000,87.65
31287600,83.57
31291200,78.23
31294800,71.98
31298400,65.26
31302000,58.53
31305600,52.23
31309200,46.8
31312800,42.62
31316400,39.96
31320000,39.0
31323600,39.82
31327200,42.35
31330800,46.43
31334400,51.77
31338000,58.02
31341600,64.74
31345200,71.47
31348800,77.77
31352400,83.2
31356000,87.38
31359600,90.04
31363200,91.0
31366800,90.18
31370400,87.65
31374000,83.57
31377600,78.23
31381200,71.98
31384800,65.26
31388400,58.53
31392000,52.23
31395600,46.8
31399200,42.62
31402800,39.96
31406400,39.0
31410000,39.82
31413600,42.35
31417200,46.43
31420800,51.77
31424400,58.02
31428000,64.74
31431600,71.47
31435200,77.77
31438800,83.2
31442400,87.38
31446000,90.04
31449600,91.0
31453200,90.18
31456800,87.65
31460400,83.57
31464000,78.23
31467600,71.98
31471200,65.26
31474800,58.53
31478400,52.23
31482000,46.8
31485600,42.62
31489200,39.96
31492800,39.0
31496400,39.82
31500000,42.35
31503600,46.43
31507200,51.77
31510800,58.02
31514400,64.74
31518000,71.47
31521600,77.77
31525200,83.2
31528800,87.38
31532400,90.04
31536000,91.0
