t_seconds,gco2_per_kwh
0,58.72
3600,57.71
7200,55.64
10800,52.64
14400,48.91
18000,44.71
21600,40.33
25200,36.06
28800,32.19
32400,29.0
36000,26.69
39600,25.42
43200,25.28
46800,26.29
50400,28.36
54000,31.36
57600,35.09
61200,39.29
64800,43.67
68400,47.94
72000,51.81
75600,55.0
79200,57.31
82800,58.58
86400,58.72
90000,57.71
93600,55.64
97200,52.64
100800,48.91
104400,44.71
108000,40.33
111600,36.06
115200,32.19
118800,29.0
122400,26.69
126000,25.42
129600,25.28
133200,26.29
136800,28.36
140400,31.36
144000,35.09
147600,39.29
151200,43.67
154800,47.94
158400,51.81
162000,55.0
165600,57.31
169200,58.58
172800,58.72
176400,57.71
180000,55.64
183600,52.64
187200,48.91
190800,44.71
194400,40.33
198000,36.06
201600,32.19
205200,29.0
208800,26.69
212400,25.42
216000,25.28
219600,26.29
223200,28.36
226800,31.36
230400,35.09
234000,39.29
237600,43.67
241200,47.94
244800,51.81
248400,55.0
252000,57.31
255600,58.58
259200,58.72
262800,57.71
266400,55.64
270000,52.64
273600,48.91
277200,44.71
280800,40.33
284400,36.06
288000,32.19
291600,29.0
295200,26.69
298800,25.42
302400,25.28
306000,26.29
309600,28.36
313200,31.36
316800,35.09
320400,39.29
324000,43.67
327600,47.94
331200,51.81
334800,55.0
338400,57.31
342000,58.58
345600,58.72
349200,57.71
352800,55.64
356400,52.64
360000,48.91
363600,44.71
367200,40.33
370800,36.06
374400,32.19
378000,29.0
381600,26.69
385200,25.42
388800,25.28
392400,26.29
396000,28.36
399600,31.36
403200,35.09
406800,39.29
410400,43.67
414000,47.94
417600,51.81
421200,55.0
424800,57.31
428400,58.58
432000,58.72
435600,57.71
439200,55.64
442800,52.64
446400,48.91
450000,44.71
453600,40.33
457200,36.06
460800,32.19
464400,29.0
468000,26.69
471600,25.42
475200,25.28
478800,26.29
482400,28.36
486000,31.36
489600,35.09
493200,39.29
496800,43.67
500400,47.94
504000,51.81
507600,55.0
511200,57.31
514800,58.58
518400,58.72
522000,57.71
525600,55.64
529200,52.64
532800,48.91
536400,44.71
540000,40.33
543600,36.06
547200,32.19
550800,29.0
554400,26.69
558000,25.42
561600,25.28
565200,26.29
568800,28.36
572400,31.36
576000,35.09
579600,39.29
583200,43.67
586800,47.94
590400,51.81
594000,55.0
597600,57.31
601200,58.58
604800,58.72
608400,57.71
612000,55.64
615600,52.64
619200,48.91
622800,44.71
626400,40.33
630000,36.06
633600,32.19
637200,29.0
640800,26.69
644400,25.42
648000,25.28
651600,26.29
655200,28.36
658800,31.36
662400,35.09
666000,39.29
669600,43.67
673200,47.94
676800,51.81
680400,55.0
684000,57.31
687600,58.58
691200,58.72
694800,57.71
698400,55.64
702000,52.64
705600,48.91
709200,44.71
712800,40.33
716400,36.06
720000,32.19
723600,29.0
727200,26.69
730800,25.42
734400,25.28
738000,26.29
741600,28.36
745200,31.36
748800,35.09
752400,39.29
756000,43.67
759600,47.94
763200,51.81
766800,55.0
770400,57.31
774000,58.58
777600,58.72
781200,57.71
784800,55.64
788400,52.64
792000,48.91
795600,44.71
799200,40.33
802800,36.06
806400,32.19
810000,29.0
813600,26.69
817200,25.42
820800,25.28
824400,26.29
828000,28.36
831600,31.36
835200,35.09
838800,39.29
842400,43.67
846000,47.94
849600,51.81
853200,55.0
856800,57.31
860400,58.58
864000,58.72
867600,57.71
871200,55.64
874800,52.64
878400,48.91
882000,44.71
885600,40.33
889200,36.06
892800,32.19
896400,29.0
900000,26.69
903600,25.42
907200,25.28
910800,26.29
914400,28.36
918000,31.36
921600,35.09
925200,39.29
928800,43.67
932400,47.94
936000,51.81
939600,55.0
943200,57.31
946800,58.58
950400,58.72
954000,57.71
957600,55.64
961200,52.64
964800,48.91
968400,44.71
972000,40.33
975600,36.06
979200,32.19
982800,29.0
986400,26.69
990000,25.42
993600,25.28
997200,26.29
1000800,28.36
1004400,31.36
1008000,35.09
1011600,39.29
1015200,43.67
1018800,47.94
1022400,51.81
1026000,55.0
1029600,57.31
1033200,58.58
1036800,58.72
1040400,57.71
1044000,55.64
1047600,52.64
1051200,48.91
1054800,44.71
1058400,40.33
1062000,36.06
1065600,32.19
1069200,29.0
1072800,26.69
1076400,25.42
1080000,25.28
1083600,26.29
1087200,28.36
1090800,31.36
1094400,35.09
1098000,39.29
1101600,43.67
1105200,47.94
1108800,51.81
1112400,55.0
1116000,57.31
1119600,58.58
1123200,58.72
1126800,57.71
1130400,55.64
1134000,52.64
1137600,48.91
1141200,44.71
1144800,40.33
1148400,36.06
1152000,32.19
1155600,29.0
1159200,26.69
1162800,25.42
1166400,25.28
1170000,26.29
1173600,28.36
1177200,31.36
1180800,35.09
1184400,39.29
1188000,43.67
1191600,47.94
1195200,51.81
1198800,55.0
1202400,57.31
1206000,58.58
1209600,58.72
1213200,57.71
1216800,55.64
1220400,52.64
1224000,48.91
1227600,44.71
1231200,40.33
1234800,36.06
1238400,32.19
1242000,29.0
1245600,26.69
1249200,25.42
1252800,25.28
1256400,26.29
1260000,28.36
1263600,31.36
1267200,35.09
1270800,39.29
1274400,43.67
1278000,47.94
1281600,51.81
1285200,55.0
1288800,57.31
1292400,58.58
1296000,58.72
1299600,57.71
1303200,55.64
1306800,52.64
1310400,48.91
1314000,44.71
1317600,40.33
1321200,36.06
1324800,32.19
1328400,29.0
1332000,26.69
1335600,25.42
1339200,25.28
1342800,26.29
1346400,28.36
1350000,31.36
1353600,35.09
1357200,39.29
1360800,43.67
1364400,47.94
1368000,51.81
1371600,55.0
1375200,57.31
1378800,58.58
1382400,58.72
1386000,57.71
1389600,55.64
1393200,52.64
1396800,48.91
1400400,44.71
1404000,40.33
1407600,36.06
1411200,32.19
1414800,29.0
1418400,26.69
1422000,25.42
1425600,25.28
1429200,26.29
1432800,28.36
1436400,31.36
1440000,35.09
1443600,39.29
1447200,43.67
1450800,47.94
1454400,51.81
1458000,55.0
1461600,57.31
1465200,58.58
1468800,58.72
1472400,57.71
1476000,55.64
1479600,52.64
1483200,48.91
1486800,44.71
1490400,40.33
1494000,36.06
1497600,32.19
1501200,29.0
1504800,26.69
1508400,25.42
1512000,25.28
1515600,26.29
1519200,28.36
1522800,31.36
1526400,35.09
1530000,39.29
1533600,43.67
1537200,47.94
1540800,51.81
1544400,55.0
1548000,57.31
1551600,58.58
1555200,58.72
1558800,57.71
1562400,55.64
1566000,52.64
1569600,48.91
1573200,44.71
1576800,40.33
1580400,36.06
1584000,32.19
1587600,29.0
1591200,26.69
1594800,25.42
1598400,25.28
1602000,26.29
1605600,28.36
1609200,31.36
1612800,35.09
1616400,39.29
1620000,43.67
1623600,47.94
1627200,51.81
1630800,55.0
1634400,57.31
1638000,58.58
1641600,58.72
1645200,57.71
1648800,55.64
1652400,52.64
1656000,48.91
1659600,44.71
1663200,40.33
1666800,36.06
1670400,32.19
1674000,29.0
1677600,26.69
1681200,25.42
1684800,25.28
1688400,26.29
1692000,28.36
1695600,31.36
1699200,35.09
1702800,39.29
1706400,43.67
1710000,47.94
1713600,51.81
1717200,55.0
1720800,57.31
1724400,58.58
1728000,58.72
1731600,57.71
1735200,55.64
1738800,52.64
1742400,48.91
1746000,44.71
1749600,40.33
1753200,36.06
1756800,32.19
1760400,29.0
1764000,26.69
1767600,25.42
1771200,25.28
1774800,26.29
1778400,28.36
1782000,31.36
1785600,35.09
1789200,39.29
1792800,43.67
1796400,47.94
1800000,51.81
1803600,55.0
1807200,57.31
1810800,58.58
1814400,58.72
1818000,57.71
1821600,55.64
1825200,52.64
1828800,48.91
1832400,44.71
1836000,40.33
1839600,36.06
1843200,32.19
1846800,29.0
1850400,26.69
1854000,25.42
1857600,25.28
1861200,26.29
1864800,28.36
1868400,31.36
1872000,35.09
1875600,39.29
1879200,43.67
1882800,47.94
1886400,51.81
1890000,55.0
1893600,57.31
1897200,58.58
1900800,58.72
1904400,57.71
1908000,55.64
1911600,52.64
1915200,48.91
1918800,44.71
1922400,40.33
1926000,36.06
1929600,32.19
1933200,29.0
1936800,26.69
1940400,25.42
1944000,25.28
1947600,26.29
1951200,28.36
1954800,31.36
1958400,35.09
1962000,39.29
1965600,43.67
1969200,47.94
1972800,51.81
1976400,55.0
1980000,57.31
1983600,58.58
1987200,58.72
1990800,57.71
1994400,55.64
1998000,52.64
2001600,48.91
2005200,44.71
2008800,40.33
2012400,36.06
2016000,32.19
2019600,29.0
2023200,26.69
2026800,25.42
2030400,25.28
2034000,26.29
2037600,28.36
2041200,31.36
2044800,35.09
2048400,39.29
2052000,43.67
2055600,47.94
2059200,51.81
2062800,55.0
2066400,57.31
2070000,58.58
2073600,58.72
2077200,57.71
2080800,55.64
2084400,52.64
2088000,48.91
2091600,44.71
2095200,40.33
2098800,36.06
2102400,32.19
2106000,29.0
2109600,26.69
2113200,25.42
2116800,25.28
2120400,26.29
2124000,28.36
2127600,31.36
2131200,35.09
2134800,39.29
2138400,43.67
2142000,47.94
2145600,51.81
2149200,55.0
2152800,57.31
2156400,58.58
2160000,58.72
2163600,57.71
2167200,55.64
2170800,52.64
2174400,48.91
2178000,44.71
2181600,40.33
2185200,36.06
2188800,32.19
2192400,29.0
2196000,26.69
2199600,25.42
2203200,25.28
2206800,26.29
2210400,28.36
2214000,31.36
2217600,35.09
2221200,39.29
2224800,43.67
2228400,47.94
2232000,51.81
2235600,55.0
2239200,57.31
2242800,58.58
2246400,58.72
2250000,57.71
2253600,55.64
2257200,52.64
2260800,48.91
2264400,44.71
2268000,40.33
2271600,36.06
2275200,32.19
2278800,29.0
2282400,26.69
2286000,25.42
2289600,25.28
2293200,26.29
2296800,28.36
2300400,31.36
2304000,35.09
2307600,39.29
2311200,43.67
2314800,47.94
2318400,51.81
2322000,55.0
2325600,57.31
2329200,58.58
2332800,58.72
2336400,57.71
2340000,55.64
2343600,52.64
2347200,48.91
2350800,44.71
2354400,40.33
2358000,36.06
2361600,32.19
2365200,29.0
2368800,26.69
2372400,25.42
2376000,25.28
2379600,26.29
2383200,28.36
2386800,31.36
2390400,35.09
2394000,39.29
2397600,43.67
2401200,47.94
2404800,51.81
2408400,55.0
2412000,57.31
2415600,58.58
2419200,58.72
2422800,57.71
2426400,55.64
2430000,52.64
2433600,48.91
2437200,44.71
2440800,40.33
2444400,36.06
2448000,32.19
2451600,29.0
2455200,26.69
2458800,25.42
2462400,25.28
2466000,26.29
2469600,28.36
2473200,31.36
2476800,35.09
2480400,39.29
2484000,43.67
2487600,47.94
2491200,51.81
2494800,55.0
2498400,57.31
2502000,58.58
2505600,58.72
2509200,57.71
2512800,55.64
2516400,52.64
2520000,48.91
2523600,44.71
2527200,40.33
2530800,36.06
2534400,32.19
2538000,29.0
2541600,26.69
2545200,25.42
2548800,25.28
2552400,26.29
2556000,28.36
2559600,31.36
2563200,35.09
2566800,39.29
2570400,43.67
2574000,47.94
2577600,51.81
2581200,55.0
2584800,57.31
2588400,58.58
2592000,58.72
2595600,57.71
2599200,55.64
2602800,52.64
2606400,48.91
2610000,44.71
2613600,40.33
2617200,36.06
2620800,32.19
2624400,29.0
2628000,26.69
2631600,25.42
2635200,25.28
2638800,26.29
2642400,28.36
2646000,31.36
2649600,35.09
2653200,39.29
2656800,43.67
2660400,47.94
2664000,51.81
2667600,55.0
2671200,57.31
2674800,58.58
2678400,58.72
2682000,57.71
2685600,55.64
2689200,52.64
2692800,48.91
2696400,44.71
2700000,40.33
2703600,36.06
2707200,32.19
2710800,29.0
2714400,26.69
2718000,25.42
2721600,25.28
2725200,26.29
2728800,28.36
2732400,31.36
2736000,35.09
2739600,39.29
2743200,43.67
2746800,47.94
2750400,51.81
2754000,55.0
2757600,57.31
2761200,58.58
2764800,58.72
2768400,57.71
2772000,55.64
2775600,52.64
2779200,48.91
2782800,44.71
2786400,40.33
2790000,36.06
2793600,32.19
2797200,29.0
2800800,26.69
2804400,25.42
2808000,25.28
2811600,26.29
2815200,28.36
2818800,31.36
2822400,35.09
2826000,39.29
2829600,43.67
2833200,47.94
2836800,51.81
2840400,55.0
2844000,57.31
2847600,58.58
2851200,58.72
2854800,57.71
2858400,55.64
2862000,52.64
2865600,48.91
2869200,44.71
2872800,40.33
2876400,36.06
2880000,32.19
2883600,29.0
2887200,26.69
2890800,25.42
2894400,25.28
2898000,26.29
2901600,28.36
2905200,31.36
2908800,35.09
2912400,39.29
2916000,43.67
2919600,47.94
2923200,51.81
2926800,55.0
2930400,57.31
2934000,58.58
2937600,58.72
2941200,57.71
2944800,55.64
2948400,52.64
2952000,48.91
2955600,44.71
2959200,40.33
2962800,36.06
2966400,32.19
2970000,29.0
2973600,26.69
2977200,25.42
2980800,25.28
2984400,26.29
2988000,28.36
2991600,31.36
2995200,35.09
2998800,39.29
3002400,43.67
3006000,47.94
3009600,51.81
3013200,55.0
3016800,57.31
3020400,58.58
3024000,58.72
3027600,57.71
3031200,55.64
3034800,52.64
3038400,48.91
3042000,44.71
3045600,40.33
3049200,36.06
3052800,32.19
3056400,29.0
3060000,26.69
3063600,25.42
3067200,25.28
3070800,26.29
3074400,28.36
3078000,31.36
3081600,35.09
3085200,39.29
3088800,43.67
3092400,47.94
3096000,51.81
3099600,55.0
3103200,57.31
3106800,58.58
3110400,58.72
3114000,57.71
3117600,55.64
3121200,52.64
3124800,48.91
3128400,44.71
3132000,40.33
3135600,36.06
3139200,32.19
3142800,29.0
3146400,26.69
3150000,25.42
3153600,25.28
3157200,26.29
3160800,28.36
3164400,31.36
3168000,35.09
3171600,39.29
3175200,43.67
3178800,47.94
3182400,51.81
3186000,55.0
3189600,57.31
3193200,58.58
3196800,58.72
3200400,57.71
3204000,55.64
3207600,52.64
3211200,48.91
3214800,44.71
3218400,40.33
3222000,36.06
3225600,32.19
3229200,29.0
3232800,26.69
3236400,25.42
3240000,25.28
3243600,26.29
3247200,28.36
3250800,31.36
3254400,35.09
3258000,39.29
3261600,43.67
3265200,47.94
3268800,51.81
3272400,55.0
3276000,57.31
3279600,58.58
3283200,58.72
3286800,57.71
3290400,55.64
3294000,52.64
3297600,48.91
3301200,44.71
3304800,40.33
3308400,36.06
3312000,32.19
3315600,29.0
3319200,26.69
3322800,25.42
3326400,25.28
3330000,26.29
3333600,28.36
3337200,31.36
3340800,35.09
3344400,39.29
3348000,43.67
3351600,47.94
3355200,51.81
3358800,55.0
3362400,57.31
3366000,58.58
3369600,58.72
3373200,57.71
3376800,55.64
3380400,52.64
3384000,48.91
3387600,44.71
3391200,40.33
3394800,36.06
3398400,32.19
3402000,29.0
3405600,26.69
3409200,25.42
3412800,25.28
3416400,26.29
3420000,28.36
3423600,31.36
3427200,35.09
3430800,39.29
3434400,43.67
3438000,47.94
3441600,51.81
3445200,55.0
3448800,57.31
3452400,58.58
3456000,58.72
3459600,57.71
3463200,55.64
3466800,52.64
3470400,48.91
3474000,44.71
3477600,40.33
3481200,36.06
3484800,32.19
3488400,29.0
3492000,26.69
3495600,25.42
3499200,25.28
3502800,26.29
3506400,28.36
3510000,31.36
3513600,35.09
3517200,39.29
3520800,43.67
3524400,47.94
3528000,51.81
3531600,55.0
3535200,57.31
3538800,58.58
3542400,58.72
3546000,57.71
3549600,55.64
3553200,52.64
3556800,48.91
3560400,44.71
3564000,40.33
3567600,36.06
3571200,32.19
3574800,29.0
3578400,26.69
3582000,25.42
3585600,25.28
3589200,26.29
3592800,28.36
3596400,31.36
3600000,35.09
3603600,39.29
3607200,43.67
3610800,47.94
3614400,51.81
3618000,55.0
3621600,57.31
3625200,58.58
3628800,58.72
3632400,57.71
3636000,55.64
3639600,52.64
3643200,48.91
3646800,44.71
3650400,40.33
3654000,36.06
3657600,32.19
3661200,29.0
3664800,26.69
3668400,25.42
3672000,25.28
3675600,26.29
3679200,28.36
3682800,31.36
3686400,35.09
3690000,39.29
3693600,43.67
3697200,47.94
3700800,51.81
3704400,55.0
3708000,57.31
3711600,58.58
3715200,58.72
3718800,57.71
3722400,55.64
3726000,52.64
3729600,48.91
3733200,44.71
3736800,40.33
3740400,36.06
3744000,32.19
3747600,29.0
3751200,26.69
3754800,25.42
3758400,25.28
3762000,26.29
3765600,28.36
3769200,31.36
3772800,35.09
3776400,39.29
3780000,43.67
3783600,47.94
3787200,51.81
3790800,55.0
3794400,57.31
3798000,58.58
3801600,58.72
3805200,57.71
3808800,55.64
3812400,52.64
3816000,48.91
3819600,44.71
3823200,40.33
3826800,36.06
3830400,32.19
3834000,29.0
3837600,26.69
3841200,25.42
3844800,25.28
3848400,26.29
3852000,28.36
3855600,31.36
3859200,35.09
3862800,39.29
3866400,43.67
3870000,47.94
3873600,51.81
3877200,55.0
3880800,57.31
3884400,58.58
3888000,58.72
3891600,57.71
3895200,55.64
3898800,52.64
3902400,48.91
3906000,44.71
3909600,40.33
3913200,36.06
3916800,32.19
3920400,29.0
3924000,26.69
3927600,25.42
3931200,25.28
3934800,26.29
3938400,28.36
3942000,31.36
3945600,35.09
3949200,39.29
3952800,43.67
3956400,47.94
3960000,51.81
3963600,55.0
3967200,57.31
3970800,58.58
3974400,58.72
3978000,57.71
3981600,55.64
3985200,52.64
3988800,48.91
3992400,44.71
3996000,40.33
3999600,36.06
4003200,32.19
4006800,29.0
4010400,26.69
4014000,25.42
4017600,25.28
4021200,26.29
4024800,28.36
4028400,31.36
4032000,35.09
4035600,39.29
4039200,43.67
4042800,47.94
4046400,51.81
4050000,55.0
4053600,57.31
4057200,58.58
4060800,58.72
4064400,57.71
4068000,55.64
4071600,52.64
4075200,48.91
4078800,44.71
4082400,40.33
4086000,36.06
4089600,32.19
4093200,29.0
4096800,26.69
4100400,25.42
4104000,25.28
4107600,26.29
4111200,28.36
4114800,31.36
4118400,35.09
4122000,39.29
4125600,43.67
4129200,47.94
4132800,51.81
4136400,55.0
4140000,57.31
4143600,58.58
4147200,58.72
4150800,57.71
4154400,55.64
4158000,52.64
4161600,48.91
4165200,44.71
4168800,40.33
4172400,36.06
4176000,32.19
4179600,29.0
4183200,26.69
4186800,25.42
4190400,25.28
4194000,26.29
4197600,28.36
4201200,31.36
4204800,35.09
4208400,39.29
4212000,43.67
4215600,47.94
4219200,51.81
4222800,55.0
4226400,57.31
4230000,58.58
4233600,58.72
4237200,57.71
4240800,55.64
4244400,52.64
4248000,48.91
4251600,44.71
4255200,40.33
4258800,36.06
4262400,32.19
4266000,29.0
4269600,26.69
4273200,25.42
4276800,25.28
4280400,26.29
4284000,28.36
4287600,31.36
4291200,35.09
4294800,39.29
4298400,43.67
4302000,47.94
4305600,51.81
4309200,55.0
4312800,57.31
4316400,58.58
4320000,58.72
4323600,57.71
4327200,55.64
4330800,52.64
4334400,48.91
4338000,44.71
4341600,40.33
4345200,36.06
4348800,32.19
4352400,29.0
4356000,26.69
4359600,25.42
4363200,25.28
4366800,26.29
4370400,28.36
4374000,31.36
4377600,35.09
4381200,39.29
4384800,43.67
4388400,47.94
4392000,51.81
4395600,55.0
4399200,57.31
4402800,58.58
4406400,58.72
4410000,57.71
4413600,55.64
4417200,52.64
4420800,48.91
4424400,44.71
4428000,40.33
4431600,36.06
4435200,32.19
4438800,29.0
4442400,26.69
4446000,25.42
4449600,25.28
4453200,26.29
4456800,28.36
4460400,31.36
4464000,35.09
4467600,39.29
4471200,43.67
4474800,47.94
4478400,51.81
4482000,55.0
4485600,57.31
4489200,58.58
4492800,58.72
4496400,57.71
4500000,55.64
4503600,52.64
4507200,48.91
4510800,44.71
4514400,40.33
4518000,36.06
4521600,32.19
4525200,29.0
4528800,26.69
4532400,25.42
4536000,25.28
4539600,26.29
4543200,28.36
4546800,31.36
4550400,35.09
4554000,39.29
4557600,43.67
4561200,47.94
4564800,51.81
4568400,55.0
4572000,57.31
4575600,58.58
4579200,58.72
4582800,57.71
4586400,55.64
4590000,52.64
4593600,48.91
4597200,44.71
4600800,40.33
4604400,36.06
4608000,32.19
4611600,29.0
4615200,26.69
4618800,25.42
4622400,25.28
4626000,26.29
4629600,28.36
4633200,31.36
4636800,35.09
4640400,39.29
4644000,43.67
4647600,47.94
4651200,51.81
4654800,55.0
4658400,57.31
4662000,58.58
4665600,58.72
4669200,57.71
4672800,55.64
4676400,52.64
4680000,48.91
4683600,44.71
4687200,40.33
4690800,36.06
4694400,32.19
4698000,29.0
4701600,26.69
4705200,25.42
4708800,25.28
4712400,26.29
4716000,28.36
4719600,31.36
4723200,35.09
4726800,39.29
4730400,43.67
4734000,47.94
4737600,51.81
4741200,55.0
4744800,57.31
4748400,58.58
4752000,58.72
4755600,57.71
4759200,55.64
4762800,52.64
4766400,48.91
4770000,44.71
4773600,40.33
4777200,36.06
4780800,32.19
4784400,29.0
4788000,26.69
4791600,25.42
4795200,25.28
4798800,26.29
4802400,28.36
4806000,31.36
4809600,35.09
4813200,39.29
4816800,43.67
4820400,47.94
4824000,51.81
4827600,55.0
4831200,57.31
4834800,58.58
4838400,58.72
4842000,57.71
4845600,55.64
4849200,52.64
4852800,48.91
4856400,44.71
4860000,40.33
4863600,36.06
4867200,32.19
4870800,29.0
4874400,26.69
4878000,25.42
4881600,25.28
4885200,26.29
4888800,28.36
4892400,31.36
4896000,35.09
4899600,39.29
4903200,43.67
4906800,47.94
4910400,51.81
4914000,55.0
4917600,57.31
4921200,58.58
4924800,58.72
4928400,57.71
4932000,55.64
4935600,52.64
4939200,48.91
4942800,44.71
4946400,40.33
4950000,36.06
4953600,32.19
4957200,29.0
4960800,26.69
4964400,25.42
4968000,25.28
4971600,26.29
4975200,28.36
4978800,31.36
4982400,35.09
4986000,39.29
4989600,43.67
4993200,47.94
4996800,51.81
5000400,55.0
5004000,57.31
5007600,58.58
5011200,58.72
5014800,57.71
5018400,55.64
5022000,52.64
5025600,48.91
5029200,44.71
5032800,40.33
5036400,36.06
5040000,32.19
5043600,29.0
5047200,26.69
5050800,25.42
5054400,25.28
5058000,26.29
5061600,28.36
5065200,31.36
5068800,35.09
5072400,39.29
5076000,43.67
5079600,47.94
5083200,51.81
5086800,55.0
5090400,57.31
5094000,58.58
5097600,58.72
5101200,57.71
5104800,55.64
5108400,52.64
5112000,48.91
5115600,44.71
5119200,40.33
5122800,36.06
5126400,32.19
5130000,29.0
5133600,26.69
5137200,25.42
5140800,25.28
5144400,26.29
5148000,28.36
5151600,31.36
5155200,35.09
5158800,39.29
5162400,43.67
5166000,47.94
5169600,51.81
5173200,55.0
5176800,57.31
5180400,58.58
5184000,58.72
5187600,57.71
5191200,55.64
5194800,52.64
5198400,48.91
5202000,44.71
5205600,40.33
5209200,36.06
5212800,32.19
5216400,29.0
5220000,26.69
5223600,25.42
5227200,25.28
5230800,26.29
5234400,28.36
5238000,31.36
5241600,35.09
5245200,39.29
5248800,43.67
5252400,47.94
5256000,51.81
5259600,55.0
5263200,57.31
5266800,58.58
5270400,58.72
5274000,57.71
5277600,55.64
5281200,52.64
5284800,48.91
5288400,44.71
5292000,40.33
5295600,36.06
5299200,32.19
5302800,29.0
5306400,26.69
5310000,25.42
5313600,25.28
5317200,26.29
5320800,28.36
5324400,31.36
5328000,35.09
5331600,39.29
5335200,43.67
5338800,47.94
5342400,51.81
5346000,55.0
5349600,57.31
5353200,58.58
5356800,58.72
5360400,57.71
5364000,55.64
5367600,52.64
5371200,48.91
5374800,44.71
5378400,40.33
5382000,36.06
5385600,32.19
5389200,29.0
5392800,26.69
5396400,25.42
5400000,25.28
5403600,26.29
5407200,28.36
5410800,31.36
5414400,35.09
5418000,39.29
5421600,43.67
5425200,47.94
5428800,51.81
5432400,55.0
5436000,57.31
5439600,58.58
5443200,58.72
5446800,57.71
5450400,55.64
5454000,52.64
5457600,48.91
5461200,44.71
5464800,40.33
5468400,36.06
5472000,32.19
5475600,29.0
5479200,26.69
5482800,25.42
5486400,25.28
5490000,26.29
5493600,28.36
5497200,31.36
5500800,35.09
5504400,39.29
5508000,43.67
5511600,47.94
5515200,51.81
5518800,55.0
5522400,57.31
5526000,58.58
5529600,58.72
5533200,57.71
5536800,55.64
5540400,52.64
5544000,48.91
5547600,44.71
5551200,40.33
5554800,36.06
5558400,32.19
5562000,29.0
5565600,26.69
5569200,25.42
5572800,25.28
5576400,26.29
5580000,28.36
5583600,31.36
5587200,35.09
5590800,39.29
5594400,43.67
5598000,47.94
5601600,51.81
5605200,55.0
5608800,57.31
5612400,58.58
5616000,58.72
5619600,57.71
5623200,55.64
5626800,52.64
5630400,48.91
5634000,44.71
5637600,40.33
5641200,36.06
5644800,32.19
5648400,29.0
5652000,26.69
5655600,25.42
5659200,25.28
5662800,26.29
5666400,28.36
5670000,31.36
5673600,35.09
5677200,39.29
5680800,43.67
5684400,47.94
5688000,51.81
5691600,55.0
5695200,57.31
5698800,58.58
5702400,58.72
5706000,57.71
5709600,55.64
5713200,52.64
5716800,48.91
5720400,44.71
5724000,40.33
5727600,36.06
5731200,32.19
5734800,29.0
5738400,26.69
5742000,25.42
5745600,25.28
5749200,26.29
5752800,28.36
5756400,31.36
5760000,35.09
5763600,39.29
5767200,43.67
5770800,47.94
5774400,51.81
5778000,55.0
5781600,57.31
5785200,58.58
5788800,58.72
5792400,57.71
5796000,55.64
5799600,52.64
5803200,48.91
5806800,44.71
5810400,40.33
5814000,36.06
5817600,32.19
5821200,29.0
5824800,26.69
5828400,25.42
5832000,25.28
5835600,26.29
5839200,28.36
5842800,31.36
5846400,35.09
5850000,39.29
5853600,43.67
5857200,47.94
5860800,51.81
5864400,55.0
5868000,57.31
5871600,58.58
5875200,58.72
5878800,57.71
5882400,55.64
5886000,52.64
5889600,48.91
5893200,44.71
5896800,40.33
5900400,36.06
5904000,32.19
5907600,29.0
5911200,26.69
5914800,25.42
5918400,25.28
5922000,26.29
5925600,28.36
5929200,31.36
5932800,35.09
5936400,39.29
5940000,43.67
5943600,47.94
5947200,51.81
5950800,55.0
5954400,57.31
5958000,58.58
5961600,58.72
5965200,57.71
5968800,55.64
5972400,52.64
5976000,48.91
5979600,44.71
5983200,40.33
5986800,36.06
5990400,32.19
5994000,29.0
5997600,26.69
6001200,25.42
6004800,25.28
6008400,26.29
6012000,28.36
6015600,31.36
6019200,35.09
6022800,39.29
6026400,43.67
6030000,47.94
6033600,51.81
6037200,55.0
6040800,57.31
6044400,58.58
6048000,58.72
6051600,57.71
6055200,55.64
6058800,52.64
6062400,48.91
6066000,44.71
6069600,40.33
6073200,36.06
6076800,32.19
6080400,29.0
6084000,26.69
6087600,25.42
6091200,25.28
6094800,26.29
6098400,28.36
6102000,31.36
6105600,35.09
6109200,39.29
6112800,43.67
6116400,47.94
6120000,51.81
6123600,55.0
6127200,57.31
6130800,58.58
6134400,58.72
6138000,57.71
6141600,55.64
6145200,52.64
6148800,48.91
6152400,44.71
6156000,40.33
6159600,36.06
6163200,32.19
6166800,29.0
6170400,26.69
6174000,25.42
6177600,25.28
6181200,26.29
6184800,28.36
6188400,31.36
6192000,35.09
6195600,39.29
6199200,43.67
6202800,47.94
6206400,51.81
6210000,55.0
6213600,57.31
6217200,58.58
6220800,58.72
6224400,57.71
6228000,55.64
6231600,52.64
6235200,48.91
6238800,44.71
6242400,40.33
6246000,36.06
6249600,32.19
6253200,29.0
6256800,26.69
6260400,25.42
6264000,25.28
6267600,26.29
6271200,28.36
6274800,31.36
6278400,35.09
6282000,39.29
6285600,43.67
6289200,47.94
6292800,51.81
6296400,55.0
6300000,57.31
6303600,58.58
6307200,58.72
6310800,57.71
6314400,55.64
6318000,52.64
6321600,48.91
6325200,44.71
6328800,40.33
6332400,36.06
6336000,32.19
6339600,29.0
6343200,26.69
6346800,25.42
6350400,25.28
6354000,26.29
6357600,28.36
6361200,31.36
6364800,35.09
6368400,39.29
6372000,43.67
6375600,47.94
6379200,51.81
6382800,55.0
6386400,57.31
6390000,58.58
6393600,58.72
6397200,57.71
6400800,55.64
6404400,52.64
6408000,48.91
6411600,44.71
6415200,40.33
6418800,36.06
6422400,32.19
6426000,29.0
6429600,26.69
6433200,25.42
6436800,25.28
6440400,26.29
6444000,28.36
6447600,31.36
6451200,35.09
6454800,39.29
6458400,43.67
6462000,47.94
6465600,51.81
6469200,55.0
6472800,57.31
6476400,58.58
6480000,58.72
6483600,57.71
6487200,55.64
6490800,52.64
6494400,48.91
6498000,44.71
6501600,40.33
6505200,36.06
6508800,32.19
6512400,29.0
6516000,26.69
6519600,25.42
6523200,25.28
6526800,26.29
6530400,28.36
6534000,31.36
6537600,35.09
6541200,39.29
6544800,43.67
6548400,47.94
6552000,51.81
6555600,55.0
6559200,57.31
6562800,58.58
6566400,58.72
6570000,57.71
6573600,55.64
6577200,52.64
6580800,48.91
6584400,44.71
6588000,40.33
6591600,36.06
6595200,32.19
6598800,29.0
6602400,26.69
6606000,25.42
6609600,25.28
6613200,26.29
6616800,28.36
6620400,31.36
6624000,35.09
6627600,39.29
6631200,43.67
6634800,47.94
6638400,51.81
6642000,55.0
6645600,57.31
6649200,58.58
6652800,58.72
6656400,57.71
6660000,55.64
6663600,52.64
6667200,48.91
6670800,44.71
6674400,40.33
6678000,36.06
6681600,32.19
6685200,29.0
6688800,26.69
6692400,25.42
6696000,25.28
6699600,26.29
6703200,28.36
6706800,31.36
6710400,35.09
6714000,39.29
6717600,43.67
6721200,47.94
6724800,51.81
6728400,55.0
6732000,57.31
6735600,58.58
6739200,58.72
6742800,57.71
6746400,55.64
6750000,52.64
6753600,48.91
6757200,44.71
6760800,40.33
6764400,36.06
6768000,32.19
6771600,29.0
6775200,26.69
6778800,25.42
6782400,25.28
6786000,26.29
6789600,28.36
6793200,31.36
6796800,35.09
6800400,39.29
6804000,43.67
6807600,47.94
6811200,51.81
6814800,55.0
6818400,57.31
6822000,58.58
6825600,58.72
6829200,57.71
6832800,55.64
6836400,52.64
6840000,48.91
6843600,44.71
6847200,40.33
6850800,36.06
6854400,32.19
6858000,29.0
6861600,26.69
6865200,25.42
6868800,25.28
6872400,26.29
6876000,28.36
6879600,31.36
6883200,35.09
6886800,39.29
6890400,43.67
6894000,47.94
6897600,51.81
6901200,55.0
6904800,57.31
6908400,58.58
6912000,58.72
6915600,57.71
6919200,55.64
6922800,52.64
6926400,48.91
6930000,44.71
6933600,40.33
6937200,36.06
6940800,32.19
6944400,29.0
6948000,26.69
6951600,25.42
6955200,25.28
6958800,26.29
6962400,28.36
6966000,31.36
6969600,35.09
6973200,39.29
6976800,43.67
6980400,47.94
6984000,51.81
6987600,55.0
6991200,57.31
6994800,58.58
6998400,58.72
7002000,57.71
7005600,55.64
7009200,52.64
7012800,48.91
7016400,44.71
7020000,40.33
7023600,36.06
7027200,32.19
7030800,29.0
7034400,26.69
7038000,25.42
7041600,25.28
7045200,26.29
7048800,28.36
7052400,31.36
7056000,35.09
7059600,39.29
7063200,43.67
7066800,47.94
7070400,51.81
7074000,55.0
7077600,57.31
7081200,58.58
7084800,58.72
7088400,57.71
7092000,55.64
7095600,52.64
7099200,48.91
7102800,44.71
7106400,40.33
7110000,36.06
7113600,32.19
7117200,29.0
7120800,26.69
7124400,25.42
7128000,25.28
7131600,26.29
7135200,28.36
7138800,31.36
7142400,35.09
7146000,39.29
7149600,43.67
7153200,47.94
7156800,51.81
7160400,55.0
7164000,57.31
7167600,58.58
7171200,58.72
7174800,57.71
7178400,55.64
7182000,52.64
7185600,48.91
7189200,44.71
7192800,40.33
7196400,36.06
7200000,32.19
7203600,29.0
7207200,26.69
7210800,25.42
7214400,25.28
7218000,26.29
7221600,28.36
7225200,31.36
7228800,35.09
7232400,39.29
7236000,43.67
7239600,47.94
7243200,51.81
7246800,55.0
7250400,57.31
7254000,58.58
7257600,58.72
7261200,57.71
7264800,55.64
7268400,52.64
7272000,48.91
7275600,44.71
7279200,40.33
7282800,36.06
7286400,32.19
7290000,29.0
7293600,26.69
7297200,25.42
7300800,25.28
7304400,26.29
7308000,28.36
7311600,31.36
7315200,35.09
7318800,39.29
7322400,43.67
7326000,47.94
7329600,51.81
7333200,55.0
7336800,57.31
7340400,58.58
7344000,58.72
7347600,57.71
7351200,55.64
7354800,52.64
7358400,48.91
7362000,44.71
7365600,40.33
7369200,36.06
7372800,32.19
7376400,29.0
7380000,26.69
7383600,25.42
7387200,25.28
7390800,26.29
7394400,28.36
7398000,31.36
7401600,35.09
7405200,39.29
7408800,43.67
7412400,47.94
7416000,51.81
7419600,55.0
7423200,57.31
7426800,58.58
7430400,58.72
7434000,57.71
7437600,55.64
7441200,52.64
7444800,48.91
7448400,44.71
7452000,40.33
7455600,36.06
7459200,32.19
7462800,29.0
7466400,26.69
7470000,25.42
7473600,25.28
7477200,26.29
7480800,28.36
7484400,31.36
7488000,35.09
7491600,39.29
7495200,43.67
7498800,47.94
7502400,51.81
7506000,55.0
7509600,57.31
7513200,58.58
7516800,58.72
7520400,57.71
7524000,55.64
7527600,52.64
7531200,48.91
7534800,44.71
7538400,40.33
7542000,36.06
7545600,32.19
7549200,29.0
7552800,26.69
7556400,25.42
7560000,25.28
7563600,26.29
7567200,28.36
7570800,31.36
7574400,35.09
7578000,39.29
7581600,43.67
7585200,47.94
7588800,51.81
7592400,55.0
7596000,57.31
7599600,58.58
7603200,58.72
7606800,57.71
7610400,55.64
7614000,52.64
7617600,48.91
7621200,44.71
7624800,40.33
7628400,36.06
7632000,32.19
7635600,29.0
7639200,26.69
7642800,25.42
7646400,25.28
7650000,26.29
7653600,28.36
7657200,31.36
7660800,35.09
7664400,39.29
7668000,43.67
7671600,47.94
7675200,51.81
7678800,55.0
7682400,57.31
7686000,58.58
7689600,58.72
7693200,57.71
7696800,55.64
7700400,52.64
7704000,48.91
7707600,44.71
7711200,40.33
7714800,36.06
7718400,32.19
7722000,29.0
7725600,26.69
7729200,25.42
7732800,25.28
7736400,26.29
7740000,28.36
7743600,31.36
7747200,35.09
7750800,39.29
7754400,43.67
7758000,47.94
7761600,51.81
7765200,55.0
7768800,57.31
7772400,58.58
7776000,58.72
7779600,57.71
7783200,55.64
7786800,52.64
7790400,48.91
7794000,44.71
7797600,40.33
7801200,36.06
7804800,32.19
7808400,29.0
7812000,26.69
7815600,25.42
7819200,25.28
7822800,26.29
7826400,28.36
7830000,31.36
7833600,35.09
7837200,39.29
7840800,43.67
7844400,47.94
7848000,51.81
7851600,55.0
7855200,57.31
7858800,58.58
7862400,58.72
7866000,57.71
7869600,55.64
7873200,52.64
7876800,48.91
7880400,44.71
7884000,40.33
7887600,36.06
7891200,32.19
7894800,29.0
7898400,26.69
7902000,25.42
7905600,25.28
7909200,26.29
7912800,28.36
7916400,31.36
7920000,35.09
7923600,39.29
7927200,43.67
7930800,47.94
7934400,51.81
7938000,55.0
7941600,57.31
7945200,58.58
7948800,58.72
7952400,57.71
7956000,55.64
7959600,52.64
7963200,48.91
7966800,44.71
7970400,40.33
7974000,36.06
7977600,32.19
7981200,29.0
7984800,26.69
7988400,25.42
7992000,25.28
7995600,26.29
7999200,28.36
8002800,31.36
8006400,35.09
8010000,39.29
8013600,43.67
8017200,47.94
8020800,51.81
8024400,55.0
8028000,57.31
8031600,58.58
8035200,58.72
8038800,57.71
8042400,55.64
8046000,52.64
8049600,48.91
8053200,44.71
8056800,40.33
8060400,36.06
8064000,32.19
8067600,29.0
8071200,26.69
8074800,25.42
8078400,25.28
8082000,26.29
8085600,28.36
8089200,31.36
8092800,35.09
8096400,39.29
8100000,43.67
8103600,47.94
8107200,51.81
8110800,55.0
8114400,57.31
8118000,58.58
8121600,58.72
8125200,57.71
8128800,55.64
8132400,52.64
8136000,48.91
8139600,44.71
8143200,40.33
8146800,36.06
8150400,32.19
8154000,29.0
8157600,26.69
8161200,25.42
8164800,25.28
8168400,26.29
8172000,28.36
8175600,31.36
8179200,35.09
8182800,39.29
8186400,43.67
8190000,47.94
8193600,51.81
8197200,55.0
8200800,57.31
8204400,58.58
8208000,58.72
8211600,57.71
8215200,55.64
8218800,52.64
8222400,48.91
8226000,44.71
8229600,40.33
8233200,36.06
8236800,32.19
8240400,29.0
8244000,26.69
8247600,25.42
8251200,25.28
8254800,26.29
8258400,28.36
8262000,31.36
8265600,35.09
8269200,39.29
8272800,43.67
8276400,47.94
8280000,51.81
8283600,55.0
8287200,57.31
8290800,58.58
8294400,58.72
8298000,57.71
8301600,55.64
8305200,52.64
8308800,48.91
8312400,44.71
8316000,40.33
8319600,36.06
8323200,32.19
8326800,29.0
8330400,26.69
8334000,25.42
8337600,25.28
8341200,26.29
8344800,28.36
8348400,31.36
8352000,35.09
8355600,39.29
8359200,43.67
8362800,47.94
8366400,51.81
8370000,55.0
8373600,57.31
8377200,58.58
8380800,58.72
8384400,57.71
8388000,55.64
8391600,52.64
8395200,48.91
8398800,44.71
8402400,40.33
8406000,36.06
8409600,32.19
8413200,29.0
8416800,26.69
8420400,25.42
8424000,25.28
8427600,26.29
8431200,28.36
8434800,31.36
8438400,35.09
8442000,39.29
8445600,43.67
8449200,47.94
8452800,51.81
8456400,55.0
8460000,57.31
8463600,58.58
8467200,58.72
8470800,57.71
8474400,55.64
8478000,52.64
8481600,48.91
8485200,44.71
8488800,40.33
8492400,36.06
8496000,32.19
8499600,29.0
8503200,26.69
8506800,25.42
8510400,25.28
8514000,26.29
8517600,28.36
8521200,31.36
8524800,35.09
8528400,39.29
8532000,43.67
8535600,47.94
8539200,51.81
8542800,55.0
8546400,57.31
8550000,58.58
8553600,58.72
8557200,57.71
8560800,55.64
8564400,52.64
8568000,48.91
8571600,44.71
8575200,40.33
8578800,36.06
8582400,32.19
8586000,29.0
8589600,26.69
8593200,25.42
8596800,25.28
8600400,26.29
8604000,28.36
8607600,31.36
8611200,35.09
8614800,39.29
8618400,43.67
8622000,47.94
8625600,51.81
8629200,55.0
8632800,57.31
8636400,58.58
8640000,58.72
8643600,57.71
8647200,55.64
8650800,52.64
8654400,48.91
8658000,44.71
8661600,40.33
8665200,36.06
8668800,32.19
8672400,29.0
8676000,26.69
8679600,25.42
8683200,25.28
8686800,26.29
8690400,28.36
8694000,31.36
8697600,35.09
8701200,39.29
8704800,43.67
8708400,47.94
8712000,51.81
8715600,55.0
8719200,57.31
8722800,58.58
8726400,58.72
8730000,57.71
8733600,55.64
8737200,52.64
8740800,48.91
8744400,44.71
8748000,40.33
8751600,36.06
8755200,32.19
8758800,29.0
8762400,26.69
8766000,25.42
8769600,25.28
8773200,26.29
8776800,28.36
8780400,31.36
8784000,35.09
8787600,39.29
8791200,43.67
8794800,47.94
8798400,51.81
8802000,55.0
8805600,57.31
8809200,58.58
8812800,58.72
8816400,57.71
8820000,55.64
8823600,52.64
8827200,48.91
8830800,44.71
8834400,40.33
8838000,36.06
8841600,32.19
8845200,29.0
8848800,26.69
8852400,25.42
8856000,25.28
8859600,26.29
8863200,28.36
8866800,31.36
8870400,35.09
8874000,39.29
8877600,43.67
8881200,47.94
8884800,51.81
8888400,55.0
8892000,57.31
8895600,58.58
8899200,58.72
8902800,57.71
8906400,55.64
8910000,52.64
8913600,48.91
8917200,44.71
8920800,40.33
8924400,36.06
8928000,32.19
8931600,29.0
8935200,26.69
8938800,25.42
8942400,25.28
8946000,26.29
8949600,28.36
8953200,31.36
8956800,35.09
8960400,39.29
8964000,43.67
8967600,47.94
8971200,51.81
8974800,55.0
8978400,57.31
8982000,58.58
8985600,58.72
8989200,57.71
8992800,55.64
8996400,52.64
9000000,48.91
9003600,44.71
9007200,40.33
9010800,36.06
9014400,32.19
9018000,29.0
9021600,26.69
9025200,25.42
9028800,25.28
9032400,26.29
9036000,28.36
9039600,31.36
9043200,35.09
9046800,39.29
9050400,43.67
9054000,47.94
9057600,51.81
9061200,55.0
9064800,57.31
9068400,58.58
9072000,58.72
9075600,57.71
9079200,55.64
9082800,52.64
9086400,48.91
9090000,44.71
9093600,40.33
9097200,36.06
9100800,32.19
9104400,29.0
9108000,26.69
9111600,25.42
9115200,25.28
9118800,26.29
9122400,28.36
9126000,31.36
9129600,35.09
9133200,39.29
9136800,43.67
9140400,47.94
9144000,51.81
9147600,55.0
9151200,57.31
9154800,58.58
9158400,58.72
9162000,57.71
9165600,55.64
9169200,52.64
9172800,48.91
9176400,44.71
9180000,40.33
9183600,36.06
9187200,32.19
9190800,29.0
9194400,26.69
9198000,25.42
9201600,25.28
9205200,26.29
9208800,28.36
9212400,31.36
9216000,35.09
9219600,39.29
9223200,43.67
9226800,47.94
9230400,51.81
9234000,55.0
9237600,57.31
9241200,58.58
9244800,58.72
9248400,57.71
9252000,55.64
9255600,52.64
9259200,48.91
9262800,44.71
9266400,40.33
9270000,36.06
9273600,32.19
9277200,29.0
9280800,26.69
9284400,25.42
9288000,25.28
9291600,26.29
9295200,28.36
9298800,31.36
9302400,35.09
9306000,39.29
9309600,43.67
9313200,47.94
9316800,51.81
9320400,55.0
9324000,57.31
9327600,58.58
9331200,58.72
9334800,57.71
9338400,55.64
9342000,52.64
9345600,48.91
9349200,44.71
9352800,40.33
9356400,36.06
9360000,32.19
9363600,29.0
9367200,26.69
9370800,25.42
9374400,25.28
9378000,26.29
9381600,28.36
9385200,31.36
9388800,35.09
9392400,39.29
9396000,43.67
9399600,47.94
9403200,51.81
9406800,55.0
9410400,57.31
9414000,58.58
9417600,58.72
9421200,57.71
9424800,55.64
9428400,52.64
9432000,48.91
9435600,44.71
9439200,40.33
9442800,36.06
9446400,32.19
9450000,29.0
9453600,26.69
9457200,25.42
9460800,25.28
9464400,26.29
9468000,28.36
9471600,31.36
9475200,35.09
9478800,39.29
9482400,43.67
9486000,47.94
9489600,51.81
9493200,55.0
9496800,57.31
9500400,58.58
9504000,58.72
9507600,57.71
9511200,55.64
9514800,52.64
9518400,48.91
9522000,44.71
9525600,40.33
9529200,36.06
9532800,32.19
9536400,29.0
9540000,26.69
9543600,25.42
9547200,25.28
9550800,26.29
9554400,28.36
9558000,31.36
9561600,35.09
9565200,39.29
9568800,43.67
9572400,47.94
9576000,51.81
9579600,55.0
9583200,57.31
9586800,58.58
9590400,58.72
9594000,57.71
9597600,55.64
9601200,52.64
9604800,48.91
9608400,44.71
9612000,40.33
9615600,36.06
9619200,32.19
9622800,29.0
9626400,26.69
9630000,25.42
9633600,25.28
9637200,26.29
9640800,28.36
9644400,31.36
9648000,35.09
9651600,39.29
9655200,43.67
9658800,47.94
9662400,51.81
9666000,55.0
9669600,57.31
9673200,58.58
9676800,58.72
9680400,57.71
9684000,55.64
9687600,52.64
9691200,48.91
9694800,44.71
9698400,40.33
9702000,36.06
9705600,32.19
9709200,29.0
9712800,26.69
9716400,25.42
9720000,25.28
9723600,26.29
9727200,28.36
9730800,31.36
9734400,35.09
9738000,39.29
9741600,43.67
9745200,47.94
9748800,51.81
9752400,55.0
9756000,57.31
9759600,58.58
9763200,58.72
9766800,57.71
9770400,55.64
9774000,52.64
9777600,48.91
9781200,44.71
9784800,40.33
9788400,36.06
9792000,32.19
9795600,29.0
9799200,26.69
9802800,25.42
9806400,25.28
9810000,26.29
9813600,28.36
9817200,31.36
9820800,35.09
9824400,39.29
9828000,43.67
9831600,47.94
9835200,51.81
9838800,55.0
9842400,57.31
9846000,58.58
9849600,58.72
9853200,57.71
9856800,55.64
9860400,52.64
9864000,48.91
9867600,44.71
9871200,40.33
9874800,36.06
9878400,32.19
9882000,29.0
9885600,26.69
9889200,25.42
9892800,25.28
9896400,26.29
9900000,28.36
9903600,31.36
9907200,35.09
9910800,39.29
9914400,43.67
9918000,47.94
9921600,51.81
9925200,55.0
9928800,57.31
9932400,58.58
9936000,58.72
9939600,57.71
9943200,55.64
9946800,52.64
9950400,48.91
9954000,44.71
9957600,40.33
9961200,36.06
9964800,32.19
9968400,29.0
9972000,26.69
9975600,25.42
9979200,25.28
9982800,26.29
9986400,28.36
9990000,31.36
9993600,35.09
9997200,39.29
10000800,43.67
10004400,47.94
10008000,51.81
10011600,55.0
10015200,57.31
10018800,58.58
10022400,58.72
10026000,57.71
10029600,55.64
10033200,52.64
10036800,48.91
10040400,44.71
10044000,40.33
10047600,36.06
10051200,32.19
10054800,29.0
10058400,26.69
10062000,25.42
10065600,25.28
10069200,26.29
10072800,28.36
10076400,31.36
10080000,35.09
10083600,39.29
10087200,43.67
10090800,47.94
10094400,51.81
10098000,55.0
10101600,57.31
10105200,58.58
10108800,58.72
10112400,57.71
10116000,55.64
10119600,52.64
10123200,48.91
10126800,44.71
10130400,40.33
10134000,36.06
10137600,32.19
10141200,29.0
10144800,26.69
10148400,25.42
10152000,25.28
10155600,26.29
10159200,28.36
10162800,31.36
10166400,35.09
10170000,39.29
10173600,43.67
10177200,47.94
10180800,51.81
10184400,55.0
10188000,57.31
10191600,58.58
10195200,58.72
10198800,57.71
10202400,55.64
10206000,52.64
10209600,48.91
10213200,44.71
10216800,40.33
10220400,36.06
10224000,32.19
10227600,29.0
10231200,26.69
10234800,25.42
10238400,25.28
10242000,26.29
10245600,28.36
10249200,31.36
10252800,35.09
10256400,39.29
10260000,43.67
10263600,47.94
10267200,51.81
10270800,55.0
10274400,57.31
10278000,58.58
10281600,58.72
10285200,57.71
10288800,55.64
10292400,52.64
10296000,48.91
10299600,44.71
10303200,40.33
10306800,36.06
10310400,32.19
10314000,29.0
10317600,26.69
10321200,25.42
10324800,25.28
10328400,26.29
10332000,28.36
10335600,31.36
10339200,35.09
10342800,39.29
10346400,43.67
10350000,47.94
10353600,51.81
10357200,55.0
10360800,57.31
10364400,58.58
10368000,58.72
10371600,57.71
10375200,55.64
10378800,52.64
10382400,48.91
10386000,44.71
10389600,40.33
10393200,36.06
10396800,32.19
10400400,29.0
10404000,26.69
10407600,25.42
10411200,25.28
10414800,26.29
10418400,28.36
10422000,31.36
10425600,35.09
10429200,39.29
10432800,43.67
10436400,47.94
10440000,51.81
10443600,55.0
10447200,57.31
10450800,58.58
10454400,58.72
10458000,57.71
10461600,55.64
10465200,52.64
10468800,48.91
10472400,44.71
10476000,40.33
10479600,36.06
10483200,32.19
10486800,29.0
10490400,26.69
10494000,25.42
10497600,25.28
10501200,26.29
10504800,28.36
10508400,31.36
10512000,35.09
10515600,39.29
10519200,43.67
10522800,47.94
10526400,51.81
10530000,55.0
10533600,57.31
10537200,58.58
10540800,58.72
10544400,57.71
10548000,55.64
10551600,52.64
10555200,48.91
10558800,44.71
10562400,40.33
10566000,36.06
10569600,32.19
10573200,29.0
10576800,26.69
10580400,25.42
10584000,25.28
10587600,26.29
10591200,28.36
10594800,31.36
10598400,35.09
10602000,39.29
10605600,43.67
10609200,47.94
10612800,51.81
10616400,55.0
10620000,57.31
10623600,58.58
10627200,58.72
10630800,57.71
10634400,55.64
10638000,52.64
10641600,48.91
10645200,44.71
10648800,40.33
10652400,36.06
10656000,32.19
10659600,29.0
10663200,26.69
10666800,25.42
10670400,25.28
10674000,26.29
10677600,28.36
10681200,31.36
10684800,35.09
10688400,39.29
10692000,43.67
10695600,47.94
10699200,51.81
10702800,55.0
10706400,57.31
10710000,58.58
10713600,58.72
10717200,57.71
10720800,55.64
10724400,52.64
10728000,48.91
10731600,44.71
10735200,40.33
10738800,36.06
10742400,32.19
10746000,29.0
10749600,26.69
10753200,25.42
10756800,25.28
10760400,26.29
10764000,28.36
10767600,31.36
10771200,35.09
10774800,39.29
10778400,43.67
10782000,47.94
10785600,51.81
10789200,55.0
10792800,57.31
10796400,58.58
10800000,58.72
10803600,57.71
10807200,55.64
10810800,52.64
10814400,48.91
10818000,44.71
10821600,40.33
10825200,36.06
10828800,32.19
10832400,29.0
10836000,26.69
10839600,25.42
10843200,25.28
10846800,26.29
10850400,28.36
10854000,31.36
10857600,35.09
10861200,39.29
10864800,43.67
10868400,47.94
10872000,51.81
10875600,55.0
10879200,57.31
10882800,58.58
10886400,58.72
10890000,57.71
10893600,55.64
10897200,52.64
10900800,48.91
10904400,44.71
10908000,40.33
10911600,36.06
10915200,32.19
10918800,29.0
10922400,26.69
10926000,25.42
10929600,25.28
10933200,26.29
10936800,28.36
10940400,31.36
10944000,35.09
10947600,39.29
10951200,43.67
10954800,47.94
10958400,51.81
10962000,55.0
10965600,57.31
10969200,58.58
10972800,58.72
10976400,57.71
10980000,55.64
10983600,52.64
10987200,48.91
10990800,44.71
10994400,40.33
10998000,36.06
11001600,32.19
11005200,29.0
11008800,26.69
11012400,25.42
11016000,25.28
11019600,26.29
11023200,28.36
11026800,31.36
11030400,35.09
11034000,39.29
11037600,43.67
11041200,47.94
11044800,51.81
11048400,55.0
11052000,57.31
11055600,58.58
11059200,58.72
11062800,57.71
11066400,55.64
11070000,52.64
11073600,48.91
11077200,44.71
11080800,40.33
11084400,36.06
11088000,32.19
11091600,29.0
11095200,26.69
11098800,25.42
11102400,25.28
11106000,26.29
11109600,28.36
11113200,31.36
11116800,35.09
11120400,39.29
11124000,43.67
11127600,47.94
11131200,51.81
11134800,55.0
11138400,57.31
11142000,58.58
11145600,58.72
11149200,57.71
11152800,55.64
11156400,52.64
11160000,48.91
11163600,44.71
11167200,40.33
11170800,36.06
11174400,32.19
11178000,29.0
11181600,26.69
11185200,25.42
11188800,25.28
11192400,26.29
11196000,28.36
11199600,31.36
11203200,35.09
11206800,39.29
11210400,43.67
11214000,47.94
11217600,51.81
11221200,55.0
11224800,57.31
11228400,58.58
11232000,58.72
11235600,57.71
11239200,55.64
11242800,52.64
11246400,48.91
11250000,44.71
11253600,40.33
11257200,36.06
11260800,32.19
11264400,29.0
11268000,26.69
11271600,25.42
11275200,25.28
11278800,26.29
11282400,28.36
11286000,31.36
11289600,35.09
11293200,39.29
11296800,43.67
11300400,47.94
11304000,51.81
11307600,55.0
11311200,57.31
11314800,58.58
11318400,58.72
11322000,57.71
11325600,55.64
11329200,52.64
11332800,48.91
11336400,44.71
11340000,40.33
11343600,36.06
11347200,32.19
11350800,29.0
11354400,26.69
11358000,25.42
11361600,25.28
11365200,26.29
11368800,28.36
11372400,31.36
11376000,35.09
11379600,39.29
11383200,43.67
11386800,47.94
11390400,51.81
11394000,55.0
11397600,57.31
11401200,58.58
11404800,58.72
11408400,57.71
11412000,55.64
11415600,52.64
11419200,48.91
11422800,44.71
11426400,40.33
11430000,36.06
11433600,32.19
11437200,29.0
11440800,26.69
11444400,25.42
11448000,25.28
11451600,26.29
11455200,28.36
11458800,31.36
11462400,35.09
11466000,39.29
11469600,43.67
11473200,47.94
11476800,51.81
11480400,55.0
11484000,57.31
11487600,58.58
11491200,58.72
11494800,57.71
11498400,55.64
11502000,52.64
11505600,48.91
11509200,44.71
11512800,40.33
11516400,36.06
11520000,32.19
11523600,29.0
11527200,26.69
11530800,25.42
11534400,25.28
11538000,26.29
11541600,28.36
11545200,31.36
11548800,35.09
11552400,39.29
11556000,43.67
11559600,47.94
11563200,51.81
11566800,55.0
11570400,57.31
11574000,58.58
11577600,58.72
11581200,57.71
11584800,55.64
11588400,52.64
11592000,48.91
11595600,44.71
11599200,40.33
11602800,36.06
11606400,32.19
11610000,29.0
11613600,26.69
11617200,25.42
11620800,25.28
11624400,26.29
11628000,28.36
11631600,31.36
11635200,35.09
11638800,39.29
11642400,43.67
11646000,47.94
11649600,51.81
11653200,55.0
11656800,57.31
11660400,58.58
11664000,58.72
11667600,57.71
11671200,55.64
11674800,52.64
11678400,48.91
11682000,44.71
11685600,40.33
11689200,36.06
11692800,32.19
11696400,29.0
11700000,26.69
11703600,25.42
11707200,25.28
11710800,26.29
11714400,28.36
11718000,31.36
11721600,35.09
11725200,39.29
11728800,43.67
11732400,47.94
11736000,51.81
11739600,55.0
11743200,57.31
11746800,58.58
11750400,58.72
11754000,57.71
11757600,55.64
11761200,52.64
11764800,48.91
11768400,44.71
11772000,40.33
11775600,36.06
11779200,32.19
11782800,29.0
11786400,26.69
11790000,25.42
11793600,25.28
11797200,26.29
11800800,28.36
11804400,31.36
11808000,35.09
11811600,39.29
11815200,43.67
11818800,47.94
11822400,51.81
11826000,55.0
11829600,57.31
11833200,58.58
11836800,58.72
11840400,57.71
11844000,55.64
11847600,52.64
11851200,48.91
11854800,44.71
11858400,40.33
11862000,36.06
11865600,32.19
11869200,29.0
11872800,26.69
11876400,25.42
11880000,25.28
11883600,26.29
11887200,28.36
11890800,31.36
11894400,35.09
11898000,39.29
11901600,43.67
11905200,47.94
11908800,51.81
11912400,55.0
11916000,57.31
11919600,58.58
11923200,58.72
11926800,57.71
11930400,55.64
11934000,52.64
11937600,48.91
11941200,44.71
11944800,40.33
11948400,36.06
11952000,32.19
11955600,29.0
11959200,26.69
11962800,25.42
11966400,25.28
11970000,26.29
11973600,28.36
11977200,31.36
11980800,35.09
11984400,39.29
11988000,43.67
11991600,47.94
11995200,51.81
11998800,55.0
12002400,57.31
12006000,58.58
12009600,58.72
12013200,57.71
12016800,55.64
12020400,52.64
12024000,48.91
12027600,44.71
12031200,40.33
12034800,36.06
12038400,32.19
12042000,29.0
12045600,26.69
12049200,25.42
12052800,25.28
12056400,26.29
12060000,28.36
12063600,31.36
12067200,35.09
12070800,39.29
12074400,43.67
12078000,47.94
12081600,51.81
12085200,55.0
12088800,57.31
12092400,58.58
12096000,58.72
12099600,57.71
12103200,55.64
12106800,52.64
12110400,48.91
12114000,44.71
12117600,40.33
12121200,36.06
12124800,32.19
12128400,29.0
12132000,26.69
12135600,25.42
12139200,25.28
12142800,26.29
12146400,28.36
12150000,31.36
12153600,35.09
12157200,39.29
12160800,43.67
12164400,47.94
12168000,51.81
12171600,55.0
12175200,57.31
12178800,58.58
12182400,58.72
12186000,57.71
12189600,55.64
12193200,52.64
12196800,48.91
12200400,44.71
12204000,40.33
12207600,36.06
12211200,32.19
12214800,29.0
12218400,26.69
12222000,25.42
12225600,25.28
12229200,26.29
12232800,28.36
12236400,31.36
12240000,35.09
12243600,39.29
12247200,43.67
12250800,47.94
12254400,51.81
12258000,55.0
12261600,57.31
12265200,58.58
12268800,58.72
12272400,57.71
12276000,55.64
12279600,52.64
12283200,48.91
12286800,44.71
12290400,40.33
12294000,36.06
12297600,32.19
12301200,29.0
12304800,26.69
12308400,25.42
12312000,25.28
12315600,26.29
12319200,28.36
12322800,31.36
12326400,35.09
12330000,39.29
12333600,43.67
12337200,47.94
12340800,51.81
12344400,55.0
12348000,57.31
12351600,58.58
12355200,58.72
12358800,57.71
12362400,55.64
12366000,52.64
12369600,48.91
12373200,44.71
12376800,40.33
12380400,36.06
12384000,32.19
12387600,29.0
12391200,26.69
12394800,25.42
12398400,25.28
12402000,26.29
12405600,28.36
12409200,31.36
12412800,35.09
12416400,39.29
12420000,43.67
12423600,47.94
12427200,51.81
12430800,55.0
12434400,57.31
12438000,58.58
12441600,58.72
12445200,57.71
12448800,55.64
12452400,52.64
12456000,48.91
12459600,44.71
12463200,40.33
12466800,36.06
12470400,32.19
12474000,29.0
12477600,26.69
12481200,25.42
12484800,25.28
12488400,26.29
12492000,28.36
12495600,31.36
12499200,35.09
12502800,39.29
12506400,43.67
12510000,47.94
12513600,51.81
12517200,55.0
12520800,57.31
12524400,58.58
12528000,58.72
12531600,57.71
12535200,55.64
12538800,52.64
12542400,48.91
12546000,44.71
12549600,40.33
12553200,36.06
12556800,32.19
12560400,29.0
12564000,26.69
12567600,25.42
12571200,25.28
12574800,26.29
12578400,28.36
12582000,31.36
12585600,35.09
12589200,39.29
12592800,43.67
12596400,47.94
12600000,51.81
12603600,55.0
12607200,57.31
12610800,58.58
12614400,58.72
12618000,57.71
12621600,55.64
12625200,52.64
12628800,48.91
12632400,44.71
12636000,40.33
12639600,36.06
12643200,32.19
12646800,29.0
12650400,26.69
12654000,25.42
12657600,25.28
12661200,26.29
12664800,28.36
12668400,31.36
12672000,35.09
12675600,39.29
12679200,43.67
12682800,47.94
12686400,51.81
12690000,55.0
12693600,57.31
12697200,58.58
12700800,58.72
12704400,57.71
12708000,55.64
12711600,52.64
12715200,48.91
12718800,44.71
12722400,40.33
12726000,36.06
12729600,32.19
12733200,29.0
12736800,26.69
12740400,25.42
12744000,25.28
12747600,26.29
12751200,28.36
12754800,31.36
12758400,35.09
12762000,39.29
12765600,43.67
12769200,47.94
12772800,51.81
12776400,55.0
12780000,57.31
12783600,58.58
12787200,58.72
12790800,57.71
12794400,55.64
12798000,52.64
12801600,48.91
12805200,44.71
12808800,40.33
12812400,36.06
12816000,32.19
12819600,29.0
12823200,26.69
12826800,25.42
12830400,25.28
12834000,26.29
12837600,28.36
12841200,31.36
12844800,35.09
12848400,39.29
12852000,43.67
12855600,47.94
12859200,51.81
12862800,55.0
12866400,57.31
12870000,58.58
12873600,58.72
12877200,57.71
12880800,55.64
12884400,52.64
12888000,48.91
12891600,44.71
12895200,40.33
12898800,36.06
12902400,32.19
12906000,29.0
12909600,26.69
12913200,25.42
12916800,25.28
12920400,26.29
12924000,28.36
12927600,31.36
12931200,35.09
12934800,39.29
12938400,43.67
12942000,47.94
12945600,51.81
12949200,55.0
12952800,57.31
12956400,58.58
12960000,58.72
12963600,57.71
12967200,55.64
12970800,52.64
12974400,48.91
12978000,44.71
12981600,40.33
12985200,36.06
12988800,32.19
12992400,29.0
12996000,26.69
12999600,25.42
13003200,25.28
13006800,26.29
13010400,28.36
13014000,31.36
13017600,35.09
13021200,39.29
13024800,43.67
13028400,47.94
13032000,51.81
13035600,55.0
13039200,57.31
13042800,58.58
13046400,58.72
13050000,57.71
13053600,55.64
13057200,52.64
13060800,48.91
13064400,44.71
13068000,40.33
13071600,36.06
13075200,32.19
13078800,29.0
13082400,26.69
13086000,25.42
13089600,25.28
13093200,26.29
13096800,28.36
13100400,31.36
13104000,35.09
13107600,39.29
13111200,43.67
13114800,47.94
13118400,51.81
13122000,55.0
13125600,57.31
13129200,58.58
13132800,58.72
13136400,57.71
13140000,55.64
13143600,52.64
13147200,48.91
13150800,44.71
13154400,40.33
13158000,36.06
13161600,32.19
13165200,29.0
13168800,26.69
13172400,25.42
13176000,25.28
13179600,26.29
13183200,28.36
13186800,31.36
13190400,35.09
13194000,39.29
13197600,43.67
13201200,47.94
13204800,51.81
13208400,55.0
13212000,57.31
13215600,58.58
13219200,58.72
13222800,57.71
13226400,55.64
13230000,52.64
13233600,48.91
13237200,44.71
13240800,40.33
13244400,36.06
13248000,32.19
13251600,29.0
13255200,26.69
13258800,25.42
13262400,25.28
13266000,26.29
13269600,28.36
13273200,31.36
13276800,35.09
13280400,39.29
13284000,43.67
13287600,47.94
13291200,51.81
13294800,55.0
13298400,57.31
13302000,58.58
13305600,58.72
13309200,57.71
13312800,55.64
13316400,52.64
13320000,48.91
13323600,44.71
13327200,40.33
13330800,36.06
13334400,32.19
13338000,29.0
13341600,26.69
13345200,25.42
13348800,25.28
13352400,26.29
13356000,28.36
13359600,31.36
13363200,35.09
13366800,39.29
13370400,43.67
13374000,47.94
13377600,51.81
13381200,55.0
13384800,57.31
13388400,58.58
13392000,58.72
13395600,57.71
13399200,55.64
13402800,52.64
13406400,48.91
13410000,44.71
13413600,40.33
13417200,36.06
13420800,32.19
13424400,29.0
13428000,26.69
13431600,25.42
13435200,25.28
13438800,26.29
13442400,28.36
13446000,31.36
13449600,35.09
13453200,39.29
13456800,43.67
13460400,47.94
13464000,51.81
13467600,55.0
13471200,57.31
13474800,58.58
13478400,58.72
13482000,57.71
13485600,55.64
13489200,52.64
13492800,48.91
13496400,44.71
13500000,40.33
13503600,36.06
13507200,32.19
13510800,29.0
13514400,26.69
13518000,25.42
13521600,25.28
13525200,26.29
13528800,28.36
13532400,31.36
13536000,35.09
13539600,39.29
13543200,43.67
13546800,47.94
13550400,51.81
13554000,55.0
13557600,57.31
13561200,58.58
13564800,58.72
13568400,57.71
13572000,55.64
13575600,52.64
13579200,48.91
13582800,44.71
13586400,40.33
13590000,36.06
13593600,32.19
13597200,29.0
13600800,26.69
13604400,25.42
13608000,25.28
13611600,26.29
13615200,28.36
13618800,31.36
13622400,35.09
13626000,39.29
13629600,43.67
13633200,47.94
13636800,51.81
13640400,55.0
13644000,57.31
13647600,58.58
13651200,58.72
13654800,57.71
13658400,55.64
13662000,52.64
13665600,48.91
13669200,44.71
13672800,40.33
13676400,36.06
13680000,32.19
13683600,29.0
13687200,26.69
13690800,25.42
13694400,25.28
13698000,26.29
13701600,28.36
13705200,31.36
13708800,35.09
13712400,39.29
13716000,43.67
13719600,47.94
13723200,51.81
13726800,55.0
13730400,57.31
13734000,58.58
13737600,58.72
13741200,57.71
13744800,55.64
13748400,52.64
13752000,48.91
13755600,44.71
13759200,40.33
13762800,36.06
13766400,32.19
13770000,29.0
13773600,26.69
13777200,25.42
13780800,25.28
13784400,26.29
13788000,28.36
13791600,31.36
13795200,35.09
13798800,39.29
13802400,43.67
13806000,47.94
13809600,51.81
13813200,55.0
13816800,57.31
13820400,58.58
13824000,58.72
13827600,57.71
13831200,55.64
13834800,52.64
13838400,48.91
13842000,44.71
13845600,40.33
13849200,36.06
13852800,32.19
13856400,29.0
13860000,26.69
13863600,25.42
13867200,25.28
13870800,26.29
13874400,28.36
13878000,31.36
13881600,35.09
13885200,39.29
13888800,43.67
13892400,47.94
13896000,51.81
13899600,55.0
13903200,57.31
13906800,58.58
13910400,58.72
13914000,57.71
13917600,55.64
13921200,52.64
13924800,48.91
13928400,44.71
13932000,40.33
13935600,36.06
13939200,32.19
13942800,29.0
13946400,26.69
13950000,25.42
13953600,25.28
13957200,26.29
13960800,28.36
13964400,31.36
13968000,35.09
13971600,39.29
13975200,43.67
13978800,47.94
13982400,51.81
13986000,55.0
13989600,57.31
13993200,58.58
13996800,58.72
14000400,57.71
14004000,55.64
14007600,52.64
14011200,48.91
14014800,44.71
14018400,40.33
14022000,36.06
14025600,32.19
14029200,29.0
14032800,26.69
14036400,25.42
14040000,25.28
14043600,26.29
14047200,28.36
14050800,31.36
14054400,35.09
14058000,39.29
14061600,43.67
14065200,47.94
14068800,51.81
14072400,55.0
14076000,57.31
14079600,58.58
14083200,58.72
14086800,57.71
14090400,55.64
14094000,52.64
14097600,48.91
14101200,44.71
14104800,40.33
14108400,36.06
14112000,32.19
14115600,29.0
14119200,26.69
14122800,25.42
14126400,25.28
14130000,26.29
14133600,28.36
14137200,31.36
14140800,35.09
14144400,39.29
14148000,43.67
14151600,47.94
14155200,51.81
14158800,55.0
14162400,57.31
14166000,58.58
14169600,58.72
14173200,57.71
14176800,55.64
14180400,52.64
14184000,48.91
14187600,44.71
14191200,40.33
14194800,36.06
14198400,32.19
14202000,29.0
14205600,26.69
14209200,25.42
14212800,25.28
14216400,26.29
14220000,28.36
14223600,31.36
14227200,35.09
14230800,39.29
14234400,43.67
14238000,47.94
14241600,51.81
14245200,55.0
14248800,57.31
14252400,58.58
14256000,58.72
14259600,57.71
14263200,55.64
14266800,52.64
14270400,48.91
14274000,44.71
14277600,40.33
14281200,36.06
14284800,32.19
14288400,29.0
14292000,26.69
14295600,25.42
14299200,25.28
14302800,26.29
14306400,28.36
14310000,31.36
14313600,35.09
14317200,39.29
14320800,43.67
14324400,47.94
14328000,51.81
14331600,55.0
14335200,57.31
14338800,58.58
14342400,58.72
14346000,57.71
14349600,55.64
14353200,52.64
14356800,48.91
14360400,44.71
14364000,40.33
14367600,36.06
14371200,32.19
14374800,29.0
14378400,26.69
14382000,25.42
14385600,25.28
14389200,26.29
14392800,28.36
14396400,31.36
14400000,35.09
14403600,39.29
14407200,43.67
14410800,47.94
14414400,51.81
14418000,55.0
14421600,57.31
14425200,58.58
14428800,58.72
14432400,57.71
14436000,55.64
14439600,52.64
14443200,48.91
14446800,44.71
14450400,40.33
14454000,36.06
14457600,32.19
14461200,29.0
14464800,26.69
14468400,25.42
14472000,25.28
14475600,26.29
14479200,28.36
14482800,31.36
14486400,35.09
14490000,39.29
14493600,43.67
14497200,47.94
14500800,51.81
14504400,55.0
14508000,57.31
14511600,58.58
14515200,58.72
14518800,57.71
14522400,55.64
14526000,52.64
14529600,48.91
14533200,44.71
14536800,40.33
14540400,36.06
14544000,32.19
14547600,29.0
14551200,26.69
14554800,25.42
14558400,25.28
14562000,26.29
14565600,28.36
14569200,31.36
14572800,35.09
14576400,39.29
14580000,43.67
14583600,47.94
14587200,51.81
14590800,55.0
14594400,57.31
14598000,58.58
14601600,58.72
14605200,57.71
14608800,55.64
14612400,52.64
14616000,48.91
14619600,44.71
14623200,40.33
14626800,36.06
14630400,32.19
14634000,29.0
14637600,26.69
14641200,25.42
14644800,25.28
14648400,26.29
14652000,28.36
14655600,31.36
14659200,35.09
14662800,39.29
14666400,43.67
14670000,47.94
14673600,51.81
14677200,55.0
14680800,57.31
14684400,58.58
14688000,58.72
14691600,57.71
14695200,55.64
14698800,52.64
14702400,48.91
14706000,44.71
14709600,40.33
14713200,36.06
14716800,32.19
14720400,29.0
14724000,26.69
14727600,25.42
14731200,25.28
14734800,26.29
14738400,28.36
14742000,31.36
14745600,35.09
14749200,39.29
14752800,43.67
14756400,47.94
14760000,51.81
14763600,55.0
14767200,57.31
14770800,58.58
14774400,58.72
14778000,57.71
14781600,55.64
14785200,52.64
14788800,48.91
14792400,44.71
14796000,40.33
14799600,36.06
14803200,32.19
14806800,29.0
14810400,26.69
14814000,25.42
14817600,25.28
14821200,26.29
14824800,28.36
14828400,31.36
14832000,35.09
14835600,39.29
14839200,43.67
14842800,47.94
14846400,51.81
14850000,55.0
14853600,57.31
14857200,58.58
14860800,58.72
14864400,57.71
14868000,55.64
14871600,52.64
14875200,48.91
14878800,44.71
14882400,40.33
14886000,36.06
14889600,32.19
14893200,29.0
14896800,26.69
14900400,25.42
14904000,25.28
14907600,26.29
14911200,28.36
14914800,31.36
14918400,35.09
14922000,39.29
14925600,43.67
14929200,47.94
14932800,51.81
14936400,55.0
14940000,57.31
14943600,58.58
14947200,58.72
14950800,57.71
14954400,55.64
14958000,52.64
14961600,48.91
14965200,44.71
14968800,40.33
14972400,36.06
14976000,32.19
14979600,29.0
14983200,26.69
14986800,25.42
14990400,25.28
14994000,26.29
14997600,28.36
15001200,31.36
15004800,35.09
15008400,39.29
15012000,43.67
15015600,47.94
15019200,51.81
15022800,55.0
15026400,57.31
15030000,58.58
15033600,58.72
15037200,57.71
15040800,55.64
15044400,52.64
15048000,48.91
15051600,44.71
15055200,40.33
15058800,36.06
15062400,32.19
15066000,29.0
15069600,26.69
15073200,25.42
15076800,25.28
15080400,26.29
15084000,28.36
15087600,31.36
15091200,35.09
15094800,39.29
15098400,43.67
15102000,47.94
15105600,51.81
15109200,55.0
15112800,57.31
15116400,58.58
15120000,58.72
15123600,57.71
15127200,55.64
15130800,52.64
15134400,48.91
15138000,44.71
15141600,40.33
15145200,36.06
15148800,32.19
15152400,29.0
15156000,26.69
15159600,25.42
15163200,25.28
15166800,26.29
15170400,28.36
15174000,31.36
15177600,35.09
15181200,39.29
15184800,43.67
15188400,47.94
15192000,51.81
15195600,55.0
15199200,57.31
15202800,58.58
15206400,58.72
15210000,57.71
15213600,55.64
15217200,52.64
15220800,48.91
15224400,44.71
15228000,40.33
15231600,36.06
15235200,32.19
15238800,29.0
15242400,26.69
15246000,25.42
15249600,25.28
15253200,26.29
15256800,28.36
15260400,31.36
15264000,35.09
15267600,39.29
15271200,43.67
15274800,47.94
15278400,51.81
15282000,55.0
15285600,57.31
15289200,58.58
15292800,58.72
15296400,57.71
15300000,55.64
15303600,52.64
15307200,48.91
15310800,44.71
15314400,40.33
15318000,36.06
15321600,32.19
15325200,29.0
15328800,26.69
15332400,25.42
15336000,25.28
15339600,26.29
15343200,28.36
15346800,31.36
15350400,35.09
15354000,39.29
15357600,43.67
15361200,47.94
15364800,51.81
15368400,55.0
15372000,57.31
15375600,58.58
15379200,58.72
15382800,57.71
15386400,55.64
15390000,52.64
15393600,48.91
15397200,44.71
15400800,40.33
15404400,36.06
15408000,32.19
15411600,29.0
15415200,26.69
15418800,25.42
15422400,25.28
15426000,26.29
15429600,28.36
15433200,31.36
15436800,35.09
15440400,39.29
15444000,43.67
15447600,47.94
15451200,51.81
15454800,55.0
15458400,57.31
15462000,58.58
15465600,58.72
15469200,57.71
15472800,55.64
15476400,52.64
15480000,48.91
15483600,44.71
15487200,40.33
15490800,36.06
15494400,32.19
15498000,29.0
15501600,26.69
15505200,25.42
15508800,25.28
15512400,26.29
15516000,28.36
15519600,31.36
15523200,35.09
15526800,39.29
15530400,43.67
15534000,47.94
15537600,51.81
15541200,55.0
15544800,57.31
15548400,58.58
15552000,58.72
15555600,57.71
15559200,55.64
15562800,52.64
15566400,48.91
15570000,44.71
15573600,40.33
15577200,36.06
15580800,32.19
15584400,29.0
15588000,26.69
15591600,25.42
15595200,25.28
15598800,26.29
15602400,28.36
15606000,31.36
15609600,35.09
15613200,39.29
15616800,43.67
15620400,47.94
15624000,51.81
15627600,55.0
15631200,57.31
15634800,58.58
15638400,58.72
15642000,57.71
15645600,55.64
15649200,52.64
15652800,48.91
15656400,44.71
15660000,40.33
15663600,36.06
15667200,32.19
15670800,29.0
15674400,26.69
15678000,25.42
15681600,25.28
15685200,26.29
15688800,28.36
15692400,31.36
15696000,35.09
15699600,39.29
15703200,43.67
15706800,47.94
15710400,51.81
15714000,55.0
15717600,57.31
15721200,58.58
15724800,58.72
15728400,57.71
15732000,55.64
15735600,52.64
15739200,48.91
15742800,44.71
15746400,40.33
15750000,36.06
15753600,32.19
15757200,29.0
15760800,26.69
15764400,25.42
15768000,25.28
15771600,26.29
15775200,28.36
15778800,31.36
15782400,35.09
15786000,39.29
15789600,43.67
15793200,47.94
15796800,51.81
15800400,55.0
15804000,57.31
15807600,58.58
15811200,58.72
15814800,57.71
15818400,55.64
15822000,52.64
15825600,48.91
15829200,44.71
15832800,40.33
15836400,36.06
15840000,32.19
15843600,29.0
15847200,26.69
15850800,25.42
15854400,25.28
15858000,26.29
15861600,28.36
15865200,31.36
15868800,35.09
15872400,39.29
15876000,43.67
15879600,47.94
15883200,51.81
15886800,55.0
15890400,57.31
15894000,58.58
15897600,58.72
15901200,57.71
15904800,55.64
15908400,52.64
15912000,48.91
15915600,44.71
15919200,40.33
15922800,36.06
15926400,32.19
15930000,29.0
15933600,26.69
15937200,25.42
15940800,25.28
15944400,26.29
15948000,28.36
15951600,31.36
15955200,35.09
15958800,39.29
15962400,43.67
15966000,47.94
15969600,51.81
15973200,55.0
15976800,57.31
15980400,58.58
15984000,58.72
15987600,57.71
15991200,55.64
15994800,52.64
15998400,48.91
16002000,44.71
16005600,40.33
16009200,36.06
16012800,32.19
16016400,29.0
16020000,26.69
16023600,25.42
16027200,25.28
16030800,26.29
16034400,28.36
16038000,31.36
16041600,35.09
16045200,39.29
16048800,43.67
16052400,47.94
16056000,51.81
16059600,55.0
16063200,57.31
16066800,58.58
16070400,58.72
16074000,57.71
16077600,55.64
16081200,52.64
16084800,48.91
16088400,44.71
16092000,40.33
16095600,36.06
16099200,32.19
16102800,29.0
16106400,26.69
16110000,25.42
16113600,25.28
16117200,26.29
16120800,28.36
16124400,31.36
16128000,35.09
16131600,39.29
16135200,43.67
16138800,47.94
16142400,51.81
16146000,55.0
16149600,57.31
16153200,58.58
16156800,58.72
16160400,57.71
16164000,55.64
16167600,52.64
16171200,48.91
16174800,44.71
16178400,40.33
16182000,36.06
16185600,32.19
16189200,29.0
16192800,26.69
16196400,25.42
16200000,25.28
16203600,26.29
16207200,28.36
16210800,31.36
16214400,35.09
16218000,39.29
16221600,43.67
16225200,47.94
16228800,51.81
16232400,55.0
16236000,57.31
16239600,58.58
16243200,58.72
16246800,57.71
16250400,55.64
16254000,52.64
16257600,48.91
16261200,44.71
16264800,40.33
16268400,36.06
16272000,32.19
16275600,29.0
16279200,26.69
16282800,25.42
16286400,25.28
16290000,26.29
16293600,28.36
16297200,31.36
16300800,35.09
16304400,39.29
16308000,43.67
16311600,47.94
16315200,51.81
16318800,55.0
16322400,57.31
16326000,58.58
16329600,58.72
16333200,57.71
16336800,55.64
16340400,52.64
16344000,48.91
16347600,44.71
16351200,40.33
16354800,36.06
16358400,32.19
16362000,29.0
16365600,26.69
16369200,25.42
16372800,25.28
16376400,26.29
16380000,28.36
16383600,31.36
16387200,35.09
16390800,39.29
16394400,43.67
16398000,47.94
16401600,51.81
16405200,55.0
16408800,57.31
16412400,58.58
16416000,58.72
16419600,57.71
16423200,55.64
16426800,52.64
16430400,48.91
16434000,44.71
16437600,40.33
16441200,36.06
16444800,32.19
16448400,29.0
16452000,26.69
16455600,25.42
16459200,25.28
16462800,26.29
16466400,28.36
16470000,31.36
16473600,35.09
16477200,39.29
16480800,43.67
16484400,47.94
16488000,51.81
16491600,55.0
16495200,57.31
16498800,58.58
16502400,58.72
16506000,57.71
16509600,55.64
16513200,52.64
16516800,48.91
16520400,44.71
16524000,40.33
16527600,36.06
16531200,32.19
16534800,29.0
16538400,26.69
16542000,25.42
16545600,25.28
16549200,26.29
16552800,28.36
16556400,31.36
16560000,35.09
16563600,39.29
16567200,43.67
16570800,47.94
16574400,51.81
16578000,55.0
16581600,57.31
16585200,58.58
16588800,58.72
16592400,57.71
16596000,55.64
16599600,52.64
16603200,48.91
16606800,44.71
16610400,40.33
16614000,36.06
16617600,32.19
16621200,29.0
16624800,26.69
16628400,25.42
16632000,25.28
16635600,26.29
16639200,28.36
16642800,31.36
16646400,35.09
16650000,39.29
16653600,43.67
16657200,47.94
16660800,51.81
16664400,55.0
16668000,57.31
16671600,58.58
16675200,58.72
16678800,57.71
16682400,55.64
16686000,52.64
16689600,48.91
16693200,44.71
16696800,40.33
16700400,36.06
16704000,32.19
16707600,29.0
16711200,26.69
16714800,25.42
16718400,25.28
16722000,26.29
16725600,28.36
16729200,31.36
16732800,35.09
16736400,39.29
16740000,43.67
16743600,47.94
16747200,51.81
16750800,55.0
16754400,57.31
16758000,58.58
16761600,58.72
16765200,57.71
16768800,55.64
16772400,52.64
16776000,48.91
16779600,44.71
16783200,40.33
16786800,36.06
16790400,32.19
16794000,29.0
16797600,26.69
16801200,25.42
16804800,25.28
16808400,26.29
16812000,28.36
16815600,31.36
16819200,35.09
16822800,39.29
16826400,43.67
16830000,47.94
16833600,51.81
16837200,55.0
16840800,57.31
16844400,58.58
16848000,58.72
16851600,57.71
16855200,55.64
16858800,52.64
16862400,48.91
16866000,44.71
16869600,40.33
16873200,36.06
16876800,32.19
16880400,29.0
16884000,26.69
16887600,25.42
16891200,25.28
16894800,26.29
16898400,28.36
16902000,31.36
16905600,35.09
16909200,39.29
16912800,43.67
16916400,47.94
16920000,51.81
16923600,55.0
16927200,57.31
16930800,58.58
16934400,58.72
16938000,57.71
16941600,55.64
16945200,52.64
16948800,48.91
16952400,44.71
16956000,40.33
16959600,36.06
16963200,32.19
16966800,29.0
16970400,26.69
16974000,25.42
16977600,25.28
16981200,26.29
16984800,28.36
16988400,31.36
16992000,35.09
16995600,39.29
16999200,43.67
17002800,47.94
17006400,51.81
17010000,55.0
17013600,57.31
17017200,58.58
17020800,58.72
17024400,57.71
17028000,55.64
17031600,52.64
17035200,48.91
17038800,44.71
17042400,40.33
17046000,36.06
17049600,32.19
17053200,29.0
17056800,26.69
17060400,25.42
17064000,25.28
17067600,26.29
17071200,28.36
17074800,31.36
17078400,35.09
17082000,39.29
17085600,43.67
17089200,47.94
17092800,51.81
17096400,55.0
17100000,57.31
17103600,58.58
17107200,58.72
17110800,57.71
17114400,55.64
17118000,52.64
17121600,48.91
17125200,44.71
17128800,40.33
17132400,36.06
17136000,32.19
17139600,29.0
17143200,26.69
17146800,25.42
17150400,25.28
17154000,26.29
17157600,28.36
17161200,31.36
17164800,35.09
17168400,39.29
17172000,43.67
17175600,47.94
17179200,51.81
17182800,55.0
17186400,57.31
17190000,58.58
17193600,58.72
17197200,57.71
17200800,55.64
17204400,52.64
17208000,48.91
17211600,44.71
17215200,40.33
17218800,36.06
17222400,32.19
17226000,29.0
17229600,26.69
17233200,25.42
17236800,25.28
17240400,26.29
17244000,28.36
17247600,31.36
17251200,35.09
17254800,39.29
17258400,43.67
17262000,47.94
17265600,51.81
17269200,55.0
17272800,57.31
17276400,58.58
17280000,58.72
17283600,57.71
17287200,55.64
17290800,52.64
17294400,48.91
17298000,44.71
17301600,40.33
17305200,36.06
17308800,32.19
17312400,29.0
17316000,26.69
17319600,25.42
17323200,25.28
17326800,26.29
17330400,28.36
17334000,31.36
17337600,35.09
17341200,39.29
17344800,43.67
17348400,47.94
17352000,51.81
17355600,55.0
17359200,57.31
17362800,58.58
17366400,58.72
17370000,57.71
17373600,55.64
17377200,52.64
17380800,48.91
17384400,44.71
17388000,40.33
17391600,36.06
17395200,32.19
17398800,29.0
17402400,26.69
17406000,25.42
17409600,25.28
17413200,26.29
17416800,28.36
17420400,31.36
17424000,35.09
17427600,39.29
17431200,43.67
17434800,47.94
17438400,51.81
17442000,55.0
17445600,57.31
17449200,58.58
17452800,58.72
17456400,57.71
17460000,55.64
17463600,52.64
17467200,48.91
17470800,44.71
17474400,40.33
17478000,36.06
17481600,32.19
17485200,29.0
17488800,26.69
17492400,25.42
17496000,25.28
17499600,26.29
17503200,28.36
17506800,31.36
17510400,35.09
17514000,39.29
17517600,43.67
17521200,47.94
17524800,51.81
17528400,55.0
17532000,57.31
17535600,58.58
17539200,58.72
17542800,57.71
17546400,55.64
17550000,52.64
17553600,48.91
17557200,44.71
17560800,40.33
17564400,36.06
17568000,32.19
17571600,29.0
17575200,26.69
17578800,25.42
17582400,25.28
17586000,26.29
17589600,28.36
17593200,31.36
17596800,35.09
17600400,39.29
17604000,43.67
17607600,47.94
17611200,51.81
17614800,55.0
17618400,57.31
17622000,58.58
17625600,58.72
17629200,57.71
17632800,55.64
17636400,52.64
17640000,48.91
17643600,44.71
17647200,40.33
17650800,36.06
17654400,32.19
17658000,29.0
17661600,26.69
17665200,25.42
17668800,25.28
17672400,26.29
17676000,28.36
17679600,31.36
17683200,35.09
17686800,39.29
17690400,43.67
17694000,47.94
17697600,51.81
17701200,55.0
17704800,57.31
17708400,58.58
17712000,58.72
17715600,57.71
17719200,55.64
17722800,52.64
17726400,48.91
17730000,44.71
17733600,40.33
17737200,36.06
17740800,32.19
17744400,29.0
17748000,26.69
17751600,25.42
17755200,25.28
17758800,26.29
17762400,28.36
17766000,31.36
17769600,35.09
17773200,39.29
17776800,43.67
17780400,47.94
17784000,51.81
17787600,55.0
17791200,57.31
17794800,58.58
17798400,58.72
17802000,57.71
17805600,55.64
17809200,52.64
17812800,48.91
17816400,44.71
17820000,40.33
17823600,36.06
17827200,32.19
17830800,29.0
17834400,26.69
17838000,25.42
17841600,25.28
17845200,26.29
17848800,28.36
17852400,31.36
17856000,35.09
17859600,39.29
17863200,43.67
17866800,47.94
17870400,51.81
17874000,55.0
17877600,57.31
17881200,58.58
17884800,58.72
17888400,57.71
17892000,55.64
17895600,52.64
17899200,48.91
17902800,44.71
17906400,40.33
17910000,36.06
17913600,32.19
17917200,29.0
17920800,26.69
17924400,25.42
17928000,25.28
17931600,26.29
17935200,28.36
17938800,31.36
17942400,35.09
17946000,39.29
17949600,43.67
17953200,47.94
17956800,51.81
17960400,55.0
17964000,57.31
17967600,58.58
17971200,58.72
17974800,57.71
17978400,55.64
17982000,52.64
17985600,48.91
17989200,44.71
17992800,40.33
17996400,36.06
18000000,32.19
18003600,29.0
18007200,26.69
18010800,25.42
18014400,25.28
18018000,26.29
18021600,28.36
18025200,31.36
18028800,35.09
18032400,39.29
18036000,43.67
18039600,47.94
18043200,51.81
18046800,55.0
18050400,57.31
18054000,58.58
18057600,58.72
18061200,57.71
18064800,55.64
18068400,52.64
18072000,48.91
18075600,44.71
18079200,40.33
18082800,36.06
18086400,32.19
18090000,29.0
18093600,26.69
18097200,25.42
18100800,25.28
18104400,26.29
18108000,28.36
18111600,31.36
18115200,35.09
18118800,39.29
18122400,43.67
18126000,47.94
18129600,51.81
18133200,55.0
18136800,57.31
18140400,58.58
18144000,58.72
18147600,57.71
18151200,55.64
18154800,52.64
18158400,48.91
18162000,44.71
18165600,40.33
18169200,36.06
18172800,32.19
18176400,29.0
18180000,26.69
18183600,25.42
18187200,25.28
18190800,26.29
18194400,28.36
18198000,31.36
18201600,35.09
18205200,39.29
18208800,43.67
18212400,47.94
18216000,51.81
18219600,55.0
18223200,57.31
18226800,58.58
18230400,58.72
18234000,57.71
18237600,55.64
18241200,52.64
18244800,48.91
18248400,44.71
18252000,40.33
18255600,36.06
18259200,32.19
18262800,29.0
18266400,26.69
18270000,25.42
18273600,25.28
18277200,26.29
18280800,28.36
18284400,31.36
18288000,35.09
18291600,39.29
18295200,43.67
18298800,47.94
18302400,51.81
18306000,55.0
18309600,57.31
18313200,58.58
18316800,58.72
18320400,57.71
18324000,55.64
18327600,52.64
18331200,48.91
18334800,44.71
18338400,40.33
18342000,36.06
18345600,32.19
18349200,29.0
18352800,26.69
18356400,25.42
18360000,25.28
18363600,26.29
18367200,28.36
18370800,31.36
18374400,35.09
18378000,39.29
18381600,43.67
18385200,47.94
18388800,51.81
18392400,55.0
18396000,57.31
18399600,58.58
18403200,58.72
18406800,57.71
18410400,55.64
18414000,52.64
18417600,48.91
18421200,44.71
18424800,40.33
18428400,36.06
18432000,32.19
18435600,29.0
18439200,26.69
18442800,25.42
18446400,25.28
18450000,26.29
18453600,28.36
18457200,31.36
18460800,35.09
18464400,39.29
18468000,43.67
18471600,47.94
18475200,51.81
18478800,55.0
18482400,57.31
18486000,58.58
18489600,58.72
18493200,57.71
18496800,55.64
18500400,52.64
18504000,48.91
18507600,44.71
18511200,40.33
18514800,36.06
18518400,32.19
18522000,29.0
18525600,26.69
18529200,25.42
18532800,25.28
18536400,26.29
18540000,28.36
18543600,31.36
18547200,35.09
18550800,39.29
18554400,43.67
18558000,47.94
18561600,51.81
18565200,55.0
18568800,57.31
18572400,58.58
18576000,58.72
18579600,57.71
18583200,55.64
18586800,52.64
18590400,48.91
18594000,44.71
18597600,40.33
18601200,36.06
18604800,32.19
18608400,29.0
18612000,26.69
18615600,25.42
18619200,25.28
18622800,26.29
18626400,28.36
18630000,31.36
18633600,35.09
18637200,39.29
18640800,43.67
18644400,47.94
18648000,51.81
18651600,55.0
18655200,57.31
18658800,58.58
18662400,58.72
18666000,57.71
18669600,55.64
18673200,52.64
18676800,48.91
18680400,44.71
18684000,40.33
18687600,36.06
18691200,32.19
18694800,29.0
18698400,26.69
18702000,25.42
18705600,25.28
18709200,26.29
18712800,28.36
18716400,31.36
18720000,35.09
18723600,39.29
18727200,43.67
18730800,47.94
18734400,51.81
18738000,55.0
18741600,57.31
18745200,58.58
18748800,58.72
18752400,57.71
18756000,55.64
18759600,52.64
18763200,48.91
18766800,44.71
18770400,40.33
18774000,36.06
18777600,32.19
18781200,29.0
18784800,26.69
18788400,25.42
18792000,25.28
18795600,26.29
18799200,28.36
18802800,31.36
18806400,35.09
18810000,39.29
18813600,43.67
18817200,47.94
18820800,51.81
18824400,55.0
18828000,57.31
18831600,58.58
18835200,58.72
18838800,57.71
18842400,55.64
18846000,52.64
18849600,48.91
18853200,44.71
18856800,40.33
18860400,36.06
18864000,32.19
18867600,29.0
18871200,26.69
18874800,25.42
18878400,25.28
18882000,26.29
18885600,28.36
18889200,31.36
18892800,35.09
18896400,39.29
18900000,43.67
18903600,47.94
18907200,51.81
18910800,55.0
18914400,57.31
18918000,58.58
18921600,58.72
18925200,57.71
18928800,55.64
18932400,52.64
18936000,48.91
18939600,44.71
18943200,40.33
18946800,36.06
18950400,32.19
18954000,29.0
18957600,26.69
18961200,25.42
18964800,25.28
18968400,26.29
18972000,28.36
18975600,31.36
18979200,35.09
18982800,39.29
18986400,43.67
18990000,47.94
18993600,51.81
18997200,55.0
19000800,57.31
19004400,58.58
19008000,58.72
19011600,57.71
19015200,55.64
19018800,52.64
19022400,48.91
19026000,44.71
19029600,40.33
19033200,36.06
19036800,32.19
19040400,29.0
19044000,26.69
19047600,25.42
19051200,25.28
19054800,26.29
19058400,28.36
19062000,31.36
19065600,35.09
19069200,39.29
19072800,43.67
19076400,47.94
19080000,51.81
19083600,55.0
19087200,57.31
19090800,58.58
19094400,58.72
19098000,57.71
19101600,55.64
19105200,52.64
19108800,48.91
19112400,44.71
19116000,40.33
19119600,36.06
19123200,32.19
19126800,29.0
19130400,26.69
19134000,25.42
19137600,25.28
19141200,26.29
19144800,28.36
19148400,31.36
19152000,35.09
19155600,39.29
19159200,43.67
19162800,47.94
19166400,51.81
19170000,55.0
19173600,57.31
19177200,58.58
19180800,58.72
19184400,57.71
19188000,55.64
19191600,52.64
19195200,48.91
19198800,44.71
19202400,40.33
19206000,36.06
19209600,32.19
19213200,29.0
19216800,26.69
19220400,25.42
19224000,25.28
19227600,26.29
19231200,28.36
19234800,31.36
19238400,35.09
19242000,39.29
19245600,43.67
19249200,47.94
19252800,51.81
19256400,55.0
19260000,57.31
19263600,58.58
19267200,58.72
19270800,57.71
19274400,55.64
19278000,52.64
19281600,48.91
19285200,44.71
19288800,40.33
19292400,36.06
19296000,32.19
19299600,29.0
19303200,26.69
19306800,25.42
19310400,25.28
19314000,26.29
19317600,28.36
19321200,31.36
19324800,35.09
19328400,39.29
19332000,43.67
19335600,47.94
19339200,51.81
19342800,55.0
19346400,57.31
19350000,58.58
19353600,58.72
19357200,57.71
19360800,55.64
19364400,52.64
19368000,48.91
19371600,44.71
19375200,40.33
19378800,36.06
19382400,32.19
19386000,29.0
19389600,26.69
19393200,25.42
19396800,25.28
19400400,26.29
19404000,28.36
19407600,31.36
19411200,35.09
19414800,39.29
19418400,43.67
19422000,47.94
19425600,51.81
19429200,55.0
19432800,57.31
19436400,58.58
19440000,58.72
19443600,57.71
19447200,55.64
19450800,52.64
19454400,48.91
19458000,44.71
19461600,40.33
19465200,36.06
19468800,32.19
19472400,29.0
19476000,26.69
19479600,25.42
19483200,25.28
19486800,26.29
19490400,28.36
19494000,31.36
19497600,35.09
19501200,39.29
19504800,43.67
19508400,47.94
19512000,51.81
19515600,55.0
19519200,57.31
19522800,58.58
19526400,58.72
19530000,57.71
19533600,55.64
19537200,52.64
19540800,48.91
19544400,44.71
19548000,40.33
19551600,36.06
19555200,32.19
19558800,29.0
19562400,26.69
19566000,25.42
19569600,25.28
19573200,26.29
19576800,28.36
19580400,31.36
19584000,35.09
19587600,39.29
19591200,43.67
19594800,47.94
19598400,51.81
19602000,55.0
19605600,57.31
19609200,58.58
19612800,58.72
19616400,57.71
19620000,55.64
19623600,52.64
19627200,48.91
19630800,44.71
19634400,40.33
19638000,36.06
19641600,32.19
19645200,29.0
19648800,26.69
19652400,25.42
19656000,25.28
19659600,26.29
19663200,28.36
19666800,31.36
19670400,35.09
19674000,39.29
19677600,43.67
19681200,47.94
19684800,51.81
19688400,55.0
19692000,57.31
19695600,58.58
19699200,58.72
19702800,57.71
19706400,55.64
19710000,52.64
19713600,48.91
19717200,44.71
19720800,40.33
19724400,36.06
19728000,32.19
19731600,29.0
19735200,26.69
19738800,25.42
19742400,25.28
19746000,26.29
19749600,28.36
19753200,31.36
19756800,35.09
19760400,39.29
19764000,43.67
19767600,47.94
19771200,51.81
19774800,55.0
19778400,57.31
19782000,58.58
19785600,58.72
19789200,57.71
19792800,55.64
19796400,52.64
19800000,48.91
19803600,44.71
19807200,40.33
19810800,36.06
19814400,32.19
19818000,29.0
19821600,26.69
19825200,25.42
19828800,25.28
19832400,26.29
19836000,28.36
19839600,31.36
19843200,35.09
19846800,39.29
19850400,43.67
19854000,47.94
19857600,51.81
19861200,55.0
19864800,57.31
19868400,58.58
19872000,58.72
19875600,57.71
19879200,55.64
19882800,52.64
19886400,48.91
19890000,44.71
19893600,40.33
19897200,36.06
19900800,32.19
19904400,29.0
19908000,26.69
19911600,25.42
19915200,25.28
19918800,26.29
19922400,28.36
19926000,31.36
19929600,35.09
19933200,39.29
19936800,43.67
19940400,47.94
19944000,51.81
19947600,55.0
19951200,57.31
19954800,58.58
19958400,58.72
19962000,57.71
19965600,55.64
19969200,52.64
19972800,48.91
19976400,44.71
19980000,40.33
19983600,36.06
19987200,32.19
19990800,29.0
19994400,26.69
19998000,25.42
20001600,25.28
20005200,26.29
20008800,28.36
20012400,31.36
20016000,35.09
20019600,39.29
20023200,43.67
20026800,47.94
20030400,51.81
20034000,55.0
20037600,57.31
20041200,58.58
20044800,58.72
20048400,57.71
20052000,55.64
20055600,52.64
20059200,48.91
20062800,44.71
20066400,40.33
20070000,36.06
20073600,32.19
20077200,29.0
20080800,26.69
20084400,25.42
20088000,25.28
20091600,26.29
20095200,28.36
20098800,31.36
20102400,35.09
20106000,39.29
20109600,43.67
20113200,47.94
20116800,51.81
20120400,55.0
20124000,57.31
20127600,58.58
20131200,58.72
20134800,57.71
20138400,55.64
20142000,52.64
20145600,48.91
20149200,44.71
20152800,40.33
20156400,36.06
20160000,32.19
20163600,29.0
20167200,26.69
20170800,25.42
20174400,25.28
20178000,26.29
20181600,28.36
20185200,31.36
20188800,35.09
20192400,39.29
20196000,43.67
20199600,47.94
20203200,51.81
20206800,55.0
20210400,57.31
20214000,58.58
20217600,58.72
20221200,57.71
20224800,55.64
20228400,52.64
20232000,48.91
20235600,44.71
20239200,40.33
20242800,36.06
20246400,32.19
20250000,29.0
20253600,26.69
20257200,25.42
20260800,25.28
20264400,26.29
20268000,28.36
20271600,31.36
20275200,35.09
20278800,39.29
20282400,43.67
20286000,47.94
20289600,51.81
20293200,55.0
20296800,57.31
20300400,58.58
20304000,58.72
20307600,57.71
20311200,55.64
20314800,52.64
20318400,48.91
20322000,44.71
20325600,40.33
20329200,36.06
20332800,32.19
20336400,29.0
20340000,26.69
20343600,25.42
20347200,25.28
20350800,26.29
20354400,28.36
20358000,31.36
20361600,35.09
20365200,39.29
20368800,43.67
20372400,47.94
20376000,51.81
20379600,55.0
20383200,57.31
20386800,58.58
20390400,58.72
20394000,57.71
20397600,55.64
20401200,52.64
20404800,48.91
20408400,44.71
20412000,40.33
20415600,36.06
20419200,32.19
20422800,29.0
20426400,26.69
20430000,25.42
20433600,25.28
20437200,26.29
20440800,28.36
20444400,31.36
20448000,35.09
20451600,39.29
20455200,43.67
20458800,47.94
20462400,51.81
20466000,55.0
20469600,57.31
20473200,58.58
20476800,58.72
20480400,57.71
20484000,55.64
20487600,52.64
20491200,48.91
20494800,44.71
20498400,40.33
20502000,36.06
20505600,32.19
20509200,29.0
20512800,26.69
20516400,25.42
20520000,25.28
20523600,26.29
20527200,28.36
20530800,31.36
20534400,35.09
20538000,39.29
20541600,43.67
20545200,47.94
20548800,51.81
20552400,55.0
20556000,57.31
20559600,58.58
20563200,58.72
20566800,57.71
20570400,55.64
20574000,52.64
20577600,48.91
20581200,44.71
20584800,40.33
20588400,36.06
20592000,32.19
20595600,29.0
20599200,26.69
20602800,25.42
20606400,25.28
20610000,26.29
20613600,28.36
20617200,31.36
20620800,35.09
20624400,39.29
20628000,43.67
20631600,47.94
20635200,51.81
20638800,55.0
20642400,57.31
20646000,58.58
20649600,58.72
20653200,57.71
20656800,55.64
20660400,52.64
20664000,48.91
20667600,44.71
20671200,40.33
20674800,36.06
20678400,32.19
20682000,29.0
20685600,26.69
20689200,25.42
20692800,25.28
20696400,26.29
20700000,28.36
20703600,31.36
20707200,35.09
20710800,39.29
20714400,43.67
20718000,47.94
20721600,51.81
20725200,55.0
20728800,57.31
20732400,58.58
20736000,58.72
20739600,57.71
20743200,55.64
20746800,52.64
20750400,48.91
20754000,44.71
20757600,40.33
20761200,36.06
20764800,32.19
20768400,29.0
20772000,26.69
20775600,25.42
20779200,25.28
20782800,26.29
20786400,28.36
20790000,31.36
20793600,35.09
20797200,39.29
20800800,43.67
20804400,47.94
20808000,51.81
20811600,55.0
20815200,57.31
20818800,58.58
20822400,58.72
20826000,57.71
20829600,55.64
20833200,52.64
20836800,48.91
20840400,44.71
20844000,40.33
20847600,36.06
20851200,32.19
20854800,29.0
20858400,26.69
20862000,25.42
20865600,25.28
20869200,26.29
20872800,28.36
20876400,31.36
20880000,35.09
20883600,39.29
20887200,43.67
20890800,47.94
20894400,51.81
20898000,55.0
20901600,57.31
20905200,58.58
20908800,58.72
20912400,57.71
20916000,55.64
20919600,52.64
20923200,48.91
20926800,44.71
20930400,40.33
20934000,36.06
20937600,32.19
20941200,29.0
20944800,26.69
20948400,25.42
20952000,25.28
20955600,26.29
20959200,28.36
20962800,31.36
20966400,35.09
20970000,39.29
20973600,43.67
20977200,47.94
20980800,51.81
20984400,55.0
20988000,57.31
20991600,58.58
20995200,58.72
20998800,57.71
21002400,55.64
21006000,52.64
21009600,48.91
21013200,44.71
21016800,40.33
21020400,36.06
21024000,32.19
21027600,29.0
21031200,26.69
21034800,25.42
21038400,25.28
21042000,26.29
21045600,28.36
21049200,31.36
21052800,35.09
21056400,39.29
21060000,43.67
21063600,47.94
21067200,51.81
21070800,55.0
21074400,57.31
21078000,58.58
21081600,58.72
21085200,57.71
21088800,55.64
21092400,52.64
21096000,48.91
21099600,44.71
21103200,40.33
21106800,36.06
21110400,32.19
21114000,29.0
21117600,26.69
21121200,25.42
21124800,25.28
21128400,26.29
21132000,28.36
21135600,31.36
21139200,35.09
21142800,39.29
21146400,43.67
21150000,47.94
21153600,51.81
21157200,55.0
21160800,57.31
21164400,58.58
21168000,58.72
21171600,57.71
21175200,55.64
21178800,52.64
21182400,48.91
21186000,44.71
21189600,40.33
21193200,36.06
21196800,32.19
21200400,29.0
21204000,26.69
21207600,25.42
21211200,25.28
21214800,26.29
21218400,28.36
21222000,31.36
21225600,35.09
21229200,39.29
21232800,43.67
21236400,47.94
21240000,51.81
21243600,55.0
21247200,57.31
21250800,58.58
21254400,58.72
21258000,57.71
21261600,55.64
21265200,52.64
21268800,48.91
21272400,44.71
21276000,40.33
21279600,36.06
21283200,32.19
21286800,29.0
21290400,26.69
21294000,25.42
21297600,25.28
21301200,26.29
21304800,28.36
21308400,31.36
21312000,35.09
21315600,39.29
21319200,43.67
21322800,47.94
21326400,51.81
21330000,55.0
21333600,57.31
21337200,58.58
21340800,58.72
21344400,57.71
21348000,55.64
21351600,52.64
21355200,48.91
21358800,44.71
21362400,40.33
21366000,36.06
21369600,32.19
21373200,29.0
21376800,26.69
21380400,25.42
21384000,25.28
21387600,26.29
21391200,28.36
21394800,31.36
21398400,35.09
21402000,39.29
21405600,43.67
21409200,47.94
21412800,51.81
21416400,55.0
21420000,57.31
21423600,58.58
21427200,58.72
21430800,57.71
21434400,55.64
21438000,52.64
21441600,48.91
21445200,44.71
21448800,40.33
21452400,36.06
21456000,32.19
21459600,29.0
21463200,26.69
21466800,25.42
21470400,25.28
21474000,26.29
21477600,28.36
21481200,31.36
21484800,35.09
21488400,39.29
21492000,43.67
21495600,47.94
21499200,51.81
21502800,55.0
21506400,57.31
21510000,58.58
21513600,58.72
21517200,57.71
21520800,55.64
21524400,52.64
21528000,48.91
21531600,44.71
21535200,40.33
21538800,36.06
21542400,32.19
21546000,29.0
21549600,26.69
21553200,25.42
21556800,25.28
21560400,26.29
21564000,28.36
21567600,31.36
21571200,35.09
21574800,39.29
21578400,43.67
21582000,47.94
21585600,51.81
21589200,55.0
21592800,57.31
21596400,58.58
21600000,58.72
21603600,57.71
21607200,55.64
21610800,52.64
21614400,48.91
21618000,44.71
21621600,40.33
21625200,36.06
21628800,32.19
21632400,29.0
21636000,26.69
21639600,25.42
21643200,25.28
21646800,26.29
21650400,28.36
21654000,31.36
21657600,35.09
21661200,39.29
21664800,43.67
21668400,47.94
21672000,51.81
21675600,55.0
21679200,57.31
21682800,58.58
21686400,58.72
21690000,57.71
21693600,55.64
21697200,52.64
21700800,48.91
21704400,44.71
21708000,40.33
21711600,36.06
21715200,32.19
21718800,29.0
21722400,26.69
21726000,25.42
21729600,25.28
21733200,26.29
21736800,28.36
21740400,31.36
21744000,35.09
21747600,39.29
21751200,43.67
21754800,47.94
21758400,51.81
21762000,55.0
21765600,57.31
21769200,58.58
21772800,58.72
21776400,57.71
21780000,55.64
21783600,52.64
21787200,48.91
21790800,44.71
21794400,40.33
21798000,36.06
21801600,32.19
21805200,29.0
21808800,26.69
21812400,25.42
21816000,25.28
21819600,26.29
21823200,28.36
21826800,31.36
21830400,35.09
21834000,39.29
21837600,43.67
21841200,47.94
21844800,51.81
21848400,55.0
21852000,57.31
21855600,58.58
21859200,58.72
21862800,57.71
21866400,55.64
21870000,52.64
21873600,48.91
21877200,44.71
21880800,40.33
21884400,36.06
21888000,32.19
21891600,29.0
21895200,26.69
21898800,25.42
21902400,25.28
21906000,26.29
21909600,28.36
21913200,31.36
21916800,35.09
21920400,39.29
21924000,43.67
21927600,47.94
21931200,51.81
21934800,55.0
21938400,57.31
21942000,58.58
21945600,58.72
21949200,57.71
21952800,55.64
21956400,52.64
21960000,48.91
21963600,44.71
21967200,40.33
21970800,36.06
21974400,32.19
21978000,29.0
21981600,26.69
21985200,25.42
21988800,25.28
21992400,26.29
21996000,28.36
21999600,31.36
22003200,35.09
22006800,39.29
22010400,43.67
22014000,47.94
22017600,51.81
22021200,55.0
22024800,57.31
22028400,58.58
22032000,58.72
22035600,57.71
22039200,55.64
22042800,52.64
22046400,48.91
22050000,44.71
22053600,40.33
22057200,36.06
22060800,32.19
22064400,29.0
22068000,26.69
22071600,25.42
22075200,25.28
22078800,26.29
22082400,28.36
22086000,31.36
22089600,35.09
22093200,39.29
22096800,43.67
22100400,47.94
22104000,51.81
22107600,55.0
22111200,57.31
22114800,58.58
22118400,58.72
22122000,57.71
22125600,55.64
22129200,52.64
22132800,48.91
22136400,44.71
22140000,40.33
22143600,36.06
22147200,32.19
22150800,29.0
22154400,26.69
22158000,25.42
22161600,25.28
22165200,26.29
22168800,28.36
22172400,31.36
22176000,35.09
22179600,39.29
22183200,43.67
22186800,47.94
22190400,51.81
22194000,55.0
22197600,57.31
22201200,58.58
22204800,58.72
22208400,57.71
22212000,55.64
22215600,52.64
22219200,48.91
22222800,44.71
22226400,40.33
22230000,36.06
22233600,32.19
22237200,29.0
22240800,26.69
22244400,25.42
22248000,25.28
22251600,26.29
22255200,28.36
22258800,31.36
22262400,35.09
22266000,39.29
22269600,43.67
22273200,47.94
22276800,51.81
22280400,55.0
22284000,57.31
22287600,58.58
22291200,58.72
22294800,57.71
22298400,55.64
22302000,52.64
22305600,48.91
22309200,44.71
22312800,40.33
22316400,36.06
22320000,32.19
22323600,29.0
22327200,26.69
22330800,25.42
22334400,25.28
22338000,26.29
22341600,28.36
22345200,31.36
22348800,35.09
22352400,39.29
22356000,43.67
22359600,47.94
22363200,51.81
22366800,55.0
22370400,57.31
22374000,58.58
22377600,58.72
22381200,57.71
22384800,55.64
22388400,52.64
22392000,48.91
22395600,44.71
22399200,40.33
22402800,36.06
22406400,32.19
22410000,29.0
22413600,26.69
22417200,25.42
22420800,25.28
22424400,26.29
22428000,28.36
22431600,31.36
22435200,35.09
22438800,39.29
22442400,43.67
22446000,47.94
22449600,51.81
22453200,55.0
22456800,57.31
22460400,58.58
22464000,58.72
22467600,57.71
22471200,55.64
22474800,52.64
22478400,48.91
22482000,44.71
22485600,40.33
22489200,36.06
22492800,32.19
22496400,29.0
22500000,26.69
22503600,25.42
22507200,25.28
22510800,26.29
22514400,28.36
22518000,31.36
22521600,35.09
22525200,39.29
22528800,43.67
22532400,47.94
22536000,51.81
22539600,55.0
22543200,57.31
22546800,58.58
22550400,58.72
22554000,57.71
22557600,55.64
22561200,52.64
22564800,48.91
22568400,44.71
22572000,40.33
22575600,36.06
22579200,32.19
22582800,29.0
22586400,26.69
22590000,25.42
22593600,25.28
22597200,26.29
22600800,28.36
22604400,31.36
22608000,35.09
22611600,39.29
22615200,43.67
22618800,47.94
22622400,51.81
22626000,55.0
22629600,57.31
22633200,58.58
22636800,58.72
22640400,57.71
22644000,55.64
22647600,52.64
22651200,48.91
22654800,44.71
22658400,40.33
22662000,36.06
22665600,32.19
22669200,29.0
22672800,26.69
22676400,25.42
22680000,25.28
22683600,26.29
22687200,28.36
22690800,31.36
22694400,35.09
22698000,39.29
22701600,43.67
22705200,47.94
22708800,51.81
22712400,55.0
22716000,57.31
22719600,58.58
22723200,58.72
22726800,57.71
22730400,55.64
22734000,52.64
22737600,48.91
22741200,44.71
22744800,40.33
22748400,36.06
22752000,32.19
22755600,29.0
22759200,26.69
22762800,25.42
22766400,25.28
22770000,26.29
22773600,28.36
22777200,31.36
22780800,35.09
22784400,39.29
22788000,43.67
22791600,47.94
22795200,51.81
22798800,55.0
22802400,57.31
22806000,58.58
22809600,58.72
22813200,57.71
22816800,55.64
22820400,52.64
22824000,48.91
22827600,44.71
22831200,40.33
22834800,36.06
22838400,32.19
22842000,29.0
22845600,26.69
22849200,25.42
22852800,25.28
22856400,26.29
22860000,28.36
22863600,31.36
22867200,35.09
22870800,39.29
22874400,43.67
22878000,47.94
22881600,51.81
22885200,55.0
22888800,57.31
22892400,58.58
22896000,58.72
22899600,57.71
22903200,55.64
22906800,52.64
22910400,48.91
22914000,44.71
22917600,40.33
22921200,36.06
22924800,32.19
22928400,29.0
22932000,26.69
22935600,25.42
22939200,25.28
22942800,26.29
22946400,28.36
22950000,31.36
22953600,35.09
22957200,39.29
22960800,43.67
22964400,47.94
22968000,51.81
22971600,55.0
22975200,57.31
22978800,58.58
22982400,58.72
22986000,57.71
22989600,55.64
22993200,52.64
22996800,48.91
23000400,44.71
23004000,40.33
23007600,36.06
23011200,32.19
23014800,29.0
23018400,26.69
23022000,25.42
23025600,25.28
23029200,26.29
23032800,28.36
23036400,31.36
23040000,35.09
23043600,39.29
23047200,43.67
23050800,47.94
23054400,51.81
23058000,55.0
23061600,57.31
23065200,58.58
23068800,58.72
23072400,57.71
23076000,55.64
23079600,52.64
23083200,48.91
23086800,44.71
23090400,40.33
23094000,36.06
23097600,32.19
23101200,29.0
23104800,26.69
23108400,25.42
23112000,25.28
23115600,26.29
23119200,28.36
23122800,31.36
23126400,35.09
23130000,39.29
23133600,43.67
23137200,47.94
23140800,51.81
23144400,55.0
23148000,57.31
23151600,58.58
23155200,58.72
23158800,57.71
23162400,55.64
23166000,52.64
23169600,48.91
23173200,44.71
23176800,40.33
23180400,36.06
23184000,32.19
23187600,29.0
23191200,26.69
23194800,25.42
23198400,25.28
23202000,26.29
23205600,28.36
23209200,31.36
23212800,35.09
23216400,39.29
23220000,43.67
23223600,47.94
23227200,51.81
23230800,55.0
23234400,57.31
23238000,58.58
23241600,58.72
23245200,57.71
23248800,55.64
23252400,52.64
23256000,48.91
23259600,44.71
23263200,40.33
23266800,36.06
23270400,32.19
23274000,29.0
23277600,26.69
23281200,25.42
23284800,25.28
23288400,26.29
23292000,28.36
23295600,31.36
23299200,35.09
23302800,39.29
23306400,43.67
23310000,47.94
23313600,51.81
23317200,55.0
23320800,57.31
23324400,58.58
23328000,58.72
23331600,57.71
23335200,55.64
23338800,52.64
23342400,48.91
23346000,44.71
23349600,40.33
23353200,36.06
23356800,32.19
23360400,29.0
23364000,26.69
23367600,25.42
23371200,25.28
23374800,26.29
23378400,28.36
23382000,31.36
23385600,35.09
23389200,39.29
23392800,43.67
23396400,47.94
23400000,51.81
23403600,55.0
23407200,57.31
23410800,58.58
23414400,58.72
23418000,57.71
23421600,55.64
23425200,52.64
23428800,48.91
23432400,44.71
23436000,40.33
23439600,36.06
23443200,32.19
23446800,29.0
23450400,26.69
23454000,25.42
23457600,25.28
23461200,26.29
23464800,28.36
23468400,31.36
23472000,35.09
23475600,39.29
23479200,43.67
23482800,47.94
23486400,51.81
23490000,55.0
23493600,57.31
23497200,58.58
23500800,58.72
23504400,57.71
23508000,55.64
23511600,52.64
23515200,48.91
23518800,44.71
23522400,40.33
23526000,36.06
23529600,32.19
23533200,29.0
23536800,26.69
23540400,25.42
23544000,25.28
23547600,26.29
23551200,28.36
23554800,31.36
23558400,35.09
23562000,39.29
23565600,43.67
23569200,47.94
23572800,51.81
23576400,55.0
23580000,57.31
23583600,58.58
23587200,58.72
23590800,57.71
23594400,55.64
23598000,52.64
23601600,48.91
23605200,44.71
23608800,40.33
23612400,36.06
23616000,32.19
23619600,29.0
23623200,26.69
23626800,25.42
23630400,25.28
23634000,26.29
23637600,28.36
23641200,31.36
23644800,35.09
23648400,39.29
23652000,43.67
23655600,47.94
23659200,51.81
23662800,55.0
23666400,57.31
23670000,58.58
23673600,58.72
23677200,57.71
23680800,55.64
23684400,52.64
23688000,48.91
23691600,44.71
23695200,40.33
23698800,36.06
23702400,32.19
23706000,29.0
23709600,26.69
23713200,25.42
23716800,25.28
23720400,26.29
23724000,28.36
23727600,31.36
23731200,35.09
23734800,39.29
23738400,43.67
23742000,47.94
23745600,51.81
23749200,55.0
23752800,57.31
23756400,58.58
23760000,58.72
23763600,57.71
23767200,55.64
23770800,52.64
23774400,48.91
23778000,44.71
23781600,40.33
23785200,36.06
23788800,32.19
23792400,29.0
23796000,26.69
23799600,25.42
23803200,25.28
23806800,26.29
23810400,28.36
23814000,31.36
23817600,35.09
23821200,39.29
23824800,43.67
23828400,47.94
23832000,51.81
23835600,55.0
23839200,57.31
23842800,58.58
23846400,58.72
23850000,57.71
23853600,55.64
23857200,52.64
23860800,48.91
23864400,44.71
23868000,40.33
23871600,36.06
23875200,32.19
23878800,29.0
23882400,26.69
23886000,25.42
23889600,25.28
23893200,26.29
23896800,28.36
23900400,31.36
23904000,35.09
23907600,39.29
23911200,43.67
23914800,47.94
23918400,51.81
23922000,55.0
23925600,57.31
23929200,58.58
23932800,58.72
23936400,57.71
23940000,55.64
23943600,52.64
23947200,48.91
23950800,44.71
23954400,40.33
23958000,36.06
23961600,32.19
23965200,29.0
23968800,26.69
23972400,25.42
23976000,25.28
23979600,26.29
23983200,28.36
23986800,31.36
23990400,35.09
23994000,39.29
23997600,43.67
24001200,47.94
24004800,51.81
24008400,55.0
24012000,57.31
24015600,58.58
24019200,58.72
24022800,57.71
24026400,55.64
24030000,52.64
24033600,48.91
24037200,44.71
24040800,40.33
24044400,36.06
24048000,32.19
24051600,29.0
24055200,26.69
24058800,25.42
24062400,25.28
24066000,26.29
24069600,28.36
24073200,31.36
24076800,35.09
24080400,39.29
24084000,43.67
24087600,47.94
24091200,51.81
24094800,55.0
24098400,57.31
24102000,58.58
24105600,58.72
24109200,57.71
24112800,55.64
24116400,52.64
24120000,48.91
24123600,44.71
24127200,40.33
24130800,36.06
24134400,32.19
24138000,29.0
24141600,26.69
24145200,25.42
24148800,25.28
24152400,26.29
24156000,28.36
24159600,31.36
24163200,35.09
24166800,39.29
24170400,43.67
24174000,47.94
24177600,51.81
24181200,55.0
24184800,57.31
24188400,58.58
24192000,58.72
24195600,57.71
24199200,55.64
24202800,52.64
24206400,48.91
24210000,44.71
24213600,40.33
24217200,36.06
24220800,32.19
24224400,29.0
24228000,26.69
24231600,25.42
24235200,25.28
24238800,26.29
24242400,28.36
24246000,31.36
24249600,35.09
24253200,39.29
24256800,43.67
24260400,47.94
24264000,51.81
24267600,55.0
24271200,57.31
24274800,58.58
24278400,58.72
24282000,57.71
24285600,55.64
24289200,52.64
24292800,48.91
24296400,44.71
24300000,40.33
24303600,36.06
24307200,32.19
24310800,29.0
24314400,26.69
24318000,25.42
24321600,25.28
24325200,26.29
24328800,28.36
24332400,31.36
24336000,35.09
24339600,39.29
24343200,43.67
24346800,47.94
24350400,51.81
24354000,55.0
24357600,57.31
24361200,58.58
24364800,58.72
24368400,57.71
24372000,55.64
24375600,52.64
24379200,48.91
24382800,44.71
24386400,40.33
24390000,36.06
24393600,32.19
24397200,29.0
24400800,26.69
24404400,25.42
24408000,25.28
24411600,26.29
24415200,28.36
24418800,31.36
24422400,35.09
24426000,39.29
24429600,43.67
24433200,47.94
24436800,51.81
24440400,55.0
24444000,57.31
24447600,58.58
24451200,58.72
24454800,57.71
24458400,55.64
24462000,52.64
24465600,48.91
24469200,44.71
24472800,40.33
24476400,36.06
24480000,32.19
24483600,29.0
24487200,26.69
24490800,25.42
24494400,25.28
24498000,26.29
24501600,28.36
24505200,31.36
24508800,35.09
24512400,39.29
24516000,43.67
24519600,47.94
24523200,51.81
24526800,55.0
24530400,57.31
24534000,58.58
24537600,58.72
24541200,57.71
24544800,55.64
24548400,52.64
24552000,48.91
24555600,44.71
24559200,40.33
24562800,36.06
24566400,32.19
24570000,29.0
24573600,26.69
24577200,25.42
24580800,25.28
24584400,26.29
24588000,28.36
24591600,31.36
24595200,35.09
24598800,39.29
24602400,43.67
24606000,47.94
24609600,51.81
24613200,55.0
24616800,57.31
24620400,58.58
24624000,58.72
24627600,57.71
24631200,55.64
24634800,52.64
24638400,48.91
24642000,44.71
24645600,40.33
24649200,36.06
24652800,32.19
24656400,29.0
24660000,26.69
24663600,25.42
24667200,25.28
24670800,26.29
24674400,28.36
24678000,31.36
24681600,35.09
24685200,39.29
24688800,43.67
24692400,47.94
24696000,51.81
24699600,55.0
24703200,57.31
24706800,58.58
24710400,58.72
24714000,57.71
24717600,55.64
24721200,52.64
24724800,48.91
24728400,44.71
24732000,40.33
24735600,36.06
24739200,32.19
24742800,29.0
24746400,26.69
24750000,25.42
24753600,25.28
24757200,26.29
24760800,28.36
24764400,31.36
24768000,35.09
24771600,39.29
24775200,43.67
24778800,47.94
24782400,51.81
24786000,55.0
24789600,57.31
24793200,58.58
24796800,58.72
24800400,57.71
24804000,55.64
24807600,52.64
24811200,48.91
24814800,44.71
24818400,40.33
24822000,36.06
24825600,32.19
24829200,29.0
24832800,26.69
24836400,25.42
24840000,25.28
24843600,26.29
24847200,28.36
24850800,31.36
24854400,35.09
24858000,39.29
24861600,43.67
24865200,47.94
24868800,51.81
24872400,55.0
24876000,57.31
24879600,58.58
24883200,58.72
24886800,57.71
24890400,55.64
24894000,52.64
24897600,48.91
24901200,44.71
24904800,40.33
24908400,36.06
24912000,32.19
24915600,29.0
24919200,26.69
24922800,25.42
24926400,25.28
24930000,26.29
24933600,28.36
24937200,31.36
24940800,35.09
24944400,39.29
24948000,43.67
24951600,47.94
24955200,51.81
24958800,55.0
24962400,57.31
24966000,58.58
24969600,58.72
24973200,57.71
24976800,55.64
24980400,52.64
24984000,48.91
24987600,44.71
24991200,40.33
24994800,36.06
24998400,32.19
25002000,29.0
25005600,26.69
25009200,25.42
25012800,25.28
25016400,26.29
25020000,28.36
25023600,31.36
25027200,35.09
25030800,39.29
25034400,43.67
25038000,47.94
25041600,51.81
25045200,55.0
25048800,57.31
25052400,58.58
25056000,58.72
25059600,57.71
25063200,55.64
25066800,52.64
25070400,48.91
25074000,44.71
25077600,40.33
25081200,36.06
25084800,32.19
25088400,29.0
25092000,26.69
25095600,25.42
25099200,25.28
25102800,26.29
25106400,28.36
25110000,31.36
25113600,35.09
25117200,39.29
25120800,43.67
25124400,47.94
25128000,51.81
25131600,55.0
25135200,57.31
25138800,58.58
25142400,58.72
25146000,57.71
25149600,55.64
25153200,52.64
25156800,48.91
25160400,44.71
25164000,40.33
25167600,36.06
25171200,32.19
25174800,29.0
25178400,26.69
25182000,25.42
25185600,25.28
25189200,26.29
25192800,28.36
25196400,31.36
25200000,35.09
25203600,39.29
25207200,43.67
25210800,47.94
25214400,51.81
25218000,55.0
25221600,57.31
25225200,58.58
25228800,58.72
25232400,57.71
25236000,55.64
25239600,52.64
25243200,48.91
25246800,44.71
25250400,40.33
25254000,36.06
25257600,32.19
25261200,29.0
25264800,26.69
25268400,25.42
25272000,25.28
25275600,26.29
25279200,28.36
25282800,31.36
25286400,35.09
25290000,39.29
25293600,43.67
25297200,47.94
25300800,51.81
25304400,55.0
25308000,57.31
25311600,58.58
25315200,58.72
25318800,57.71
25322400,55.64
25326000,52.64
25329600,48.91
25333200,44.71
25336800,40.33
25340400,36.06
25344000,32.19
25347600,29.0
25351200,26.69
25354800,25.42
25358400,25.28
25362000,26.29
25365600,28.36
25369200,31.36
25372800,35.09
25376400,39.29
25380000,43.67
25383600,47.94
25387200,51.81
25390800,55.0
25394400,57.31
25398000,58.58
25401600,58.72
25405200,57.71
25408800,55.64
25412400,52.64
25416000,48.91
25419600,44.71
25423200,40.33
25426800,36.06
25430400,32.19
25434000,29.0
25437600,26.69
25441200,25.42
25444800,25.28
25448400,26.29
25452000,28.36
25455600,31.36
25459200,35.09
25462800,39.29
25466400,43.67
25470000,47.94
25473600,51.81
25477200,55.0
25480800,57.31
25484400,58.58
25488000,58.72
25491600,57.71
25495200,55.64
25498800,52.64
25502400,48.91
25506000,44.71
25509600,40.33
25513200,36.06
25516800,32.19
25520400,29.0
25524000,26.69
25527600,25.42
25531200,25.28
25534800,26.29
25538400,28.36
25542000,31.36
25545600,35.09
25549200,39.29
25552800,43.67
25556400,47.94
25560000,51.81
25563600,55.0
25567200,57.31
25570800,58.58
25574400,58.72
25578000,57.71
25581600,55.64
25585200,52.64
25588800,48.91
25592400,44.71
25596000,40.33
25599600,36.06
25603200,32.19
25606800,29.0
25610400,26.69
25614000,25.42
25617600,25.28
25621200,26.29
25624800,28.36
25628400,31.36
25632000,35.09
25635600,39.29
25639200,43.67
25642800,47.94
25646400,51.81
25650000,55.0
25653600,57.31
25657200,58.58
25660800,58.72
25664400,57.71
25668000,55.64
25671600,52.64
25675200,48.91
25678800,44.71
25682400,40.33
25686000,36.06
25689600,32.19
25693200,29.0
25696800,26.69
25700400,25.42
25704000,25.28
25707600,26.29
25711200,28.36
25714800,31.36
25718400,35.09
25722000,39.29
25725600,43.67
25729200,47.94
25732800,51.81
25736400,55.0
25740000,57.31
25743600,58.58
25747200,58.72
25750800,57.71
25754400,55.64
25758000,52.64
25761600,48.91
25765200,44.71
25768800,40.33
25772400,36.06
25776000,32.19
25779600,29.0
25783200,26.69
25786800,25.42
25790400,25.28
25794000,26.29
25797600,28.36
25801200,31.36
25804800,35.09
25808400,39.29
25812000,43.67
25815600,47.94
25819200,51.81
25822800,55.0
25826400,57.31
25830000,58.58
25833600,58.72
25837200,57.71
25840800,55.64
25844400,52.64
25848000,48.91
25851600,44.71
25855200,40.33
25858800,36.06
25862400,32.19
25866000,29.0
25869600,26.69
25873200,25.42
25876800,25.28
25880400,26.29
25884000,28.36
25887600,31.36
25891200,35.09
25894800,39.29
25898400,43.67
25902000,47.94
25905600,51.81
25909200,55.0
25912800,57.31
25916400,58.58
25920000,58.72
25923600,57.71
25927200,55.64
25930800,52.64
25934400,48.91
25938000,44.71
25941600,40.33
25945200,36.06
25948800,32.19
25952400,29.0
25956000,26.69
25959600,25.42
25963200,25.28
25966800,26.29
25970400,28.36
25974000,31.36
25977600,35.09
25981200,39.29
25984800,43.67
25988400,47.94
25992000,51.81
25995600,55.0
25999200,57.31
26002800,58.58
26006400,58.72
26010000,57.71
26013600,55.64
26017200,52.64
26020800,48.91
26024400,44.71
26028000,40.33
26031600,36.06
26035200,32.19
26038800,29.0
26042400,26.69
26046000,25.42
26049600,25.28
26053200,26.29
26056800,28.36
26060400,31.36
26064000,35.09
26067600,39.29
26071200,43.67
26074800,47.94
26078400,51.81
26082000,55.0
26085600,57.31
26089200,58.58
26092800,58.72
26096400,57.71
26100000,55.64
26103600,52.64
26107200,48.91
26110800,44.71
26114400,40.33
26118000,36.06
26121600,32.19
26125200,29.0
26128800,26.69
26132400,25.42
26136000,25.28
26139600,26.29
26143200,28.36
26146800,31.36
26150400,35.09
26154000,39.29
26157600,43.67
26161200,47.94
26164800,51.81
26168400,55.0
26172000,57.31
26175600,58.58
26179200,58.72
26182800,57.71
26186400,55.64
26190000,52.64
26193600,48.91
26197200,44.71
26200800,40.33
26204400,36.06
26208000,32.19
26211600,29.0
26215200,26.69
26218800,25.42
26222400,25.28
26226000,26.29
26229600,28.36
26233200,31.36
26236800,35.09
26240400,39.29
26244000,43.67
26247600,47.94
26251200,51.81
26254800,55.0
26258400,57.31
26262000,58.58
26265600,58.72
26269200,57.71
26272800,55.64
26276400,52.64
26280000,48.91
26283600,44.71
26287200,40.33
26290800,36.06
26294400,32.19
26298000,29.0
26301600,26.69
26305200,25.42
26308800,25.28
26312400,26.29
26316000,28.36
26319600,31.36
26323200,35.09
26326800,39.29
26330400,43.67
26334000,47.94
26337600,51.81
26341200,55.0
26344800,57.31
26348400,58.58
26352000,58.72
26355600,57.71
26359200,55.64
26362800,52.64
26366400,48.91
26370000,44.71
26373600,40.33
26377200,36.06
26380800,32.19
26384400,29.0
26388000,26.69
26391600,25.42
26395200,25.28
26398800,26.29
26402400,28.36
26406000,31.36
26409600,35.09
26413200,39.29
26416800,43.67
26420400,47.94
26424000,51.81
26427600,55.0
26431200,57.31
26434800,58.58
26438400,58.72
26442000,57.71
26445600,55.64
26449200,52.64
26452800,48.91
26456400,44.71
26460000,40.33
26463600,36.06
26467200,32.19
26470800,29.0
26474400,26.69
26478000,25.42
26481600,25.28
26485200,26.29
26488800,28.36
26492400,31.36
26496000,35.09
26499600,39.29
26503200,43.67
26506800,47.94
26510400,51.81
26514000,55.0
26517600,57.31
26521200,58.58
26524800,58.72
26528400,57.71
26532000,55.64
26535600,52.64
26539200,48.91
26542800,44.71
26546400,40.33
26550000,36.06
26553600,32.19
26557200,29.0
26560800,26.69
26564400,25.42
26568000,25.28
26571600,26.29
26575200,28.36
26578800,31.36
26582400,35.09
26586000,39.29
26589600,43.67
26593200,47.94
26596800,51.81
26600400,55.0
26604000,57.31
26607600,58.58
26611200,58.72
26614800,57.71
26618400,55.64
26622000,52.64
26625600,48.91
26629200,44.71
26632800,40.33
26636400,36.06
26640000,32.19
26643600,29.0
26647200,26.69
26650800,25.42
26654400,25.28
26658000,26.29
26661600,28.36
26665200,31.36
26668800,35.09
26672400,39.29
26676000,43.67
26679600,47.94
26683200,51.81
26686800,55.0
26690400,57.31
26694000,58.58
26697600,58.72
26701200,57.71
26704800,55.64
26708400,52.64
26712000,48.91
26715600,44.71
26719200,40.33
26722800,36.06
26726400,32.19
26730000,29.0
26733600,26.69
26737200,25.42
26740800,25.28
26744400,26.29
26748000,28.36
26751600,31.36
26755200,35.09
26758800,39.29
26762400,43.67
26766000,47.94
26769600,51.81
26773200,55.0
26776800,57.31
26780400,58.58
26784000,58.72
26787600,57.71
26791200,55.64
26794800,52.64
26798400,48.91
26802000,44.71
26805600,40.33
26809200,36.06
26812800,32.19
26816400,29.0
26820000,26.69
26823600,25.42
26827200,25.28
26830800,26.29
26834400,28.36
26838000,31.36
26841600,35.09
26845200,39.29
26848800,43.67
26852400,47.94
26856000,51.81
26859600,55.0
26863200,57.31
26866800,58.58
26870400,58.72
26874000,57.71
26877600,55.64
26881200,52.64
26884800,48.91
26888400,44.71
26892000,40.33
26895600,36.06
26899200,32.19
26902800,29.0
26906400,26.69
26910000,25.42
26913600,25.28
26917200,26.29
26920800,28.36
26924400,31.36
26928000,35.09
26931600,39.29
26935200,43.67
26938800,47.94
26942400,51.81
26946000,55.0
26949600,57.31
26953200,58.58
26956800,58.72
26960400,57.71
26964000,55.64
26967600,52.64
26971200,48.91
26974800,44.71
26978400,40.33
26982000,36.06
26985600,32.19
26989200,29.0
26992800,26.69
26996400,25.42
27000000,25.28
27003600,26.29
27007200,28.36
27010800,31.36
27014400,35.09
27018000,39.29
27021600,43.67
27025200,47.94
27028800,51.81
27032400,55.0
27036000,57.31
27039600,58.58
27043200,58.72
27046800,57.71
27050400,55.64
27054000,52.64
27057600,48.91
27061200,44.71
27064800,40.33
27068400,36.06
27072000,32.19
27075600,29.0
27079200,26.69
27082800,25.42
27086400,25.28
27090000,26.29
27093600,28.36
27097200,31.36
27100800,35.09
27104400,39.29
27108000,43.67
27111600,47.94
27115200,51.81
27118800,55.0
27122400,57.31
27126000,58.58
27129600,58.72
27133200,57.71
27136800,55.64
27140400,52.64
27144000,48.91
27147600,44.71
27151200,40.33
27154800,36.06
27158400,32.19
27162000,29.0
27165600,26.69
27169200,25.42
27172800,25.28
27176400,26.29
27180000,28.36
27183600,31.36
27187200,35.09
27190800,39.29
27194400,43.67
27198000,47.94
27201600,51.81
27205200,55.0
27208800,57.31
27212400,58.58
27216000,58.72
27219600,57.71
27223200,55.64
27226800,52.64
27230400,48.91
27234000,44.71
27237600,40.33
27241200,36.06
27244800,32.19
27248400,29.0
27252000,26.69
27255600,25.42
27259200,25.28
27262800,26.29
27266400,28.36
27270000,31.36
27273600,35.09
27277200,39.29
27280800,43.67
27284400,47.94
27288000,51.81
27291600,55.0
27295200,57.31
27298800,58.58
27302400,58.72
27306000,57.71
27309600,55.64
27313200,52.64
27316800,48.91
27320400,44.71
27324000,40.33
27327600,36.06
27331200,32.19
27334800,29.0
27338400,26.69
27342000,25.42
27345600,25.28
27349200,26.29
27352800,28.36
27356400,31.36
27360000,35.09
27363600,39.29
27367200,43.67
27370800,47.94
27374400,51.81
27378000,55.0
27381600,57.31
27385200,58.58
27388800,58.72
27392400,57.71
27396000,55.64
27399600,52.64
27403200,48.91
27406800,44.71
27410400,40.33
27414000,36.06
27417600,32.19
27421200,29.0
27424800,26.69
27428400,25.42
27432000,25.28
27435600,26.29
27439200,28.36
27442800,31.36
27446400,35.09
27450000,39.29
27453600,43.67
27457200,47.94
27460800,51.81
27464400,55.0
27468000,57.31
27471600,58.58
27475200,58.72
27478800,57.71
27482400,55.64
27486000,52.64
27489600,48.91
27493200,44.71
27496800,40.33
27500400,36.06
27504000,32.19
27507600,29.0
27511200,26.69
27514800,25.42
27518400,25.28
27522000,26.29
27525600,28.36
27529200,31.36
27532800,35.09
27536400,39.29
27540000,43.67
27543600,47.94
27547200,51.81
27550800,55.0
27554400,57.31
27558000,58.58
27561600,58.72
27565200,57.71
27568800,55.64
27572400,52.64
27576000,48.91
27579600,44.71
27583200,40.33
27586800,36.06
27590400,32.19
27594000,29.0
27597600,26.69
27601200,25.42
27604800,25.28
27608400,26.29
27612000,28.36
27615600,31.36
27619200,35.09
27622800,39.29
27626400,43.67
27630000,47.94
27633600,51.81
27637200,55.0
27640800,57.31
27644400,58.58
27648000,58.72
27651600,57.71
27655200,55.64
27658800,52.64
27662400,48.91
27666000,44.71
27669600,40.33
27673200,36.06
27676800,32.19
27680400,29.0
27684000,26.69
27687600,25.42
27691200,25.28
27694800,26.29
27698400,28.36
27702000,31.36
27705600,35.09
27709200,39.29
27712800,43.67
27716400,47.94
27720000,51.81
27723600,55.0
27727200,57.31
27730800,58.58
27734400,58.72
27738000,57.71
27741600,55.64
27745200,52.64
27748800,48.91
27752400,44.71
27756000,40.33
27759600,36.06
27763200,32.19
27766800,29.0
27770400,26.69
27774000,25.42
27777600,25.28
27781200,26.29
27784800,28.36
27788400,31.36
27792000,35.09
27795600,39.29
27799200,43.67
27802800,47.94
27806400,51.81
27810000,55.0
27813600,57.31
27817200,58.58
27820800,58.72
27824400,57.71
27828000,55.64
27831600,52.64
27835200,48.91
27838800,44.71
27842400,40.33
27846000,36.06
27849600,32.19
27853200,29.0
27856800,26.69
27860400,25.42
27864000,25.28
27867600,26.29
27871200,28.36
27874800,31.36
27878400,35.09
27882000,39.29
27885600,43.67
27889200,47.94
27892800,51.81
27896400,55.0
27900000,57.31
27903600,58.58
27907200,58.72
27910800,57.71
27914400,55.64
27918000,52.64
27921600,48.91
27925200,44.71
27928800,40.33
27932400,36.06
27936000,32.19
27939600,29.0
27943200,26.69
27946800,25.42
27950400,25.28
27954000,26.29
27957600,28.36
27961200,31.36
27964800,35.09
27968400,39.29
27972000,43.67
27975600,47.94
27979200,51.81
27982800,55.0
27986400,57.31
27990000,58.58
27993600,58.72
27997200,57.71
28000800,55.64
28004400,52.64
28008000,48.91
28011600,44.71
28015200,40.33
28018800,36.06
28022400,32.19
28026000,29.0
28029600,26.69
28033200,25.42
28036800,25.28
28040400,26.29
28044000,28.36
28047600,31.36
28051200,35.09
28054800,39.29
28058400,43.67
28062000,47.94
28065600,51.81
28069200,55.0
28072800,57.31
28076400,58.58
28080000,58.72
28083600,57.71
28087200,55.64
28090800,52.64
28094400,48.91
28098000,44.71
28101600,40.33
28105200,36.06
28108800,32.19
28112400,29.0
28116000,26.69
28119600,25.42
28123200,25.28
28126800,26.29
28130400,28.36
28134000,31.36
28137600,35.09
28141200,39.29
28144800,43.67
28148400,47.94
28152000,51.81
28155600,55.0
28159200,57.31
28162800,58.58
28166400,58.72
28170000,57.71
28173600,55.64
28177200,52.64
28180800,48.91
28184400,44.71
28188000,40.33
28191600,36.06
28195200,32.19
28198800,29.0
28202400,26.69
28206000,25.42
28209600,25.28
28213200,26.29
28216800,28.36
28220400,31.36
28224000,35.09
28227600,39.29
28231200,43.67
28234800,47.94
28238400,51.81
28242000,55.0
28245600,57.31
28249200,58.58
28252800,58.72
28256400,57.71
28260000,55.64
28263600,52.64
28267200,48.91
28270800,44.71
28274400,40.33
28278000,36.06
28281600,32.19
28285200,29.0
28288800,26.69
28292400,25.42
28296000,25.28
28299600,26.29
28303200,28.36
28306800,31.36
28310400,35.09
28314000,39.29
28317600,43.67
28321200,47.94
28324800,51.81
28328400,55.0
28332000,57.31
28335600,58.58
28339200,58.72
28342800,57.71
28346400,55.64
28350000,52.64
28353600,48.91
28357200,44.71
28360800,40.33
28364400,36.06
28368000,32.19
28371600,29.0
28375200,26.69
28378800,25.42
28382400,25.28
28386000,26.29
28389600,28.36
28393200,31.36
28396800,35.09
28400400,39.29
28404000,43.67
28407600,47.94
28411200,51.81
28414800,55.0
28418400,57.31
28422000,58.58
28425600,58.72
28429200,57.71
28432800,55.64
28436400,52.64
28440000,48.91
28443600,44.71
28447200,40.33
28450800,36.06
28454400,32.19
28458000,29.0
28461600,26.69
28465200,25.42
28468800,25.28
28472400,26.29
28476000,28.36
28479600,31.36
28483200,35.09
28486800,39.29
28490400,43.67
28494000,47.94
28497600,51.81
28501200,55.0
28504800,57.31
28508400,58.58
28512000,58.72
28515600,57.71
28519200,55.64
28522800,52.64
28526400,48.91
28530000,44.71
28533600,40.33
28537200,36.06
28540800,32.19
28544400,29.0
28548000,26.69
28551600,25.42
28555200,25.28
28558800,26.29
28562400,28.36
28566000,31.36
28569600,35.09
28573200,39.29
28576800,43.67
28580400,47.94
28584000,51.81
28587600,55.0
28591200,57.31
28594800,58.58
28598400,58.72
28602000,57.71
28605600,55.64
28609200,52.64
28612800,48.91
28616400,44.71
28620000,40.33
28623600,36.06
28627200,32.19
28630800,29.0
28634400,26.69
28638000,25.42
28641600,25.28
28645200,26.29
28648800,28.36
28652400,31.36
28656000,35.09
28659600,39.29
28663200,43.67
28666800,47.94
28670400,51.81
28674000,55.0
28677600,57.31
28681200,58.58
28684800,58.72
28688400,57.71
28692000,55.64
28695600,52.64
28699200,48.91
28702800,44.71
28706400,40.33
28710000,36.06
28713600,32.19
28717200,29.0
28720800,26.69
28724400,25.42
28728000,25.28
28731600,26.29
28735200,28.36
28738800,31.36
28742400,35.09
28746000,39.29
28749600,43.67
28753200,47.94
28756800,51.81
28760400,55.0
28764000,57.31
28767600,58.58
28771200,58.72
28774800,57.71
28778400,55.64
28782000,52.64
28785600,48.91
28789200,44.71
28792800,40.33
28796400,36.06
28800000,32.19
28803600,29.0
28807200,26.69
28810800,25.42
28814400,25.28
28818000,26.29
28821600,28.36
28825200,31.36
28828800,35.09
28832400,39.29
28836000,43.67
28839600,47.94
28843200,51.81
28846800,55.0
28850400,57.31
28854000,58.58
28857600,58.72
28861200,57.71
28864800,55.64
28868400,52.64
28872000,48.91
28875600,44.71
28879200,40.33
28882800,36.06
28886400,32.19
28890000,29.0
28893600,26.69
28897200,25.42
28900800,25.28
28904400,26.29
28908000,28.36
28911600,31.36
28915200,35.09
28918800,39.29
28922400,43.67
28926000,47.94
28929600,51.81
28933200,55.0
28936800,57.31
28940400,58.58
28944000,58.72
28947600,57.71
28951200,55.64
28954800,52.64
28958400,48.91
28962000,44.71
28965600,40.33
28969200,36.06
28972800,32.19
28976400,29.0
28980000,26.69
28983600,25.42
28987200,25.28
28990800,26.29
28994400,28.36
28998000,31.36
29001600,35.09
29005200,39.29
29008800,43.67
29012400,47.94
29016000,51.81
29019600,55.0
29023200,57.31
29026800,58.58
29030400,58.72
29034000,57.71
29037600,55.64
29041200,52.64
29044800,48.91
29048400,44.71
29052000,40.33
29055600,36.06
29059200,32.19
29062800,29.0
29066400,26.69
29070000,25.42
29073600,25.28
29077200,26.29
29080800,28.36
29084400,31.36
29088000,35.09
29091600,39.29
29095200,43.67
29098800,47.94
29102400,51.81
29106000,55.0
29109600,57.31
29113200,58.58
29116800,58.72
29120400,57.71
29124000,55.64
29127600,52.64
29131200,48.91
29134800,44.71
29138400,40.33
29142000,36.06
29145600,32.19
29149200,29.0
29152800,26.69
29156400,25.42
29160000,25.28
29163600,26.29
29167200,28.36
29170800,31.36
29174400,35.09
29178000,39.29
29181600,43.67
29185200,47.94
29188800,51.81
29192400,55.0
29196000,57.31
29199600,58.58
29203200,58.72
29206800,57.71
29210400,55.64
29214000,52.64
29217600,48.91
29221200,44.71
29224800,40.33
29228400,36.06
29232000,32.19
29235600,29.0
29239200,26.69
29242800,25.42
29246400,25.28
29250000,26.29
29253600,28.36
29257200,31.36
29260800,35.09
29264400,39.29
29268000,43.67
29271600,47.94
29275200,51.81
29278800,55.0
29282400,57.31
29286000,58.58
29289600,58.72
29293200,57.71
29296800,55.64
29300400,52.64
29304000,48.91
29307600,44.71
29311200,40.33
29314800,36.06
29318400,32.19
29322000,29.0
29325600,26.69
29329200,25.42
29332800,25.28
29336400,26.29
29340000,28.36
29343600,31.36
29347200,35.09
29350800,39.29
29354400,43.67
29358000,47.94
29361600,51.81
29365200,55.0
29368800,57.31
29372400,58.58
29376000,58.72
29379600,57.71
29383200,55.64
29386800,52.64
29390400,48.91
29394000,44.71
29397600,40.33
29401200,36.06
29404800,32.19
29408400,29.0
29412000,26.69
29415600,25.42
29419200,25.28
29422800,26.29
29426400,28.36
29430000,31.36
29433600,35.09
29437200,39.29
29440800,43.67
29444400,47.94
29448000,51.81
29451600,55.0
29455200,57.31
29458800,58.58
29462400,58.72
29466000,57.71
29469600,55.64
29473200,52.64
29476800,48.91
29480400,44.71
29484000,40.33
29487600,36.06
29491200,32.19
29494800,29.0
29498400,26.69
29502000,25.42
29505600,25.28
29509200,26.29
29512800,28.36
29516400,31.36
29520000,35.09
29523600,39.29
29527200,43.67
29530800,47.94
29534400,51.81
29538000,55.0
29541600,57.31
29545200,58.58
29548800,58.72
29552400,57.71
29556000,55.64
29559600,52.64
29563200,48.91
29566800,44.71
29570400,40.33
29574000,36.06
29577600,32.19
29581200,29.0
29584800,26.69
29588400,25.42
29592000,25.28
29595600,26.29
29599200,28.36
29602800,31.36
29606400,35.09
29610000,39.29
29613600,43.67
29617200,47.94
29620800,51.81
29624400,55.0
29628000,57.31
29631600,58.58
29635200,58.72
29638800,57.71
29642400,55.64
29646000,52.64
29649600,48.91
29653200,44.71
29656800,40.33
29660400,36.06
29664000,32.19
29667600,29.0
29671200,26.69
29674800,25.42
29678400,25.28
29682000,26.29
29685600,28.36
29689200,31.36
29692800,35.09
29696400,39.29
29700000,43.67
29703600,47.94
29707200,51.81
29710800,55.0
29714400,57.31
29718000,58.58
29721600,58.72
29725200,57.71
29728800,55.64
29732400,52.64
29736000,48.91
29739600,44.71
29743200,40.33
29746800,36.06
29750400,32.19
29754000,29.0
29757600,26.69
29761200,25.42
29764800,25.28
29768400,26.29
29772000,28.36
29775600,31.36
29779200,35.09
29782800,39.29
29786400,43.67
29790000,47.94
29793600,51.81
29797200,55.0
29800800,57.31
29804400,58.58
29808000,58.72
29811600,57.71
29815200,55.64
29818800,52.64
29822400,48.91
29826000,44.71
29829600,40.33
29833200,36.06
29836800,32.19
29840400,29.0
29844000,26.69
29847600,25.42
29851200,25.28
29854800,26.29
29858400,28.36
29862000,31.36
29865600,35.09
29869200,39.29
29872800,43.67
29876400,47.94
29880000,51.81
29883600,55.0
29887200,57.31
29890800,58.58
29894400,58.72
29898000,57.71
29901600,55.64
29905200,52.64
29908800,48.91
29912400,44.71
29916000,40.33
29919600,36.06
29923200,32.19
29926800,29.0
29930400,26.69
29934000,25.42
29937600,25.28
29941200,26.29
29944800,28.36
29948400,31.36
29952000,35.09
29955600,39.29
29959200,43.67
29962800,47.94
29966400,51.81
29970000,55.0
29973600,57.31
29977200,58.58
29980800,58.72
29984400,57.71
29988000,55.64
29991600,52.64
29995200,48.91
29998800,44.71
30002400,40.33
30006000,36.06
30009600,32.19
30013200,29.0
30016800,26.69
30020400,25.42
30024000,25.28
30027600,26.29
30031200,28.36
30034800,31.36
30038400,35.09
30042000,39.29
30045600,43.67
30049200,47.94
30052800,51.81
30056400,55.0
30060000,57.31
30063600,58.58
30067200,58.72
30070800,57.71
30074400,55.64
30078000,52.64
30081600,48.91
30085200,44.71
30088800,40.33
30092400,36.06
30096000,32.19
30099600,29.0
30103200,26.69
30106800,25.42
30110400,25.28
30114000,26.29
30117600,28.36
30121200,31.36
30124800,35.09
30128400,39.29
30132000,43.67
30135600,47.94
30139200,51.81
30142800,55.0
30146400,57.31
30150000,58.58
30153600,58.72
30157200,57.71
30160800,55.64
30164400,52.64
30168000,48.91
30171600,44.71
30175200,40.33
30178800,36.06
30182400,32.19
30186000,29.0
30189600,26.69
30193200,25.42
30196800,25.28
30200400,26.29
30204000,28.36
30207600,31.36
30211200,35.09
30214800,39.29
30218400,43.67
30222000,47.94
30225600,51.81
30229200,55.0
30232800,57.31
30236400,58.58
30240000,58.72
30243600,57.71
30247200,55.64
30250800,52.64
30254400,48.91
30258000,44.71
30261600,40.33
30265200,36.06
30268800,32.19
30272400,29.0
30276000,26.69
30279600,25.42
30283200,25.28
30286800,26.29
30290400,28.36
30294000,31.36
30297600,35.09
30301200,39.29
30304800,43.67
30308400,47.94
30312000,51.81
30315600,55.0
30319200,57.31
30322800,58.58
30326400,58.72
30330000,57.71
30333600,55.64
30337200,52.64
30340800,48.91
30344400,44.71
30348000,40.33
30351600,36.06
30355200,32.19
30358800,29.0
30362400,26.69
30366000,25.42
30369600,25.28
30373200,26.29
30376800,28.36
30380400,31.36
30384000,35.09
30387600,39.29
30391200,43.67
30394800,47.94
30398400,51.81
30402000,55.0
30405600,57.31
30409200,58.58
30412800,58.72
30416400,57.71
30420000,55.64
30423600,52.64
30427200,48.91
30430800,44.71
30434400,40.33
30438000,36.06
30441600,32.19
30445200,29.0
30448800,26.69
30452400,25.42
30456000,25.28
30459600,26.29
30463200,28.36
30466800,31.36
30470400,35.09
30474000,39.29
30477600,43.67
30481200,47.94
30484800,51.81
30488400,55.0
30492000,57.31
30495600,58.58
30499200,58.72
30502800,57.71
30506400,55.64
30510000,52.64
30513600,48.91
30517200,44.71
30520800,40.33
30524400,36.06
30528000,32.19
30531600,29.0
30535200,26.69
30538800,25.42
30542400,25.28
30546000,26.29
30549600,28.36
30553200,31.36
30556800,35.09
30560400,39.29
30564000,43.67
30567600,47.94
30571200,51.81
30574800,55.0
30578400,57.31
30582000,58.58
30585600,58.72
30589200,57.71
30592800,55.64
30596400,52.64
30600000,48.91
30603600,44.71
30607200,40.33
30610800,36.06
30614400,32.19
30618000,29.0
30621600,26.69
30625200,25.42
30628800,25.28
30632400,26.29
30636000,28.36
30639600,31.36
30643200,35.09
30646800,39.29
30650400,43.67
30654000,47.94
30657600,51.81
30661200,55.0
30664800,57.31
30668400,58.58
30672000,58.72
30675600,57.71
30679200,55.64
30682800,52.64
30686400,48.91
30690000,44.71
30693600,40.33
30697200,36.06
30700800,32.19
30704400,29.0
30708000,26.69
30711600,25.42
30715200,25.28
30718800,26.29
30722400,28.36
30726000,31.36
30729600,35.09
30733200,39.29
30736800,43.67
30740400,47.94
30744000,51.81
30747600,55.0
30751200,57.31
30754800,58.58
30758400,58.72
30762000,57.71
30765600,55.64
30769200,52.64
30772800,48.91
30776400,44.71
30780000,40.33
30783600,36.06
30787200,32.19
30790800,29.0
30794400,26.69
30798000,25.42
30801600,25.28
30805200,26.29
30808800,28.36
30812400,31.36
30816000,35.09
30819600,39.29
30823200,43.67
30826800,47.94
30830400,51.81
30834000,55.0
30837600,57.31
30841200,58.58
30844800,58.72
30848400,57.71
30852000,55.64
30855600,52.64
30859200,48.91
30862800,44.71
30866400,40.33
30870000,36.06
30873600,32.19
30877200,29.0
30880800,26.69
30884400,25.42
30888000,25.28
30891600,26.29
30895200,28.36
30898800,31.36
30902400,35.09
30906000,39.29
30909600,43.67
30913200,47.94
30916800,51.81
30920400,55.0
30924000,57.31
30927600,58.58
30931200,58.72
30934800,57.71
30938400,55.64
30942000,52.64
30945600,48.91
30949200,44.71
30952800,40.33
30956400,36.06
30960000,32.19
30963600,29.0
30967200,26.69
30970800,25.42
30974400,25.28
30978000,26.29
30981600,28.36
30985200,31.36
30988800,35.09
30992400,39.29
30996000,43.67
30999600,47.94
31003200,51.81
31006800,55.0
31010400,57.31
31014000,58.58
31017600,58.72
31021200,57.71
31024800,55.64
31028400,52.64
31032000,48.91
31035600,44.71
31039200,40.33
31042800,36.06
31046400,32.19
31050000,29.0
31053600,26.69
31057200,25.42
31060800,25.28
31064400,26.29
31068000,28.36
31071600,31.36
31075200,35.09
31078800,39.29
31082400,43.67
31086000,47.94
31089600,51.81
31093200,55.0
31096800,57.31
31100400,58.58
31104000,58.72
31107600,57.71
31111200,55.64
31114800,52.64
31118400,48.91
31122000,44.71
31125600,40.33
31129200,36.06
31132800,32.19
31136400,29.0
31140000,26.69
31143600,25.42
31147200,25.28
31150800,26.29
31154400,28.36
31158000,31.36
31161600,35.09
31165200,39.29
31168800,43.67
31172400,47.94
31176000,51.81
31179600,55.0
31183200,57.31
31186800,58.58
31190400,58.72
31194000,57.71
31197600,55.64
31201200,52.64
31204800,48.91
31208400,44.71
31212000,40.33
31215600,36.06
31219200,32.19
31222800,29.0
31226400,26.69
31230000,25.42
31233600,25.28
31237200,26.29
31240800,28.36
31244400,31.36
31248000,35.09
31251600,39.29
31255200,43.67
31258800,47.94
31262400,51.81
31266000,55.0
31269600,57.31
31273200,58.58
31276800,58.72
31280400,57.71
31284000,55.64
31287600,52.64
31291200,48.91
31294800,44.71
31298400,40.33
31302000,36.06
31305600,32.19
31309200,29.0
31312800,26.69
31316400,25.42
31320000,25.28
31323600,26.29
31327200,28.36
31330800,31.36
31334400,35.09
31338000,39.29
31341600,43.67
31345200,47.94
31348800,51.81
31352400,55.0
31356000,57.31
31359600,58.58
31363200,58.72
31366800,57.71
31370400,55.64
31374000,52.64
31377600,48.91
31381200,44.71
31384800,40.33
31388400,36.06
31392000,32.19
31395600,29.0
31399200,26.69
31402800,25.42
31406400,25.28
31410000,26.29
31413600,28.36
31417200,31.36
31420800,35.09
31424400,39.29
31428000,43.67
31431600,47.94
31435200,51.81
31438800,55.0
31442400,57.31
31446000,58.58
31449600,58.72
31453200,57.71
31456800,55.64
31460400,52.64
31464000,48.91
31467600,44.71
31471200,40.33
31474800,36.06
31478400,32.19
31482000,29.0
31485600,26.69
31489200,25.42
31492800,25.28
31496400,26.29
31500000,28.36
31503600,31.36
31507200,35.09
31510800,39.29
31514400,43.67
31518000,47.94
31521600,51.81
31525200,55.0
31528800,57.31
31532400,58.58
31536000,58.72
