t_seconds,gco2_per_kwh
0,95.1
3600,93.59
7200,90.33
10800,85.55
14400,79.57
18000,72.8
21600,65.71
25200,58.77
28800,52.46
32400,47.22
36000,43.38
39600,41.23
43200,40.9
46800,42.41
50400,45.67
54000,50.45
57600,56.43
61200,63.2
64800,70.29
68400,77.23
72000,83.54
75600,88.78
79200,92.62
82800,94.77
86400,95.1
90000,93.59
93600,90.33
97200,85.55
100800,79.57
104400,72.8
108000,65.71
111600,58.77
115200,52.46
118800,47.22
122400,43.38
126000,41.23
129600,40.9
133200,42.41
136800,45.67
140400,50.45
144000,56.43
147600,63.2
151200,70.29
154800,77.23
158400,83.54
162000,88.78
165600,92.62
169200,94.77
172800,95.1
176400,93.59
180000,90.33
183600,85.55
187200,79.57
190800,72.8
194400,65.71
198000,58.77
201600,52.46
205200,47.22
208800,43.38
212400,41.23
216000,40.9
219600,42.41
223200,45.67
226800,50.45
230400,56.43
234000,63.2
237600,70.29
241200,77.23
244800,83.54
248400,88.78
252000,92.62
255600,94.77
259200,95.1
262800,93.59
266400,90.33
270000,85.55
273600,79.57
277200,72.8
280800,65.71
284400,58.77
288000,52.46
291600,47.22
295200,43.38
298800,41.23
302400,40.9
306000,42.41
309600,45.67
313200,50.45
316800,56.43
320400,63.2
324000,70.29
327600,77.23
331200,83.54
334800,88.78
338400,92.62
342000,94.77
345600,95.1
349200,93.59
352800,90.33
356400,85.55
360000,79.57
363600,72.8
367200,65.71
370800,58.77
374400,52.46
378000,47.22
381600,43.38
385200,41.23
388800,40.9
392400,42.41
396000,45.67
399600,50.45
403200,56.43
406800,63.2
410400,70.29
414000,77.23
417600,83.54
421200,88.78
424800,92.62
428400,94.77
432000,95.1
435600,93.59
439200,90.33
442800,85.55
446400,79.57
450000,72.8
453600,65.71
457200,58.77
460800,52.46
464400,47.22
468000,43.38
471600,41.23
475200,40.9
478800,42.41
482400,45.67
486000,50.45
489600,56.43
493200,63.2
496800,70.29
500400,77.23
504000,83.54
507600,88.78
511200,92.62
514800,94.77
518400,95.1
522000,93.59
525600,90.33
529200,85.55
532800,79.57
536400,72.8
540000,65.71
543600,58.77
547200,52.46
550800,47.22
554400,43.38
558000,41.23
561600,40.9
565200,42.41
568800,45.67
572400,50.45
576000,56.43
579600,63.2
583200,70.29
586800,77.23
590400,83.54
594000,88.78
597600,92.62
601200,94.77
604800,95.1
608400,93.59
612000,90.33
615600,85.55
619200,79.57
622800,72.8
626400,65.71
630000,58.77
633600,52.46
637200,47.22
640800,43.38
644400,41.23
648000,40.9
651600,42.41
655200,45.67
658800,50.45
662400,56.43
666000,63.2
669600,70.29
673200,77.23
676800,83.54
680400,88.78
684000,92.62
687600,94.77
691200,95.1
694800,93.59
698400,90.33
702000,85.55
705600,79.57
709200,72.8
712800,65.71
716400,58.77
720000,52.46
723600,47.22
727200,43.38
730800,41.23
734400,40.9
738000,42.41
741600,45.67
745200,50.45
748800,56.43
752400,63.2
756000,70.29
759600,77.23
763200,83.54
766800,88.78
770400,92.62
774000,94.77
777600,95.1
781200,93.59
784800,90.33
788400,85.55
792000,79.57
795600,72.8
799200,65.71
802800,58.77
806400,52.46
810000,47.22
813600,43.38
817200,41.23
820800,40.9
824400,42.41
828000,45.67
831600,50.45
835200,56.43
838800,63.2
842400,70.29
846000,77.23
849600,83.54
853200,88.78
856800,92.62
860400,94.77
864000,95.1
867600,93.59
871200,90.33
874800,85.55
878400,79.57
882000,72.8
885600,65.71
889200,58.77
892800,52.46
896400,47.22
900000,43.38
903600,41.23
907200,40.9
910800,42.41
914400,45.67
918000,50.45
921600,56.43
925200,63.2
928800,70.29
932400,77.23
936000,83.54
939600,88.78
943200,92.62
946800,94.77
950400,95.1
954000,93.59
957600,90.33
961200,85.55
964800,79.57
968400,72.8
972000,65.71
975600,58.77
979200,52.46
982800,47.22
986400,43.38
990000,41.23
993600,40.9
997200,42.41
1000800,45.67
1004400,50.45
1008000,56.43
1011600,63.2
1015200,70.29
1018800,77.23
1022400,83.54
1026000,88.78
1029600,92.62
1033200,94.77
1036800,95.1
1040400,93.59
1044000,90.33
1047600,85.55
1051200,79.57
1054800,72.8
1058400,65.71
1062000,58.77
1065600,52.46
1069200,47.22
1072800,43.38
1076400,41.23
1080000,40.9
1083600,42.41
1087200,45.67
1090800,50.45
1094400,56.43
1098000,63.2
1101600,70.29
1105200,77.23
1108800,83.54
1112400,88.78
1116000,92.62
1119600,94.77
1123200,95.1
1126800,93.59
1130400,90.33
1134000,85.55
1137600,79.57
1141200,72.8
1144800,65.71
1148400,58.77
1152000,52.46
1155600,47.22
1159200,43.38
1162800,41.23
1166400,40.9
1170000,42.41
1173600,45.67
1177200,50.45
1180800,56.43
1184400,63.2
1188000,70.29
1191600,77.23
1195200,83.54
1198800,88.78
1202400,92.62
1206000,94.77
1209600,95.1
1213200,93.59
1216800,90.33
1220400,85.55
1224000,79.57
1227600,72.8
1231200,65.71
1234800,58.77
1238400,52.46
1242000,47.22
1245600,43.38
1249200,41.23
1252800,40.9
1256400,42.41
1260000,45.67
1263600,50.45
1267200,56.43
1270800,63.2
1274400,70.29
1278000,77.23
1281600,83.54
1285200,88.78
1288800,92.62
1292400,94.77
1296000,95.1
1299600,93.59
1303200,90.33
1306800,85.55
1310400,79.57
1314000,72.8
1317600,65.71
1321200,58.77
1324800,52.46
1328400,47.22
1332000,43.38
1335600,41.23
1339200,40.9
1342800,42.41
1346400,45.67
1350000,50.45
1353600,56.43
1357200,63.2
1360800,70.29
1364400,77.23
1368000,83.54
1371600,88.78
1375200,92.62
1378800,94.77
1382400,95.1
1386000,93.59
1389600,90.33
1393200,85.55
1396800,79.57
1400400,72.8
1404000,65.71
1407600,58.77
1411200,52.46
1414800,47.22
1418400,43.38
1422000,41.23
1425600,40.9
1429200,42.41
1432800,45.67
1436400,50.45
1440000,56.43
1443600,63.2
1447200,70.29
1450800,77.23
1454400,83.54
1458000,88.78
1461600,92.62
1465200,94.77
1468800,95.1
1472400,93.59
1476000,90.33
1479600,85.55
1483200,79.57
1486800,72.8
1490400,65.71
1494000,58.77
1497600,52.46
1501200,47.22
1504800,43.38
1508400,41.23
1512000,40.9
1515600,42.41
1519200,45.67
1522800,50.45
1526400,56.43
1530000,63.2
1533600,70.29
1537200,77.23
1540800,83.54
1544400,88.78
1548000,92.62
1551600,94.77
1555200,95.1
1558800,93.59
1562400,90.33
1566000,85.55
1569600,79.57
1573200,72.8
1576800,65.71
1580400,58.77
1584000,52.46
1587600,47.22
1591200,43.38
1594800,41.23
1598400,40.9
1602000,42.41
1605600,45.67
1609200,50.45
1612800,56.43
1616400,63.2
1620000,70.29
1623600,77.23
1627200,83.54
1630800,88.78
1634400,92.62
1638000,94.77
1641600,95.1
1645200,93.59
1648800,90.33
1652400,85.55
1656000,79.57
1659600,72.8
1663200,65.71
1666800,58.77
1670400,52.46
1674000,47.22
1677600,43.38
1681200,41.23
1684800,40.9
1688400,42.41
1692000,45.67
1695600,50.45
1699200,56.43
1702800,63.2
1706400,70.29
1710000,77.23
1713600,83.54
1717200,88.78
1720800,92.62
1724400,94.77
1728000,95.1
1731600,93.59
1735200,90.33
1738800,85.55
1742400,79.57
1746000,72.8
1749600,65.71
1753200,58.77
1756800,52.46
1760400,47.22
1764000,43.38
1767600,41.23
1771200,40.9
1774800,42.41
1778400,45.67
1782000,50.45
1785600,56.43
1789200,63.2
1792800,70.29
1796400,77.23
1800000,83.54
1803600,88.78
1807200,92.62
1810800,94.77
1814400,95.1
1818000,93.59
1821600,90.33
1825200,85.55
1828800,79.57
1832400,72.8
1836000,65.71
1839600,58.77
1843200,52.46
1846800,47.22
1850400,43.38
1854000,41.23
1857600,40.9
1861200,42.41
1864800,45.67
1868400,50.45
1872000,56.43
1875600,63.2
1879200,70.29
1882800,77.23
1886400,83.54
1890000,88.78
1893600,92.62
1897200,94.77
1900800,95.1
1904400,93.59
1908000,90.33
1911600,85.55
1915200,79.57
1918800,72.8
1922400,65.71
1926000,58.77
1929600,52.46
1933200,47.22
1936800,43.38
1940400,41.23
1944000,40.9
1947600,42.41
1951200,45.67
1954800,50.45
1958400,56.43
1962000,63.2
1965600,70.29
1969200,77.23
1972800,83.54
1976400,88.78
1980000,92.62
1983600,94.77
1987200,95.1
1990800,93.59
1994400,90.33
1998000,85.55
2001600,79.57
2005200,72.8
2008800,65.71
2012400,58.77
2016000,52.46
2019600,47.22
2023200,43.38
2026800,41.23
2030400,40.9
2034000,42.41
2037600,45.67
2041200,50.45
2044800,56.43
2048400,63.2
2052000,70.29
2055600,77.23
2059200,83.54
2062800,88.78
2066400,92.62
2070000,94.77
2073600,95.1
2077200,93.59
2080800,90.33
2084400,85.55
2088000,79.57
2091600,72.8
2095200,65.71
2098800,58.77
2102400,52.46
2106000,47.22
2109600,43.38
2113200,41.23
2116800,40.9
2120400,42.41
2124000,45.67
2127600,50.45
2131200,56.43
2134800,63.2
2138400,70.29
2142000,77.23
2145600,83.54
2149200,88.78
2152800,92.62
2156400,94.77
2160000,95.1
2163600,93.59
2167200,90.33
2170800,85.55
2174400,79.57
2178000,72.8
2181600,65.71
2185200,58.77
2188800,52.46
2192400,47.22
2196000,43.38
2199600,41.23
2203200,40.9
2206800,42.41
2210400,45.67
2214000,50.45
2217600,56.43
2221200,63.2
2224800,70.29
2228400,77.23
2232000,83.54
2235600,88.78
2239200,92.62
2242800,94.77
2246400,95.1
2250000,93.59
2253600,90.33
2257200,85.55
2260800,79.57
2264400,72.8
2268000,65.71
2271600,58.77
2275200,52.46
2278800,47.22
2282400,43.38
2286000,41.23
2289600,40.9
2293200,42.41
2296800,45.67
2300400,50.45
2304000,56.43
2307600,63.2
2311200,70.29
2314800,77.23
2318400,83.54
2322000,88.78
2325600,92.62
2329200,94.77
2332800,95.1
2336400,93.59
2340000,90.33
2343600,85.55
2347200,79.57
2350800,72.8
2354400,65.71
2358000,58.77
2361600,52.46
2365200,47.22
2368800,43.38
2372400,41.23
2376000,40.9
2379600,42.41
2383200,45.67
2386800,50.45
2390400,56.43
2394000,63.2
2397600,70.29
2401200,77.23
2404800,83.54
2408400,88.78
2412000,92.62
2415600,94.77
2419200,95.1
2422800,93.59
2426400,90.33
2430000,85.55
2433600,79.57
2437200,72.8
2440800,65.71
2444400,58.77
2448000,52.46
2451600,47.22
2455200,43.38
2458800,41.23
2462400,40.9
2466000,42.41
2469600,45.67
2473200,50.45
2476800,56.43
2480400,63.2
2484000,70.29
2487600,77.23
2491200,83.54
2494800,88.78
2498400,92.62
2502000,94.77
2505600,95.1
2509200,93.59
2512800,90.33
2516400,85.55
2520000,79.57
2523600,72.8
2527200,65.71
2530800,58.77
2534400,52.46
2538000,47.22
2541600,43.38
2545200,41.23
2548800,40.9
2552400,42.41
2556000,45.67
2559600,50.45
2563200,56.43
2566800,63.2
2570400,70.29
2574000,77.23
2577600,83.54
2581200,88.78
2584800,92.62
2588400,94.77
2592000,95.1
2595600,93.59
2599200,90.33
2602800,85.55
2606400,79.57
2610000,72.8
2613600,65.71
2617200,58.77
2620800,52.46
2624400,47.22
2628000,43.38
2631600,41.23
2635200,40.9
2638800,42.41
2642400,45.67
2646000,50.45
2649600,56.43
2653200,63.2
2656800,70.29
2660400,77.23
2664000,83.54
2667600,88.78
2671200,92.62
2674800,94.77
2678400,95.1
2682000,93.59
2685600,90.33
2689200,85.55
2692800,79.57
2696400,72.8
2700000,65.71
2703600,58.77
2707200,52.46
2710800,47.22
2714400,43.38
2718000,41.23
2721600,40.9
2725200,42.41
2728800,45.67
2732400,50.45
2736000,56.43
2739600,63.2
2743200,70.29
2746800,77.23
2750400,83.54
2754000,88.78
2757600,92.62
2761200,94.77
2764800,95.1
2768400,93.59
2772000,90.33
2775600,85.55
2779200,79.57
2782800,72.8
2786400,65.71
2790000,58.77
2793600,52.46
2797200,47.22
2800800,43.38
2804400,41.23
2808000,40.9
2811600,42.41
2815200,45.67
2818800,50.45
2822400,56.43
2826000,63.2
2829600,70.29
2833200,77.23
2836800,83.54
2840400,88.78
2844000,92.62
2847600,94.77
2851200,95.1
2854800,93.59
2858400,90.33
2862000,85.55
2865600,79.57
2869200,72.8
2872800,65.71
2876400,58.77
2880000,52.46
2883600,47.22
2887200,43.38
2890800,41.23
2894400,40.9
2898000,42.41
2901600,45.67
2905200,50.45
2908800,56.43
2912400,63.2
2916000,70.29
2919600,77.23
2923200,83.54
2926800,88.78
2930400,92.62
2934000,94.77
2937600,95.1
2941200,93.59
2944800,90.33
2948400,85.55
2952000,79.57
2955600,72.8
2959200,65.71
2962800,58.77
2966400,52.46
2970000,47.22
2973600,43.38
2977200,41.23
2980800,40.9
2984400,42.41
2988000,45.67
2991600,50.45
2995200,56.43
2998800,63.2
3002400,70.29
3006000,77.23
3009600,83.54
3013200,88.78
3016800,92.62
3020400,94.77
3024000,95.1
3027600,93.59
3031200,90.33
3034800,85.55
3038400,79.57
3042000,72.8
3045600,65.71
3049200,58.77
3052800,52.46
3056400,47.22
3060000,43.38
3063600,41.23
3067200,40.9
3070800,42.41
3074400,45.67
3078000,50.45
3081600,56.43
3085200,63.2
3088800,70.29
3092400,77.23
3096000,83.54
3099600,88.78
3103200,92.62
3106800,94.77
3110400,95.1
3114000,93.59
3117600,90.33
3121200,85.55
3124800,79.57
3128400,72.8
3132000,65.71
3135600,58.77
3139200,52.46
3142800,47.22
3146400,43.38
3150000,41.23
3153600,40.9
3157200,42.41
3160800,45.67
3164400,50.45
3168000,56.43
3171600,63.2
3175200,70.29
3178800,77.23
3182400,83.54
3186000,88.78
3189600,92.62
3193200,94.77
3196800,95.1
3200400,93.59
3204000,90.33
3207600,85.55
3211200,79.57
3214800,72.8
3218400,65.71
3222000,58.77
3225600,52.46
3229200,47.22
3232800,43.38
3236400,41.23
3240000,40.9
3243600,42.41
3247200,45.67
3250800,50.45
3254400,56.43
3258000,63.2
3261600,70.29
3265200,77.23
3268800,83.54
3272400,88.78
3276000,92.62
3279600,94.77
3283200,95.1
3286800,93.59
3290400,90.33
3294000,85.55
3297600,79.57
3301200,72.8
3304800,65.71
3308400,58.77
3312000,52.46
3315600,47.22
3319200,43.38
3322800,41.23
3326400,40.9
3330000,42.41
3333600,45.67
3337200,50.45
3340800,56.43
3344400,63.2
3348000,70.29
3351600,77.23
3355200,83.54
3358800,88.78
3362400,92.62
3366000,94.77
3369600,95.1
3373200,93.59
3376800,90.33
3380400,85.55
3384000,79.57
3387600,72.8
3391200,65.71
3394800,58.77
3398400,52.46
3402000,47.22
3405600,43.38
3409200,41.23
3412800,40.9
3416400,42.41
3420000,45.67
3423600,50.45
3427200,56.43
3430800,63.2
3434400,70.29
3438000,77.23
3441600,83.54
3445200,88.78
3448800,92.62
3452400,94.77
3456000,95.1
3459600,93.59
3463200,90.33
3466800,85.55
3470400,79.57
3474000,72.8
3477600,65.71
3481200,58.77
3484800,52.46
3488400,47.22
3492000,43.38
3495600,41.23
3499200,40.9
3502800,42.41
3506400,45.67
3510000,50.45
3513600,56.43
3517200,63.2
3520800,70.29
3524400,77.23
3528000,83.54
3531600,88.78
3535200,92.62
3538800,94.77
3542400,95.1
3546000,93.59
3549600,90.33
3553200,85.55
3556800,79.57
3560400,72.8
3564000,65.71
3567600,58.77
3571200,52.46
3574800,47.22
3578400,43.38
3582000,41.23
3585600,40.9
3589200,42.41
3592800,45.67
3596400,50.45
3600000,56.43
3603600,63.2
3607200,70.29
3610800,77.23
3614400,83.54
3618000,88.78
3621600,92.62
3625200,94.77
3628800,95.1
3632400,93.59
3636000,90.33
3639600,85.55
3643200,79.57
3646800,72.8
3650400,65.71
3654000,58.77
3657600,52.46
3661200,47.22
3664800,43.38
3668400,41.23
3672000,40.9
3675600,42.41
3679200,45.67
3682800,50.45
3686400,56.43
3690000,63.2
3693600,70.29
3697200,77.23
3700800,83.54
3704400,88.78
3708000,92.62
3711600,94.77
3715200,95.1
3718800,93.59
3722400,90.33
3726000,85.55
3729600,79.57
3733200,72.8
3736800,65.71
3740400,58.77
3744000,52.46
3747600,47.22
3751200,43.38
3754800,41.23
3758400,40.9
3762000,42.41
3765600,45.67
3769200,50.45
3772800,56.43
3776400,63.2
3780000,70.29
3783600,77.23
3787200,83.54
3790800,88.78
3794400,92.62
3798000,94.77
3801600,95.1
3805200,93.59
3808800,90.33
3812400,85.55
3816000,79.57
3819600,72.8
3823200,65.71
3826800,58.77
3830400,52.46
3834000,47.22
3837600,43.38
3841200,41.23
3844800,40.9
3848400,42.41
3852000,45.67
3855600,50.45
3859200,56.43
3862800,63.2
3866400,70.29
3870000,77.23
3873600,83.54
3877200,88.78
3880800,92.62
3884400,94.77
3888000,95.1
3891600,93.59
3895200,90.33
3898800,85.55
3902400,79.57
3906000,72.8
3909600,65.71
3913200,58.77
3916800,52.46
3920400,47.22
3924000,43.38
3927600,41.23
3931200,40.9
3934800,42.41
3938400,45.67
3942000,50.45
3945600,56.43
3949200,63.2
3952800,70.29
3956400,77.23
3960000,83.54
3963600,88.78
3967200,92.62
3970800,94.77
3974400,95.1
3978000,93.59
3981600,90.33
3985200,85.55
3988800,79.57
3992400,72.8
3996000,65.71
3999600,58.77
4003200,52.46
4006800,47.22
4010400,43.38
4014000,41.23
4017600,40.9
4021200,42.41
4024800,45.67
4028400,50.45
4032000,56.43
4035600,63.2
4039200,70.29
4042800,77.23
4046400,83.54
4050000,88.78
4053600,92.62
4057200,94.77
4060800,95.1
4064400,93.59
4068000,90.33
4071600,85.55
4075200,79.57
4078800,72.8
4082400,65.71
4086000,58.77
4089600,52.46
4093200,47.22
4096800,43.38
4100400,41.23
4104000,40.9
4107600,42.41
4111200,45.67
4114800,50.45
4118400,56.43
4122000,63.2
4125600,70.29
4129200,77.23
4132800,83.54
4136400,88.78
4140000,92.62
4143600,94.77
4147200,95.1
4150800,93.59
4154400,90.33
4158000,85.55
4161600,79.57
4165200,72.8
4168800,65.71
4172400,58.77
4176000,52.46
4179600,47.22
4183200,43.38
4186800,41.23
4190400,40.9
4194000,42.41
4197600,45.67
4201200,50.45
4204800,56.43
4208400,63.2
4212000,70.29
4215600,77.23
4219200,83.54
4222800,88.78
4226400,92.62
4230000,94.77
4233600,95.1
4237200,93.59
4240800,90.33
4244400,85.55
4248000,79.57
4251600,72.8
4255200,65.71
4258800,58.77
4262400,52.46
4266000,47.22
4269600,43.38
4273200,41.23
4276800,40.9
4280400,42.41
4284000,45.67
4287600,50.45
4291200,56.43
4294800,63.2
4298400,70.29
4302000,77.23
4305600,83.54
4309200,88.78
4312800,92.62
4316400,94.77
4320000,95.1
4323600,93.59
4327200,90.33
4330800,85.55
4334400,79.57
4338000,72.8
4341600,65.71
4345200,58.77
4348800,52.46
4352400,47.22
4356000,43.38
4359600,41.23
4363200,40.9
4366800,42.41
4370400,45.67
4374000,50.45
4377600,56.43
4381200,63.2
4384800,70.29
4388400,77.23
4392000,83.54
4395600,88.78
4399200,92.62
4402800,94.77
4406400,95.1
4410000,93.59
4413600,90.33
4417200,85.55
4420800,79.57
4424400,72.8
4428000,65.71
4431600,58.77
4435200,52.46
4438800,47.22
4442400,43.38
4446000,41.23
4449600,40.9
4453200,42.41
4456800,45.67
4460400,50.45
4464000,56.43
4467600,63.2
4471200,70.29
4474800,77.23
4478400,83.54
4482000,88.78
4485600,92.62
4489200,94.77
4492800,95.1
4496400,93.59
4500000,90.33
4503600,85.55
4507200,79.57
4510800,72.8
4514400,65.71
4518000,58.77
4521600,52.46
4525200,47.22
4528800,43.38
4532400,41.23
4536000,40.9
4539600,42.41
4543200,45.67
4546800,50.45
4550400,56.43
4554000,63.2
4557600,70.29
4561200,77.23
4564800,83.54
4568400,88.78
4572000,92.62
4575600,94.77
4579200,95.1
4582800,93.59
4586400,90.33
4590000,85.55
4593600,79.57
4597200,72.8
4600800,65.71
4604400,58.77
4608000,52.46
4611600,47.22
4615200,43.38
4618800,41.23
4622400,40.9
4626000,42.41
4629600,45.67
4633200,50.45
4636800,56.43
4640400,63.2
4644000,70.29
4647600,77.23
4651200,83.54
4654800,88.78
4658400,92.62
4662000,94.77
4665600,95.1
4669200,93.59
4672800,90.33
4676400,85.55
4680000,79.57
4683600,72.8
4687200,65.71
4690800,58.77
4694400,52.46
4698000,47.22
4701600,43.38
4705200,41.23
4708800,40.9
4712400,42.41
4716000,45.67
4719600,50.45
4723200,56.43
4726800,63.2
4730400,70.29
4734000,77.23
4737600,83.54
4741200,88.78
4744800,92.62
4748400,94.77
4752000,95.1
4755600,93.59
4759200,90.33
4762800,85.55
4766400,79.57
4770000,72.8
4773600,65.71
4777200,58.77
4780800,52.46
4784400,47.22
4788000,43.38
4791600,41.23
4795200,40.9
4798800,42.41
4802400,45.67
4806000,50.45
4809600,56.43
4813200,63.2
4816800,70.29
4820400,77.23
4824000,83.54
4827600,88.78
4831200,92.62
4834800,94.77
4838400,95.1
4842000,93.59
4845600,90.33
4849200,85.55
4852800,79.57
4856400,72.8
4860000,65.71
4863600,58.77
4867200,52.46
4870800,47.22
4874400,43.38
4878000,41.23
4881600,40.9
4885200,42.41
4888800,45.67
4892400,50.45
4896000,56.43
4899600,63.2
4903200,70.29
4906800,77.23
4910400,83.54
4914000,88.78
4917600,92.62
4921200,94.77
4924800,95.1
4928400,93.59
4932000,90.33
4935600,85.55
4939200,79.57
4942800,72.8
4946400,65.71
4950000,58.77
4953600,52.46
4957200,47.22
4960800,43.38
4964400,41.23
4968000,40.9
4971600,42.41
4975200,45.67
4978800,50.45
4982400,56.43
4986000,63.2
4989600,70.29
4993200,77.23
4996800,83.54
5000400,88.78
5004000,92.62
5007600,94.77
5011200,95.1
5014800,93.59
5018400,90.33
5022000,85.55
5025600,79.57
5029200,72.8
5032800,65.71
5036400,58.77
5040000,52.46
5043600,47.22
5047200,43.38
5050800,41.23
5054400,40.9
5058000,42.41
5061600,45.67
5065200,50.45
5068800,56.43
5072400,63.2
5076000,70.29
5079600,77.23
5083200,83.54
5086800,88.78
5090400,92.62
5094000,94.77
5097600,95.1
5101200,93.59
5104800,90.33
5108400,85.55
5112000,79.57
5115600,72.8
5119200,65.71
5122800,58.77
5126400,52.46
5130000,47.22
5133600,43.38
5137200,41.23
5140800,40.9
5144400,42.41
5148000,45.67
5151600,50.45
5155200,56.43
5158800,63.2
5162400,70.29
5166000,77.23
5169600,83.54
5173200,88.78
5176800,92.62
5180400,94.77
5184000,95.1
5187600,93.59
5191200,90.33
5194800,85.55
5198400,79.57
5202000,72.8
5205600,65.71
5209200,58.77
5212800,52.46
5216400,47.22
5220000,43.38
5223600,41.23
5227200,40.9
5230800,42.41
5234400,45.67
5238000,50.45
5241600,56.43
5245200,63.2
5248800,70.29
5252400,77.23
5256000,83.54
5259600,88.78
5263200,92.62
5266800,94.77
5270400,95.1
5274000,93.59
5277600,90.33
5281200,85.55
5284800,79.57
5288400,72.8
5292000,65.71
5295600,58.77
5299200,52.46
5302800,47.22
5306400,43.38
5310000,41.23
5313600,40.9
5317200,42.41
5320800,45.67
5324400,50.45
5328000,56.43
5331600,63.2
5335200,70.29
5338800,77.23
5342400,83.54
5346000,88.78
5349600,92.62
5353200,94.77
5356800,95.1
5360400,93.59
5364000,90.33
5367600,85.55
5371200,79.57
5374800,72.8
5378400,65.71
5382000,58.77
5385600,52.46
5389200,47.22
5392800,43.38
5396400,41.23
5400000,40.9
5403600,42.41
5407200,45.67
5410800,50.45
5414400,56.43
5418000,63.2
5421600,70.29
5425200,77.23
5428800,83.54
5432400,88.78
5436000,92.62
5439600,94.77
5443200,95.1
5446800,93.59
5450400,90.33
5454000,85.55
5457600,79.57
5461200,72.8
5464800,65.71
5468400,58.77
5472000,52.46
5475600,47.22
5479200,43.38
5482800,41.23
5486400,40.9
5490000,42.41
5493600,45.67
5497200,50.45
5500800,56.43
5504400,63.2
5508000,70.29
5511600,77.23
5515200,83.54
5518800,88.78
5522400,92.62
5526000,94.77
5529600,95.1
5533200,93.59
5536800,90.33
5540400,85.55
5544000,79.57
5547600,72.8
5551200,65.71
5554800,58.77
5558400,52.46
5562000,47.22
5565600,43.38
5569200,41.23
5572800,40.9
5576400,42.41
5580000,45.67
5583600,50.45
5587200,56.43
5590800,63.2
5594400,70.29
5598000,77.23
5601600,83.54
5605200,88.78
5608800,92.62
5612400,94.77
5616000,95.1
5619600,93.59
5623200,90.33
5626800,85.55
5630400,79.57
5634000,72.8
5637600,65.71
5641200,58.77
5644800,52.46
5648400,47.22
5652000,43.38
5655600,41.23
5659200,40.9
5662800,42.41
5666400,45.67
5670000,50.45
5673600,56.43
5677200,63.2
5680800,70.29
5684400,77.23
5688000,83.54
5691600,88.78
5695200,92.62
5698800,94.77
5702400,95.1
5706000,93.59
5709600,90.33
5713200,85.55
5716800,79.57
5720400,72.8
5724000,65.71
5727600,58.77
5731200,52.46
5734800,47.22
5738400,43.38
5742000,41.23
5745600,40.9
5749200,42.41
5752800,45.67
5756400,50.45
5760000,56.43
5763600,63.2
5767200,70.29
5770800,77.23
5774400,83.54
5778000,88.78
5781600,92.62
5785200,94.77
5788800,95.1
5792400,93.59
5796000,90.33
5799600,85.55
5803200,79.57
5806800,72.8
5810400,65.71
5814000,58.77
5817600,52.46
5821200,47.22
5824800,43.38
5828400,41.23
5832000,40.9
5835600,42.41
5839200,45.67
5842800,50.45
5846400,56.43
5850000,63.2
5853600,70.29
5857200,77.23
5860800,83.54
5864400,88.78
5868000,92.62
5871600,94.77
5875200,95.1
5878800,93.59
5882400,90.33
5886000,85.55
5889600,79.57
5893200,72.8
5896800,65.71
5900400,58.77
5904000,52.46
5907600,47.22
5911200,43.38
5914800,41.23
5918400,40.9
5922000,42.41
5925600,45.67
5929200,50.45
5932800,56.43
5936400,63.2
5940000,70.29
5943600,77.23
5947200,83.54
5950800,88.78
5954400,92.62
5958000,94.77
5961600,95.1
5965200,93.59
5968800,90.33
5972400,85.55
5976000,79.57
5979600,72.8
5983200,65.71
5986800,58.77
5990400,52.46
5994000,47.22
5997600,43.38
6001200,41.23
6004800,40.9
6008400,42.41
6012000,45.67
6015600,50.45
6019200,56.43
6022800,63.2
6026400,70.29
6030000,77.23
6033600,83.54
6037200,88.78
6040800,92.62
6044400,94.77
6048000,95.1
6051600,93.59
6055200,90.33
6058800,85.55
6062400,79.57
6066000,72.8
6069600,65.71
6073200,58.77
6076800,52.46
6080400,47.22
6084000,43.38
6087600,41.23
6091200,40.9
6094800,42.41
6098400,45.67
6102000,50.45
6105600,56.43
6109200,63.2
6112800,70.29
6116400,77.23
6120000,83.54
6123600,88.78
6127200,92.62
6130800,94.77
6134400,95.1
6138000,93.59
6141600,90.33
6145200,85.55
6148800,79.57
6152400,72.8
6156000,65.71
6159600,58.77
6163200,52.46
6166800,47.22
6170400,43.38
6174000,41.23
6177600,40.9
6181200,42.41
6184800,45.67
6188400,50.45
6192000,56.43
6195600,63.2
6199200,70.29
6202800,77.23
6206400,83.54
6210000,88.78
6213600,92.62
6217200,94.77
6220800,95.1
6224400,93.59
6228000,90.33
6231600,85.55
6235200,79.57
6238800,72.8
6242400,65.71
6246000,58.77
6249600,52.46
6253200,47.22
6256800,43.38
6260400,41.23
6264000,40.9
6267600,42.41
6271200,45.67
6274800,50.45
6278400,56.43
6282000,63.2
6285600,70.29
6289200,77.23
6292800,83.54
6296400,88.78
6300000,92.62
6303600,94.77
6307200,95.1
6310800,93.59
6314400,90.33
6318000,85.55
6321600,79.57
6325200,72.8
6328800,65.71
6332400,58.77
6336000,52.46
6339600,47.22
6343200,43.38
6346800,41.23
6350400,40.9
6354000,42.41
6357600,45.67
6361200,50.45
6364800,56.43
6368400,63.2
6372000,70.29
6375600,77.23
6379200,83.54
6382800,88.78
6386400,92.62
6390000,94.77
6393600,95.1
6397200,93.59
6400800,90.33
6404400,85.55
6408000,79.57
6411600,72.8
6415200,65.71
6418800,58.77
6422400,52.46
6426000,47.22
6429600,43.38
6433200,41.23
6436800,40.9
6440400,42.41
6444000,45.67
6447600,50.45
6451200,56.43
6454800,63.2
6458400,70.29
6462000,77.23
6465600,83.54
6469200,88.78
6472800,92.62
6476400,94.77
6480000,95.1
6483600,93.59
6487200,90.33
6490800,85.55
6494400,79.57
6498000,72.8
6501600,65.71
6505200,58.77
6508800,52.46
6512400,47.22
6516000,43.38
6519600,41.23
6523200,40.9
6526800,42.41
6530400,45.67
6534000,50.45
6537600,56.43
6541200,63.2
6544800,70.29
6548400,77.23
6552000,83.54
6555600,88.78
6559200,92.62
6562800,94.77
6566400,95.1
6570000,93.59
6573600,90.33
6577200,85.55
6580800,79.57
6584400,72.8
6588000,65.71
6591600,58.77
6595200,52.46
6598800,47.22
6602400,43.38
6606000,41.23
6609600,40.9
6613200,42.41
6616800,45.67
6620400,50.45
6624000,56.43
6627600,63.2
6631200,70.29
6634800,77.23
6638400,83.54
6642000,88.78
6645600,92.62
6649200,94.77
6652800,95.1
6656400,93.59
6660000,90.33
6663600,85.55
6667200,79.57
6670800,72.8
6674400,65.71
6678000,58.77
6681600,52.46
6685200,47.22
6688800,43.38
6692400,41.23
6696000,40.9
6699600,42.41
6703200,45.67
6706800,50.45
6710400,56.43
6714000,63.2
6717600,70.29
6721200,77.23
6724800,83.54
6728400,88.78
6732000,92.62
6735600,94.77
6739200,95.1
6742800,93.59
6746400,90.33
6750000,85.55
6753600,79.57
6757200,72.8
6760800,65.71
6764400,58.77
6768000,52.46
6771600,47.22
6775200,43.38
6778800,41.23
6782400,40.9
6786000,42.41
6789600,45.67
6793200,50.45
6796800,56.43
6800400,63.2
6804000,70.29
6807600,77.23
6811200,83.54
6814800,88.78
6818400,92.62
6822000,94.77
6825600,95.1
6829200,93.59
6832800,90.33
6836400,85.55
6840000,79.57
6843600,72.8
6847200,65.71
6850800,58.77
6854400,52.46
6858000,47.22
6861600,43.38
6865200,41.23
6868800,40.9
6872400,42.41
6876000,45.67
6879600,50.45
6883200,56.43
6886800,63.2
6890400,70.29
6894000,77.23
6897600,83.54
6901200,88.78
6904800,92.62
6908400,94.77
6912000,95.1
6915600,93.59
6919200,90.33
6922800,85.55
6926400,79.57
6930000,72.8
6933600,65.71
6937200,58.77
6940800,52.46
6944400,47.22
6948000,43.38
6951600,41.23
6955200,40.9
6958800,42.41
6962400,45.67
6966000,50.45
6969600,56.43
6973200,63.2
6976800,70.29
6980400,77.23
6984000,83.54
6987600,88.78
6991200,92.62
6994800,94.77
6998400,95.1
7002000,93.59
7005600,90.33
7009200,85.55
7012800,79.57
7016400,72.8
7020000,65.71
7023600,58.77
7027200,52.46
7030800,47.22
7034400,43.38
7038000,41.23
7041600,40.9
7045200,42.41
7048800,45.67
7052400,50.45
7056000,56.43
7059600,63.2
7063200,70.29
7066800,77.23
7070400,83.54
7074000,88.78
7077600,92.62
7081200,94.77
7084800,95.1
7088400,93.59
7092000,90.33
7095600,85.55
7099200,79.57
7102800,72.8
7106400,65.71
7110000,58.77
7113600,52.46
7117200,47.22
7120800,43.38
7124400,41.23
7128000,40.9
7131600,42.41
7135200,45.67
7138800,50.45
7142400,56.43
7146000,63.2
7149600,70.29
7153200,77.23
7156800,83.54
7160400,88.78
7164000,92.62
7167600,94.77
7171200,95.1
7174800,93.59
7178400,90.33
7182000,85.55
7185600,79.57
7189200,72.8
7192800,65.71
7196400,58.77
7200000,52.46
7203600,47.22
7207200,43.38
7210800,41.23
7214400,40.9
7218000,42.41
7221600,45.67
7225200,50.45
7228800,56.43
7232400,63.2
7236000,70.29
7239600,77.23
7243200,83.54
7246800,88.78
7250400,92.62
7254000,94.77
7257600,95.1
7261200,93.59
7264800,90.33
7268400,85.55
7272000,79.57
7275600,72.8
7279200,65.71
7282800,58.77
7286400,52.46
7290000,47.22
7293600,43.38
7297200,41.23
7300800,40.9
7304400,42.41
7308000,45.67
7311600,50.45
7315200,56.43
7318800,63.2
7322400,70.29
7326000,77.23
7329600,83.54
7333200,88.78
7336800,92.62
7340400,94.77
7344000,95.1
7347600,93.59
7351200,90.33
7354800,85.55
7358400,79.57
7362000,72.8
7365600,65.71
7369200,58.77
7372800,52.46
7376400,47.22
7380000,43.38
7383600,41.23
7387200,40.9
7390800,42.41
7394400,45.67
7398000,50.45
7401600,56.43
7405200,63.2
7408800,70.29
7412400,77.23
7416000,83.54
7419600,88.78
7423200,92.62
7426800,94.77
7430400,95.1
7434000,93.59
7437600,90.33
7441200,85.55
7444800,79.57
7448400,72.8
7452000,65.71
7455600,58.77
7459200,52.46
7462800,47.22
7466400,43.38
7470000,41.23
7473600,40.9
7477200,42.41
7480800,45.67
7484400,50.45
7488000,56.43
7491600,63.2
7495200,70.29
7498800,77.23
7502400,83.54
7506000,88.78
7509600,92.62
7513200,94.77
7516800,95.1
7520400,93.59
7524000,90.33
7527600,85.55
7531200,79.57
7534800,72.8
7538400,65.71
7542000,58.77
7545600,52.46
7549200,47.22
7552800,43.38
7556400,41.23
7560000,40.9
7563600,42.41
7567200,45.67
7570800,50.45
7574400,56.43
7578000,63.2
7581600,70.29
7585200,77.23
7588800,83.54
7592400,88.78
7596000,92.62
7599600,94.77
7603200,95.1
7606800,93.59
7610400,90.33
7614000,85.55
7617600,79.57
7621200,72.8
7624800,65.71
7628400,58.77
7632000,52.46
7635600,47.22
7639200,43.38
7642800,41.23
7646400,40.9
7650000,42.41
7653600,45.67
7657200,50.45
7660800,56.43
7664400,63.2
7668000,70.29
7671600,77.23
7675200,83.54
7678800,88.78
7682400,92.62
7686000,94.77
7689600,95.1
7693200,93.59
7696800,90.33
7700400,85.55
7704000,79.57
7707600,72.8
7711200,65.71
7714800,58.77
7718400,52.46
7722000,47.22
7725600,43.38
7729200,41.23
7732800,40.9
7736400,42.41
7740000,45.67
7743600,50.45
7747200,56.43
7750800,63.2
7754400,70.29
7758000,77.23
7761600,83.54
7765200,88.78
7768800,92.62
7772400,94.77
7776000,95.1
7779600,93.59
7783200,90.33
7786800,85.55
7790400,79.57
7794000,72.8
7797600,65.71
7801200,58.77
7804800,52.46
7808400,47.22
7812000,43.38
7815600,41.23
7819200,40.9
7822800,42.41
7826400,45.67
7830000,50.45
7833600,56.43
7837200,63.2
7840800,70.29
7844400,77.23
7848000,83.54
7851600,88.78
7855200,92.62
7858800,94.77
7862400,95.1
7866000,93.59
7869600,90.33
7873200,85.55
7876800,79.57
7880400,72.8
7884000,65.71
7887600,58.77
7891200,52.46
7894800,47.22
7898400,43.38
7902000,41.23
7905600,40.9
7909200,42.41
7912800,45.67
7916400,50.45
7920000,56.43
7923600,63.2
7927200,70.29
7930800,77.23
7934400,83.54
7938000,88.78
7941600,92.62
7945200,94.77
7948800,95.1
7952400,93.59
7956000,90.33
7959600,85.55
7963200,79.57
7966800,72.8
7970400,65.71
7974000,58.77
7977600,52.46
7981200,47.22
7984800,43.38
7988400,41.23
7992000,40.9
7995600,42.41
7999200,45.67
8002800,50.45
8006400,56.43
8010000,63.2
8013600,70.29
8017200,77.23
8020800,83.54
8024400,88.78
8028000,92.62
8031600,94.77
8035200,95.1
8038800,93.59
8042400,90.33
8046000,85.55
8049600,79.57
8053200,72.8
8056800,65.71
8060400,58.77
8064000,52.46
8067600,47.22
8071200,43.38
8074800,41.23
8078400,40.9
8082000,42.41
8085600,45.67
8089200,50.45
8092800,56.43
8096400,63.2
8100000,70.29
8103600,77.23
8107200,83.54
8110800,88.78
8114400,92.62
8118000,94.77
8121600,95.1
8125200,93.59
8128800,90.33
8132400,85.55
8136000,79.57
8139600,72.8
8143200,65.71
8146800,58.77
8150400,52.46
8154000,47.22
8157600,43.38
8161200,41.23
8164800,40.9
8168400,42.41
8172000,45.67
8175600,50.45
8179200,56.43
8182800,63.2
8186400,70.29
8190000,77.23
8193600,83.54
8197200,88.78
8200800,92.62
8204400,94.77
8208000,95.1
8211600,93.59
8215200,90.33
8218800,85.55
8222400,79.57
8226000,72.8
8229600,65.71
8233200,58.77
8236800,52.46
8240400,47.22
8244000,43.38
8247600,41.23
8251200,40.9
8254800,42.41
8258400,45.67
8262000,50.45
8265600,56.43
8269200,63.2
8272800,70.29
8276400,77.23
8280000,83.54
8283600,88.78
8287200,92.62
8290800,94.77
8294400,95.1
8298000,93.59
8301600,90.33
8305200,85.55
8308800,79.57
8312400,72.8
8316000,65.71
8319600,58.77
8323200,52.46
8326800,47.22
8330400,43.38
8334000,41.23
8337600,40.9
8341200,42.41
8344800,45.67
8348400,50.45
8352000,56.43
8355600,63.2
8359200,70.29
8362800,77.23
8366400,83.54
8370000,88.78
8373600,92.62
8377200,94.77
8380800,95.1
8384400,93.59
8388000,90.33
8391600,85.55
8395200,79.57
8398800,72.8
8402400,65.71
8406000,58.77
8409600,52.46
8413200,47.22
8416800,43.38
8420400,41.23
8424000,40.9
8427600,42.41
8431200,45.67
8434800,50.45
8438400,56.43
8442000,63.2
8445600,70.29
8449200,77.23
8452800,83.54
8456400,88.78
8460000,92.62
8463600,94.77
8467200,95.1
8470800,93.59
8474400,90.33
8478000,85.55
8481600,79.57
8485200,72.8
8488800,65.71
8492400,58.77
8496000,52.46
8499600,47.22
8503200,43.38
8506800,41.23
8510400,40.9
8514000,42.41
8517600,45.67
8521200,50.45
8524800,56.43
8528400,63.2
8532000,70.29
8535600,77.23
8539200,83.54
8542800,88.78
8546400,92.62
8550000,94.77
8553600,95.1
8557200,93.59
8560800,90.33
8564400,85.55
8568000,79.57
8571600,72.8
8575200,65.71
8578800,58.77
8582400,52.46
8586000,47.22
8589600,43.38
8593200,41.23
8596800,40.9
8600400,42.41
8604000,45.67
8607600,50.45
8611200,56.43
8614800,63.2
8618400,70.29
8622000,77.23
8625600,83.54
8629200,88.78
8632800,92.62
8636400,94.77
8640000,95.1
8643600,93.59
8647200,90.33
8650800,85.55
8654400,79.57
8658000,72.8
8661600,65.71
8665200,58.77
8668800,52.46
8672400,47.22
8676000,43.38
8679600,41.23
8683200,40.9
8686800,42.41
8690400,45.67
8694000,50.45
8697600,56.43
8701200,63.2
8704800,70.29
8708400,77.23
8712000,83.54
8715600,88.78
8719200,92.62
8722800,94.77
8726400,95.1
8730000,93.59
8733600,90.33
8737200,85.55
8740800,79.57
8744400,72.8
8748000,65.71
8751600,58.77
8755200,52.46
8758800,47.22
8762400,43.38
8766000,41.23
8769600,40.9
8773200,42.41
8776800,45.67
8780400,50.45
8784000,56.43
8787600,63.2
8791200,70.29
8794800,77.23
8798400,83.54
8802000,88.78
8805600,92.62
8809200,94.77
8812800,95.1
8816400,93.59
8820000,90.33
8823600,85.55
8827200,79.57
8830800,72.8
8834400,65.71
8838000,58.77
8841600,52.46
8845200,47.22
8848800,43.38
8852400,41.23
8856000,40.9
8859600,42.41
8863200,45.67
8866800,50.45
8870400,56.43
8874000,63.2
8877600,70.29
8881200,77.23
8884800,83.54
8888400,88.78
8892000,92.62
8895600,94.77
8899200,95.1
8902800,93.59
8906400,90.33
8910000,85.55
8913600,79.57
8917200,72.8
8920800,65.71
8924400,58.77
8928000,52.46
8931600,47.22
8935200,43.38
8938800,41.23
8942400,40.9
8946000,42.41
8949600,45.67
8953200,50.45
8956800,56.43
8960400,63.2
8964000,70.29
8967600,77.23
8971200,83.54
8974800,88.78
8978400,92.62
8982000,94.77
8985600,95.1
8989200,93.59
8992800,90.33
8996400,85.55
9000000,79.57
9003600,72.8
9007200,65.71
9010800,58.77
9014400,52.46
9018000,47.22
9021600,43.38
9025200,41.23
9028800,40.9
9032400,42.41
9036000,45.67
9039600,50.45
9043200,56.43
9046800,63.2
9050400,70.29
9054000,77.23
9057600,83.54
9061200,88.78
9064800,92.62
9068400,94.77
9072000,95.1
9075600,93.59
9079200,90.33
9082800,85.55
9086400,79.57
9090000,72.8
9093600,65.71
9097200,58.77
9100800,52.46
9104400,47.22
9108000,43.38
9111600,41.23
9115200,40.9
9118800,42.41
9122400,45.67
9126000,50.45
9129600,56.43
9133200,63.2
9136800,70.29
9140400,77.23
9144000,83.54
9147600,88.78
9151200,92.62
9154800,94.77
9158400,95.1
9162000,93.59
9165600,90.33
9169200,85.55
9172800,79.57
9176400,72.8
9180000,65.71
9183600,58.77
9187200,52.46
9190800,47.22
9194400,43.38
9198000,41.23
9201600,40.9
9205200,42.41
9208800,45.67
9212400,50.45
9216000,56.43
9219600,63.2
9223200,70.29
9226800,77.23
9230400,83.54
9234000,88.78
9237600,92.62
9241200,94.77
9244800,95.1
9248400,93.59
9252000,90.33
9255600,85.55
9259200,79.57
9262800,72.8
9266400,65.71
9270000,58.77
9273600,52.46
9277200,47.22
9280800,43.38
9284400,41.23
9288000,40.9
9291600,42.41
9295200,45.67
9298800,50.45
9302400,56.43
9306000,63.2
9309600,70.29
9313200,77.23
9316800,83.54
9320400,88.78
9324000,92.62
9327600,94.77
9331200,95.1
9334800,93.59
9338400,90.33
9342000,85.55
9345600,79.57
9349200,72.8
9352800,65.71
9356400,58.77
9360000,52.46
9363600,47.22
9367200,43.38
9370800,41.23
9374400,40.9
9378000,42.41
9381600,45.67
9385200,50.45
9388800,56.43
9392400,63.2
9396000,70.29
9399600,77.23
9403200,83.54
9406800,88.78
9410400,92.62
9414000,94.77
9417600,95.1
9421200,93.59
9424800,90.33
9428400,85.55
9432000,79.57
9435600,72.8
9439200,65.71
9442800,58.77
9446400,52.46
9450000,47.22
9453600,43.38
9457200,41.23
9460800,40.9
9464400,42.41
9468000,45.67
9471600,50.45
9475200,56.43
9478800,63.2
9482400,70.29
9486000,77.23
9489600,83.54
9493200,88.78
9496800,92.62
9500400,94.77
9504000,95.1
9507600,93.59
9511200,90.33
9514800,85.55
9518400,79.57
9522000,72.8
9525600,65.71
9529200,58.77
9532800,52.46
9536400,47.22
9540000,43.38
9543600,41.23
9547200,40.9
9550800,42.41
9554400,45.67
9558000,50.45
9561600,56.43
9565200,63.2
9568800,70.29
9572400,77.23
9576000,83.54
9579600,88.78
9583200,92.62
9586800,94.77
9590400,95.1
9594000,93.59
9597600,90.33
9601200,85.55
9604800,79.57
9608400,72.8
9612000,65.71
9615600,58.77
9619200,52.46
9622800,47.22
9626400,43.38
9630000,41.23
9633600,40.9
9637200,42.41
9640800,45.67
9644400,50.45
9648000,56.43
9651600,63.2
9655200,70.29
9658800,77.23
9662400,83.54
9666000,88.78
9669600,92.62
9673200,94.77
9676800,95.1
9680400,93.59
9684000,90.33
9687600,85.55
9691200,79.57
9694800,72.8
9698400,65.71
9702000,58.77
9705600,52.46
9709200,47.22
9712800,43.38
9716400,41.23
9720000,40.9
9723600,42.41
9727200,45.67
9730800,50.45
9734400,56.43
9738000,63.2
9741600,70.29
9745200,77.23
9748800,83.54
9752400,88.78
9756000,92.62
9759600,94.77
9763200,95.1
9766800,93.59
9770400,90.33
9774000,85.55
9777600,79.57
9781200,72.8
9784800,65.71
9788400,58.77
9792000,52.46
9795600,47.22
9799200,43.38
9802800,41.23
9806400,40.9
9810000,42.41
9813600,45.67
9817200,50.45
9820800,56.43
9824400,63.2
9828000,70.29
9831600,77.23
9835200,83.54
9838800,88.78
9842400,92.62
9846000,94.77
9849600,95.1
9853200,93.59
9856800,90.33
9860400,85.55
9864000,79.57
9867600,72.8
9871200,65.71
9874800,58.77
9878400,52.46
9882000,47.22
9885600,43.38
9889200,41.23
9892800,40.9
9896400,42.41
9900000,45.67
9903600,50.45
9907200,56.43
9910800,63.2
9914400,70.29
9918000,77.23
9921600,83.54
9925200,88.78
9928800,92.62
9932400,94.77
9936000,95.1
9939600,93.59
9943200,90.33
9946800,85.55
9950400,79.57
9954000,72.8
9957600,65.71
9961200,58.77
9964800,52.46
9968400,47.22
9972000,43.38
9975600,41.23
9979200,40.9
9982800,42.41
9986400,45.67
9990000,50.45
9993600,56.43
9997200,63.2
10000800,70.29
10004400,77.23
10008000,83.54
10011600,88.78
10015200,92.62
10018800,94.77
10022400,95.1
10026000,93.59
10029600,90.33
10033200,85.55
10036800,79.57
10040400,72.8
10044000,65.71
10047600,58.77
10051200,52.46
10054800,47.22
10058400,43.38
10062000,41.23
10065600,40.9
10069200,42.41
10072800,45.67
10076400,50.45
10080000,56.43
10083600,63.2
10087200,70.29
10090800,77.23
10094400,83.54
10098000,88.78
10101600,92.62
10105200,94.77
10108800,95.1
10112400,93.59
10116000,90.33
10119600,85.55
10123200,79.57
10126800,72.8
10130400,65.71
10134000,58.77
10137600,52.46
10141200,47.22
10144800,43.38
10148400,41.23
10152000,40.9
10155600,42.41
10159200,45.67
10162800,50.45
10166400,56.43
10170000,63.2
10173600,70.29
10177200,77.23
10180800,83.54
10184400,88.78
10188000,92.62
10191600,94.77
10195200,95.1
10198800,93.59
10202400,90.33
10206000,85.55
10209600,79.57
10213200,72.8
10216800,65.71
10220400,58.77
10224000,52.46
10227600,47.22
10231200,43.38
10234800,41.23
10238400,40.9
10242000,42.41
10245600,45.67
10249200,50.45
10252800,56.43
10256400,63.2
10260000,70.29
10263600,77.23
10267200,83.54
10270800,88.78
10274400,92.62
10278000,94.77
10281600,95.1
10285200,93.59
10288800,90.33
10292400,85.55
10296000,79.57
10299600,72.8
10303200,65.71
10306800,58.77
10310400,52.46
10314000,47.22
10317600,43.38
10321200,41.23
10324800,40.9
10328400,42.41
10332000,45.67
10335600,50.45
10339200,56.43
10342800,63.2
10346400,70.29
10350000,77.23
10353600,83.54
10357200,88.78
10360800,92.62
10364400,94.77
10368000,95.1
10371600,93.59
10375200,90.33
10378800,85.55
10382400,79.57
10386000,72.8
10389600,65.71
10393200,58.77
10396800,52.46
10400400,47.22
10404000,43.38
10407600,41.23
10411200,40.9
10414800,42.41
10418400,45.67
10422000,50.45
10425600,56.43
10429200,63.2
10432800,70.29
10436400,77.23
10440000,83.54
10443600,88.78
10447200,92.62
10450800,94.77
10454400,95.1
10458000,93.59
10461600,90.33
10465200,85.55
10468800,79.57
10472400,72.8
10476000,65.71
10479600,58.77
10483200,52.46
10486800,47.22
10490400,43.38
10494000,41.23
10497600,40.9
10501200,42.41
10504800,45.67
10508400,50.45
10512000,56.43
10515600,63.2
10519200,70.29
10522800,77.23
10526400,83.54
10530000,88.78
10533600,92.62
10537200,94.77
10540800,95.1
10544400,93.59
10548000,90.33
10551600,85.55
10555200,79.57
10558800,72.8
10562400,65.71
10566000,58.77
10569600,52.46
10573200,47.22
10576800,43.38
10580400,41.23
10584000,40.9
10587600,42.41
10591200,45.67
10594800,50.45
10598400,56.43
10602000,63.2
10605600,70.29
10609200,77.23
10612800,83.54
10616400,88.78
10620000,92.62
10623600,94.77
10627200,95.1
10630800,93.59
10634400,90.33
10638000,85.55
10641600,79.57
10645200,72.8
10648800,65.71
10652400,58.77
10656000,52.46
10659600,47.22
10663200,43.38
10666800,41.23
10670400,40.9
10674000,42.41
10677600,45.67
10681200,50.45
10684800,56.43
10688400,63.2
10692000,70.29
10695600,77.23
10699200,83.54
10702800,88.78
10706400,92.62
10710000,94.77
10713600,95.1
10717200,93.59
10720800,90.33
10724400,85.55
10728000,79.57
10731600,72.8
10735200,65.71
10738800,58.77
10742400,52.46
10746000,47.22
10749600,43.38
10753200,41.23
10756800,40.9
10760400,42.41
10764000,45.67
10767600,50.45
10771200,56.43
10774800,63.2
10778400,70.29
10782000,77.23
10785600,83.54
10789200,88.78
10792800,92.62
10796400,94.77
10800000,95.1
10803600,93.59
10807200,90.33
10810800,85.55
10814400,79.57
10818000,72.8
10821600,65.71
10825200,58.77
10828800,52.46
10832400,47.22
10836000,43.38
10839600,41.23
10843200,40.9
10846800,42.41
10850400,45.67
10854000,50.45
10857600,56.43
10861200,63.2
10864800,70.29
10868400,77.23
10872000,83.54
10875600,88.78
10879200,92.62
10882800,94.77
10886400,95.1
10890000,93.59
10893600,90.33
10897200,85.55
10900800,79.57
10904400,72.8
10908000,65.71
10911600,58.77
10915200,52.46
10918800,47.22
10922400,43.38
10926000,41.23
10929600,40.9
10933200,42.41
10936800,45.67
10940400,50.45
10944000,56.43
10947600,63.2
10951200,70.29
10954800,77.23
10958400,83.54
10962000,88.78
10965600,92.62
10969200,94.77
10972800,95.1
10976400,93.59
10980000,90.33
10983600,85.55
10987200,79.57
10990800,72.8
10994400,65.71
10998000,58.77
11001600,52.46
11005200,47.22
11008800,43.38
11012400,41.23
11016000,40.9
11019600,42.41
11023200,45.67
11026800,50.45
11030400,56.43
11034000,63.2
11037600,70.29
11041200,77.23
11044800,83.54
11048400,88.78
11052000,92.62
11055600,94.77
11059200,95.1
11062800,93.59
11066400,90.33
11070000,85.55
11073600,79.57
11077200,72.8
11080800,65.71
11084400,58.77
11088000,52.46
11091600,47.22
11095200,43.38
11098800,41.23
11102400,40.9
11106000,42.41
11109600,45.67
11113200,50.45
11116800,56.43
11120400,63.2
11124000,70.29
11127600,77.23
11131200,83.54
11134800,88.78
11138400,92.62
11142000,94.77
11145600,95.1
11149200,93.59
11152800,90.33
11156400,85.55
11160000,79.57
11163600,72.8
11167200,65.71
11170800,58.77
11174400,52.46
11178000,47.22
11181600,43.38
11185200,41.23
11188800,40.9
11192400,42.41
11196000,45.67
11199600,50.45
11203200,56.43
11206800,63.2
11210400,70.29
11214000,77.23
11217600,83.54
11221200,88.78
11224800,92.62
11228400,94.77
11232000,95.1
11235600,93.59
11239200,90.33
11242800,85.55
11246400,79.57
11250000,72.8
11253600,65.71
11257200,58.77
11260800,52.46
11264400,47.22
11268000,43.38
11271600,41.23
11275200,40.9
11278800,42.41
11282400,45.67
11286000,50.45
11289600,56.43
11293200,63.2
11296800,70.29
11300400,77.23
11304000,83.54
11307600,88.78
11311200,92.62
11314800,94.77
11318400,95.1
11322000,93.59
11325600,90.33
11329200,85.55
11332800,79.57
11336400,72.8
11340000,65.71
11343600,58.77
11347200,52.46
11350800,47.22
11354400,43.38
11358000,41.23
11361600,40.9
11365200,42.41
11368800,45.67
11372400,50.45
11376000,56.43
11379600,63.2
11383200,70.29
11386800,77.23
11390400,83.54
11394000,88.78
11397600,92.62
11401200,94.77
11404800,95.1
11408400,93.59
11412000,90.33
11415600,85.55
11419200,79.57
11422800,72.8
11426400,65.71
11430000,58.77
11433600,52.46
11437200,47.22
11440800,43.38
11444400,41.23
11448000,40.9
11451600,42.41
11455200,45.67
11458800,50.45
11462400,56.43
11466000,63.2
11469600,70.29
11473200,77.23
11476800,83.54
11480400,88.78
11484000,92.62
11487600,94.77
11491200,95.1
11494800,93.59
11498400,90.33
11502000,85.55
11505600,79.57
11509200,72.8
11512800,65.71
11516400,58.77
11520000,52.46
11523600,47.22
11527200,43.38
11530800,41.23
11534400,40.9
11538000,42.41
11541600,45.67
11545200,50.45
11548800,56.43
11552400,63.2
11556000,70.29
11559600,77.23
11563200,83.54
11566800,88.78
11570400,92.62
11574000,94.77
11577600,95.1
11581200,93.59
11584800,90.33
11588400,85.55
11592000,79.57
11595600,72.8
11599200,65.71
11602800,58.77
11606400,52.46
11610000,47.22
11613600,43.38
11617200,41.23
11620800,40.9
11624400,42.41
11628000,45.67
11631600,50.45
11635200,56.43
11638800,63.2
11642400,70.29
11646000,77.23
11649600,83.54
11653200,88.78
11656800,92.62
11660400,94.77
11664000,95.1
11667600,93.59
11671200,90.33
11674800,85.55
11678400,79.57
11682000,72.8
11685600,65.71
11689200,58.77
11692800,52.46
11696400,47.22
11700000,43.38
11703600,41.23
11707200,40.9
11710800,42.41
11714400,45.67
11718000,50.45
11721600,56.43
11725200,63.2
11728800,70.29
11732400,77.23
11736000,83.54
11739600,88.78
11743200,92.62
11746800,94.77
11750400,95.1
11754000,93.59
11757600,90.33
11761200,85.55
11764800,79.57
11768400,72.8
11772000,65.71
11775600,58.77
11779200,52.46
11782800,47.22
11786400,43.38
11790000,41.23
11793600,40.9
11797200,42.41
11800800,45.67
11804400,50.45
11808000,56.43
11811600,63.2
11815200,70.29
11818800,77.23
11822400,83.54
11826000,88.78
11829600,92.62
11833200,94.77
11836800,95.1
11840400,93.59
11844000,90.33
11847600,85.55
11851200,79.57
11854800,72.8
11858400,65.71
11862000,58.77
11865600,52.46
11869200,47.22
11872800,43.38
11876400,41.23
11880000,40.9
11883600,42.41
11887200,45.67
11890800,50.45
11894400,56.43
11898000,63.2
11901600,70.29
11905200,77.23
11908800,83.54
11912400,88.78
11916000,92.62
11919600,94.77
11923200,95.1
11926800,93.59
11930400,90.33
11934000,85.55
11937600,79.57
11941200,72.8
11944800,65.71
11948400,58.77
11952000,52.46
11955600,47.22
11959200,43.38
11962800,41.23
11966400,40.9
11970000,42.41
11973600,45.67
11977200,50.45
11980800,56.43
11984400,63.2
11988000,70.29
11991600,77.23
11995200,83.54
11998800,88.78
12002400,92.62
12006000,94.77
12009600,95.1
12013200,93.59
12016800,90.33
12020400,85.55
12024000,79.57
12027600,72.8
12031200,65.71
12034800,58.77
12038400,52.46
12042000,47.22
12045600,43.38
12049200,41.23
12052800,40.9
12056400,42.41
12060000,45.67
12063600,50.45
12067200,56.43
12070800,63.2
12074400,70.29
12078000,77.23
12081600,83.54
12085200,88.78
12088800,92.62
12092400,94.77
12096000,95.1
12099600,93.59
12103200,90.33
12106800,85.55
12110400,79.57
12114000,72.8
12117600,65.71
12121200,58.77
12124800,52.46
12128400,47.22
12132000,43.38
12135600,41.23
12139200,40.9
12142800,42.41
12146400,45.67
12150000,50.45
12153600,56.43
12157200,63.2
12160800,70.29
12164400,77.23
12168000,83.54
12171600,88.78
12175200,92.62
12178800,94.77
12182400,95.1
12186000,93.59
12189600,90.33
12193200,85.55
12196800,79.57
12200400,72.8
12204000,65.71
12207600,58.77
12211200,52.46
12214800,47.22
12218400,43.38
12222000,41.23
12225600,40.9
12229200,42.41
12232800,45.67
12236400,50.45
12240000,56.43
12243600,63.2
12247200,70.29
12250800,77.23
12254400,83.54
12258000,88.78
12261600,92.62
12265200,94.77
12268800,95.1
12272400,93.59
12276000,90.33
12279600,85.55
12283200,79.57
12286800,72.8
12290400,65.71
12294000,58.77
12297600,52.46
12301200,47.22
12304800,43.38
12308400,41.23
12312000,40.9
12315600,42.41
12319200,45.67
12322800,50.45
12326400,56.43
12330000,63.2
12333600,70.29
12337200,77.23
12340800,83.54
12344400,88.78
12348000,92.62
12351600,94.77
12355200,95.1
12358800,93.59
12362400,90.33
12366000,85.55
12369600,79.57
12373200,72.8
12376800,65.71
12380400,58.77
12384000,52.46
12387600,47.22
12391200,43.38
12394800,41.23
12398400,40.9
12402000,42.41
12405600,45.67
12409200,50.45
12412800,56.43
12416400,63.2
12420000,70.29
12423600,77.23
12427200,83.54
12430800,88.78
12434400,92.62
12438000,94.77
12441600,95.1
12445200,93.59
12448800,90.33
12452400,85.55
12456000,79.57
12459600,72.8
12463200,65.71
12466800,58.77
12470400,52.46
12474000,47.22
12477600,43.38
12481200,41.23
12484800,40.9
12488400,42.41
12492000,45.67
12495600,50.45
12499200,56.43
12502800,63.2
12506400,70.29
12510000,77.23
12513600,83.54
12517200,88.78
12520800,92.62
12524400,94.77
12528000,95.1
12531600,93.59
12535200,90.33
12538800,85.55
12542400,79.57
12546000,72.8
12549600,65.71
12553200,58.77
12556800,52.46
12560400,47.22
12564000,43.38
12567600,41.23
12571200,40.9
12574800,42.41
12578400,45.67
12582000,50.45
12585600,56.43
12589200,63.2
12592800,70.29
12596400,77.23
12600000,83.54
12603600,88.78
12607200,92.62
12610800,94.77
12614400,95.1
12618000,93.59
12621600,90.33
12625200,85.55
12628800,79.57
12632400,72.8
12636000,65.71
12639600,58.77
12643200,52.46
12646800,47.22
12650400,43.38
12654000,41.23
12657600,40.9
12661200,42.41
12664800,45.67
12668400,50.45
12672000,56.43
12675600,63.2
12679200,70.29
12682800,77.23
12686400,83.54
12690000,88.78
12693600,92.62
12697200,94.77
12700800,95.1
12704400,93.59
12708000,90.33
12711600,85.55
12715200,79.57
12718800,72.8
12722400,65.71
12726000,58.77
12729600,52.46
12733200,47.22
12736800,43.38
12740400,41.23
12744000,40.9
12747600,42.41
12751200,45.67
12754800,50.45
12758400,56.43
12762000,63.2
12765600,70.29
12769200,77.23
12772800,83.54
12776400,88.78
12780000,92.62
12783600,94.77
12787200,95.1
12790800,93.59
12794400,90.33
12798000,85.55
12801600,79.57
12805200,72.8
12808800,65.71
12812400,58.77
12816000,52.46
12819600,47.22
12823200,43.38
12826800,41.23
12830400,40.9
12834000,42.41
12837600,45.67
12841200,50.45
12844800,56.43
12848400,63.2
12852000,70.29
12855600,77.23
12859200,83.54
12862800,88.78
12866400,92.62
12870000,94.77
12873600,95.1
12877200,93.59
12880800,90.33
12884400,85.55
12888000,79.57
12891600,72.8
12895200,65.71
12898800,58.77
12902400,52.46
12906000,47.22
12909600,43.38
12913200,41.23
12916800,40.9
12920400,42.41
12924000,45.67
12927600,50.45
12931200,56.43
12934800,63.2
12938400,70.29
12942000,77.23
12945600,83.54
12949200,88.78
12952800,92.62
12956400,94.77
12960000,95.1
12963600,93.59
12967200,90.33
12970800,85.55
12974400,79.57
12978000,72.8
12981600,65.71
12985200,58.77
12988800,52.46
12992400,47.22
12996000,43.38
12999600,41.23
13003200,40.9
13006800,42.41
13010400,45.67
13014000,50.45
13017600,56.43
13021200,63.2
13024800,70.29
13028400,77.23
13032000,83.54
13035600,88.78
13039200,92.62
13042800,94.77
13046400,95.1
13050000,93.59
13053600,90.33
13057200,85.55
13060800,79.57
13064400,72.8
13068000,65.71
13071600,58.77
13075200,52.46
13078800,47.22
13082400,43.38
13086000,41.23
13089600,40.9
13093200,42.41
13096800,45.67
13100400,50.45
13104000,56.43
13107600,63.2
13111200,70.29
13114800,77.23
13118400,83.54
13122000,88.78
13125600,92.62
13129200,94.77
13132800,95.1
13136400,93.59
13140000,90.33
13143600,85.55
13147200,79.57
13150800,72.8
13154400,65.71
13158000,58.77
13161600,52.46
13165200,47.22
13168800,43.38
13172400,41.23
13176000,40.9
13179600,42.41
13183200,45.67
13186800,50.45
13190400,56.43
13194000,63.2
13197600,70.29
13201200,77.23
13204800,83.54
13208400,88.78
13212000,92.62
13215600,94.77
13219200,95.1
13222800,93.59
13226400,90.33
13230000,85.55
13233600,79.57
13237200,72.8
13240800,65.71
13244400,58.77
13248000,52.46
13251600,47.22
13255200,43.38
13258800,41.23
13262400,40.9
13266000,42.41
13269600,45.67
13273200,50.45
13276800,56.43
13280400,63.2
13284000,70.29
13287600,77.23
13291200,83.54
13294800,88.78
13298400,92.62
13302000,94.77
13305600,95.1
13309200,93.59
13312800,90.33
13316400,85.55
13320000,79.57
13323600,72.8
13327200,65.71
13330800,58.77
13334400,52.46
13338000,47.22
13341600,43.38
13345200,41.23
13348800,40.9
13352400,42.41
13356000,45.67
13359600,50.45
13363200,56.43
13366800,63.2
13370400,70.29
13374000,77.23
13377600,83.54
13381200,88.78
13384800,92.62
13388400,94.77
13392000,95.1
13395600,93.59
13399200,90.33
13402800,85.55
13406400,79.57
13410000,72.8
13413600,65.71
13417200,58.77
13420800,52.46
13424400,47.22
13428000,43.38
13431600,41.23
13435200,40.9
13438800,42.41
13442400,45.67
13446000,50.45
13449600,56.43
13453200,63.2
13456800,70.29
13460400,77.23
13464000,83.54
13467600,88.78
13471200,92.62
13474800,94.77
13478400,95.1
13482000,93.59
13485600,90.33
13489200,85.55
13492800,79.57
13496400,72.8
13500000,65.71
13503600,58.77
13507200,52.46
13510800,47.22
13514400,43.38
13518000,41.23
13521600,40.9
13525200,42.41
13528800,45.67
13532400,50.45
13536000,56.43
13539600,63.2
13543200,70.29
13546800,77.23
13550400,83.54
13554000,88.78
13557600,92.62
13561200,94.77
13564800,95.1
13568400,93.59
13572000,90.33
13575600,85.55
13579200,79.57
13582800,72.8
13586400,65.71
13590000,58.77
13593600,52.46
13597200,47.22
13600800,43.38
13604400,41.23
13608000,40.9
13611600,42.41
13615200,45.67
13618800,50.45
13622400,56.43
13626000,63.2
13629600,70.29
13633200,77.23
13636800,83.54
13640400,88.78
13644000,92.62
13647600,94.77
13651200,95.1
13654800,93.59
13658400,90.33
13662000,85.55
13665600,79.57
13669200,72.8
13672800,65.71
13676400,58.77
13680000,52.46
13683600,47.22
13687200,43.38
13690800,41.23
13694400,40.9
13698000,42.41
13701600,45.67
13705200,50.45
13708800,56.43
13712400,63.2
13716000,70.29
13719600,77.23
13723200,83.54
13726800,88.78
13730400,92.62
13734000,94.77
13737600,95.1
13741200,93.59
13744800,90.33
13748400,85.55
13752000,79.57
13755600,72.8
13759200,65.71
13762800,58.77
13766400,52.46
13770000,47.22
13773600,43.38
13777200,41.23
13780800,40.9
13784400,42.41
13788000,45.67
13791600,50.45
13795200,56.43
13798800,63.2
13802400,70.29
13806000,77.23
13809600,83.54
13813200,88.78
13816800,92.62
13820400,94.77
13824000,95.1
13827600,93.59
13831200,90.33
13834800,85.55
13838400,79.57
13842000,72.8
13845600,65.71
13849200,58.77
13852800,52.46
13856400,47.22
13860000,43.38
13863600,41.23
13867200,40.9
13870800,42.41
13874400,45.67
13878000,50.45
13881600,56.43
13885200,63.2
13888800,70.29
13892400,77.23
13896000,83.54
13899600,88.78
13903200,92.62
13906800,94.77
13910400,95.1
13914000,93.59
13917600,90.33
13921200,85.55
13924800,79.57
13928400,72.8
13932000,65.71
13935600,58.77
13939200,52.46
13942800,47.22
13946400,43.38
13950000,41.23
13953600,40.9
13957200,42.41
13960800,45.67
13964400,50.45
13968000,56.43
13971600,63.2
13975200,70.29
13978800,77.23
13982400,83.54
13986000,88.78
13989600,92.62
13993200,94.77
13996800,95.1
14000400,93.59
14004000,90.33
14007600,85.55
14011200,79.57
14014800,72.8
14018400,65.71
14022000,58.77
14025600,52.46
14029200,47.22
14032800,43.38
14036400,41.23
14040000,40.9
14043600,42.41
14047200,45.67
14050800,50.45
14054400,56.43
14058000,63.2
14061600,70.29
14065200,77.23
14068800,83.54
14072400,88.78
14076000,92.62
14079600,94.77
14083200,95.1
14086800,93.59
14090400,90.33
14094000,85.55
14097600,79.57
14101200,72.8
14104800,65.71
14108400,58.77
14112000,52.46
14115600,47.22
14119200,43.38
14122800,41.23
14126400,40.9
14130000,42.41
14133600,45.67
14137200,50.45
14140800,56.43
14144400,63.2
14148000,70.29
14151600,77.23
14155200,83.54
14158800,88.78
14162400,92.62
14166000,94.77
14169600,95.1
14173200,93.59
14176800,90.33
14180400,85.55
14184000,79.57
14187600,72.8
14191200,65.71
14194800,58.77
14198400,52.46
14202000,47.22
14205600,43.38
14209200,41.23
14212800,40.9
14216400,42.41
14220000,45.67
14223600,50.45
14227200,56.43
14230800,63.2
14234400,70.29
14238000,77.23
14241600,83.54
14245200,88.78
14248800,92.62
14252400,94.77
14256000,95.1
14259600,93.59
14263200,90.33
14266800,85.55
14270400,79.57
14274000,72.8
14277600,65.71
14281200,58.77
14284800,52.46
14288400,47.22
14292000,43.38
14295600,41.23
14299200,40.9
14302800,42.41
14306400,45.67
14310000,50.45
14313600,56.43
14317200,63.2
14320800,70.29
14324400,77.23
14328000,83.54
14331600,88.78
14335200,92.62
14338800,94.77
14342400,95.1
14346000,93.59
14349600,90.33
14353200,85.55
14356800,79.57
14360400,72.8
14364000,65.71
14367600,58.77
14371200,52.46
14374800,47.22
14378400,43.38
14382000,41.23
14385600,40.9
14389200,42.41
14392800,45.67
14396400,50.45
14400000,56.43
14403600,63.2
14407200,70.29
14410800,77.23
14414400,83.54
14418000,88.78
14421600,92.62
14425200,94.77
14428800,95.1
14432400,93.59
14436000,90.33
14439600,85.55
14443200,79.57
14446800,72.8
14450400,65.71
14454000,58.77
14457600,52.46
14461200,47.22
14464800,43.38
14468400,41.23
14472000,40.9
14475600,42.41
14479200,45.67
14482800,50.45
14486400,56.43
14490000,63.2
14493600,70.29
14497200,77.23
14500800,83.54
14504400,88.78
14508000,92.62
14511600,94.77
14515200,95.1
14518800,93.59
14522400,90.33
14526000,85.55
14529600,79.57
14533200,72.8
14536800,65.71
14540400,58.77
14544000,52.46
14547600,47.22
14551200,43.38
14554800,41.23
14558400,40.9
14562000,42.41
14565600,45.67
14569200,50.45
14572800,56.43
14576400,63.2
14580000,70.29
14583600,77.23
14587200,83.54
14590800,88.78
14594400,92.62
14598000,94.77
14601600,95.1
14605200,93.59
14608800,90.33
14612400,85.55
14616000,79.57
14619600,72.8
14623200,65.71
14626800,58.77
14630400,52.46
14634000,47.22
14637600,43.38
14641200,41.23
14644800,40.9
14648400,42.41
14652000,45.67
14655600,50.45
14659200,56.43
14662800,63.2
14666400,70.29
14670000,77.23
14673600,83.54
14677200,88.78
14680800,92.62
14684400,94.77
14688000,95.1
14691600,93.59
14695200,90.33
14698800,85.55
14702400,79.57
14706000,72.8
14709600,65.71
14713200,58.77
14716800,52.46
14720400,47.22
14724000,43.38
14727600,41.23
14731200,40.9
14734800,42.41
14738400,45.67
14742000,50.45
14745600,56.43
14749200,63.2
14752800,70.29
14756400,77.23
14760000,83.54
14763600,88.78
14767200,92.62
14770800,94.77
14774400,95.1
14778000,93.59
14781600,90.33
14785200,85.55
14788800,79.57
14792400,72.8
14796000,65.71
14799600,58.77
14803200,52.46
14806800,47.22
14810400,43.38
14814000,41.23
14817600,40.9
14821200,42.41
14824800,45.67
14828400,50.45
14832000,56.43
14835600,63.2
14839200,70.29
14842800,77.23
14846400,83.54
14850000,88.78
14853600,92.62
14857200,94.77
14860800,95.1
14864400,93.59
14868000,90.33
14871600,85.55
14875200,79.57
14878800,72.8
14882400,65.71
14886000,58.77
14889600,52.46
14893200,47.22
14896800,43.38
14900400,41.23
14904000,40.9
14907600,42.41
14911200,45.67
14914800,50.45
14918400,56.43
14922000,63.2
14925600,70.29
14929200,77.23
14932800,83.54
14936400,88.78
14940000,92.62
14943600,94.77
14947200,95.1
14950800,93.59
14954400,90.33
14958000,85.55
14961600,79.57
14965200,72.8
14968800,65.71
14972400,58.77
14976000,52.46
14979600,47.22
14983200,43.38
14986800,41.23
14990400,40.9
14994000,42.41
14997600,45.67
15001200,50.45
15004800,56.43
15008400,63.2
15012000,70.29
15015600,77.23
15019200,83.54
15022800,88.78
15026400,92.62
15030000,94.77
15033600,95.1
15037200,93.59
15040800,90.33
15044400,85.55
15048000,79.57
15051600,72.8
15055200,65.71
15058800,58.77
15062400,52.46
15066000,47.22
15069600,43.38
15073200,41.23
15076800,40.9
15080400,42.41
15084000,45.67
15087600,50.45
15091200,56.43
15094800,63.2
15098400,70.29
15102000,77.23
15105600,83.54
15109200,88.78
15112800,92.62
15116400,94.77
15120000,95.1
15123600,93.59
15127200,90.33
15130800,85.55
15134400,79.57
15138000,72.8
15141600,65.71
15145200,58.77
15148800,52.46
15152400,47.22
15156000,43.38
15159600,41.23
15163200,40.9
15166800,42.41
15170400,45.67
15174000,50.45
15177600,56.43
15181200,63.2
15184800,70.29
15188400,77.23
15192000,83.54
15195600,88.78
15199200,92.62
15202800,94.77
15206400,95.1
15210000,93.59
15213600,90.33
15217200,85.55
15220800,79.57
15224400,72.8
15228000,65.71
15231600,58.77
15235200,52.46
15238800,47.22
15242400,43.38
15246000,41.23
15249600,40.9
15253200,42.41
15256800,45.67
15260400,50.45
15264000,56.43
15267600,63.2
15271200,70.29
15274800,77.23
15278400,83.54
15282000,88.78
15285600,92.62
15289200,94.77
15292800,95.1
15296400,93.59
15300000,90.33
15303600,85.55
15307200,79.57
15310800,72.8
15314400,65.71
15318000,58.77
15321600,52.46
15325200,47.22
15328800,43.38
15332400,41.23
15336000,40.9
15339600,42.41
15343200,45.67
15346800,50.45
15350400,56.43
15354000,63.2
15357600,70.29
15361200,77.23
15364800,83.54
15368400,88.78
15372000,92.62
15375600,94.77
15379200,95.1
15382800,93.59
15386400,90.33
15390000,85.55
15393600,79.57
15397200,72.8
15400800,65.71
15404400,58.77
15408000,52.46
15411600,47.22
15415200,43.38
15418800,41.23
15422400,40.9
15426000,42.41
15429600,45.67
15433200,50.45
15436800,56.43
15440400,63.2
15444000,70.29
15447600,77.23
15451200,83.54
15454800,88.78
15458400,92.62
15462000,94.77
15465600,95.1
15469200,93.59
15472800,90.33
15476400,85.55
15480000,79.57
15483600,72.8
15487200,65.71
15490800,58.77
15494400,52.46
15498000,47.22
15501600,43.38
15505200,41.23
15508800,40.9
15512400,42.41
15516000,45.67
15519600,50.45
15523200,56.43
15526800,63.2
15530400,70.29
15534000,77.23
15537600,83.54
15541200,88.78
15544800,92.62
15548400,94.77
15552000,95.1
15555600,93.59
15559200,90.33
15562800,85.55
15566400,79.57
15570000,72.8
15573600,65.71
15577200,58.77
15580800,52.46
15584400,47.22
15588000,43.38
15591600,41.23
15595200,40.9
15598800,42.41
15602400,45.67
15606000,50.45
15609600,56.43
15613200,63.2
15616800,70.29
15620400,77.23
15624000,83.54
15627600,88.78
15631200,92.62
15634800,94.77
15638400,95.1
15642000,93.59
15645600,90.33
15649200,85.55
15652800,79.57
15656400,72.8
15660000,65.71
15663600,58.77
15667200,52.46
15670800,47.22
15674400,43.38
15678000,41.23
15681600,40.9
15685200,42.41
15688800,45.67
15692400,50.45
15696000,56.43
15699600,63.2
15703200,70.29
15706800,77.23
15710400,83.54
15714000,88.78
15717600,92.62
15721200,94.77
15724800,95.1
15728400,93.59
15732000,90.33
15735600,85.55
15739200,79.57
15742800,72.8
15746400,65.71
15750000,58.77
15753600,52.46
15757200,47.22
15760800,43.38
15764400,41.23
15768000,40.9
15771600,42.41
15775200,45.67
15778800,50.45
15782400,56.43
15786000,63.2
15789600,70.29
15793200,77.23
15796800,83.54
15800400,88.78
15804000,92.62
15807600,94.77
15811200,95.1
15814800,93.59
15818400,90.33
15822000,85.55
15825600,79.57
15829200,72.8
15832800,65.71
15836400,58.77
15840000,52.46
15843600,47.22
15847200,43.38
15850800,41.23
15854400,40.9
15858000,42.41
15861600,45.67
15865200,50.45
15868800,56.43
15872400,63.2
15876000,70.29
15879600,77.23
15883200,83.54
15886800,88.78
15890400,92.62
15894000,94.77
15897600,95.1
15901200,93.59
15904800,90.33
15908400,85.55
15912000,79.57
15915600,72.8
15919200,65.71
15922800,58.77
15926400,52.46
15930000,47.22
15933600,43.38
15937200,41.23
15940800,40.9
15944400,42.41
15948000,45.67
15951600,50.45
15955200,56.43
15958800,63.2
15962400,70.29
15966000,77.23
15969600,83.54
15973200,88.78
15976800,92.62
15980400,94.77
15984000,95.1
15987600,93.59
15991200,90.33
15994800,85.55
15998400,79.57
16002000,72.8
16005600,65.71
16009200,58.77
16012800,52.46
16016400,47.22
16020000,43.38
16023600,41.23
16027200,40.9
16030800,42.41
16034400,45.67
16038000,50.45
16041600,56.43
16045200,63.2
16048800,70.29
16052400,77.23
16056000,83.54
16059600,88.78
16063200,92.62
16066800,94.77
16070400,95.1
16074000,93.59
16077600,90.33
16081200,85.55
16084800,79.57
16088400,72.8
16092000,65.71
16095600,58.77
16099200,52.46
16102800,47.22
16106400,43.38
16110000,41.23
16113600,40.9
16117200,42.41
16120800,45.67
16124400,50.45
16128000,56.43
16131600,63.2
16135200,70.29
16138800,77.23
16142400,83.54
16146000,88.78
16149600,92.62
16153200,94.77
16156800,95.1
16160400,93.59
16164000,90.33
16167600,85.55
16171200,79.57
16174800,72.8
16178400,65.71
16182000,58.77
16185600,52.46
16189200,47.22
16192800,43.38
16196400,41.23
16200000,40.9
16203600,42.41
16207200,45.67
16210800,50.45
16214400,56.43
16218000,63.2
16221600,70.29
16225200,77.23
16228800,83.54
16232400,88.78
16236000,92.62
16239600,94.77
16243200,95.1
16246800,93.59
16250400,90.33
16254000,85.55
16257600,79.57
16261200,72.8
16264800,65.71
16268400,58.77
16272000,52.46
16275600,47.22
16279200,43.38
16282800,41.23
16286400,40.9
16290000,42.41
16293600,45.67
16297200,50.45
16300800,56.43
16304400,63.2
16308000,70.29
16311600,77.23
16315200,83.54
16318800,88.78
16322400,92.62
16326000,94.77
16329600,95.1
16333200,93.59
16336800,90.33
16340400,85.55
16344000,79.57
16347600,72.8
16351200,65.71
16354800,58.77
16358400,52.46
16362000,47.22
16365600,43.38
16369200,41.23
16372800,40.9
16376400,42.41
16380000,45.67
16383600,50.45
16387200,56.43
16390800,63.2
16394400,70.29
16398000,77.23
16401600,83.54
16405200,88.78
16408800,92.62
16412400,94.77
16416000,95.1
16419600,93.59
16423200,90.33
16426800,85.55
16430400,79.57
16434000,72.8
16437600,65.71
16441200,58.77
16444800,52.46
16448400,47.22
16452000,43.38
16455600,41.23
16459200,40.9
16462800,42.41
16466400,45.67
16470000,50.45
16473600,56.43
16477200,63.2
16480800,70.29
16484400,77.23
16488000,83.54
16491600,88.78
16495200,92.62
16498800,94.77
16502400,95.1
16506000,93.59
16509600,90.33
16513200,85.55
16516800,79.57
16520400,72.8
16524000,65.71
16527600,58.77
16531200,52.46
16534800,47.22
16538400,43.38
16542000,41.23
16545600,40.9
16549200,42.41
16552800,45.67
16556400,50.45
16560000,56.43
16563600,63.2
16567200,70.29
16570800,77.23
16574400,83.54
16578000,88.78
16581600,92.62
16585200,94.77
16588800,95.1
16592400,93.59
16596000,90.33
16599600,85.55
16603200,79.57
16606800,72.8
16610400,65.71
16614000,58.77
16617600,52.46
16621200,47.22
16624800,43.38
16628400,41.23
16632000,40.9
16635600,42.41
16639200,45.67
16642800,50.45
16646400,56.43
16650000,63.2
16653600,70.29
16657200,77.23
16660800,83.54
16664400,88.78
16668000,92.62
16671600,94.77
16675200,95.1
16678800,93.59
16682400,90.33
16686000,85.55
16689600,79.57
16693200,72.8
16696800,65.71
16700400,58.77
16704000,52.46
16707600,47.22
16711200,43.38
16714800,41.23
16718400,40.9
16722000,42.41
16725600,45.67
16729200,50.45
16732800,56.43
16736400,63.2
16740000,70.29
16743600,77.23
16747200,83.54
16750800,88.78
16754400,92.62
16758000,94.77
16761600,95.1
16765200,93.59
16768800,90.33
16772400,85.55
16776000,79.57
16779600,72.8
16783200,65.71
16786800,58.77
16790400,52.46
16794000,47.22
16797600,43.38
16801200,41.23
16804800,40.9
16808400,42.41
16812000,45.67
16815600,50.45
16819200,56.43
16822800,63.2
16826400,70.29
16830000,77.23
16833600,83.54
16837200,88.78
16840800,92.62
16844400,94.77
16848000,95.1
16851600,93.59
16855200,90.33
16858800,85.55
16862400,79.57
16866000,72.8
16869600,65.71
16873200,58.77
16876800,52.46
16880400,47.22
16884000,43.38
16887600,41.23
16891200,40.9
16894800,42.41
16898400,45.67
16902000,50.45
16905600,56.43
16909200,63.2
16912800,70.29
16916400,77.23
16920000,83.54
16923600,88.78
16927200,92.62
16930800,94.77
16934400,95.1
16938000,93.59
16941600,90.33
16945200,85.55
16948800,79.57
16952400,72.8
16956000,65.71
16959600,58.77
16963200,52.46
16966800,47.22
16970400,43.38
16974000,41.23
16977600,40.9
16981200,42.41
16984800,45.67
16988400,50.45
16992000,56.43
16995600,63.2
16999200,70.29
17002800,77.23
17006400,83.54
17010000,88.78
17013600,92.62
17017200,94.77
17020800,95.1
17024400,93.59
17028000,90.33
17031600,85.55
17035200,79.57
17038800,72.8
17042400,65.71
17046000,58.77
17049600,52.46
17053200,47.22
17056800,43.38
17060400,41.23
17064000,40.9
17067600,42.41
17071200,45.67
17074800,50.45
17078400,56.43
17082000,63.2
17085600,70.29
17089200,77.23
17092800,83.54
17096400,88.78
17100000,92.62
17103600,94.77
17107200,95.1
17110800,93.59
17114400,90.33
17118000,85.55
17121600,79.57
17125200,72.8
17128800,65.71
17132400,58.77
17136000,52.46
17139600,47.22
17143200,43.38
17146800,41.23
17150400,40.9
17154000,42.41
17157600,45.67
17161200,50.45
17164800,56.43
17168400,63.2
17172000,70.29
17175600,77.23
17179200,83.54
17182800,88.78
17186400,92.62
17190000,94.77
17193600,95.1
17197200,93.59
17200800,90.33
17204400,85.55
17208000,79.57
17211600,72.8
17215200,65.71
17218800,58.77
17222400,52.46
17226000,47.22
17229600,43.38
17233200,41.23
17236800,40.9
17240400,42.41
17244000,45.67
17247600,50.45
17251200,56.43
17254800,63.2
17258400,70.29
17262000,77.23
17265600,83.54
17269200,88.78
17272800,92.62
17276400,94.77
17280000,95.1
17283600,93.59
17287200,90.33
17290800,85.55
17294400,79.57
17298000,72.8
17301600,65.71
17305200,58.77
17308800,52.46
17312400,47.22
17316000,43.38
17319600,41.23
17323200,40.9
17326800,42.41
17330400,45.67
17334000,50.45
17337600,56.43
17341200,63.2
17344800,70.29
17348400,77.23
17352000,83.54
17355600,88.78
17359200,92.62
17362800,94.77
17366400,95.1
17370000,93.59
17373600,90.33
17377200,85.55
17380800,79.57
17384400,72.8
17388000,65.71
17391600,58.77
17395200,52.46
17398800,47.22
17402400,43.38
17406000,41.23
17409600,40.9
17413200,42.41
17416800,45.67
17420400,50.45
17424000,56.43
17427600,63.2
17431200,70.29
17434800,77.23
17438400,83.54
17442000,88.78
17445600,92.62
17449200,94.77
17452800,95.1
17456400,93.59
17460000,90.33
17463600,85.55
17467200,79.57
17470800,72.8
17474400,65.71
17478000,58.77
17481600,52.46
17485200,47.22
17488800,43.38
17492400,41.23
17496000,40.9
17499600,42.41
17503200,45.67
17506800,50.45
17510400,56.43
17514000,63.2
17517600,70.29
17521200,77.23
17524800,83.54
17528400,88.78
17532000,92.62
17535600,94.77
17539200,95.1
17542800,93.59
17546400,90.33
17550000,85.55
17553600,79.57
17557200,72.8
17560800,65.71
17564400,58.77
17568000,52.46
17571600,47.22
17575200,43.38
17578800,41.23
17582400,40.9
17586000,42.41
17589600,45.67
17593200,50.45
17596800,56.43
17600400,63.2
17604000,70.29
17607600,77.23
17611200,83.54
17614800,88.78
17618400,92.62
17622000,94.77
17625600,95.1
17629200,93.59
17632800,90.33
17636400,85.55
17640000,79.57
17643600,72.8
17647200,65.71
17650800,58.77
17654400,52.46
17658000,47.22
17661600,43.38
17665200,41.23
17668800,40.9
17672400,42.41
17676000,45.67
17679600,50.45
17683200,56.43
17686800,63.2
17690400,70.29
17694000,77.23
17697600,83.54
17701200,88.78
17704800,92.62
17708400,94.77
17712000,95.1
17715600,93.59
17719200,90.33
17722800,85.55
17726400,79.57
17730000,72.8
17733600,65.71
17737200,58.77
17740800,52.46
17744400,47.22
17748000,43.38
17751600,41.23
17755200,40.9
17758800,42.41
17762400,45.67
17766000,50.45
17769600,56.43
17773200,63.2
17776800,70.29
17780400,77.23
17784000,83.54
17787600,88.78
17791200,92.62
17794800,94.77
17798400,95.1
17802000,93.59
17805600,90.33
17809200,85.55
17812800,79.57
17816400,72.8
17820000,65.71
17823600,58.77
17827200,52.46
17830800,47.22
17834400,43.38
17838000,41.23
17841600,40.9
17845200,42.41
17848800,45.67
17852400,50.45
17856000,56.43
17859600,63.2
17863200,70.29
17866800,77.23
17870400,83.54
17874000,88.78
17877600,92.62
17881200,94.77
17884800,95.1
17888400,93.59
17892000,90.33
17895600,85.55
17899200,79.57
17902800,72.8
17906400,65.71
17910000,58.77
17913600,52.46
17917200,47.22
17920800,43.38
17924400,41.23
17928000,40.9
17931600,42.41
17935200,45.67
17938800,50.45
17942400,56.43
17946000,63.2
17949600,70.29
17953200,77.23
17956800,83.54
17960400,88.78
17964000,92.62
17967600,94.77
17971200,95.1
17974800,93.59
17978400,90.33
17982000,85.55
17985600,79.57
17989200,72.8
17992800,65.71
17996400,58.77
18000000,52.46
18003600,47.22
18007200,43.38
18010800,41.23
18014400,40.9
18018000,42.41
18021600,45.67
18025200,50.45
18028800,56.43
18032400,63.2
18036000,70.29
18039600,77.23
18043200,83.54
18046800,88.78
18050400,92.62
18054000,94.77
18057600,95.1
18061200,93.59
18064800,90.33
18068400,85.55
18072000,79.57
18075600,72.8
18079200,65.71
18082800,58.77
18086400,52.46
18090000,47.22
18093600,43.38
18097200,41.23
18100800,40.9
18104400,42.41
18108000,45.67
18111600,50.45
18115200,56.43
18118800,63.2
18122400,70.29
18126000,77.23
18129600,83.54
18133200,88.78
18136800,92.62
18140400,94.77
18144000,95.1
18147600,93.59
18151200,90.33
18154800,85.55
18158400,79.57
18162000,72.8
18165600,65.71
18169200,58.77
18172800,52.46
18176400,47.22
18180000,43.38
18183600,41.23
18187200,40.9
18190800,42.41
18194400,45.67
18198000,50.45
18201600,56.43
18205200,63.2
18208800,70.29
18212400,77.23
18216000,83.54
18219600,88.78
18223200,92.62
18226800,94.77
18230400,95.1
18234000,93.59
18237600,90.33
18241200,85.55
18244800,79.57
18248400,72.8
18252000,65.71
18255600,58.77
18259200,52.46
18262800,47.22
18266400,43.38
18270000,41.23
18273600,40.9
18277200,42.41
18280800,45.67
18284400,50.45
18288000,56.43
18291600,63.2
18295200,70.29
18298800,77.23
18302400,83.54
18306000,88.78
18309600,92.62
18313200,94.77
18316800,95.1
18320400,93.59
18324000,90.33
18327600,85.55
18331200,79.57
18334800,72.8
18338400,65.71
18342000,58.77
18345600,52.46
18349200,47.22
18352800,43.38
18356400,41.23
18360000,40.9
18363600,42.41
18367200,45.67
18370800,50.45
18374400,56.43
18378000,63.2
18381600,70.29
18385200,77.23
18388800,83.54
18392400,88.78
18396000,92.62
18399600,94.77
18403200,95.1
18406800,93.59
18410400,90.33
18414000,85.55
18417600,79.57
18421200,72.8
18424800,65.71
18428400,58.77
18432000,52.46
18435600,47.22
18439200,43.38
18442800,41.23
18446400,40.9
18450000,42.41
18453600,45.67
18457200,50.45
18460800,56.43
18464400,63.2
18468000,70.29
18471600,77.23
18475200,83.54
18478800,88.78
18482400,92.62
18486000,94.77
18489600,95.1
18493200,93.59
18496800,90.33
18500400,85.55
18504000,79.57
18507600,72.8
18511200,65.71
18514800,58.77
18518400,52.46
18522000,47.22
18525600,43.38
18529200,41.23
18532800,40.9
18536400,42.41
18540000,45.67
18543600,50.45
18547200,56.43
18550800,63.2
18554400,70.29
18558000,77.23
18561600,83.54
18565200,88.78
18568800,92.62
18572400,94.77
18576000,95.1
18579600,93.59
18583200,90.33
18586800,85.55
18590400,79.57
18594000,72.8
18597600,65.71
18601200,58.77
18604800,52.46
18608400,47.22
18612000,43.38
18615600,41.23
18619200,40.9
18622800,42.41
18626400,45.67
18630000,50.45
18633600,56.43
18637200,63.2
18640800,70.29
18644400,77.23
18648000,83.54
18651600,88.78
18655200,92.62
18658800,94.77
18662400,95.1
18666000,93.59
18669600,90.33
18673200,85.55
18676800,79.57
18680400,72.8
18684000,65.71
18687600,58.77
18691200,52.46
18694800,47.22
18698400,43.38
18702000,41.23
18705600,40.9
18709200,42.41
18712800,45.67
18716400,50.45
18720000,56.43
18723600,63.2
18727200,70.29
18730800,77.23
18734400,83.54
18738000,88.78
18741600,92.62
18745200,94.77
18748800,95.1
18752400,93.59
18756000,90.33
18759600,85.55
18763200,79.57
18766800,72.8
18770400,65.71
18774000,58.77
18777600,52.46
18781200,47.22
18784800,43.38
18788400,41.23
18792000,40.9
18795600,42.41
18799200,45.67
18802800,50.45
18806400,56.43
18810000,63.2
18813600,70.29
18817200,77.23
18820800,83.54
18824400,88.78
18828000,92.62
18831600,94.77
18835200,95.1
18838800,93.59
18842400,90.33
18846000,85.55
18849600,79.57
18853200,72.8
18856800,65.71
18860400,58.77
18864000,52.46
18867600,47.22
18871200,43.38
18874800,41.23
18878400,40.9
18882000,42.41
18885600,45.67
18889200,50.45
18892800,56.43
18896400,63.2
18900000,70.29
18903600,77.23
18907200,83.54
18910800,88.78
18914400,92.62
18918000,94.77
18921600,95.1
18925200,93.59
18928800,90.33
18932400,85.55
18936000,79.57
18939600,72.8
18943200,65.71
18946800,58.77
18950400,52.46
18954000,47.22
18957600,43.38
18961200,41.23
18964800,40.9
18968400,42.41
18972000,45.67
18975600,50.45
18979200,56.43
18982800,63.2
18986400,70.29
18990000,77.23
18993600,83.54
18997200,88.78
19000800,92.62
19004400,94.77
19008000,95.1
19011600,93.59
19015200,90.33
19018800,85.55
19022400,79.57
19026000,72.8
19029600,65.71
19033200,58.77
19036800,52.46
19040400,47.22
19044000,43.38
19047600,41.23
19051200,40.9
19054800,42.41
19058400,45.67
19062000,50.45
19065600,56.43
19069200,63.2
19072800,70.29
19076400,77.23
19080000,83.54
19083600,88.78
19087200,92.62
19090800,94.77
19094400,95.1
19098000,93.59
19101600,90.33
19105200,85.55
19108800,79.57
19112400,72.8
19116000,65.71
19119600,58.77
19123200,52.46
19126800,47.22
19130400,43.38
19134000,41.23
19137600,40.9
19141200,42.41
19144800,45.67
19148400,50.45
19152000,56.43
19155600,63.2
19159200,70.29
19162800,77.23
19166400,83.54
19170000,88.78
19173600,92.62
19177200,94.77
19180800,95.1
19184400,93.59
19188000,90.33
19191600,85.55
19195200,79.57
19198800,72.8
19202400,65.71
19206000,58.77
19209600,52.46
19213200,47.22
19216800,43.38
19220400,41.23
19224000,40.9
19227600,42.41
19231200,45.67
19234800,50.45
19238400,56.43
19242000,63.2
19245600,70.29
19249200,77.23
19252800,83.54
19256400,88.78
19260000,92.62
19263600,94.77
19267200,95.1
19270800,93.59
19274400,90.33
19278000,85.55
19281600,79.57
19285200,72.8
19288800,65.71
19292400,58.77
19296000,52.46
19299600,47.22
19303200,43.38
19306800,41.23
19310400,40.9
19314000,42.41
19317600,45.67
19321200,50.45
19324800,56.43
19328400,63.2
19332000,70.29
19335600,77.23
19339200,83.54
19342800,88.78
19346400,92.62
19350000,94.77
19353600,95.1
19357200,93.59
19360800,90.33
19364400,85.55
19368000,79.57
19371600,72.8
19375200,65.71
19378800,58.77
19382400,52.46
19386000,47.22
19389600,43.38
19393200,41.23
19396800,40.9
19400400,42.41
19404000,45.67
19407600,50.45
19411200,56.43
19414800,63.2
19418400,70.29
19422000,77.23
19425600,83.54
19429200,88.78
19432800,92.62
19436400,94.77
19440000,95.1
19443600,93.59
19447200,90.33
19450800,85.55
19454400,79.57
19458000,72.8
19461600,65.71
19465200,58.77
19468800,52.46
19472400,47.22
19476000,43.38
19479600,41.23
19483200,40.9
19486800,42.41
19490400,45.67
19494000,50.45
19497600,56.43
19501200,63.2
19504800,70.29
19508400,77.23
19512000,83.54
19515600,88.78
19519200,92.62
19522800,94.77
19526400,95.1
19530000,93.59
19533600,90.33
19537200,85.55
19540800,79.57
19544400,72.8
19548000,65.71
19551600,58.77
19555200,52.46
19558800,47.22
19562400,43.38
19566000,41.23
19569600,40.9
19573200,42.41
19576800,45.67
19580400,50.45
19584000,56.43
19587600,63.2
19591200,70.29
19594800,77.23
19598400,83.54
19602000,88.78
19605600,92.62
19609200,94.77
19612800,95.1
19616400,93.59
19620000,90.33
19623600,85.55
19627200,79.57
19630800,72.8
19634400,65.71
19638000,58.77
19641600,52.46
19645200,47.22
19648800,43.38
19652400,41.23
19656000,40.9
19659600,42.41
19663200,45.67
19666800,50.45
19670400,56.43
19674000,63.2
19677600,70.29
19681200,77.23
19684800,83.54
19688400,88.78
19692000,92.62
19695600,94.77
19699200,95.1
19702800,93.59
19706400,90.33
19710000,85.55
19713600,79.57
19717200,72.8
19720800,65.71
19724400,58.77
19728000,52.46
19731600,47.22
19735200,43.38
19738800,41.23
19742400,40.9
19746000,42.41
19749600,45.67
19753200,50.45
19756800,56.43
19760400,63.2
19764000,70.29
19767600,77.23
19771200,83.54
19774800,88.78
19778400,92.62
19782000,94.77
19785600,95.1
19789200,93.59
19792800,90.33
19796400,85.55
19800000,79.57
19803600,72.8
19807200,65.71
19810800,58.77
19814400,52.46
19818000,47.22
19821600,43.38
19825200,41.23
19828800,40.9
19832400,42.41
19836000,45.67
19839600,50.45
19843200,56.43
19846800,63.2
19850400,70.29
19854000,77.23
19857600,83.54
19861200,88.78
19864800,92.62
19868400,94.77
19872000,95.1
19875600,93.59
19879200,90.33
19882800,85.55
19886400,79.57
19890000,72.8
19893600,65.71
19897200,58.77
19900800,52.46
19904400,47.22
19908000,43.38
19911600,41.23
19915200,40.9
19918800,42.41
19922400,45.67
19926000,50.45
19929600,56.43
19933200,63.2
19936800,70.29
19940400,77.23
19944000,83.54
19947600,88.78
19951200,92.62
19954800,94.77
19958400,95.1
19962000,93.59
19965600,90.33
19969200,85.55
19972800,79.57
19976400,72.8
19980000,65.71
19983600,58.77
19987200,52.46
19990800,47.22
19994400,43.38
19998000,41.23
20001600,40.9
20005200,42.41
20008800,45.67
20012400,50.45
20016000,56.43
20019600,63.2
20023200,70.29
20026800,77.23
20030400,83.54
20034000,88.78
20037600,92.62
20041200,94.77
20044800,95.1
20048400,93.59
20052000,90.33
20055600,85.55
20059200,79.57
20062800,72.8
20066400,65.71
20070000,58.77
20073600,52.46
20077200,47.22
20080800,43.38
20084400,41.23
20088000,40.9
20091600,42.41
20095200,45.67
20098800,50.45
20102400,56.43
20106000,63.2
20109600,70.29
20113200,77.23
20116800,83.54
20120400,88.78
20124000,92.62
20127600,94.77
20131200,95.1
20134800,93.59
20138400,90.33
20142000,85.55
20145600,79.57
20149200,72.8
20152800,65.71
20156400,58.77
20160000,52.46
20163600,47.22
20167200,43.38
20170800,41.23
20174400,40.9
20178000,42.41
20181600,45.67
20185200,50.45
20188800,56.43
20192400,63.2
20196000,70.29
20199600,77.23
20203200,83.54
20206800,88.78
20210400,92.62
20214000,94.77
20217600,95.1
20221200,93.59
20224800,90.33
20228400,85.55
20232000,79.57
20235600,72.8
20239200,65.71
20242800,58.77
20246400,52.46
20250000,47.22
20253600,43.38
20257200,41.23
20260800,40.9
20264400,42.41
20268000,45.67
20271600,50.45
20275200,56.43
20278800,63.2
20282400,70.29
20286000,77.23
20289600,83.54
20293200,88.78
20296800,92.62
20300400,94.77
20304000,95.1
20307600,93.59
20311200,90.33
20314800,85.55
20318400,79.57
20322000,72.8
20325600,65.71
20329200,58.77
20332800,52.46
20336400,47.22
20340000,43.38
20343600,41.23
20347200,40.9
20350800,42.41
20354400,45.67
20358000,50.45
20361600,56.43
20365200,63.2
20368800,70.29
20372400,77.23
20376000,83.54
20379600,88.78
20383200,92.62
20386800,94.77
20390400,95.1
20394000,93.59
20397600,90.33
20401200,85.55
20404800,79.57
20408400,72.8
20412000,65.71
20415600,58.77
20419200,52.46
20422800,47.22
20426400,43.38
20430000,41.23
20433600,40.9
20437200,42.41
20440800,45.67
20444400,50.45
20448000,56.43
20451600,63.2
20455200,70.29
20458800,77.23
20462400,83.54
20466000,88.78
20469600,92.62
20473200,94.77
20476800,95.1
20480400,93.59
20484000,90.33
20487600,85.55
20491200,79.57
20494800,72.8
20498400,65.71
20502000,58.77
20505600,52.46
20509200,47.22
20512800,43.38
20516400,41.23
20520000,40.9
20523600,42.41
20527200,45.67
20530800,50.45
20534400,56.43
20538000,63.2
20541600,70.29
20545200,77.23
20548800,83.54
20552400,88.78
20556000,92.62
20559600,94.77
20563200,95.1
20566800,93.59
20570400,90.33
20574000,85.55
20577600,79.57
20581200,72.8
20584800,65.71
20588400,58.77
20592000,52.46
20595600,47.22
20599200,43.38
20602800,41.23
20606400,40.9
20610000,42.41
20613600,45.67
20617200,50.45
20620800,56.43
20624400,63.2
20628000,70.29
20631600,77.23
20635200,83.54
20638800,88.78
20642400,92.62
20646000,94.77
20649600,95.1
20653200,93.59
20656800,90.33
20660400,85.55
20664000,79.57
20667600,72.8
20671200,65.71
20674800,58.77
20678400,52.46
20682000,47.22
20685600,43.38
20689200,41.23
20692800,40.9
20696400,42.41
20700000,45.67
20703600,50.45
20707200,56.43
20710800,63.2
20714400,70.29
20718000,77.23
20721600,83.54
20725200,88.78
20728800,92.62
20732400,94.77
20736000,95.1
20739600,93.59
20743200,90.33
20746800,85.55
20750400,79.57
20754000,72.8
20757600,65.71
20761200,58.77
20764800,52.46
20768400,47.22
20772000,43.38
20775600,41.23
20779200,40.9
20782800,42.41
20786400,45.67
20790000,50.45
20793600,56.43
20797200,63.2
20800800,70.29
20804400,77.23
20808000,83.54
20811600,88.78
20815200,92.62
20818800,94.77
20822400,95.1
20826000,93.59
20829600,90.33
20833200,85.55
20836800,79.57
20840400,72.8
20844000,65.71
20847600,58.77
20851200,52.46
20854800,47.22
20858400,43.38
20862000,41.23
20865600,40.9
20869200,42.41
20872800,45.67
20876400,50.45
20880000,56.43
20883600,63.2
20887200,70.29
20890800,77.23
20894400,83.54
20898000,88.78
20901600,92.62
20905200,94.77
20908800,95.1
20912400,93.59
20916000,90.33
20919600,85.55
20923200,79.57
20926800,72.8
20930400,65.71
20934000,58.77
20937600,52.46
20941200,47.22
20944800,43.38
20948400,41.23
20952000,40.9
20955600,42.41
20959200,45.67
20962800,50.45
20966400,56.43
20970000,63.2
20973600,70.29
20977200,77.23
20980800,83.54
20984400,88.78
20988000,92.62
20991600,94.77
20995200,95.1
20998800,93.59
21002400,90.33
21006000,85.55
21009600,79.57
21013200,72.8
21016800,65.71
21020400,58.77
21024000,52.46
21027600,47.22
21031200,43.38
21034800,41.23
21038400,40.9
21042000,42.41
21045600,45.67
21049200,50.45
21052800,56.43
21056400,63.2
21060000,70.29
21063600,77.23
21067200,83.54
21070800,88.78
21074400,92.62
21078000,94.77
21081600,95.1
21085200,93.59
21088800,90.33
21092400,85.55
21096000,79.57
21099600,72.8
21103200,65.71
21106800,58.77
21110400,52.46
21114000,47.22
21117600,43.38
21121200,41.23
21124800,40.9
21128400,42.41
21132000,45.67
21135600,50.45
21139200,56.43
21142800,63.2
21146400,70.29
21150000,77.23
21153600,83.54
21157200,88.78
21160800,92.62
21164400,94.77
21168000,95.1
21171600,93.59
21175200,90.33
21178800,85.55
21182400,79.57
21186000,72.8
21189600,65.71
21193200,58.77
21196800,52.46
21200400,47.22
21204000,43.38
21207600,41.23
21211200,40.9
21214800,42.41
21218400,45.67
21222000,50.45
21225600,56.43
21229200,63.2
21232800,70.29
21236400,77.23
21240000,83.54
21243600,88.78
21247200,92.62
21250800,94.77
21254400,95.1
21258000,93.59
21261600,90.33
21265200,85.55
21268800,79.57
21272400,72.8
21276000,65.71
21279600,58.77
21283200,52.46
21286800,47.22
21290400,43.38
21294000,41.23
21297600,40.9
21301200,42.41
21304800,45.67
21308400,50.45
21312000,56.43
21315600,63.2
21319200,70.29
21322800,77.23
21326400,83.54
21330000,88.78
21333600,92.62
21337200,94.77
21340800,95.1
21344400,93.59
21348000,90.33
21351600,85.55
21355200,79.57
21358800,72.8
21362400,65.71
21366000,58.77
21369600,52.46
21373200,47.22
21376800,43.38
21380400,41.23
21384000,40.9
21387600,42.41
21391200,45.67
21394800,50.45
21398400,56.43
21402000,63.2
21405600,70.29
21409200,77.23
21412800,83.54
21416400,88.78
21420000,92.62
21423600,94.77
21427200,95.1
21430800,93.59
21434400,90.33
21438000,85.55
21441600,79.57
21445200,72.8
21448800,65.71
21452400,58.77
21456000,52.46
21459600,47.22
21463200,43.38
21466800,41.23
21470400,40.9
21474000,42.41
21477600,45.67
21481200,50.45
21484800,56.43
21488400,63.2
21492000,70.29
21495600,77.23
21499200,83.54
21502800,88.78
21506400,92.62
21510000,94.77
21513600,95.1
21517200,93.59
21520800,90.33
21524400,85.55
21528000,79.57
21531600,72.8
21535200,65.71
21538800,58.77
21542400,52.46
21546000,47.22
21549600,43.38
21553200,41.23
21556800,40.9
21560400,42.41
21564000,45.67
21567600,50.45
21571200,56.43
21574800,63.2
21578400,70.29
21582000,77.23
21585600,83.54
21589200,88.78
21592800,92.62
21596400,94.77
21600000,95.1
21603600,93.59
21607200,90.33
21610800,85.55
21614400,79.57
21618000,72.8
21621600,65.71
21625200,58.77
21628800,52.46
21632400,47.22
21636000,43.38
21639600,41.23
21643200,40.9
21646800,42.41
21650400,45.67
21654000,50.45
21657600,56.43
21661200,63.2
21664800,70.29
21668400,77.23
21672000,83.54
21675600,88.78
21679200,92.62
21682800,94.77
21686400,95.1
21690000,93.59
21693600,90.33
21697200,85.55
21700800,79.57
21704400,72.8
21708000,65.71
21711600,58.77
21715200,52.46
21718800,47.22
21722400,43.38
21726000,41.23
21729600,40.9
21733200,42.41
21736800,45.67
21740400,50.45
21744000,56.43
21747600,63.2
21751200,70.29
21754800,77.23
21758400,83.54
21762000,88.78
21765600,92.62
21769200,94.77
21772800,95.1
21776400,93.59
21780000,90.33
21783600,85.55
21787200,79.57
21790800,72.8
21794400,65.71
21798000,58.77
21801600,52.46
21805200,47.22
21808800,43.38
21812400,41.23
21816000,40.9
21819600,42.41
21823200,45.67
21826800,50.45
21830400,56.43
21834000,63.2
21837600,70.29
21841200,77.23
21844800,83.54
21848400,88.78
21852000,92.62
21855600,94.77
21859200,95.1
21862800,93.59
21866400,90.33
21870000,85.55
21873600,79.57
21877200,72.8
21880800,65.71
21884400,58.77
21888000,52.46
21891600,47.22
21895200,43.38
21898800,41.23
21902400,40.9
21906000,42.41
21909600,45.67
21913200,50.45
21916800,56.43
21920400,63.2
21924000,70.29
21927600,77.23
21931200,83.54
21934800,88.78
21938400,92.62
21942000,94.77
21945600,95.1
21949200,93.59
21952800,90.33
21956400,85.55
21960000,79.57
21963600,72.8
21967200,65.71
21970800,58.77
21974400,52.46
21978000,47.22
21981600,43.38
21985200,41.23
21988800,40.9
21992400,42.41
21996000,45.67
21999600,50.45
22003200,56.43
22006800,63.2
22010400,70.29
22014000,77.23
22017600,83.54
22021200,88.78
22024800,92.62
22028400,94.77
22032000,95.1
22035600,93.59
22039200,90.33
22042800,85.55
22046400,79.57
22050000,72.8
22053600,65.71
22057200,58.77
22060800,52.46
22064400,47.22
22068000,43.38
22071600,41.23
22075200,40.9
22078800,42.41
22082400,45.67
22086000,50.45
22089600,56.43
22093200,63.2
22096800,70.29
22100400,77.23
22104000,83.54
22107600,88.78
22111200,92.62
22114800,94.77
22118400,95.1
22122000,93.59
22125600,90.33
22129200,85.55
22132800,79.57
22136400,72.8
22140000,65.71
22143600,58.77
22147200,52.46
22150800,47.22
22154400,43.38
22158000,41.23
22161600,40.9
22165200,42.41
22168800,45.67
22172400,50.45
22176000,56.43
22179600,63.2
22183200,70.29
22186800,77.23
22190400,83.54
22194000,88.78
22197600,92.62
22201200,94.77
22204800,95.1
22208400,93.59
22212000,90.33
22215600,85.55
22219200,79.57
22222800,72.8
22226400,65.71
22230000,58.77
22233600,52.46
22237200,47.22
22240800,43.38
22244400,41.23
22248000,40.9
22251600,42.41
22255200,45.67
22258800,50.45
22262400,56.43
22266000,63.2
22269600,70.29
22273200,77.23
22276800,83.54
22280400,88.78
22284000,92.62
22287600,94.77
22291200,95.1
22294800,93.59
22298400,90.33
22302000,85.55
22305600,79.57
22309200,72.8
22312800,65.71
22316400,58.77
22320000,52.46
22323600,47.22
22327200,43.38
22330800,41.23
22334400,40.9
22338000,42.41
22341600,45.67
22345200,50.45
22348800,56.43
22352400,63.2
22356000,70.29
22359600,77.23
22363200,83.54
22366800,88.78
22370400,92.62
22374000,94.77
22377600,95.1
22381200,93.59
22384800,90.33
22388400,85.55
22392000,79.57
22395600,72.8
22399200,65.71
22402800,58.77
22406400,52.46
22410000,47.22
22413600,43.38
22417200,41.23
22420800,40.9
22424400,42.41
22428000,45.67
22431600,50.45
22435200,56.43
22438800,63.2
22442400,70.29
22446000,77.23
22449600,83.54
22453200,88.78
22456800,92.62
22460400,94.77
22464000,95.1
22467600,93.59
22471200,90.33
22474800,85.55
22478400,79.57
22482000,72.8
22485600,65.71
22489200,58.77
22492800,52.46
22496400,47.22
22500000,43.38
22503600,41.23
22507200,40.9
22510800,42.41
22514400,45.67
22518000,50.45
22521600,56.43
22525200,63.2
22528800,70.29
22532400,77.23
22536000,83.54
22539600,88.78
22543200,92.62
22546800,94.77
22550400,95.1
22554000,93.59
22557600,90.33
22561200,85.55
22564800,79.57
22568400,72.8
22572000,65.71
22575600,58.77
22579200,52.46
22582800,47.22
22586400,43.38
22590000,41.23
22593600,40.9
22597200,42.41
22600800,45.67
22604400,50.45
22608000,56.43
22611600,63.2
22615200,70.29
22618800,77.23
22622400,83.54
22626000,88.78
22629600,92.62
22633200,94.77
22636800,95.1
22640400,93.59
22644000,90.33
22647600,85.55
22651200,79.57
22654800,72.8
22658400,65.71
22662000,58.77
22665600,52.46
22669200,47.22
22672800,43.38
22676400,41.23
22680000,40.9
22683600,42.41
22687200,45.67
22690800,50.45
22694400,56.43
22698000,63.2
22701600,70.29
22705200,77.23
22708800,83.54
22712400,88.78
22716000,92.62
22719600,94.77
22723200,95.1
22726800,93.59
22730400,90.33
22734000,85.55
22737600,79.57
22741200,72.8
22744800,65.71
22748400,58.77
22752000,52.46
22755600,47.22
22759200,43.38
22762800,41.23
22766400,40.9
22770000,42.41
22773600,45.67
22777200,50.45
22780800,56.43
22784400,63.2
22788000,70.29
22791600,77.23
22795200,83.54
22798800,88.78
22802400,92.62
22806000,94.77
22809600,95.1
22813200,93.59
22816800,90.33
22820400,85.55
22824000,79.57
22827600,72.8
22831200,65.71
22834800,58.77
22838400,52.46
22842000,47.22
22845600,43.38
22849200,41.23
22852800,40.9
22856400,42.41
22860000,45.67
22863600,50.45
22867200,56.43
22870800,63.2
22874400,70.29
22878000,77.23
22881600,83.54
22885200,88.78
22888800,92.62
22892400,94.77
22896000,95.1
22899600,93.59
22903200,90.33
22906800,85.55
22910400,79.57
22914000,72.8
22917600,65.71
22921200,58.77
22924800,52.46
22928400,47.22
22932000,43.38
22935600,41.23
22939200,40.9
22942800,42.41
22946400,45.67
22950000,50.45
22953600,56.43
22957200,63.2
22960800,70.29
22964400,77.23
22968000,83.54
22971600,88.78
22975200,92.62
22978800,94.77
22982400,95.1
22986000,93.59
22989600,90.33
22993200,85.55
22996800,79.57
23000400,72.8
23004000,65.71
23007600,58.77
23011200,52.46
23014800,47.22
23018400,43.38
23022000,41.23
23025600,40.9
23029200,42.41
23032800,45.67
23036400,50.45
23040000,56.43
23043600,63.2
23047200,70.29
23050800,77.23
23054400,83.54
23058000,88.78
23061600,92.62
23065200,94.77
23068800,95.1
23072400,93.59
23076000,90.33
23079600,85.55
23083200,79.57
23086800,72.8
23090400,65.71
23094000,58.77
23097600,52.46
23101200,47.22
23104800,43.38
23108400,41.23
23112000,40.9
23115600,42.41
23119200,45.67
23122800,50.45
23126400,56.43
23130000,63.2
23133600,70.29
23137200,77.23
23140800,83.54
23144400,88.78
23148000,92.62
23151600,94.77
23155200,95.1
23158800,93.59
23162400,90.33
23166000,85.55
23169600,79.57
23173200,72.8
23176800,65.71
23180400,58.77
23184000,52.46
23187600,47.22
23191200,43.38
23194800,41.23
23198400,40.9
23202000,42.41
23205600,45.67
23209200,50.45
23212800,56.43
23216400,63.2
23220000,70.29
23223600,77.23
23227200,83.54
23230800,88.78
23234400,92.62
23238000,94.77
23241600,95.1
23245200,93.59
23248800,90.33
23252400,85.55
23256000,79.57
23259600,72.8
23263200,65.71
23266800,58.77
23270400,52.46
23274000,47.22
23277600,43.38
23281200,41.23
23284800,40.9
23288400,42.41
23292000,45.67
23295600,50.45
23299200,56.43
23302800,63.2
23306400,70.29
23310000,77.23
23313600,83.54
23317200,88.78
23320800,92.62
23324400,94.77
23328000,95.1
23331600,93.59
23335200,90.33
23338800,85.55
23342400,79.57
23346000,72.8
23349600,65.71
23353200,58.77
23356800,52.46
23360400,47.22
23364000,43.38
23367600,41.23
23371200,40.9
23374800,42.41
23378400,45.67
23382000,50.45
23385600,56.43
23389200,63.2
23392800,70.29
23396400,77.23
23400000,83.54
23403600,88.78
23407200,92.62
23410800,94.77
23414400,95.1
23418000,93.59
23421600,90.33
23425200,85.55
23428800,79.57
23432400,72.8
23436000,65.71
23439600,58.77
23443200,52.46
23446800,47.22
23450400,43.38
23454000,41.23
23457600,40.9
23461200,42.41
23464800,45.67
23468400,50.45
23472000,56.43
23475600,63.2
23479200,70.29
23482800,77.23
23486400,83.54
23490000,88.78
23493600,92.62
23497200,94.77
23500800,95.1
23504400,93.59
23508000,90.33
23511600,85.55
23515200,79.57
23518800,72.8
23522400,65.71
23526000,58.77
23529600,52.46
23533200,47.22
23536800,43.38
23540400,41.23
23544000,40.9
23547600,42.41
23551200,45.67
23554800,50.45
23558400,56.43
23562000,63.2
23565600,70.29
23569200,77.23
23572800,83.54
23576400,88.78
23580000,92.62
23583600,94.77
23587200,95.1
23590800,93.59
23594400,90.33
23598000,85.55
23601600,79.57
23605200,72.8
23608800,65.71
23612400,58.77
23616000,52.46
23619600,47.22
23623200,43.38
23626800,41.23
23630400,40.9
23634000,42.41
23637600,45.67
23641200,50.45
23644800,56.43
23648400,63.2
23652000,70.29
23655600,77.23
23659200,83.54
23662800,88.78
23666400,92.62
23670000,94.77
23673600,95.1
23677200,93.59
23680800,90.33
23684400,85.55
23688000,79.57
23691600,72.8
23695200,65.71
23698800,58.77
23702400,52.46
23706000,47.22
23709600,43.38
23713200,41.23
23716800,40.9
23720400,42.41
23724000,45.67
23727600,50.45
23731200,56.43
23734800,63.2
23738400,70.29
23742000,77.23
23745600,83.54
23749200,88.78
23752800,92.62
23756400,94.77
23760000,95.1
23763600,93.59
23767200,90.33
23770800,85.55
23774400,79.57
23778000,72.8
23781600,65.71
23785200,58.77
23788800,52.46
23792400,47.22
23796000,43.38
23799600,41.23
23803200,40.9
23806800,42.41
23810400,45.67
23814000,50.45
23817600,56.43
23821200,63.2
23824800,70.29
23828400,77.23
23832000,83.54
23835600,88.78
23839200,92.62
23842800,94.77
23846400,95.1
23850000,93.59
23853600,90.33
23857200,85.55
23860800,79.57
23864400,72.8
23868000,65.71
23871600,58.77
23875200,52.46
23878800,47.22
23882400,43.38
23886000,41.23
23889600,40.9
23893200,42.41
23896800,45.67
23900400,50.45
23904000,56.43
23907600,63.2
23911200,70.29
23914800,77.23
23918400,83.54
23922000,88.78
23925600,92.62
23929200,94.77
23932800,95.1
23936400,93.59
23940000,90.33
23943600,85.55
23947200,79.57
23950800,72.8
23954400,65.71
23958000,58.77
23961600,52.46
23965200,47.22
23968800,43.38
23972400,41.23
23976000,40.9
23979600,42.41
23983200,45.67
23986800,50.45
23990400,56.43
23994000,63.2
23997600,70.29
24001200,77.23
24004800,83.54
24008400,88.78
24012000,92.62
24015600,94.77
24019200,95.1
24022800,93.59
24026400,90.33
24030000,85.55
24033600,79.57
24037200,72.8
24040800,65.71
24044400,58.77
24048000,52.46
24051600,47.22
24055200,43.38
24058800,41.23
24062400,40.9
24066000,42.41
24069600,45.67
24073200,50.45
24076800,56.43
24080400,63.2
24084000,70.29
24087600,77.23
24091200,83.54
24094800,88.78
24098400,92.62
24102000,94.77
24105600,95.1
24109200,93.59
24112800,90.33
24116400,85.55
24120000,79.57
24123600,72.8
24127200,65.71
24130800,58.77
24134400,52.46
24138000,47.22
24141600,43.38
24145200,41.23
24148800,40.9
24152400,42.41
24156000,45.67
24159600,50.45
24163200,56.43
24166800,63.2
24170400,70.29
24174000,77.23
24177600,83.54
24181200,88.78
24184800,92.62
24188400,94.77
24192000,95.1
24195600,93.59
24199200,90.33
24202800,85.55
24206400,79.57
24210000,72.8
24213600,65.71
24217200,58.77
24220800,52.46
24224400,47.22
24228000,43.38
24231600,41.23
24235200,40.9
24238800,42.41
24242400,45.67
24246000,50.45
24249600,56.43
24253200,63.2
24256800,70.29
24260400,77.23
24264000,83.54
24267600,88.78
24271200,92.62
24274800,94.77
24278400,95.1
24282000,93.59
24285600,90.33
24289200,85.55
24292800,79.57
24296400,72.8
24300000,65.71
24303600,58.77
24307200,52.46
24310800,47.22
24314400,43.38
24318000,41.23
24321600,40.9
24325200,42.41
24328800,45.67
24332400,50.45
24336000,56.43
24339600,63.2
24343200,70.29
24346800,77.23
24350400,83.54
24354000,88.78
24357600,92.62
24361200,94.77
24364800,95.1
24368400,93.59
24372000,90.33
24375600,85.55
24379200,79.57
24382800,72.8
24386400,65.71
24390000,58.77
24393600,52.46
24397200,47.22
24400800,43.38
24404400,41.23
24408000,40.9
24411600,42.41
24415200,45.67
24418800,50.45
24422400,56.43
24426000,63.2
24429600,70.29
24433200,77.23
24436800,83.54
24440400,88.78
24444000,92.62
24447600,94.77
24451200,95.1
24454800,93.59
24458400,90.33
24462000,85.55
24465600,79.57
24469200,72.8
24472800,65.71
24476400,58.77
24480000,52.46
24483600,47.22
24487200,43.38
24490800,41.23
24494400,40.9
24498000,42.41
24501600,45.67
24505200,50.45
24508800,56.43
24512400,63.2
24516000,70.29
24519600,77.23
24523200,83.54
24526800,88.78
24530400,92.62
24534000,94.77
24537600,95.1
24541200,93.59
24544800,90.33
24548400,85.55
24552000,79.57
24555600,72.8
24559200,65.71
24562800,58.77
24566400,52.46
24570000,47.22
24573600,43.38
24577200,41.23
24580800,40.9
24584400,42.41
24588000,45.67
24591600,50.45
24595200,56.43
24598800,63.2
24602400,70.29
24606000,77.23
24609600,83.54
24613200,88.78
24616800,92.62
24620400,94.77
24624000,95.1
24627600,93.59
24631200,90.33
24634800,85.55
24638400,79.57
24642000,72.8
24645600,65.71
24649200,58.77
24652800,52.46
24656400,47.22
24660000,43.38
24663600,41.23
24667200,40.9
24670800,42.41
24674400,45.67
24678000,50.45
24681600,56.43
24685200,63.2
24688800,70.29
24692400,77.23
24696000,83.54
24699600,88.78
24703200,92.62
24706800,94.77
24710400,95.1
24714000,93.59
24717600,90.33
24721200,85.55
24724800,79.57
24728400,72.8
24732000,65.71
24735600,58.77
24739200,52.46
24742800,47.22
24746400,43.38
24750000,41.23
24753600,40.9
24757200,42.41
24760800,45.67
24764400,50.45
24768000,56.43
24771600,63.2
24775200,70.29
24778800,77.23
24782400,83.54
24786000,88.78
24789600,92.62
24793200,94.77
24796800,95.1
24800400,93.59
24804000,90.33
24807600,85.55
24811200,79.57
24814800,72.8
24818400,65.71
24822000,58.77
24825600,52.46
24829200,47.22
24832800,43.38
24836400,41.23
24840000,40.9
24843600,42.41
24847200,45.67
24850800,50.45
24854400,56.43
24858000,63.2
24861600,70.29
24865200,77.23
24868800,83.54
24872400,88.78
24876000,92.62
24879600,94.77
24883200,95.1
24886800,93.59
24890400,90.33
24894000,85.55
24897600,79.57
24901200,72.8
24904800,65.71
24908400,58.77
24912000,52.46
24915600,47.22
24919200,43.38
24922800,41.23
24926400,40.9
24930000,42.41
24933600,45.67
24937200,50.45
24940800,56.43
24944400,63.2
24948000,70.29
24951600,77.23
24955200,83.54
24958800,88.78
24962400,92.62
24966000,94.77
24969600,95.1
24973200,93.59
24976800,90.33
24980400,85.55
24984000,79.57
24987600,72.8
24991200,65.71
24994800,58.77
24998400,52.46
25002000,47.22
25005600,43.38
25009200,41.23
25012800,40.9
25016400,42.41
25020000,45.67
25023600,50.45
25027200,56.43
25030800,63.2
25034400,70.29
25038000,77.23
25041600,83.54
25045200,88.78
25048800,92.62
25052400,94.77
25056000,95.1
25059600,93.59
25063200,90.33
25066800,85.55
25070400,79.57
25074000,72.8
25077600,65.71
25081200,58.77
25084800,52.46
25088400,47.22
25092000,43.38
25095600,41.23
25099200,40.9
25102800,42.41
25106400,45.67
25110000,50.45
25113600,56.43
25117200,63.2
25120800,70.29
25124400,77.23
25128000,83.54
25131600,88.78
25135200,92.62
25138800,94.77
25142400,95.1
25146000,93.59
25149600,90.33
25153200,85.55
25156800,79.57
25160400,72.8
25164000,65.71
25167600,58.77
25171200,52.46
25174800,47.22
25178400,43.38
25182000,41.23
25185600,40.9
25189200,42.41
25192800,45.67
25196400,50.45
25200000,56.43
25203600,63.2
25207200,70.29
25210800,77.23
25214400,83.54
25218000,88.78
25221600,92.62
25225200,94.77
25228800,95.1
25232400,93.59
25236000,90.33
25239600,85.55
25243200,79.57
25246800,72.8
25250400,65.71
25254000,58.77
25257600,52.46
25261200,47.22
25264800,43.38
25268400,41.23
25272000,40.9
25275600,42.41
25279200,45.67
25282800,50.45
25286400,56.43
25290000,63.2
25293600,70.29
25297200,77.23
25300800,83.54
25304400,88.78
25308000,92.62
25311600,94.77
25315200,95.1
25318800,93.59
25322400,90.33
25326000,85.55
25329600,79.57
25333200,72.8
25336800,65.71
25340400,58.77
25344000,52.46
25347600,47.22
25351200,43.38
25354800,41.23
25358400,40.9
25362000,42.41
25365600,45.67
25369200,50.45
25372800,56.43
25376400,63.2
25380000,70.29
25383600,77.23
25387200,83.54
25390800,88.78
25394400,92.62
25398000,94.77
25401600,95.1
25405200,93.59
25408800,90.33
25412400,85.55
25416000,79.57
25419600,72.8
25423200,65.71
25426800,58.77
25430400,52.46
25434000,47.22
25437600,43.38
25441200,41.23
25444800,40.9
25448400,42.41
25452000,45.67
25455600,50.45
25459200,56.43
25462800,63.2
25466400,70.29
25470000,77.23
25473600,83.54
25477200,88.78
25480800,92.62
25484400,94.77
25488000,95.1
25491600,93.59
25495200,90.33
25498800,85.55
25502400,79.57
25506000,72.8
25509600,65.71
25513200,58.77
25516800,52.46
25520400,47.22
25524000,43.38
25527600,41.23
25531200,40.9
25534800,42.41
25538400,45.67
25542000,50.45
25545600,56.43
25549200,63.2
25552800,70.29
25556400,77.23
25560000,83.54
25563600,88.78
25567200,92.62
25570800,94.77
25574400,95.1
25578000,93.59
25581600,90.33
25585200,85.55
25588800,79.57
25592400,72.8
25596000,65.71
25599600,58.77
25603200,52.46
25606800,47.22
25610400,43.38
25614000,41.23
25617600,40.9
25621200,42.41
25624800,45.67
25628400,50.45
25632000,56.43
25635600,63.2
25639200,70.29
25642800,77.23
25646400,83.54
25650000,88.78
25653600,92.62
25657200,94.77
25660800,95.1
25664400,93.59
25668000,90.33
25671600,85.55
25675200,79.57
25678800,72.8
25682400,65.71
25686000,58.77
25689600,52.46
25693200,47.22
25696800,43.38
25700400,41.23
25704000,40.9
25707600,42.41
25711200,45.67
25714800,50.45
25718400,56.43
25722000,63.2
25725600,70.29
25729200,77.23
25732800,83.54
25736400,88.78
25740000,92.62
25743600,94.77
25747200,95.1
25750800,93.59
25754400,90.33
25758000,85.55
25761600,79.57
25765200,72.8
25768800,65.71
25772400,58.77
25776000,52.46
25779600,47.22
25783200,43.38
25786800,41.23
25790400,40.9
25794000,42.41
25797600,45.67
25801200,50.45
25804800,56.43
25808400,63.2
25812000,70.29
25815600,77.23
25819200,83.54
25822800,88.78
25826400,92.62
25830000,94.77
25833600,95.1
25837200,93.59
25840800,90.33
25844400,85.55
25848000,79.57
25851600,72.8
25855200,65.71
25858800,58.77
25862400,52.46
25866000,47.22
25869600,43.38
25873200,41.23
25876800,40.9
25880400,42.41
25884000,45.67
25887600,50.45
25891200,56.43
25894800,63.2
25898400,70.29
25902000,77.23
25905600,83.54
25909200,88.78
25912800,92.62
25916400,94.77
25920000,95.1
25923600,93.59
25927200,90.33
25930800,85.55
25934400,79.57
25938000,72.8
25941600,65.71
25945200,58.77
25948800,52.46
25952400,47.22
25956000,43.38
25959600,41.23
25963200,40.9
25966800,42.41
25970400,45.67
25974000,50.45
25977600,56.43
25981200,63.2
25984800,70.29
25988400,77.23
25992000,83.54
25995600,88.78
25999200,92.62
26002800,94.77
26006400,95.1
26010000,93.59
26013600,90.33
26017200,85.55
26020800,79.57
26024400,72.8
26028000,65.71
26031600,58.77
26035200,52.46
26038800,47.22
26042400,43.38
26046000,41.23
26049600,40.9
26053200,42.41
26056800,45.67
26060400,50.45
26064000,56.43
26067600,63.2
26071200,70.29
26074800,77.23
26078400,83.54
26082000,88.78
26085600,92.62
26089200,94.77
26092800,95.1
26096400,93.59
26100000,90.33
26103600,85.55
26107200,79.57
26110800,72.8
26114400,65.71
26118000,58.77
26121600,52.46
26125200,47.22
26128800,43.38
26132400,41.23
26136000,40.9
26139600,42.41
26143200,45.67
26146800,50.45
26150400,56.43
26154000,63.2
26157600,70.29
26161200,77.23
26164800,83.54
26168400,88.78
26172000,92.62
26175600,94.77
26179200,95.1
26182800,93.59
26186400,90.33
26190000,85.55
26193600,79.57
26197200,72.8
26200800,65.71
26204400,58.77
26208000,52.46
26211600,47.22
26215200,43.38
26218800,41.23
26222400,40.9
26226000,42.41
26229600,45.67
26233200,50.45
26236800,56.43
26240400,63.2
26244000,70.29
26247600,77.23
26251200,83.54
26254800,88.78
26258400,92.62
26262000,94.77
26265600,95.1
26269200,93.59
26272800,90.33
26276400,85.55
26280000,79.57
26283600,72.8
26287200,65.71
26290800,58.77
26294400,52.46
26298000,47.22
26301600,43.38
26305200,41.23
26308800,40.9
26312400,42.41
26316000,45.67
26319600,50.45
26323200,56.43
26326800,63.2
26330400,70.29
26334000,77.23
26337600,83.54
26341200,88.78
26344800,92.62
26348400,94.77
26352000,95.1
26355600,93.59
26359200,90.33
26362800,85.55
26366400,79.57
26370000,72.8
26373600,65.71
26377200,58.77
26380800,52.46
26384400,47.22
26388000,43.38
26391600,41.23
26395200,40.9
26398800,42.41
26402400,45.67
26406000,50.45
26409600,56.43
26413200,63.2
26416800,70.29
26420400,77.23
26424000,83.54
26427600,88.78
26431200,92.62
26434800,94.77
26438400,95.1
26442000,93.59
26445600,90.33
26449200,85.55
26452800,79.57
26456400,72.8
26460000,65.71
26463600,58.77
26467200,52.46
26470800,47.22
26474400,43.38
26478000,41.23
26481600,40.9
26485200,42.41
26488800,45.67
26492400,50.45
26496000,56.43
26499600,63.2
26503200,70.29
26506800,77.23
26510400,83.54
26514000,88.78
26517600,92.62
26521200,94.77
26524800,95.1
26528400,93.59
26532000,90.33
26535600,85.55
26539200,79.57
26542800,72.8
26546400,65.71
26550000,58.77
26553600,52.46
26557200,47.22
26560800,43.38
26564400,41.23
26568000,40.9
26571600,42.41
26575200,45.67
26578800,50.45
26582400,56.43
26586000,63.2
26589600,70.29
26593200,77.23
26596800,83.54
26600400,88.78
26604000,92.62
26607600,94.77
26611200,95.1
26614800,93.59
26618400,90.33
26622000,85.55
26625600,79.57
26629200,72.8
26632800,65.71
26636400,58.77
26640000,52.46
26643600,47.22
26647200,43.38
26650800,41.23
26654400,40.9
26658000,42.41
26661600,45.67
26665200,50.45
26668800,56.43
26672400,63.2
26676000,70.29
26679600,77.23
26683200,83.54
26686800,88.78
26690400,92.62
26694000,94.77
26697600,95.1
26701200,93.59
26704800,90.33
26708400,85.55
26712000,79.57
26715600,72.8
26719200,65.71
26722800,58.77
26726400,52.46
26730000,47.22
26733600,43.38
26737200,41.23
26740800,40.9
26744400,42.41
26748000,45.67
26751600,50.45
26755200,56.43
26758800,63.2
26762400,70.29
26766000,77.23
26769600,83.54
26773200,88.78
26776800,92.62
26780400,94.77
26784000,95.1
26787600,93.59
26791200,90.33
26794800,85.55
26798400,79.57
26802000,72.8
26805600,65.71
26809200,58.77
26812800,52.46
26816400,47.22
26820000,43.38
26823600,41.23
26827200,40.9
26830800,42.41
26834400,45.67
26838000,50.45
26841600,56.43
26845200,63.2
26848800,70.29
26852400,77.23
26856000,83.54
26859600,88.78
26863200,92.62
26866800,94.77
26870400,95.1
26874000,93.59
26877600,90.33
26881200,85.55
26884800,79.57
26888400,72.8
26892000,65.71
26895600,58.77
26899200,52.46
26902800,47.22
26906400,43.38
26910000,41.23
26913600,40.9
26917200,42.41
26920800,45.67
26924400,50.45
26928000,56.43
26931600,63.2
26935200,70.29
26938800,77.23
26942400,83.54
26946000,88.78
26949600,92.62
26953200,94.77
26956800,95.1
26960400,93.59
26964000,90.33
26967600,85.55
26971200,79.57
26974800,72.8
26978400,65.71
26982000,58.77
26985600,52.46
26989200,47.22
26992800,43.38
26996400,41.23
27000000,40.9
27003600,42.41
27007200,45.67
27010800,50.45
27014400,56.43
27018000,63.2
27021600,70.29
27025200,77.23
27028800,83.54
27032400,88.78
27036000,92.62
27039600,94.77
27043200,95.1
27046800,93.59
27050400,90.33
27054000,85.55
27057600,79.57
27061200,72.8
27064800,65.71
27068400,58.77
27072000,52.46
27075600,47.22
27079200,43.38
27082800,41.23
27086400,40.9
27090000,42.41
27093600,45.67
27097200,50.45
27100800,56.43
27104400,63.2
27108000,70.29
27111600,77.23
27115200,83.54
27118800,88.78
27122400,92.62
27126000,94.77
27129600,95.1
27133200,93.59
27136800,90.33
27140400,85.55
27144000,79.57
27147600,72.8
27151200,65.71
27154800,58.77
27158400,52.46
27162000,47.22
27165600,43.38
27169200,41.23
27172800,40.9
27176400,42.41
27180000,45.67
27183600,50.45
27187200,56.43
27190800,63.2
27194400,70.29
27198000,77.23
27201600,83.54
27205200,88.78
27208800,92.62
27212400,94.77
27216000,95.1
27219600,93.59
27223200,90.33
27226800,85.55
27230400,79.57
27234000,72.8
27237600,65.71
27241200,58.77
27244800,52.46
27248400,47.22
27252000,43.38
27255600,41.23
27259200,40.9
27262800,42.41
27266400,45.67
27270000,50.45
27273600,56.43
27277200,63.2
27280800,70.29
27284400,77.23
27288000,83.54
27291600,88.78
27295200,92.62
27298800,94.77
27302400,95.1
27306000,93.59
27309600,90.33
27313200,85.55
27316800,79.57
27320400,72.8
27324000,65.71
27327600,58.77
27331200,52.46
27334800,47.22
27338400,43.38
27342000,41.23
27345600,40.9
27349200,42.41
27352800,45.67
27356400,50.45
27360000,56.43
27363600,63.2
27367200,70.29
27370800,77.23
27374400,83.54
27378000,88.78
27381600,92.62
27385200,94.77
27388800,95.1
27392400,93.59
27396000,90.33
27399600,85.55
27403200,79.57
27406800,72.8
27410400,65.71
27414000,58.77
27417600,52.46
27421200,47.22
27424800,43.38
27428400,41.23
27432000,40.9
27435600,42.41
27439200,45.67
27442800,50.45
27446400,56.43
27450000,63.2
27453600,70.29
27457200,77.23
27460800,83.54
27464400,88.78
27468000,92.62
27471600,94.77
27475200,95.1
27478800,93.59
27482400,90.33
27486000,85.55
27489600,79.57
27493200,72.8
27496800,65.71
27500400,58.77
27504000,52.46
27507600,47.22
27511200,43.38
27514800,41.23
27518400,40.9
27522000,42.41
27525600,45.67
27529200,50.45
27532800,56.43
27536400,63.2
27540000,70.29
27543600,77.23
27547200,83.54
27550800,88.78
27554400,92.62
27558000,94.77
27561600,95.1
27565200,93.59
27568800,90.33
27572400,85.55
27576000,79.57
27579600,72.8
27583200,65.71
27586800,58.77
27590400,52.46
27594000,47.22
27597600,43.38
27601200,41.23
27604800,40.9
27608400,42.41
27612000,45.67
27615600,50.45
27619200,56.43
27622800,63.2
27626400,70.29
27630000,77.23
27633600,83.54
27637200,88.78
27640800,92.62
27644400,94.77
27648000,95.1
27651600,93.59
27655200,90.33
27658800,85.55
27662400,79.57
27666000,72.8
27669600,65.71
27673200,58.77
27676800,52.46
27680400,47.22
27684000,43.38
27687600,41.23
27691200,40.9
27694800,42.41
27698400,45.67
27702000,50.45
27705600,56.43
27709200,63.2
27712800,70.29
27716400,77.23
27720000,83.54
27723600,88.78
27727200,92.62
27730800,94.77
27734400,95.1
27738000,93.59
27741600,90.33
27745200,85.55
27748800,79.57
27752400,72.8
27756000,65.71
27759600,58.77
27763200,52.46
27766800,47.22
27770400,43.38
27774000,41.23
27777600,40.9
27781200,42.41
27784800,45.67
27788400,50.45
27792000,56.43
27795600,63.2
27799200,70.29
27802800,77.23
27806400,83.54
27810000,88.78
27813600,92.62
27817200,94.77
27820800,95.1
27824400,93.59
27828000,90.33
27831600,85.55
27835200,79.57
27838800,72.8
27842400,65.71
27846000,58.77
27849600,52.46
27853200,47.22
27856800,43.38
27860400,41.23
27864000,40.9
27867600,42.41
27871200,45.67
27874800,50.45
27878400,56.43
27882000,63.2
27885600,70.29
27889200,77.23
27892800,83.54
27896400,88.78
27900000,92.62
27903600,94.77
27907200,95.1
27910800,93.59
27914400,90.33
27918000,85.55
27921600,79.57
27925200,72.8
27928800,65.71
27932400,58.77
27936000,52.46
27939600,47.22
27943200,43.38
27946800,41.23
27950400,40.9
27954000,42.41
27957600,45.67
27961200,50.45
27964800,56.43
27968400,63.2
27972000,70.29
27975600,77.23
27979200,83.54
27982800,88.78
27986400,92.62
27990000,94.77
27993600,95.1
27997200,93.59
28000800,90.33
28004400,85.55
28008000,79.57
28011600,72.8
28015200,65.71
28018800,58.77
28022400,52.46
28026000,47.22
28029600,43.38
28033200,41.23
28036800,40.9
28040400,42.41
28044000,45.67
28047600,50.45
28051200,56.43
28054800,63.2
28058400,70.29
28062000,77.23
28065600,83.54
28069200,88.78
28072800,92.62
28076400,94.77
28080000,95.1
28083600,93.59
28087200,90.33
28090800,85.55
28094400,79.57
28098000,72.8
28101600,65.71
28105200,58.77
28108800,52.46
28112400,47.22
28116000,43.38
28119600,41.23
28123200,40.9
28126800,42.41
28130400,45.67
28134000,50.45
28137600,56.43
28141200,63.2
28144800,70.29
28148400,77.23
28152000,83.54
28155600,88.78
28159200,92.62
28162800,94.77
28166400,95.1
28170000,93.59
28173600,90.33
28177200,85.55
28180800,79.57
28184400,72.8
28188000,65.71
28191600,58.77
28195200,52.46
28198800,47.22
28202400,43.38
28206000,41.23
28209600,40.9
28213200,42.41
28216800,45.67
28220400,50.45
28224000,56.43
28227600,63.2
28231200,70.29
28234800,77.23
28238400,83.54
28242000,88.78
28245600,92.62
28249200,94.77
28252800,95.1
28256400,93.59
28260000,90.33
28263600,85.55
28267200,79.57
28270800,72.8
28274400,65.71
28278000,58.77
28281600,52.46
28285200,47.22
28288800,43.38
28292400,41.23
28296000,40.9
28299600,42.41
28303200,45.67
28306800,50.45
28310400,56.43
28314000,63.2
28317600,70.29
28321200,77.23
28324800,83.54
28328400,88.78
28332000,92.62
28335600,94.77
28339200,95.1
28342800,93.59
28346400,90.33
28350000,85.55
28353600,79.57
28357200,72.8
28360800,65.71
28364400,58.77
28368000,52.46
28371600,47.22
28375200,43.38
28378800,41.23
28382400,40.9
28386000,42.41
28389600,45.67
28393200,50.45
28396800,56.43
28400400,63.2
28404000,70.29
28407600,77.23
28411200,83.54
28414800,88.78
28418400,92.62
28422000,94.77
28425600,95.1
28429200,93.59
28432800,90.33
28436400,85.55
28440000,79.57
28443600,72.8
28447200,65.71
28450800,58.77
28454400,52.46
28458000,47.22
28461600,43.38
28465200,41.23
28468800,40.9
28472400,42.41
28476000,45.67
28479600,50.45
28483200,56.43
28486800,63.2
28490400,70.29
28494000,77.23
28497600,83.54
28501200,88.78
28504800,92.62
28508400,94.77
28512000,95.1
28515600,93.59
28519200,90.33
28522800,85.55
28526400,79.57
28530000,72.8
28533600,65.71
28537200,58.77
28540800,52.46
28544400,47.22
28548000,43.38
28551600,41.23
28555200,40.9
28558800,42.41
28562400,45.67
28566000,50.45
28569600,56.43
28573200,63.2
28576800,70.29
28580400,77.23
28584000,83.54
28587600,88.78
28591200,92.62
28594800,94.77
28598400,95.1
28602000,93.59
28605600,90.33
28609200,85.55
28612800,79.57
28616400,72.8
28620000,65.71
28623600,58.77
28627200,52.46
28630800,47.22
28634400,43.38
28638000,41.23
28641600,40.9
28645200,42.41
28648800,45.67
28652400,50.45
28656000,56.43
28659600,63.2
28663200,70.29
28666800,77.23
28670400,83.54
28674000,88.78
28677600,92.62
28681200,94.77
28684800,95.1
28688400,93.59
28692000,90.33
28695600,85.55
28699200,79.57
28702800,72.8
28706400,65.71
28710000,58.77
28713600,52.46
28717200,47.22
28720800,43.38
28724400,41.23
28728000,40.9
28731600,42.41
28735200,45.67
28738800,50.45
28742400,56.43
28746000,63.2
28749600,70.29
28753200,77.23
28756800,83.54
28760400,88.78
28764000,92.62
28767600,94.77
28771200,95.1
28774800,93.59
28778400,90.33
28782000,85.55
28785600,79.57
28789200,72.8
28792800,65.71
28796400,58.77
28800000,52.46
28803600,47.22
28807200,43.38
28810800,41.23
28814400,40.9
28818000,42.41
28821600,45.67
28825200,50.45
28828800,56.43
28832400,63.2
28836000,70.29
28839600,77.23
28843200,83.54
28846800,88.78
28850400,92.62
28854000,94.77
28857600,95.1
28861200,93.59
28864800,90.33
28868400,85.55
28872000,79.57
28875600,72.8
28879200,65.71
28882800,58.77
28886400,52.46
28890000,47.22
28893600,43.38
28897200,41.23
28900800,40.9
28904400,42.41
28908000,45.67
28911600,50.45
28915200,56.43
28918800,63.2
28922400,70.29
28926000,77.23
28929600,83.54
28933200,88.78
28936800,92.62
28940400,94.77
28944000,95.1
28947600,93.59
28951200,90.33
28954800,85.55
28958400,79.57
28962000,72.8
28965600,65.71
28969200,58.77
28972800,52.46
28976400,47.22
28980000,43.38
28983600,41.23
28987200,40.9
28990800,42.41
28994400,45.67
28998000,50.45
29001600,56.43
29005200,63.2
29008800,70.29
29012400,77.23
29016000,83.54
29019600,88.78
29023200,92.62
29026800,94.77
29030400,95.1
29034000,93.59
29037600,90.33
29041200,85.55
29044800,79.57
29048400,72.8
29052000,65.71
29055600,58.77
29059200,52.46
29062800,47.22
29066400,43.38
29070000,41.23
29073600,40.9
29077200,42.41
29080800,45.67
29084400,50.45
29088000,56.43
29091600,63.2
29095200,70.29
29098800,77.23
29102400,83.54
29106000,88.78
29109600,92.62
29113200,94.77
29116800,95.1
29120400,93.59
29124000,90.33
29127600,85.55
29131200,79.57
29134800,72.8
29138400,65.71
29142000,58.77
29145600,52.46
29149200,47.22
29152800,43.38
29156400,41.23
29160000,40.9
29163600,42.41
29167200,45.67
29170800,50.45
29174400,56.43
29178000,63.2
29181600,70.29
29185200,77.23
29188800,83.54
29192400,88.78
29196000,92.62
29199600,94.77
29203200,95.1
29206800,93.59
29210400,90.33
29214000,85.55
29217600,79.57
29221200,72.8
29224800,65.71
29228400,58.77
29232000,52.46
29235600,47.22
29239200,43.38
29242800,41.23
29246400,40.9
29250000,42.41
29253600,45.67
29257200,50.45
29260800,56.43
29264400,63.2
29268000,70.29
29271600,77.23
29275200,83.54
29278800,88.78
29282400,92.62
29286000,94.77
29289600,95.1
29293200,93.59
29296800,90.33
29300400,85.55
29304000,79.57
29307600,72.8
29311200,65.71
29314800,58.77
29318400,52.46
29322000,47.22
29325600,43.38
29329200,41.23
29332800,40.9
29336400,42.41
29340000,45.67
29343600,50.45
29347200,56.43
29350800,63.2
29354400,70.29
29358000,77.23
29361600,83.54
29365200,88.78
29368800,92.62
29372400,94.77
29376000,95.1
29379600,93.59
29383200,90.33
29386800,85.55
29390400,79.57
29394000,72.8
29397600,65.71
29401200,58.77
29404800,52.46
29408400,47.22
29412000,43.38
29415600,41.23
29419200,40.9
29422800,42.41
29426400,45.67
29430000,50.45
29433600,56.43
29437200,63.2
29440800,70.29
29444400,77.23
29448000,83.54
29451600,88.78
29455200,92.62
29458800,94.77
29462400,95.1
29466000,93.59
29469600,90.33
29473200,85.55
29476800,79.57
29480400,72.8
29484000,65.71
29487600,58.77
29491200,52.46
29494800,47.22
29498400,43.38
29502000,41.23
29505600,40.9
29509200,42.41
29512800,45.67
29516400,50.45
29520000,56.43
29523600,63.2
29527200,70.29
29530800,77.23
29534400,83.54
29538000,88.78
29541600,92.62
29545200,94.77
29548800,95.1
29552400,93.59
29556000,90.33
29559600,85.55
29563200,79.57
29566800,72.8
29570400,65.71
29574000,58.77
29577600,52.46
29581200,47.22
29584800,43.38
29588400,41.23
29592000,40.9
29595600,42.41
29599200,45.67
29602800,50.45
29606400,56.43
29610000,63.2
29613600,70.29
29617200,77.23
29620800,83.54
29624400,88.78
29628000,92.62
29631600,94.77
29635200,95.1
29638800,93.59
29642400,90.33
29646000,85.55
29649600,79.57
29653200,72.8
29656800,65.71
29660400,58.77
29664000,52.46
29667600,47.22
29671200,43.38
29674800,41.23
29678400,40.9
29682000,42.41
29685600,45.67
29689200,50.45
29692800,56.43
29696400,63.2
29700000,70.29
29703600,77.23
29707200,83.54
29710800,88.78
29714400,92.62
29718000,94.77
29721600,95.1
29725200,93.59
29728800,90.33
29732400,85.55
29736000,79.57
29739600,72.8
29743200,65.71
29746800,58.77
29750400,52.46
29754000,47.22
29757600,43.38
29761200,41.23
29764800,40.9
29768400,42.41
29772000,45.67
29775600,50.45
29779200,56.43
29782800,63.2
29786400,70.29
29790000,77.23
29793600,83.54
29797200,88.78
29800800,92.62
29804400,94.77
29808000,95.1
29811600,93.59
29815200,90.33
29818800,85.55
29822400,79.57
29826000,72.8
29829600,65.71
29833200,58.77
29836800,52.46
29840400,47.22
29844000,43.38
29847600,41.23
29851200,40.9
29854800,42.41
29858400,45.67
29862000,50.45
29865600,56.43
29869200,63.2
29872800,70.29
29876400,77.23
29880000,83.54
29883600,88.78
29887200,92.62
29890800,94.77
29894400,95.1
29898000,93.59
29901600,90.33
29905200,85.55
29908800,79.57
29912400,72.8
29916000,65.71
29919600,58.77
29923200,52.46
29926800,47.22
29930400,43.38
29934000,41.23
29937600,40.9
29941200,42.41
29944800,45.67
29948400,50.45
29952000,56.43
29955600,63.2
29959200,70.29
29962800,77.23
29966400,83.54
29970000,88.78
29973600,92.62
29977200,94.77
29980800,95.1
29984400,93.59
29988000,90.33
29991600,85.55
29995200,79.57
29998800,72.8
30002400,65.71
30006000,58.77
30009600,52.46
30013200,47.22
30016800,43.38
30020400,41.23
30024000,40.9
30027600,42.41
30031200,45.67
30034800,50.45
30038400,56.43
30042000,63.2
30045600,70.29
30049200,77.23
30052800,83.54
30056400,88.78
30060000,92.62
30063600,94.77
30067200,95.1
30070800,93.59
30074400,90.33
30078000,85.55
30081600,79.57
30085200,72.8
30088800,65.71
30092400,58.77
30096000,52.46
30099600,47.22
30103200,43.38
30106800,41.23
30110400,40.9
30114000,42.41
30117600,45.67
30121200,50.45
30124800,56.43
30128400,63.2
30132000,70.29
30135600,77.23
30139200,83.54
30142800,88.78
30146400,92.62
30150000,94.77
30153600,95.1
30157200,93.59
30160800,90.33
30164400,85.55
30168000,79.57
30171600,72.8
30175200,65.71
30178800,58.77
30182400,52.46
30186000,47.22
30189600,43.38
30193200,41.23
30196800,40.9
30200400,42.41
30204000,45.67
30207600,50.45
30211200,56.43
30214800,63.2
30218400,70.29
30222000,77.23
30225600,83.54
30229200,88.78
30232800,92.62
30236400,94.77
30240000,95.1
30243600,93.59
30247200,90.33
30250800,85.55
30254400,79.57
30258000,72.8
30261600,65.71
30265200,58.77
30268800,52.46
30272400,47.22
30276000,43.38
30279600,41.23
30283200,40.9
30286800,42.41
30290400,45.67
30294000,50.45
30297600,56.43
30301200,63.2
30304800,70.29
30308400,77.23
30312000,83.54
30315600,88.78
30319200,92.62
30322800,94.77
30326400,95.1
30330000,93.59
30333600,90.33
30337200,85.55
30340800,79.57
30344400,72.8
30348000,65.71
30351600,58.77
30355200,52.46
30358800,47.22
30362400,43.38
30366000,41.23
30369600,40.9
30373200,42.41
30376800,45.67
30380400,50.45
30384000,56.43
30387600,63.2
30391200,70.29
30394800,77.23
30398400,83.54
30402000,88.78
30405600,92.62
30409200,94.77
30412800,95.1
30416400,93.59
30420000,90.33
30423600,85.55
30427200,79.57
30430800,72.8
30434400,65.71
30438000,58.77
30441600,52.46
30445200,47.22
30448800,43.38
30452400,41.23
30456000,40.9
30459600,42.41
30463200,45.67
30466800,50.45
30470400,56.43
30474000,63.2
30477600,70.29
30481200,77.23
30484800,83.54
30488400,88.78
30492000,92.62
30495600,94.77
30499200,95.1
30502800,93.59
30506400,90.33
30510000,85.55
30513600,79.57
30517200,72.8
30520800,65.71
30524400,58.77
30528000,52.46
30531600,47.22
30535200,43.38
30538800,41.23
30542400,40.9
30546000,42.41
30549600,45.67
30553200,50.45
30556800,56.43
30560400,63.2
30564000,70.29
30567600,77.23
30571200,83.54
30574800,88.78
30578400,92.62
30582000,94.77
30585600,95.1
30589200,93.59
30592800,90.33
30596400,85.55
30600000,79.57
30603600,72.8
30607200,65.71
30610800,58.77
30614400,52.46
30618000,47.22
30621600,43.38
30625200,41.23
30628800,40.9
30632400,42.41
30636000,45.67
30639600,50.45
30643200,56.43
30646800,63.2
30650400,70.29
30654000,77.23
30657600,83.54
30661200,88.78
30664800,92.62
30668400,94.77
30672000,95.1
30675600,93.59
30679200,90.33
30682800,85.55
30686400,79.57
30690000,72.8
30693600,65.71
30697200,58.77
30700800,52.46
30704400,47.22
30708000,43.38
30711600,41.23
30715200,40.9
30718800,42.41
30722400,45.67
30726000,50.45
30729600,56.43
30733200,63.2
30736800,70.29
30740400,77.23
30744000,83.54
30747600,88.78
30751200,92.62
30754800,94.77
30758400,95.1
30762000,93.59
30765600,90.33
30769200,85.55
30772800,79.57
30776400,72.8
30780000,65.71
30783600,58.77
30787200,52.46
30790800,47.22
30794400,43.38
30798000,41.23
30801600,40.9
30805200,42.41
30808800,45.67
30812400,50.45
30816000,56.43
30819600,63.2
30823200,70.29
30826800,77.23
30830400,83.54
30834000,88.78
30837600,92.62
30841200,94.77
30844800,95.1
30848400,93.59
30852000,90.33
30855600,85.55
30859200,79.57
30862800,72.8
30866400,65.71
30870000,58.77
30873600,52.46
30877200,47.22
30880800,43.38
30884400,41.23
30888000,40.9
30891600,42.41
30895200,45.67
30898800,50.45
30902400,56.43
30906000,63.2
30909600,70.29
30913200,77.23
30916800,83.54
30920400,88.78
30924000,92.62
30927600,94.77
30931200,95.1
30934800,93.59
30938400,90.33
30942000,85.55
30945600,79.57
30949200,72.8
30952800,65.71
30956400,58.77
30960000,52.46
30963600,47.22
30967200,43.38
30970800,41.23
30974400,40.9
30978000,42.41
30981600,45.67
30985200,50.45
30988800,56.43
30992400,63.2
30996000,70.29
30999600,77.23
31003200,83.54
31006800,88.78
31010400,92.62
31014000,94.77
31017600,95.1
31021200,93.59
31024800,90.33
31028400,85.55
31032000,79.57
31035600,72.8
31039200,65.71
31042800,58.77
31046400,52.46
31050000,47.22
31053600,43.38
31057200,41.23
31060800,40.9
31064400,42.41
31068000,45.67
31071600,50.45
31075200,56.43
31078800,63.2
31082400,70.29
31086000,77.23
31089600,83.54
31093200,88.78
31096800,92.62
31100400,94.77
31104000,95.1
31107600,93.59
31111200,90.33
31114800,85.55
31118400,79.57
31122000,72.8
31125600,65.71
31129200,58.77
31132800,52.46
31136400,47.22
31140000,43.38
31143600,41.23
31147200,40.9
31150800,42.41
31154400,45.67
31158000,50.45
31161600,56.43
31165200,63.2
31168800,70.29
31172400,77.23
31176000,83.54
31179600,88.78
31183200,92.62
31186800,94.77
31190400,95.1
31194000,93.59
31197600,90.33
31201200,85.55
31204800,79.57
31208400,72.8
31212000,65.71
31215600,58.77
31219200,52.46
31222800,47.22
31226400,43.38
31230000,41.23
31233600,40.9
31237200,42.41
31240800,45.67
31244400,50.45
31248000,56.43
31251600,63.2
31255200,70.29
31258800,77.23
31262400,83.54
31266000,88.78
31269600,92.62
31273200,94.77
31276800,95.1
31280400,93.59
31284000,90.33
31287600,85.55
31291200,79.57
31294800,72.8
31298400,65.71
31302000,58.77
31305600,52.46
31309200,47.22
31312800,43.38
31316400,41.23
31320000,40.9
31323600,42.41
31327200,45.67
31330800,50.45
31334400,56.43
31338000,63.2
31341600,70.29
31345200,77.23
31348800,83.54
31352400,88.78
31356000,92.62
31359600,94.77
31363200,95.1
31366800,93.59
31370400,90.33
31374000,85.55
31377600,79.57
31381200,72.8
31384800,65.71
31388400,58.77
31392000,52.46
31395600,47.22
31399200,43.38
31402800,41.23
31406400,40.9
31410000,42.41
31413600,45.67
31417200,50.45
31420800,56.43
31424400,63.2
31428000,70.29
31431600,77.23
31435200,83.54
31438800,88.78
31442400,92.62
31446000,94.77
31449600,95.1
31453200,93.59
31456800,90.33
31460400,85.55
31464000,79.57
31467600,72.8
31471200,65.71
31474800,58.77
31478400,52.46
31482000,47.22
31485600,43.38
31489200,41.23
31492800,40.9
31496400,42.41
31500000,45.67
31503600,50.45
31507200,56.43
31510800,63.2
31514400,70.29
31518000,77.23
31521600,83.54
31525200,88.78
31528800,92.62
31532400,94.77
31536000,95.1
