t_seconds,gco2_per_kwh
0,109.02
3600,107.09
7200,103.18
10800,97.56
14400,90.6
18000,82.78
21600,74.64
25200,66.73
28800,59.58
32400,53.69
36000,49.46
39600,47.17
43200,46.98
46800,48.91
50400,52.82
54000,58.44
57600,65.4
61200,73.22
64800,81.36
68400,89.27
72000,96.42
75600,102.31
79200,106.54
82800,108.83
86400,109.02
90000,107.09
93600,103.18
97200,97.56
100800,90.6
104400,82.78
108000,74.64
111600,66.73
115200,59.58
118800,53.69
122400,49.46
126000,47.17
129600,46.98
133200,48.91
136800,52.82
140400,58.44
144000,65.4
147600,73.22
151200,81.36
154800,89.27
158400,96.42
162000,102.31
165600,106.54
169200,108.83
172800,109.02
176400,107.09
180000,103.18
183600,97.56
187200,90.6
190800,82.78
194400,74.64
198000,66.73
201600,59.58
205200,53.69
208800,49.46
212400,47.17
216000,46.98
219600,48.91
223200,52.82
226800,58.44
230400,65.4
234000,73.22
237600,81.36
241200,89.27
244800,96.42
248400,102.31
252000,106.54
255600,108.83
259200,109.02
262800,107.09
266400,103.18
270000,97.56
273600,90.6
277200,82.78
280800,74.64
284400,66.73
288000,59.58
291600,53.69
295200,49.46
298800,47.17
302400,46.98
306000,48.91
309600,52.82
313200,58.44
316800,65.4
320400,73.22
324000,81.36
327600,89.27
331200,96.42
334800,102.31
338400,106.54
342000,108.83
345600,109.02
349200,107.09
352800,103.18
356400,97.56
360000,90.6
363600,82.78
367200,74.64
370800,66.73
374400,59.58
378000,53.69
381600,49.46
385200,47.17
388800,46.98
392400,48.91
396000,52.82
399600,58.44
403200,65.4
406800,73.22
410400,81.36
414000,89.27
417600,96.42
421200,102.31
424800,106.54
428400,108.83
432000,109.02
435600,107.09
439200,103.18
442800,97.56
446400,90.6
450000,82.78
453600,74.64
457200,66.73
460800,59.58
464400,53.69
468000,49.46
471600,47.17
475200,46.98
478800,48.91
482400,52.82
486000,58.44
489600,65.4
493200,73.22
496800,81.36
500400,89.27
504000,96.42
507600,102.31
511200,106.54
514800,108.83
518400,109.02
522000,107.09
525600,103.18
529200,97.56
532800,90.6
536400,82.78
540000,74.64
543600,66.73
547200,59.58
550800,53.69
554400,49.46
558000,47.17
561600,46.98
565200,48.91
568800,52.82
572400,58.44
576000,65.4
579600,73.22
583200,81.36
586800,89.27
590400,96.42
594000,102.31
597600,106.54
601200,108.83
604800,109.02
608400,107.09
612000,103.18
615600,97.56
619200,90.6
622800,82.78
626400,74.64
630000,66.73
633600,59.58
637200,53.69
640800,49.46
644400,47.17
648000,46.98
651600,48.91
655200,52.82
658800,58.44
662400,65.4
666000,73.22
669600,81.36
673200,89.27
676800,96.42
680400,102.31
684000,106.54
687600,108.83
691200,109.02
694800,107.09
698400,103.18
702000,97.56
705600,90.6
709200,82.78
712800,74.64
716400,66.73
720000,59.58
723600,53.69
727200,49.46
730800,47.17
734400,46.98
738000,48.91
741600,52.82
745200,58.44
748800,65.4
752400,73.22
756000,81.36
759600,89.27
763200,96.42
766800,102.31
770400,106.54
774000,108.83
777600,109.02
781200,107.09
784800,103.18
788400,97.56
792000,90.6
795600,82.78
799200,74.64
802800,66.73
806400,59.58
810000,53.69
813600,49.46
817200,47.17
820800,46.98
824400,48.91
828000,52.82
831600,58.44
835200,65.4
838800,73.22
842400,81.36
846000,89.27
849600,96.42
853200,102.31
856800,106.54
860400,108.83
864000,109.02
867600,107.09
871200,103.18
874800,97.56
878400,90.6
882000,82.78
885600,74.64
889200,66.73
892800,59.58
896400,53.69
900000,49.46
903600,47.17
907200,46.98
910800,48.91
914400,52.82
918000,58.44
921600,65.4
925200,73.22
928800,81.36
932400,89.27
936000,96.42
939600,102.31
943200,106.54
946800,108.83
950400,109.02
954000,107.09
957600,103.18
961200,97.56
964800,90.6
968400,82.78
972000,74.64
975600,66.73
979200,59.58
982800,53.69
986400,49.46
990000,47.17
993600,46.98
997200,48.91
1000800,52.82
1004400,58.44
1008000,65.4
1011600,73.22
1015200,81.36
1018800,89.27
1022400,96.42
1026000,102.31
1029600,106.54
1033200,108.83
1036800,109.02
1040400,107.09
1044000,103.18
1047600,97.56
1051200,90.6
1054800,82.78
1058400,74.64
1062000,66.73
1065600,59.58
1069200,53.69
1072800,49.46
1076400,47.17
1080000,46.98
1083600,48.91
1087200,52.82
1090800,58.44
1094400,65.4
1098000,73.22
1101600,81.36
1105200,89.27
1108800,96.42
1112400,102.31
1116000,106.54
1119600,108.83
1123200,109.02
1126800,107.09
1130400,103.18
1134000,97.56
1137600,90.6
1141200,82.78
1144800,74.64
1148400,66.73
1152000,59.58
1155600,53.69
1159200,49.46
1162800,47.17
1166400,46.98
1170000,48.91
1173600,52.82
1177200,58.44
1180800,65.4
1184400,73.22
1188000,81.36
1191600,89.27
1195200,96.42
1198800,102.31
1202400,106.54
1206000,108.83
1209600,109.02
1213200,107.09
1216800,103.18
1220400,97.56
1224000,90.6
1227600,82.78
1231200,74.64
1234800,66.73
1238400,59.58
1242000,53.69
1245600,49.46
1249200,47.17
1252800,46.98
1256400,48.91
1260000,52.82
1263600,58.44
1267200,65.4
1270800,73.22
1274400,81.36
1278000,89.27
1281600,96.42
1285200,102.31
1288800,106.54
1292400,108.83
1296000,109.02
1299600,107.09
1303200,103.18
1306800,97.56
1310400,90.6
1314000,82.78
1317600,74.64
1321200,66.73
1324800,59.58
1328400,53.69
1332000,49.46
1335600,47.17
1339200,46.98
1342800,48.91
1346400,52.82
1350000,58.44
1353600,65.4
1357200,73.22
1360800,81.36
1364400,89.27
1368000,96.42
1371600,102.31
1375200,106.54
1378800,108.83
1382400,109.02
1386000,107.09
1389600,103.18
1393200,97.56
1396800,90.6
1400400,82.78
1404000,74.64
1407600,66.73
1411200,59.58
1414800,53.69
1418400,49.46
1422000,47.17
1425600,46.98
1429200,48.91
1432800,52.82
1436400,58.44
1440000,65.4
1443600,73.22
1447200,81.36
1450800,89.27
1454400,96.42
1458000,102.31
1461600,106.54
1465200,108.83
1468800,109.02
1472400,107.09
1476000,103.18
1479600,97.56
1483200,90.6
1486800,82.78
1490400,74.64
1494000,66.73
1497600,59.58
1501200,53.69
1504800,49.46
1508400,47.17
1512000,46.98
1515600,48.91
1519200,52.82
1522800,58.44
1526400,65.4
1530000,73.22
1533600,81.36
1537200,89.27
1540800,96.42
1544400,102.31
1548000,106.54
1551600,108.83
1555200,109.02
1558800,107.09
1562400,103.18
1566000,97.56
1569600,90.6
1573200,82.78
1576800,74.64
1580400,66.73
1584000,59.58
1587600,53.69
1591200,49.46
1594800,47.17
1598400,46.98
1602000,48.91
1605600,52.82
1609200,58.44
1612800,65.4
1616400,73.22
1620000,81.36
1623600,89.27
1627200,96.42
1630800,102.31
1634400,106.54
1638000,108.83
1641600,109.02
1645200,107.09
1648800,103.18
1652400,97.56
1656000,90.6
1659600,82.78
1663200,74.64
1666800,66.73
1670400,59.58
1674000,53.69
1677600,49.46
1681200,47.17
1684800,46.98
1688400,48.91
1692000,52.82
1695600,58.44
1699200,65.4
1702800,73.22
1706400,81.36
1710000,89.27
1713600,96.42
1717200,102.31
1720800,106.54
1724400,108.83
1728000,109.02
1731600,107.09
1735200,103.18
1738800,97.56
1742400,90.6
1746000,82.78
1749600,74.64
1753200,66.73
1756800,59.58
1760400,53.69
1764000,49.46
1767600,47.17
1771200,46.98
1774800,48.91
1778400,52.82
1782000,58.44
1785600,65.4
1789200,73.22
1792800,81.36
1796400,89.27
1800000,96.42
1803600,102.31
1807200,106.54
1810800,108.83
1814400,109.02
1818000,107.09
1821600,103.18
1825200,97.56
1828800,90.6
1832400,82.78
1836000,74.64
1839600,66.73
1843200,59.58
1846800,53.69
1850400,49.46
1854000,47.17
1857600,46.98
1861200,48.91
1864800,52.82
1868400,58.44
1872000,65.4
1875600,73.22
1879200,81.36
1882800,89.27
1886400,96.42
1890000,102.31
1893600,106.54
1897200,108.83
1900800,109.02
1904400,107.09
1908000,103.18
1911600,97.56
1915200,90.6
1918800,82.78
1922400,74.64
1926000,66.73
1929600,59.58
1933200,53.69
1936800,49.46
1940400,47.17
1944000,46.98
1947600,48.91
1951200,52.82
1954800,58.44
1958400,65.4
1962000,73.22
1965600,81.36
1969200,89.27
1972800,96.42
1976400,102.31
1980000,106.54
1983600,108.83
1987200,109.02
1990800,107.09
1994400,103.18
1998000,97.56
2001600,90.6
2005200,82.78
2008800,74.64
2012400,66.73
2016000,59.58
2019600,53.69
2023200,49.46
2026800,47.17
2030400,46.98
2034000,48.91
2037600,52.82
2041200,58.44
2044800,65.4
2048400,73.22
2052000,81.36
2055600,89.27
2059200,96.42
2062800,102.31
2066400,106.54
2070000,108.83
2073600,109.02
2077200,107.09
2080800,103.18
2084400,97.56
2088000,90.6
2091600,82.78
2095200,74.64
2098800,66.73
2102400,59.58
2106000,53.69
2109600,49.46
2113200,47.17
2116800,46.98
2120400,48.91
2124000,52.82
2127600,58.44
2131200,65.4
2134800,73.22
2138400,81.36
2142000,89.27
2145600,96.42
2149200,102.31
2152800,106.54
2156400,108.83
2160000,109.02
2163600,107.09
2167200,103.18
2170800,97.56
2174400,90.6
2178000,82.78
2181600,74.64
2185200,66.73
2188800,59.58
2192400,53.69
2196000,49.46
2199600,47.17
2203200,46.98
2206800,48.91
2210400,52.82
2214000,58.44
2217600,65.4
2221200,73.22
2224800,81.36
2228400,89.27
2232000,96.42
2235600,102.31
2239200,106.54
2242800,108.83
2246400,109.02
2250000,107.09
2253600,103.18
2257200,97.56
2260800,90.6
2264400,82.78
2268000,74.64
2271600,66.73
2275200,59.58
2278800,53.69
2282400,49.46
2286000,47.17
2289600,46.98
2293200,48.91
2296800,52.82
2300400,58.44
2304000,65.4
2307600,73.22
2311200,81.36
2314800,89.27
2318400,96.42
2322000,102.31
2325600,106.54
2329200,108.83
2332800,109.02
2336400,107.09
2340000,103.18
2343600,97.56
2347200,90.6
2350800,82.78
2354400,74.64
2358000,66.73
2361600,59.58
2365200,53.69
2368800,49.46
2372400,47.17
2376000,46.98
2379600,48.91
2383200,52.82
2386800,58.44
2390400,65.4
2394000,73.22
2397600,81.36
2401200,89.27
2404800,96.42
2408400,102.31
2412000,106.54
2415600,108.83
2419200,109.02
2422800,107.09
2426400,103.18
2430000,97.56
2433600,90.6
2437200,82.78
2440800,74.64
2444400,66.73
2448000,59.58
2451600,53.69
2455200,49.46
2458800,47.17
2462400,46.98
2466000,48.91
2469600,52.82
2473200,58.44
2476800,65.4
2480400,73.22
2484000,81.36
2487600,89.27
2491200,96.42
2494800,102.31
2498400,106.54
2502000,108.83
2505600,109.02
2509200,107.09
2512800,103.18
2516400,97.56
2520000,90.6
2523600,82.78
2527200,74.64
2530800,66.73
2534400,59.58
2538000,53.69
2541600,49.46
2545200,47.17
2548800,46.98
2552400,48.91
2556000,52.82
2559600,58.44
2563200,65.4
2566800,73.22
2570400,81.36
2574000,89.27
2577600,96.42
2581200,102.31
2584800,106.54
2588400,108.83
2592000,109.02
2595600,107.09
2599200,103.18
2602800,97.56
2606400,90.6
2610000,82.78
2613600,74.64
2617200,66.73
2620800,59.58
2624400,53.69
2628000,49.46
2631600,47.17
2635200,46.98
2638800,48.91
2642400,52.82
2646000,58.44
2649600,65.4
2653200,73.22
2656800,81.36
2660400,89.27
2664000,96.42
2667600,102.31
2671200,106.54
2674800,108.83
2678400,109.02
2682000,107.09
2685600,103.18
2689200,97.56
2692800,90.6
2696400,82.78
2700000,74.64
2703600,66.73
2707200,59.58
2710800,53.69
2714400,49.46
2718000,47.17
2721600,46.98
2725200,48.91
2728800,52.82
2732400,58.44
2736000,65.4
2739600,73.22
2743200,81.36
2746800,89.27
2750400,96.42
2754000,102.31
2757600,106.54
2761200,108.83
2764800,109.02
2768400,107.09
2772000,103.18
2775600,97.56
2779200,90.6
2782800,82.78
2786400,74.64
2790000,66.73
2793600,59.58
2797200,53.69
2800800,49.46
2804400,47.17
2808000,46.98
2811600,48.91
2815200,52.82
2818800,58.44
2822400,65.4
2826000,73.22
2829600,81.36
2833200,89.27
2836800,96.42
2840400,102.31
2844000,106.54
2847600,108.83
2851200,109.02
2854800,107.09
2858400,103.18
2862000,97.56
2865600,90.6
2869200,82.78
2872800,74.64
2876400,66.73
2880000,59.58
2883600,53.69
2887200,49.46
2890800,47.17
2894400,46.98
2898000,48.91
2901600,52.82
2905200,58.44
2908800,65.4
2912400,73.22
2916000,81.36
2919600,89.27
2923200,96.42
2926800,102.31
2930400,106.54
2934000,108.83
2937600,109.02
2941200,107.09
2944800,103.18
2948400,97.56
2952000,90.6
2955600,82.78
2959200,74.64
2962800,66.73
2966400,59.58
2970000,53.69
2973600,49.46
2977200,47.17
2980800,46.98
2984400,48.91
2988000,52.82
2991600,58.44
2995200,65.4
2998800,73.22
3002400,81.36
3006000,89.27
3009600,96.42
3013200,102.31
3016800,106.54
3020400,108.83
3024000,109.02
3027600,107.09
3031200,103.18
3034800,97.56
3038400,90.6
3042000,82.78
3045600,74.64
3049200,66.73
3052800,59.58
3056400,53.69
3060000,49.46
3063600,47.17
3067200,46.98
3070800,48.91
3074400,52.82
3078000,58.44
3081600,65.4
3085200,73.22
3088800,81.36
3092400,89.27
3096000,96.42
3099600,102.31
3103200,106.54
3106800,108.83
3110400,109.02
3114000,107.09
3117600,103.18
3121200,97.56
3124800,90.6
3128400,82.78
3132000,74.64
3135600,66.73
3139200,59.58
3142800,53.69
3146400,49.46
3150000,47.17
3153600,46.98
3157200,48.91
3160800,52.82
3164400,58.44
3168000,65.4
3171600,73.22
3175200,81.36
3178800,89.27
3182400,96.42
3186000,102.31
3189600,106.54
3193200,108.83
3196800,109.02
3200400,107.09
3204000,103.18
3207600,97.56
3211200,90.6
3214800,82.78
3218400,74.64
3222000,66.73
3225600,59.58
3229200,53.69
3232800,49.46
3236400,47.17
3240000,46.98
3243600,48.91
3247200,52.82
3250800,58.44
3254400,65.4
3258000,73.22
3261600,81.36
3265200,89.27
3268800,96.42
3272400,102.31
3276000,106.54
3279600,108.83
3283200,109.02
3286800,107.09
3290400,103.18
3294000,97.56
3297600,90.6
3301200,82.78
3304800,74.64
3308400,66.73
3312000,59.58
3315600,53.69
3319200,49.46
3322800,47.17
3326400,46.98
3330000,48.91
3333600,52.82
3337200,58.44
3340800,65.4
3344400,73.22
3348000,81.36
3351600,89.27
3355200,96.42
3358800,102.31
3362400,106.54
3366000,108.83
3369600,109.02
3373200,107.09
3376800,103.18
3380400,97.56
3384000,90.6
3387600,82.78
3391200,74.64
3394800,66.73
3398400,59.58
3402000,53.69
3405600,49.46
3409200,47.17
3412800,46.98
3416400,48.91
3420000,52.82
3423600,58.44
3427200,65.4
3430800,73.22
3434400,81.36
3438000,89.27
3441600,96.42
3445200,102.31
3448800,106.54
3452400,108.83
3456000,109.02
3459600,107.09
3463200,103.18
3466800,97.56
3470400,90.6
3474000,82.78
3477600,74.64
3481200,66.73
3484800,59.58
3488400,53.69
3492000,49.46
3495600,47.17
3499200,46.98
3502800,48.91
3506400,52.82
3510000,58.44
3513600,65.4
3517200,73.22
3520800,81.36
3524400,89.27
3528000,96.42
3531600,102.31
3535200,106.54
3538800,108.83
3542400,109.02
3546000,107.09
3549600,103.18
3553200,97.56
3556800,90.6
3560400,82.78
3564000,74.64
3567600,66.73
3571200,59.58
3574800,53.69
3578400,49.46
3582000,47.17
3585600,46.98
3589200,48.91
3592800,52.82
3596400,58.44
3600000,65.4
3603600,73.22
3607200,81.36
3610800,89.27
3614400,96.42
3618000,102.31
3621600,106.54
3625200,108.83
3628800,109.02
3632400,107.09
3636000,103.18
3639600,97.56
3643200,90.6
3646800,82.78
3650400,74.64
3654000,66.73
3657600,59.58
3661200,53.69
3664800,49.46
3668400,47.17
3672000,46.98
3675600,48.91
3679200,52.82
3682800,58.44
3686400,65.4
3690000,73.22
3693600,81.36
3697200,89.27
3700800,96.42
3704400,102.31
3708000,106.54
3711600,108.83
3715200,109.02
3718800,107.09
3722400,103.18
3726000,97.56
3729600,90.6
3733200,82.78
3736800,74.64
3740400,66.73
3744000,59.58
3747600,53.69
3751200,49.46
3754800,47.17
3758400,46.98
3762000,48.91
3765600,52.82
3769200,58.44
3772800,65.4
3776400,73.22
3780000,81.36
3783600,89.27
3787200,96.42
3790800,102.31
3794400,106.54
3798000,108.83
3801600,109.02
3805200,107.09
3808800,103.18
3812400,97.56
3816000,90.6
3819600,82.78
3823200,74.64
3826800,66.73
3830400,59.58
3834000,53.69
3837600,49.46
3841200,47.17
3844800,46.98
3848400,48.91
3852000,52.82
3855600,58.44
3859200,65.4
3862800,73.22
3866400,81.36
3870000,89.27
3873600,96.42
3877200,102.31
3880800,106.54
3884400,108.83
3888000,109.02
3891600,107.09
3895200,103.18
3898800,97.56
3902400,90.6
3906000,82.78
3909600,74.64
3913200,66.73
3916800,59.58
3920400,53.69
3924000,49.46
3927600,47.17
3931200,46.98
3934800,48.91
3938400,52.82
3942000,58.44
3945600,65.4
3949200,73.22
3952800,81.36
3956400,89.27
3960000,96.42
3963600,102.31
3967200,106.54
3970800,108.83
3974400,109.02
3978000,107.09
3981600,103.18
3985200,97.56
3988800,90.6
3992400,82.78
3996000,74.64
3999600,66.73
4003200,59.58
4006800,53.69
4010400,49.46
4014000,47.17
4017600,46.98
4021200,48.91
4024800,52.82
4028400,58.44
4032000,65.4
4035600,73.22
4039200,81.36
4042800,89.27
4046400,96.42
4050000,102.31
4053600,106.54
4057200,108.83
4060800,109.02
4064400,107.09
4068000,103.18
4071600,97.56
4075200,90.6
4078800,82.78
4082400,74.64
4086000,66.73
4089600,59.58
4093200,53.69
4096800,49.46
4100400,47.17
4104000,46.98
4107600,48.91
4111200,52.82
4114800,58.44
4118400,65.4
4122000,73.22
4125600,81.36
4129200,89.27
4132800,96.42
4136400,102.31
4140000,106.54
4143600,108.83
4147200,109.02
4150800,107.09
4154400,103.18
4158000,97.56
4161600,90.6
4165200,82.78
4168800,74.64
4172400,66.73
4176000,59.58
4179600,53.69
4183200,49.46
4186800,47.17
4190400,46.98
4194000,48.91
4197600,52.82
4201200,58.44
4204800,65.4
4208400,73.22
4212000,81.36
4215600,89.27
4219200,96.42
4222800,102.31
4226400,106.54
4230000,108.83
4233600,109.02
4237200,107.09
4240800,103.18
4244400,97.56
4248000,90.6
4251600,82.78
4255200,74.64
4258800,66.73
4262400,59.58
4266000,53.69
4269600,49.46
4273200,47.17
4276800,46.98
4280400,48.91
4284000,52.82
4287600,58.44
4291200,65.4
4294800,73.22
4298400,81.36
4302000,89.27
4305600,96.42
4309200,102.31
4312800,106.54
4316400,108.83
4320000,109.02
4323600,107.09
4327200,103.18
4330800,97.56
4334400,90.6
4338000,82.78
4341600,74.64
4345200,66.73
4348800,59.58
4352400,53.69
4356000,49.46
4359600,47.17
4363200,46.98
4366800,48.91
4370400,52.82
4374000,58.44
4377600,65.4
4381200,73.22
4384800,81.36
4388400,89.27
4392000,96.42
4395600,102.31
4399200,106.54
4402800,108.83
4406400,109.02
4410000,107.09
4413600,103.18
4417200,97.56
4420800,90.6
4424400,82.78
4428000,74.64
4431600,66.73
4435200,59.58
4438800,53.69
4442400,49.46
4446000,47.17
4449600,46.98
4453200,48.91
4456800,52.82
4460400,58.44
4464000,65.4
4467600,73.22
4471200,81.36
4474800,89.27
4478400,96.42
4482000,102.31
4485600,106.54
4489200,108.83
4492800,109.02
4496400,107.09
4500000,103.18
4503600,97.56
4507200,90.6
4510800,82.78
4514400,74.64
4518000,66.73
4521600,59.58
4525200,53.69
4528800,49.46
4532400,47.17
4536000,46.98
4539600,48.91
4543200,52.82
4546800,58.44
4550400,65.4
4554000,73.22
4557600,81.36
4561200,89.27
4564800,96.42
4568400,102.31
4572000,106.54
4575600,108.83
4579200,109.02
4582800,107.09
4586400,103.18
4590000,97.56
4593600,90.6
4597200,82.78
4600800,74.64
4604400,66.73
4608000,59.58
4611600,53.69
4615200,49.46
4618800,47.17
4622400,46.98
4626000,48.91
4629600,52.82
4633200,58.44
4636800,65.4
4640400,73.22
4644000,81.36
4647600,89.27
4651200,96.42
4654800,102.31
4658400,106.54
4662000,108.83
4665600,109.02
4669200,107.09
4672800,103.18
4676400,97.56
4680000,90.6
4683600,82.78
4687200,74.64
4690800,66.73
4694400,59.58
4698000,53.69
4701600,49.46
4705200,47.17
4708800,46.98
4712400,48.91
4716000,52.82
4719600,58.44
4723200,65.4
4726800,73.22
4730400,81.36
4734000,89.27
4737600,96.42
4741200,102.31
4744800,106.54
4748400,108.83
4752000,109.02
4755600,107.09
4759200,103.18
4762800,97.56
4766400,90.6
4770000,82.78
4773600,74.64
4777200,66.73
4780800,59.58
4784400,53.69
4788000,49.46
4791600,47.17
4795200,46.98
4798800,48.91
4802400,52.82
4806000,58.44
4809600,65.4
4813200,73.22
4816800,81.36
4820400,89.27
4824000,96.42
4827600,102.31
4831200,106.54
4834800,108.83
4838400,109.02
4842000,107.09
4845600,103.18
4849200,97.56
4852800,90.6
4856400,82.78
4860000,74.64
4863600,66.73
4867200,59.58
4870800,53.69
4874400,49.46
4878000,47.17
4881600,46.98
4885200,48.91
4888800,52.82
4892400,58.44
4896000,65.4
4899600,73.22
4903200,81.36
4906800,89.27
4910400,96.42
4914000,102.31
4917600,106.54
4921200,108.83
4924800,109.02
4928400,107.09
4932000,103.18
4935600,97.56
4939200,90.6
4942800,82.78
4946400,74.64
4950000,66.73
4953600,59.58
4957200,53.69
4960800,49.46
4964400,47.17
4968000,46.98
4971600,48.91
4975200,52.82
4978800,58.44
4982400,65.4
4986000,73.22
4989600,81.36
4993200,89.27
4996800,96.42
5000400,102.31
5004000,106.54
5007600,108.83
5011200,109.02
5014800,107.09
5018400,103.18
5022000,97.56
5025600,90.6
5029200,82.78
5032800,74.64
5036400,66.73
5040000,59.58
5043600,53.69
5047200,49.46
5050800,47.17
5054400,46.98
5058000,48.91
5061600,52.82
5065200,58.44
5068800,65.4
5072400,73.22
5076000,81.36
5079600,89.27
5083200,96.42
5086800,102.31
5090400,106.54
5094000,108.83
5097600,109.02
5101200,107.09
5104800,103.18
5108400,97.56
5112000,90.6
5115600,82.78
5119200,74.64
5122800,66.73
5126400,59.58
5130000,53.69
5133600,49.46
5137200,47.17
5140800,46.98
5144400,48.91
5148000,52.82
5151600,58.44
5155200,65.4
5158800,73.22
5162400,81.36
5166000,89.27
5169600,96.42
5173200,102.31
5176800,106.54
5180400,108.83
5184000,109.02
5187600,107.09
5191200,103.18
5194800,97.56
5198400,90.6
5202000,82.78
5205600,74.64
5209200,66.73
5212800,59.58
5216400,53.69
5220000,49.46
5223600,47.17
5227200,46.98
5230800,48.91
5234400,52.82
5238000,58.44
5241600,65.4
5245200,73.22
5248800,81.36
5252400,89.27
5256000,96.42
5259600,102.31
5263200,106.54
5266800,108.83
5270400,109.02
5274000,107.09
5277600,103.18
5281200,97.56
5284800,90.6
5288400,82.78
5292000,74.64
5295600,66.73
5299200,59.58
5302800,53.69
5306400,49.46
5310000,47.17
5313600,46.98
5317200,48.91
5320800,52.82
5324400,58.44
5328000,65.4
5331600,73.22
5335200,81.36
5338800,89.27
5342400,96.42
5346000,102.31
5349600,106.54
5353200,108.83
5356800,109.02
5360400,107.09
5364000,103.18
5367600,97.56
5371200,90.6
5374800,82.78
5378400,74.64
5382000,66.73
5385600,59.58
5389200,53.69
5392800,49.46
5396400,47.17
5400000,46.98
5403600,48.91
5407200,52.82
5410800,58.44
5414400,65.4
5418000,73.22
5421600,81.36
5425200,89.27
5428800,96.42
5432400,102.31
5436000,106.54
5439600,108.83
5443200,109.02
5446800,107.09
5450400,103.18
5454000,97.56
5457600,90.6
5461200,82.78
5464800,74.64
5468400,66.73
5472000,59.58
5475600,53.69
5479200,49.46
5482800,47.17
5486400,46.98
5490000,48.91
5493600,52.82
5497200,58.44
5500800,65.4
5504400,73.22
5508000,81.36
5511600,89.27
5515200,96.42
5518800,102.31
5522400,106.54
5526000,108.83
5529600,109.02
5533200,107.09
5536800,103.18
5540400,97.56
5544000,90.6
5547600,82.78
5551200,74.64
5554800,66.73
5558400,59.58
5562000,53.69
5565600,49.46
5569200,47.17
5572800,46.98
5576400,48.91
5580000,52.82
5583600,58.44
5587200,65.4
5590800,73.22
5594400,81.36
5598000,89.27
5601600,96.42
5605200,102.31
5608800,106.54
5612400,108.83
5616000,109.02
5619600,107.09
5623200,103.18
5626800,97.56
5630400,90.6
5634000,82.78
5637600,74.64
5641200,66.73
5644800,59.58
5648400,53.69
5652000,49.46
5655600,47.17
5659200,46.98
5662800,48.91
5666400,52.82
5670000,58.44
5673600,65.4
5677200,73.22
5680800,81.36
5684400,89.27
5688000,96.42
5691600,102.31
5695200,106.54
5698800,108.83
5702400,109.02
5706000,107.09
5709600,103.18
5713200,97.56
5716800,90.6
5720400,82.78
5724000,74.64
5727600,66.73
5731200,59.58
5734800,53.69
5738400,49.46
5742000,47.17
5745600,46.98
5749200,48.91
5752800,52.82
5756400,58.44
5760000,65.4
5763600,73.22
5767200,81.36
5770800,89.27
5774400,96.42
5778000,102.31
5781600,106.54
5785200,108.83
5788800,109.02
5792400,107.09
5796000,103.18
5799600,97.56
5803200,90.6
5806800,82.78
5810400,74.64
5814000,66.73
5817600,59.58
5821200,53.69
5824800,49.46
5828400,47.17
5832000,46.98
5835600,48.91
5839200,52.82
5842800,58.44
5846400,65.4
5850000,73.22
5853600,81.36
5857200,89.27
5860800,96.42
5864400,102.31
5868000,106.54
5871600,108.83
5875200,109.02
5878800,107.09
5882400,103.18
5886000,97.56
5889600,90.6
5893200,82.78
5896800,74.64
5900400,66.73
5904000,59.58
5907600,53.69
5911200,49.46
5914800,47.17
5918400,46.98
5922000,48.91
5925600,52.82
5929200,58.44
5932800,65.4
5936400,73.22
5940000,81.36
5943600,89.27
5947200,96.42
5950800,102.31
5954400,106.54
5958000,108.83
5961600,109.02
5965200,107.09
5968800,103.18
5972400,97.56
5976000,90.6
5979600,82.78
5983200,74.64
5986800,66.73
5990400,59.58
5994000,53.69
5997600,49.46
6001200,47.17
6004800,46.98
6008400,48.91
6012000,52.82
6015600,58.44
6019200,65.4
6022800,73.22
6026400,81.36
6030000,89.27
6033600,96.42
6037200,102.31
6040800,106.54
6044400,108.83
6048000,109.02
6051600,107.09
6055200,103.18
6058800,97.56
6062400,90.6
6066000,82.78
6069600,74.64
6073200,66.73
6076800,59.58
6080400,53.69
6084000,49.46
6087600,47.17
6091200,46.98
6094800,48.91
6098400,52.82
6102000,58.44
6105600,65.4
6109200,73.22
6112800,81.36
6116400,89.27
6120000,96.42
6123600,102.31
6127200,106.54
6130800,108.83
6134400,109.02
6138000,107.09
6141600,103.18
6145200,97.56
6148800,90.6
6152400,82.78
6156000,74.64
6159600,66.73
6163200,59.58
6166800,53.69
6170400,49.46
6174000,47.17
6177600,46.98
6181200,48.91
6184800,52.82
6188400,58.44
6192000,65.4
6195600,73.22
6199200,81.36
6202800,89.27
6206400,96.42
6210000,102.31
6213600,106.54
6217200,108.83
6220800,109.02
6224400,107.09
6228000,103.18
6231600,97.56
6235200,90.6
6238800,82.78
6242400,74.64
6246000,66.73
6249600,59.58
6253200,53.69
6256800,49.46
6260400,47.17
6264000,46.98
6267600,48.91
6271200,52.82
6274800,58.44
6278400,65.4
6282000,73.22
6285600,81.36
6289200,89.27
6292800,96.42
6296400,102.31
6300000,106.54
6303600,108.83
6307200,109.02
6310800,107.09
6314400,103.18
6318000,97.56
6321600,90.6
6325200,82.78
6328800,74.64
6332400,66.73
6336000,59.58
6339600,53.69
6343200,49.46
6346800,47.17
6350400,46.98
6354000,48.91
6357600,52.82
6361200,58.44
6364800,65.4
6368400,73.22
6372000,81.36
6375600,89.27
6379200,96.42
6382800,102.31
6386400,106.54
6390000,108.83
6393600,109.02
6397200,107.09
6400800,103.18
6404400,97.56
6408000,90.6
6411600,82.78
6415200,74.64
6418800,66.73
6422400,59.58
6426000,53.69
6429600,49.46
6433200,47.17
6436800,46.98
6440400,48.91
6444000,52.82
6447600,58.44
6451200,65.4
6454800,73.22
6458400,81.36
6462000,89.27
6465600,96.42
6469200,102.31
6472800,106.54
6476400,108.83
6480000,109.02
6483600,107.09
6487200,103.18
6490800,97.56
6494400,90.6
6498000,82.78
6501600,74.64
6505200,66.73
6508800,59.58
6512400,53.69
6516000,49.46
6519600,47.17
6523200,46.98
6526800,48.91
6530400,52.82
6534000,58.44
6537600,65.4
6541200,73.22
6544800,81.36
6548400,89.27
6552000,96.42
6555600,102.31
6559200,106.54
6562800,108.83
6566400,109.02
6570000,107.09
6573600,103.18
6577200,97.56
6580800,90.6
6584400,82.78
6588000,74.64
6591600,66.73
6595200,59.58
6598800,53.69
6602400,49.46
6606000,47.17
6609600,46.98
6613200,48.91
6616800,52.82
6620400,58.44
6624000,65.4
6627600,73.22
6631200,81.36
6634800,89.27
6638400,96.42
6642000,102.31
6645600,106.54
6649200,108.83
6652800,109.02
6656400,107.09
6660000,103.18
6663600,97.56
6667200,90.6
6670800,82.78
6674400,74.64
6678000,66.73
6681600,59.58
6685200,53.69
6688800,49.46
6692400,47.17
6696000,46.98
6699600,48.91
6703200,52.82
6706800,58.44
6710400,65.4
6714000,73.22
6717600,81.36
6721200,89.27
6724800,96.42
6728400,102.31
6732000,106.54
6735600,108.83
6739200,109.02
6742800,107.09
6746400,103.18
6750000,97.56
6753600,90.6
6757200,82.78
6760800,74.64
6764400,66.73
6768000,59.58
6771600,53.69
6775200,49.46
6778800,47.17
6782400,46.98
6786000,48.91
6789600,52.82
6793200,58.44
6796800,65.4
6800400,73.22
6804000,81.36
6807600,89.27
6811200,96.42
6814800,102.31
6818400,106.54
6822000,108.83
6825600,109.02
6829200,107.09
6832800,103.18
6836400,97.56
6840000,90.6
6843600,82.78
6847200,74.64
6850800,66.73
6854400,59.58
6858000,53.69
6861600,49.46
6865200,47.17
6868800,46.98
6872400,48.91
6876000,52.82
6879600,58.44
6883200,65.4
6886800,73.22
6890400,81.36
6894000,89.27
6897600,96.42
6901200,102.31
6904800,106.54
6908400,108.83
6912000,109.02
6915600,107.09
6919200,103.18
6922800,97.56
6926400,90.6
6930000,82.78
6933600,74.64
6937200,66.73
6940800,59.58
6944400,53.69
6948000,49.46
6951600,47.17
6955200,46.98
6958800,48.91
6962400,52.82
6966000,58.44
6969600,65.4
6973200,73.22
6976800,81.36
6980400,89.27
6984000,96.42
6987600,102.31
6991200,106.54
6994800,108.83
6998400,109.02
7002000,107.09
7005600,103.18
7009200,97.56
7012800,90.6
7016400,82.78
7020000,74.64
7023600,66.73
7027200,59.58
7030800,53.69
7034400,49.46
7038000,47.17
7041600,46.98
7045200,48.91
7048800,52.82
7052400,58.44
7056000,65.4
7059600,73.22
7063200,81.36
7066800,89.27
7070400,96.42
7074000,102.31
7077600,106.54
7081200,108.83
7084800,109.02
7088400,107.09
7092000,103.18
7095600,97.56
7099200,90.6
7102800,82.78
7106400,74.64
7110000,66.73
7113600,59.58
7117200,53.69
7120800,49.46
7124400,47.17
7128000,46.98
7131600,48.91
7135200,52.82
7138800,58.44
7142400,65.4
7146000,73.22
7149600,81.36
7153200,89.27
7156800,96.42
7160400,102.31
7164000,106.54
7167600,108.83
7171200,109.02
7174800,107.09
7178400,103.18
7182000,97.56
7185600,90.6
7189200,82.78
7192800,74.64
7196400,66.73
7200000,59.58
7203600,53.69
7207200,49.46
7210800,47.17
7214400,46.98
7218000,48.91
7221600,52.82
7225200,58.44
7228800,65.4
7232400,73.22
7236000,81.36
7239600,89.27
7243200,96.42
7246800,102.31
7250400,106.54
7254000,108.83
7257600,109.02
7261200,107.09
7264800,103.18
7268400,97.56
7272000,90.6
7275600,82.78
7279200,74.64
7282800,66.73
7286400,59.58
7290000,53.69
7293600,49.46
7297200,47.17
7300800,46.98
7304400,48.91
7308000,52.82
7311600,58.44
7315200,65.4
7318800,73.22
7322400,81.36
7326000,89.27
7329600,96.42
7333200,102.31
7336800,106.54
7340400,108.83
7344000,109.02
7347600,107.09
7351200,103.18
7354800,97.56
7358400,90.6
7362000,82.78
7365600,74.64
7369200,66.73
7372800,59.58
7376400,53.69
7380000,49.46
7383600,47.17
7387200,46.98
7390800,48.91
7394400,52.82
7398000,58.44
7401600,65.4
7405200,73.22
7408800,81.36
7412400,89.27
7416000,96.42
7419600,102.31
7423200,106.54
7426800,108.83
7430400,109.02
7434000,107.09
7437600,103.18
7441200,97.56
7444800,90.6
7448400,82.78
7452000,74.64
7455600,66.73
7459200,59.58
7462800,53.69
7466400,49.46
7470000,47.17
7473600,46.98
7477200,48.91
7480800,52.82
7484400,58.44
7488000,65.4
7491600,73.22
7495200,81.36
7498800,89.27
7502400,96.42
7506000,102.31
7509600,106.54
7513200,108.83
7516800,109.02
7520400,107.09
7524000,103.18
7527600,97.56
7531200,90.6
7534800,82.78
7538400,74.64
7542000,66.73
7545600,59.58
7549200,53.69
7552800,49.46
7556400,47.17
7560000,46.98
7563600,48.91
7567200,52.82
7570800,58.44
7574400,65.4
7578000,73.22
7581600,81.36
7585200,89.27
7588800,96.42
7592400,102.31
7596000,106.54
7599600,108.83
7603200,109.02
7606800,107.09
7610400,103.18
7614000,97.56
7617600,90.6
7621200,82.78
7624800,74.64
7628400,66.73
7632000,59.58
7635600,53.69
7639200,49.46
7642800,47.17
7646400,46.98
7650000,48.91
7653600,52.82
7657200,58.44
7660800,65.4
7664400,73.22
7668000,81.36
7671600,89.27
7675200,96.42
7678800,102.31
7682400,106.54
7686000,108.83
7689600,109.02
7693200,107.09
7696800,103.18
7700400,97.56
7704000,90.6
7707600,82.78
7711200,74.64
7714800,66.73
7718400,59.58
7722000,53.69
7725600,49.46
7729200,47.17
7732800,46.98
7736400,48.91
7740000,52.82
7743600,58.44
7747200,65.4
7750800,73.22
7754400,81.36
7758000,89.27
7761600,96.42
7765200,102.31
7768800,106.54
7772400,108.83
7776000,109.02
7779600,107.09
7783200,103.18
7786800,97.56
7790400,90.6
7794000,82.78
7797600,74.64
7801200,66.73
7804800,59.58
7808400,53.69
7812000,49.46
7815600,47.17
7819200,46.98
7822800,48.91
7826400,52.82
7830000,58.44
7833600,65.4
7837200,73.22
7840800,81.36
7844400,89.27
7848000,96.42
7851600,102.31
7855200,106.54
7858800,108.83
7862400,109.02
7866000,107.09
7869600,103.18
7873200,97.56
7876800,90.6
7880400,82.78
7884000,74.64
7887600,66.73
7891200,59.58
7894800,53.69
7898400,49.46
7902000,47.17
7905600,46.98
7909200,48.91
7912800,52.82
7916400,58.44
7920000,65.4
7923600,73.22
7927200,81.36
7930800,89.27
7934400,96.42
7938000,102.31
7941600,106.54
7945200,108.83
7948800,109.02
7952400,107.09
7956000,103.18
7959600,97.56
7963200,90.6
7966800,82.78
7970400,74.64
7974000,66.73
7977600,59.58
7981200,53.69
7984800,49.46
7988400,47.17
7992000,46.98
7995600,48.91
7999200,52.82
8002800,58.44
8006400,65.4
8010000,73.22
8013600,81.36
8017200,89.27
8020800,96.42
8024400,102.31
8028000,106.54
8031600,108.83
8035200,109.02
8038800,107.09
8042400,103.18
8046000,97.56
8049600,90.6
8053200,82.78
8056800,74.64
8060400,66.73
8064000,59.58
8067600,53.69
8071200,49.46
8074800,47.17
8078400,46.98
8082000,48.91
8085600,52.82
8089200,58.44
8092800,65.4
8096400,73.22
8100000,81.36
8103600,89.27
8107200,96.42
8110800,102.31
8114400,106.54
8118000,108.83
8121600,109.02
8125200,107.09
8128800,103.18
8132400,97.56
8136000,90.6
8139600,82.78
8143200,74.64
8146800,66.73
8150400,59.58
8154000,53.69
8157600,49.46
8161200,47.17
8164800,46.98
8168400,48.91
8172000,52.82
8175600,58.44
8179200,65.4
8182800,73.22
8186400,81.36
8190000,89.27
8193600,96.42
8197200,102.31
8200800,106.54
8204400,108.83
8208000,109.02
8211600,107.09
8215200,103.18
8218800,97.56
8222400,90.6
8226000,82.78
8229600,74.64
8233200,66.73
8236800,59.58
8240400,53.69
8244000,49.46
8247600,47.17
8251200,46.98
8254800,48.91
8258400,52.82
8262000,58.44
8265600,65.4
8269200,73.22
8272800,81.36
8276400,89.27
8280000,96.42
8283600,102.31
8287200,106.54
8290800,108.83
8294400,109.02
8298000,107.09
8301600,103.18
8305200,97.56
8308800,90.6
8312400,82.78
8316000,74.64
8319600,66.73
8323200,59.58
8326800,53.69
8330400,49.46
8334000,47.17
8337600,46.98
8341200,48.91
8344800,52.82
8348400,58.44
8352000,65.4
8355600,73.22
8359200,81.36
8362800,89.27
8366400,96.42
8370000,102.31
8373600,106.54
8377200,108.83
8380800,109.02
8384400,107.09
8388000,103.18
8391600,97.56
8395200,90.6
8398800,82.78
8402400,74.64
8406000,66.73
8409600,59.58
8413200,53.69
8416800,49.46
8420400,47.17
8424000,46.98
8427600,48.91
8431200,52.82
8434800,58.44
8438400,65.4
8442000,73.22
8445600,81.36
8449200,89.27
8452800,96.42
8456400,102.31
8460000,106.54
8463600,108.83
8467200,109.02
8470800,107.09
8474400,103.18
8478000,97.56
8481600,90.6
8485200,82.78
8488800,74.64
8492400,66.73
8496000,59.58
8499600,53.69
8503200,49.46
8506800,47.17
8510400,46.98
8514000,48.91
8517600,52.82
8521200,58.44
8524800,65.4
8528400,73.22
8532000,81.36
8535600,89.27
8539200,96.42
8542800,102.31
8546400,106.54
8550000,108.83
8553600,109.02
8557200,107.09
8560800,103.18
8564400,97.56
8568000,90.6
8571600,82.78
8575200,74.64
8578800,66.73
8582400,59.58
8586000,53.69
8589600,49.46
8593200,47.17
8596800,46.98
8600400,48.91
8604000,52.82
8607600,58.44
8611200,65.4
8614800,73.22
8618400,81.36
8622000,89.27
8625600,96.42
8629200,102.31
8632800,106.54
8636400,108.83
8640000,109.02
8643600,107.09
8647200,103.18
8650800,97.56
8654400,90.6
8658000,82.78
8661600,74.64
8665200,66.73
8668800,59.58
8672400,53.69
8676000,49.46
8679600,47.17
8683200,46.98
8686800,48.91
8690400,52.82
8694000,58.44
8697600,65.4
8701200,73.22
8704800,81.36
8708400,89.27
8712000,96.42
8715600,102.31
8719200,106.54
8722800,108.83
8726400,109.02
8730000,107.09
8733600,103.18
8737200,97.56
8740800,90.6
8744400,82.78
8748000,74.64
8751600,66.73
8755200,59.58
8758800,53.69
8762400,49.46
8766000,47.17
8769600,46.98
8773200,48.91
8776800,52.82
8780400,58.44
8784000,65.4
8787600,73.22
8791200,81.36
8794800,89.27
8798400,96.42
8802000,102.31
8805600,106.54
8809200,108.83
8812800,109.02
8816400,107.09
8820000,103.18
8823600,97.56
8827200,90.6
8830800,82.78
8834400,74.64
8838000,66.73
8841600,59.58
8845200,53.69
8848800,49.46
8852400,47.17
8856000,46.98
8859600,48.91
8863200,52.82
8866800,58.44
8870400,65.4
8874000,73.22
8877600,81.36
8881200,89.27
8884800,96.42
8888400,102.31
8892000,106.54
8895600,108.83
8899200,109.02
8902800,107.09
8906400,103.18
8910000,97.56
8913600,90.6
8917200,82.78
8920800,74.64
8924400,66.73
8928000,59.58
8931600,53.69
8935200,49.46
8938800,47.17
8942400,46.98
8946000,48.91
8949600,52.82
8953200,58.44
8956800,65.4
8960400,73.22
8964000,81.36
8967600,89.27
8971200,96.42
8974800,102.31
8978400,106.54
8982000,108.83
8985600,109.02
8989200,107.09
8992800,103.18
8996400,97.56
9000000,90.6
9003600,82.78
9007200,74.64
9010800,66.73
9014400,59.58
9018000,53.69
9021600,49.46
9025200,47.17
9028800,46.98
9032400,48.91
9036000,52.82
9039600,58.44
9043200,65.4
9046800,73.22
9050400,81.36
9054000,89.27
9057600,96.42
9061200,102.31
9064800,106.54
9068400,108.83
9072000,109.02
9075600,107.09
9079200,103.18
9082800,97.56
9086400,90.6
9090000,82.78
9093600,74.64
9097200,66.73
9100800,59.58
9104400,53.69
9108000,49.46
9111600,47.17
9115200,46.98
9118800,48.91
9122400,52.82
9126000,58.44
9129600,65.4
9133200,73.22
9136800,81.36
9140400,89.27
9144000,96.42
9147600,102.31
9151200,106.54
9154800,108.83
9158400,109.02
9162000,107.09
9165600,103.18
9169200,97.56
9172800,90.6
9176400,82.78
9180000,74.64
9183600,66.73
9187200,59.58
9190800,53.69
9194400,49.46
9198000,47.17
9201600,46.98
9205200,48.91
9208800,52.82
9212400,58.44
9216000,65.4
9219600,73.22
9223200,81.36
9226800,89.27
9230400,96.42
9234000,102.31
9237600,106.54
9241200,108.83
9244800,109.02
9248400,107.09
9252000,103.18
9255600,97.56
9259200,90.6
9262800,82.78
9266400,74.64
9270000,66.73
9273600,59.58
9277200,53.69
9280800,49.46
9284400,47.17
9288000,46.98
9291600,48.91
9295200,52.82
9298800,58.44
9302400,65.4
9306000,73.22
9309600,81.36
9313200,89.27
9316800,96.42
9320400,102.31
9324000,106.54
9327600,108.83
9331200,109.02
9334800,107.09
9338400,103.18
9342000,97.56
9345600,90.6
9349200,82.78
9352800,74.64
9356400,66.73
9360000,59.58
9363600,53.69
9367200,49.46
9370800,47.17
9374400,46.98
9378000,48.91
9381600,52.82
9385200,58.44
9388800,65.4
9392400,73.22
9396000,81.36
9399600,89.27
9403200,96.42
9406800,102.31
9410400,106.54
9414000,108.83
9417600,109.02
9421200,107.09
9424800,103.18
9428400,97.56
9432000,90.6
9435600,82.78
9439200,74.64
9442800,66.73
9446400,59.58
9450000,53.69
9453600,49.46
9457200,47.17
9460800,46.98
9464400,48.91
9468000,52.82
9471600,58.44
9475200,65.4
9478800,73.22
9482400,81.36
9486000,89.27
9489600,96.42
9493200,102.31
9496800,106.54
9500400,108.83
9504000,109.02
9507600,107.09
9511200,103.18
9514800,97.56
9518400,90.6
9522000,82.78
9525600,74.64
9529200,66.73
9532800,59.58
9536400,53.69
9540000,49.46
9543600,47.17
9547200,46.98
9550800,48.91
9554400,52.82
9558000,58.44
9561600,65.4
9565200,73.22
9568800,81.36
9572400,89.27
9576000,96.42
9579600,102.31
9583200,106.54
9586800,108.83
9590400,109.02
9594000,107.09
9597600,103.18
9601200,97.56
9604800,90.6
9608400,82.78
9612000,74.64
9615600,66.73
9619200,59.58
9622800,53.69
9626400,49.46
9630000,47.17
9633600,46.98
9637200,48.91
9640800,52.82
9644400,58.44
9648000,65.4
9651600,73.22
9655200,81.36
9658800,89.27
9662400,96.42
9666000,102.31
9669600,106.54
9673200,108.83
9676800,109.02
9680400,107.09
9684000,103.18
9687600,97.56
9691200,90.6
9694800,82.78
9698400,74.64
9702000,66.73
9705600,59.58
9709200,53.69
9712800,49.46
9716400,47.17
9720000,46.98
9723600,48.91
9727200,52.82
9730800,58.44
9734400,65.4
9738000,73.22
9741600,81.36
9745200,89.27
9748800,96.42
9752400,102.31
9756000,106.54
9759600,108.83
9763200,109.02
9766800,107.09
9770400,103.18
9774000,97.56
9777600,90.6
9781200,82.78
9784800,74.64
9788400,66.73
9792000,59.58
9795600,53.69
9799200,49.46
9802800,47.17
9806400,46.98
9810000,48.91
9813600,52.82
9817200,58.44
9820800,65.4
9824400,73.22
9828000,81.36
9831600,89.27
9835200,96.42
9838800,102.31
9842400,106.54
9846000,108.83
9849600,109.02
9853200,107.09
9856800,103.18
9860400,97.56
9864000,90.6
9867600,82.78
9871200,74.64
9874800,66.73
9878400,59.58
9882000,53.69
9885600,49.46
9889200,47.17
9892800,46.98
9896400,48.91
9900000,52.82
9903600,58.44
9907200,65.4
9910800,73.22
9914400,81.36
9918000,89.27
9921600,96.42
9925200,102.31
9928800,106.54
9932400,108.83
9936000,109.02
9939600,107.09
9943200,103.18
9946800,97.56
9950400,90.6
9954000,82.78
9957600,74.64
9961200,66.73
9964800,59.58
9968400,53.69
9972000,49.46
9975600,47.17
9979200,46.98
9982800,48.91
9986400,52.82
9990000,58.44
9993600,65.4
9997200,73.22
10000800,81.36
10004400,89.27
10008000,96.42
10011600,102.31
10015200,106.54
10018800,108.83
10022400,109.02
10026000,107.09
10029600,103.18
10033200,97.56
10036800,90.6
10040400,82.78
10044000,74.64
10047600,66.73
10051200,59.58
10054800,53.69
10058400,49.46
10062000,47.17
10065600,46.98
10069200,48.91
10072800,52.82
10076400,58.44
10080000,65.4
10083600,73.22
10087200,81.36
10090800,89.27
10094400,96.42
10098000,102.31
10101600,106.54
10105200,108.83
10108800,109.02
10112400,107.09
10116000,103.18
10119600,97.56
10123200,90.6
10126800,82.78
10130400,74.64
10134000,66.73
10137600,59.58
10141200,53.69
10144800,49.46
10148400,47.17
10152000,46.98
10155600,48.91
10159200,52.82
10162800,58.44
10166400,65.4
10170000,73.22
10173600,81.36
10177200,89.27
10180800,96.42
10184400,102.31
10188000,106.54
10191600,108.83
10195200,109.02
10198800,107.09
10202400,103.18
10206000,97.56
10209600,90.6
10213200,82.78
10216800,74.64
10220400,66.73
10224000,59.58
10227600,53.69
10231200,49.46
10234800,47.17
10238400,46.98
10242000,48.91
10245600,52.82
10249200,58.44
10252800,65.4
10256400,73.22
10260000,81.36
10263600,89.27
10267200,96.42
10270800,102.31
10274400,106.54
10278000,108.83
10281600,109.02
10285200,107.09
10288800,103.18
10292400,97.56
10296000,90.6
10299600,82.78
10303200,74.64
10306800,66.73
10310400,59.58
10314000,53.69
10317600,49.46
10321200,47.17
10324800,46.98
10328400,48.91
10332000,52.82
10335600,58.44
10339200,65.4
10342800,73.22
10346400,81.36
10350000,89.27
10353600,96.42
10357200,102.31
10360800,106.54
10364400,108.83
10368000,109.02
10371600,107.09
10375200,103.18
10378800,97.56
10382400,90.6
10386000,82.78
10389600,74.64
10393200,66.73
10396800,59.58
10400400,53.69
10404000,49.46
10407600,47.17
10411200,46.98
10414800,48.91
10418400,52.82
10422000,58.44
10425600,65.4
10429200,73.22
10432800,81.36
10436400,89.27
10440000,96.42
10443600,102.31
10447200,106.54
10450800,108.83
10454400,109.02
10458000,107.09
10461600,103.18
10465200,97.56
10468800,90.6
10472400,82.78
10476000,74.64
10479600,66.73
10483200,59.58
10486800,53.69
10490400,49.46
10494000,47.17
10497600,46.98
10501200,48.91
10504800,52.82
10508400,58.44
10512000,65.4
10515600,73.22
10519200,81.36
10522800,89.27
10526400,96.42
10530000,102.31
10533600,106.54
10537200,108.83
10540800,109.02
10544400,107.09
10548000,103.18
10551600,97.56
10555200,90.6
10558800,82.78
10562400,74.64
10566000,66.73
10569600,59.58
10573200,53.69
10576800,49.46
10580400,47.17
10584000,46.98
10587600,48.91
10591200,52.82
10594800,58.44
10598400,65.4
10602000,73.22
10605600,81.36
10609200,89.27
10612800,96.42
10616400,102.31
10620000,106.54
10623600,108.83
10627200,109.02
10630800,107.09
10634400,103.18
10638000,97.56
10641600,90.6
10645200,82.78
10648800,74.64
10652400,66.73
10656000,59.58
10659600,53.69
10663200,49.46
10666800,47.17
10670400,46.98
10674000,48.91
10677600,52.82
10681200,58.44
10684800,65.4
10688400,73.22
10692000,81.36
10695600,89.27
10699200,96.42
10702800,102.31
10706400,106.54
10710000,108.83
10713600,109.02
10717200,107.09
10720800,103.18
10724400,97.56
10728000,90.6
10731600,82.78
10735200,74.64
10738800,66.73
10742400,59.58
10746000,53.69
10749600,49.46
10753200,47.17
10756800,46.98
10760400,48.91
10764000,52.82
10767600,58.44
10771200,65.4
10774800,73.22
10778400,81.36
10782000,89.27
10785600,96.42
10789200,102.31
10792800,106.54
10796400,108.83
10800000,109.02
10803600,107.09
10807200,103.18
10810800,97.56
10814400,90.6
10818000,82.78
10821600,74.64
10825200,66.73
10828800,59.58
10832400,53.69
10836000,49.46
10839600,47.17
10843200,46.98
10846800,48.91
10850400,52.82
10854000,58.44
10857600,65.4
10861200,73.22
10864800,81.36
10868400,89.27
10872000,96.42
10875600,102.31
10879200,106.54
10882800,108.83
10886400,109.02
10890000,107.09
10893600,103.18
10897200,97.56
10900800,90.6
10904400,82.78
10908000,74.64
10911600,66.73
10915200,59.58
10918800,53.69
10922400,49.46
10926000,47.17
10929600,46.98
10933200,48.91
10936800,52.82
10940400,58.44
10944000,65.4
10947600,73.22
10951200,81.36
10954800,89.27
10958400,96.42
10962000,102.31
10965600,106.54
10969200,108.83
10972800,109.02
10976400,107.09
10980000,103.18
10983600,97.56
10987200,90.6
10990800,82.78
10994400,74.64
10998000,66.73
11001600,59.58
11005200,53.69
11008800,49.46
11012400,47.17
11016000,46.98
11019600,48.91
11023200,52.82
11026800,58.44
11030400,65.4
11034000,73.22
11037600,81.36
11041200,89.27
11044800,96.42
11048400,102.31
11052000,106.54
11055600,108.83
11059200,109.02
11062800,107.09
11066400,103.18
11070000,97.56
11073600,90.6
11077200,82.78
11080800,74.64
11084400,66.73
11088000,59.58
11091600,53.69
11095200,49.46
11098800,47.17
11102400,46.98
11106000,48.91
11109600,52.82
11113200,58.44
11116800,65.4
11120400,73.22
11124000,81.36
11127600,89.27
11131200,96.42
11134800,102.31
11138400,106.54
11142000,108.83
11145600,109.02
11149200,107.09
11152800,103.18
11156400,97.56
11160000,90.6
11163600,82.78
11167200,74.64
11170800,66.73
11174400,59.58
11178000,53.69
11181600,49.46
11185200,47.17
11188800,46.98
11192400,48.91
11196000,52.82
11199600,58.44
11203200,65.4
11206800,73.22
11210400,81.36
11214000,89.27
11217600,96.42
11221200,102.31
11224800,106.54
11228400,108.83
11232000,109.02
11235600,107.09
11239200,103.18
11242800,97.56
11246400,90.6
11250000,82.78
11253600,74.64
11257200,66.73
11260800,59.58
11264400,53.69
11268000,49.46
11271600,47.17
11275200,46.98
11278800,48.91
11282400,52.82
11286000,58.44
11289600,65.4
11293200,73.22
11296800,81.36
11300400,89.27
11304000,96.42
11307600,102.31
11311200,106.54
11314800,108.83
11318400,109.02
11322000,107.09
11325600,103.18
11329200,97.56
11332800,90.6
11336400,82.78
11340000,74.64
11343600,66.73
11347200,59.58
11350800,53.69
11354400,49.46
11358000,47.17
11361600,46.98
11365200,48.91
11368800,52.82
11372400,58.44
11376000,65.4
11379600,73.22
11383200,81.36
11386800,89.27
11390400,96.42
11394000,102.31
11397600,106.54
11401200,108.83
11404800,109.02
11408400,107.09
11412000,103.18
11415600,97.56
11419200,90.6
11422800,82.78
11426400,74.64
11430000,66.73
11433600,59.58
11437200,53.69
11440800,49.46
11444400,47.17
11448000,46.98
11451600,48.91
11455200,52.82
11458800,58.44
11462400,65.4
11466000,73.22
11469600,81.36
11473200,89.27
11476800,96.42
11480400,102.31
11484000,106.54
11487600,108.83
11491200,109.02
11494800,107.09
11498400,103.18
11502000,97.56
11505600,90.6
11509200,82.78
11512800,74.64
11516400,66.73
11520000,59.58
11523600,53.69
11527200,49.46
11530800,47.17
11534400,46.98
11538000,48.91
11541600,52.82
11545200,58.44
11548800,65.4
11552400,73.22
11556000,81.36
11559600,89.27
11563200,96.42
11566800,102.31
11570400,106.54
11574000,108.83
11577600,109.02
11581200,107.09
11584800,103.18
11588400,97.56
11592000,90.6
11595600,82.78
11599200,74.64
11602800,66.73
11606400,59.58
11610000,53.69
11613600,49.46
11617200,47.17
11620800,46.98
11624400,48.91
11628000,52.82
11631600,58.44
11635200,65.4
11638800,73.22
11642400,81.36
11646000,89.27
11649600,96.42
11653200,102.31
11656800,106.54
11660400,108.83
11664000,109.02
11667600,107.09
11671200,103.18
11674800,97.56
11678400,90.6
11682000,82.78
11685600,74.64
11689200,66.73
11692800,59.58
11696400,53.69
11700000,49.46
11703600,47.17
11707200,46.98
11710800,48.91
11714400,52.82
11718000,58.44
11721600,65.4
11725200,73.22
11728800,81.36
11732400,89.27
11736000,96.42
11739600,102.31
11743200,106.54
11746800,108.83
11750400,109.02
11754000,107.09
11757600,103.18
11761200,97.56
11764800,90.6
11768400,82.78
11772000,74.64
11775600,66.73
11779200,59.58
11782800,53.69
11786400,49.46
11790000,47.17
11793600,46.98
11797200,48.91
11800800,52.82
11804400,58.44
11808000,65.4
11811600,73.22
11815200,81.36
11818800,89.27
11822400,96.42
11826000,102.31
11829600,106.54
11833200,108.83
11836800,109.02
11840400,107.09
11844000,103.18
11847600,97.56
11851200,90.6
11854800,82.78
11858400,74.64
11862000,66.73
11865600,59.58
11869200,53.69
11872800,49.46
11876400,47.17
11880000,46.98
11883600,48.91
11887200,52.82
11890800,58.44
11894400,65.4
11898000,73.22
11901600,81.36
11905200,89.27
11908800,96.42
11912400,102.31
11916000,106.54
11919600,108.83
11923200,109.02
11926800,107.09
11930400,103.18
11934000,97.56
11937600,90.6
11941200,82.78
11944800,74.64
11948400,66.73
11952000,59.58
11955600,53.69
11959200,49.46
11962800,47.17
11966400,46.98
11970000,48.91
11973600,52.82
11977200,58.44
11980800,65.4
11984400,73.22
11988000,81.36
11991600,89.27
11995200,96.42
11998800,102.31
12002400,106.54
12006000,108.83
12009600,109.02
12013200,107.09
12016800,103.18
12020400,97.56
12024000,90.6
12027600,82.78
12031200,74.64
12034800,66.73
12038400,59.58
12042000,53.69
12045600,49.46
12049200,47.17
12052800,46.98
12056400,48.91
12060000,52.82
12063600,58.44
12067200,65.4
12070800,73.22
12074400,81.36
12078000,89.27
12081600,96.42
12085200,102.31
12088800,106.54
12092400,108.83
12096000,109.02
12099600,107.09
12103200,103.18
12106800,97.56
12110400,90.6
12114000,82.78
12117600,74.64
12121200,66.73
12124800,59.58
12128400,53.69
12132000,49.46
12135600,47.17
12139200,46.98
12142800,48.91
12146400,52.82
12150000,58.44
12153600,65.4
12157200,73.22
12160800,81.36
12164400,89.27
12168000,96.42
12171600,102.31
12175200,106.54
12178800,108.83
12182400,109.02
12186000,107.09
12189600,103.18
12193200,97.56
12196800,90.6
12200400,82.78
12204000,74.64
12207600,66.73
12211200,59.58
12214800,53.69
12218400,49.46
12222000,47.17
12225600,46.98
12229200,48.91
12232800,52.82
12236400,58.44
12240000,65.4
12243600,73.22
12247200,81.36
12250800,89.27
12254400,96.42
12258000,102.31
12261600,106.54
12265200,108.83
12268800,109.02
12272400,107.09
12276000,103.18
12279600,97.56
12283200,90.6
12286800,82.78
12290400,74.64
12294000,66.73
12297600,59.58
12301200,53.69
12304800,49.46
12308400,47.17
12312000,46.98
12315600,48.91
12319200,52.82
12322800,58.44
12326400,65.4
12330000,73.22
12333600,81.36
12337200,89.27
12340800,96.42
12344400,102.31
12348000,106.54
12351600,108.83
12355200,109.02
12358800,107.09
12362400,103.18
12366000,97.56
12369600,90.6
12373200,82.78
12376800,74.64
12380400,66.73
12384000,59.58
12387600,53.69
12391200,49.46
12394800,47.17
12398400,46.98
12402000,48.91
12405600,52.82
12409200,58.44
12412800,65.4
12416400,73.22
12420000,81.36
12423600,89.27
12427200,96.42
12430800,102.31
12434400,106.54
12438000,108.83
12441600,109.02
12445200,107.09
12448800,103.18
12452400,97.56
12456000,90.6
12459600,82.78
12463200,74.64
12466800,66.73
12470400,59.58
12474000,53.69
12477600,49.46
12481200,47.17
12484800,46.98
12488400,48.91
12492000,52.82
12495600,58.44
12499200,65.4
12502800,73.22
12506400,81.36
12510000,89.27
12513600,96.42
12517200,102.31
12520800,106.54
12524400,108.83
12528000,109.02
12531600,107.09
12535200,103.18
12538800,97.56
12542400,90.6
12546000,82.78
12549600,74.64
12553200,66.73
12556800,59.58
12560400,53.69
12564000,49.46
12567600,47.17
12571200,46.98
12574800,48.91
12578400,52.82
12582000,58.44
12585600,65.4
12589200,73.22
12592800,81.36
12596400,89.27
12600000,96.42
12603600,102.31
12607200,106.54
12610800,108.83
12614400,109.02
12618000,107.09
12621600,103.18
12625200,97.56
12628800,90.6
12632400,82.78
12636000,74.64
12639600,66.73
12643200,59.58
12646800,53.69
12650400,49.46
12654000,47.17
12657600,46.98
12661200,48.91
12664800,52.82
12668400,58.44
12672000,65.4
12675600,73.22
12679200,81.36
12682800,89.27
12686400,96.42
12690000,102.31
12693600,106.54
12697200,108.83
12700800,109.02
12704400,107.09
12708000,103.18
12711600,97.56
12715200,90.6
12718800,82.78
12722400,74.64
12726000,66.73
12729600,59.58
12733200,53.69
12736800,49.46
12740400,47.17
12744000,46.98
12747600,48.91
12751200,52.82
12754800,58.44
12758400,65.4
12762000,73.22
12765600,81.36
12769200,89.27
12772800,96.42
12776400,102.31
12780000,106.54
12783600,108.83
12787200,109.02
12790800,107.09
12794400,103.18
12798000,97.56
12801600,90.6
12805200,82.78
12808800,74.64
12812400,66.73
12816000,59.58
12819600,53.69
12823200,49.46
12826800,47.17
12830400,46.98
12834000,48.91
12837600,52.82
12841200,58.44
12844800,65.4
12848400,73.22
12852000,81.36
12855600,89.27
12859200,96.42
12862800,102.31
12866400,106.54
12870000,108.83
12873600,109.02
12877200,107.09
12880800,103.18
12884400,97.56
12888000,90.6
12891600,82.78
12895200,74.64
12898800,66.73
12902400,59.58
12906000,53.69
12909600,49.46
12913200,47.17
12916800,46.98
12920400,48.91
12924000,52.82
12927600,58.44
12931200,65.4
12934800,73.22
12938400,81.36
12942000,89.27
12945600,96.42
12949200,102.31
12952800,106.54
12956400,108.83
12960000,109.02
12963600,107.09
12967200,103.18
12970800,97.56
12974400,90.6
12978000,82.78
12981600,74.64
12985200,66.73
12988800,59.58
12992400,53.69
12996000,49.46
12999600,47.17
13003200,46.98
13006800,48.91
13010400,52.82
13014000,58.44
13017600,65.4
13021200,73.22
13024800,81.36
13028400,89.27
13032000,96.42
13035600,102.31
13039200,106.54
13042800,108.83
13046400,109.02
13050000,107.09
13053600,103.18
13057200,97.56
13060800,90.6
13064400,82.78
13068000,74.64
13071600,66.73
13075200,59.58
13078800,53.69
13082400,49.46
13086000,47.17
13089600,46.98
13093200,48.91
13096800,52.82
13100400,58.44
13104000,65.4
13107600,73.22
13111200,81.36
13114800,89.27
13118400,96.42
13122000,102.31
13125600,106.54
13129200,108.83
13132800,109.02
13136400,107.09
13140000,103.18
13143600,97.56
13147200,90.6
13150800,82.78
13154400,74.64
13158000,66.73
13161600,59.58
13165200,53.69
13168800,49.46
13172400,47.17
13176000,46.98
13179600,48.91
13183200,52.82
13186800,58.44
13190400,65.4
13194000,73.22
13197600,81.36
13201200,89.27
13204800,96.42
13208400,102.31
13212000,106.54
13215600,108.83
13219200,109.02
13222800,107.09
13226400,103.18
13230000,97.56
13233600,90.6
13237200,82.78
13240800,74.64
13244400,66.73
13248000,59.58
13251600,53.69
13255200,49.46
13258800,47.17
13262400,46.98
13266000,48.91
13269600,52.82
13273200,58.44
13276800,65.4
13280400,73.22
13284000,81.36
13287600,89.27
13291200,96.42
13294800,102.31
13298400,106.54
13302000,108.83
13305600,109.02
13309200,107.09
13312800,103.18
13316400,97.56
13320000,90.6
13323600,82.78
13327200,74.64
13330800,66.73
13334400,59.58
13338000,53.69
13341600,49.46
13345200,47.17
13348800,46.98
13352400,48.91
13356000,52.82
13359600,58.44
13363200,65.4
13366800,73.22
13370400,81.36
13374000,89.27
13377600,96.42
13381200,102.31
13384800,106.54
13388400,108.83
13392000,109.02
13395600,107.09
13399200,103.18
13402800,97.56
13406400,90.6
13410000,82.78
13413600,74.64
13417200,66.73
13420800,59.58
13424400,53.69
13428000,49.46
13431600,47.17
13435200,46.98
13438800,48.91
13442400,52.82
13446000,58.44
13449600,65.4
13453200,73.22
13456800,81.36
13460400,89.27
13464000,96.42
13467600,102.31
13471200,106.54
13474800,108.83
13478400,109.02
13482000,107.09
13485600,103.18
13489200,97.56
13492800,90.6
13496400,82.78
13500000,74.64
13503600,66.73
13507200,59.58
13510800,53.69
13514400,49.46
13518000,47.17
13521600,46.98
13525200,48.91
13528800,52.82
13532400,58.44
13536000,65.4
13539600,73.22
13543200,81.36
13546800,89.27
13550400,96.42
13554000,102.31
13557600,106.54
13561200,108.83
13564800,109.02
13568400,107.09
13572000,103.18
13575600,97.56
13579200,90.6
13582800,82.78
13586400,74.64
13590000,66.73
13593600,59.58
13597200,53.69
13600800,49.46
13604400,47.17
13608000,46.98
13611600,48.91
13615200,52.82
13618800,58.44
13622400,65.4
13626000,73.22
13629600,81.36
13633200,89.27
13636800,96.42
13640400,102.31
13644000,106.54
13647600,108.83
13651200,109.02
13654800,107.09
13658400,103.18
13662000,97.56
13665600,90.6
13669200,82.78
13672800,74.64
13676400,66.73
13680000,59.58
13683600,53.69
13687200,49.46
13690800,47.17
13694400,46.98
13698000,48.91
13701600,52.82
13705200,58.44
13708800,65.4
13712400,73.22
13716000,81.36
13719600,89.27
13723200,96.42
13726800,102.31
13730400,106.54
13734000,108.83
13737600,109.02
13741200,107.09
13744800,103.18
13748400,97.56
13752000,90.6
13755600,82.78
13759200,74.64
13762800,66.73
13766400,59.58
13770000,53.69
13773600,49.46
13777200,47.17
13780800,46.98
13784400,48.91
13788000,52.82
13791600,58.44
13795200,65.4
13798800,73.22
13802400,81.36
13806000,89.27
13809600,96.42
13813200,102.31
13816800,106.54
13820400,108.83
13824000,109.02
13827600,107.09
13831200,103.18
13834800,97.56
13838400,90.6
13842000,82.78
13845600,74.64
13849200,66.73
13852800,59.58
13856400,53.69
13860000,49.46
13863600,47.17
13867200,46.98
13870800,48.91
13874400,52.82
13878000,58.44
13881600,65.4
13885200,73.22
13888800,81.36
13892400,89.27
13896000,96.42
13899600,102.31
13903200,106.54
13906800,108.83
13910400,109.02
13914000,107.09
13917600,103.18
13921200,97.56
13924800,90.6
13928400,82.78
13932000,74.64
13935600,66.73
13939200,59.58
13942800,53.69
13946400,49.46
13950000,47.17
13953600,46.98
13957200,48.91
13960800,52.82
13964400,58.44
13968000,65.4
13971600,73.22
13975200,81.36
13978800,89.27
13982400,96.42
13986000,102.31
13989600,106.54
13993200,108.83
13996800,109.02
14000400,107.09
14004000,103.18
14007600,97.56
14011200,90.6
14014800,82.78
14018400,74.64
14022000,66.73
14025600,59.58
14029200,53.69
14032800,49.46
14036400,47.17
14040000,46.98
14043600,48.91
14047200,52.82
14050800,58.44
14054400,65.4
14058000,73.22
14061600,81.36
14065200,89.27
14068800,96.42
14072400,102.31
14076000,106.54
14079600,108.83
14083200,109.02
14086800,107.09
14090400,103.18
14094000,97.56
14097600,90.6
14101200,82.78
14104800,74.64
14108400,66.73
14112000,59.58
14115600,53.69
14119200,49.46
14122800,47.17
14126400,46.98
14130000,48.91
14133600,52.82
14137200,58.44
14140800,65.4
14144400,73.22
14148000,81.36
14151600,89.27
14155200,96.42
14158800,102.31
14162400,106.54
14166000,108.83
14169600,109.02
14173200,107.09
14176800,103.18
14180400,97.56
14184000,90.6
14187600,82.78
14191200,74.64
14194800,66.73
14198400,59.58
14202000,53.69
14205600,49.46
14209200,47.17
14212800,46.98
14216400,48.91
14220000,52.82
14223600,58.44
14227200,65.4
14230800,73.22
14234400,81.36
14238000,89.27
14241600,96.42
14245200,102.31
14248800,106.54
14252400,108.83
14256000,109.02
14259600,107.09
14263200,103.18
14266800,97.56
14270400,90.6
14274000,82.78
14277600,74.64
14281200,66.73
14284800,59.58
14288400,53.69
14292000,49.46
14295600,47.17
14299200,46.98
14302800,48.91
14306400,52.82
14310000,58.44
14313600,65.4
14317200,73.22
14320800,81.36
14324400,89.27
14328000,96.42
14331600,102.31
14335200,106.54
14338800,108.83
14342400,109.02
14346000,107.09
14349600,103.18
14353200,97.56
14356800,90.6
14360400,82.78
14364000,74.64
14367600,66.73
14371200,59.58
14374800,53.69
14378400,49.46
14382000,47.17
14385600,46.98
14389200,48.91
14392800,52.82
14396400,58.44
14400000,65.4
14403600,73.22
14407200,81.36
14410800,89.27
14414400,96.42
14418000,102.31
14421600,106.54
14425200,108.83
14428800,109.02
14432400,107.09
14436000,103.18
14439600,97.56
14443200,90.6
14446800,82.78
14450400,74.64
14454000,66.73
14457600,59.58
14461200,53.69
14464800,49.46
14468400,47.17
14472000,46.98
14475600,48.91
14479200,52.82
14482800,58.44
14486400,65.4
14490000,73.22
14493600,81.36
14497200,89.27
14500800,96.42
14504400,102.31
14508000,106.54
14511600,108.83
14515200,109.02
14518800,107.09
14522400,103.18
14526000,97.56
14529600,90.6
14533200,82.78
14536800,74.64
14540400,66.73
14544000,59.58
14547600,53.69
14551200,49.46
14554800,47.17
14558400,46.98
14562000,48.91
14565600,52.82
14569200,58.44
14572800,65.4
14576400,73.22
14580000,81.36
14583600,89.27
14587200,96.42
14590800,102.31
14594400,106.54
14598000,108.83
14601600,109.02
14605200,107.09
14608800,103.18
14612400,97.56
14616000,90.6
14619600,82.78
14623200,74.64
14626800,66.73
14630400,59.58
14634000,53.69
14637600,49.46
14641200,47.17
14644800,46.98
14648400,48.91
14652000,52.82
14655600,58.44
14659200,65.4
14662800,73.22
14666400,81.36
14670000,89.27
14673600,96.42
14677200,102.31
14680800,106.54
14684400,108.83
14688000,109.02
14691600,107.09
14695200,103.18
14698800,97.56
14702400,90.6
14706000,82.78
14709600,74.64
14713200,66.73
14716800,59.58
14720400,53.69
14724000,49.46
14727600,47.17
14731200,46.98
14734800,48.91
14738400,52.82
14742000,58.44
14745600,65.4
14749200,73.22
14752800,81.36
14756400,89.27
14760000,96.42
14763600,102.31
14767200,106.54
14770800,108.83
14774400,109.02
14778000,107.09
14781600,103.18
14785200,97.56
14788800,90.6
14792400,82.78
14796000,74.64
14799600,66.73
14803200,59.58
14806800,53.69
14810400,49.46
14814000,47.17
14817600,46.98
14821200,48.91
14824800,52.82
14828400,58.44
14832000,65.4
14835600,73.22
14839200,81.36
14842800,89.27
14846400,96.42
14850000,102.31
14853600,106.54
14857200,108.83
14860800,109.02
14864400,107.09
14868000,103.18
14871600,97.56
14875200,90.6
14878800,82.78
14882400,74.64
14886000,66.73
14889600,59.58
14893200,53.69
14896800,49.46
14900400,47.17
14904000,46.98
14907600,48.91
14911200,52.82
14914800,58.44
14918400,65.4
14922000,73.22
14925600,81.36
14929200,89.27
14932800,96.42
14936400,102.31
14940000,106.54
14943600,108.83
14947200,109.02
14950800,107.09
14954400,103.18
14958000,97.56
14961600,90.6
14965200,82.78
14968800,74.64
14972400,66.73
14976000,59.58
14979600,53.69
14983200,49.46
14986800,47.17
14990400,46.98
14994000,48.91
14997600,52.82
15001200,58.44
15004800,65.4
15008400,73.22
15012000,81.36
15015600,89.27
15019200,96.42
15022800,102.31
15026400,106.54
15030000,108.83
15033600,109.02
15037200,107.09
15040800,103.18
15044400,97.56
15048000,90.6
15051600,82.78
15055200,74.64
15058800,66.73
15062400,59.58
15066000,53.69
15069600,49.46
15073200,47.17
15076800,46.98
15080400,48.91
15084000,52.82
15087600,58.44
15091200,65.4
15094800,73.22
15098400,81.36
15102000,89.27
15105600,96.42
15109200,102.31
15112800,106.54
15116400,108.83
15120000,109.02
15123600,107.09
15127200,103.18
15130800,97.56
15134400,90.6
15138000,82.78
15141600,74.64
15145200,66.73
15148800,59.58
15152400,53.69
15156000,49.46
15159600,47.17
15163200,46.98
15166800,48.91
15170400,52.82
15174000,58.44
15177600,65.4
15181200,73.22
15184800,81.36
15188400,89.27
15192000,96.42
15195600,102.31
15199200,106.54
15202800,108.83
15206400,109.02
15210000,107.09
15213600,103.18
15217200,97.56
15220800,90.6
15224400,82.78
15228000,74.64
15231600,66.73
15235200,59.58
15238800,53.69
15242400,49.46
15246000,47.17
15249600,46.98
15253200,48.91
15256800,52.82
15260400,58.44
15264000,65.4
15267600,73.22
15271200,81.36
15274800,89.27
15278400,96.42
15282000,102.31
15285600,106.54
15289200,108.83
15292800,109.02
15296400,107.09
15300000,103.18
15303600,97.56
15307200,90.6
15310800,82.78
15314400,74.64
15318000,66.73
15321600,59.58
15325200,53.69
15328800,49.46
15332400,47.17
15336000,46.98
15339600,48.91
15343200,52.82
15346800,58.44
15350400,65.4
15354000,73.22
15357600,81.36
15361200,89.27
15364800,96.42
15368400,102.31
15372000,106.54
15375600,108.83
15379200,109.02
15382800,107.09
15386400,103.18
15390000,97.56
15393600,90.6
15397200,82.78
15400800,74.64
15404400,66.73
15408000,59.58
15411600,53.69
15415200,49.46
15418800,47.17
15422400,46.98
15426000,48.91
15429600,52.82
15433200,58.44
15436800,65.4
15440400,73.22
15444000,81.36
15447600,89.27
15451200,96.42
15454800,102.31
15458400,106.54
15462000,108.83
15465600,109.02
15469200,107.09
15472800,103.18
15476400,97.56
15480000,90.6
15483600,82.78
15487200,74.64
15490800,66.73
15494400,59.58
15498000,53.69
15501600,49.46
15505200,47.17
15508800,46.98
15512400,48.91
15516000,52.82
15519600,58.44
15523200,65.4
15526800,73.22
15530400,81.36
15534000,89.27
15537600,96.42
15541200,102.31
15544800,106.54
15548400,108.83
15552000,109.02
15555600,107.09
15559200,103.18
15562800,97.56
15566400,90.6
15570000,82.78
15573600,74.64
15577200,66.73
15580800,59.58
15584400,53.69
15588000,49.46
15591600,47.17
15595200,46.98
15598800,48.91
15602400,52.82
15606000,58.44
15609600,65.4
15613200,73.22
15616800,81.36
15620400,89.27
15624000,96.42
15627600,102.31
15631200,106.54
15634800,108.83
15638400,109.02
15642000,107.09
15645600,103.18
15649200,97.56
15652800,90.6
15656400,82.78
15660000,74.64
15663600,66.73
15667200,59.58
15670800,53.69
15674400,49.46
15678000,47.17
15681600,46.98
15685200,48.91
15688800,52.82
15692400,58.44
15696000,65.4
15699600,73.22
15703200,81.36
15706800,89.27
15710400,96.42
15714000,102.31
15717600,106.54
15721200,108.83
15724800,109.02
15728400,107.09
15732000,103.18
15735600,97.56
15739200,90.6
15742800,82.78
15746400,74.64
15750000,66.73
15753600,59.58
15757200,53.69
15760800,49.46
15764400,47.17
15768000,46.98
15771600,48.91
15775200,52.82
15778800,58.44
15782400,65.4
15786000,73.22
15789600,81.36
15793200,89.27
15796800,96.42
15800400,102.31
15804000,106.54
15807600,108.83
15811200,109.02
15814800,107.09
15818400,103.18
15822000,97.56
15825600,90.6
15829200,82.78
15832800,74.64
15836400,66.73
15840000,59.58
15843600,53.69
15847200,49.46
15850800,47.17
15854400,46.98
15858000,48.91
15861600,52.82
15865200,58.44
15868800,65.4
15872400,73.22
15876000,81.36
15879600,89.27
15883200,96.42
15886800,102.31
15890400,106.54
15894000,108.83
15897600,109.02
15901200,107.09
15904800,103.18
15908400,97.56
15912000,90.6
15915600,82.78
15919200,74.64
15922800,66.73
15926400,59.58
15930000,53.69
15933600,49.46
15937200,47.17
15940800,46.98
15944400,48.91
15948000,52.82
15951600,58.44
15955200,65.4
15958800,73.22
15962400,81.36
15966000,89.27
15969600,96.42
15973200,102.31
15976800,106.54
15980400,108.83
15984000,109.02
15987600,107.09
15991200,103.18
15994800,97.56
15998400,90.6
16002000,82.78
16005600,74.64
16009200,66.73
16012800,59.58
16016400,53.69
16020000,49.46
16023600,47.17
16027200,46.98
16030800,48.91
16034400,52.82
16038000,58.44
16041600,65.4
16045200,73.22
16048800,81.36
16052400,89.27
16056000,96.42
16059600,102.31
16063200,106.54
16066800,108.83
16070400,109.02
16074000,107.09
16077600,103.18
16081200,97.56
16084800,90.6
16088400,82.78
16092000,74.64
16095600,66.73
16099200,59.58
16102800,53.69
16106400,49.46
16110000,47.17
16113600,46.98
16117200,48.91
16120800,52.82
16124400,58.44
16128000,65.4
16131600,73.22
16135200,81.36
16138800,89.27
16142400,96.42
16146000,102.31
16149600,106.54
16153200,108.83
16156800,109.02
16160400,107.09
16164000,103.18
16167600,97.56
16171200,90.6
16174800,82.78
16178400,74.64
16182000,66.73
16185600,59.58
16189200,53.69
16192800,49.46
16196400,47.17
16200000,46.98
16203600,48.91
16207200,52.82
16210800,58.44
16214400,65.4
16218000,73.22
16221600,81.36
16225200,89.27
16228800,96.42
16232400,102.31
16236000,106.54
16239600,108.83
16243200,109.02
16246800,107.09
16250400,103.18
16254000,97.56
16257600,90.6
16261200,82.78
16264800,74.64
16268400,66.73
16272000,59.58
16275600,53.69
16279200,49.46
16282800,47.17
16286400,46.98
16290000,48.91
16293600,52.82
16297200,58.44
16300800,65.4
16304400,73.22
16308000,81.36
16311600,89.27
16315200,96.42
16318800,102.31
16322400,106.54
16326000,108.83
16329600,109.02
16333200,107.09
16336800,103.18
16340400,97.56
16344000,90.6
16347600,82.78
16351200,74.64
16354800,66.73
16358400,59.58
16362000,53.69
16365600,49.46
16369200,47.17
16372800,46.98
16376400,48.91
16380000,52.82
16383600,58.44
16387200,65.4
16390800,73.22
16394400,81.36
16398000,89.27
16401600,96.42
16405200,102.31
16408800,106.54
16412400,108.83
16416000,109.02
16419600,107.09
16423200,103.18
16426800,97.56
16430400,90.6
16434000,82.78
16437600,74.64
16441200,66.73
16444800,59.58
16448400,53.69
16452000,49.46
16455600,47.17
16459200,46.98
16462800,48.91
16466400,52.82
16470000,58.44
16473600,65.4
16477200,73.22
16480800,81.36
16484400,89.27
16488000,96.42
16491600,102.31
16495200,106.54
16498800,108.83
16502400,109.02
16506000,107.09
16509600,103.18
16513200,97.56
16516800,90.6
16520400,82.78
16524000,74.64
16527600,66.73
16531200,59.58
16534800,53.69
16538400,49.46
16542000,47.17
16545600,46.98
16549200,48.91
16552800,52.82
16556400,58.44
16560000,65.4
16563600,73.22
16567200,81.36
16570800,89.27
16574400,96.42
16578000,102.31
16581600,106.54
16585200,108.83
16588800,109.02
16592400,107.09
16596000,103.18
16599600,97.56
16603200,90.6
16606800,82.78
16610400,74.64
16614000,66.73
16617600,59.58
16621200,53.69
16624800,49.46
16628400,47.17
16632000,46.98
16635600,48.91
16639200,52.82
16642800,58.44
16646400,65.4
16650000,73.22
16653600,81.36
16657200,89.27
16660800,96.42
16664400,102.31
16668000,106.54
16671600,108.83
16675200,109.02
16678800,107.09
16682400,103.18
16686000,97.56
16689600,90.6
16693200,82.78
16696800,74.64
16700400,66.73
16704000,59.58
16707600,53.69
16711200,49.46
16714800,47.17
16718400,46.98
16722000,48.91
16725600,52.82
16729200,58.44
16732800,65.4
16736400,73.22
16740000,81.36
16743600,89.27
16747200,96.42
16750800,102.31
16754400,106.54
16758000,108.83
16761600,109.02
16765200,107.09
16768800,103.18
16772400,97.56
16776000,90.6
16779600,82.78
16783200,74.64
16786800,66.73
16790400,59.58
16794000,53.69
16797600,49.46
16801200,47.17
16804800,46.98
16808400,48.91
16812000,52.82
16815600,58.44
16819200,65.4
16822800,73.22
16826400,81.36
16830000,89.27
16833600,96.42
16837200,102.31
16840800,106.54
16844400,108.83
16848000,109.02
16851600,107.09
16855200,103.18
16858800,97.56
16862400,90.6
16866000,82.78
16869600,74.64
16873200,66.73
16876800,59.58
16880400,53.69
16884000,49.46
16887600,47.17
16891200,46.98
16894800,48.91
16898400,52.82
16902000,58.44
16905600,65.4
16909200,73.22
16912800,81.36
16916400,89.27
16920000,96.42
16923600,102.31
16927200,106.54
16930800,108.83
16934400,109.02
16938000,107.09
16941600,103.18
16945200,97.56
16948800,90.6
16952400,82.78
16956000,74.64
16959600,66.73
16963200,59.58
16966800,53.69
16970400,49.46
16974000,47.17
16977600,46.98
16981200,48.91
16984800,52.82
16988400,58.44
16992000,65.4
16995600,73.22
16999200,81.36
17002800,89.27
17006400,96.42
17010000,102.31
17013600,106.54
17017200,108.83
17020800,109.02
17024400,107.09
17028000,103.18
17031600,97.56
17035200,90.6
17038800,82.78
17042400,74.64
17046000,66.73
17049600,59.58
17053200,53.69
17056800,49.46
17060400,47.17
17064000,46.98
17067600,48.91
17071200,52.82
17074800,58.44
17078400,65.4
17082000,73.22
17085600,81.36
17089200,89.27
17092800,96.42
17096400,102.31
17100000,106.54
17103600,108.83
17107200,109.02
17110800,107.09
17114400,103.18
17118000,97.56
17121600,90.6
17125200,82.78
17128800,74.64
17132400,66.73
17136000,59.58
17139600,53.69
17143200,49.46
17146800,47.17
17150400,46.98
17154000,48.91
17157600,52.82
17161200,58.44
17164800,65.4
17168400,73.22
17172000,81.36
17175600,89.27
17179200,96.42
17182800,102.31
17186400,106.54
17190000,108.83
17193600,109.02
17197200,107.09
17200800,103.18
17204400,97.56
17208000,90.6
17211600,82.78
17215200,74.64
17218800,66.73
17222400,59.58
17226000,53.69
17229600,49.46
17233200,47.17
17236800,46.98
17240400,48.91
17244000,52.82
17247600,58.44
17251200,65.4
17254800,73.22
17258400,81.36
17262000,89.27
17265600,96.42
17269200,102.31
17272800,106.54
17276400,108.83
17280000,109.02
17283600,107.09
17287200,103.18
17290800,97.56
17294400,90.6
17298000,82.78
17301600,74.64
17305200,66.73
17308800,59.58
17312400,53.69
17316000,49.46
17319600,47.17
17323200,46.98
17326800,48.91
17330400,52.82
17334000,58.44
17337600,65.4
17341200,73.22
17344800,81.36
17348400,89.27
17352000,96.42
17355600,102.31
17359200,106.54
17362800,108.83
17366400,109.02
17370000,107.09
17373600,103.18
17377200,97.56
17380800,90.6
17384400,82.78
17388000,74.64
17391600,66.73
17395200,59.58
17398800,53.69
17402400,49.46
17406000,47.17
17409600,46.98
17413200,48.91
17416800,52.82
17420400,58.44
17424000,65.4
17427600,73.22
17431200,81.36
17434800,89.27
17438400,96.42
17442000,102.31
17445600,106.54
17449200,108.83
17452800,109.02
17456400,107.09
17460000,103.18
17463600,97.56
17467200,90.6
17470800,82.78
17474400,74.64
17478000,66.73
17481600,59.58
17485200,53.69
17488800,49.46
17492400,47.17
17496000,46.98
17499600,48.91
17503200,52.82
17506800,58.44
17510400,65.4
17514000,73.22
17517600,81.36
17521200,89.27
17524800,96.42
17528400,102.31
17532000,106.54
17535600,108.83
17539200,109.02
17542800,107.09
17546400,103.18
17550000,97.56
17553600,90.6
17557200,82.78
17560800,74.64
17564400,66.73
17568000,59.58
17571600,53.69
17575200,49.46
17578800,47.17
17582400,46.98
17586000,48.91
17589600,52.82
17593200,58.44
17596800,65.4
17600400,73.22
17604000,81.36
17607600,89.27
17611200,96.42
17614800,102.31
17618400,106.54
17622000,108.83
17625600,109.02
17629200,107.09
17632800,103.18
17636400,97.56
17640000,90.6
17643600,82.78
17647200,74.64
17650800,66.73
17654400,59.58
17658000,53.69
17661600,49.46
17665200,47.17
17668800,46.98
17672400,48.91
17676000,52.82
17679600,58.44
17683200,65.4
17686800,73.22
17690400,81.36
17694000,89.27
17697600,96.42
17701200,102.31
17704800,106.54
17708400,108.83
17712000,109.02
17715600,107.09
17719200,103.18
17722800,97.56
17726400,90.6
17730000,82.78
17733600,74.64
17737200,66.73
17740800,59.58
17744400,53.69
17748000,49.46
17751600,47.17
17755200,46.98
17758800,48.91
17762400,52.82
17766000,58.44
17769600,65.4
17773200,73.22
17776800,81.36
17780400,89.27
17784000,96.42
17787600,102.31
17791200,106.54
17794800,108.83
17798400,109.02
17802000,107.09
17805600,103.18
17809200,97.56
17812800,90.6
17816400,82.78
17820000,74.64
17823600,66.73
17827200,59.58
17830800,53.69
17834400,49.46
17838000,47.17
17841600,46.98
17845200,48.91
17848800,52.82
17852400,58.44
17856000,65.4
17859600,73.22
17863200,81.36
17866800,89.27
17870400,96.42
17874000,102.31
17877600,106.54
17881200,108.83
17884800,109.02
17888400,107.09
17892000,103.18
17895600,97.56
17899200,90.6
17902800,82.78
17906400,74.64
17910000,66.73
17913600,59.58
17917200,53.69
17920800,49.46
17924400,47.17
17928000,46.98
17931600,48.91
17935200,52.82
17938800,58.44
17942400,65.4
17946000,73.22
17949600,81.36
17953200,89.27
17956800,96.42
17960400,102.31
17964000,106.54
17967600,108.83
17971200,109.02
17974800,107.09
17978400,103.18
17982000,97.56
17985600,90.6
17989200,82.78
17992800,74.64
17996400,66.73
18000000,59.58
18003600,53.69
18007200,49.46
18010800,47.17
18014400,46.98
18018000,48.91
18021600,52.82
18025200,58.44
18028800,65.4
18032400,73.22
18036000,81.36
18039600,89.27
18043200,96.42
18046800,102.31
18050400,106.54
18054000,108.83
18057600,109.02
18061200,107.09
18064800,103.18
18068400,97.56
18072000,90.6
18075600,82.78
18079200,74.64
18082800,66.73
18086400,59.58
18090000,53.69
18093600,49.46
18097200,47.17
18100800,46.98
18104400,48.91
18108000,52.82
18111600,58.44
18115200,65.4
18118800,73.22
18122400,81.36
18126000,89.27
18129600,96.42
18133200,102.31
18136800,106.54
18140400,108.83
18144000,109.02
18147600,107.09
18151200,103.18
18154800,97.56
18158400,90.6
18162000,82.78
18165600,74.64
18169200,66.73
18172800,59.58
18176400,53.69
18180000,49.46
18183600,47.17
18187200,46.98
18190800,48.91
18194400,52.82
18198000,58.44
18201600,65.4
18205200,73.22
18208800,81.36
18212400,89.27
18216000,96.42
18219600,102.31
18223200,106.54
18226800,108.83
18230400,109.02
18234000,107.09
18237600,103.18
18241200,97.56
18244800,90.6
18248400,82.78
18252000,74.64
18255600,66.73
18259200,59.58
18262800,53.69
18266400,49.46
18270000,47.17
18273600,46.98
18277200,48.91
18280800,52.82
18284400,58.44
18288000,65.4
18291600,73.22
18295200,81.36
18298800,89.27
18302400,96.42
18306000,102.31
18309600,106.54
18313200,108.83
18316800,109.02
18320400,107.09
18324000,103.18
18327600,97.56
18331200,90.6
18334800,82.78
18338400,74.64
18342000,66.73
18345600,59.58
18349200,53.69
18352800,49.46
18356400,47.17
18360000,46.98
18363600,48.91
18367200,52.82
18370800,58.44
18374400,65.4
18378000,73.22
18381600,81.36
18385200,89.27
18388800,96.42
18392400,102.31
18396000,106.54
18399600,108.83
18403200,109.02
18406800,107.09
18410400,103.18
18414000,97.56
18417600,90.6
18421200,82.78
18424800,74.64
18428400,66.73
18432000,59.58
18435600,53.69
18439200,49.46
18442800,47.17
18446400,46.98
18450000,48.91
18453600,52.82
18457200,58.44
18460800,65.4
18464400,73.22
18468000,81.36
18471600,89.27
18475200,96.42
18478800,102.31
18482400,106.54
18486000,108.83
18489600,109.02
18493200,107.09
18496800,103.18
18500400,97.56
18504000,90.6
18507600,82.78
18511200,74.64
18514800,66.73
18518400,59.58
18522000,53.69
18525600,49.46
18529200,47.17
18532800,46.98
18536400,48.91
18540000,52.82
18543600,58.44
18547200,65.4
18550800,73.22
18554400,81.36
18558000,89.27
18561600,96.42
18565200,102.31
18568800,106.54
18572400,108.83
18576000,109.02
18579600,107.09
18583200,103.18
18586800,97.56
18590400,90.6
18594000,82.78
18597600,74.64
18601200,66.73
18604800,59.58
18608400,53.69
18612000,49.46
18615600,47.17
18619200,46.98
18622800,48.91
18626400,52.82
18630000,58.44
18633600,65.4
18637200,73.22
18640800,81.36
18644400,89.27
18648000,96.42
18651600,102.31
18655200,106.54
18658800,108.83
18662400,109.02
18666000,107.09
18669600,103.18
18673200,97.56
18676800,90.6
18680400,82.78
18684000,74.64
18687600,66.73
18691200,59.58
18694800,53.69
18698400,49.46
18702000,47.17
18705600,46.98
18709200,48.91
18712800,52.82
18716400,58.44
18720000,65.4
18723600,73.22
18727200,81.36
18730800,89.27
18734400,96.42
18738000,102.31
18741600,106.54
18745200,108.83
18748800,109.02
18752400,107.09
18756000,103.18
18759600,97.56
18763200,90.6
18766800,82.78
18770400,74.64
18774000,66.73
18777600,59.58
18781200,53.69
18784800,49.46
18788400,47.17
18792000,46.98
18795600,48.91
18799200,52.82
18802800,58.44
18806400,65.4
18810000,73.22
18813600,81.36
18817200,89.27
18820800,96.42
18824400,102.31
18828000,106.54
18831600,108.83
18835200,109.02
18838800,107.09
18842400,103.18
18846000,97.56
18849600,90.6
18853200,82.78
18856800,74.64
18860400,66.73
18864000,59.58
18867600,53.69
18871200,49.46
18874800,47.17
18878400,46.98
18882000,48.91
18885600,52.82
18889200,58.44
18892800,65.4
18896400,73.22
18900000,81.36
18903600,89.27
18907200,96.42
18910800,102.31
18914400,106.54
18918000,108.83
18921600,109.02
18925200,107.09
18928800,103.18
18932400,97.56
18936000,90.6
18939600,82.78
18943200,74.64
18946800,66.73
18950400,59.58
18954000,53.69
18957600,49.46
18961200,47.17
18964800,46.98
18968400,48.91
18972000,52.82
18975600,58.44
18979200,65.4
18982800,73.22
18986400,81.36
18990000,89.27
18993600,96.42
18997200,102.31
19000800,106.54
19004400,108.83
19008000,109.02
19011600,107.09
19015200,103.18
19018800,97.56
19022400,90.6
19026000,82.78
19029600,74.64
19033200,66.73
19036800,59.58
19040400,53.69
19044000,49.46
19047600,47.17
19051200,46.98
19054800,48.91
19058400,52.82
19062000,58.44
19065600,65.4
19069200,73.22
19072800,81.36
19076400,89.27
19080000,96.42
19083600,102.31
19087200,106.54
19090800,108.83
19094400,109.02
19098000,107.09
19101600,103.18
19105200,97.56
19108800,90.6
19112400,82.78
19116000,74.64
19119600,66.73
19123200,59.58
19126800,53.69
19130400,49.46
19134000,47.17
19137600,46.98
19141200,48.91
19144800,52.82
19148400,58.44
19152000,65.4
19155600,73.22
19159200,81.36
19162800,89.27
19166400,96.42
19170000,102.31
19173600,106.54
19177200,108.83
19180800,109.02
19184400,107.09
19188000,103.18
19191600,97.56
19195200,90.6
19198800,82.78
19202400,74.64
19206000,66.73
19209600,59.58
19213200,53.69
19216800,49.46
19220400,47.17
19224000,46.98
19227600,48.91
19231200,52.82
19234800,58.44
19238400,65.4
19242000,73.22
19245600,81.36
19249200,89.27
19252800,96.42
19256400,102.31
19260000,106.54
19263600,108.83
19267200,109.02
19270800,107.09
19274400,103.18
19278000,97.56
19281600,90.6
19285200,82.78
19288800,74.64
19292400,66.73
19296000,59.58
19299600,53.69
19303200,49.46
19306800,47.17
19310400,46.98
19314000,48.91
19317600,52.82
19321200,58.44
19324800,65.4
19328400,73.22
19332000,81.36
19335600,89.27
19339200,96.42
19342800,102.31
19346400,106.54
19350000,108.83
19353600,109.02
19357200,107.09
19360800,103.18
19364400,97.56
19368000,90.6
19371600,82.78
19375200,74.64
19378800,66.73
19382400,59.58
19386000,53.69
19389600,49.46
19393200,47.17
19396800,46.98
19400400,48.91
19404000,52.82
19407600,58.44
19411200,65.4
19414800,73.22
19418400,81.36
19422000,89.27
19425600,96.42
19429200,102.31
19432800,106.54
19436400,108.83
19440000,109.02
19443600,107.09
19447200,103.18
19450800,97.56
19454400,90.6
19458000,82.78
19461600,74.64
19465200,66.73
19468800,59.58
19472400,53.69
19476000,49.46
19479600,47.17
19483200,46.98
19486800,48.91
19490400,52.82
19494000,58.44
19497600,65.4
19501200,73.22
19504800,81.36
19508400,89.27
19512000,96.42
19515600,102.31
19519200,106.54
19522800,108.83
19526400,109.02
19530000,107.09
19533600,103.18
19537200,97.56
19540800,90.6
19544400,82.78
19548000,74.64
19551600,66.73
19555200,59.58
19558800,53.69
19562400,49.46
19566000,47.17
19569600,46.98
19573200,48.91
19576800,52.82
19580400,58.44
19584000,65.4
19587600,73.22
19591200,81.36
19594800,89.27
19598400,96.42
19602000,102.31
19605600,106.54
19609200,108.83
19612800,109.02
19616400,107.09
19620000,103.18
19623600,97.56
19627200,90.6
19630800,82.78
19634400,74.64
19638000,66.73
19641600,59.58
19645200,53.69
19648800,49.46
19652400,47.17
19656000,46.98
19659600,48.91
19663200,52.82
19666800,58.44
19670400,65.4
19674000,73.22
19677600,81.36
19681200,89.27
19684800,96.42
19688400,102.31
19692000,106.54
19695600,108.83
19699200,109.02
19702800,107.09
19706400,103.18
19710000,97.56
19713600,90.6
19717200,82.78
19720800,74.64
19724400,66.73
19728000,59.58
19731600,53.69
19735200,49.46
19738800,47.17
19742400,46.98
19746000,48.91
19749600,52.82
19753200,58.44
19756800,65.4
19760400,73.22
19764000,81.36
19767600,89.27
19771200,96.42
19774800,102.31
19778400,106.54
19782000,108.83
19785600,109.02
19789200,107.09
19792800,103.18
19796400,97.56
19800000,90.6
19803600,82.78
19807200,74.64
19810800,66.73
19814400,59.58
19818000,53.69
19821600,49.46
19825200,47.17
19828800,46.98
19832400,48.91
19836000,52.82
19839600,58.44
19843200,65.4
19846800,73.22
19850400,81.36
19854000,89.27
19857600,96.42
19861200,102.31
19864800,106.54
19868400,108.83
19872000,109.02
19875600,107.09
19879200,103.18
19882800,97.56
19886400,90.6
19890000,82.78
19893600,74.64
19897200,66.73
19900800,59.58
19904400,53.69
19908000,49.46
19911600,47.17
19915200,46.98
19918800,48.91
19922400,52.82
19926000,58.44
19929600,65.4
19933200,73.22
19936800,81.36
19940400,89.27
19944000,96.42
19947600,102.31
19951200,106.54
19954800,108.83
19958400,109.02
19962000,107.09
19965600,103.18
19969200,97.56
19972800,90.6
19976400,82.78
19980000,74.64
19983600,66.73
19987200,59.58
19990800,53.69
19994400,49.46
19998000,47.17
20001600,46.98
20005200,48.91
20008800,52.82
20012400,58.44
20016000,65.4
20019600,73.22
20023200,81.36
20026800,89.27
20030400,96.42
20034000,102.31
20037600,106.54
20041200,108.83
20044800,109.02
20048400,107.09
20052000,103.18
20055600,97.56
20059200,90.6
20062800,82.78
20066400,74.64
20070000,66.73
20073600,59.58
20077200,53.69
20080800,49.46
20084400,47.17
20088000,46.98
20091600,48.91
20095200,52.82
20098800,58.44
20102400,65.4
20106000,73.22
20109600,81.36
20113200,89.27
20116800,96.42
20120400,102.31
20124000,106.54
20127600,108.83
20131200,109.02
20134800,107.09
20138400,103.18
20142000,97.56
20145600,90.6
20149200,82.78
20152800,74.64
20156400,66.73
20160000,59.58
20163600,53.69
20167200,49.46
20170800,47.17
20174400,46.98
20178000,48.91
20181600,52.82
20185200,58.44
20188800,65.4
20192400,73.22
20196000,81.36
20199600,89.27
20203200,96.42
20206800,102.31
20210400,106.54
20214000,108.83
20217600,109.02
20221200,107.09
20224800,103.18
20228400,97.56
20232000,90.6
20235600,82.78
20239200,74.64
20242800,66.73
20246400,59.58
20250000,53.69
20253600,49.46
20257200,47.17
20260800,46.98
20264400,48.91
20268000,52.82
20271600,58.44
20275200,65.4
20278800,73.22
20282400,81.36
20286000,89.27
20289600,96.42
20293200,102.31
20296800,106.54
20300400,108.83
20304000,109.02
20307600,107.09
20311200,103.18
20314800,97.56
20318400,90.6
20322000,82.78
20325600,74.64
20329200,66.73
20332800,59.58
20336400,53.69
20340000,49.46
20343600,47.17
20347200,46.98
20350800,48.91
20354400,52.82
20358000,58.44
20361600,65.4
20365200,73.22
20368800,81.36
20372400,89.27
20376000,96.42
20379600,102.31
20383200,106.54
20386800,108.83
20390400,109.02
20394000,107.09
20397600,103.18
20401200,97.56
20404800,90.6
20408400,82.78
20412000,74.64
20415600,66.73
20419200,59.58
20422800,53.69
20426400,49.46
20430000,47.17
20433600,46.98
20437200,48.91
20440800,52.82
20444400,58.44
20448000,65.4
20451600,73.22
20455200,81.36
20458800,89.27
20462400,96.42
20466000,102.31
20469600,106.54
20473200,108.83
20476800,109.02
20480400,107.09
20484000,103.18
20487600,97.56
20491200,90.6
20494800,82.78
20498400,74.64
20502000,66.73
20505600,59.58
20509200,53.69
20512800,49.46
20516400,47.17
20520000,46.98
20523600,48.91
20527200,52.82
20530800,58.44
20534400,65.4
20538000,73.22
20541600,81.36
20545200,89.27
20548800,96.42
20552400,102.31
20556000,106.54
20559600,108.83
20563200,109.02
20566800,107.09
20570400,103.18
20574000,97.56
20577600,90.6
20581200,82.78
20584800,74.64
20588400,66.73
20592000,59.58
20595600,53.69
20599200,49.46
20602800,47.17
20606400,46.98
20610000,48.91
20613600,52.82
20617200,58.44
20620800,65.4
20624400,73.22
20628000,81.36
20631600,89.27
20635200,96.42
20638800,102.31
20642400,106.54
20646000,108.83
20649600,109.02
20653200,107.09
20656800,103.18
20660400,97.56
20664000,90.6
20667600,82.78
20671200,74.64
20674800,66.73
20678400,59.58
20682000,53.69
20685600,49.46
20689200,47.17
20692800,46.98
20696400,48.91
20700000,52.82
20703600,58.44
20707200,65.4
20710800,73.22
20714400,81.36
20718000,89.27
20721600,96.42
20725200,102.31
20728800,106.54
20732400,108.83
20736000,109.02
20739600,107.09
20743200,103.18
20746800,97.56
20750400,90.6
20754000,82.78
20757600,74.64
20761200,66.73
20764800,59.58
20768400,53.69
20772000,49.46
20775600,47.17
20779200,46.98
20782800,48.91
20786400,52.82
20790000,58.44
20793600,65.4
20797200,73.22
20800800,81.36
20804400,89.27
20808000,96.42
20811600,102.31
20815200,106.54
20818800,108.83
20822400,109.02
20826000,107.09
20829600,103.18
20833200,97.56
20836800,90.6
20840400,82.78
20844000,74.64
20847600,66.73
20851200,59.58
20854800,53.69
20858400,49.46
20862000,47.17
20865600,46.98
20869200,48.91
20872800,52.82
20876400,58.44
20880000,65.4
20883600,73.22
20887200,81.36
20890800,89.27
20894400,96.42
20898000,102.31
20901600,106.54
20905200,108.83
20908800,109.02
20912400,107.09
20916000,103.18
20919600,97.56
20923200,90.6
20926800,82.78
20930400,74.64
20934000,66.73
20937600,59.58
20941200,53.69
20944800,49.46
20948400,47.17
20952000,46.98
20955600,48.91
20959200,52.82
20962800,58.44
20966400,65.4
20970000,73.22
20973600,81.36
20977200,89.27
20980800,96.42
20984400,102.31
20988000,106.54
20991600,108.83
20995200,109.02
20998800,107.09
21002400,103.18
21006000,97.56
21009600,90.6
21013200,82.78
21016800,74.64
21020400,66.73
21024000,59.58
21027600,53.69
21031200,49.46
21034800,47.17
21038400,46.98
21042000,48.91
21045600,52.82
21049200,58.44
21052800,65.4
21056400,73.22
21060000,81.36
21063600,89.27
21067200,96.42
21070800,102.31
21074400,106.54
21078000,108.83
21081600,109.02
21085200,107.09
21088800,103.18
21092400,97.56
21096000,90.6
21099600,82.78
21103200,74.64
21106800,66.73
21110400,59.58
21114000,53.69
21117600,49.46
21121200,47.17
21124800,46.98
21128400,48.91
21132000,52.82
21135600,58.44
21139200,65.4
21142800,73.22
21146400,81.36
21150000,89.27
21153600,96.42
21157200,102.31
21160800,106.54
21164400,108.83
21168000,109.02
21171600,107.09
21175200,103.18
21178800,97.56
21182400,90.6
21186000,82.78
21189600,74.64
21193200,66.73
21196800,59.58
21200400,53.69
21204000,49.46
21207600,47.17
21211200,46.98
21214800,48.91
21218400,52.82
21222000,58.44
21225600,65.4
21229200,73.22
21232800,81.36
21236400,89.27
21240000,96.42
21243600,102.31
21247200,106.54
21250800,108.83
21254400,109.02
21258000,107.09
21261600,103.18
21265200,97.56
21268800,90.6
21272400,82.78
21276000,74.64
21279600,66.73
21283200,59.58
21286800,53.69
21290400,49.46
21294000,47.17
21297600,46.98
21301200,48.91
21304800,52.82
21308400,58.44
21312000,65.4
21315600,73.22
21319200,81.36
21322800,89.27
21326400,96.42
21330000,102.31
21333600,106.54
21337200,108.83
21340800,109.02
21344400,107.09
21348000,103.18
21351600,97.56
21355200,90.6
21358800,82.78
21362400,74.64
21366000,66.73
21369600,59.58
21373200,53.69
21376800,49.46
21380400,47.17
21384000,46.98
21387600,48.91
21391200,52.82
21394800,58.44
21398400,65.4
21402000,73.22
21405600,81.36
21409200,89.27
21412800,96.42
21416400,102.31
21420000,106.54
21423600,108.83
21427200,109.02
21430800,107.09
21434400,103.18
21438000,97.56
21441600,90.6
21445200,82.78
21448800,74.64
21452400,66.73
21456000,59.58
21459600,53.69
21463200,49.46
21466800,47.17
21470400,46.98
21474000,48.91
21477600,52.82
21481200,58.44
21484800,65.4
21488400,73.22
21492000,81.36
21495600,89.27
21499200,96.42
21502800,102.31
21506400,106.54
21510000,108.83
21513600,109.02
21517200,107.09
21520800,103.18
21524400,97.56
21528000,90.6
21531600,82.78
21535200,74.64
21538800,66.73
21542400,59.58
21546000,53.69
21549600,49.46
21553200,47.17
21556800,46.98
21560400,48.91
21564000,52.82
21567600,58.44
21571200,65.4
21574800,73.22
21578400,81.36
21582000,89.27
21585600,96.42
21589200,102.31
21592800,106.54
21596400,108.83
21600000,109.02
21603600,107.09
21607200,103.18
21610800,97.56
21614400,90.6
21618000,82.78
21621600,74.64
21625200,66.73
21628800,59.58
21632400,53.69
21636000,49.46
21639600,47.17
21643200,46.98
21646800,48.91
21650400,52.82
21654000,58.44
21657600,65.4
21661200,73.22
21664800,81.36
21668400,89.27
21672000,96.42
21675600,102.31
21679200,106.54
21682800,108.83
21686400,109.02
21690000,107.09
21693600,103.18
21697200,97.56
21700800,90.6
21704400,82.78
21708000,74.64
21711600,66.73
21715200,59.58
21718800,53.69
21722400,49.46
21726000,47.17
21729600,46.98
21733200,48.91
21736800,52.82
21740400,58.44
21744000,65.4
21747600,73.22
21751200,81.36
21754800,89.27
21758400,96.42
21762000,102.31
21765600,106.54
21769200,108.83
21772800,109.02
21776400,107.09
21780000,103.18
21783600,97.56
21787200,90.6
21790800,82.78
21794400,74.64
21798000,66.73
21801600,59.58
21805200,53.69
21808800,49.46
21812400,47.17
21816000,46.98
21819600,48.91
21823200,52.82
21826800,58.44
21830400,65.4
21834000,73.22
21837600,81.36
21841200,89.27
21844800,96.42
21848400,102.31
21852000,106.54
21855600,108.83
21859200,109.02
21862800,107.09
21866400,103.18
21870000,97.56
21873600,90.6
21877200,82.78
21880800,74.64
21884400,66.73
21888000,59.58
21891600,53.69
21895200,49.46
21898800,47.17
21902400,46.98
21906000,48.91
21909600,52.82
21913200,58.44
21916800,65.4
21920400,73.22
21924000,81.36
21927600,89.27
21931200,96.42
21934800,102.31
21938400,106.54
21942000,108.83
21945600,109.02
21949200,107.09
21952800,103.18
21956400,97.56
21960000,90.6
21963600,82.78
21967200,74.64
21970800,66.73
21974400,59.58
21978000,53.69
21981600,49.46
21985200,47.17
21988800,46.98
21992400,48.91
21996000,52.82
21999600,58.44
22003200,65.4
22006800,73.22
22010400,81.36
22014000,89.27
22017600,96.42
22021200,102.31
22024800,106.54
22028400,108.83
22032000,109.02
22035600,107.09
22039200,103.18
22042800,97.56
22046400,90.6
22050000,82.78
22053600,74.64
22057200,66.73
22060800,59.58
22064400,53.69
22068000,49.46
22071600,47.17
22075200,46.98
22078800,48.91
22082400,52.82
22086000,58.44
22089600,65.4
22093200,73.22
22096800,81.36
22100400,89.27
22104000,96.42
22107600,102.31
22111200,106.54
22114800,108.83
22118400,109.02
22122000,107.09
22125600,103.18
22129200,97.56
22132800,90.6
22136400,82.78
22140000,74.64
22143600,66.73
22147200,59.58
22150800,53.69
22154400,49.46
22158000,47.17
22161600,46.98
22165200,48.91
22168800,52.82
22172400,58.44
22176000,65.4
22179600,73.22
22183200,81.36
22186800,89.27
22190400,96.42
22194000,102.31
22197600,106.54
22201200,108.83
22204800,109.02
22208400,107.09
22212000,103.18
22215600,97.56
22219200,90.6
22222800,82.78
22226400,74.64
22230000,66.73
22233600,59.58
22237200,53.69
22240800,49.46
22244400,47.17
22248000,46.98
22251600,48.91
22255200,52.82
22258800,58.44
22262400,65.4
22266000,73.22
22269600,81.36
22273200,89.27
22276800,96.42
22280400,102.31
22284000,106.54
22287600,108.83
22291200,109.02
22294800,107.09
22298400,103.18
22302000,97.56
22305600,90.6
22309200,82.78
22312800,74.64
22316400,66.73
22320000,59.58
22323600,53.69
22327200,49.46
22330800,47.17
22334400,46.98
22338000,48.91
22341600,52.82
22345200,58.44
22348800,65.4
22352400,73.22
22356000,81.36
22359600,89.27
22363200,96.42
22366800,102.31
22370400,106.54
22374000,108.83
22377600,109.02
22381200,107.09
22384800,103.18
22388400,97.56
22392000,90.6
22395600,82.78
22399200,74.64
22402800,66.73
22406400,59.58
22410000,53.69
22413600,49.46
22417200,47.17
22420800,46.98
22424400,48.91
22428000,52.82
22431600,58.44
22435200,65.4
22438800,73.22
22442400,81.36
22446000,89.27
22449600,96.42
22453200,102.31
22456800,106.54
22460400,108.83
22464000,109.02
22467600,107.09
22471200,103.18
22474800,97.56
22478400,90.6
22482000,82.78
22485600,74.64
22489200,66.73
22492800,59.58
22496400,53.69
22500000,49.46
22503600,47.17
22507200,46.98
22510800,48.91
22514400,52.82
22518000,58.44
22521600,65.4
22525200,73.22
22528800,81.36
22532400,89.27
22536000,96.42
22539600,102.31
22543200,106.54
22546800,108.83
22550400,109.02
22554000,107.09
22557600,103.18
22561200,97.56
22564800,90.6
22568400,82.78
22572000,74.64
22575600,66.73
22579200,59.58
22582800,53.69
22586400,49.46
22590000,47.17
22593600,46.98
22597200,48.91
22600800,52.82
22604400,58.44
22608000,65.4
22611600,73.22
22615200,81.36
22618800,89.27
22622400,96.42
22626000,102.31
22629600,106.54
22633200,108.83
22636800,109.02
22640400,107.09
22644000,103.18
22647600,97.56
22651200,90.6
22654800,82.78
22658400,74.64
22662000,66.73
22665600,59.58
22669200,53.69
22672800,49.46
22676400,47.17
22680000,46.98
22683600,48.91
22687200,52.82
22690800,58.44
22694400,65.4
22698000,73.22
22701600,81.36
22705200,89.27
22708800,96.42
22712400,102.31
22716000,106.54
22719600,108.83
22723200,109.02
22726800,107.09
22730400,103.18
22734000,97.56
22737600,90.6
22741200,82.78
22744800,74.64
22748400,66.73
22752000,59.58
22755600,53.69
22759200,49.46
22762800,47.17
22766400,46.98
22770000,48.91
22773600,52.82
22777200,58.44
22780800,65.4
22784400,73.22
22788000,81.36
22791600,89.27
22795200,96.42
22798800,102.31
22802400,106.54
22806000,108.83
22809600,109.02
22813200,107.09
22816800,103.18
22820400,97.56
22824000,90.6
22827600,82.78
22831200,74.64
22834800,66.73
22838400,59.58
22842000,53.69
22845600,49.46
22849200,47.17
22852800,46.98
22856400,48.91
22860000,52.82
22863600,58.44
22867200,65.4
22870800,73.22
22874400,81.36
22878000,89.27
22881600,96.42
22885200,102.31
22888800,106.54
22892400,108.83
22896000,109.02
22899600,107.09
22903200,103.18
22906800,97.56
22910400,90.6
22914000,82.78
22917600,74.64
22921200,66.73
22924800,59.58
22928400,53.69
22932000,49.46
22935600,47.17
22939200,46.98
22942800,48.91
22946400,52.82
22950000,58.44
22953600,65.4
22957200,73.22
22960800,81.36
22964400,89.27
22968000,96.42
22971600,102.31
22975200,106.54
22978800,108.83
22982400,109.02
22986000,107.09
22989600,103.18
22993200,97.56
22996800,90.6
23000400,82.78
23004000,74.64
23007600,66.73
23011200,59.58
23014800,53.69
23018400,49.46
23022000,47.17
23025600,46.98
23029200,48.91
23032800,52.82
23036400,58.44
23040000,65.4
23043600,73.22
23047200,81.36
23050800,89.27
23054400,96.42
23058000,102.31
23061600,106.54
23065200,108.83
23068800,109.02
23072400,107.09
23076000,103.18
23079600,97.56
23083200,90.6
23086800,82.78
23090400,74.64
23094000,66.73
23097600,59.58
23101200,53.69
23104800,49.46
23108400,47.17
23112000,46.98
23115600,48.91
23119200,52.82
23122800,58.44
23126400,65.4
23130000,73.22
23133600,81.36
23137200,89.27
23140800,96.42
23144400,102.31
23148000,106.54
23151600,108.83
23155200,109.02
23158800,107.09
23162400,103.18
23166000,97.56
23169600,90.6
23173200,82.78
23176800,74.64
23180400,66.73
23184000,59.58
23187600,53.69
23191200,49.46
23194800,47.17
23198400,46.98
23202000,48.91
23205600,52.82
23209200,58.44
23212800,65.4
23216400,73.22
23220000,81.36
23223600,89.27
23227200,96.42
23230800,102.31
23234400,106.54
23238000,108.83
23241600,109.02
23245200,107.09
23248800,103.18
23252400,97.56
23256000,90.6
23259600,82.78
23263200,74.64
23266800,66.73
23270400,59.58
23274000,53.69
23277600,49.46
23281200,47.17
23284800,46.98
23288400,48.91
23292000,52.82
23295600,58.44
23299200,65.4
23302800,73.22
23306400,81.36
23310000,89.27
23313600,96.42
23317200,102.31
23320800,106.54
23324400,108.83
23328000,109.02
23331600,107.09
23335200,103.18
23338800,97.56
23342400,90.6
23346000,82.78
23349600,74.64
23353200,66.73
23356800,59.58
23360400,53.69
23364000,49.46
23367600,47.17
23371200,46.98
23374800,48.91
23378400,52.82
23382000,58.44
23385600,65.4
23389200,73.22
23392800,81.36
23396400,89.27
23400000,96.42
23403600,102.31
23407200,106.54
23410800,108.83
23414400,109.02
23418000,107.09
23421600,103.18
23425200,97.56
23428800,90.6
23432400,82.78
23436000,74.64
23439600,66.73
23443200,59.58
23446800,53.69
23450400,49.46
23454000,47.17
23457600,46.98
23461200,48.91
23464800,52.82
23468400,58.44
23472000,65.4
23475600,73.22
23479200,81.36
23482800,89.27
23486400,96.42
23490000,102.31
23493600,106.54
23497200,108.83
23500800,109.02
23504400,107.09
23508000,103.18
23511600,97.56
23515200,90.6
23518800,82.78
23522400,74.64
23526000,66.73
23529600,59.58
23533200,53.69
23536800,49.46
23540400,47.17
23544000,46.98
23547600,48.91
23551200,52.82
23554800,58.44
23558400,65.4
23562000,73.22
23565600,81.36
23569200,89.27
23572800,96.42
23576400,102.31
23580000,106.54
23583600,108.83
23587200,109.02
23590800,107.09
23594400,103.18
23598000,97.56
23601600,90.6
23605200,82.78
23608800,74.64
23612400,66.73
23616000,59.58
23619600,53.69
23623200,49.46
23626800,47.17
23630400,46.98
23634000,48.91
23637600,52.82
23641200,58.44
23644800,65.4
23648400,73.22
23652000,81.36
23655600,89.27
23659200,96.42
23662800,102.31
23666400,106.54
23670000,108.83
23673600,109.02
23677200,107.09
23680800,103.18
23684400,97.56
23688000,90.6
23691600,82.78
23695200,74.64
23698800,66.73
23702400,59.58
23706000,53.69
23709600,49.46
23713200,47.17
23716800,46.98
23720400,48.91
23724000,52.82
23727600,58.44
23731200,65.4
23734800,73.22
23738400,81.36
23742000,89.27
23745600,96.42
23749200,102.31
23752800,106.54
23756400,108.83
23760000,109.02
23763600,107.09
23767200,103.18
23770800,97.56
23774400,90.6
23778000,82.78
23781600,74.64
23785200,66.73
23788800,59.58
23792400,53.69
23796000,49.46
23799600,47.17
23803200,46.98
23806800,48.91
23810400,52.82
23814000,58.44
23817600,65.4
23821200,73.22
23824800,81.36
23828400,89.27
23832000,96.42
23835600,102.31
23839200,106.54
23842800,108.83
23846400,109.02
23850000,107.09
23853600,103.18
23857200,97.56
23860800,90.6
23864400,82.78
23868000,74.64
23871600,66.73
23875200,59.58
23878800,53.69
23882400,49.46
23886000,47.17
23889600,46.98
23893200,48.91
23896800,52.82
23900400,58.44
23904000,65.4
23907600,73.22
23911200,81.36
23914800,89.27
23918400,96.42
23922000,102.31
23925600,106.54
23929200,108.83
23932800,109.02
23936400,107.09
23940000,103.18
23943600,97.56
23947200,90.6
23950800,82.78
23954400,74.64
23958000,66.73
23961600,59.58
23965200,53.69
23968800,49.46
23972400,47.17
23976000,46.98
23979600,48.91
23983200,52.82
23986800,58.44
23990400,65.4
23994000,73.22
23997600,81.36
24001200,89.27
24004800,96.42
24008400,102.31
24012000,106.54
24015600,108.83
24019200,109.02
24022800,107.09
24026400,103.18
24030000,97.56
24033600,90.6
24037200,82.78
24040800,74.64
24044400,66.73
24048000,59.58
24051600,53.69
24055200,49.46
24058800,47.17
24062400,46.98
24066000,48.91
24069600,52.82
24073200,58.44
24076800,65.4
24080400,73.22
24084000,81.36
24087600,89.27
24091200,96.42
24094800,102.31
24098400,106.54
24102000,108.83
24105600,109.02
24109200,107.09
24112800,103.18
24116400,97.56
24120000,90.6
24123600,82.78
24127200,74.64
24130800,66.73
24134400,59.58
24138000,53.69
24141600,49.46
24145200,47.17
24148800,46.98
24152400,48.91
24156000,52.82
24159600,58.44
24163200,65.4
24166800,73.22
24170400,81.36
24174000,89.27
24177600,96.42
24181200,102.31
24184800,106.54
24188400,108.83
24192000,109.02
24195600,107.09
24199200,103.18
24202800,97.56
24206400,90.6
24210000,82.78
24213600,74.64
24217200,66.73
24220800,59.58
24224400,53.69
24228000,49.46
24231600,47.17
24235200,46.98
24238800,48.91
24242400,52.82
24246000,58.44
24249600,65.4
24253200,73.22
24256800,81.36
24260400,89.27
24264000,96.42
24267600,102.31
24271200,106.54
24274800,108.83
24278400,109.02
24282000,107.09
24285600,103.18
24289200,97.56
24292800,90.6
24296400,82.78
24300000,74.64
24303600,66.73
24307200,59.58
24310800,53.69
24314400,49.46
24318000,47.17
24321600,46.98
24325200,48.91
24328800,52.82
24332400,58.44
24336000,65.4
24339600,73.22
24343200,81.36
24346800,89.27
24350400,96.42
24354000,102.31
24357600,106.54
24361200,108.83
24364800,109.02
24368400,107.09
24372000,103.18
24375600,97.56
24379200,90.6
24382800,82.78
24386400,74.64
24390000,66.73
24393600,59.58
24397200,53.69
24400800,49.46
24404400,47.17
24408000,46.98
24411600,48.91
24415200,52.82
24418800,58.44
24422400,65.4
24426000,73.22
24429600,81.36
24433200,89.27
24436800,96.42
24440400,102.31
24444000,106.54
24447600,108.83
24451200,109.02
24454800,107.09
24458400,103.18
24462000,97.56
24465600,90.6
24469200,82.78
24472800,74.64
24476400,66.73
24480000,59.58
24483600,53.69
24487200,49.46
24490800,47.17
24494400,46.98
24498000,48.91
24501600,52.82
24505200,58.44
24508800,65.4
24512400,73.22
24516000,81.36
24519600,89.27
24523200,96.42
24526800,102.31
24530400,106.54
24534000,108.83
24537600,109.02
24541200,107.09
24544800,103.18
24548400,97.56
24552000,90.6
24555600,82.78
24559200,74.64
24562800,66.73
24566400,59.58
24570000,53.69
24573600,49.46
24577200,47.17
24580800,46.98
24584400,48.91
24588000,52.82
24591600,58.44
24595200,65.4
24598800,73.22
24602400,81.36
24606000,89.27
24609600,96.42
24613200,102.31
24616800,106.54
24620400,108.83
24624000,109.02
24627600,107.09
24631200,103.18
24634800,97.56
24638400,90.6
24642000,82.78
24645600,74.64
24649200,66.73
24652800,59.58
24656400,53.69
24660000,49.46
24663600,47.17
24667200,46.98
24670800,48.91
24674400,52.82
24678000,58.44
24681600,65.4
24685200,73.22
24688800,81.36
24692400,89.27
24696000,96.42
24699600,102.31
24703200,106.54
24706800,108.83
24710400,109.02
24714000,107.09
24717600,103.18
24721200,97.56
24724800,90.6
24728400,82.78
24732000,74.64
24735600,66.73
24739200,59.58
24742800,53.69
24746400,49.46
24750000,47.17
24753600,46.98
24757200,48.91
24760800,52.82
24764400,58.44
24768000,65.4
24771600,73.22
24775200,81.36
24778800,89.27
24782400,96.42
24786000,102.31
24789600,106.54
24793200,108.83
24796800,109.02
24800400,107.09
24804000,103.18
24807600,97.56
24811200,90.6
24814800,82.78
24818400,74.64
24822000,66.73
24825600,59.58
24829200,53.69
24832800,49.46
24836400,47.17
24840000,46.98
24843600,48.91
24847200,52.82
24850800,58.44
24854400,65.4
24858000,73.22
24861600,81.36
24865200,89.27
24868800,96.42
24872400,102.31
24876000,106.54
24879600,108.83
24883200,109.02
24886800,107.09
24890400,103.18
24894000,97.56
24897600,90.6
24901200,82.78
24904800,74.64
24908400,66.73
24912000,59.58
24915600,53.69
24919200,49.46
24922800,47.17
24926400,46.98
24930000,48.91
24933600,52.82
24937200,58.44
24940800,65.4
24944400,73.22
24948000,81.36
24951600,89.27
24955200,96.42
24958800,102.31
24962400,106.54
24966000,108.83
24969600,109.02
24973200,107.09
24976800,103.18
24980400,97.56
24984000,90.6
24987600,82.78
24991200,74.64
24994800,66.73
24998400,59.58
25002000,53.69
25005600,49.46
25009200,47.17
25012800,46.98
25016400,48.91
25020000,52.82
25023600,58.44
25027200,65.4
25030800,73.22
25034400,81.36
25038000,89.27
25041600,96.42
25045200,102.31
25048800,106.54
25052400,108.83
25056000,109.02
25059600,107.09
25063200,103.18
25066800,97.56
25070400,90.6
25074000,82.78
25077600,74.64
25081200,66.73
25084800,59.58
25088400,53.69
25092000,49.46
25095600,47.17
25099200,46.98
25102800,48.91
25106400,52.82
25110000,58.44
25113600,65.4
25117200,73.22
25120800,81.36
25124400,89.27
25128000,96.42
25131600,102.31
25135200,106.54
25138800,108.83
25142400,109.02
25146000,107.09
25149600,103.18
25153200,97.56
25156800,90.6
25160400,82.78
25164000,74.64
25167600,66.73
25171200,59.58
25174800,53.69
25178400,49.46
25182000,47.17
25185600,46.98
25189200,48.91
25192800,52.82
25196400,58.44
25200000,65.4
25203600,73.22
25207200,81.36
25210800,89.27
25214400,96.42
25218000,102.31
25221600,106.54
25225200,108.83
25228800,109.02
25232400,107.09
25236000,103.18
25239600,97.56
25243200,90.6
25246800,82.78
25250400,74.64
25254000,66.73
25257600,59.58
25261200,53.69
25264800,49.46
25268400,47.17
25272000,46.98
25275600,48.91
25279200,52.82
25282800,58.44
25286400,65.4
25290000,73.22
25293600,81.36
25297200,89.27
25300800,96.42
25304400,102.31
25308000,106.54
25311600,108.83
25315200,109.02
25318800,107.09
25322400,103.18
25326000,97.56
25329600,90.6
25333200,82.78
25336800,74.64
25340400,66.73
25344000,59.58
25347600,53.69
25351200,49.46
25354800,47.17
25358400,46.98
25362000,48.91
25365600,52.82
25369200,58.44
25372800,65.4
25376400,73.22
25380000,81.36
25383600,89.27
25387200,96.42
25390800,102.31
25394400,106.54
25398000,108.83
25401600,109.02
25405200,107.09
25408800,103.18
25412400,97.56
25416000,90.6
25419600,82.78
25423200,74.64
25426800,66.73
25430400,59.58
25434000,53.69
25437600,49.46
25441200,47.17
25444800,46.98
25448400,48.91
25452000,52.82
25455600,58.44
25459200,65.4
25462800,73.22
25466400,81.36
25470000,89.27
25473600,96.42
25477200,102.31
25480800,106.54
25484400,108.83
25488000,109.02
25491600,107.09
25495200,103.18
25498800,97.56
25502400,90.6
25506000,82.78
25509600,74.64
25513200,66.73
25516800,59.58
25520400,53.69
25524000,49.46
25527600,47.17
25531200,46.98
25534800,48.91
25538400,52.82
25542000,58.44
25545600,65.4
25549200,73.22
25552800,81.36
25556400,89.27
25560000,96.42
25563600,102.31
25567200,106.54
25570800,108.83
25574400,109.02
25578000,107.09
25581600,103.18
25585200,97.56
25588800,90.6
25592400,82.78
25596000,74.64
25599600,66.73
25603200,59.58
25606800,53.69
25610400,49.46
25614000,47.17
25617600,46.98
25621200,48.91
25624800,52.82
25628400,58.44
25632000,65.4
25635600,73.22
25639200,81.36
25642800,89.27
25646400,96.42
25650000,102.31
25653600,106.54
25657200,108.83
25660800,109.02
25664400,107.09
25668000,103.18
25671600,97.56
25675200,90.6
25678800,82.78
25682400,74.64
25686000,66.73
25689600,59.58
25693200,53.69
25696800,49.46
25700400,47.17
25704000,46.98
25707600,48.91
25711200,52.82
25714800,58.44
25718400,65.4
25722000,73.22
25725600,81.36
25729200,89.27
25732800,96.42
25736400,102.31
25740000,106.54
25743600,108.83
25747200,109.02
25750800,107.09
25754400,103.18
25758000,97.56
25761600,90.6
25765200,82.78
25768800,74.64
25772400,66.73
25776000,59.58
25779600,53.69
25783200,49.46
25786800,47.17
25790400,46.98
25794000,48.91
25797600,52.82
25801200,58.44
25804800,65.4
25808400,73.22
25812000,81.36
25815600,89.27
25819200,96.42
25822800,102.31
25826400,106.54
25830000,108.83
25833600,109.02
25837200,107.09
25840800,103.18
25844400,97.56
25848000,90.6
25851600,82.78
25855200,74.64
25858800,66.73
25862400,59.58
25866000,53.69
25869600,49.46
25873200,47.17
25876800,46.98
25880400,48.91
25884000,52.82
25887600,58.44
25891200,65.4
25894800,73.22
25898400,81.36
25902000,89.27
25905600,96.42
25909200,102.31
25912800,106.54
25916400,108.83
25920000,109.02
25923600,107.09
25927200,103.18
25930800,97.56
25934400,90.6
25938000,82.78
25941600,74.64
25945200,66.73
25948800,59.58
25952400,53.69
25956000,49.46
25959600,47.17
25963200,46.98
25966800,48.91
25970400,52.82
25974000,58.44
25977600,65.4
25981200,73.22
25984800,81.36
25988400,89.27
25992000,96.42
25995600,102.31
25999200,106.54
26002800,108.83
26006400,109.02
26010000,107.09
26013600,103.18
26017200,97.56
26020800,90.6
26024400,82.78
26028000,74.64
26031600,66.73
26035200,59.58
26038800,53.69
26042400,49.46
26046000,47.17
26049600,46.98
26053200,48.91
26056800,52.82
26060400,58.44
26064000,65.4
26067600,73.22
26071200,81.36
26074800,89.27
26078400,96.42
26082000,102.31
26085600,106.54
26089200,108.83
26092800,109.02
26096400,107.09
26100000,103.18
26103600,97.56
26107200,90.6
26110800,82.78
26114400,74.64
26118000,66.73
26121600,59.58
26125200,53.69
26128800,49.46
26132400,47.17
26136000,46.98
26139600,48.91
26143200,52.82
26146800,58.44
26150400,65.4
26154000,73.22
26157600,81.36
26161200,89.27
26164800,96.42
26168400,102.31
26172000,106.54
26175600,108.83
26179200,109.02
26182800,107.09
26186400,103.18
26190000,97.56
26193600,90.6
26197200,82.78
26200800,74.64
26204400,66.73
26208000,59.58
26211600,53.69
26215200,49.46
26218800,47.17
26222400,46.98
26226000,48.91
26229600,52.82
26233200,58.44
26236800,65.4
26240400,73.22
26244000,81.36
26247600,89.27
26251200,96.42
26254800,102.31
26258400,106.54
26262000,108.83
26265600,109.02
26269200,107.09
26272800,103.18
26276400,97.56
26280000,90.6
26283600,82.78
26287200,74.64
26290800,66.73
26294400,59.58
26298000,53.69
26301600,49.46
26305200,47.17
26308800,46.98
26312400,48.91
26316000,52.82
26319600,58.44
26323200,65.4
26326800,73.22
26330400,81.36
26334000,89.27
26337600,96.42
26341200,102.31
26344800,106.54
26348400,108.83
26352000,109.02
26355600,107.09
26359200,103.18
26362800,97.56
26366400,90.6
26370000,82.78
26373600,74.64
26377200,66.73
26380800,59.58
26384400,53.69
26388000,49.46
26391600,47.17
26395200,46.98
26398800,48.91
26402400,52.82
26406000,58.44
26409600,65.4
26413200,73.22
26416800,81.36
26420400,89.27
26424000,96.42
26427600,102.31
26431200,106.54
26434800,108.83
26438400,109.02
26442000,107.09
26445600,103.18
26449200,97.56
26452800,90.6
26456400,82.78
26460000,74.64
26463600,66.73
26467200,59.58
26470800,53.69
26474400,49.46
26478000,47.17
26481600,46.98
26485200,48.91
26488800,52.82
26492400,58.44
26496000,65.4
26499600,73.22
26503200,81.36
26506800,89.27
26510400,96.42
26514000,102.31
26517600,106.54
26521200,108.83
26524800,109.02
26528400,107.09
26532000,103.18
26535600,97.56
26539200,90.6
26542800,82.78
26546400,74.64
26550000,66.73
26553600,59.58
26557200,53.69
26560800,49.46
26564400,47.17
26568000,46.98
26571600,48.91
26575200,52.82
26578800,58.44
26582400,65.4
26586000,73.22
26589600,81.36
26593200,89.27
26596800,96.42
26600400,102.31
26604000,106.54
26607600,108.83
26611200,109.02
26614800,107.09
26618400,103.18
26622000,97.56
26625600,90.6
26629200,82.78
26632800,74.64
26636400,66.73
26640000,59.58
26643600,53.69
26647200,49.46
26650800,47.17
26654400,46.98
26658000,48.91
26661600,52.82
26665200,58.44
26668800,65.4
26672400,73.22
26676000,81.36
26679600,89.27
26683200,96.42
26686800,102.31
26690400,106.54
26694000,108.83
26697600,109.02
26701200,107.09
26704800,103.18
26708400,97.56
26712000,90.6
26715600,82.78
26719200,74.64
26722800,66.73
26726400,59.58
26730000,53.69
26733600,49.46
26737200,47.17
26740800,46.98
26744400,48.91
26748000,52.82
26751600,58.44
26755200,65.4
26758800,73.22
26762400,81.36
26766000,89.27
26769600,96.42
26773200,102.31
26776800,106.54
26780400,108.83
26784000,109.02
26787600,107.09
26791200,103.18
26794800,97.56
26798400,90.6
26802000,82.78
26805600,74.64
26809200,66.73
26812800,59.58
26816400,53.69
26820000,49.46
26823600,47.17
26827200,46.98
26830800,48.91
26834400,52.82
26838000,58.44
26841600,65.4
26845200,73.22
26848800,81.36
26852400,89.27
26856000,96.42
26859600,102.31
26863200,106.54
26866800,108.83
26870400,109.02
26874000,107.09
26877600,103.18
26881200,97.56
26884800,90.6
26888400,82.78
26892000,74.64
26895600,66.73
26899200,59.58
26902800,53.69
26906400,49.46
26910000,47.17
26913600,46.98
26917200,48.91
26920800,52.82
26924400,58.44
26928000,65.4
26931600,73.22
26935200,81.36
26938800,89.27
26942400,96.42
26946000,102.31
26949600,106.54
26953200,108.83
26956800,109.02
26960400,107.09
26964000,103.18
26967600,97.56
26971200,90.6
26974800,82.78
26978400,74.64
26982000,66.73
26985600,59.58
26989200,53.69
26992800,49.46
26996400,47.17
27000000,46.98
27003600,48.91
27007200,52.82
27010800,58.44
27014400,65.4
27018000,73.22
27021600,81.36
27025200,89.27
27028800,96.42
27032400,102.31
27036000,106.54
27039600,108.83
27043200,109.02
27046800,107.09
27050400,103.18
27054000,97.56
27057600,90.6
27061200,82.78
27064800,74.64
27068400,66.73
27072000,59.58
27075600,53.69
27079200,49.46
27082800,47.17
27086400,46.98
27090000,48.91
27093600,52.82
27097200,58.44
27100800,65.4
27104400,73.22
27108000,81.36
27111600,89.27
27115200,96.42
27118800,102.31
27122400,106.54
27126000,108.83
27129600,109.02
27133200,107.09
27136800,103.18
27140400,97.56
27144000,90.6
27147600,82.78
27151200,74.64
27154800,66.73
27158400,59.58
27162000,53.69
27165600,49.46
27169200,47.17
27172800,46.98
27176400,48.91
27180000,52.82
27183600,58.44
27187200,65.4
27190800,73.22
27194400,81.36
27198000,89.27
27201600,96.42
27205200,102.31
27208800,106.54
27212400,108.83
27216000,109.02
27219600,107.09
27223200,103.18
27226800,97.56
27230400,90.6
27234000,82.78
27237600,74.64
27241200,66.73
27244800,59.58
27248400,53.69
27252000,49.46
27255600,47.17
27259200,46.98
27262800,48.91
27266400,52.82
27270000,58.44
27273600,65.4
27277200,73.22
27280800,81.36
27284400,89.27
27288000,96.42
27291600,102.31
27295200,106.54
27298800,108.83
27302400,109.02
27306000,107.09
27309600,103.18
27313200,97.56
27316800,90.6
27320400,82.78
27324000,74.64
27327600,66.73
27331200,59.58
27334800,53.69
27338400,49.46
27342000,47.17
27345600,46.98
27349200,48.91
27352800,52.82
27356400,58.44
27360000,65.4
27363600,73.22
27367200,81.36
27370800,89.27
27374400,96.42
27378000,102.31
27381600,106.54
27385200,108.83
27388800,109.02
27392400,107.09
27396000,103.18
27399600,97.56
27403200,90.6
27406800,82.78
27410400,74.64
27414000,66.73
27417600,59.58
27421200,53.69
27424800,49.46
27428400,47.17
27432000,46.98
27435600,48.91
27439200,52.82
27442800,58.44
27446400,65.4
27450000,73.22
27453600,81.36
27457200,89.27
27460800,96.42
27464400,102.31
27468000,106.54
27471600,108.83
27475200,109.02
27478800,107.09
27482400,103.18
27486000,97.56
27489600,90.6
27493200,82.78
27496800,74.64
27500400,66.73
27504000,59.58
27507600,53.69
27511200,49.46
27514800,47.17
27518400,46.98
27522000,48.91
27525600,52.82
27529200,58.44
27532800,65.4
27536400,73.22
27540000,81.36
27543600,89.27
27547200,96.42
27550800,102.31
27554400,106.54
27558000,108.83
27561600,109.02
27565200,107.09
27568800,103.18
27572400,97.56
27576000,90.6
27579600,82.78
27583200,74.64
27586800,66.73
27590400,59.58
27594000,53.69
27597600,49.46
27601200,47.17
27604800,46.98
27608400,48.91
27612000,52.82
27615600,58.44
27619200,65.4
27622800,73.22
27626400,81.36
27630000,89.27
27633600,96.42
27637200,102.31
27640800,106.54
27644400,108.83
27648000,109.02
27651600,107.09
27655200,103.18
27658800,97.56
27662400,90.6
27666000,82.78
27669600,74.64
27673200,66.73
27676800,59.58
27680400,53.69
27684000,49.46
27687600,47.17
27691200,46.98
27694800,48.91
27698400,52.82
27702000,58.44
27705600,65.4
27709200,73.22
27712800,81.36
27716400,89.27
27720000,96.42
27723600,102.31
27727200,106.54
27730800,108.83
27734400,109.02
27738000,107.09
27741600,103.18
27745200,97.56
27748800,90.6
27752400,82.78
27756000,74.64
27759600,66.73
27763200,59.58
27766800,53.69
27770400,49.46
27774000,47.17
27777600,46.98
27781200,48.91
27784800,52.82
27788400,58.44
27792000,65.4
27795600,73.22
27799200,81.36
27802800,89.27
27806400,96.42
27810000,102.31
27813600,106.54
27817200,108.83
27820800,109.02
27824400,107.09
27828000,103.18
27831600,97.56
27835200,90.6
27838800,82.78
27842400,74.64
27846000,66.73
27849600,59.58
27853200,53.69
27856800,49.46
27860400,47.17
27864000,46.98
27867600,48.91
27871200,52.82
27874800,58.44
27878400,65.4
27882000,73.22
27885600,81.36
27889200,89.27
27892800,96.42
27896400,102.31
27900000,106.54
27903600,108.83
27907200,109.02
27910800,107.09
27914400,103.18
27918000,97.56
27921600,90.6
27925200,82.78
27928800,74.64
27932400,66.73
27936000,59.58
27939600,53.69
27943200,49.46
27946800,47.17
27950400,46.98
27954000,48.91
27957600,52.82
27961200,58.44
27964800,65.4
27968400,73.22
27972000,81.36
27975600,89.27
27979200,96.42
27982800,102.31
27986400,106.54
27990000,108.83
27993600,109.02
27997200,107.09
28000800,103.18
28004400,97.56
28008000,90.6
28011600,82.78
28015200,74.64
28018800,66.73
28022400,59.58
28026000,53.69
28029600,49.46
28033200,47.17
28036800,46.98
28040400,48.91
28044000,52.82
28047600,58.44
28051200,65.4
28054800,73.22
28058400,81.36
28062000,89.27
28065600,96.42
28069200,102.31
28072800,106.54
28076400,108.83
28080000,109.02
28083600,107.09
28087200,103.18
28090800,97.56
28094400,90.6
28098000,82.78
28101600,74.64
28105200,66.73
28108800,59.58
28112400,53.69
28116000,49.46
28119600,47.17
28123200,46.98
28126800,48.91
28130400,52.82
28134000,58.44
28137600,65.4
28141200,73.22
28144800,81.36
28148400,89.27
28152000,96.42
28155600,102.31
28159200,106.54
28162800,108.83
28166400,109.02
28170000,107.09
28173600,103.18
28177200,97.56
28180800,90.6
28184400,82.78
28188000,74.64
28191600,66.73
28195200,59.58
28198800,53.69
28202400,49.46
28206000,47.17
28209600,46.98
28213200,48.91
28216800,52.82
28220400,58.44
28224000,65.4
28227600,73.22
28231200,81.36
28234800,89.27
28238400,96.42
28242000,102.31
28245600,106.54
28249200,108.83
28252800,109.02
28256400,107.09
28260000,103.18
28263600,97.56
28267200,90.6
28270800,82.78
28274400,74.64
28278000,66.73
28281600,59.58
28285200,53.69
28288800,49.46
28292400,47.17
28296000,46.98
28299600,48.91
28303200,52.82
28306800,58.44
28310400,65.4
28314000,73.22
28317600,81.36
28321200,89.27
28324800,96.42
28328400,102.31
28332000,106.54
28335600,108.83
28339200,109.02
28342800,107.09
28346400,103.18
28350000,97.56
28353600,90.6
28357200,82.78
28360800,74.64
28364400,66.73
28368000,59.58
28371600,53.69
28375200,49.46
28378800,47.17
28382400,46.98
28386000,48.91
28389600,52.82
28393200,58.44
28396800,65.4
28400400,73.22
28404000,81.36
28407600,89.27
28411200,96.42
28414800,102.31
28418400,106.54
28422000,108.83
28425600,109.02
28429200,107.09
28432800,103.18
28436400,97.56
28440000,90.6
28443600,82.78
28447200,74.64
28450800,66.73
28454400,59.58
28458000,53.69
28461600,49.46
28465200,47.17
28468800,46.98
28472400,48.91
28476000,52.82
28479600,58.44
28483200,65.4
28486800,73.22
28490400,81.36
28494000,89.27
28497600,96.42
28501200,102.31
28504800,106.54
28508400,108.83
28512000,109.02
28515600,107.09
28519200,103.18
28522800,97.56
28526400,90.6
28530000,82.78
28533600,74.64
28537200,66.73
28540800,59.58
28544400,53.69
28548000,49.46
28551600,47.17
28555200,46.98
28558800,48.91
28562400,52.82
28566000,58.44
28569600,65.4
28573200,73.22
28576800,81.36
28580400,89.27
28584000,96.42
28587600,102.31
28591200,106.54
28594800,108.83
28598400,109.02
28602000,107.09
28605600,103.18
28609200,97.56
28612800,90.6
28616400,82.78
28620000,74.64
28623600,66.73
28627200,59.58
28630800,53.69
28634400,49.46
28638000,47.17
28641600,46.98
28645200,48.91
28648800,52.82
28652400,58.44
28656000,65.4
28659600,73.22
28663200,81.36
28666800,89.27
28670400,96.42
28674000,102.31
28677600,106.54
28681200,108.83
28684800,109.02
28688400,107.09
28692000,103.18
28695600,97.56
28699200,90.6
28702800,82.78
28706400,74.64
28710000,66.73
28713600,59.58
28717200,53.69
28720800,49.46
28724400,47.17
28728000,46.98
28731600,48.91
28735200,52.82
28738800,58.44
28742400,65.4
28746000,73.22
28749600,81.36
28753200,89.27
28756800,96.42
28760400,102.31
28764000,106.54
28767600,108.83
28771200,109.02
28774800,107.09
28778400,103.18
28782000,97.56
28785600,90.6
28789200,82.78
28792800,74.64
28796400,66.73
28800000,59.58
28803600,53.69
28807200,49.46
28810800,47.17
28814400,46.98
28818000,48.91
28821600,52.82
28825200,58.44
28828800,65.4
28832400,73.22
28836000,81.36
28839600,89.27
28843200,96.42
28846800,102.31
28850400,106.54
28854000,108.83
28857600,109.02
28861200,107.09
28864800,103.18
28868400,97.56
28872000,90.6
28875600,82.78
28879200,74.64
28882800,66.73
28886400,59.58
28890000,53.69
28893600,49.46
28897200,47.17
28900800,46.98
28904400,48.91
28908000,52.82
28911600,58.44
28915200,65.4
28918800,73.22
28922400,81.36
28926000,89.27
28929600,96.42
28933200,102.31
28936800,106.54
28940400,108.83
28944000,109.02
28947600,107.09
28951200,103.18
28954800,97.56
28958400,90.6
28962000,82.78
28965600,74.64
28969200,66.73
28972800,59.58
28976400,53.69
28980000,49.46
28983600,47.17
28987200,46.98
28990800,48.91
28994400,52.82
28998000,58.44
29001600,65.4
29005200,73.22
29008800,81.36
29012400,89.27
29016000,96.42
29019600,102.31
29023200,106.54
29026800,108.83
29030400,109.02
29034000,107.09
29037600,103.18
29041200,97.56
29044800,90.6
29048400,82.78
29052000,74.64
29055600,66.73
29059200,59.58
29062800,53.69
29066400,49.46
29070000,47.17
29073600,46.98
29077200,48.91
29080800,52.82
29084400,58.44
29088000,65.4
29091600,73.22
29095200,81.36
29098800,89.27
29102400,96.42
29106000,102.31
29109600,106.54
29113200,108.83
29116800,109.02
29120400,107.09
29124000,103.18
29127600,97.56
29131200,90.6
29134800,82.78
29138400,74.64
29142000,66.73
29145600,59.58
29149200,53.69
29152800,49.46
29156400,47.17
29160000,46.98
29163600,48.91
29167200,52.82
29170800,58.44
29174400,65.4
29178000,73.22
29181600,81.36
29185200,89.27
29188800,96.42
29192400,102.31
29196000,106.54
29199600,108.83
29203200,109.02
29206800,107.09
29210400,103.18
29214000,97.56
29217600,90.6
29221200,82.78
29224800,74.64
29228400,66.73
29232000,59.58
29235600,53.69
29239200,49.46
29242800,47.17
29246400,46.98
29250000,48.91
29253600,52.82
29257200,58.44
29260800,65.4
29264400,73.22
29268000,81.36
29271600,89.27
29275200,96.42
29278800,102.31
29282400,106.54
29286000,108.83
29289600,109.02
29293200,107.09
29296800,103.18
29300400,97.56
29304000,90.6
29307600,82.78
29311200,74.64
29314800,66.73
29318400,59.58
29322000,53.69
29325600,49.46
29329200,47.17
29332800,46.98
29336400,48.91
29340000,52.82
29343600,58.44
29347200,65.4
29350800,73.22
29354400,81.36
29358000,89.27
29361600,96.42
29365200,102.31
29368800,106.54
29372400,108.83
29376000,109.02
29379600,107.09
29383200,103.18
29386800,97.56
29390400,90.6
29394000,82.78
29397600,74.64
29401200,66.73
29404800,59.58
29408400,53.69
29412000,49.46
29415600,47.17
29419200,46.98
29422800,48.91
29426400,52.82
29430000,58.44
29433600,65.4
29437200,73.22
29440800,81.36
29444400,89.27
29448000,96.42
29451600,102.31
29455200,106.54
29458800,108.83
29462400,109.02
29466000,107.09
29469600,103.18
29473200,97.56
29476800,90.6
29480400,82.78
29484000,74.64
29487600,66.73
29491200,59.58
29494800,53.69
29498400,49.46
29502000,47.17
29505600,46.98
29509200,48.91
29512800,52.82
29516400,58.44
29520000,65.4
29523600,73.22
29527200,81.36
29530800,89.27
29534400,96.42
29538000,102.31
29541600,106.54
29545200,108.83
29548800,109.02
29552400,107.09
29556000,103.18
29559600,97.56
29563200,90.6
29566800,82.78
29570400,74.64
29574000,66.73
29577600,59.58
29581200,53.69
29584800,49.46
29588400,47.17
29592000,46.98
29595600,48.91
29599200,52.82
29602800,58.44
29606400,65.4
29610000,73.22
29613600,81.36
29617200,89.27
29620800,96.42
29624400,102.31
29628000,106.54
29631600,108.83
29635200,109.02
29638800,107.09
29642400,103.18
29646000,97.56
29649600,90.6
29653200,82.78
29656800,74.64
29660400,66.73
29664000,59.58
29667600,53.69
29671200,49.46
29674800,47.17
29678400,46.98
29682000,48.91
29685600,52.82
29689200,58.44
29692800,65.4
29696400,73.22
29700000,81.36
29703600,89.27
29707200,96.42
29710800,102.31
29714400,106.54
29718000,108.83
29721600,109.02
29725200,107.09
29728800,103.18
29732400,97.56
29736000,90.6
29739600,82.78
29743200,74.64
29746800,66.73
29750400,59.58
29754000,53.69
29757600,49.46
29761200,47.17
29764800,46.98
29768400,48.91
29772000,52.82
29775600,58.44
29779200,65.4
29782800,73.22
29786400,81.36
29790000,89.27
29793600,96.42
29797200,102.31
29800800,106.54
29804400,108.83
29808000,109.02
29811600,107.09
29815200,103.18
29818800,97.56
29822400,90.6
29826000,82.78
29829600,74.64
29833200,66.73
29836800,59.58
29840400,53.69
29844000,49.46
29847600,47.17
29851200,46.98
29854800,48.91
29858400,52.82
29862000,58.44
29865600,65.4
29869200,73.22
29872800,81.36
29876400,89.27
29880000,96.42
29883600,102.31
29887200,106.54
29890800,108.83
29894400,109.02
29898000,107.09
29901600,103.18
29905200,97.56
29908800,90.6
29912400,82.78
29916000,74.64
29919600,66.73
29923200,59.58
29926800,53.69
29930400,49.46
29934000,47.17
29937600,46.98
29941200,48.91
29944800,52.82
29948400,58.44
29952000,65.4
29955600,73.22
29959200,81.36
29962800,89.27
29966400,96.42
29970000,102.31
29973600,106.54
29977200,108.83
29980800,109.02
29984400,107.09
29988000,103.18
29991600,97.56
29995200,90.6
29998800,82.78
30002400,74.64
30006000,66.73
30009600,59.58
30013200,53.69
30016800,49.46
30020400,47.17
30024000,46.98
30027600,48.91
30031200,52.82
30034800,58.44
30038400,65.4
30042000,73.22
30045600,81.36
30049200,89.27
30052800,96.42
30056400,102.31
30060000,106.54
30063600,108.83
30067200,109.02
30070800,107.09
30074400,103.18
30078000,97.56
30081600,90.6
30085200,82.78
30088800,74.64
30092400,66.73
30096000,59.58
30099600,53.69
30103200,49.46
30106800,47.17
30110400,46.98
30114000,48.91
30117600,52.82
30121200,58.44
30124800,65.4
30128400,73.22
30132000,81.36
30135600,89.27
30139200,96.42
30142800,102.31
30146400,106.54
30150000,108.83
30153600,109.02
30157200,107.09
30160800,103.18
30164400,97.56
30168000,90.6
30171600,82.78
30175200,74.64
30178800,66.73
30182400,59.58
30186000,53.69
30189600,49.46
30193200,47.17
30196800,46.98
30200400,48.91
30204000,52.82
30207600,58.44
30211200,65.4
30214800,73.22
30218400,81.36
30222000,89.27
30225600,96.42
30229200,102.31
30232800,106.54
30236400,108.83
30240000,109.02
30243600,107.09
30247200,103.18
30250800,97.56
30254400,90.6
30258000,82.78
30261600,74.64
30265200,66.73
30268800,59.58
30272400,53.69
30276000,49.46
30279600,47.17
30283200,46.98
30286800,48.91
30290400,52.82
30294000,58.44
30297600,65.4
30301200,73.22
30304800,81.36
30308400,89.27
30312000,96.42
30315600,102.31
30319200,106.54
30322800,108.83
30326400,109.02
30330000,107.09
30333600,103.18
30337200,97.56
30340800,90.6
30344400,82.78
30348000,74.64
30351600,66.73
30355200,59.58
30358800,53.69
30362400,49.46
30366000,47.17
30369600,46.98
30373200,48.91
30376800,52.82
30380400,58.44
30384000,65.4
30387600,73.22
30391200,81.36
30394800,89.27
30398400,96.42
30402000,102.31
30405600,106.54
30409200,108.83
30412800,109.02
30416400,107.09
30420000,103.18
30423600,97.56
30427200,90.6
30430800,82.78
30434400,74.64
30438000,66.73
30441600,59.58
30445200,53.69
30448800,49.46
30452400,47.17
30456000,46.98
30459600,48.91
30463200,52.82
30466800,58.44
30470400,65.4
30474000,73.22
30477600,81.36
30481200,89.27
30484800,96.42
30488400,102.31
30492000,106.54
30495600,108.83
30499200,109.02
30502800,107.09
30506400,103.18
30510000,97.56
30513600,90.6
30517200,82.78
30520800,74.64
30524400,66.73
30528000,59.58
30531600,53.69
30535200,49.46
30538800,47.17
30542400,46.98
30546000,48.91
30549600,52.82
30553200,58.44
30556800,65.4
30560400,73.22
30564000,81.36
30567600,89.27
30571200,96.42
30574800,102.31
30578400,106.54
30582000,108.83
30585600,109.02
30589200,107.09
30592800,103.18
30596400,97.56
30600000,90.6
30603600,82.78
30607200,74.64
30610800,66.73
30614400,59.58
30618000,53.69
30621600,49.46
30625200,47.17
30628800,46.98
30632400,48.91
30636000,52.82
30639600,58.44
30643200,65.4
30646800,73.22
30650400,81.36
30654000,89.27
30657600,96.42
30661200,102.31
30664800,106.54
30668400,108.83
30672000,109.02
30675600,107.09
30679200,103.18
30682800,97.56
30686400,90.6
30690000,82.78
30693600,74.64
30697200,66.73
30700800,59.58
30704400,53.69
30708000,49.46
30711600,47.17
30715200,46.98
30718800,48.91
30722400,52.82
30726000,58.44
30729600,65.4
30733200,73.22
30736800,81.36
30740400,89.27
30744000,96.42
30747600,102.31
30751200,106.54
30754800,108.83
30758400,109.02
30762000,107.09
30765600,103.18
30769200,97.56
30772800,90.6
30776400,82.78
30780000,74.64
30783600,66.73
30787200,59.58
30790800,53.69
30794400,49.46
30798000,47.17
30801600,46.98
30805200,48.91
30808800,52.82
30812400,58.44
30816000,65.4
30819600,73.22
30823200,81.36
30826800,89.27
30830400,96.42
30834000,102.31
30837600,106.54
30841200,108.83
30844800,109.02
30848400,107.09
30852000,103.18
30855600,97.56
30859200,90.6
30862800,82.78
30866400,74.64
30870000,66.73
30873600,59.58
30877200,53.69
30880800,49.46
30884400,47.17
30888000,46.98
30891600,48.91
30895200,52.82
30898800,58.44
30902400,65.4
30906000,73.22
30909600,81.36
30913200,89.27
30916800,96.42
30920400,102.31
30924000,106.54
30927600,108.83
30931200,109.02
30934800,107.09
30938400,103.18
30942000,97.56
30945600,90.6
30949200,82.78
30952800,74.64
30956400,66.73
30960000,59.58
30963600,53.69
30967200,49.46
30970800,47.17
30974400,46.98
30978000,48.91
30981600,52.82
30985200,58.44
30988800,65.4
30992400,73.22
30996000,81.36
30999600,89.27
31003200,96.42
31006800,102.31
31010400,106.54
31014000,108.83
31017600,109.02
31021200,107.09
31024800,103.18
31028400,97.56
31032000,90.6
31035600,82.78
31039200,74.64
31042800,66.73
31046400,59.58
31050000,53.69
31053600,49.46
31057200,47.17
31060800,46.98
31064400,48.91
31068000,52.82
31071600,58.44
31075200,65.4
31078800,73.22
31082400,81.36
31086000,89.27
31089600,96.42
31093200,102.31
31096800,106.54
31100400,108.83
31104000,109.02
31107600,107.09
31111200,103.18
31114800,97.56
31118400,90.6
31122000,82.78
31125600,74.64
31129200,66.73
31132800,59.58
31136400,53.69
31140000,49.46
31143600,47.17
31147200,46.98
31150800,48.91
31154400,52.82
31158000,58.44
31161600,65.4
31165200,73.22
31168800,81.36
31172400,89.27
31176000,96.42
31179600,102.31
31183200,106.54
31186800,108.83
31190400,109.02
31194000,107.09
31197600,103.18
31201200,97.56
31204800,90.6
31208400,82.78
31212000,74.64
31215600,66.73
31219200,59.58
31222800,53.69
31226400,49.46
31230000,47.17
31233600,46.98
31237200,48.91
31240800,52.82
31244400,58.44
31248000,65.4
31251600,73.22
31255200,81.36
31258800,89.27
31262400,96.42
31266000,102.31
31269600,106.54
31273200,108.83
31276800,109.02
31280400,107.09
31284000,103.18
31287600,97.56
31291200,90.6
31294800,82.78
31298400,74.64
31302000,66.73
31305600,59.58
31309200,53.69
31312800,49.46
31316400,47.17
31320000,46.98
31323600,48.91
31327200,52.82
31330800,58.44
31334400,65.4
31338000,73.22
31341600,81.36
31345200,89.27
31348800,96.42
31352400,102.31
31356000,106.54
31359600,108.83
31363200,109.02
31366800,107.09
31370400,103.18
31374000,97.56
31377600,90.6
31381200,82.78
31384800,74.64
31388400,66.73
31392000,59.58
31395600,53.69
31399200,49.46
31402800,47.17
31406400,46.98
31410000,48.91
31413600,52.82
31417200,58.44
31420800,65.4
31424400,73.22
31428000,81.36
31431600,89.27
31435200,96.42
31438800,102.31
31442400,106.54
31446000,108.83
31449600,109.02
31453200,107.09
31456800,103.18
31460400,97.56
31464000,90.6
31467600,82.78
31471200,74.64
31474800,66.73
31478400,59.58
31482000,53.69
31485600,49.46
31489200,47.17
31492800,46.98
31496400,48.91
31500000,52.82
31503600,58.44
31507200,65.4
31510800,73.22
31514400,81.36
31518000,89.27
31521600,96.42
31525200,102.31
31528800,106.54
31532400,108.83
31536000,109.02
