t_seconds,gco2_per_kwh
0,76.99
3600,76.41
7200,74.37
10800,71.01
14400,66.55
18000,61.31
21600,55.64
25200,49.93
28800,44.56
32400,39.91
36000,36.28
39600,33.93
43200,33.01
46800,33.59
50400,35.63
54000,38.99
57600,43.45
61200,48.69
64800,54.36
68400,60.07
72000,65.44
75600,70.09
79200,73.72
82800,76.07
86400,76.99
90000,76.41
93600,74.37
97200,71.01
100800,66.55
104400,61.31
108000,55.64
111600,49.93
115200,44.56
118800,39.91
122400,36.28
126000,33.93
129600,33.01
133200,33.59
136800,35.63
140400,38.99
144000,43.45
147600,48.69
151200,54.36
154800,60.07
158400,65.44
162000,70.09
165600,73.72
169200,76.07
172800,76.99
176400,76.41
180000,74.37
183600,71.01
187200,66.55
190800,61.31
194400,55.64
198000,49.93
201600,44.56
205200,39.91
208800,36.28
212400,33.93
216000,33.01
219600,33.59
223200,35.63
226800,38.99
230400,43.45
234000,48.69
237600,54.36
241200,60.07
244800,65.44
248400,70.09
252000,73.72
255600,76.07
259200,76.99
262800,76.41
266400,74.37
270000,71.01
273600,66.55
277200,61.31
280800,55.64
284400,49.93
288000,44.56
291600,39.91
295200,36.28
298800,33.93
302400,33.01
306000,33.59
309600,35.63
313200,38.99
316800,43.45
320400,48.69
324000,54.36
327600,60.07
331200,65.44
334800,70.09
338400,73.72
342000,76.07
345600,76.99
349200,76.41
352800,74.37
356400,71.01
360000,66.55
363600,61.31
367200,55.64
370800,49.93
374400,44.56
378000,39.91
381600,36.28
385200,33.93
388800,33.01
392400,33.59
396000,35.63
399600,38.99
403200,43.45
406800,48.69
410400,54.36
414000,60.07
417600,65.44
421200,70.09
424800,73.72
428400,76.07
432000,76.99
435600,76.41
439200,74.37
442800,71.01
446400,66.55
450000,61.31
453600,55.64
457200,49.93
460800,44.56
464400,39.91
468000,36.28
471600,33.93
475200,33.01
478800,33.59
482400,35.63
486000,38.99
489600,43.45
493200,48.69
496800,54.36
500400,60.07
504000,65.44
507600,70.09
511200,73.72
514800,76.07
518400,76.99
522000,76.41
525600,74.37
529200,71.01
532800,66.55
536400,61.31
540000,55.64
543600,49.93
547200,44.56
550800,39.91
554400,36.28
558000,33.93
561600,33.01
565200,33.59
568800,35.63
572400,38.99
576000,43.45
579600,48.69
583200,54.36
586800,60.07
590400,65.44
594000,70.09
597600,73.72
601200,76.07
604800,76.99
608400,76.41
612000,74.37
615600,71.01
619200,66.55
622800,61.31
626400,55.64
630000,49.93
633600,44.56
637200,39.91
640800,36.28
644400,33.93
648000,33.01
651600,33.59
655200,35.63
658800,38.99
662400,43.45
666000,48.69
669600,54.36
673200,60.07
676800,65.44
680400,70.09
684000,73.72
687600,76.07
691200,76.99
694800,76.41
698400,74.37
702000,71.01
705600,66.55
709200,61.31
712800,55.64
716400,49.93
720000,44.56
723600,39.91
727200,36.28
730800,33.93
734400,33.01
738000,33.59
741600,35.63
745200,38.99
748800,43.45
752400,48.69
756000,54.36
759600,60.07
763200,65.44
766800,70.09
770400,73.72
774000,76.07
777600,76.99
781200,76.41
784800,74.37
788400,71.01
792000,66.55
795600,61.31
799200,55.64
802800,49.93
806400,44.56
810000,39.91
813600,36.28
817200,33.93
820800,33.01
824400,33.59
828000,35.63
831600,38.99
835200,43.45
838800,48.69
842400,54.36
846000,60.07
849600,65.44
853200,70.09
856800,73.72
860400,76.07
864000,76.99
867600,76.41
871200,74.37
874800,71.01
878400,66.55
882000,61.31
885600,55.64
889200,49.93
892800,44.56
896400,39.91
900000,36.28
903600,33.93
907200,33.01
910800,33.59
914400,35.63
918000,38.99
921600,43.45
925200,48.69
928800,54.36
932400,60.07
936000,65.44
939600,70.09
943200,73.72
946800,76.07
950400,76.99
954000,76.41
957600,74.37
961200,71.01
964800,66.55
968400,61.31
972000,55.64
975600,49.93
979200,44.56
982800,39.91
986400,36.28
990000,33.93
993600,33.01
997200,33.59
1000800,35.63
1004400,38.99
1008000,43.45
1011600,48.69
1015200,54.36
1018800,60.07
1022400,65.44
1026000,70.09
1029600,73.72
1033200,76.07
1036800,76.99
1040400,76.41
1044000,74.37
1047600,71.01
1051200,66.55
1054800,61.31
1058400,55.64
1062000,49.93
1065600,44.56
1069200,39.91
1072800,36.28
1076400,33.93
1080000,33.01
1083600,33.59
1087200,35.63
1090800,38.99
1094400,43.45
1098000,48.69
1101600,54.36
1105200,60.07
1108800,65.44
1112400,70.09
1116000,73.72
1119600,76.07
1123200,76.99
1126800,76.41
1130400,74.37
1134000,71.01
1137600,66.55
1141200,61.31
1144800,55.64
1148400,49.93
1152000,44.56
1155600,39.91
1159200,36.28
1162800,33.93
1166400,33.01
1170000,33.59
1173600,35.63
1177200,38.99
1180800,43.45
1184400,48.69
1188000,54.36
1191600,60.07
1195200,65.44
1198800,70.09
1202400,73.72
1206000,76.07
1209600,76.99
1213200,76.41
1216800,74.37
1220400,71.01
1224000,66.55
1227600,61.31
1231200,55.64
1234800,49.93
1238400,44.56
1242000,39.91
1245600,36.28
1249200,33.93
1252800,33.01
1256400,33.59
1260000,35.63
1263600,38.99
1267200,43.45
1270800,48.69
1274400,54.36
1278000,60.07
1281600,65.44
1285200,70.09
1288800,73.72
1292400,76.07
1296000,76.99
1299600,76.41
1303200,74.37
1306800,71.01
1310400,66.55
1314000,61.31
1317600,55.64
1321200,49.93
1324800,44.56
1328400,39.91
1332000,36.28
1335600,33.93
1339200,33.01
1342800,33.59
1346400,35.63
1350000,38.99
1353600,43.45
1357200,48.69
1360800,54.36
1364400,60.07
1368000,65.44
1371600,70.09
1375200,73.72
1378800,76.07
1382400,76.99
1386000,76.41
1389600,74.37
1393200,71.01
1396800,66.55
1400400,61.31
1404000,55.64
1407600,49.93
1411200,44.56
1414800,39.91
1418400,36.28
1422000,33.93
1425600,33.01
1429200,33.59
1432800,35.63
1436400,38.99
1440000,43.45
1443600,48.69
1447200,54.36
1450800,60.07
1454400,65.44
1458000,70.09
1461600,73.72
1465200,76.07
1468800,76.99
1472400,76.41
1476000,74.37
1479600,71.01
1483200,66.55
1486800,61.31
1490400,55.64
1494000,49.93
1497600,44.56
1501200,39.91
1504800,36.28
1508400,33.93
1512000,33.01
1515600,33.59
1519200,35.63
1522800,38.99
1526400,43.45
1530000,48.69
1533600,54.36
1537200,60.07
1540800,65.44
1544400,70.09
1548000,73.72
1551600,76.07
1555200,76.99
1558800,76.41
1562400,74.37
1566000,71.01
1569600,66.55
1573200,61.31
1576800,55.64
1580400,49.93
1584000,44.56
1587600,39.91
1591200,36.28
1594800,33.93
1598400,33.01
1602000,33.59
1605600,35.63
1609200,38.99
1612800,43.45
1616400,48.69
1620000,54.36
1623600,60.07
1627200,65.44
1630800,70.09
1634400,73.72
1638000,76.07
1641600,76.99
1645200,76.41
1648800,74.37
1652400,71.01
1656000,66.55
1659600,61.31
1663200,55.64
1666800,49.93
1670400,44.56
1674000,39.91
1677600,36.28
1681200,33.93
1684800,33.01
1688400,33.59
1692000,35.63
1695600,38.99
1699200,43.45
1702800,48.69
1706400,54.36
1710000,60.07
1713600,65.44
1717200,70.09
1720800,73.72
1724400,76.07
1728000,76.99
1731600,76.41
1735200,74.37
1738800,71.01
1742400,66.55
1746000,61.31
1749600,55.64
1753200,49.93
1756800,44.56
1760400,39.91
1764000,36.28
1767600,33.93
1771200,33.01
1774800,33.59
1778400,35.63
1782000,38.99
1785600,43.45
1789200,48.69
1792800,54.36
1796400,60.07
1800000,65.44
1803600,70.09
1807200,73.72
1810800,76.07
1814400,76.99
1818000,76.41
1821600,74.37
1825200,71.01
1828800,66.55
1832400,61.31
1836000,55.64
1839600,49.93
1843200,44.56
1846800,39.91
1850400,36.28
1854000,33.93
1857600,33.01
1861200,33.59
1864800,35.63
1868400,38.99
1872000,43.45
1875600,48.69
1879200,54.36
1882800,60.07
1886400,65.44
1890000,70.09
1893600,73.72
1897200,76.07
1900800,76.99
1904400,76.41
1908000,74.37
1911600,71.01
1915200,66.55
1918800,61.31
1922400,55.64
1926000,49.93
1929600,44.56
1933200,39.91
1936800,36.28
1940400,33.93
1944000,33.01
1947600,33.59
1951200,35.63
1954800,38.99
1958400,43.45
1962000,48.69
1965600,54.36
1969200,60.07
1972800,65.44
1976400,70.09
1980000,73.72
1983600,76.07
1987200,76.99
1990800,76.41
1994400,74.37
1998000,71.01
2001600,66.55
2005200,61.31
2008800,55.64
2012400,49.93
2016000,44.56
2019600,39.91
2023200,36.28
2026800,33.93
2030400,33.01
2034000,33.59
2037600,35.63
2041200,38.99
2044800,43.45
2048400,48.69
2052000,54.36
2055600,60.07
2059200,65.44
2062800,70.09
2066400,73.72
2070000,76.07
2073600,76.99
2077200,76.41
2080800,74.37
2084400,71.01
2088000,66.55
2091600,61.31
2095200,55.64
2098800,49.93
2102400,44.56
2106000,39.91
2109600,36.28
2113200,33.93
2116800,33.01
2120400,33.59
2124000,35.63
2127600,38.99
2131200,43.45
2134800,48.69
2138400,54.36
2142000,60.07
2145600,65.44
2149200,70.09
2152800,73.72
2156400,76.07
2160000,76.99
2163600,76.41
2167200,74.37
2170800,71.01
2174400,66.55
2178000,61.31
2181600,55.64
2185200,49.93
2188800,44.56
2192400,39.91
2196000,36.28
2199600,33.93
2203200,33.01
2206800,33.59
2210400,35.63
2214000,38.99
2217600,43.45
2221200,48.69
2224800,54.36
2228400,60.07
2232000,65.44
2235600,70.09
2239200,73.72
2242800,76.07
2246400,76.99
2250000,76.41
2253600,74.37
2257200,71.01
2260800,66.55
2264400,61.31
2268000,55.64
2271600,49.93
2275200,44.56
2278800,39.91
2282400,36.28
2286000,33.93
2289600,33.01
2293200,33.59
2296800,35.63
2300400,38.99
2304000,43.45
2307600,48.69
2311200,54.36
2314800,60.07
2318400,65.44
2322000,70.09
2325600,73.72
2329200,76.07
2332800,76.99
2336400,76.41
2340000,74.37
2343600,71.01
2347200,66.55
2350800,61.31
2354400,55.64
2358000,49.93
2361600,44.56
2365200,39.91
2368800,36.28
2372400,33.93
2376000,33.01
2379600,33.59
2383200,35.63
2386800,38.99
2390400,43.45
2394000,48.69
2397600,54.36
2401200,60.07
2404800,65.44
2408400,70.09
2412000,73.72
2415600,76.07
2419200,76.99
2422800,76.41
2426400,74.37
2430000,71.01
2433600,66.55
2437200,61.31
2440800,55.64
2444400,49.93
2448000,44.56
2451600,39.91
2455200,36.28
2458800,33.93
2462400,33.01
2466000,33.59
2469600,35.63
2473200,38.99
2476800,43.45
2480400,48.69
2484000,54.36
2487600,60.07
2491200,65.44
2494800,70.09
2498400,73.72
2502000,76.07
2505600,76.99
2509200,76.41
2512800,74.37
2516400,71.01
2520000,66.55
2523600,61.31
2527200,55.64
2530800,49.93
2534400,44.56
2538000,39.91
2541600,36.28
2545200,33.93
2548800,33.01
2552400,33.59
2556000,35.63
2559600,38.99
2563200,43.45
2566800,48.69
2570400,54.36
2574000,60.07
2577600,65.44
2581200,70.09
2584800,73.72
2588400,76.07
2592000,76.99
2595600,76.41
2599200,74.37
2602800,71.01
2606400,66.55
2610000,61.31
2613600,55.64
2617200,49.93
2620800,44.56
2624400,39.91
2628000,36.28
2631600,33.93
2635200,33.01
2638800,33.59
2642400,35.63
2646000,38.99
2649600,43.45
2653200,48.69
2656800,54.36
2660400,60.07
2664000,65.44
2667600,70.09
2671200,73.72
2674800,76.07
2678400,76.99
2682000,76.41
2685600,74.37
2689200,71.01
2692800,66.55
2696400,61.31
2700000,55.64
2703600,49.93
2707200,44.56
2710800,39.91
2714400,36.28
2718000,33.93
2721600,33.01
2725200,33.59
2728800,35.63
2732400,38.99
2736000,43.45
2739600,48.69
2743200,54.36
2746800,60.07
2750400,65.44
2754000,70.09
2757600,73.72
2761200,76.07
2764800,76.99
2768400,76.41
2772000,74.37
2775600,71.01
2779200,66.55
2782800,61.31
2786400,55.64
2790000,49.93
2793600,44.56
2797200,39.91
2800800,36.28
2804400,33.93
2808000,33.01
2811600,33.59
2815200,35.63
2818800,38.99
2822400,43.45
2826000,48.69
2829600,54.36
2833200,60.07
2836800,65.44
2840400,70.09
2844000,73.72
2847600,76.07
2851200,76.99
2854800,76.41
2858400,74.37
2862000,71.01
2865600,66.55
2869200,61.31
2872800,55.64
2876400,49.93
2880000,44.56
2883600,39.91
2887200,36.28
2890800,33.93
2894400,33.01
2898000,33.59
2901600,35.63
2905200,38.99
2908800,43.45
2912400,48.69
2916000,54.36
2919600,60.07
2923200,65.44
2926800,70.09
2930400,73.72
2934000,76.07
2937600,76.99
2941200,76.41
2944800,74.37
2948400,71.01
2952000,66.55
2955600,61.31
2959200,55.64
2962800,49.93
2966400,44.56
2970000,39.91
2973600,36.28
2977200,33.93
2980800,33.01
2984400,33.59
2988000,35.63
2991600,38.99
2995200,43.45
2998800,48.69
3002400,54.36
3006000,60.07
3009600,65.44
3013200,70.09
3016800,73.72
3020400,76.07
3024000,76.99
3027600,76.41
3031200,74.37
3034800,71.01
3038400,66.55
3042000,61.31
3045600,55.64
3049200,49.93
3052800,44.56
3056400,39.91
3060000,36.28
3063600,33.93
3067200,33.01
3070800,33.59
3074400,35.63
3078000,38.99
3081600,43.45
3085200,48.69
3088800,54.36
3092400,60.07
3096000,65.44
3099600,70.09
3103200,73.72
3106800,76.07
3110400,76.99
3114000,76.41
3117600,74.37
3121200,71.01
3124800,66.55
3128400,61.31
3132000,55.64
3135600,49.93
3139200,44.56
3142800,39.91
3146400,36.28
3150000,33.93
3153600,33.01
3157200,33.59
3160800,35.63
3164400,38.99
3168000,43.45
3171600,48.69
3175200,54.36
3178800,60.07
3182400,65.44
3186000,70.09
3189600,73.72
3193200,76.07
3196800,76.99
3200400,76.41
3204000,74.37
3207600,71.01
3211200,66.55
3214800,61.31
3218400,55.64
3222000,49.93
3225600,44.56
3229200,39.91
3232800,36.28
3236400,33.93
3240000,33.01
3243600,33.59
3247200,35.63
3250800,38.99
3254400,43.45
3258000,48.69
3261600,54.36
3265200,60.07
3268800,65.44
3272400,70.09
3276000,73.72
3279600,76.07
3283200,76.99
3286800,76.41
3290400,74.37
3294000,71.01
3297600,66.55
3301200,61.31
3304800,55.64
3308400,49.93
3312000,44.56
3315600,39.91
3319200,36.28
3322800,33.93
3326400,33.01
3330000,33.59
3333600,35.63
3337200,38.99
3340800,43.45
3344400,48.69
3348000,54.36
3351600,60.07
3355200,65.44
3358800,70.09
3362400,73.72
3366000,76.07
3369600,76.99
3373200,76.41
3376800,74.37
3380400,71.01
3384000,66.55
3387600,61.31
3391200,55.64
3394800,49.93
3398400,44.56
3402000,39.91
3405600,36.28
3409200,33.93
3412800,33.01
3416400,33.59
3420000,35.63
3423600,38.99
3427200,43.45
3430800,48.69
3434400,54.36
3438000,60.07
3441600,65.44
3445200,70.09
3448800,73.72
3452400,76.07
3456000,76.99
3459600,76.41
3463200,74.37
3466800,71.01
3470400,66.55
3474000,61.31
3477600,55.64
3481200,49.93
3484800,44.56
3488400,39.91
3492000,36.28
3495600,33.93
3499200,33.01
3502800,33.59
3506400,35.63
3510000,38.99
3513600,43.45
3517200,48.69
3520800,54.36
3524400,60.07
3528000,65.44
3531600,70.09
3535200,73.72
3538800,76.07
3542400,76.99
3546000,76.41
3549600,74.37
3553200,71.01
3556800,66.55
3560400,61.31
3564000,55.64
3567600,49.93
3571200,44.56
3574800,39.91
3578400,36.28
3582000,33.93
3585600,33.01
3589200,33.59
3592800,35.63
3596400,38.99
3600000,43.45
3603600,48.69
3607200,54.36
3610800,60.07
3614400,65.44
3618000,70.09
3621600,73.72
3625200,76.07
3628800,76.99
3632400,76.41
3636000,74.37
3639600,71.01
3643200,66.55
3646800,61.31
3650400,55.64
3654000,49.93
3657600,44.56
3661200,39.91
3664800,36.28
3668400,33.93
3672000,33.01
3675600,33.59
3679200,35.63
3682800,38.99
3686400,43.45
3690000,48.69
3693600,54.36
3697200,60.07
3700800,65.44
3704400,70.09
3708000,73.72
3711600,76.07
3715200,76.99
3718800,76.41
3722400,74.37
3726000,71.01
3729600,66.55
3733200,61.31
3736800,55.64
3740400,49.93
3744000,44.56
3747600,39.91
3751200,36.28
3754800,33.93
3758400,33.01
3762000,33.59
3765600,35.63
3769200,38.99
3772800,43.45
3776400,48.69
3780000,54.36
3783600,60.07
3787200,65.44
3790800,70.09
3794400,73.72
3798000,76.07
3801600,76.99
3805200,76.41
3808800,74.37
3812400,71.01
3816000,66.55
3819600,61.31
3823200,55.64
3826800,49.93
3830400,44.56
3834000,39.91
3837600,36.28
3841200,33.93
3844800,33.01
3848400,33.59
3852000,35.63
3855600,38.99
3859200,43.45
3862800,48.69
3866400,54.36
3870000,60.07
3873600,65.44
3877200,70.09
3880800,73.72
3884400,76.07
3888000,76.99
3891600,76.41
3895200,74.37
3898800,71.01
3902400,66.55
3906000,61.31
3909600,55.64
3913200,49.93
3916800,44.56
3920400,39.91
3924000,36.28
3927600,33.93
3931200,33.01
3934800,33.59
3938400,35.63
3942000,38.99
3945600,43.45
3949200,48.69
3952800,54.36
3956400,60.07
3960000,65.44
3963600,70.09
3967200,73.72
3970800,76.07
3974400,76.99
3978000,76.41
3981600,74.37
3985200,71.01
3988800,66.55
3992400,61.31
3996000,55.64
3999600,49.93
4003200,44.56
4006800,39.91
4010400,36.28
4014000,33.93
4017600,33.01
4021200,33.59
4024800,35.63
4028400,38.99
4032000,43.45
4035600,48.69
4039200,54.36
4042800,60.07
4046400,65.44
4050000,70.09
4053600,73.72
4057200,76.07
4060800,76.99
4064400,76.41
4068000,74.37
4071600,71.01
4075200,66.55
4078800,61.31
4082400,55.64
4086000,49.93
4089600,44.56
4093200,39.91
4096800,36.28
4100400,33.93
4104000,33.01
4107600,33.59
4111200,35.63
4114800,38.99
4118400,43.45
4122000,48.69
4125600,54.36
4129200,60.07
4132800,65.44
4136400,70.09
4140000,73.72
4143600,76.07
4147200,76.99
4150800,76.41
4154400,74.37
4158000,71.01
4161600,66.55
4165200,61.31
4168800,55.64
4172400,49.93
4176000,44.56
4179600,39.91
4183200,36.28
4186800,33.93
4190400,33.01
4194000,33.59
4197600,35.63
4201200,38.99
4204800,43.45
4208400,48.69
4212000,54.36
4215600,60.07
4219200,65.44
4222800,70.09
4226400,73.72
4230000,76.07
4233600,76.99
4237200,76.41
4240800,74.37
4244400,71.01
4248000,66.55
4251600,61.31
4255200,55.64
4258800,49.93
4262400,44.56
4266000,39.91
4269600,36.28
4273200,33.93
4276800,33.01
4280400,33.59
4284000,35.63
4287600,38.99
4291200,43.45
4294800,48.69
4298400,54.36
4302000,60.07
4305600,65.44
4309200,70.09
4312800,73.72
4316400,76.07
4320000,76.99
4323600,76.41
4327200,74.37
4330800,71.01
4334400,66.55
4338000,61.31
4341600,55.64
4345200,49.93
4348800,44.56
4352400,39.91
4356000,36.28
4359600,33.93
4363200,33.01
4366800,33.59
4370400,35.63
4374000,38.99
4377600,43.45
4381200,48.69
4384800,54.36
4388400,60.07
4392000,65.44
4395600,70.09
4399200,73.72
4402800,76.07
4406400,76.99
4410000,76.41
4413600,74.37
4417200,71.01
4420800,66.55
4424400,61.31
4428000,55.64
4431600,49.93
4435200,44.56
4438800,39.91
4442400,36.28
4446000,33.93
4449600,33.01
4453200,33.59
4456800,35.63
4460400,38.99
4464000,43.45
4467600,48.69
4471200,54.36
4474800,60.07
4478400,65.44
4482000,70.09
4485600,73.72
4489200,76.07
4492800,76.99
4496400,76.41
4500000,74.37
4503600,71.01
4507200,66.55
4510800,61.31
4514400,55.64
4518000,49.93
4521600,44.56
4525200,39.91
4528800,36.28
4532400,33.93
4536000,33.01
4539600,33.59
4543200,35.63
4546800,38.99
4550400,43.45
4554000,48.69
4557600,54.36
4561200,60.07
4564800,65.44
4568400,70.09
4572000,73.72
4575600,76.07
4579200,76.99
4582800,76.41
4586400,74.37
4590000,71.01
4593600,66.55
4597200,61.31
4600800,55.64
4604400,49.93
4608000,44.56
4611600,39.91
4615200,36.28
4618800,33.93
4622400,33.01
4626000,33.59
4629600,35.63
4633200,38.99
4636800,43.45
4640400,48.69
4644000,54.36
4647600,60.07
4651200,65.44
4654800,70.09
4658400,73.72
4662000,76.07
4665600,76.99
4669200,76.41
4672800,74.37
4676400,71.01
4680000,66.55
4683600,61.31
4687200,55.64
4690800,49.93
4694400,44.56
4698000,39.91
4701600,36.28
4705200,33.93
4708800,33.01
4712400,33.59
4716000,35.63
4719600,38.99
4723200,43.45
4726800,48.69
4730400,54.36
4734000,60.07
4737600,65.44
4741200,70.09
4744800,73.72
4748400,76.07
4752000,76.99
4755600,76.41
4759200,74.37
4762800,71.01
4766400,66.55
4770000,61.31
4773600,55.64
4777200,49.93
4780800,44.56
4784400,39.91
4788000,36.28
4791600,33.93
4795200,33.01
4798800,33.59
4802400,35.63
4806000,38.99
4809600,43.45
4813200,48.69
4816800,54.36
4820400,60.07
4824000,65.44
4827600,70.09
4831200,73.72
4834800,76.07
4838400,76.99
4842000,76.41
4845600,74.37
4849200,71.01
4852800,66.55
4856400,61.31
4860000,55.64
4863600,49.93
4867200,44.56
4870800,39.91
4874400,36.28
4878000,33.93
4881600,33.01
4885200,33.59
4888800,35.63
4892400,38.99
4896000,43.45
4899600,48.69
4903200,54.36
4906800,60.07
4910400,65.44
4914000,70.09
4917600,73.72
4921200,76.07
4924800,76.99
4928400,76.41
4932000,74.37
4935600,71.01
4939200,66.55
4942800,61.31
4946400,55.64
4950000,49.93
4953600,44.56
4957200,39.91
4960800,36.28
4964400,33.93
4968000,33.01
4971600,33.59
4975200,35.63
4978800,38.99
4982400,43.45
4986000,48.69
4989600,54.36
4993200,60.07
4996800,65.44
5000400,70.09
5004000,73.72
5007600,76.07
5011200,76.99
5014800,76.41
5018400,74.37
5022000,71.01
5025600,66.55
5029200,61.31
5032800,55.64
5036400,49.93
5040000,44.56
5043600,39.91
5047200,36.28
5050800,33.93
5054400,33.01
5058000,33.59
5061600,35.63
5065200,38.99
5068800,43.45
5072400,48.69
5076000,54.36
5079600,60.07
5083200,65.44
5086800,70.09
5090400,73.72
5094000,76.07
5097600,76.99
5101200,76.41
5104800,74.37
5108400,71.01
5112000,66.55
5115600,61.31
5119200,55.64
5122800,49.93
5126400,44.56
5130000,39.91
5133600,36.28
5137200,33.93
5140800,33.01
5144400,33.59
5148000,35.63
5151600,38.99
5155200,43.45
5158800,48.69
5162400,54.36
5166000,60.07
5169600,65.44
5173200,70.09
5176800,73.72
5180400,76.07
5184000,76.99
5187600,76.41
5191200,74.37
5194800,71.01
5198400,66.55
5202000,61.31
5205600,55.64
5209200,49.93
5212800,44.56
5216400,39.91
5220000,36.28
5223600,33.93
5227200,33.01
5230800,33.59
5234400,35.63
5238000,38.99
5241600,43.45
5245200,48.69
5248800,54.36
5252400,60.07
5256000,65.44
5259600,70.09
5263200,73.72
5266800,76.07
5270400,76.99
5274000,76.41
5277600,74.37
5281200,71.01
5284800,66.55
5288400,61.31
5292000,55.64
5295600,49.93
5299200,44.56
5302800,39.91
5306400,36.28
5310000,33.93
5313600,33.01
5317200,33.59
5320800,35.63
5324400,38.99
5328000,43.45
5331600,48.69
5335200,54.36
5338800,60.07
5342400,65.44
5346000,70.09
5349600,73.72
5353200,76.07
5356800,76.99
5360400,76.41
5364000,74.37
5367600,71.01
5371200,66.55
5374800,61.31
5378400,55.64
5382000,49.93
5385600,44.56
5389200,39.91
5392800,36.28
5396400,33.93
5400000,33.01
5403600,33.59
5407200,35.63
5410800,38.99
5414400,43.45
5418000,48.69
5421600,54.36
5425200,60.07
5428800,65.44
5432400,70.09
5436000,73.72
5439600,76.07
5443200,76.99
5446800,76.41
5450400,74.37
5454000,71.01
5457600,66.55
5461200,61.31
5464800,55.64
5468400,49.93
5472000,44.56
5475600,39.91
5479200,36.28
5482800,33.93
5486400,33.01
5490000,33.59
5493600,35.63
5497200,38.99
5500800,43.45
5504400,48.69
5508000,54.36
5511600,60.07
5515200,65.44
5518800,70.09
5522400,73.72
5526000,76.07
5529600,76.99
5533200,76.41
5536800,74.37
5540400,71.01
5544000,66.55
5547600,61.31
5551200,55.64
5554800,49.93
5558400,44.56
5562000,39.91
5565600,36.28
5569200,33.93
5572800,33.01
5576400,33.59
5580000,35.63
5583600,38.99
5587200,43.45
5590800,48.69
5594400,54.36
5598000,60.07
5601600,65.44
5605200,70.09
5608800,73.72
5612400,76.07
5616000,76.99
5619600,76.41
5623200,74.37
5626800,71.01
5630400,66.55
5634000,61.31
5637600,55.64
5641200,49.93
5644800,44.56
5648400,39.91
5652000,36.28
5655600,33.93
5659200,33.01
5662800,33.59
5666400,35.63
5670000,38.99
5673600,43.45
5677200,48.69
5680800,54.36
5684400,60.07
5688000,65.44
5691600,70.09
5695200,73.72
5698800,76.07
5702400,76.99
5706000,76.41
5709600,74.37
5713200,71.01
5716800,66.55
5720400,61.31
5724000,55.64
5727600,49.93
5731200,44.56
5734800,39.91
5738400,36.28
5742000,33.93
5745600,33.01
5749200,33.59
5752800,35.63
5756400,38.99
5760000,43.45
5763600,48.69
5767200,54.36
5770800,60.07
5774400,65.44
5778000,70.09
5781600,73.72
5785200,76.07
5788800,76.99
5792400,76.41
5796000,74.37
5799600,71.01
5803200,66.55
5806800,61.31
5810400,55.64
5814000,49.93
5817600,44.56
5821200,39.91
5824800,36.28
5828400,33.93
5832000,33.01
5835600,33.59
5839200,35.63
5842800,38.99
5846400,43.45
5850000,48.69
5853600,54.36
5857200,60.07
5860800,65.44
5864400,70.09
5868000,73.72
5871600,76.07
5875200,76.99
5878800,76.41
5882400,74.37
5886000,71.01
5889600,66.55
5893200,61.31
5896800,55.64
5900400,49.93
5904000,44.56
5907600,39.91
5911200,36.28
5914800,33.93
5918400,33.01
5922000,33.59
5925600,35.63
5929200,38.99
5932800,43.45
5936400,48.69
5940000,54.36
5943600,60.07
5947200,65.44
5950800,70.09
5954400,73.72
5958000,76.07
5961600,76.99
5965200,76.41
5968800,74.37
5972400,71.01
5976000,66.55
5979600,61.31
5983200,55.64
5986800,49.93
5990400,44.56
5994000,39.91
5997600,36.28
6001200,33.93
6004800,33.01
6008400,33.59
6012000,35.63
6015600,38.99
6019200,43.45
6022800,48.69
6026400,54.36
6030000,60.07
6033600,65.44
6037200,70.09
6040800,73.72
6044400,76.07
6048000,76.99
6051600,76.41
6055200,74.37
6058800,71.01
6062400,66.55
6066000,61.31
6069600,55.64
6073200,49.93
6076800,44.56
6080400,39.91
6084000,36.28
6087600,33.93
6091200,33.01
6094800,33.59
6098400,35.63
6102000,38.99
6105600,43.45
6109200,48.69
6112800,54.36
6116400,60.07
6120000,65.44
6123600,70.09
6127200,73.72
6130800,76.07
6134400,76.99
6138000,76.41
6141600,74.37
6145200,71.01
6148800,66.55
6152400,61.31
6156000,55.64
6159600,49.93
6163200,44.56
6166800,39.91
6170400,36.28
6174000,33.93
6177600,33.01
6181200,33.59
6184800,35.63
6188400,38.99
6192000,43.45
6195600,48.69
6199200,54.36
6202800,60.07
6206400,65.44
6210000,70.09
6213600,73.72
6217200,76.07
6220800,76.99
6224400,76.41
6228000,74.37
6231600,71.01
6235200,66.55
6238800,61.31
6242400,55.64
6246000,49.93
6249600,44.56
6253200,39.91
6256800,36.28
6260400,33.93
6264000,33.01
6267600,33.59
6271200,35.63
6274800,38.99
6278400,43.45
6282000,48.69
6285600,54.36
6289200,60.07
6292800,65.44
6296400,70.09
6300000,73.72
6303600,76.07
6307200,76.99
6310800,76.41
6314400,74.37
6318000,71.01
6321600,66.55
6325200,61.31
6328800,55.64
6332400,49.93
6336000,44.56
6339600,39.91
6343200,36.28
6346800,33.93
6350400,33.01
6354000,33.59
6357600,35.63
6361200,38.99
6364800,43.45
6368400,48.69
6372000,54.36
6375600,60.07
6379200,65.44
6382800,70.09
6386400,73.72
6390000,76.07
6393600,76.99
6397200,76.41
6400800,74.37
6404400,71.01
6408000,66.55
6411600,61.31
6415200,55.64
6418800,49.93
6422400,44.56
6426000,39.91
6429600,36.28
6433200,33.93
6436800,33.01
6440400,33.59
6444000,35.63
6447600,38.99
6451200,43.45
6454800,48.69
6458400,54.36
6462000,60.07
6465600,65.44
6469200,70.09
6472800,73.72
6476400,76.07
6480000,76.99
6483600,76.41
6487200,74.37
6490800,71.01
6494400,66.55
6498000,61.31
6501600,55.64
6505200,49.93
6508800,44.56
6512400,39.91
6516000,36.28
6519600,33.93
6523200,33.01
6526800,33.59
6530400,35.63
6534000,38.99
6537600,43.45
6541200,48.69
6544800,54.36
6548400,60.07
6552000,65.44
6555600,70.09
6559200,73.72
6562800,76.07
6566400,76.99
6570000,76.41
6573600,74.37
6577200,71.01
6580800,66.55
6584400,61.31
6588000,55.64
6591600,49.93
6595200,44.56
6598800,39.91
6602400,36.28
6606000,33.93
6609600,33.01
6613200,33.59
6616800,35.63
6620400,38.99
6624000,43.45
6627600,48.69
6631200,54.36
6634800,60.07
6638400,65.44
6642000,70.09
6645600,73.72
6649200,76.07
6652800,76.99
6656400,76.41
6660000,74.37
6663600,71.01
6667200,66.55
6670800,61.31
6674400,55.64
6678000,49.93
6681600,44.56
6685200,39.91
6688800,36.28
6692400,33.93
6696000,33.01
6699600,33.59
6703200,35.63
6706800,38.99
6710400,43.45
6714000,48.69
6717600,54.36
6721200,60.07
6724800,65.44
6728400,70.09
6732000,73.72
6735600,76.07
6739200,76.99
6742800,76.41
6746400,74.37
6750000,71.01
6753600,66.55
6757200,61.31
6760800,55.64
6764400,49.93
6768000,44.56
6771600,39.91
6775200,36.28
6778800,33.93
6782400,33.01
6786000,33.59
6789600,35.63
6793200,38.99
6796800,43.45
6800400,48.69
6804000,54.36
6807600,60.07
6811200,65.44
6814800,70.09
6818400,73.72
6822000,76.07
6825600,76.99
6829200,76.41
6832800,74.37
6836400,71.01
6840000,66.55
6843600,61.31
6847200,55.64
6850800,49.93
6854400,44.56
6858000,39.91
6861600,36.28
6865200,33.93
6868800,33.01
6872400,33.59
6876000,35.63
6879600,38.99
6883200,43.45
6886800,48.69
6890400,54.36
6894000,60.07
6897600,65.44
6901200,70.09
6904800,73.72
6908400,76.07
6912000,76.99
6915600,76.41
6919200,74.37
6922800,71.01
6926400,66.55
6930000,61.31
6933600,55.64
6937200,49.93
6940800,44.56
6944400,39.91
6948000,36.28
6951600,33.93
6955200,33.01
6958800,33.59
6962400,35.63
6966000,38.99
6969600,43.45
6973200,48.69
6976800,54.36
6980400,60.07
6984000,65.44
6987600,70.09
6991200,73.72
6994800,76.07
6998400,76.99
7002000,76.41
7005600,74.37
7009200,71.01
7012800,66.55
7016400,61.31
7020000,55.64
7023600,49.93
7027200,44.56
7030800,39.91
7034400,36.28
7038000,33.93
7041600,33.01
7045200,33.59
7048800,35.63
7052400,38.99
7056000,43.45
7059600,48.69
7063200,54.36
7066800,60.07
7070400,65.44
7074000,70.09
7077600,73.72
7081200,76.07
7084800,76.99
7088400,76.41
7092000,74.37
7095600,71.01
7099200,66.55
7102800,61.31
7106400,55.64
7110000,49.93
7113600,44.56
7117200,39.91
7120800,36.28
7124400,33.93
7128000,33.01
7131600,33.59
7135200,35.63
7138800,38.99
7142400,43.45
7146000,48.69
7149600,54.36
7153200,60.07
7156800,65.44
7160400,70.09
7164000,73.72
7167600,76.07
7171200,76.99
7174800,76.41
7178400,74.37
7182000,71.01
7185600,66.55
7189200,61.31
7192800,55.64
7196400,49.93
7200000,44.56
7203600,39.91
7207200,36.28
7210800,33.93
7214400,33.01
7218000,33.59
7221600,35.63
7225200,38.99
7228800,43.45
7232400,48.69
7236000,54.36
7239600,60.07
7243200,65.44
7246800,70.09
7250400,73.72
7254000,76.07
7257600,76.99
7261200,76.41
7264800,74.37
7268400,71.01
7272000,66.55
7275600,61.31
7279200,55.64
7282800,49.93
7286400,44.56
7290000,39.91
7293600,36.28
7297200,33.93
7300800,33.01
7304400,33.59
7308000,35.63
7311600,38.99
7315200,43.45
7318800,48.69
7322400,54.36
7326000,60.07
7329600,65.44
7333200,70.09
7336800,73.72
7340400,76.07
7344000,76.99
7347600,76.41
7351200,74.37
7354800,71.01
7358400,66.55
7362000,61.31
7365600,55.64
7369200,49.93
7372800,44.56
7376400,39.91
7380000,36.28
7383600,33.93
7387200,33.01
7390800,33.59
7394400,35.63
7398000,38.99
7401600,43.45
7405200,48.69
7408800,54.36
7412400,60.07
7416000,65.44
7419600,70.09
7423200,73.72
7426800,76.07
7430400,76.99
7434000,76.41
7437600,74.37
7441200,71.01
7444800,66.55
7448400,61.31
7452000,55.64
7455600,49.93
7459200,44.56
7462800,39.91
7466400,36.28
7470000,33.93
7473600,33.01
7477200,33.59
7480800,35.63
7484400,38.99
7488000,43.45
7491600,48.69
7495200,54.36
7498800,60.07
7502400,65.44
7506000,70.09
7509600,73.72
7513200,76.07
7516800,76.99
7520400,76.41
7524000,74.37
7527600,71.01
7531200,66.55
7534800,61.31
7538400,55.64
7542000,49.93
7545600,44.56
7549200,39.91
7552800,36.28
7556400,33.93
7560000,33.01
7563600,33.59
7567200,35.63
7570800,38.99
7574400,43.45
7578000,48.69
7581600,54.36
7585200,60.07
7588800,65.44
7592400,70.09
7596000,73.72
7599600,76.07
7603200,76.99
7606800,76.41
7610400,74.37
7614000,71.01
7617600,66.55
7621200,61.31
7624800,55.64
7628400,49.93
7632000,44.56
7635600,39.91
7639200,36.28
7642800,33.93
7646400,33.01
7650000,33.59
7653600,35.63
7657200,38.99
7660800,43.45
7664400,48.69
7668000,54.36
7671600,60.07
7675200,65.44
7678800,70.09
7682400,73.72
7686000,76.07
7689600,76.99
7693200,76.41
7696800,74.37
7700400,71.01
7704000,66.55
7707600,61.31
7711200,55.64
7714800,49.93
7718400,44.56
7722000,39.91
7725600,36.28
7729200,33.93
7732800,33.01
7736400,33.59
7740000,35.63
7743600,38.99
7747200,43.45
7750800,48.69
7754400,54.36
7758000,60.07
7761600,65.44
7765200,70.09
7768800,73.72
7772400,76.07
7776000,76.99
7779600,76.41
7783200,74.37
7786800,71.01
7790400,66.55
7794000,61.31
7797600,55.64
7801200,49.93
7804800,44.56
7808400,39.91
7812000,36.28
7815600,33.93
7819200,33.01
7822800,33.59
7826400,35.63
7830000,38.99
7833600,43.45
7837200,48.69
7840800,54.36
7844400,60.07
7848000,65.44
7851600,70.09
7855200,73.72
7858800,76.07
7862400,76.99
7866000,76.41
7869600,74.37
7873200,71.01
7876800,66.55
7880400,61.31
7884000,55.64
7887600,49.93
7891200,44.56
7894800,39.91
7898400,36.28
7902000,33.93
7905600,33.01
7909200,33.59
7912800,35.63
7916400,38.99
7920000,43.45
7923600,48.69
7927200,54.36
7930800,60.07
7934400,65.44
7938000,70.09
7941600,73.72
7945200,76.07
7948800,76.99
7952400,76.41
7956000,74.37
7959600,71.01
7963200,66.55
7966800,61.31
7970400,55.64
7974000,49.93
7977600,44.56
7981200,39.91
7984800,36.28
7988400,33.93
7992000,33.01
7995600,33.59
7999200,35.63
8002800,38.99
8006400,43.45
8010000,48.69
8013600,54.36
8017200,60.07
8020800,65.44
8024400,70.09
8028000,73.72
8031600,76.07
8035200,76.99
8038800,76.41
8042400,74.37
8046000,71.01
8049600,66.55
8053200,61.31
8056800,55.64
8060400,49.93
8064000,44.56
8067600,39.91
8071200,36.28
8074800,33.93
8078400,33.01
8082000,33.59
8085600,35.63
8089200,38.99
8092800,43.45
8096400,48.69
8100000,54.36
8103600,60.07
8107200,65.44
8110800,70.09
8114400,73.72
8118000,76.07
8121600,76.99
8125200,76.41
8128800,74.37
8132400,71.01
8136000,66.55
8139600,61.31
8143200,55.64
8146800,49.93
8150400,44.56
8154000,39.91
8157600,36.28
8161200,33.93
8164800,33.01
8168400,33.59
8172000,35.63
8175600,38.99
8179200,43.45
8182800,48.69
8186400,54.36
8190000,60.07
8193600,65.44
8197200,70.09
8200800,73.72
8204400,76.07
8208000,76.99
8211600,76.41
8215200,74.37
8218800,71.01
8222400,66.55
8226000,61.31
8229600,55.64
8233200,49.93
8236800,44.56
8240400,39.91
8244000,36.28
8247600,33.93
8251200,33.01
8254800,33.59
8258400,35.63
8262000,38.99
8265600,43.45
8269200,48.69
8272800,54.36
8276400,60.07
8280000,65.44
8283600,70.09
8287200,73.72
8290800,76.07
8294400,76.99
8298000,76.41
8301600,74.37
8305200,71.01
8308800,66.55
8312400,61.31
8316000,55.64
8319600,49.93
8323200,44.56
8326800,39.91
8330400,36.28
8334000,33.93
8337600,33.01
8341200,33.59
8344800,35.63
8348400,38.99
8352000,43.45
8355600,48.69
8359200,54.36
8362800,60.07
8366400,65.44
8370000,70.09
8373600,73.72
8377200,76.07
8380800,76.99
8384400,76.41
8388000,74.37
8391600,71.01
8395200,66.55
8398800,61.31
8402400,55.64
8406000,49.93
8409600,44.56
8413200,39.91
8416800,36.28
8420400,33.93
8424000,33.01
8427600,33.59
8431200,35.63
8434800,38.99
8438400,43.45
8442000,48.69
8445600,54.36
8449200,60.07
8452800,65.44
8456400,70.09
8460000,73.72
8463600,76.07
8467200,76.99
8470800,76.41
8474400,74.37
8478000,71.01
8481600,66.55
8485200,61.31
8488800,55.64
8492400,49.93
8496000,44.56
8499600,39.91
8503200,36.28
8506800,33.93
8510400,33.01
8514000,33.59
8517600,35.63
8521200,38.99
8524800,43.45
8528400,48.69
8532000,54.36
8535600,60.07
8539200,65.44
8542800,70.09
8546400,73.72
8550000,76.07
8553600,76.99
8557200,76.41
8560800,74.37
8564400,71.01
8568000,66.55
8571600,61.31
8575200,55.64
8578800,49.93
8582400,44.56
8586000,39.91
8589600,36.28
8593200,33.93
8596800,33.01
8600400,33.59
8604000,35.63
8607600,38.99
8611200,43.45
8614800,48.69
8618400,54.36
8622000,60.07
8625600,65.44
8629200,70.09
8632800,73.72
8636400,76.07
8640000,76.99
8643600,76.41
8647200,74.37
8650800,71.01
8654400,66.55
8658000,61.31
8661600,55.64
8665200,49.93
8668800,44.56
8672400,39.91
8676000,36.28
8679600,33.93
8683200,33.01
8686800,33.59
8690400,35.63
8694000,38.99
8697600,43.45
8701200,48.69
8704800,54.36
8708400,60.07
8712000,65.44
8715600,70.09
8719200,73.72
8722800,76.07
8726400,76.99
8730000,76.41
8733600,74.37
8737200,71.01
8740800,66.55
8744400,61.31
8748000,55.64
8751600,49.93
8755200,44.56
8758800,39.91
8762400,36.28
8766000,33.93
8769600,33.01
8773200,33.59
8776800,35.63
8780400,38.99
8784000,43.45
8787600,48.69
8791200,54.36
8794800,60.07
8798400,65.44
8802000,70.09
8805600,73.72
8809200,76.07
8812800,76.99
8816400,76.41
8820000,74.37
8823600,71.01
8827200,66.55
8830800,61.31
8834400,55.64
8838000,49.93
8841600,44.56
8845200,39.91
8848800,36.28
8852400,33.93
8856000,33.01
8859600,33.59
8863200,35.63
8866800,38.99
8870400,43.45
8874000,48.69
8877600,54.36
8881200,60.07
8884800,65.44
8888400,70.09
8892000,73.72
8895600,76.07
8899200,76.99
8902800,76.41
8906400,74.37
8910000,71.01
8913600,66.55
8917200,61.31
8920800,55.64
8924400,49.93
8928000,44.56
8931600,39.91
8935200,36.28
8938800,33.93
8942400,33.01
8946000,33.59
8949600,35.63
8953200,38.99
8956800,43.45
8960400,48.69
8964000,54.36
8967600,60.07
8971200,65.44
8974800,70.09
8978400,73.72
8982000,76.07
8985600,76.99
8989200,76.41
8992800,74.37
8996400,71.01
9000000,66.55
9003600,61.31
9007200,55.64
9010800,49.93
9014400,44.56
9018000,39.91
9021600,36.28
9025200,33.93
9028800,33.01
9032400,33.59
9036000,35.63
9039600,38.99
9043200,43.45
9046800,48.69
9050400,54.36
9054000,60.07
9057600,65.44
9061200,70.09
9064800,73.72
9068400,76.07
9072000,76.99
9075600,76.41
9079200,74.37
9082800,71.01
9086400,66.55
9090000,61.31
9093600,55.64
9097200,49.93
9100800,44.56
9104400,39.91
9108000,36.28
9111600,33.93
9115200,33.01
9118800,33.59
9122400,35.63
9126000,38.99
9129600,43.45
9133200,48.69
9136800,54.36
9140400,60.07
9144000,65.44
9147600,70.09
9151200,73.72
9154800,76.07
9158400,76.99
9162000,76.41
9165600,74.37
9169200,71.01
9172800,66.55
9176400,61.31
9180000,55.64
9183600,49.93
9187200,44.56
9190800,39.91
9194400,36.28
9198000,33.93
9201600,33.01
9205200,33.59
9208800,35.63
9212400,38.99
9216000,43.45
9219600,48.69
9223200,54.36
9226800,60.07
9230400,65.44
9234000,70.09
9237600,73.72
9241200,76.07
9244800,76.99
9248400,76.41
9252000,74.37
9255600,71.01
9259200,66.55
9262800,61.31
9266400,55.64
9270000,49.93
9273600,44.56
9277200,39.91
9280800,36.28
9284400,33.93
9288000,33.01
9291600,33.59
9295200,35.63
9298800,38.99
9302400,43.45
9306000,48.69
9309600,54.36
9313200,60.07
9316800,65.44
9320400,70.09
9324000,73.72
9327600,76.07
9331200,76.99
9334800,76.41
9338400,74.37
9342000,71.01
9345600,66.55
9349200,61.31
9352800,55.64
9356400,49.93
9360000,44.56
9363600,39.91
9367200,36.28
9370800,33.93
9374400,33.01
9378000,33.59
9381600,35.63
9385200,38.99
9388800,43.45
9392400,48.69
9396000,54.36
9399600,60.07
9403200,65.44
9406800,70.09
9410400,73.72
9414000,76.07
9417600,76.99
9421200,76.41
9424800,74.37
9428400,71.01
9432000,66.55
9435600,61.31
9439200,55.64
9442800,49.93
9446400,44.56
9450000,39.91
9453600,36.28
9457200,33.93
9460800,33.01
9464400,33.59
9468000,35.63
9471600,38.99
9475200,43.45
9478800,48.69
9482400,54.36
9486000,60.07
9489600,65.44
9493200,70.09
9496800,73.72
9500400,76.07
9504000,76.99
9507600,76.41
9511200,74.37
9514800,71.01
9518400,66.55
9522000,61.31
9525600,55.64
9529200,49.93
9532800,44.56
9536400,39.91
9540000,36.28
9543600,33.93
9547200,33.01
9550800,33.59
9554400,35.63
9558000,38.99
9561600,43.45
9565200,48.69
9568800,54.36
9572400,60.07
9576000,65.44
9579600,70.09
9583200,73.72
9586800,76.07
9590400,76.99
9594000,76.41
9597600,74.37
9601200,71.01
9604800,66.55
9608400,61.31
9612000,55.64
9615600,49.93
9619200,44.56
9622800,39.91
9626400,36.28
9630000,33.93
9633600,33.01
9637200,33.59
9640800,35.63
9644400,38.99
9648000,43.45
9651600,48.69
9655200,54.36
9658800,60.07
9662400,65.44
9666000,70.09
9669600,73.72
9673200,76.07
9676800,76.99
9680400,76.41
9684000,74.37
9687600,71.01
9691200,66.55
9694800,61.31
9698400,55.64
9702000,49.93
9705600,44.56
9709200,39.91
9712800,36.28
9716400,33.93
9720000,33.01
9723600,33.59
9727200,35.63
9730800,38.99
9734400,43.45
9738000,48.69
9741600,54.36
9745200,60.07
9748800,65.44
9752400,70.09
9756000,73.72
9759600,76.07
9763200,76.99
9766800,76.41
9770400,74.37
9774000,71.01
9777600,66.55
9781200,61.31
9784800,55.64
9788400,49.93
9792000,44.56
9795600,39.91
9799200,36.28
9802800,33.93
9806400,33.01
9810000,33.59
9813600,35.63
9817200,38.99
9820800,43.45
9824400,48.69
9828000,54.36
9831600,60.07
9835200,65.44
9838800,70.09
9842400,73.72
9846000,76.07
9849600,76.99
9853200,76.41
9856800,74.37
9860400,71.01
9864000,66.55
9867600,61.31
9871200,55.64
9874800,49.93
9878400,44.56
9882000,39.91
9885600,36.28
9889200,33.93
9892800,33.01
9896400,33.59
9900000,35.63
9903600,38.99
9907200,43.45
9910800,48.69
9914400,54.36
9918000,60.07
9921600,65.44
9925200,70.09
9928800,73.72
9932400,76.07
9936000,76.99
9939600,76.41
9943200,74.37
9946800,71.01
9950400,66.55
9954000,61.31
9957600,55.64
9961200,49.93
9964800,44.56
9968400,39.91
9972000,36.28
9975600,33.93
9979200,33.01
9982800,33.59
9986400,35.63
9990000,38.99
9993600,43.45
9997200,48.69
10000800,54.36
10004400,60.07
10008000,65.44
10011600,70.09
10015200,73.72
10018800,76.07
10022400,76.99
10026000,76.41
10029600,74.37
10033200,71.01
10036800,66.55
10040400,61.31
10044000,55.64
10047600,49.93
10051200,44.56
10054800,39.91
10058400,36.28
10062000,33.93
10065600,33.01
10069200,33.59
10072800,35.63
10076400,38.99
10080000,43.45
10083600,48.69
10087200,54.36
10090800,60.07
10094400,65.44
10098000,70.09
10101600,73.72
10105200,76.07
10108800,76.99
10112400,76.41
10116000,74.37
10119600,71.01
10123200,66.55
10126800,61.31
10130400,55.64
10134000,49.93
10137600,44.56
10141200,39.91
10144800,36.28
10148400,33.93
10152000,33.01
10155600,33.59
10159200,35.63
10162800,38.99
10166400,43.45
10170000,48.69
10173600,54.36
10177200,60.07
10180800,65.44
10184400,70.09
10188000,73.72
10191600,76.07
10195200,76.99
10198800,76.41
10202400,74.37
10206000,71.01
10209600,66.55
10213200,61.31
10216800,55.64
10220400,49.93
10224000,44.56
10227600,39.91
10231200,36.28
10234800,33.93
10238400,33.01
10242000,33.59
10245600,35.63
10249200,38.99
10252800,43.45
10256400,48.69
10260000,54.36
10263600,60.07
10267200,65.44
10270800,70.09
10274400,73.72
10278000,76.07
10281600,76.99
10285200,76.41
10288800,74.37
10292400,71.01
10296000,66.55
10299600,61.31
10303200,55.64
10306800,49.93
10310400,44.56
10314000,39.91
10317600,36.28
10321200,33.93
10324800,33.01
10328400,33.59
10332000,35.63
10335600,38.99
10339200,43.45
10342800,48.69
10346400,54.36
10350000,60.07
10353600,65.44
10357200,70.09
10360800,73.72
10364400,76.07
10368000,76.99
10371600,76.41
10375200,74.37
10378800,71.01
10382400,66.55
10386000,61.31
10389600,55.64
10393200,49.93
10396800,44.56
10400400,39.91
10404000,36.28
10407600,33.93
10411200,33.01
10414800,33.59
10418400,35.63
10422000,38.99
10425600,43.45
10429200,48.69
10432800,54.36
10436400,60.07
10440000,65.44
10443600,70.09
10447200,73.72
10450800,76.07
10454400,76.99
10458000,76.41
10461600,74.37
10465200,71.01
10468800,66.55
10472400,61.31
10476000,55.64
10479600,49.93
10483200,44.56
10486800,39.91
10490400,36.28
10494000,33.93
10497600,33.01
10501200,33.59
10504800,35.63
10508400,38.99
10512000,43.45
10515600,48.69
10519200,54.36
10522800,60.07
10526400,65.44
10530000,70.09
10533600,73.72
10537200,76.07
10540800,76.99
10544400,76.41
10548000,74.37
10551600,71.01
10555200,66.55
10558800,61.31
10562400,55.64
10566000,49.93
10569600,44.56
10573200,39.91
10576800,36.28
10580400,33.93
10584000,33.01
10587600,33.59
10591200,35.63
10594800,38.99
10598400,43.45
10602000,48.69
10605600,54.36
10609200,60.07
10612800,65.44
10616400,70.09
10620000,73.72
10623600,76.07
10627200,76.99
10630800,76.41
10634400,74.37
10638000,71.01
10641600,66.55
10645200,61.31
10648800,55.64
10652400,49.93
10656000,44.56
10659600,39.91
10663200,36.28
10666800,33.93
10670400,33.01
10674000,33.59
10677600,35.63
10681200,38.99
10684800,43.45
10688400,48.69
10692000,54.36
10695600,60.07
10699200,65.44
10702800,70.09
10706400,73.72
10710000,76.07
10713600,76.99
10717200,76.41
10720800,74.37
10724400,71.01
10728000,66.55
10731600,61.31
10735200,55.64
10738800,49.93
10742400,44.56
10746000,39.91
10749600,36.28
10753200,33.93
10756800,33.01
10760400,33.59
10764000,35.63
10767600,38.99
10771200,43.45
10774800,48.69
10778400,54.36
10782000,60.07
10785600,65.44
10789200,70.09
10792800,73.72
10796400,76.07
10800000,76.99
10803600,76.41
10807200,74.37
10810800,71.01
10814400,66.55
10818000,61.31
10821600,55.64
10825200,49.93
10828800,44.56
10832400,39.91
10836000,36.28
10839600,33.93
10843200,33.01
10846800,33.59
10850400,35.63
10854000,38.99
10857600,43.45
10861200,48.69
10864800,54.36
10868400,60.07
10872000,65.44
10875600,70.09
10879200,73.72
10882800,76.07
10886400,76.99
10890000,76.41
10893600,74.37
10897200,71.01
10900800,66.55
10904400,61.31
10908000,55.64
10911600,49.93
10915200,44.56
10918800,39.91
10922400,36.28
10926000,33.93
10929600,33.01
10933200,33.59
10936800,35.63
10940400,38.99
10944000,43.45
10947600,48.69
10951200,54.36
10954800,60.07
10958400,65.44
10962000,70.09
10965600,73.72
10969200,76.07
10972800,76.99
10976400,76.41
10980000,74.37
10983600,71.01
10987200,66.55
10990800,61.31
10994400,55.64
10998000,49.93
11001600,44.56
11005200,39.91
11008800,36.28
11012400,33.93
11016000,33.01
11019600,33.59
11023200,35.63
11026800,38.99
11030400,43.45
11034000,48.69
11037600,54.36
11041200,60.07
11044800,65.44
11048400,70.09
11052000,73.72
11055600,76.07
11059200,76.99
11062800,76.41
11066400,74.37
11070000,71.01
11073600,66.55
11077200,61.31
11080800,55.64
11084400,49.93
11088000,44.56
11091600,39.91
11095200,36.28
11098800,33.93
11102400,33.01
11106000,33.59
11109600,35.63
11113200,38.99
11116800,43.45
11120400,48.69
11124000,54.36
11127600,60.07
11131200,65.44
11134800,70.09
11138400,73.72
11142000,76.07
11145600,76.99
11149200,76.41
11152800,74.37
11156400,71.01
11160000,66.55
11163600,61.31
11167200,55.64
11170800,49.93
11174400,44.56
11178000,39.91
11181600,36.28
11185200,33.93
11188800,33.01
11192400,33.59
11196000,35.63
11199600,38.99
11203200,43.45
11206800,48.69
11210400,54.36
11214000,60.07
11217600,65.44
11221200,70.09
11224800,73.72
11228400,76.07
11232000,76.99
11235600,76.41
11239200,74.37
11242800,71.01
11246400,66.55
11250000,61.31
11253600,55.64
11257200,49.93
11260800,44.56
11264400,39.91
11268000,36.28
11271600,33.93
11275200,33.01
11278800,33.59
11282400,35.63
11286000,38.99
11289600,43.45
11293200,48.69
11296800,54.36
11300400,60.07
11304000,65.44
11307600,70.09
11311200,73.72
11314800,76.07
11318400,76.99
11322000,76.41
11325600,74.37
11329200,71.01
11332800,66.55
11336400,61.31
11340000,55.64
11343600,49.93
11347200,44.56
11350800,39.91
11354400,36.28
11358000,33.93
11361600,33.01
11365200,33.59
11368800,35.63
11372400,38.99
11376000,43.45
11379600,48.69
11383200,54.36
11386800,60.07
11390400,65.44
11394000,70.09
11397600,73.72
11401200,76.07
11404800,76.99
11408400,76.41
11412000,74.37
11415600,71.01
11419200,66.55
11422800,61.31
11426400,55.64
11430000,49.93
11433600,44.56
11437200,39.91
11440800,36.28
11444400,33.93
11448000,33.01
11451600,33.59
11455200,35.63
11458800,38.99
11462400,43.45
11466000,48.69
11469600,54.36
11473200,60.07
11476800,65.44
11480400,70.09
11484000,73.72
11487600,76.07
11491200,76.99
11494800,76.41
11498400,74.37
11502000,71.01
11505600,66.55
11509200,61.31
11512800,55.64
11516400,49.93
11520000,44.56
11523600,39.91
11527200,36.28
11530800,33.93
11534400,33.01
11538000,33.59
11541600,35.63
11545200,38.99
11548800,43.45
11552400,48.69
11556000,54.36
11559600,60.07
11563200,65.44
11566800,70.09
11570400,73.72
11574000,76.07
11577600,76.99
11581200,76.41
11584800,74.37
11588400,71.01
11592000,66.55
11595600,61.31
11599200,55.64
11602800,49.93
11606400,44.56
11610000,39.91
11613600,36.28
11617200,33.93
11620800,33.01
11624400,33.59
11628000,35.63
11631600,38.99
11635200,43.45
11638800,48.69
11642400,54.36
11646000,60.07
11649600,65.44
11653200,70.09
11656800,73.72
11660400,76.07
11664000,76.99
11667600,76.41
11671200,74.37
11674800,71.01
11678400,66.55
11682000,61.31
11685600,55.64
11689200,49.93
11692800,44.56
11696400,39.91
11700000,36.28
11703600,33.93
11707200,33.01
11710800,33.59
11714400,35.63
11718000,38.99
11721600,43.45
11725200,48.69
11728800,54.36
11732400,60.07
11736000,65.44
11739600,70.09
11743200,73.72
11746800,76.07
11750400,76.99
11754000,76.41
11757600,74.37
11761200,71.01
11764800,66.55
11768400,61.31
11772000,55.64
11775600,49.93
11779200,44.56
11782800,39.91
11786400,36.28
11790000,33.93
11793600,33.01
11797200,33.59
11800800,35.63
11804400,38.99
11808000,43.45
11811600,48.69
11815200,54.36
11818800,60.07
11822400,65.44
11826000,70.09
11829600,73.72
11833200,76.07
11836800,76.99
11840400,76.41
11844000,74.37
11847600,71.01
11851200,66.55
11854800,61.31
11858400,55.64
11862000,49.93
11865600,44.56
11869200,39.91
11872800,36.28
11876400,33.93
11880000,33.01
11883600,33.59
11887200,35.63
11890800,38.99
11894400,43.45
11898000,48.69
11901600,54.36
11905200,60.07
11908800,65.44
11912400,70.09
11916000,73.72
11919600,76.07
11923200,76.99
11926800,76.41
11930400,74.37
11934000,71.01
11937600,66.55
11941200,61.31
11944800,55.64
11948400,49.93
11952000,44.56
11955600,39.91
11959200,36.28
11962800,33.93
11966400,33.01
11970000,33.59
11973600,35.63
11977200,38.99
11980800,43.45
11984400,48.69
11988000,54.36
11991600,60.07
11995200,65.44
11998800,70.09
12002400,73.72
12006000,76.07
12009600,76.99
12013200,76.41
12016800,74.37
12020400,71.01
12024000,66.55
12027600,61.31
12031200,55.64
12034800,49.93
12038400,44.56
12042000,39.91
12045600,36.28
12049200,33.93
12052800,33.01
12056400,33.59
12060000,35.63
12063600,38.99
12067200,43.45
12070800,48.69
12074400,54.36
12078000,60.07
12081600,65.44
12085200,70.09
12088800,73.72
12092400,76.07
12096000,76.99
12099600,76.41
12103200,74.37
12106800,71.01
12110400,66.55
12114000,61.31
12117600,55.64
12121200,49.93
12124800,44.56
12128400,39.91
12132000,36.28
12135600,33.93
12139200,33.01
12142800,33.59
12146400,35.63
12150000,38.99
12153600,43.45
12157200,48.69
12160800,54.36
12164400,60.07
12168000,65.44
12171600,70.09
12175200,73.72
12178800,76.07
12182400,76.99
12186000,76.41
12189600,74.37
12193200,71.01
12196800,66.55
12200400,61.31
12204000,55.64
12207600,49.93
12211200,44.56
12214800,39.91
12218400,36.28
12222000,33.93
12225600,33.01
12229200,33.59
12232800,35.63
12236400,38.99
12240000,43.45
12243600,48.69
12247200,54.36
12250800,60.07
12254400,65.44
12258000,70.09
12261600,73.72
12265200,76.07
12268800,76.99
12272400,76.41
12276000,74.37
12279600,71.01
12283200,66.55
12286800,61.31
12290400,55.64
12294000,49.93
12297600,44.56
12301200,39.91
12304800,36.28
12308400,33.93
12312000,33.01
12315600,33.59
12319200,35.63
12322800,38.99
12326400,43.45
12330000,48.69
12333600,54.36
12337200,60.07
12340800,65.44
12344400,70.09
12348000,73.72
12351600,76.07
12355200,76.99
12358800,76.41
12362400,74.37
12366000,71.01
12369600,66.55
12373200,61.31
12376800,55.64
12380400,49.93
12384000,44.56
12387600,39.91
12391200,36.28
12394800,33.93
12398400,33.01
12402000,33.59
12405600,35.63
12409200,38.99
12412800,43.45
12416400,48.69
12420000,54.36
12423600,60.07
12427200,65.44
12430800,70.09
12434400,73.72
12438000,76.07
12441600,76.99
12445200,76.41
12448800,74.37
12452400,71.01
12456000,66.55
12459600,61.31
12463200,55.64
12466800,49.93
12470400,44.56
12474000,39.91
12477600,36.28
12481200,33.93
12484800,33.01
12488400,33.59
12492000,35.63
12495600,38.99
12499200,43.45
12502800,48.69
12506400,54.36
12510000,60.07
12513600,65.44
12517200,70.09
12520800,73.72
12524400,76.07
12528000,76.99
12531600,76.41
12535200,74.37
12538800,71.01
12542400,66.55
12546000,61.31
12549600,55.64
12553200,49.93
12556800,44.56
12560400,39.91
12564000,36.28
12567600,33.93
12571200,33.01
12574800,33.59
12578400,35.63
12582000,38.99
12585600,43.45
12589200,48.69
12592800,54.36
12596400,60.07
12600000,65.44
12603600,70.09
12607200,73.72
12610800,76.07
12614400,76.99
12618000,76.41
12621600,74.37
12625200,71.01
12628800,66.55
12632400,61.31
12636000,55.64
12639600,49.93
12643200,44.56
12646800,39.91
12650400,36.28
12654000,33.93
12657600,33.01
12661200,33.59
12664800,35.63
12668400,38.99
12672000,43.45
12675600,48.69
12679200,54.36
12682800,60.07
12686400,65.44
12690000,70.09
12693600,73.72
12697200,76.07
12700800,76.99
12704400,76.41
12708000,74.37
12711600,71.01
12715200,66.55
12718800,61.31
12722400,55.64
12726000,49.93
12729600,44.56
12733200,39.91
12736800,36.28
12740400,33.93
12744000,33.01
12747600,33.59
12751200,35.63
12754800,38.99
12758400,43.45
12762000,48.69
12765600,54.36
12769200,60.07
12772800,65.44
12776400,70.09
12780000,73.72
12783600,76.07
12787200,76.99
12790800,76.41
12794400,74.37
12798000,71.01
12801600,66.55
12805200,61.31
12808800,55.64
12812400,49.93
12816000,44.56
12819600,39.91
12823200,36.28
12826800,33.93
12830400,33.01
12834000,33.59
12837600,35.63
12841200,38.99
12844800,43.45
12848400,48.69
12852000,54.36
12855600,60.07
12859200,65.44
12862800,70.09
12866400,73.72
12870000,76.07
12873600,76.99
12877200,76.41
12880800,74.37
12884400,71.01
12888000,66.55
12891600,61.31
12895200,55.64
12898800,49.93
12902400,44.56
12906000,39.91
12909600,36.28
12913200,33.93
12916800,33.01
12920400,33.59
12924000,35.63
12927600,38.99
12931200,43.45
12934800,48.69
12938400,54.36
12942000,60.07
12945600,65.44
12949200,70.09
12952800,73.72
12956400,76.07
12960000,76.99
12963600,76.41
12967200,74.37
12970800,71.01
12974400,66.55
12978000,61.31
12981600,55.64
12985200,49.93
12988800,44.56
12992400,39.91
12996000,36.28
12999600,33.93
13003200,33.01
13006800,33.59
13010400,35.63
13014000,38.99
13017600,43.45
13021200,48.69
13024800,54.36
13028400,60.07
13032000,65.44
13035600,70.09
13039200,73.72
13042800,76.07
13046400,76.99
13050000,76.41
13053600,74.37
13057200,71.01
13060800,66.55
13064400,61.31
13068000,55.64
13071600,49.93
13075200,44.56
13078800,39.91
13082400,36.28
13086000,33.93
13089600,33.01
13093200,33.59
13096800,35.63
13100400,38.99
13104000,43.45
13107600,48.69
13111200,54.36
13114800,60.07
13118400,65.44
13122000,70.09
13125600,73.72
13129200,76.07
13132800,76.99
13136400,76.41
13140000,74.37
13143600,71.01
13147200,66.55
13150800,61.31
13154400,55.64
13158000,49.93
13161600,44.56
13165200,39.91
13168800,36.28
13172400,33.93
13176000,33.01
13179600,33.59
13183200,35.63
13186800,38.99
13190400,43.45
13194000,48.69
13197600,54.36
13201200,60.07
13204800,65.44
13208400,70.09
13212000,73.72
13215600,76.07
13219200,76.99
13222800,76.41
13226400,74.37
13230000,71.01
13233600,66.55
13237200,61.31
13240800,55.64
13244400,49.93
13248000,44.56
13251600,39.91
13255200,36.28
13258800,33.93
13262400,33.01
13266000,33.59
13269600,35.63
13273200,38.99
13276800,43.45
13280400,48.69
13284000,54.36
13287600,60.07
13291200,65.44
13294800,70.09
13298400,73.72
13302000,76.07
13305600,76.99
13309200,76.41
13312800,74.37
13316400,71.01
13320000,66.55
13323600,61.31
13327200,55.64
13330800,49.93
13334400,44.56
13338000,39.91
13341600,36.28
13345200,33.93
13348800,33.01
13352400,33.59
13356000,35.63
13359600,38.99
13363200,43.45
13366800,48.69
13370400,54.36
13374000,60.07
13377600,65.44
13381200,70.09
13384800,73.72
13388400,76.07
13392000,76.99
13395600,76.41
13399200,74.37
13402800,71.01
13406400,66.55
13410000,61.31
13413600,55.64
13417200,49.93
13420800,44.56
13424400,39.91
13428000,36.28
13431600,33.93
13435200,33.01
13438800,33.59
13442400,35.63
13446000,38.99
13449600,43.45
13453200,48.69
13456800,54.36
13460400,60.07
13464000,65.44
13467600,70.09
13471200,73.72
13474800,76.07
13478400,76.99
13482000,76.41
13485600,74.37
13489200,71.01
13492800,66.55
13496400,61.31
13500000,55.64
13503600,49.93
13507200,44.56
13510800,39.91
13514400,36.28
13518000,33.93
13521600,33.01
13525200,33.59
13528800,35.63
13532400,38.99
13536000,43.45
13539600,48.69
13543200,54.36
13546800,60.07
13550400,65.44
13554000,70.09
13557600,73.72
13561200,76.07
13564800,76.99
13568400,76.41
13572000,74.37
13575600,71.01
13579200,66.55
13582800,61.31
13586400,55.64
13590000,49.93
13593600,44.56
13597200,39.91
13600800,36.28
13604400,33.93
13608000,33.01
13611600,33.59
13615200,35.63
13618800,38.99
13622400,43.45
13626000,48.69
13629600,54.36
13633200,60.07
13636800,65.44
13640400,70.09
13644000,73.72
13647600,76.07
13651200,76.99
13654800,76.41
13658400,74.37
13662000,71.01
13665600,66.55
13669200,61.31
13672800,55.64
13676400,49.93
13680000,44.56
13683600,39.91
13687200,36.28
13690800,33.93
13694400,33.01
13698000,33.59
13701600,35.63
13705200,38.99
13708800,43.45
13712400,48.69
13716000,54.36
13719600,60.07
13723200,65.44
13726800,70.09
13730400,73.72
13734000,76.07
13737600,76.99
13741200,76.41
13744800,74.37
13748400,71.01
13752000,66.55
13755600,61.31
13759200,55.64
13762800,49.93
13766400,44.56
13770000,39.91
13773600,36.28
13777200,33.93
13780800,33.01
13784400,33.59
13788000,35.63
13791600,38.99
13795200,43.45
13798800,48.69
13802400,54.36
13806000,60.07
13809600,65.44
13813200,70.09
13816800,73.72
13820400,76.07
13824000,76.99
13827600,76.41
13831200,74.37
13834800,71.01
13838400,66.55
13842000,61.31
13845600,55.64
13849200,49.93
13852800,44.56
13856400,39.91
13860000,36.28
13863600,33.93
13867200,33.01
13870800,33.59
13874400,35.63
13878000,38.99
13881600,43.45
13885200,48.69
13888800,54.36
13892400,60.07
13896000,65.44
13899600,70.09
13903200,73.72
13906800,76.07
13910400,76.99
13914000,76.41
13917600,74.37
13921200,71.01
13924800,66.55
13928400,61.31
13932000,55.64
13935600,49.93
13939200,44.56
13942800,39.91
13946400,36.28
13950000,33.93
13953600,33.01
13957200,33.59
13960800,35.63
13964400,38.99
13968000,43.45
13971600,48.69
13975200,54.36
13978800,60.07
13982400,65.44
13986000,70.09
13989600,73.72
13993200,76.07
13996800,76.99
14000400,76.41
14004000,74.37
14007600,71.01
14011200,66.55
14014800,61.31
14018400,55.64
14022000,49.93
14025600,44.56
14029200,39.91
14032800,36.28
14036400,33.93
14040000,33.01
14043600,33.59
14047200,35.63
14050800,38.99
14054400,43.45
14058000,48.69
14061600,54.36
14065200,60.07
14068800,65.44
14072400,70.09
14076000,73.72
14079600,76.07
14083200,76.99
14086800,76.41
14090400,74.37
14094000,71.01
14097600,66.55
14101200,61.31
14104800,55.64
14108400,49.93
14112000,44.56
14115600,39.91
14119200,36.28
14122800,33.93
14126400,33.01
14130000,33.59
14133600,35.63
14137200,38.99
14140800,43.45
14144400,48.69
14148000,54.36
14151600,60.07
14155200,65.44
14158800,70.09
14162400,73.72
14166000,76.07
14169600,76.99
14173200,76.41
14176800,74.37
14180400,71.01
14184000,66.55
14187600,61.31
14191200,55.64
14194800,49.93
14198400,44.56
14202000,39.91
14205600,36.28
14209200,33.93
14212800,33.01
14216400,33.59
14220000,35.63
14223600,38.99
14227200,43.45
14230800,48.69
14234400,54.36
14238000,60.07
14241600,65.44
14245200,70.09
14248800,73.72
14252400,76.07
14256000,76.99
14259600,76.41
14263200,74.37
14266800,71.01
14270400,66.55
14274000,61.31
14277600,55.64
14281200,49.93
14284800,44.56
14288400,39.91
14292000,36.28
14295600,33.93
14299200,33.01
14302800,33.59
14306400,35.63
14310000,38.99
14313600,43.45
14317200,48.69
14320800,54.36
14324400,60.07
14328000,65.44
14331600,70.09
14335200,73.72
14338800,76.07
14342400,76.99
14346000,76.41
14349600,74.37
14353200,71.01
14356800,66.55
14360400,61.31
14364000,55.64
14367600,49.93
14371200,44.56
14374800,39.91
14378400,36.28
14382000,33.93
14385600,33.01
14389200,33.59
14392800,35.63
14396400,38.99
14400000,43.45
14403600,48.69
14407200,54.36
14410800,60.07
14414400,65.44
14418000,70.09
14421600,73.72
14425200,76.07
14428800,76.99
14432400,76.41
14436000,74.37
14439600,71.01
14443200,66.55
14446800,61.31
14450400,55.64
14454000,49.93
14457600,44.56
14461200,39.91
14464800,36.28
14468400,33.93
14472000,33.01
14475600,33.59
14479200,35.63
14482800,38.99
14486400,43.45
14490000,48.69
14493600,54.36
14497200,60.07
14500800,65.44
14504400,70.09
14508000,73.72
14511600,76.07
14515200,76.99
14518800,76.41
14522400,74.37
14526000,71.01
14529600,66.55
14533200,61.31
14536800,55.64
14540400,49.93
14544000,44.56
14547600,39.91
14551200,36.28
14554800,33.93
14558400,33.01
14562000,33.59
14565600,35.63
14569200,38.99
14572800,43.45
14576400,48.69
14580000,54.36
14583600,60.07
14587200,65.44
14590800,70.09
14594400,73.72
14598000,76.07
14601600,76.99
14605200,76.41
14608800,74.37
14612400,71.01
14616000,66.55
14619600,61.31
14623200,55.64
14626800,49.93
14630400,44.56
14634000,39.91
14637600,36.28
14641200,33.93
14644800,33.01
14648400,33.59
14652000,35.63
14655600,38.99
14659200,43.45
14662800,48.69
14666400,54.36
14670000,60.07
14673600,65.44
14677200,70.09
14680800,73.72
14684400,76.07
14688000,76.99
14691600,76.41
14695200,74.37
14698800,71.01
14702400,66.55
14706000,61.31
14709600,55.64
14713200,49.93
14716800,44.56
14720400,39.91
14724000,36.28
14727600,33.93
14731200,33.01
14734800,33.59
14738400,35.63
14742000,38.99
14745600,43.45
14749200,48.69
14752800,54.36
14756400,60.07
14760000,65.44
14763600,70.09
14767200,73.72
14770800,76.07
14774400,76.99
14778000,76.41
14781600,74.37
14785200,71.01
14788800,66.55
14792400,61.31
14796000,55.64
14799600,49.93
14803200,44.56
14806800,39.91
14810400,36.28
14814000,33.93
14817600,33.01
14821200,33.59
14824800,35.63
14828400,38.99
14832000,43.45
14835600,48.69
14839200,54.36
14842800,60.07
14846400,65.44
14850000,70.09
14853600,73.72
14857200,76.07
14860800,76.99
14864400,76.41
14868000,74.37
14871600,71.01
14875200,66.55
14878800,61.31
14882400,55.64
14886000,49.93
14889600,44.56
14893200,39.91
14896800,36.28
14900400,33.93
14904000,33.01
14907600,33.59
14911200,35.63
14914800,38.99
14918400,43.45
14922000,48.69
14925600,54.36
14929200,60.07
14932800,65.44
14936400,70.09
14940000,73.72
14943600,76.07
14947200,76.99
14950800,76.41
14954400,74.37
14958000,71.01
14961600,66.55
14965200,61.31
14968800,55.64
14972400,49.93
14976000,44.56
14979600,39.91
14983200,36.28
14986800,33.93
14990400,33.01
14994000,33.59
14997600,35.63
15001200,38.99
15004800,43.45
15008400,48.69
15012000,54.36
15015600,60.07
15019200,65.44
15022800,70.09
15026400,73.72
15030000,76.07
15033600,76.99
15037200,76.41
15040800,74.37
15044400,71.01
15048000,66.55
15051600,61.31
15055200,55.64
15058800,49.93
15062400,44.56
15066000,39.91
15069600,36.28
15073200,33.93
15076800,33.01
15080400,33.59
15084000,35.63
15087600,38.99
15091200,43.45
15094800,48.69
15098400,54.36
15102000,60.07
15105600,65.44
15109200,70.09
15112800,73.72
15116400,76.07
15120000,76.99
15123600,76.41
15127200,74.37
15130800,71.01
15134400,66.55
15138000,61.31
15141600,55.64
15145200,49.93
15148800,44.56
15152400,39.91
15156000,36.28
15159600,33.93
15163200,33.01
15166800,33.59
15170400,35.63
15174000,38.99
15177600,43.45
15181200,48.69
15184800,54.36
15188400,60.07
15192000,65.44
15195600,70.09
15199200,73.72
15202800,76.07
15206400,76.99
15210000,76.41
15213600,74.37
15217200,71.01
15220800,66.55
15224400,61.31
15228000,55.64
15231600,49.93
15235200,44.56
15238800,39.91
15242400,36.28
15246000,33.93
15249600,33.01
15253200,33.59
15256800,35.63
15260400,38.99
15264000,43.45
15267600,48.69
15271200,54.36
15274800,60.07
15278400,65.44
15282000,70.09
15285600,73.72
15289200,76.07
15292800,76.99
15296400,76.41
15300000,74.37
15303600,71.01
15307200,66.55
15310800,61.31
15314400,55.64
15318000,49.93
15321600,44.56
15325200,39.91
15328800,36.28
15332400,33.93
15336000,33.01
15339600,33.59
15343200,35.63
15346800,38.99
15350400,43.45
15354000,48.69
15357600,54.36
15361200,60.07
15364800,65.44
15368400,70.09
15372000,73.72
15375600,76.07
15379200,76.99
15382800,76.41
15386400,74.37
15390000,71.01
15393600,66.55
15397200,61.31
15400800,55.64
15404400,49.93
15408000,44.56
15411600,39.91
15415200,36.28
15418800,33.93
15422400,33.01
15426000,33.59
15429600,35.63
15433200,38.99
15436800,43.45
15440400,48.69
15444000,54.36
15447600,60.07
15451200,65.44
15454800,70.09
15458400,73.72
15462000,76.07
15465600,76.99
15469200,76.41
15472800,74.37
15476400,71.01
15480000,66.55
15483600,61.31
15487200,55.64
15490800,49.93
15494400,44.56
15498000,39.91
15501600,36.28
15505200,33.93
15508800,33.01
15512400,33.59
15516000,35.63
15519600,38.99
15523200,43.45
15526800,48.69
15530400,54.36
15534000,60.07
15537600,65.44
15541200,70.09
15544800,73.72
15548400,76.07
15552000,76.99
15555600,76.41
15559200,74.37
15562800,71.01
15566400,66.55
15570000,61.31
15573600,55.64
15577200,49.93
15580800,44.56
15584400,39.91
15588000,36.28
15591600,33.93
15595200,33.01
15598800,33.59
15602400,35.63
15606000,38.99
15609600,43.45
15613200,48.69
15616800,54.36
15620400,60.07
15624000,65.44
15627600,70.09
15631200,73.72
15634800,76.07
15638400,76.99
15642000,76.41
15645600,74.37
15649200,71.01
15652800,66.55
15656400,61.31
15660000,55.64
15663600,49.93
15667200,44.56
15670800,39.91
15674400,36.28
15678000,33.93
15681600,33.01
15685200,33.59
15688800,35.63
15692400,38.99
15696000,43.45
15699600,48.69
15703200,54.36
15706800,60.07
15710400,65.44
15714000,70.09
15717600,73.72
15721200,76.07
15724800,76.99
15728400,76.41
15732000,74.37
15735600,71.01
15739200,66.55
15742800,61.31
15746400,55.64
15750000,49.93
15753600,44.56
15757200,39.91
15760800,36.28
15764400,33.93
15768000,33.01
15771600,33.59
15775200,35.63
15778800,38.99
15782400,43.45
15786000,48.69
15789600,54.36
15793200,60.07
15796800,65.44
15800400,70.09
15804000,73.72
15807600,76.07
15811200,76.99
15814800,76.41
15818400,74.37
15822000,71.01
15825600,66.55
15829200,61.31
15832800,55.64
15836400,49.93
15840000,44.56
15843600,39.91
15847200,36.28
15850800,33.93
15854400,33.01
15858000,33.59
15861600,35.63
15865200,38.99
15868800,43.45
15872400,48.69
15876000,54.36
15879600,60.07
15883200,65.44
15886800,70.09
15890400,73.72
15894000,76.07
15897600,76.99
15901200,76.41
15904800,74.37
15908400,71.01
15912000,66.55
15915600,61.31
15919200,55.64
15922800,49.93
15926400,44.56
15930000,39.91
15933600,36.28
15937200,33.93
15940800,33.01
15944400,33.59
15948000,35.63
15951600,38.99
15955200,43.45
15958800,48.69
15962400,54.36
15966000,60.07
15969600,65.44
15973200,70.09
15976800,73.72
15980400,76.07
15984000,76.99
15987600,76.41
15991200,74.37
15994800,71.01
15998400,66.55
16002000,61.31
16005600,55.64
16009200,49.93
16012800,44.56
16016400,39.91
16020000,36.28
16023600,33.93
16027200,33.01
16030800,33.59
16034400,35.63
16038000,38.99
16041600,43.45
16045200,48.69
16048800,54.36
16052400,60.07
16056000,65.44
16059600,70.09
16063200,73.72
16066800,76.07
16070400,76.99
16074000,76.41
16077600,74.37
16081200,71.01
16084800,66.55
16088400,61.31
16092000,55.64
16095600,49.93
16099200,44.56
16102800,39.91
16106400,36.28
16110000,33.93
16113600,33.01
16117200,33.59
16120800,35.63
16124400,38.99
16128000,43.45
16131600,48.69
16135200,54.36
16138800,60.07
16142400,65.44
16146000,70.09
16149600,73.72
16153200,76.07
16156800,76.99
16160400,76.41
16164000,74.37
16167600,71.01
16171200,66.55
16174800,61.31
16178400,55.64
16182000,49.93
16185600,44.56
16189200,39.91
16192800,36.28
16196400,33.93
16200000,33.01
16203600,33.59
16207200,35.63
16210800,38.99
16214400,43.45
16218000,48.69
16221600,54.36
16225200,60.07
16228800,65.44
16232400,70.09
16236000,73.72
16239600,76.07
16243200,76.99
16246800,76.41
16250400,74.37
16254000,71.01
16257600,66.55
16261200,61.31
16264800,55.64
16268400,49.93
16272000,44.56
16275600,39.91
16279200,36.28
16282800,33.93
16286400,33.01
16290000,33.59
16293600,35.63
16297200,38.99
16300800,43.45
16304400,48.69
16308000,54.36
16311600,60.07
16315200,65.44
16318800,70.09
16322400,73.72
16326000,76.07
16329600,76.99
16333200,76.41
16336800,74.37
16340400,71.01
16344000,66.55
16347600,61.31
16351200,55.64
16354800,49.93
16358400,44.56
16362000,39.91
16365600,36.28
16369200,33.93
16372800,33.01
16376400,33.59
16380000,35.63
16383600,38.99
16387200,43.45
16390800,48.69
16394400,54.36
16398000,60.07
16401600,65.44
16405200,70.09
16408800,73.72
16412400,76.07
16416000,76.99
16419600,76.41
16423200,74.37
16426800,71.01
16430400,66.55
16434000,61.31
16437600,55.64
16441200,49.93
16444800,44.56
16448400,39.91
16452000,36.28
16455600,33.93
16459200,33.01
16462800,33.59
16466400,35.63
16470000,38.99
16473600,43.45
16477200,48.69
16480800,54.36
16484400,60.07
16488000,65.44
16491600,70.09
16495200,73.72
16498800,76.07
16502400,76.99
16506000,76.41
16509600,74.37
16513200,71.01
16516800,66.55
16520400,61.31
16524000,55.64
16527600,49.93
16531200,44.56
16534800,39.91
16538400,36.28
16542000,33.93
16545600,33.01
16549200,33.59
16552800,35.63
16556400,38.99
16560000,43.45
16563600,48.69
16567200,54.36
16570800,60.07
16574400,65.44
16578000,70.09
16581600,73.72
16585200,76.07
16588800,76.99
16592400,76.41
16596000,74.37
16599600,71.01
16603200,66.55
16606800,61.31
16610400,55.64
16614000,49.93
16617600,44.56
16621200,39.91
16624800,36.28
16628400,33.93
16632000,33.01
16635600,33.59
16639200,35.63
16642800,38.99
16646400,43.45
16650000,48.69
16653600,54.36
16657200,60.07
16660800,65.44
16664400,70.09
16668000,73.72
16671600,76.07
16675200,76.99
16678800,76.41
16682400,74.37
16686000,71.01
16689600,66.55
16693200,61.31
16696800,55.64
16700400,49.93
16704000,44.56
16707600,39.91
16711200,36.28
16714800,33.93
16718400,33.01
16722000,33.59
16725600,35.63
16729200,38.99
16732800,43.45
16736400,48.69
16740000,54.36
16743600,60.07
16747200,65.44
16750800,70.09
16754400,73.72
16758000,76.07
16761600,76.99
16765200,76.41
16768800,74.37
16772400,71.01
16776000,66.55
16779600,61.31
16783200,55.64
16786800,49.93
16790400,44.56
16794000,39.91
16797600,36.28
16801200,33.93
16804800,33.01
16808400,33.59
16812000,35.63
16815600,38.99
16819200,43.45
16822800,48.69
16826400,54.36
16830000,60.07
16833600,65.44
16837200,70.09
16840800,73.72
16844400,76.07
16848000,76.99
16851600,76.41
16855200,74.37
16858800,71.01
16862400,66.55
16866000,61.31
16869600,55.64
16873200,49.93
16876800,44.56
16880400,39.91
16884000,36.28
16887600,33.93
16891200,33.01
16894800,33.59
16898400,35.63
16902000,38.99
16905600,43.45
16909200,48.69
16912800,54.36
16916400,60.07
16920000,65.44
16923600,70.09
16927200,73.72
16930800,76.07
16934400,76.99
16938000,76.41
16941600,74.37
16945200,71.01
16948800,66.55
16952400,61.31
16956000,55.64
16959600,49.93
16963200,44.56
16966800,39.91
16970400,36.28
16974000,33.93
16977600,33.01
16981200,33.59
16984800,35.63
16988400,38.99
16992000,43.45
16995600,48.69
16999200,54.36
17002800,60.07
17006400,65.44
17010000,70.09
17013600,73.72
17017200,76.07
17020800,76.99
17024400,76.41
17028000,74.37
17031600,71.01
17035200,66.55
17038800,61.31
17042400,55.64
17046000,49.93
17049600,44.56
17053200,39.91
17056800,36.28
17060400,33.93
17064000,33.01
17067600,33.59
17071200,35.63
17074800,38.99
17078400,43.45
17082000,48.69
17085600,54.36
17089200,60.07
17092800,65.44
17096400,70.09
17100000,73.72
17103600,76.07
17107200,76.99
17110800,76.41
17114400,74.37
17118000,71.01
17121600,66.55
17125200,61.31
17128800,55.64
17132400,49.93
17136000,44.56
17139600,39.91
17143200,36.28
17146800,33.93
17150400,33.01
17154000,33.59
17157600,35.63
17161200,38.99
17164800,43.45
17168400,48.69
17172000,54.36
17175600,60.07
17179200,65.44
17182800,70.09
17186400,73.72
17190000,76.07
17193600,76.99
17197200,76.41
17200800,74.37
17204400,71.01
17208000,66.55
17211600,61.31
17215200,55.64
17218800,49.93
17222400,44.56
17226000,39.91
17229600,36.28
17233200,33.93
17236800,33.01
17240400,33.59
17244000,35.63
17247600,38.99
17251200,43.45
17254800,48.69
17258400,54.36
17262000,60.07
17265600,65.44
17269200,70.09
17272800,73.72
17276400,76.07
17280000,76.99
17283600,76.41
17287200,74.37
17290800,71.01
17294400,66.55
17298000,61.31
17301600,55.64
17305200,49.93
17308800,44.56
17312400,39.91
17316000,36.28
17319600,33.93
17323200,33.01
17326800,33.59
17330400,35.63
17334000,38.99
17337600,43.45
17341200,48.69
17344800,54.36
17348400,60.07
17352000,65.44
17355600,70.09
17359200,73.72
17362800,76.07
17366400,76.99
17370000,76.41
17373600,74.37
17377200,71.01
17380800,66.55
17384400,61.31
17388000,55.64
17391600,49.93
17395200,44.56
17398800,39.91
17402400,36.28
17406000,33.93
17409600,33.01
17413200,33.59
17416800,35.63
17420400,38.99
17424000,43.45
17427600,48.69
17431200,54.36
17434800,60.07
17438400,65.44
17442000,70.09
17445600,73.72
17449200,76.07
17452800,76.99
17456400,76.41
17460000,74.37
17463600,71.01
17467200,66.55
17470800,61.31
17474400,55.64
17478000,49.93
17481600,44.56
17485200,39.91
17488800,36.28
17492400,33.93
17496000,33.01
17499600,33.59
17503200,35.63
17506800,38.99
17510400,43.45
17514000,48.69
17517600,54.36
17521200,60.07
17524800,65.44
17528400,70.09
17532000,73.72
17535600,76.07
17539200,76.99
17542800,76.41
17546400,74.37
17550000,71.01
17553600,66.55
17557200,61.31
17560800,55.64
17564400,49.93
17568000,44.56
17571600,39.91
17575200,36.28
17578800,33.93
17582400,33.01
17586000,33.59
17589600,35.63
17593200,38.99
17596800,43.45
17600400,48.69
17604000,54.36
17607600,60.07
17611200,65.44
17614800,70.09
17618400,73.72
17622000,76.07
17625600,76.99
17629200,76.41
17632800,74.37
17636400,71.01
17640000,66.55
17643600,61.31
17647200,55.64
17650800,49.93
17654400,44.56
17658000,39.91
17661600,36.28
17665200,33.93
17668800,33.01
17672400,33.59
17676000,35.63
17679600,38.99
17683200,43.45
17686800,48.69
17690400,54.36
17694000,60.07
17697600,65.44
17701200,70.09
17704800,73.72
17708400,76.07
17712000,76.99
17715600,76.41
17719200,74.37
17722800,71.01
17726400,66.55
17730000,61.31
17733600,55.64
17737200,49.93
17740800,44.56
17744400,39.91
17748000,36.28
17751600,33.93
17755200,33.01
17758800,33.59
17762400,35.63
17766000,38.99
17769600,43.45
17773200,48.69
17776800,54.36
17780400,60.07
17784000,65.44
17787600,70.09
17791200,73.72
17794800,76.07
17798400,76.99
17802000,76.41
17805600,74.37
17809200,71.01
17812800,66.55
17816400,61.31
17820000,55.64
17823600,49.93
17827200,44.56
17830800,39.91
17834400,36.28
17838000,33.93
17841600,33.01
17845200,33.59
17848800,35.63
17852400,38.99
17856000,43.45
17859600,48.69
17863200,54.36
17866800,60.07
17870400,65.44
17874000,70.09
17877600,73.72
17881200,76.07
17884800,76.99
17888400,76.41
17892000,74.37
17895600,71.01
17899200,66.55
17902800,61.31
17906400,55.64
17910000,49.93
17913600,44.56
17917200,39.91
17920800,36.28
17924400,33.93
17928000,33.01
17931600,33.59
17935200,35.63
17938800,38.99
17942400,43.45
17946000,48.69
17949600,54.36
17953200,60.07
17956800,65.44
17960400,70.09
17964000,73.72
17967600,76.07
17971200,76.99
17974800,76.41
17978400,74.37
17982000,71.01
17985600,66.55
17989200,61.31
17992800,55.64
17996400,49.93
18000000,44.56
18003600,39.91
18007200,36.28
18010800,33.93
18014400,33.01
18018000,33.59
18021600,35.63
18025200,38.99
18028800,43.45
18032400,48.69
18036000,54.36
18039600,60.07
18043200,65.44
18046800,70.09
18050400,73.72
18054000,76.07
18057600,76.99
18061200,76.41
18064800,74.37
18068400,71.01
18072000,66.55
18075600,61.31
18079200,55.64
18082800,49.93
18086400,44.56
18090000,39.91
18093600,36.28
18097200,33.93
18100800,33.01
18104400,33.59
18108000,35.63
18111600,38.99
18115200,43.45
18118800,48.69
18122400,54.36
18126000,60.07
18129600,65.44
18133200,70.09
18136800,73.72
18140400,76.07
18144000,76.99
18147600,76.41
18151200,74.37
18154800,71.01
18158400,66.55
18162000,61.31
18165600,55.64
18169200,49.93
18172800,44.56
18176400,39.91
18180000,36.28
18183600,33.93
18187200,33.01
18190800,33.59
18194400,35.63
18198000,38.99
18201600,43.45
18205200,48.69
18208800,54.36
18212400,60.07
18216000,65.44
18219600,70.09
18223200,73.72
18226800,76.07
18230400,76.99
18234000,76.41
18237600,74.37
18241200,71.01
18244800,66.55
18248400,61.31
18252000,55.64
18255600,49.93
18259200,44.56
18262800,39.91
18266400,36.28
18270000,33.93
18273600,33.01
18277200,33.59
18280800,35.63
18284400,38.99
18288000,43.45
18291600,48.69
18295200,54.36
18298800,60.07
18302400,65.44
18306000,70.09
18309600,73.72
18313200,76.07
18316800,76.99
18320400,76.41
18324000,74.37
18327600,71.01
18331200,66.55
18334800,61.31
18338400,55.64
18342000,49.93
18345600,44.56
18349200,39.91
18352800,36.28
18356400,33.93
18360000,33.01
18363600,33.59
18367200,35.63
18370800,38.99
18374400,43.45
18378000,48.69
18381600,54.36
18385200,60.07
18388800,65.44
18392400,70.09
18396000,73.72
18399600,76.07
18403200,76.99
18406800,76.41
18410400,74.37
18414000,71.01
18417600,66.55
18421200,61.31
18424800,55.64
18428400,49.93
18432000,44.56
18435600,39.91
18439200,36.28
18442800,33.93
18446400,33.01
18450000,33.59
18453600,35.63
18457200,38.99
18460800,43.45
18464400,48.69
18468000,54.36
18471600,60.07
18475200,65.44
18478800,70.09
18482400,73.72
18486000,76.07
18489600,76.99
18493200,76.41
18496800,74.37
18500400,71.01
18504000,66.55
18507600,61.31
18511200,55.64
18514800,49.93
18518400,44.56
18522000,39.91
18525600,36.28
18529200,33.93
18532800,33.01
18536400,33.59
18540000,35.63
18543600,38.99
18547200,43.45
18550800,48.69
18554400,54.36
18558000,60.07
18561600,65.44
18565200,70.09
18568800,73.72
18572400,76.07
18576000,76.99
18579600,76.41
18583200,74.37
18586800,71.01
18590400,66.55
18594000,61.31
18597600,55.64
18601200,49.93
18604800,44.56
18608400,39.91
18612000,36.28
18615600,33.93
18619200,33.01
18622800,33.59
18626400,35.63
18630000,38.99
18633600,43.45
18637200,48.69
18640800,54.36
18644400,60.07
18648000,65.44
18651600,70.09
18655200,73.72
18658800,76.07
18662400,76.99
18666000,76.41
18669600,74.37
18673200,71.01
18676800,66.55
18680400,61.31
18684000,55.64
18687600,49.93
18691200,44.56
18694800,39.91
18698400,36.28
18702000,33.93
18705600,33.01
18709200,33.59
18712800,35.63
18716400,38.99
18720000,43.45
18723600,48.69
18727200,54.36
18730800,60.07
18734400,65.44
18738000,70.09
18741600,73.72
18745200,76.07
18748800,76.99
18752400,76.41
18756000,74.37
18759600,71.01
18763200,66.55
18766800,61.31
18770400,55.64
18774000,49.93
18777600,44.56
18781200,39.91
18784800,36.28
18788400,33.93
18792000,33.01
18795600,33.59
18799200,35.63
18802800,38.99
18806400,43.45
18810000,48.69
18813600,54.36
18817200,60.07
18820800,65.44
18824400,70.09
18828000,73.72
18831600,76.07
18835200,76.99
18838800,76.41
18842400,74.37
18846000,71.01
18849600,66.55
18853200,61.31
18856800,55.64
18860400,49.93
18864000,44.56
18867600,39.91
18871200,36.28
18874800,33.93
18878400,33.01
18882000,33.59
18885600,35.63
18889200,38.99
18892800,43.45
18896400,48.69
18900000,54.36
18903600,60.07
18907200,65.44
18910800,70.09
18914400,73.72
18918000,76.07
18921600,76.99
18925200,76.41
18928800,74.37
18932400,71.01
18936000,66.55
18939600,61.31
18943200,55.64
18946800,49.93
18950400,44.56
18954000,39.91
18957600,36.28
18961200,33.93
18964800,33.01
18968400,33.59
18972000,35.63
18975600,38.99
18979200,43.45
18982800,48.69
18986400,54.36
18990000,60.07
18993600,65.44
18997200,70.09
19000800,73.72
19004400,76.07
19008000,76.99
19011600,76.41
19015200,74.37
19018800,71.01
19022400,66.55
19026000,61.31
19029600,55.64
19033200,49.93
19036800,44.56
19040400,39.91
19044000,36.28
19047600,33.93
19051200,33.01
19054800,33.59
19058400,35.63
19062000,38.99
19065600,43.45
19069200,48.69
19072800,54.36
19076400,60.07
19080000,65.44
19083600,70.09
19087200,73.72
19090800,76.07
19094400,76.99
19098000,76.41
19101600,74.37
19105200,71.01
19108800,66.55
19112400,61.31
19116000,55.64
19119600,49.93
19123200,44.56
19126800,39.91
19130400,36.28
19134000,33.93
19137600,33.01
19141200,33.59
19144800,35.63
19148400,38.99
19152000,43.45
19155600,48.69
19159200,54.36
19162800,60.07
19166400,65.44
19170000,70.09
19173600,73.72
19177200,76.07
19180800,76.99
19184400,76.41
19188000,74.37
19191600,71.01
19195200,66.55
19198800,61.31
19202400,55.64
19206000,49.93
19209600,44.56
19213200,39.91
19216800,36.28
19220400,33.93
19224000,33.01
19227600,33.59
19231200,35.63
19234800,38.99
19238400,43.45
19242000,48.69
19245600,54.36
19249200,60.07
19252800,65.44
19256400,70.09
19260000,73.72
19263600,76.07
19267200,76.99
19270800,76.41
19274400,74.37
19278000,71.01
19281600,66.55
19285200,61.31
19288800,55.64
19292400,49.93
19296000,44.56
19299600,39.91
19303200,36.28
19306800,33.93
19310400,33.01
19314000,33.59
19317600,35.63
19321200,38.99
19324800,43.45
19328400,48.69
19332000,54.36
19335600,60.07
19339200,65.44
19342800,70.09
19346400,73.72
19350000,76.07
19353600,76.99
19357200,76.41
19360800,74.37
19364400,71.01
19368000,66.55
19371600,61.31
19375200,55.64
19378800,49.93
19382400,44.56
19386000,39.91
19389600,36.28
19393200,33.93
19396800,33.01
19400400,33.59
19404000,35.63
19407600,38.99
19411200,43.45
19414800,48.69
19418400,54.36
19422000,60.07
19425600,65.44
19429200,70.09
19432800,73.72
19436400,76.07
19440000,76.99
19443600,76.41
19447200,74.37
19450800,71.01
19454400,66.55
19458000,61.31
19461600,55.64
19465200,49.93
19468800,44.56
19472400,39.91
19476000,36.28
19479600,33.93
19483200,33.01
19486800,33.59
19490400,35.63
19494000,38.99
19497600,43.45
19501200,48.69
19504800,54.36
19508400,60.07
19512000,65.44
19515600,70.09
19519200,73.72
19522800,76.07
19526400,76.99
19530000,76.41
19533600,74.37
19537200,71.01
19540800,66.55
19544400,61.31
19548000,55.64
19551600,49.93
19555200,44.56
19558800,39.91
19562400,36.28
19566000,33.93
19569600,33.01
19573200,33.59
19576800,35.63
19580400,38.99
19584000,43.45
19587600,48.69
19591200,54.36
19594800,60.07
19598400,65.44
19602000,70.09
19605600,73.72
19609200,76.07
19612800,76.99
19616400,76.41
19620000,74.37
19623600,71.01
19627200,66.55
19630800,61.31
19634400,55.64
19638000,49.93
19641600,44.56
19645200,39.91
19648800,36.28
19652400,33.93
19656000,33.01
19659600,33.59
19663200,35.63
19666800,38.99
19670400,43.45
19674000,48.69
19677600,54.36
19681200,60.07
19684800,65.44
19688400,70.09
19692000,73.72
19695600,76.07
19699200,76.99
19702800,76.41
19706400,74.37
19710000,71.01
19713600,66.55
19717200,61.31
19720800,55.64
19724400,49.93
19728000,44.56
19731600,39.91
19735200,36.28
19738800,33.93
19742400,33.01
19746000,33.59
19749600,35.63
19753200,38.99
19756800,43.45
19760400,48.69
19764000,54.36
19767600,60.07
19771200,65.44
19774800,70.09
19778400,73.72
19782000,76.07
19785600,76.99
19789200,76.41
19792800,74.37
19796400,71.01
19800000,66.55
19803600,61.31
19807200,55.64
19810800,49.93
19814400,44.56
19818000,39.91
19821600,36.28
19825200,33.93
19828800,33.01
19832400,33.59
19836000,35.63
19839600,38.99
19843200,43.45
19846800,48.69
19850400,54.36
19854000,60.07
19857600,65.44
19861200,70.09
19864800,73.72
19868400,76.07
19872000,76.99
19875600,76.41
19879200,74.37
19882800,71.01
19886400,66.55
19890000,61.31
19893600,55.64
19897200,49.93
19900800,44.56
19904400,39.91
19908000,36.28
19911600,33.93
19915200,33.01
19918800,33.59
19922400,35.63
19926000,38.99
19929600,43.45
19933200,48.69
19936800,54.36
19940400,60.07
19944000,65.44
19947600,70.09
19951200,73.72
19954800,76.07
19958400,76.99
19962000,76.41
19965600,74.37
19969200,71.01
19972800,66.55
19976400,61.31
19980000,55.64
19983600,49.93
19987200,44.56
19990800,39.91
19994400,36.28
19998000,33.93
20001600,33.01
20005200,33.59
20008800,35.63
20012400,38.99
20016000,43.45
20019600,48.69
20023200,54.36
20026800,60.07
20030400,65.44
20034000,70.09
20037600,73.72
20041200,76.07
20044800,76.99
20048400,76.41
20052000,74.37
20055600,71.01
20059200,66.55
20062800,61.31
20066400,55.64
20070000,49.93
20073600,44.56
20077200,39.91
20080800,36.28
20084400,33.93
20088000,33.01
20091600,33.59
20095200,35.63
20098800,38.99
20102400,43.45
20106000,48.69
20109600,54.36
20113200,60.07
20116800,65.44
20120400,70.09
20124000,73.72
20127600,76.07
20131200,76.99
20134800,76.41
20138400,74.37
20142000,71.01
20145600,66.55
20149200,61.31
20152800,55.64
20156400,49.93
20160000,44.56
20163600,39.91
20167200,36.28
20170800,33.93
20174400,33.01
20178000,33.59
20181600,35.63
20185200,38.99
20188800,43.45
20192400,48.69
20196000,54.36
20199600,60.07
20203200,65.44
20206800,70.09
20210400,73.72
20214000,76.07
20217600,76.99
20221200,76.41
20224800,74.37
20228400,71.01
20232000,66.55
20235600,61.31
20239200,55.64
20242800,49.93
20246400,44.56
20250000,39.91
20253600,36.28
20257200,33.93
20260800,33.01
20264400,33.59
20268000,35.63
20271600,38.99
20275200,43.45
20278800,48.69
20282400,54.36
20286000,60.07
20289600,65.44
20293200,70.09
20296800,73.72
20300400,76.07
20304000,76.99
20307600,76.41
20311200,74.37
20314800,71.01
20318400,66.55
20322000,61.31
20325600,55.64
20329200,49.93
20332800,44.56
20336400,39.91
20340000,36.28
20343600,33.93
20347200,33.01
20350800,33.59
20354400,35.63
20358000,38.99
20361600,43.45
20365200,48.69
20368800,54.36
20372400,60.07
20376000,65.44
20379600,70.09
20383200,73.72
20386800,76.07
20390400,76.99
20394000,76.41
20397600,74.37
20401200,71.01
20404800,66.55
20408400,61.31
20412000,55.64
20415600,49.93
20419200,44.56
20422800,39.91
20426400,36.28
20430000,33.93
20433600,33.01
20437200,33.59
20440800,35.63
20444400,38.99
20448000,43.45
20451600,48.69
20455200,54.36
20458800,60.07
20462400,65.44
20466000,70.09
20469600,73.72
20473200,76.07
20476800,76.99
20480400,76.41
20484000,74.37
20487600,71.01
20491200,66.55
20494800,61.31
20498400,55.64
20502000,49.93
20505600,44.56
20509200,39.91
20512800,36.28
20516400,33.93
20520000,33.01
20523600,33.59
20527200,35.63
20530800,38.99
20534400,43.45
20538000,48.69
20541600,54.36
20545200,60.07
20548800,65.44
20552400,70.09
20556000,73.72
20559600,76.07
20563200,76.99
20566800,76.41
20570400,74.37
20574000,71.01
20577600,66.55
20581200,61.31
20584800,55.64
20588400,49.93
20592000,44.56
20595600,39.91
20599200,36.28
20602800,33.93
20606400,33.01
20610000,33.59
20613600,35.63
20617200,38.99
20620800,43.45
20624400,48.69
20628000,54.36
20631600,60.07
20635200,65.44
20638800,70.09
20642400,73.72
20646000,76.07
20649600,76.99
20653200,76.41
20656800,74.37
20660400,71.01
20664000,66.55
20667600,61.31
20671200,55.64
20674800,49.93
20678400,44.56
20682000,39.91
20685600,36.28
20689200,33.93
20692800,33.01
20696400,33.59
20700000,35.63
20703600,38.99
20707200,43.45
20710800,48.69
20714400,54.36
20718000,60.07
20721600,65.44
20725200,70.09
20728800,73.72
20732400,76.07
20736000,76.99
20739600,76.41
20743200,74.37
20746800,71.01
20750400,66.55
20754000,61.31
20757600,55.64
20761200,49.93
20764800,44.56
20768400,39.91
20772000,36.28
20775600,33.93
20779200,33.01
20782800,33.59
20786400,35.63
20790000,38.99
20793600,43.45
20797200,48.69
20800800,54.36
20804400,60.07
20808000,65.44
20811600,70.09
20815200,73.72
20818800,76.07
20822400,76.99
20826000,76.41
20829600,74.37
20833200,71.01
20836800,66.55
20840400,61.31
20844000,55.64
20847600,49.93
20851200,44.56
20854800,39.91
20858400,36.28
20862000,33.93
20865600,33.01
20869200,33.59
20872800,35.63
20876400,38.99
20880000,43.45
20883600,48.69
20887200,54.36
20890800,60.07
20894400,65.44
20898000,70.09
20901600,73.72
20905200,76.07
20908800,76.99
20912400,76.41
20916000,74.37
20919600,71.01
20923200,66.55
20926800,61.31
20930400,55.64
20934000,49.93
20937600,44.56
20941200,39.91
20944800,36.28
20948400,33.93
20952000,33.01
20955600,33.59
20959200,35.63
20962800,38.99
20966400,43.45
20970000,48.69
20973600,54.36
20977200,60.07
20980800,65.44
20984400,70.09
20988000,73.72
20991600,76.07
20995200,76.99
20998800,76.41
21002400,74.37
21006000,71.01
21009600,66.55
21013200,61.31
21016800,55.64
21020400,49.93
21024000,44.56
21027600,39.91
21031200,36.28
21034800,33.93
21038400,33.01
21042000,33.59
21045600,35.63
21049200,38.99
21052800,43.45
21056400,48.69
21060000,54.36
21063600,60.07
21067200,65.44
21070800,70.09
21074400,73.72
21078000,76.07
21081600,76.99
21085200,76.41
21088800,74.37
21092400,71.01
21096000,66.55
21099600,61.31
21103200,55.64
21106800,49.93
21110400,44.56
21114000,39.91
21117600,36.28
21121200,33.93
21124800,33.01
21128400,33.59
21132000,35.63
21135600,38.99
21139200,43.45
21142800,48.69
21146400,54.36
21150000,60.07
21153600,65.44
21157200,70.09
21160800,73.72
21164400,76.07
21168000,76.99
21171600,76.41
21175200,74.37
21178800,71.01
21182400,66.55
21186000,61.31
21189600,55.64
21193200,49.93
21196800,44.56
21200400,39.91
21204000,36.28
21207600,33.93
21211200,33.01
21214800,33.59
21218400,35.63
21222000,38.99
21225600,43.45
21229200,48.69
21232800,54.36
21236400,60.07
21240000,65.44
21243600,70.09
21247200,73.72
21250800,76.07
21254400,76.99
21258000,76.41
21261600,74.37
21265200,71.01
21268800,66.55
21272400,61.31
21276000,55.64
21279600,49.93
21283200,44.56
21286800,39.91
21290400,36.28
21294000,33.93
21297600,33.01
21301200,33.59
21304800,35.63
21308400,38.99
21312000,43.45
21315600,48.69
21319200,54.36
21322800,60.07
21326400,65.44
21330000,70.09
21333600,73.72
21337200,76.07
21340800,76.99
21344400,76.41
21348000,74.37
21351600,71.01
21355200,66.55
21358800,61.31
21362400,55.64
21366000,49.93
21369600,44.56
21373200,39.91
21376800,36.28
21380400,33.93
21384000,33.01
21387600,33.59
21391200,35.63
21394800,38.99
21398400,43.45
21402000,48.69
21405600,54.36
21409200,60.07
21412800,65.44
21416400,70.09
21420000,73.72
21423600,76.07
21427200,76.99
21430800,76.41
21434400,74.37
21438000,71.01
21441600,66.55
21445200,61.31
21448800,55.64
21452400,49.93
21456000,44.56
21459600,39.91
21463200,36.28
21466800,33.93
21470400,33.01
21474000,33.59
21477600,35.63
21481200,38.99
21484800,43.45
21488400,48.69
21492000,54.36
21495600,60.07
21499200,65.44
21502800,70.09
21506400,73.72
21510000,76.07
21513600,76.99
21517200,76.41
21520800,74.37
21524400,71.01
21528000,66.55
21531600,61.31
21535200,55.64
21538800,49.93
21542400,44.56
21546000,39.91
21549600,36.28
21553200,33.93
21556800,33.01
21560400,33.59
21564000,35.63
21567600,38.99
21571200,43.45
21574800,48.69
21578400,54.36
21582000,60.07
21585600,65.44
21589200,70.09
21592800,73.72
21596400,76.07
21600000,76.99
21603600,76.41
21607200,74.37
21610800,71.01
21614400,66.55
21618000,61.31
21621600,55.64
21625200,49.93
21628800,44.56
21632400,39.91
21636000,36.28
21639600,33.93
21643200,33.01
21646800,33.59
21650400,35.63
21654000,38.99
21657600,43.45
21661200,48.69
21664800,54.36
21668400,60.07
21672000,65.44
21675600,70.09
21679200,73.72
21682800,76.07
21686400,76.99
21690000,76.41
21693600,74.37
21697200,71.01
21700800,66.55
21704400,61.31
21708000,55.64
21711600,49.93
21715200,44.56
21718800,39.91
21722400,36.28
21726000,33.93
21729600,33.01
21733200,33.59
21736800,35.63
21740400,38.99
21744000,43.45
21747600,48.69
21751200,54.36
21754800,60.07
21758400,65.44
21762000,70.09
21765600,73.72
21769200,76.07
21772800,76.99
21776400,76.41
21780000,74.37
21783600,71.01
21787200,66.55
21790800,61.31
21794400,55.64
21798000,49.93
21801600,44.56
21805200,39.91
21808800,36.28
21812400,33.93
21816000,33.01
21819600,33.59
21823200,35.63
21826800,38.99
21830400,43.45
21834000,48.69
21837600,54.36
21841200,60.07
21844800,65.44
21848400,70.09
21852000,73.72
21855600,76.07
21859200,76.99
21862800,76.41
21866400,74.37
21870000,71.01
21873600,66.55
21877200,61.31
21880800,55.64
21884400,49.93
21888000,44.56
21891600,39.91
21895200,36.28
21898800,33.93
21902400,33.01
21906000,33.59
21909600,35.63
21913200,38.99
21916800,43.45
21920400,48.69
21924000,54.36
21927600,60.07
21931200,65.44
21934800,70.09
21938400,73.72
21942000,76.07
21945600,76.99
21949200,76.41
21952800,74.37
21956400,71.01
21960000,66.55
21963600,61.31
21967200,55.64
21970800,49.93
21974400,44.56
21978000,39.91
21981600,36.28
21985200,33.93
21988800,33.01
21992400,33.59
21996000,35.63
21999600,38.99
22003200,43.45
22006800,48.69
22010400,54.36
22014000,60.07
22017600,65.44
22021200,70.09
22024800,73.72
22028400,76.07
22032000,76.99
22035600,76.41
22039200,74.37
22042800,71.01
22046400,66.55
22050000,61.31
22053600,55.64
22057200,49.93
22060800,44.56
22064400,39.91
22068000,36.28
22071600,33.93
22075200,33.01
22078800,33.59
22082400,35.63
22086000,38.99
22089600,43.45
22093200,48.69
22096800,54.36
22100400,60.07
22104000,65.44
22107600,70.09
22111200,73.72
22114800,76.07
22118400,76.99
22122000,76.41
22125600,74.37
22129200,71.01
22132800,66.55
22136400,61.31
22140000,55.64
22143600,49.93
22147200,44.56
22150800,39.91
22154400,36.28
22158000,33.93
22161600,33.01
22165200,33.59
22168800,35.63
22172400,38.99
22176000,43.45
22179600,48.69
22183200,54.36
22186800,60.07
22190400,65.44
22194000,70.09
22197600,73.72
22201200,76.07
22204800,76.99
22208400,76.41
22212000,74.37
22215600,71.01
22219200,66.55
22222800,61.31
22226400,55.64
22230000,49.93
22233600,44.56
22237200,39.91
22240800,36.28
22244400,33.93
22248000,33.01
22251600,33.59
22255200,35.63
22258800,38.99
22262400,43.45
22266000,48.69
22269600,54.36
22273200,60.07
22276800,65.44
22280400,70.09
22284000,73.72
22287600,76.07
22291200,76.99
22294800,76.41
22298400,74.37
22302000,71.01
22305600,66.55
22309200,61.31
22312800,55.64
22316400,49.93
22320000,44.56
22323600,39.91
22327200,36.28
22330800,33.93
22334400,33.01
22338000,33.59
22341600,35.63
22345200,38.99
22348800,43.45
22352400,48.69
22356000,54.36
22359600,60.07
22363200,65.44
22366800,70.09
22370400,73.72
22374000,76.07
22377600,76.99
22381200,76.41
22384800,74.37
22388400,71.01
22392000,66.55
22395600,61.31
22399200,55.64
22402800,49.93
22406400,44.56
22410000,39.91
22413600,36.28
22417200,33.93
22420800,33.01
22424400,33.59
22428000,35.63
22431600,38.99
22435200,43.45
22438800,48.69
22442400,54.36
22446000,60.07
22449600,65.44
22453200,70.09
22456800,73.72
22460400,76.07
22464000,76.99
22467600,76.41
22471200,74.37
22474800,71.01
22478400,66.55
22482000,61.31
22485600,55.64
22489200,49.93
22492800,44.56
22496400,39.91
22500000,36.28
22503600,33.93
22507200,33.01
22510800,33.59
22514400,35.63
22518000,38.99
22521600,43.45
22525200,48.69
22528800,54.36
22532400,60.07
22536000,65.44
22539600,70.09
22543200,73.72
22546800,76.07
22550400,76.99
22554000,76.41
22557600,74.37
22561200,71.01
22564800,66.55
22568400,61.31
22572000,55.64
22575600,49.93
22579200,44.56
22582800,39.91
22586400,36.28
22590000,33.93
22593600,33.01
22597200,33.59
22600800,35.63
22604400,38.99
22608000,43.45
22611600,48.69
22615200,54.36
22618800,60.07
22622400,65.44
22626000,70.09
22629600,73.72
22633200,76.07
22636800,76.99
22640400,76.41
22644000,74.37
22647600,71.01
22651200,66.55
22654800,61.31
22658400,55.64
22662000,49.93
22665600,44.56
22669200,39.91
22672800,36.28
22676400,33.93
22680000,33.01
22683600,33.59
22687200,35.63
22690800,38.99
22694400,43.45
22698000,48.69
22701600,54.36
22705200,60.07
22708800,65.44
22712400,70.09
22716000,73.72
22719600,76.07
22723200,76.99
22726800,76.41
22730400,74.37
22734000,71.01
22737600,66.55
22741200,61.31
22744800,55.64
22748400,49.93
22752000,44.56
22755600,39.91
22759200,36.28
22762800,33.93
22766400,33.01
22770000,33.59
22773600,35.63
22777200,38.99
22780800,43.45
22784400,48.69
22788000,54.36
22791600,60.07
22795200,65.44
22798800,70.09
22802400,73.72
22806000,76.07
22809600,76.99
22813200,76.41
22816800,74.37
22820400,71.01
22824000,66.55
22827600,61.31
22831200,55.64
22834800,49.93
22838400,44.56
22842000,39.91
22845600,36.28
22849200,33.93
22852800,33.01
22856400,33.59
22860000,35.63
22863600,38.99
22867200,43.45
22870800,48.69
22874400,54.36
22878000,60.07
22881600,65.44
22885200,70.09
22888800,73.72
22892400,76.07
22896000,76.99
22899600,76.41
22903200,74.37
22906800,71.01
22910400,66.55
22914000,61.31
22917600,55.64
22921200,49.93
22924800,44.56
22928400,39.91
22932000,36.28
22935600,33.93
22939200,33.01
22942800,33.59
22946400,35.63
22950000,38.99
22953600,43.45
22957200,48.69
22960800,54.36
22964400,60.07
22968000,65.44
22971600,70.09
22975200,73.72
22978800,76.07
22982400,76.99
22986000,76.41
22989600,74.37
22993200,71.01
22996800,66.55
23000400,61.31
23004000,55.64
23007600,49.93
23011200,44.56
23014800,39.91
23018400,36.28
23022000,33.93
23025600,33.01
23029200,33.59
23032800,35.63
23036400,38.99
23040000,43.45
23043600,48.69
23047200,54.36
23050800,60.07
23054400,65.44
23058000,70.09
23061600,73.72
23065200,76.07
23068800,76.99
23072400,76.41
23076000,74.37
23079600,71.01
23083200,66.55
23086800,61.31
23090400,55.64
23094000,49.93
23097600,44.56
23101200,39.91
23104800,36.28
23108400,33.93
23112000,33.01
23115600,33.59
23119200,35.63
23122800,38.99
23126400,43.45
23130000,48.69
23133600,54.36
23137200,60.07
23140800,65.44
23144400,70.09
23148000,73.72
23151600,76.07
23155200,76.99
23158800,76.41
23162400,74.37
23166000,71.01
23169600,66.55
23173200,61.31
23176800,55.64
23180400,49.93
23184000,44.56
23187600,39.91
23191200,36.28
23194800,33.93
23198400,33.01
23202000,33.59
23205600,35.63
23209200,38.99
23212800,43.45
23216400,48.69
23220000,54.36
23223600,60.07
23227200,65.44
23230800,70.09
23234400,73.72
23238000,76.07
23241600,76.99
23245200,76.41
23248800,74.37
23252400,71.01
23256000,66.55
23259600,61.31
23263200,55.64
23266800,49.93
23270400,44.56
23274000,39.91
23277600,36.28
23281200,33.93
23284800,33.01
23288400,33.59
23292000,35.63
23295600,38.99
23299200,43.45
23302800,48.69
23306400,54.36
23310000,60.07
23313600,65.44
23317200,70.09
23320800,73.72
23324400,76.07
23328000,76.99
23331600,76.41
23335200,74.37
23338800,71.01
23342400,66.55
23346000,61.31
23349600,55.64
23353200,49.93
23356800,44.56
23360400,39.91
23364000,36.28
23367600,33.93
23371200,33.01
23374800,33.59
23378400,35.63
23382000,38.99
23385600,43.45
23389200,48.69
23392800,54.36
23396400,60.07
23400000,65.44
23403600,70.09
23407200,73.72
23410800,76.07
23414400,76.99
23418000,76.41
23421600,74.37
23425200,71.01
23428800,66.55
23432400,61.31
23436000,55.64
23439600,49.93
23443200,44.56
23446800,39.91
23450400,36.28
23454000,33.93
23457600,33.01
23461200,33.59
23464800,35.63
23468400,38.99
23472000,43.45
23475600,48.69
23479200,54.36
23482800,60.07
23486400,65.44
23490000,70.09
23493600,73.72
23497200,76.07
23500800,76.99
23504400,76.41
23508000,74.37
23511600,71.01
23515200,66.55
23518800,61.31
23522400,55.64
23526000,49.93
23529600,44.56
23533200,39.91
23536800,36.28
23540400,33.93
23544000,33.01
23547600,33.59
23551200,35.63
23554800,38.99
23558400,43.45
23562000,48.69
23565600,54.36
23569200,60.07
23572800,65.44
23576400,70.09
23580000,73.72
23583600,76.07
23587200,76.99
23590800,76.41
23594400,74.37
23598000,71.01
23601600,66.55
23605200,61.31
23608800,55.64
23612400,49.93
23616000,44.56
23619600,39.91
23623200,36.28
23626800,33.93
23630400,33.01
23634000,33.59
23637600,35.63
23641200,38.99
23644800,43.45
23648400,48.69
23652000,54.36
23655600,60.07
23659200,65.44
23662800,70.09
23666400,73.72
23670000,76.07
23673600,76.99
23677200,76.41
23680800,74.37
23684400,71.01
23688000,66.55
23691600,61.31
23695200,55.64
23698800,49.93
23702400,44.56
23706000,39.91
23709600,36.28
23713200,33.93
23716800,33.01
23720400,33.59
23724000,35.63
23727600,38.99
23731200,43.45
23734800,48.69
23738400,54.36
23742000,60.07
23745600,65.44
23749200,70.09
23752800,73.72
23756400,76.07
23760000,76.99
23763600,76.41
23767200,74.37
23770800,71.01
23774400,66.55
23778000,61.31
23781600,55.64
23785200,49.93
23788800,44.56
23792400,39.91
23796000,36.28
23799600,33.93
23803200,33.01
23806800,33.59
23810400,35.63
23814000,38.99
23817600,43.45
23821200,48.69
23824800,54.36
23828400,60.07
23832000,65.44
23835600,70.09
23839200,73.72
23842800,76.07
23846400,76.99
23850000,76.41
23853600,74.37
23857200,71.01
23860800,66.55
23864400,61.31
23868000,55.64
23871600,49.93
23875200,44.56
23878800,39.91
23882400,36.28
23886000,33.93
23889600,33.01
23893200,33.59
23896800,35.63
23900400,38.99
23904000,43.45
23907600,48.69
23911200,54.36
23914800,60.07
23918400,65.44
23922000,70.09
23925600,73.72
23929200,76.07
23932800,76.99
23936400,76.41
23940000,74.37
23943600,71.01
23947200,66.55
23950800,61.31
23954400,55.64
23958000,49.93
23961600,44.56
23965200,39.91
23968800,36.28
23972400,33.93
23976000,33.01
23979600,33.59
23983200,35.63
23986800,38.99
23990400,43.45
23994000,48.69
23997600,54.36
24001200,60.07
24004800,65.44
24008400,70.09
24012000,73.72
24015600,76.07
24019200,76.99
24022800,76.41
24026400,74.37
24030000,71.01
24033600,66.55
24037200,61.31
24040800,55.64
24044400,49.93
24048000,44.56
24051600,39.91
24055200,36.28
24058800,33.93
24062400,33.01
24066000,33.59
24069600,35.63
24073200,38.99
24076800,43.45
24080400,48.69
24084000,54.36
24087600,60.07
24091200,65.44
24094800,70.09
24098400,73.72
24102000,76.07
24105600,76.99
24109200,76.41
24112800,74.37
24116400,71.01
24120000,66.55
24123600,61.31
24127200,55.64
24130800,49.93
24134400,44.56
24138000,39.91
24141600,36.28
24145200,33.93
24148800,33.01
24152400,33.59
24156000,35.63
24159600,38.99
24163200,43.45
24166800,48.69
24170400,54.36
24174000,60.07
24177600,65.44
24181200,70.09
24184800,73.72
24188400,76.07
24192000,76.99
24195600,76.41
24199200,74.37
24202800,71.01
24206400,66.55
24210000,61.31
24213600,55.64
24217200,49.93
24220800,44.56
24224400,39.91
24228000,36.28
24231600,33.93
24235200,33.01
24238800,33.59
24242400,35.63
24246000,38.99
24249600,43.45
24253200,48.69
24256800,54.36
24260400,60.07
24264000,65.44
24267600,70.09
24271200,73.72
24274800,76.07
24278400,76.99
24282000,76.41
24285600,74.37
24289200,71.01
24292800,66.55
24296400,61.31
24300000,55.64
24303600,49.93
24307200,44.56
24310800,39.91
24314400,36.28
24318000,33.93
24321600,33.01
24325200,33.59
24328800,35.63
24332400,38.99
24336000,43.45
24339600,48.69
24343200,54.36
24346800,60.07
24350400,65.44
24354000,70.09
24357600,73.72
24361200,76.07
24364800,76.99
24368400,76.41
24372000,74.37
24375600,71.01
24379200,66.55
24382800,61.31
24386400,55.64
24390000,49.93
24393600,44.56
24397200,39.91
24400800,36.28
24404400,33.93
24408000,33.01
24411600,33.59
24415200,35.63
24418800,38.99
24422400,43.45
24426000,48.69
24429600,54.36
24433200,60.07
24436800,65.44
24440400,70.09
24444000,73.72
24447600,76.07
24451200,76.99
24454800,76.41
24458400,74.37
24462000,71.01
24465600,66.55
24469200,61.31
24472800,55.64
24476400,49.93
24480000,44.56
24483600,39.91
24487200,36.28
24490800,33.93
24494400,33.01
24498000,33.59
24501600,35.63
24505200,38.99
24508800,43.45
24512400,48.69
24516000,54.36
24519600,60.07
24523200,65.44
24526800,70.09
24530400,73.72
24534000,76.07
24537600,76.99
24541200,76.41
24544800,74.37
24548400,71.01
24552000,66.55
24555600,61.31
24559200,55.64
24562800,49.93
24566400,44.56
24570000,39.91
24573600,36.28
24577200,33.93
24580800,33.01
24584400,33.59
24588000,35.63
24591600,38.99
24595200,43.45
24598800,48.69
24602400,54.36
24606000,60.07
24609600,65.44
24613200,70.09
24616800,73.72
24620400,76.07
24624000,76.99
24627600,76.41
24631200,74.37
24634800,71.01
24638400,66.55
24642000,61.31
24645600,55.64
24649200,49.93
24652800,44.56
24656400,39.91
24660000,36.28
24663600,33.93
24667200,33.01
24670800,33.59
24674400,35.63
24678000,38.99
24681600,43.45
24685200,48.69
24688800,54.36
24692400,60.07
24696000,65.44
24699600,70.09
24703200,73.72
24706800,76.07
24710400,76.99
24714000,76.41
24717600,74.37
24721200,71.01
24724800,66.55
24728400,61.31
24732000,55.64
24735600,49.93
24739200,44.56
24742800,39.91
24746400,36.28
24750000,33.93
24753600,33.01
24757200,33.59
24760800,35.63
24764400,38.99
24768000,43.45
24771600,48.69
24775200,54.36
24778800,60.07
24782400,65.44
24786000,70.09
24789600,73.72
24793200,76.07
24796800,76.99
24800400,76.41
24804000,74.37
24807600,71.01
24811200,66.55
24814800,61.31
24818400,55.64
24822000,49.93
24825600,44.56
24829200,39.91
24832800,36.28
24836400,33.93
24840000,33.01
24843600,33.59
24847200,35.63
24850800,38.99
24854400,43.45
24858000,48.69
24861600,54.36
24865200,60.07
24868800,65.44
24872400,70.09
24876000,73.72
24879600,76.07
24883200,76.99
24886800,76.41
24890400,74.37
24894000,71.01
24897600,66.55
24901200,61.31
24904800,55.64
24908400,49.93
24912000,44.56
24915600,39.91
24919200,36.28
24922800,33.93
24926400,33.01
24930000,33.59
24933600,35.63
24937200,38.99
24940800,43.45
24944400,48.69
24948000,54.36
24951600,60.07
24955200,65.44
24958800,70.09
24962400,73.72
24966000,76.07
24969600,76.99
24973200,76.41
24976800,74.37
24980400,71.01
24984000,66.55
24987600,61.31
24991200,55.64
24994800,49.93
24998400,44.56
25002000,39.91
25005600,36.28
25009200,33.93
25012800,33.01
25016400,33.59
25020000,35.63
25023600,38.99
25027200,43.45
25030800,48.69
25034400,54.36
25038000,60.07
25041600,65.44
25045200,70.09
25048800,73.72
25052400,76.07
25056000,76.99
25059600,76.41
25063200,74.37
25066800,71.01
25070400,66.55
25074000,61.31
25077600,55.64
25081200,49.93
25084800,44.56
25088400,39.91
25092000,36.28
25095600,33.93
25099200,33.01
25102800,33.59
25106400,35.63
25110000,38.99
25113600,43.45
25117200,48.69
25120800,54.36
25124400,60.07
25128000,65.44
25131600,70.09
25135200,73.72
25138800,76.07
25142400,76.99
25146000,76.41
25149600,74.37
25153200,71.01
25156800,66.55
25160400,61.31
25164000,55.64
25167600,49.93
25171200,44.56
25174800,39.91
25178400,36.28
25182000,33.93
25185600,33.01
25189200,33.59
25192800,35.63
25196400,38.99
25200000,43.45
25203600,48.69
25207200,54.36
25210800,60.07
25214400,65.44
25218000,70.09
25221600,73.72
25225200,76.07
25228800,76.99
25232400,76.41
25236000,74.37
25239600,71.01
25243200,66.55
25246800,61.31
25250400,55.64
25254000,49.93
25257600,44.56
25261200,39.91
25264800,36.28
25268400,33.93
25272000,33.01
25275600,33.59
25279200,35.63
25282800,38.99
25286400,43.45
25290000,48.69
25293600,54.36
25297200,60.07
25300800,65.44
25304400,70.09
25308000,73.72
25311600,76.07
25315200,76.99
25318800,76.41
25322400,74.37
25326000,71.01
25329600,66.55
25333200,61.31
25336800,55.64
25340400,49.93
25344000,44.56
25347600,39.91
25351200,36.28
25354800,33.93
25358400,33.01
25362000,33.59
25365600,35.63
25369200,38.99
25372800,43.45
25376400,48.69
25380000,54.36
25383600,60.07
25387200,65.44
25390800,70.09
25394400,73.72
25398000,76.07
25401600,76.99
25405200,76.41
25408800,74.37
25412400,71.01
25416000,66.55
25419600,61.31
25423200,55.64
25426800,49.93
25430400,44.56
25434000,39.91
25437600,36.28
25441200,33.93
25444800,33.01
25448400,33.59
25452000,35.63
25455600,38.99
25459200,43.45
25462800,48.69
25466400,54.36
25470000,60.07
25473600,65.44
25477200,70.09
25480800,73.72
25484400,76.07
25488000,76.99
25491600,76.41
25495200,74.37
25498800,71.01
25502400,66.55
25506000,61.31
25509600,55.64
25513200,49.93
25516800,44.56
25520400,39.91
25524000,36.28
25527600,33.93
25531200,33.01
25534800,33.59
25538400,35.63
25542000,38.99
25545600,43.45
25549200,48.69
25552800,54.36
25556400,60.07
25560000,65.44
25563600,70.09
25567200,73.72
25570800,76.07
25574400,76.99
25578000,76.41
25581600,74.37
25585200,71.01
25588800,66.55
25592400,61.31
25596000,55.64
25599600,49.93
25603200,44.56
25606800,39.91
25610400,36.28
25614000,33.93
25617600,33.01
25621200,33.59
25624800,35.63
25628400,38.99
25632000,43.45
25635600,48.69
25639200,54.36
25642800,60.07
25646400,65.44
25650000,70.09
25653600,73.72
25657200,76.07
25660800,76.99
25664400,76.41
25668000,74.37
25671600,71.01
25675200,66.55
25678800,61.31
25682400,55.64
25686000,49.93
25689600,44.56
25693200,39.91
25696800,36.28
25700400,33.93
25704000,33.01
25707600,33.59
25711200,35.63
25714800,38.99
25718400,43.45
25722000,48.69
25725600,54.36
25729200,60.07
25732800,65.44
25736400,70.09
25740000,73.72
25743600,76.07
25747200,76.99
25750800,76.41
25754400,74.37
25758000,71.01
25761600,66.55
25765200,61.31
25768800,55.64
25772400,49.93
25776000,44.56
25779600,39.91
25783200,36.28
25786800,33.93
25790400,33.01
25794000,33.59
25797600,35.63
25801200,38.99
25804800,43.45
25808400,48.69
25812000,54.36
25815600,60.07
25819200,65.44
25822800,70.09
25826400,73.72
25830000,76.07
25833600,76.99
25837200,76.41
25840800,74.37
25844400,71.01
25848000,66.55
25851600,61.31
25855200,55.64
25858800,49.93
25862400,44.56
25866000,39.91
25869600,36.28
25873200,33.93
25876800,33.01
25880400,33.59
25884000,35.63
25887600,38.99
25891200,43.45
25894800,48.69
25898400,54.36
25902000,60.07
25905600,65.44
25909200,70.09
25912800,73.72
25916400,76.07
25920000,76.99
25923600,76.41
25927200,74.37
25930800,71.01
25934400,66.55
25938000,61.31
25941600,55.64
25945200,49.93
25948800,44.56
25952400,39.91
25956000,36.28
25959600,33.93
25963200,33.01
25966800,33.59
25970400,35.63
25974000,38.99
25977600,43.45
25981200,48.69
25984800,54.36
25988400,60.07
25992000,65.44
25995600,70.09
25999200,73.72
26002800,76.07
26006400,76.99
26010000,76.41
26013600,74.37
26017200,71.01
26020800,66.55
26024400,61.31
26028000,55.64
26031600,49.93
26035200,44.56
26038800,39.91
26042400,36.28
26046000,33.93
26049600,33.01
26053200,33.59
26056800,35.63
26060400,38.99
26064000,43.45
26067600,48.69
26071200,54.36
26074800,60.07
26078400,65.44
26082000,70.09
26085600,73.72
26089200,76.07
26092800,76.99
26096400,76.41
26100000,74.37
26103600,71.01
26107200,66.55
26110800,61.31
26114400,55.64
26118000,49.93
26121600,44.56
26125200,39.91
26128800,36.28
26132400,33.93
26136000,33.01
26139600,33.59
26143200,35.63
26146800,38.99
26150400,43.45
26154000,48.69
26157600,54.36
26161200,60.07
26164800,65.44
26168400,70.09
26172000,73.72
26175600,76.07
26179200,76.99
26182800,76.41
26186400,74.37
26190000,71.01
26193600,66.55
26197200,61.31
26200800,55.64
26204400,49.93
26208000,44.56
26211600,39.91
26215200,36.28
26218800,33.93
26222400,33.01
26226000,33.59
26229600,35.63
26233200,38.99
26236800,43.45
26240400,48.69
26244000,54.36
26247600,60.07
26251200,65.44
26254800,70.09
26258400,73.72
26262000,76.07
26265600,76.99
26269200,76.41
26272800,74.37
26276400,71.01
26280000,66.55
26283600,61.31
26287200,55.64
26290800,49.93
26294400,44.56
26298000,39.91
26301600,36.28
26305200,33.93
26308800,33.01
26312400,33.59
26316000,35.63
26319600,38.99
26323200,43.45
26326800,48.69
26330400,54.36
26334000,60.07
26337600,65.44
26341200,70.09
26344800,73.72
26348400,76.07
26352000,76.99
26355600,76.41
26359200,74.37
26362800,71.01
26366400,66.55
26370000,61.31
26373600,55.64
26377200,49.93
26380800,44.56
26384400,39.91
26388000,36.28
26391600,33.93
26395200,33.01
26398800,33.59
26402400,35.63
26406000,38.99
26409600,43.45
26413200,48.69
26416800,54.36
26420400,60.07
26424000,65.44
26427600,70.09
26431200,73.72
26434800,76.07
26438400,76.99
26442000,76.41
26445600,74.37
26449200,71.01
26452800,66.55
26456400,61.31
26460000,55.64
26463600,49.93
26467200,44.56
26470800,39.91
26474400,36.28
26478000,33.93
26481600,33.01
26485200,33.59
26488800,35.63
26492400,38.99
26496000,43.45
26499600,48.69
26503200,54.36
26506800,60.07
26510400,65.44
26514000,70.09
26517600,73.72
26521200,76.07
26524800,76.99
26528400,76.41
26532000,74.37
26535600,71.01
26539200,66.55
26542800,61.31
26546400,55.64
26550000,49.93
26553600,44.56
26557200,39.91
26560800,36.28
26564400,33.93
26568000,33.01
26571600,33.59
26575200,35.63
26578800,38.99
26582400,43.45
26586000,48.69
26589600,54.36
26593200,60.07
26596800,65.44
26600400,70.09
26604000,73.72
26607600,76.07
26611200,76.99
26614800,76.41
26618400,74.37
26622000,71.01
26625600,66.55
26629200,61.31
26632800,55.64
26636400,49.93
26640000,44.56
26643600,39.91
26647200,36.28
26650800,33.93
26654400,33.01
26658000,33.59
26661600,35.63
26665200,38.99
26668800,43.45
26672400,48.69
26676000,54.36
26679600,60.07
26683200,65.44
26686800,70.09
26690400,73.72
26694000,76.07
26697600,76.99
26701200,76.41
26704800,74.37
26708400,71.01
26712000,66.55
26715600,61.31
26719200,55.64
26722800,49.93
26726400,44.56
26730000,39.91
26733600,36.28
26737200,33.93
26740800,33.01
26744400,33.59
26748000,35.63
26751600,38.99
26755200,43.45
26758800,48.69
26762400,54.36
26766000,60.07
26769600,65.44
26773200,70.09
26776800,73.72
26780400,76.07
26784000,76.99
26787600,76.41
26791200,74.37
26794800,71.01
26798400,66.55
26802000,61.31
26805600,55.64
26809200,49.93
26812800,44.56
26816400,39.91
26820000,36.28
26823600,33.93
26827200,33.01
26830800,33.59
26834400,35.63
26838000,38.99
26841600,43.45
26845200,48.69
26848800,54.36
26852400,60.07
26856000,65.44
26859600,70.09
26863200,73.72
26866800,76.07
26870400,76.99
26874000,76.41
26877600,74.37
26881200,71.01
26884800,66.55
26888400,61.31
26892000,55.64
26895600,49.93
26899200,44.56
26902800,39.91
26906400,36.28
26910000,33.93
26913600,33.01
26917200,33.59
26920800,35.63
26924400,38.99
26928000,43.45
26931600,48.69
26935200,54.36
26938800,60.07
26942400,65.44
26946000,70.09
26949600,73.72
26953200,76.07
26956800,76.99
26960400,76.41
26964000,74.37
26967600,71.01
26971200,66.55
26974800,61.31
26978400,55.64
26982000,49.93
26985600,44.56
26989200,39.91
26992800,36.28
26996400,33.93
27000000,33.01
27003600,33.59
27007200,35.63
27010800,38.99
27014400,43.45
27018000,48.69
27021600,54.36
27025200,60.07
27028800,65.44
27032400,70.09
27036000,73.72
27039600,76.07
27043200,76.99
27046800,76.41
27050400,74.37
27054000,71.01
27057600,66.55
27061200,61.31
27064800,55.64
27068400,49.93
27072000,44.56
27075600,39.91
27079200,36.28
27082800,33.93
27086400,33.01
27090000,33.59
27093600,35.63
27097200,38.99
27100800,43.45
27104400,48.69
27108000,54.36
27111600,60.07
27115200,65.44
27118800,70.09
27122400,73.72
27126000,76.07
27129600,76.99
27133200,76.41
27136800,74.37
27140400,71.01
27144000,66.55
27147600,61.31
27151200,55.64
27154800,49.93
27158400,44.56
27162000,39.91
27165600,36.28
27169200,33.93
27172800,33.01
27176400,33.59
27180000,35.63
27183600,38.99
27187200,43.45
27190800,48.69
27194400,54.36
27198000,60.07
27201600,65.44
27205200,70.09
27208800,73.72
27212400,76.07
27216000,76.99
27219600,76.41
27223200,74.37
27226800,71.01
27230400,66.55
27234000,61.31
27237600,55.64
27241200,49.93
27244800,44.56
27248400,39.91
27252000,36.28
27255600,33.93
27259200,33.01
27262800,33.59
27266400,35.63
27270000,38.99
27273600,43.45
27277200,48.69
27280800,54.36
27284400,60.07
27288000,65.44
27291600,70.09
27295200,73.72
27298800,76.07
27302400,76.99
27306000,76.41
27309600,74.37
27313200,71.01
27316800,66.55
27320400,61.31
27324000,55.64
27327600,49.93
27331200,44.56
27334800,39.91
27338400,36.28
27342000,33.93
27345600,33.01
27349200,33.59
27352800,35.63
27356400,38.99
27360000,43.45
27363600,48.69
27367200,54.36
27370800,60.07
27374400,65.44
27378000,70.09
27381600,73.72
27385200,76.07
27388800,76.99
27392400,76.41
27396000,74.37
27399600,71.01
27403200,66.55
27406800,61.31
27410400,55.64
27414000,49.93
27417600,44.56
27421200,39.91
27424800,36.28
27428400,33.93
27432000,33.01
27435600,33.59
27439200,35.63
27442800,38.99
27446400,43.45
27450000,48.69
27453600,54.36
27457200,60.07
27460800,65.44
27464400,70.09
27468000,73.72
27471600,76.07
27475200,76.99
27478800,76.41
27482400,74.37
27486000,71.01
27489600,66.55
27493200,61.31
27496800,55.64
27500400,49.93
27504000,44.56
27507600,39.91
27511200,36.28
27514800,33.93
27518400,33.01
27522000,33.59
27525600,35.63
27529200,38.99
27532800,43.45
27536400,48.69
27540000,54.36
27543600,60.07
27547200,65.44
27550800,70.09
27554400,73.72
27558000,76.07
27561600,76.99
27565200,76.41
27568800,74.37
27572400,71.01
27576000,66.55
27579600,61.31
27583200,55.64
27586800,49.93
27590400,44.56
27594000,39.91
27597600,36.28
27601200,33.93
27604800,33.01
27608400,33.59
27612000,35.63
27615600,38.99
27619200,43.45
27622800,48.69
27626400,54.36
27630000,60.07
27633600,65.44
27637200,70.09
27640800,73.72
27644400,76.07
27648000,76.99
27651600,76.41
27655200,74.37
27658800,71.01
27662400,66.55
27666000,61.31
27669600,55.64
27673200,49.93
27676800,44.56
27680400,39.91
27684000,36.28
27687600,33.93
27691200,33.01
27694800,33.59
27698400,35.63
27702000,38.99
27705600,43.45
27709200,48.69
27712800,54.36
27716400,60.07
27720000,65.44
27723600,70.09
27727200,73.72
27730800,76.07
27734400,76.99
27738000,76.41
27741600,74.37
27745200,71.01
27748800,66.55
27752400,61.31
27756000,55.64
27759600,49.93
27763200,44.56
27766800,39.91
27770400,36.28
27774000,33.93
27777600,33.01
27781200,33.59
27784800,35.63
27788400,38.99
27792000,43.45
27795600,48.69
27799200,54.36
27802800,60.07
27806400,65.44
27810000,70.09
27813600,73.72
27817200,76.07
27820800,76.99
27824400,76.41
27828000,74.37
27831600,71.01
27835200,66.55
27838800,61.31
27842400,55.64
27846000,49.93
27849600,44.56
27853200,39.91
27856800,36.28
27860400,33.93
27864000,33.01
27867600,33.59
27871200,35.63
27874800,38.99
27878400,43.45
27882000,48.69
27885600,54.36
27889200,60.07
27892800,65.44
27896400,70.09
27900000,73.72
27903600,76.07
27907200,76.99
27910800,76.41
27914400,74.37
27918000,71.01
27921600,66.55
27925200,61.31
27928800,55.64
27932400,49.93
27936000,44.56
27939600,39.91
27943200,36.28
27946800,33.93
27950400,33.01
27954000,33.59
27957600,35.63
27961200,38.99
27964800,43.45
27968400,48.69
27972000,54.36
27975600,60.07
27979200,65.44
27982800,70.09
27986400,73.72
27990000,76.07
27993600,76.99
27997200,76.41
28000800,74.37
28004400,71.01
28008000,66.55
28011600,61.31
28015200,55.64
28018800,49.93
28022400,44.56
28026000,39.91
28029600,36.28
28033200,33.93
28036800,33.01
28040400,33.59
28044000,35.63
28047600,38.99
28051200,43.45
28054800,48.69
28058400,54.36
28062000,60.07
28065600,65.44
28069200,70.09
28072800,73.72
28076400,76.07
28080000,76.99
28083600,76.41
28087200,74.37
28090800,71.01
28094400,66.55
28098000,61.31
28101600,55.64
28105200,49.93
28108800,44.56
28112400,39.91
28116000,36.28
28119600,33.93
28123200,33.01
28126800,33.59
28130400,35.63
28134000,38.99
28137600,43.45
28141200,48.69
28144800,54.36
28148400,60.07
28152000,65.44
28155600,70.09
28159200,73.72
28162800,76.07
28166400,76.99
28170000,76.41
28173600,74.37
28177200,71.01
28180800,66.55
28184400,61.31
28188000,55.64
28191600,49.93
28195200,44.56
28198800,39.91
28202400,36.28
28206000,33.93
28209600,33.01
28213200,33.59
28216800,35.63
28220400,38.99
28224000,43.45
28227600,48.69
28231200,54.36
28234800,60.07
28238400,65.44
28242000,70.09
28245600,73.72
28249200,76.07
28252800,76.99
28256400,76.41
28260000,74.37
28263600,71.01
28267200,66.55
28270800,61.31
28274400,55.64
28278000,49.93
28281600,44.56
28285200,39.91
28288800,36.28
28292400,33.93
28296000,33.01
28299600,33.59
28303200,35.63
28306800,38.99
28310400,43.45
28314000,48.69
28317600,54.36
28321200,60.07
28324800,65.44
28328400,70.09
28332000,73.72
28335600,76.07
28339200,76.99
28342800,76.41
28346400,74.37
28350000,71.01
28353600,66.55
28357200,61.31
28360800,55.64
28364400,49.93
28368000,44.56
28371600,39.91
28375200,36.28
28378800,33.93
28382400,33.01
28386000,33.59
28389600,35.63
28393200,38.99
28396800,43.45
28400400,48.69
28404000,54.36
28407600,60.07
28411200,65.44
28414800,70.09
28418400,73.72
28422000,76.07
28425600,76.99
28429200,76.41
28432800,74.37
28436400,71.01
28440000,66.55
28443600,61.31
28447200,55.64
28450800,49.93
28454400,44.56
28458000,39.91
28461600,36.28
28465200,33.93
28468800,33.01
28472400,33.59
28476000,35.63
28479600,38.99
28483200,43.45
28486800,48.69
28490400,54.36
28494000,60.07
28497600,65.44
28501200,70.09
28504800,73.72
28508400,76.07
28512000,76.99
28515600,76.41
28519200,74.37
28522800,71.01
28526400,66.55
28530000,61.31
28533600,55.64
28537200,49.93
28540800,44.56
28544400,39.91
28548000,36.28
28551600,33.93
28555200,33.01
28558800,33.59
28562400,35.63
28566000,38.99
28569600,43.45
28573200,48.69
28576800,54.36
28580400,60.07
28584000,65.44
28587600,70.09
28591200,73.72
28594800,76.07
28598400,76.99
28602000,76.41
28605600,74.37
28609200,71.01
28612800,66.55
28616400,61.31
28620000,55.64
28623600,49.93
28627200,44.56
28630800,39.91
28634400,36.28
28638000,33.93
28641600,33.01
28645200,33.59
28648800,35.63
28652400,38.99
28656000,43.45
28659600,48.69
28663200,54.36
28666800,60.07
28670400,65.44
28674000,70.09
28677600,73.72
28681200,76.07
28684800,76.99
28688400,76.41
28692000,74.37
28695600,71.01
28699200,66.55
28702800,61.31
28706400,55.64
28710000,49.93
28713600,44.56
28717200,39.91
28720800,36.28
28724400,33.93
28728000,33.01
28731600,33.59
28735200,35.63
28738800,38.99
28742400,43.45
28746000,48.69
28749600,54.36
28753200,60.07
28756800,65.44
28760400,70.09
28764000,73.72
28767600,76.07
28771200,76.99
28774800,76.41
28778400,74.37
28782000,71.01
28785600,66.55
28789200,61.31
28792800,55.64
28796400,49.93
28800000,44.56
28803600,39.91
28807200,36.28
28810800,33.93
28814400,33.01
28818000,33.59
28821600,35.63
28825200,38.99
28828800,43.45
28832400,48.69
28836000,54.36
28839600,60.07
28843200,65.44
28846800,70.09
28850400,73.72
28854000,76.07
28857600,76.99
28861200,76.41
28864800,74.37
28868400,71.01
28872000,66.55
28875600,61.31
28879200,55.64
28882800,49.93
28886400,44.56
28890000,39.91
28893600,36.28
28897200,33.93
28900800,33.01
28904400,33.59
28908000,35.63
28911600,38.99
28915200,43.45
28918800,48.69
28922400,54.36
28926000,60.07
28929600,65.44
28933200,70.09
28936800,73.72
28940400,76.07
28944000,76.99
28947600,76.41
28951200,74.37
28954800,71.01
28958400,66.55
28962000,61.31
28965600,55.64
28969200,49.93
28972800,44.56
28976400,39.91
28980000,36.28
28983600,33.93
28987200,33.01
28990800,33.59
28994400,35.63
28998000,38.99
29001600,43.45
29005200,48.69
29008800,54.36
29012400,60.07
29016000,65.44
29019600,70.09
29023200,73.72
29026800,76.07
29030400,76.99
29034000,76.41
29037600,74.37
29041200,71.01
29044800,66.55
29048400,61.31
29052000,55.64
29055600,49.93
29059200,44.56
29062800,39.91
29066400,36.28
29070000,33.93
29073600,33.01
29077200,33.59
29080800,35.63
29084400,38.99
29088000,43.45
29091600,48.69
29095200,54.36
29098800,60.07
29102400,65.44
29106000,70.09
29109600,73.72
29113200,76.07
29116800,76.99
29120400,76.41
29124000,74.37
29127600,71.01
29131200,66.55
29134800,61.31
29138400,55.64
29142000,49.93
29145600,44.56
29149200,39.91
29152800,36.28
29156400,33.93
29160000,33.01
29163600,33.59
29167200,35.63
29170800,38.99
29174400,43.45
29178000,48.69
29181600,54.36
29185200,60.07
29188800,65.44
29192400,70.09
29196000,73.72
29199600,76.07
29203200,76.99
29206800,76.41
29210400,74.37
29214000,71.01
29217600,66.55
29221200,61.31
29224800,55.64
29228400,49.93
29232000,44.56
29235600,39.91
29239200,36.28
29242800,33.93
29246400,33.01
29250000,33.59
29253600,35.63
29257200,38.99
29260800,43.45
29264400,48.69
29268000,54.36
29271600,60.07
29275200,65.44
29278800,70.09
29282400,73.72
29286000,76.07
29289600,76.99
29293200,76.41
29296800,74.37
29300400,71.01
29304000,66.55
29307600,61.31
29311200,55.64
29314800,49.93
29318400,44.56
29322000,39.91
29325600,36.28
29329200,33.93
29332800,33.01
29336400,33.59
29340000,35.63
29343600,38.99
29347200,43.45
29350800,48.69
29354400,54.36
29358000,60.07
29361600,65.44
29365200,70.09
29368800,73.72
29372400,76.07
29376000,76.99
29379600,76.41
29383200,74.37
29386800,71.01
29390400,66.55
29394000,61.31
29397600,55.64
29401200,49.93
29404800,44.56
29408400,39.91
29412000,36.28
29415600,33.93
29419200,33.01
29422800,33.59
29426400,35.63
29430000,38.99
29433600,43.45
29437200,48.69
29440800,54.36
29444400,60.07
29448000,65.44
29451600,70.09
29455200,73.72
29458800,76.07
29462400,76.99
29466000,76.41
29469600,74.37
29473200,71.01
29476800,66.55
29480400,61.31
29484000,55.64
29487600,49.93
29491200,44.56
29494800,39.91
29498400,36.28
29502000,33.93
29505600,33.01
29509200,33.59
29512800,35.63
29516400,38.99
29520000,43.45
29523600,48.69
29527200,54.36
29530800,60.07
29534400,65.44
29538000,70.09
29541600,73.72
29545200,76.07
29548800,76.99
29552400,76.41
29556000,74.37
29559600,71.01
29563200,66.55
29566800,61.31
29570400,55.64
29574000,49.93
29577600,44.56
29581200,39.91
29584800,36.28
29588400,33.93
29592000,33.01
29595600,33.59
29599200,35.63
29602800,38.99
29606400,43.45
29610000,48.69
29613600,54.36
29617200,60.07
29620800,65.44
29624400,70.09
29628000,73.72
29631600,76.07
29635200,76.99
29638800,76.41
29642400,74.37
29646000,71.01
29649600,66.55
29653200,61.31
29656800,55.64
29660400,49.93
29664000,44.56
29667600,39.91
29671200,36.28
29674800,33.93
29678400,33.01
29682000,33.59
29685600,35.63
29689200,38.99
29692800,43.45
29696400,48.69
29700000,54.36
29703600,60.07
29707200,65.44
29710800,70.09
29714400,73.72
29718000,76.07
29721600,76.99
29725200,76.41
29728800,74.37
29732400,71.01
29736000,66.55
29739600,61.31
29743200,55.64
29746800,49.93
29750400,44.56
29754000,39.91
29757600,36.28
29761200,33.93
29764800,33.01
29768400,33.59
29772000,35.63
29775600,38.99
29779200,43.45
29782800,48.69
29786400,54.36
29790000,60.07
29793600,65.44
29797200,70.09
29800800,73.72
29804400,76.07
29808000,76.99
29811600,76.41
29815200,74.37
29818800,71.01
29822400,66.55
29826000,61.31
29829600,55.64
29833200,49.93
29836800,44.56
29840400,39.91
29844000,36.28
29847600,33.93
29851200,33.01
29854800,33.59
29858400,35.63
29862000,38.99
29865600,43.45
29869200,48.69
29872800,54.36
29876400,60.07
29880000,65.44
29883600,70.09
29887200,73.72
29890800,76.07
29894400,76.99
29898000,76.41
29901600,74.37
29905200,71.01
29908800,66.55
29912400,61.31
29916000,55.64
29919600,49.93
29923200,44.56
29926800,39.91
29930400,36.28
29934000,33.93
29937600,33.01
29941200,33.59
29944800,35.63
29948400,38.99
29952000,43.45
29955600,48.69
29959200,54.36
29962800,60.07
29966400,65.44
29970000,70.09
29973600,73.72
29977200,76.07
29980800,76.99
29984400,76.41
29988000,74.37
29991600,71.01
29995200,66.55
29998800,61.31
30002400,55.64
30006000,49.93
30009600,44.56
30013200,39.91
30016800,36.28
30020400,33.93
30024000,33.01
30027600,33.59
30031200,35.63
30034800,38.99
30038400,43.45
30042000,48.69
30045600,54.36
30049200,60.07
30052800,65.44
30056400,70.09
30060000,73.72
30063600,76.07
30067200,76.99
30070800,76.41
30074400,74.37
30078000,71.01
30081600,66.55
30085200,61.31
30088800,55.64
30092400,49.93
30096000,44.56
30099600,39.91
30103200,36.28
30106800,33.93
30110400,33.01
30114000,33.59
30117600,35.63
30121200,38.99
30124800,43.45
30128400,48.69
30132000,54.36
30135600,60.07
30139200,65.44
30142800,70.09
30146400,73.72
30150000,76.07
30153600,76.99
30157200,76.41
30160800,74.37
30164400,71.01
30168000,66.55
30171600,61.31
30175200,55.64
30178800,49.93
30182400,44.56
30186000,39.91
30189600,36.28
30193200,33.93
30196800,33.01
30200400,33.59
30204000,35.63
30207600,38.99
30211200,43.45
30214800,48.69
30218400,54.36
30222000,60.07
30225600,65.44
30229200,70.09
30232800,73.72
30236400,76.07
30240000,76.99
30243600,76.41
30247200,74.37
30250800,71.01
30254400,66.55
30258000,61.31
30261600,55.64
30265200,49.93
30268800,44.56
30272400,39.91
30276000,36.28
30279600,33.93
30283200,33.01
30286800,33.59
30290400,35.63
30294000,38.99
30297600,43.45
30301200,48.69
30304800,54.36
30308400,60.07
30312000,65.44
30315600,70.09
30319200,73.72
30322800,76.07
30326400,76.99
30330000,76.41
30333600,74.37
30337200,71.01
30340800,66.55
30344400,61.31
30348000,55.64
30351600,49.93
30355200,44.56
30358800,39.91
30362400,36.28
30366000,33.93
30369600,33.01
30373200,33.59
30376800,35.63
30380400,38.99
30384000,43.45
30387600,48.69
30391200,54.36
30394800,60.07
30398400,65.44
30402000,70.09
30405600,73.72
30409200,76.07
30412800,76.99
30416400,76.41
30420000,74.37
30423600,71.01
30427200,66.55
30430800,61.31
30434400,55.64
30438000,49.93
30441600,44.56
30445200,39.91
30448800,36.28
30452400,33.93
30456000,33.01
30459600,33.59
30463200,35.63
30466800,38.99
30470400,43.45
30474000,48.69
30477600,54.36
30481200,60.07
30484800,65.44
30488400,70.09
30492000,73.72
30495600,76.07
30499200,76.99
30502800,76.41
30506400,74.37
30510000,71.01
30513600,66.55
30517200,61.31
30520800,55.64
30524400,49.93
30528000,44.56
30531600,39.91
30535200,36.28
30538800,33.93
30542400,33.01
30546000,33.59
30549600,35.63
30553200,38.99
30556800,43.45
30560400,48.69
30564000,54.36
30567600,60.07
30571200,65.44
30574800,70.09
30578400,73.72
30582000,76.07
30585600,76.99
30589200,76.41
30592800,74.37
30596400,71.01
30600000,66.55
30603600,61.31
30607200,55.64
30610800,49.93
30614400,44.56
30618000,39.91
30621600,36.28
30625200,33.93
30628800,33.01
30632400,33.59
30636000,35.63
30639600,38.99
30643200,43.45
30646800,48.69
30650400,54.36
30654000,60.07
30657600,65.44
30661200,70.09
30664800,73.72
30668400,76.07
30672000,76.99
30675600,76.41
30679200,74.37
30682800,71.01
30686400,66.55
30690000,61.31
30693600,55.64
30697200,49.93
30700800,44.56
30704400,39.91
30708000,36.28
30711600,33.93
30715200,33.01
30718800,33.59
30722400,35.63
30726000,38.99
30729600,43.45
30733200,48.69
30736800,54.36
30740400,60.07
30744000,65.44
30747600,70.09
30751200,73.72
30754800,76.07
30758400,76.99
30762000,76.41
30765600,74.37
30769200,71.01
30772800,66.55
30776400,61.31
30780000,55.64
30783600,49.93
30787200,44.56
30790800,39.91
30794400,36.28
30798000,33.93
30801600,33.01
30805200,33.59
30808800,35.63
30812400,38.99
30816000,43.45
30819600,48.69
30823200,54.36
30826800,60.07
30830400,65.44
30834000,70.09
30837600,73.72
30841200,76.07
30844800,76.99
30848400,76.41
30852000,74.37
30855600,71.01
30859200,66.55
30862800,61.31
30866400,55.64
30870000,49.93
30873600,44.56
30877200,39.91
30880800,36.28
30884400,33.93
30888000,33.01
30891600,33.59
30895200,35.63
30898800,38.99
30902400,43.45
30906000,48.69
30909600,54.36
30913200,60.07
30916800,65.44
30920400,70.09
30924000,73.72
30927600,76.07
30931200,76.99
30934800,76.41
30938400,74.37
30942000,71.01
30945600,66.55
30949200,61.31
30952800,55.64
30956400,49.93
30960000,44.56
30963600,39.91
30967200,36.28
30970800,33.93
30974400,33.01
30978000,33.59
30981600,35.63
30985200,38.99
30988800,43.45
30992400,48.69
30996000,54.36
30999600,60.07
31003200,65.44
31006800,70.09
31010400,73.72
31014000,76.07
31017600,76.99
31021200,76.41
31024800,74.37
31028400,71.01
31032000,66.55
31035600,61.31
31039200,55.64
31042800,49.93
31046400,44.56
31050000,39.91
31053600,36.28
31057200,33.93
31060800,33.01
31064400,33.59
31068000,35.63
31071600,38.99
31075200,43.45
31078800,48.69
31082400,54.36
31086000,60.07
31089600,65.44
31093200,70.09
31096800,73.72
31100400,76.07
31104000,76.99
31107600,76.41
31111200,74.37
31114800,71.01
31118400,66.55
31122000,61.31
31125600,55.64
31129200,49.93
31132800,44.56
31136400,39.91
31140000,36.28
31143600,33.93
31147200,33.01
31150800,33.59
31154400,35.63
31158000,38.99
31161600,43.45
31165200,48.69
31168800,54.36
31172400,60.07
31176000,65.44
31179600,70.09
31183200,73.72
31186800,76.07
31190400,76.99
31194000,76.41
31197600,74.37
31201200,71.01
31204800,66.55
31208400,61.31
31212000,55.64
31215600,49.93
31219200,44.56
31222800,39.91
31226400,36.28
31230000,33.93
31233600,33.01
31237200,33.59
31240800,35.63
31244400,38.99
31248000,43.45
31251600,48.69
31255200,54.36
31258800,60.07
31262400,65.44
31266000,70.09
31269600,73.72
31273200,76.07
31276800,76.99
31280400,76.41
31284000,74.37
31287600,71.01
31291200,66.55
31294800,61.31
31298400,55.64
31302000,49.93
31305600,44.56
31309200,39.91
31312800,36.28
31316400,33.93
31320000,33.01
31323600,33.59
31327200,35.63
31330800,38.99
31334400,43.45
31338000,48.69
31341600,54.36
31345200,60.07
31348800,65.44
31352400,70.09
31356000,73.72
31359600,76.07
31363200,76.99
31366800,76.41
31370400,74.37
31374000,71.01
31377600,66.55
31381200,61.31
31384800,55.64
31388400,49.93
31392000,44.56
31395600,39.91
31399200,36.28
31402800,33.93
31406400,33.01
31410000,33.59
31413600,35.63
31417200,38.99
31420800,43.45
31424400,48.69
31428000,54.36
31431600,60.07
31435200,65.44
31438800,70.09
31442400,73.72
31446000,76.07
31449600,76.99
31453200,76.41
31456800,74.37
31460400,71.01
31464000,66.55
31467600,61.31
31471200,55.64
31474800,49.93
31478400,44.56
31482000,39.91
31485600,36.28
31489200,33.93
31492800,33.01
31496400,33.59
31500000,35.63
31503600,38.99
31507200,43.45
31510800,48.69
31514400,54.36
31518000,60.07
31521600,65.44
31525200,70.09
31528800,73.72
31532400,76.07
31536000,76.99
