t_seconds,gco2_per_kwh
0,100.58
3600,98.69
7200,94.99
10800,89.71
14400,83.23
18000,75.98
21600,68.47
25200,61.19
28800,54.65
32400,49.29
36000,45.48
39600,43.48
43200,43.42
46800,45.31
50400,49.01
54000,54.29
57600,60.77
61200,68.02
64800,75.53
68400,82.81
72000,89.35
75600,94.71
79200,98.52
82800,100.52
86400,100.58
90000,98.69
93600,94.99
97200,89.71
100800,83.23
104400,75.98
108000,68.47
111600,61.19
115200,54.65
118800,49.29
122400,45.48
126000,43.48
129600,43.42
133200,45.31
136800,49.01
140400,54.29
144000,60.77
147600,68.02
151200,75.53
154800,82.81
158400,89.35
162000,94.71
165600,98.52
169200,100.52
172800,100.58
176400,98.69
180000,94.99
183600,89.71
187200,83.23
190800,75.98
194400,68.47
198000,61.19
201600,54.65
205200,49.29
208800,45.48
212400,43.48
216000,43.42
219600,45.31
223200,49.01
226800,54.29
230400,60.77
234000,68.02
237600,75.53
241200,82.81
244800,89.35
248400,94.71
252000,98.52
255600,100.52
259200,100.58
262800,98.69
266400,94.99
270000,89.71
273600,83.23
277200,75.98
280800,68.47
284400,61.19
288000,54.65
291600,49.29
295200,45.48
298800,43.48
302400,43.42
306000,45.31
309600,49.01
313200,54.29
316800,60.77
320400,68.02
324000,75.53
327600,82.81
331200,89.35
334800,94.71
338400,98.52
342000,100.52
345600,100.58
349200,98.69
352800,94.99
356400,89.71
360000,83.23
363600,75.98
367200,68.47
370800,61.19
374400,54.65
378000,49.29
381600,45.48
385200,43.48
388800,43.42
392400,45.31
396000,49.01
399600,54.29
403200,60.77
406800,68.02
410400,75.53
414000,82.81
417600,89.35
421200,94.71
424800,98.52
428400,100.52
432000,100.58
435600,98.69
439200,94.99
442800,89.71
446400,83.23
450000,75.98
453600,68.47
457200,61.19
460800,54.65
464400,49.29
468000,45.48
471600,43.48
475200,43.42
478800,45.31
482400,49.01
486000,54.29
489600,60.77
493200,68.02
496800,75.53
500400,82.81
504000,89.35
507600,94.71
511200,98.52
514800,100.52
518400,100.58
522000,98.69
525600,94.99
529200,89.71
532800,83.23
536400,75.98
540000,68.47
543600,61.19
547200,54.65
550800,49.29
554400,45.48
558000,43.48
561600,43.42
565200,45.31
568800,49.01
572400,54.29
576000,60.77
579600,68.02
583200,75.53
586800,82.81
590400,89.35
594000,94.71
597600,98.52
601200,100.52
604800,100.58
608400,98.69
612000,94.99
615600,89.71
619200,83.23
622800,75.98
626400,68.47
630000,61.19
633600,54.65
637200,49.29
640800,45.48
644400,43.48
648000,43.42
651600,45.31
655200,49.01
658800,54.29
662400,60.77
666000,68.02
669600,75.53
673200,82.81
676800,89.35
680400,94.71
684000,98.52
687600,100.52
691200,100.58
694800,98.69
698400,94.99
702000,89.71
705600,83.23
709200,75.98
712800,68.47
716400,61.19
720000,54.65
723600,49.29
727200,45.48
730800,43.48
734400,43.42
738000,45.31
741600,49.01
745200,54.29
748800,60.77
752400,68.02
756000,75.53
759600,82.81
763200,89.35
766800,94.71
770400,98.52
774000,100.52
777600,100.58
781200,98.69
784800,94.99
788400,89.71
792000,83.23
795600,75.98
799200,68.47
802800,61.19
806400,54.65
810000,49.29
813600,45.48
817200,43.48
820800,43.42
824400,45.31
828000,49.01
831600,54.29
835200,60.77
838800,68.02
842400,75.53
846000,82.81
849600,89.35
853200,94.71
856800,98.52
860400,100.52
864000,100.58
867600,98.69
871200,94.99
874800,89.71
878400,83.23
882000,75.98
885600,68.47
889200,61.19
892800,54.65
896400,49.29
900000,45.48
903600,43.48
907200,43.42
910800,45.31
914400,49.01
918000,54.29
921600,60.77
925200,68.02
928800,75.53
932400,82.81
936000,89.35
939600,94.71
943200,98.52
946800,100.52
950400,100.58
954000,98.69
957600,94.99
961200,89.71
964800,83.23
968400,75.98
972000,68.47
975600,61.19
979200,54.65
982800,49.29
986400,45.48
990000,43.48
993600,43.42
997200,45.31
1000800,49.01
1004400,54.29
1008000,60.77
1011600,68.02
1015200,75.53
1018800,82.81
1022400,89.35
1026000,94.71
1029600,98.52
1033200,100.52
1036800,100.58
1040400,98.69
1044000,94.99
1047600,89.71
1051200,83.23
1054800,75.98
1058400,68.47
1062000,61.19
1065600,54.65
1069200,49.29
1072800,45.48
1076400,43.48
1080000,43.42
1083600,45.31
1087200,49.01
1090800,54.29
1094400,60.77
1098000,68.02
1101600,75.53
1105200,82.81
1108800,89.35
1112400,94.71
1116000,98.52
1119600,100.52
1123200,100.58
1126800,98.69
1130400,94.99
1134000,89.71
1137600,83.23
1141200,75.98
1144800,68.47
1148400,61.19
1152000,54.65
1155600,49.29
1159200,45.48
1162800,43.48
1166400,43.42
1170000,45.31
1173600,49.01
1177200,54.29
1180800,60.77
1184400,68.02
1188000,75.53
1191600,82.81
1195200,89.35
1198800,94.71
1202400,98.52
1206000,100.52
1209600,100.58
1213200,98.69
1216800,94.99
1220400,89.71
1224000,83.23
1227600,75.98
1231200,68.47
1234800,61.19
1238400,54.65
1242000,49.29
1245600,45.48
1249200,43.48
1252800,43.42
1256400,45.31
1260000,49.01
1263600,54.29
1267200,60.77
1270800,68.02
1274400,75.53
1278000,82.81
1281600,89.35
1285200,94.71
1288800,98.52
1292400,100.52
1296000,100.58
1299600,98.69
1303200,94.99
1306800,89.71
1310400,83.23
1314000,75.98
1317600,68.47
1321200,61.19
1324800,54.65
1328400,49.29
1332000,45.48
1335600,43.48
1339200,43.42
1342800,45.31
1346400,49.01
1350000,54.29
1353600,60.77
1357200,68.02
1360800,75.53
1364400,82.81
1368000,89.35
1371600,94.71
1375200,98.52
1378800,100.52
1382400,100.58
1386000,98.69
1389600,94.99
1393200,89.71
1396800,83.23
1400400,75.98
1404000,68.47
1407600,61.19
1411200,54.65
1414800,49.29
1418400,45.48
1422000,43.48
1425600,43.42
1429200,45.31
1432800,49.01
1436400,54.29
1440000,60.77
1443600,68.02
1447200,75.53
1450800,82.81
1454400,89.35
1458000,94.71
1461600,98.52
1465200,100.52
1468800,100.58
1472400,98.69
1476000,94.99
1479600,89.71
1483200,83.23
1486800,75.98
1490400,68.47
1494000,61.19
1497600,54.65
1501200,49.29
1504800,45.48
1508400,43.48
1512000,43.42
1515600,45.31
1519200,49.01
1522800,54.29
1526400,60.77
1530000,68.02
1533600,75.53
1537200,82.81
1540800,89.35
1544400,94.71
1548000,98.52
1551600,100.52
1555200,100.58
1558800,98.69
1562400,94.99
1566000,89.71
1569600,83.23
1573200,75.98
1576800,68.47
1580400,61.19
1584000,54.65
1587600,49.29
1591200,45.48
1594800,43.48
1598400,43.42
1602000,45.31
1605600,49.01
1609200,54.29
1612800,60.77
1616400,68.02
1620000,75.53
1623600,82.81
1627200,89.35
1630800,94.71
1634400,98.52
1638000,100.52
1641600,100.58
1645200,98.69
1648800,94.99
1652400,89.71
1656000,83.23
1659600,75.98
1663200,68.47
1666800,61.19
1670400,54.65
1674000,49.29
1677600,45.48
1681200,43.48
1684800,43.42
1688400,45.31
1692000,49.01
1695600,54.29
1699200,60.77
1702800,68.02
1706400,75.53
1710000,82.81
1713600,89.35
1717200,94.71
1720800,98.52
1724400,100.52
1728000,100.58
1731600,98.69
1735200,94.99
1738800,89.71
1742400,83.23
1746000,75.98
1749600,68.47
1753200,61.19
1756800,54.65
1760400,49.29
1764000,45.48
1767600,43.48
1771200,43.42
1774800,45.31
1778400,49.01
1782000,54.29
1785600,60.77
1789200,68.02
1792800,75.53
1796400,82.81
1800000,89.35
1803600,94.71
1807200,98.52
1810800,100.52
1814400,100.58
1818000,98.69
1821600,94.99
1825200,89.71
1828800,83.23
1832400,75.98
1836000,68.47
1839600,61.19
1843200,54.65
1846800,49.29
1850400,45.48
1854000,43.48
1857600,43.42
1861200,45.31
1864800,49.01
1868400,54.29
1872000,60.77
1875600,68.02
1879200,75.53
1882800,82.81
1886400,89.35
1890000,94.71
1893600,98.52
1897200,100.52
1900800,100.58
1904400,98.69
1908000,94.99
1911600,89.71
1915200,83.23
1918800,75.98
1922400,68.47
1926000,61.19
1929600,54.65
1933200,49.29
1936800,45.48
1940400,43.48
1944000,43.42
1947600,45.31
1951200,49.01
1954800,54.29
1958400,60.77
1962000,68.02
1965600,75.53
1969200,82.81
1972800,89.35
1976400,94.71
1980000,98.52
1983600,100.52
1987200,100.58
1990800,98.69
1994400,94.99
1998000,89.71
2001600,83.23
2005200,75.98
2008800,68.47
2012400,61.19
2016000,54.65
2019600,49.29
2023200,45.48
2026800,43.48
2030400,43.42
2034000,45.31
2037600,49.01
2041200,54.29
2044800,60.77
2048400,68.02
2052000,75.53
2055600,82.81
2059200,89.35
2062800,94.71
2066400,98.52
2070000,100.52
2073600,100.58
2077200,98.69
2080800,94.99
2084400,89.71
2088000,83.23
2091600,75.98
2095200,68.47
2098800,61.19
2102400,54.65
2106000,49.29
2109600,45.48
2113200,43.48
2116800,43.42
2120400,45.31
2124000,49.01
2127600,54.29
2131200,60.77
2134800,68.02
2138400,75.53
2142000,82.81
2145600,89.35
2149200,94.71
2152800,98.52
2156400,100.52
2160000,100.58
2163600,98.69
2167200,94.99
2170800,89.71
2174400,83.23
2178000,75.98
2181600,68.47
2185200,61.19
2188800,54.65
2192400,49.29
2196000,45.48
2199600,43.48
2203200,43.42
2206800,45.31
2210400,49.01
2214000,54.29
2217600,60.77
2221200,68.02
2224800,75.53
2228400,82.81
2232000,89.35
2235600,94.71
2239200,98.52
2242800,100.52
2246400,100.58
2250000,98.69
2253600,94.99
2257200,89.71
2260800,83.23
2264400,75.98
2268000,68.47
2271600,61.19
2275200,54.65
2278800,49.29
2282400,45.48
2286000,43.48
2289600,43.42
2293200,45.31
2296800,49.01
2300400,54.29
2304000,60.77
2307600,68.02
2311200,75.53
2314800,82.81
2318400,89.35
2322000,94.71
2325600,98.52
2329200,100.52
2332800,100.58
2336400,98.69
2340000,94.99
2343600,89.71
2347200,83.23
2350800,75.98
2354400,68.47
2358000,61.19
2361600,54.65
2365200,49.29
2368800,45.48
2372400,43.48
2376000,43.42
2379600,45.31
2383200,49.01
2386800,54.29
2390400,60.77
2394000,68.02
2397600,75.53
2401200,82.81
2404800,89.35
2408400,94.71
2412000,98.52
2415600,100.52
2419200,100.58
2422800,98.69
2426400,94.99
2430000,89.71
2433600,83.23
2437200,75.98
2440800,68.47
2444400,61.19
2448000,54.65
2451600,49.29
2455200,45.48
2458800,43.48
2462400,43.42
2466000,45.31
2469600,49.01
2473200,54.29
2476800,60.77
2480400,68.02
2484000,75.53
2487600,82.81
2491200,89.35
2494800,94.71
2498400,98.52
2502000,100.52
2505600,100.58
2509200,98.69
2512800,94.99
2516400,89.71
2520000,83.23
2523600,75.98
2527200,68.47
2530800,61.19
2534400,54.65
2538000,49.29
2541600,45.48
2545200,43.48
2548800,43.42
2552400,45.31
2556000,49.01
2559600,54.29
2563200,60.77
2566800,68.02
2570400,75.53
2574000,82.81
2577600,89.35
2581200,94.71
2584800,98.52
2588400,100.52
2592000,100.58
2595600,98.69
2599200,94.99
2602800,89.71
2606400,83.23
2610000,75.98
2613600,68.47
2617200,61.19
2620800,54.65
2624400,49.29
2628000,45.48
2631600,43.48
2635200,43.42
2638800,45.31
2642400,49.01
2646000,54.29
2649600,60.77
2653200,68.02
2656800,75.53
2660400,82.81
2664000,89.35
2667600,94.71
2671200,98.52
2674800,100.52
2678400,100.58
2682000,98.69
2685600,94.99
2689200,89.71
2692800,83.23
2696400,75.98
2700000,68.47
2703600,61.19
2707200,54.65
2710800,49.29
2714400,45.48
2718000,43.48
2721600,43.42
2725200,45.31
2728800,49.01
2732400,54.29
2736000,60.77
2739600,68.02
2743200,75.53
2746800,82.81
2750400,89.35
2754000,94.71
2757600,98.52
2761200,100.52
2764800,100.58
2768400,98.69
2772000,94.99
2775600,89.71
2779200,83.23
2782800,75.98
2786400,68.47
2790000,61.19
2793600,54.65
2797200,49.29
2800800,45.48
2804400,43.48
2808000,43.42
2811600,45.31
2815200,49.01
2818800,54.29
2822400,60.77
2826000,68.02
2829600,75.53
2833200,82.81
2836800,89.35
2840400,94.71
2844000,98.52
2847600,100.52
2851200,100.58
2854800,98.69
2858400,94.99
2862000,89.71
2865600,83.23
2869200,75.98
2872800,68.47
2876400,61.19
2880000,54.65
2883600,49.29
2887200,45.48
2890800,43.48
2894400,43.42
2898000,45.31
2901600,49.01
2905200,54.29
2908800,60.77
2912400,68.02
2916000,75.53
2919600,82.81
2923200,89.35
2926800,94.71
2930400,98.52
2934000,100.52
2937600,100.58
2941200,98.69
2944800,94.99
2948400,89.71
2952000,83.23
2955600,75.98
2959200,68.47
2962800,61.19
2966400,54.65
2970000,49.29
2973600,45.48
2977200,43.48
2980800,43.42
2984400,45.31
2988000,49.01
2991600,54.29
2995200,60.77
2998800,68.02
3002400,75.53
3006000,82.81
3009600,89.35
3013200,94.71
3016800,98.52
3020400,100.52
3024000,100.58
3027600,98.69
3031200,94.99
3034800,89.71
3038400,83.23
3042000,75.98
3045600,68.47
3049200,61.19
3052800,54.65
3056400,49.29
3060000,45.48
3063600,43.48
3067200,43.42
3070800,45.31
3074400,49.01
3078000,54.29
3081600,60.77
3085200,68.02
3088800,75.53
3092400,82.81
3096000,89.35
3099600,94.71
3103200,98.52
3106800,100.52
3110400,100.58
3114000,98.69
3117600,94.99
3121200,89.71
3124800,83.23
3128400,75.98
3132000,68.47
3135600,61.19
3139200,54.65
3142800,49.29
3146400,45.48
3150000,43.48
3153600,43.42
3157200,45.31
3160800,49.01
3164400,54.29
3168000,60.77
3171600,68.02
3175200,75.53
3178800,82.81
3182400,89.35
3186000,94.71
3189600,98.52
3193200,100.52
3196800,100.58
3200400,98.69
3204000,94.99
3207600,89.71
3211200,83.23
3214800,75.98
3218400,68.47
3222000,61.19
3225600,54.65
3229200,49.29
3232800,45.48
3236400,43.48
3240000,43.42
3243600,45.31
3247200,49.01
3250800,54.29
3254400,60.77
3258000,68.02
3261600,75.53
3265200,82.81
3268800,89.35
3272400,94.71
3276000,98.52
3279600,100.52
3283200,100.58
3286800,98.69
3290400,94.99
3294000,89.71
3297600,83.23
3301200,75.98
3304800,68.47
3308400,61.19
3312000,54.65
3315600,49.29
3319200,45.48
3322800,43.48
3326400,43.42
3330000,45.31
3333600,49.01
3337200,54.29
3340800,60.77
3344400,68.02
3348000,75.53
3351600,82.81
3355200,89.35
3358800,94.71
3362400,98.52
3366000,100.52
3369600,100.58
3373200,98.69
3376800,94.99
3380400,89.71
3384000,83.23
3387600,75.98
3391200,68.47
3394800,61.19
3398400,54.65
3402000,49.29
3405600,45.48
3409200,43.48
3412800,43.42
3416400,45.31
3420000,49.01
3423600,54.29
3427200,60.77
3430800,68.02
3434400,75.53
3438000,82.81
3441600,89.35
3445200,94.71
3448800,98.52
3452400,100.52
3456000,100.58
3459600,98.69
3463200,94.99
3466800,89.71
3470400,83.23
3474000,75.98
3477600,68.47
3481200,61.19
3484800,54.65
3488400,49.29
3492000,45.48
3495600,43.48
3499200,43.42
3502800,45.31
3506400,49.01
3510000,54.29
3513600,60.77
3517200,68.02
3520800,75.53
3524400,82.81
3528000,89.35
3531600,94.71
3535200,98.52
3538800,100.52
3542400,100.58
3546000,98.69
3549600,94.99
3553200,89.71
3556800,83.23
3560400,75.98
3564000,68.47
3567600,61.19
3571200,54.65
3574800,49.29
3578400,45.48
3582000,43.48
3585600,43.42
3589200,45.31
3592800,49.01
3596400,54.29
3600000,60.77
3603600,68.02
3607200,75.53
3610800,82.81
3614400,89.35
3618000,94.71
3621600,98.52
3625200,100.52
3628800,100.58
3632400,98.69
3636000,94.99
3639600,89.71
3643200,83.23
3646800,75.98
3650400,68.47
3654000,61.19
3657600,54.65
3661200,49.29
3664800,45.48
3668400,43.48
3672000,43.42
3675600,45.31
3679200,49.01
3682800,54.29
3686400,60.77
3690000,68.02
3693600,75.53
3697200,82.81
3700800,89.35
3704400,94.71
3708000,98.52
3711600,100.52
3715200,100.58
3718800,98.69
3722400,94.99
3726000,89.71
3729600,83.23
3733200,75.98
3736800,68.47
3740400,61.19
3744000,54.65
3747600,49.29
3751200,45.48
3754800,43.48
3758400,43.42
3762000,45.31
3765600,49.01
3769200,54.29
3772800,60.77
3776400,68.02
3780000,75.53
3783600,82.81
3787200,89.35
3790800,94.71
3794400,98.52
3798000,100.52
3801600,100.58
3805200,98.69
3808800,94.99
3812400,89.71
3816000,83.23
3819600,75.98
3823200,68.47
3826800,61.19
3830400,54.65
3834000,49.29
3837600,45.48
3841200,43.48
3844800,43.42
3848400,45.31
3852000,49.01
3855600,54.29
3859200,60.77
3862800,68.02
3866400,75.53
3870000,82.81
3873600,89.35
3877200,94.71
3880800,98.52
3884400,100.52
3888000,100.58
3891600,98.69
3895200,94.99
3898800,89.71
3902400,83.23
3906000,75.98
3909600,68.47
3913200,61.19
3916800,54.65
3920400,49.29
3924000,45.48
3927600,43.48
3931200,43.42
3934800,45.31
3938400,49.01
3942000,54.29
3945600,60.77
3949200,68.02
3952800,75.53
3956400,82.81
3960000,89.35
3963600,94.71
3967200,98.52
3970800,100.52
3974400,100.58
3978000,98.69
3981600,94.99
3985200,89.71
3988800,83.23
3992400,75.98
3996000,68.47
3999600,61.19
4003200,54.65
4006800,49.29
4010400,45.48
4014000,43.48
4017600,43.42
4021200,45.31
4024800,49.01
4028400,54.29
4032000,60.77
4035600,68.02
4039200,75.53
4042800,82.81
4046400,89.35
4050000,94.71
4053600,98.52
4057200,100.52
4060800,100.58
4064400,98.69
4068000,94.99
4071600,89.71
4075200,83.23
4078800,75.98
4082400,68.47
4086000,61.19
4089600,54.65
4093200,49.29
4096800,45.48
4100400,43.48
4104000,43.42
4107600,45.31
4111200,49.01
4114800,54.29
4118400,60.77
4122000,68.02
4125600,75.53
4129200,82.81
4132800,89.35
4136400,94.71
4140000,98.52
4143600,100.52
4147200,100.58
4150800,98.69
4154400,94.99
4158000,89.71
4161600,83.23
4165200,75.98
4168800,68.47
4172400,61.19
4176000,54.65
4179600,49.29
4183200,45.48
4186800,43.48
4190400,43.42
4194000,45.31
4197600,49.01
4201200,54.29
4204800,60.77
4208400,68.02
4212000,75.53
4215600,82.81
4219200,89.35
4222800,94.71
4226400,98.52
4230000,100.52
4233600,100.58
4237200,98.69
4240800,94.99
4244400,89.71
4248000,83.23
4251600,75.98
4255200,68.47
4258800,61.19
4262400,54.65
4266000,49.29
4269600,45.48
4273200,43.48
4276800,43.42
4280400,45.31
4284000,49.01
4287600,54.29
4291200,60.77
4294800,68.02
4298400,75.53
4302000,82.81
4305600,89.35
4309200,94.71
4312800,98.52
4316400,100.52
4320000,100.58
4323600,98.69
4327200,94.99
4330800,89.71
4334400,83.23
4338000,75.98
4341600,68.47
4345200,61.19
4348800,54.65
4352400,49.29
4356000,45.48
4359600,43.48
4363200,43.42
4366800,45.31
4370400,49.01
4374000,54.29
4377600,60.77
4381200,68.02
4384800,75.53
4388400,82.81
4392000,89.35
4395600,94.71
4399200,98.52
4402800,100.52
4406400,100.58
4410000,98.69
4413600,94.99
4417200,89.71
4420800,83.23
4424400,75.98
4428000,68.47
4431600,61.19
4435200,54.65
4438800,49.29
4442400,45.48
4446000,43.48
4449600,43.42
4453200,45.31
4456800,49.01
4460400,54.29
4464000,60.77
4467600,68.02
4471200,75.53
4474800,82.81
4478400,89.35
4482000,94.71
4485600,98.52
4489200,100.52
4492800,100.58
4496400,98.69
4500000,94.99
4503600,89.71
4507200,83.23
4510800,75.98
4514400,68.47
4518000,61.19
4521600,54.65
4525200,49.29
4528800,45.48
4532400,43.48
4536000,43.42
4539600,45.31
4543200,49.01
4546800,54.29
4550400,60.77
4554000,68.02
4557600,75.53
4561200,82.81
4564800,89.35
4568400,94.71
4572000,98.52
4575600,100.52
4579200,100.58
4582800,98.69
4586400,94.99
4590000,89.71
4593600,83.23
4597200,75.98
4600800,68.47
4604400,61.19
4608000,54.65
4611600,49.29
4615200,45.48
4618800,43.48
4622400,43.42
4626000,45.31
4629600,49.01
4633200,54.29
4636800,60.77
4640400,68.02
4644000,75.53
4647600,82.81
4651200,89.35
4654800,94.71
4658400,98.52
4662000,100.52
4665600,100.58
4669200,98.69
4672800,94.99
4676400,89.71
4680000,83.23
4683600,75.98
4687200,68.47
4690800,61.19
4694400,54.65
4698000,49.29
4701600,45.48
4705200,43.48
4708800,43.42
4712400,45.31
4716000,49.01
4719600,54.29
4723200,60.77
4726800,68.02
4730400,75.53
4734000,82.81
4737600,89.35
4741200,94.71
4744800,98.52
4748400,100.52
4752000,100.58
4755600,98.69
4759200,94.99
4762800,89.71
4766400,83.23
4770000,75.98
4773600,68.47
4777200,61.19
4780800,54.65
4784400,49.29
4788000,45.48
4791600,43.48
4795200,43.42
4798800,45.31
4802400,49.01
4806000,54.29
4809600,60.77
4813200,68.02
4816800,75.53
4820400,82.81
4824000,89.35
4827600,94.71
4831200,98.52
4834800,100.52
4838400,100.58
4842000,98.69
4845600,94.99
4849200,89.71
4852800,83.23
4856400,75.98
4860000,68.47
4863600,61.19
4867200,54.65
4870800,49.29
4874400,45.48
4878000,43.48
4881600,43.42
4885200,45.31
4888800,49.01
4892400,54.29
4896000,60.77
4899600,68.02
4903200,75.53
4906800,82.81
4910400,89.35
4914000,94.71
4917600,98.52
4921200,100.52
4924800,100.58
4928400,98.69
4932000,94.99
4935600,89.71
4939200,83.23
4942800,75.98
4946400,68.47
4950000,61.19
4953600,54.65
4957200,49.29
4960800,45.48
4964400,43.48
4968000,43.42
4971600,45.31
4975200,49.01
4978800,54.29
4982400,60.77
4986000,68.02
4989600,75.53
4993200,82.81
4996800,89.35
5000400,94.71
5004000,98.52
5007600,100.52
5011200,100.58
5014800,98.69
5018400,94.99
5022000,89.71
5025600,83.23
5029200,75.98
5032800,68.47
5036400,61.19
5040000,54.65
5043600,49.29
5047200,45.48
5050800,43.48
5054400,43.42
5058000,45.31
5061600,49.01
5065200,54.29
5068800,60.77
5072400,68.02
5076000,75.53
5079600,82.81
5083200,89.35
5086800,94.71
5090400,98.52
5094000,100.52
5097600,100.58
5101200,98.69
5104800,94.99
5108400,89.71
5112000,83.23
5115600,75.98
5119200,68.47
5122800,61.19
5126400,54.65
5130000,49.29
5133600,45.48
5137200,43.48
5140800,43.42
5144400,45.31
5148000,49.01
5151600,54.29
5155200,60.77
5158800,68.02
5162400,75.53
5166000,82.81
5169600,89.35
5173200,94.71
5176800,98.52
5180400,100.52
5184000,100.58
5187600,98.69
5191200,94.99
5194800,89.71
5198400,83.23
5202000,75.98
5205600,68.47
5209200,61.19
5212800,54.65
5216400,49.29
5220000,45.48
5223600,43.48
5227200,43.42
5230800,45.31
5234400,49.01
5238000,54.29
5241600,60.77
5245200,68.02
5248800,75.53
5252400,82.81
5256000,89.35
5259600,94.71
5263200,98.52
5266800,100.52
5270400,100.58
5274000,98.69
5277600,94.99
5281200,89.71
5284800,83.23
5288400,75.98
5292000,68.47
5295600,61.19
5299200,54.65
5302800,49.29
5306400,45.48
5310000,43.48
5313600,43.42
5317200,45.31
5320800,49.01
5324400,54.29
5328000,60.77
5331600,68.02
5335200,75.53
5338800,82.81
5342400,89.35
5346000,94.71
5349600,98.52
5353200,100.52
5356800,100.58
5360400,98.69
5364000,94.99
5367600,89.71
5371200,83.23
5374800,75.98
5378400,68.47
5382000,61.19
5385600,54.65
5389200,49.29
5392800,45.48
5396400,43.48
5400000,43.42
5403600,45.31
5407200,49.01
5410800,54.29
5414400,60.77
5418000,68.02
5421600,75.53
5425200,82.81
5428800,89.35
5432400,94.71
5436000,98.52
5439600,100.52
5443200,100.58
5446800,98.69
5450400,94.99
5454000,89.71
5457600,83.23
5461200,75.98
5464800,68.47
5468400,61.19
5472000,54.65
5475600,49.29
5479200,45.48
5482800,43.48
5486400,43.42
5490000,45.31
5493600,49.01
5497200,54.29
5500800,60.77
5504400,68.02
5508000,75.53
5511600,82.81
5515200,89.35
5518800,94.71
5522400,98.52
5526000,100.52
5529600,100.58
5533200,98.69
5536800,94.99
5540400,89.71
5544000,83.23
5547600,75.98
5551200,68.47
5554800,61.19
5558400,54.65
5562000,49.29
5565600,45.48
5569200,43.48
5572800,43.42
5576400,45.31
5580000,49.01
5583600,54.29
5587200,60.77
5590800,68.02
5594400,75.53
5598000,82.81
5601600,89.35
5605200,94.71
5608800,98.52
5612400,100.52
5616000,100.58
5619600,98.69
5623200,94.99
5626800,89.71
5630400,83.23
5634000,75.98
5637600,68.47
5641200,61.19
5644800,54.65
5648400,49.29
5652000,45.48
5655600,43.48
5659200,43.42
5662800,45.31
5666400,49.01
5670000,54.29
5673600,60.77
5677200,68.02
5680800,75.53
5684400,82.81
5688000,89.35
5691600,94.71
5695200,98.52
5698800,100.52
5702400,100.58
5706000,98.69
5709600,94.99
5713200,89.71
5716800,83.23
5720400,75.98
5724000,68.47
5727600,61.19
5731200,54.65
5734800,49.29
5738400,45.48
5742000,43.48
5745600,43.42
5749200,45.31
5752800,49.01
5756400,54.29
5760000,60.77
5763600,68.02
5767200,75.53
5770800,82.81
5774400,89.35
5778000,94.71
5781600,98.52
5785200,100.52
5788800,100.58
5792400,98.69
5796000,94.99
5799600,89.71
5803200,83.23
5806800,75.98
5810400,68.47
5814000,61.19
5817600,54.65
5821200,49.29
5824800,45.48
5828400,43.48
5832000,43.42
5835600,45.31
5839200,49.01
5842800,54.29
5846400,60.77
5850000,68.02
5853600,75.53
5857200,82.81
5860800,89.35
5864400,94.71
5868000,98.52
5871600,100.52
5875200,100.58
5878800,98.69
5882400,94.99
5886000,89.71
5889600,83.23
5893200,75.98
5896800,68.47
5900400,61.19
5904000,54.65
5907600,49.29
5911200,45.48
5914800,43.48
5918400,43.42
5922000,45.31
5925600,49.01
5929200,54.29
5932800,60.77
5936400,68.02
5940000,75.53
5943600,82.81
5947200,89.35
5950800,94.71
5954400,98.52
5958000,100.52
5961600,100.58
5965200,98.69
5968800,94.99
5972400,89.71
5976000,83.23
5979600,75.98
5983200,68.47
5986800,61.19
5990400,54.65
5994000,49.29
5997600,45.48
6001200,43.48
6004800,43.42
6008400,45.31
6012000,49.01
6015600,54.29
6019200,60.77
6022800,68.02
6026400,75.53
6030000,82.81
6033600,89.35
6037200,94.71
6040800,98.52
6044400,100.52
6048000,100.58
6051600,98.69
6055200,94.99
6058800,89.71
6062400,83.23
6066000,75.98
6069600,68.47
6073200,61.19
6076800,54.65
6080400,49.29
6084000,45.48
6087600,43.48
6091200,43.42
6094800,45.31
6098400,49.01
6102000,54.29
6105600,60.77
6109200,68.02
6112800,75.53
6116400,82.81
6120000,89.35
6123600,94.71
6127200,98.52
6130800,100.52
6134400,100.58
6138000,98.69
6141600,94.99
6145200,89.71
6148800,83.23
6152400,75.98
6156000,68.47
6159600,61.19
6163200,54.65
6166800,49.29
6170400,45.48
6174000,43.48
6177600,43.42
6181200,45.31
6184800,49.01
6188400,54.29
6192000,60.77
6195600,68.02
6199200,75.53
6202800,82.81
6206400,89.35
6210000,94.71
6213600,98.52
6217200,100.52
6220800,100.58
6224400,98.69
6228000,94.99
6231600,89.71
6235200,83.23
6238800,75.98
6242400,68.47
6246000,61.19
6249600,54.65
6253200,49.29
6256800,45.48
6260400,43.48
6264000,43.42
6267600,45.31
6271200,49.01
6274800,54.29
6278400,60.77
6282000,68.02
6285600,75.53
6289200,82.81
6292800,89.35
6296400,94.71
6300000,98.52
6303600,100.52
6307200,100.58
6310800,98.69
6314400,94.99
6318000,89.71
6321600,83.23
6325200,75.98
6328800,68.47
6332400,61.19
6336000,54.65
6339600,49.29
6343200,45.48
6346800,43.48
6350400,43.42
6354000,45.31
6357600,49.01
6361200,54.29
6364800,60.77
6368400,68.02
6372000,75.53
6375600,82.81
6379200,89.35
6382800,94.71
6386400,98.52
6390000,100.52
6393600,100.58
6397200,98.69
6400800,94.99
6404400,89.71
6408000,83.23
6411600,75.98
6415200,68.47
6418800,61.19
6422400,54.65
6426000,49.29
6429600,45.48
6433200,43.48
6436800,43.42
6440400,45.31
6444000,49.01
6447600,54.29
6451200,60.77
6454800,68.02
6458400,75.53
6462000,82.81
6465600,89.35
6469200,94.71
6472800,98.52
6476400,100.52
6480000,100.58
6483600,98.69
6487200,94.99
6490800,89.71
6494400,83.23
6498000,75.98
6501600,68.47
6505200,61.19
6508800,54.65
6512400,49.29
6516000,45.48
6519600,43.48
6523200,43.42
6526800,45.31
6530400,49.01
6534000,54.29
6537600,60.77
6541200,68.02
6544800,75.53
6548400,82.81
6552000,89.35
6555600,94.71
6559200,98.52
6562800,100.52
6566400,100.58
6570000,98.69
6573600,94.99
6577200,89.71
6580800,83.23
6584400,75.98
6588000,68.47
6591600,61.19
6595200,54.65
6598800,49.29
6602400,45.48
6606000,43.48
6609600,43.42
6613200,45.31
6616800,49.01
6620400,54.29
6624000,60.77
6627600,68.02
6631200,75.53
6634800,82.81
6638400,89.35
6642000,94.71
6645600,98.52
6649200,100.52
6652800,100.58
6656400,98.69
6660000,94.99
6663600,89.71
6667200,83.23
6670800,75.98
6674400,68.47
6678000,61.19
6681600,54.65
6685200,49.29
6688800,45.48
6692400,43.48
6696000,43.42
6699600,45.31
6703200,49.01
6706800,54.29
6710400,60.77
6714000,68.02
6717600,75.53
6721200,82.81
6724800,89.35
6728400,94.71
6732000,98.52
6735600,100.52
6739200,100.58
6742800,98.69
6746400,94.99
6750000,89.71
6753600,83.23
6757200,75.98
6760800,68.47
6764400,61.19
6768000,54.65
6771600,49.29
6775200,45.48
6778800,43.48
6782400,43.42
6786000,45.31
6789600,49.01
6793200,54.29
6796800,60.77
6800400,68.02
6804000,75.53
6807600,82.81
6811200,89.35
6814800,94.71
6818400,98.52
6822000,100.52
6825600,100.58
6829200,98.69
6832800,94.99
6836400,89.71
6840000,83.23
6843600,75.98
6847200,68.47
6850800,61.19
6854400,54.65
6858000,49.29
6861600,45.48
6865200,43.48
6868800,43.42
6872400,45.31
6876000,49.01
6879600,54.29
6883200,60.77
6886800,68.02
6890400,75.53
6894000,82.81
6897600,89.35
6901200,94.71
6904800,98.52
6908400,100.52
6912000,100.58
6915600,98.69
6919200,94.99
6922800,89.71
6926400,83.23
6930000,75.98
6933600,68.47
6937200,61.19
6940800,54.65
6944400,49.29
6948000,45.48
6951600,43.48
6955200,43.42
6958800,45.31
6962400,49.01
6966000,54.29
6969600,60.77
6973200,68.02
6976800,75.53
6980400,82.81
6984000,89.35
6987600,94.71
6991200,98.52
6994800,100.52
6998400,100.58
7002000,98.69
7005600,94.99
7009200,89.71
7012800,83.23
7016400,75.98
7020000,68.47
7023600,61.19
7027200,54.65
7030800,49.29
7034400,45.48
7038000,43.48
7041600,43.42
7045200,45.31
7048800,49.01
7052400,54.29
7056000,60.77
7059600,68.02
7063200,75.53
7066800,82.81
7070400,89.35
7074000,94.71
7077600,98.52
7081200,100.52
7084800,100.58
7088400,98.69
7092000,94.99
7095600,89.71
7099200,83.23
7102800,75.98
7106400,68.47
7110000,61.19
7113600,54.65
7117200,49.29
7120800,45.48
7124400,43.48
7128000,43.42
7131600,45.31
7135200,49.01
7138800,54.29
7142400,60.77
7146000,68.02
7149600,75.53
7153200,82.81
7156800,89.35
7160400,94.71
7164000,98.52
7167600,100.52
7171200,100.58
7174800,98.69
7178400,94.99
7182000,89.71
7185600,83.23
7189200,75.98
7192800,68.47
7196400,61.19
7200000,54.65
7203600,49.29
7207200,45.48
7210800,43.48
7214400,43.42
7218000,45.31
7221600,49.01
7225200,54.29
7228800,60.77
7232400,68.02
7236000,75.53
7239600,82.81
7243200,89.35
7246800,94.71
7250400,98.52
7254000,100.52
7257600,100.58
7261200,98.69
7264800,94.99
7268400,89.71
7272000,83.23
7275600,75.98
7279200,68.47
7282800,61.19
7286400,54.65
7290000,49.29
7293600,45.48
7297200,43.48
7300800,43.42
7304400,45.31
7308000,49.01
7311600,54.29
7315200,60.77
7318800,68.02
7322400,75.53
7326000,82.81
7329600,89.35
7333200,94.71
7336800,98.52
7340400,100.52
7344000,100.58
7347600,98.69
7351200,94.99
7354800,89.71
7358400,83.23
7362000,75.98
7365600,68.47
7369200,61.19
7372800,54.65
7376400,49.29
7380000,45.48
7383600,43.48
7387200,43.42
7390800,45.31
7394400,49.01
7398000,54.29
7401600,60.77
7405200,68.02
7408800,75.53
7412400,82.81
7416000,89.35
7419600,94.71
7423200,98.52
7426800,100.52
7430400,100.58
7434000,98.69
7437600,94.99
7441200,89.71
7444800,83.23
7448400,75.98
7452000,68.47
7455600,61.19
7459200,54.65
7462800,49.29
7466400,45.48
7470000,43.48
7473600,43.42
7477200,45.31
7480800,49.01
7484400,54.29
7488000,60.77
7491600,68.02
7495200,75.53
7498800,82.81
7502400,89.35
7506000,94.71
7509600,98.52
7513200,100.52
7516800,100.58
7520400,98.69
7524000,94.99
7527600,89.71
7531200,83.23
7534800,75.98
7538400,68.47
7542000,61.19
7545600,54.65
7549200,49.29
7552800,45.48
7556400,43.48
7560000,43.42
7563600,45.31
7567200,49.01
7570800,54.29
7574400,60.77
7578000,68.02
7581600,75.53
7585200,82.81
7588800,89.35
7592400,94.71
7596000,98.52
7599600,100.52
7603200,100.58
7606800,98.69
7610400,94.99
7614000,89.71
7617600,83.23
7621200,75.98
7624800,68.47
7628400,61.19
7632000,54.65
7635600,49.29
7639200,45.48
7642800,43.48
7646400,43.42
7650000,45.31
7653600,49.01
7657200,54.29
7660800,60.77
7664400,68.02
7668000,75.53
7671600,82.81
7675200,89.35
7678800,94.71
7682400,98.52
7686000,100.52
7689600,100.58
7693200,98.69
7696800,94.99
7700400,89.71
7704000,83.23
7707600,75.98
7711200,68.47
7714800,61.19
7718400,54.65
7722000,49.29
7725600,45.48
7729200,43.48
7732800,43.42
7736400,45.31
7740000,49.01
7743600,54.29
7747200,60.77
7750800,68.02
7754400,75.53
7758000,82.81
7761600,89.35
7765200,94.71
7768800,98.52
7772400,100.52
7776000,100.58
7779600,98.69
7783200,94.99
7786800,89.71
7790400,83.23
7794000,75.98
7797600,68.47
7801200,61.19
7804800,54.65
7808400,49.29
7812000,45.48
7815600,43.48
7819200,43.42
7822800,45.31
7826400,49.01
7830000,54.29
7833600,60.77
7837200,68.02
7840800,75.53
7844400,82.81
7848000,89.35
7851600,94.71
7855200,98.52
7858800,100.52
7862400,100.58
7866000,98.69
7869600,94.99
7873200,89.71
7876800,83.23
7880400,75.98
7884000,68.47
7887600,61.19
7891200,54.65
7894800,49.29
7898400,45.48
7902000,43.48
7905600,43.42
7909200,45.31
7912800,49.01
7916400,54.29
7920000,60.77
7923600,68.02
7927200,75.53
7930800,82.81
7934400,89.35
7938000,94.71
7941600,98.52
7945200,100.52
7948800,100.58
7952400,98.69
7956000,94.99
7959600,89.71
7963200,83.23
7966800,75.98
7970400,68.47
7974000,61.19
7977600,54.65
7981200,49.29
7984800,45.48
7988400,43.48
7992000,43.42
7995600,45.31
7999200,49.01
8002800,54.29
8006400,60.77
8010000,68.02
8013600,75.53
8017200,82.81
8020800,89.35
8024400,94.71
8028000,98.52
8031600,100.52
8035200,100.58
8038800,98.69
8042400,94.99
8046000,89.71
8049600,83.23
8053200,75.98
8056800,68.47
8060400,61.19
8064000,54.65
8067600,49.29
8071200,45.48
8074800,43.48
8078400,43.42
8082000,45.31
8085600,49.01
8089200,54.29
8092800,60.77
8096400,68.02
8100000,75.53
8103600,82.81
8107200,89.35
8110800,94.71
8114400,98.52
8118000,100.52
8121600,100.58
8125200,98.69
8128800,94.99
8132400,89.71
8136000,83.23
8139600,75.98
8143200,68.47
8146800,61.19
8150400,54.65
8154000,49.29
8157600,45.48
8161200,43.48
8164800,43.42
8168400,45.31
8172000,49.01
8175600,54.29
8179200,60.77
8182800,68.02
8186400,75.53
8190000,82.81
8193600,89.35
8197200,94.71
8200800,98.52
8204400,100.52
8208000,100.58
8211600,98.69
8215200,94.99
8218800,89.71
8222400,83.23
8226000,75.98
8229600,68.47
8233200,61.19
8236800,54.65
8240400,49.29
8244000,45.48
8247600,43.48
8251200,43.42
8254800,45.31
8258400,49.01
8262000,54.29
8265600,60.77
8269200,68.02
8272800,75.53
8276400,82.81
8280000,89.35
8283600,94.71
8287200,98.52
8290800,100.52
8294400,100.58
8298000,98.69
8301600,94.99
8305200,89.71
8308800,83.23
8312400,75.98
8316000,68.47
8319600,61.19
8323200,54.65
8326800,49.29
8330400,45.48
8334000,43.48
8337600,43.42
8341200,45.31
8344800,49.01
8348400,54.29
8352000,60.77
8355600,68.02
8359200,75.53
8362800,82.81
8366400,89.35
8370000,94.71
8373600,98.52
8377200,100.52
8380800,100.58
8384400,98.69
8388000,94.99
8391600,89.71
8395200,83.23
8398800,75.98
8402400,68.47
8406000,61.19
8409600,54.65
8413200,49.29
8416800,45.48
8420400,43.48
8424000,43.42
8427600,45.31
8431200,49.01
8434800,54.29
8438400,60.77
8442000,68.02
8445600,75.53
8449200,82.81
8452800,89.35
8456400,94.71
8460000,98.52
8463600,100.52
8467200,100.58
8470800,98.69
8474400,94.99
8478000,89.71
8481600,83.23
8485200,75.98
8488800,68.47
8492400,61.19
8496000,54.65
8499600,49.29
8503200,45.48
8506800,43.48
8510400,43.42
8514000,45.31
8517600,49.01
8521200,54.29
8524800,60.77
8528400,68.02
8532000,75.53
8535600,82.81
8539200,89.35
8542800,94.71
8546400,98.52
8550000,100.52
8553600,100.58
8557200,98.69
8560800,94.99
8564400,89.71
8568000,83.23
8571600,75.98
8575200,68.47
8578800,61.19
8582400,54.65
8586000,49.29
8589600,45.48
8593200,43.48
8596800,43.42
8600400,45.31
8604000,49.01
8607600,54.29
8611200,60.77
8614800,68.02
8618400,75.53
8622000,82.81
8625600,89.35
8629200,94.71
8632800,98.52
8636400,100.52
8640000,100.58
8643600,98.69
8647200,94.99
8650800,89.71
8654400,83.23
8658000,75.98
8661600,68.47
8665200,61.19
8668800,54.65
8672400,49.29
8676000,45.48
8679600,43.48
8683200,43.42
8686800,45.31
8690400,49.01
8694000,54.29
8697600,60.77
8701200,68.02
8704800,75.53
8708400,82.81
8712000,89.35
8715600,94.71
8719200,98.52
8722800,100.52
8726400,100.58
8730000,98.69
8733600,94.99
8737200,89.71
8740800,83.23
8744400,75.98
8748000,68.47
8751600,61.19
8755200,54.65
8758800,49.29
8762400,45.48
8766000,43.48
8769600,43.42
8773200,45.31
8776800,49.01
8780400,54.29
8784000,60.77
8787600,68.02
8791200,75.53
8794800,82.81
8798400,89.35
8802000,94.71
8805600,98.52
8809200,100.52
8812800,100.58
8816400,98.69
8820000,94.99
8823600,89.71
8827200,83.23
8830800,75.98
8834400,68.47
8838000,61.19
8841600,54.65
8845200,49.29
8848800,45.48
8852400,43.48
8856000,43.42
8859600,45.31
8863200,49.01
8866800,54.29
8870400,60.77
8874000,68.02
8877600,75.53
8881200,82.81
8884800,89.35
8888400,94.71
8892000,98.52
8895600,100.52
8899200,100.58
8902800,98.69
8906400,94.99
8910000,89.71
8913600,83.23
8917200,75.98
8920800,68.47
8924400,61.19
8928000,54.65
8931600,49.29
8935200,45.48
8938800,43.48
8942400,43.42
8946000,45.31
8949600,49.01
8953200,54.29
8956800,60.77
8960400,68.02
8964000,75.53
8967600,82.81
8971200,89.35
8974800,94.71
8978400,98.52
8982000,100.52
8985600,100.58
8989200,98.69
8992800,94.99
8996400,89.71
9000000,83.23
9003600,75.98
9007200,68.47
9010800,61.19
9014400,54.65
9018000,49.29
9021600,45.48
9025200,43.48
9028800,43.42
9032400,45.31
9036000,49.01
9039600,54.29
9043200,60.77
9046800,68.02
9050400,75.53
9054000,82.81
9057600,89.35
9061200,94.71
9064800,98.52
9068400,100.52
9072000,100.58
9075600,98.69
9079200,94.99
9082800,89.71
9086400,83.23
9090000,75.98
9093600,68.47
9097200,61.19
9100800,54.65
9104400,49.29
9108000,45.48
9111600,43.48
9115200,43.42
9118800,45.31
9122400,49.01
9126000,54.29
9129600,60.77
9133200,68.02
9136800,75.53
9140400,82.81
9144000,89.35
9147600,94.71
9151200,98.52
9154800,100.52
9158400,100.58
9162000,98.69
9165600,94.99
9169200,89.71
9172800,83.23
9176400,75.98
9180000,68.47
9183600,61.19
9187200,54.65
9190800,49.29
9194400,45.48
9198000,43.48
9201600,43.42
9205200,45.31
9208800,49.01
9212400,54.29
9216000,60.77
9219600,68.02
9223200,75.53
9226800,82.81
9230400,89.35
9234000,94.71
9237600,98.52
9241200,100.52
9244800,100.58
9248400,98.69
9252000,94.99
9255600,89.71
9259200,83.23
9262800,75.98
9266400,68.47
9270000,61.19
9273600,54.65
9277200,49.29
9280800,45.48
9284400,43.48
9288000,43.42
9291600,45.31
9295200,49.01
9298800,54.29
9302400,60.77
9306000,68.02
9309600,75.53
9313200,82.81
9316800,89.35
9320400,94.71
9324000,98.52
9327600,100.52
9331200,100.58
9334800,98.69
9338400,94.99
9342000,89.71
9345600,83.23
9349200,75.98
9352800,68.47
9356400,61.19
9360000,54.65
9363600,49.29
9367200,45.48
9370800,43.48
9374400,43.42
9378000,45.31
9381600,49.01
9385200,54.29
9388800,60.77
9392400,68.02
9396000,75.53
9399600,82.81
9403200,89.35
9406800,94.71
9410400,98.52
9414000,100.52
9417600,100.58
9421200,98.69
9424800,94.99
9428400,89.71
9432000,83.23
9435600,75.98
9439200,68.47
9442800,61.19
9446400,54.65
9450000,49.29
9453600,45.48
9457200,43.48
9460800,43.42
9464400,45.31
9468000,49.01
9471600,54.29
9475200,60.77
9478800,68.02
9482400,75.53
9486000,82.81
9489600,89.35
9493200,94.71
9496800,98.52
9500400,100.52
9504000,100.58
9507600,98.69
9511200,94.99
9514800,89.71
9518400,83.23
9522000,75.98
9525600,68.47
9529200,61.19
9532800,54.65
9536400,49.29
9540000,45.48
9543600,43.48
9547200,43.42
9550800,45.31
9554400,49.01
9558000,54.29
9561600,60.77
9565200,68.02
9568800,75.53
9572400,82.81
9576000,89.35
9579600,94.71
9583200,98.52
9586800,100.52
9590400,100.58
9594000,98.69
9597600,94.99
9601200,89.71
9604800,83.23
9608400,75.98
9612000,68.47
9615600,61.19
9619200,54.65
9622800,49.29
9626400,45.48
9630000,43.48
9633600,43.42
9637200,45.31
9640800,49.01
9644400,54.29
9648000,60.77
9651600,68.02
9655200,75.53
9658800,82.81
9662400,89.35
9666000,94.71
9669600,98.52
9673200,100.52
9676800,100.58
9680400,98.69
9684000,94.99
9687600,89.71
9691200,83.23
9694800,75.98
9698400,68.47
9702000,61.19
9705600,54.65
9709200,49.29
9712800,45.48
9716400,43.48
9720000,43.42
9723600,45.31
9727200,49.01
9730800,54.29
9734400,60.77
9738000,68.02
9741600,75.53
9745200,82.81
9748800,89.35
9752400,94.71
9756000,98.52
9759600,100.52
9763200,100.58
9766800,98.69
9770400,94.99
9774000,89.71
9777600,83.23
9781200,75.98
9784800,68.47
9788400,61.19
9792000,54.65
9795600,49.29
9799200,45.48
9802800,43.48
9806400,43.42
9810000,45.31
9813600,49.01
9817200,54.29
9820800,60.77
9824400,68.02
9828000,75.53
9831600,82.81
9835200,89.35
9838800,94.71
9842400,98.52
9846000,100.52
9849600,100.58
9853200,98.69
9856800,94.99
9860400,89.71
9864000,83.23
9867600,75.98
9871200,68.47
9874800,61.19
9878400,54.65
9882000,49.29
9885600,45.48
9889200,43.48
9892800,43.42
9896400,45.31
9900000,49.01
9903600,54.29
9907200,60.77
9910800,68.02
9914400,75.53
9918000,82.81
9921600,89.35
9925200,94.71
9928800,98.52
9932400,100.52
9936000,100.58
9939600,98.69
9943200,94.99
9946800,89.71
9950400,83.23
9954000,75.98
9957600,68.47
9961200,61.19
9964800,54.65
9968400,49.29
9972000,45.48
9975600,43.48
9979200,43.42
9982800,45.31
9986400,49.01
9990000,54.29
9993600,60.77
9997200,68.02
10000800,75.53
10004400,82.81
10008000,89.35
10011600,94.71
10015200,98.52
10018800,100.52
10022400,100.58
10026000,98.69
10029600,94.99
10033200,89.71
10036800,83.23
10040400,75.98
10044000,68.47
10047600,61.19
10051200,54.65
10054800,49.29
10058400,45.48
10062000,43.48
10065600,43.42
10069200,45.31
10072800,49.01
10076400,54.29
10080000,60.77
10083600,68.02
10087200,75.53
10090800,82.81
10094400,89.35
10098000,94.71
10101600,98.52
10105200,100.52
10108800,100.58
10112400,98.69
10116000,94.99
10119600,89.71
10123200,83.23
10126800,75.98
10130400,68.47
10134000,61.19
10137600,54.65
10141200,49.29
10144800,45.48
10148400,43.48
10152000,43.42
10155600,45.31
10159200,49.01
10162800,54.29
10166400,60.77
10170000,68.02
10173600,75.53
10177200,82.81
10180800,89.35
10184400,94.71
10188000,98.52
10191600,100.52
10195200,100.58
10198800,98.69
10202400,94.99
10206000,89.71
10209600,83.23
10213200,75.98
10216800,68.47
10220400,61.19
10224000,54.65
10227600,49.29
10231200,45.48
10234800,43.48
10238400,43.42
10242000,45.31
10245600,49.01
10249200,54.29
10252800,60.77
10256400,68.02
10260000,75.53
10263600,82.81
10267200,89.35
10270800,94.71
10274400,98.52
10278000,100.52
10281600,100.58
10285200,98.69
10288800,94.99
10292400,89.71
10296000,83.23
10299600,75.98
10303200,68.47
10306800,61.19
10310400,54.65
10314000,49.29
10317600,45.48
10321200,43.48
10324800,43.42
10328400,45.31
10332000,49.01
10335600,54.29
10339200,60.77
10342800,68.02
10346400,75.53
10350000,82.81
10353600,89.35
10357200,94.71
10360800,98.52
10364400,100.52
10368000,100.58
10371600,98.69
10375200,94.99
10378800,89.71
10382400,83.23
10386000,75.98
10389600,68.47
10393200,61.19
10396800,54.65
10400400,49.29
10404000,45.48
10407600,43.48
10411200,43.42
10414800,45.31
10418400,49.01
10422000,54.29
10425600,60.77
10429200,68.02
10432800,75.53
10436400,82.81
10440000,89.35
10443600,94.71
10447200,98.52
10450800,100.52
10454400,100.58
10458000,98.69
10461600,94.99
10465200,89.71
10468800,83.23
10472400,75.98
10476000,68.47
10479600,61.19
10483200,54.65
10486800,49.29
10490400,45.48
10494000,43.48
10497600,43.42
10501200,45.31
10504800,49.01
10508400,54.29
10512000,60.77
10515600,68.02
10519200,75.53
10522800,82.81
10526400,89.35
10530000,94.71
10533600,98.52
10537200,100.52
10540800,100.58
10544400,98.69
10548000,94.99
10551600,89.71
10555200,83.23
10558800,75.98
10562400,68.47
10566000,61.19
10569600,54.65
10573200,49.29
10576800,45.48
10580400,43.48
10584000,43.42
10587600,45.31
10591200,49.01
10594800,54.29
10598400,60.77
10602000,68.02
10605600,75.53
10609200,82.81
10612800,89.35
10616400,94.71
10620000,98.52
10623600,100.52
10627200,100.58
10630800,98.69
10634400,94.99
10638000,89.71
10641600,83.23
10645200,75.98
10648800,68.47
10652400,61.19
10656000,54.65
10659600,49.29
10663200,45.48
10666800,43.48
10670400,43.42
10674000,45.31
10677600,49.01
10681200,54.29
10684800,60.77
10688400,68.02
10692000,75.53
10695600,82.81
10699200,89.35
10702800,94.71
10706400,98.52
10710000,100.52
10713600,100.58
10717200,98.69
10720800,94.99
10724400,89.71
10728000,83.23
10731600,75.98
10735200,68.47
10738800,61.19
10742400,54.65
10746000,49.29
10749600,45.48
10753200,43.48
10756800,43.42
10760400,45.31
10764000,49.01
10767600,54.29
10771200,60.77
10774800,68.02
10778400,75.53
10782000,82.81
10785600,89.35
10789200,94.71
10792800,98.52
10796400,100.52
10800000,100.58
10803600,98.69
10807200,94.99
10810800,89.71
10814400,83.23
10818000,75.98
10821600,68.47
10825200,61.19
10828800,54.65
10832400,49.29
10836000,45.48
10839600,43.48
10843200,43.42
10846800,45.31
10850400,49.01
10854000,54.29
10857600,60.77
10861200,68.02
10864800,75.53
10868400,82.81
10872000,89.35
10875600,94.71
10879200,98.52
10882800,100.52
10886400,100.58
10890000,98.69
10893600,94.99
10897200,89.71
10900800,83.23
10904400,75.98
10908000,68.47
10911600,61.19
10915200,54.65
10918800,49.29
10922400,45.48
10926000,43.48
10929600,43.42
10933200,45.31
10936800,49.01
10940400,54.29
10944000,60.77
10947600,68.02
10951200,75.53
10954800,82.81
10958400,89.35
10962000,94.71
10965600,98.52
10969200,100.52
10972800,100.58
10976400,98.69
10980000,94.99
10983600,89.71
10987200,83.23
10990800,75.98
10994400,68.47
10998000,61.19
11001600,54.65
11005200,49.29
11008800,45.48
11012400,43.48
11016000,43.42
11019600,45.31
11023200,49.01
11026800,54.29
11030400,60.77
11034000,68.02
11037600,75.53
11041200,82.81
11044800,89.35
11048400,94.71
11052000,98.52
11055600,100.52
11059200,100.58
11062800,98.69
11066400,94.99
11070000,89.71
11073600,83.23
11077200,75.98
11080800,68.47
11084400,61.19
11088000,54.65
11091600,49.29
11095200,45.48
11098800,43.48
11102400,43.42
11106000,45.31
11109600,49.01
11113200,54.29
11116800,60.77
11120400,68.02
11124000,75.53
11127600,82.81
11131200,89.35
11134800,94.71
11138400,98.52
11142000,100.52
11145600,100.58
11149200,98.69
11152800,94.99
11156400,89.71
11160000,83.23
11163600,75.98
11167200,68.47
11170800,61.19
11174400,54.65
11178000,49.29
11181600,45.48
11185200,43.48
11188800,43.42
11192400,45.31
11196000,49.01
11199600,54.29
11203200,60.77
11206800,68.02
11210400,75.53
11214000,82.81
11217600,89.35
11221200,94.71
11224800,98.52
11228400,100.52
11232000,100.58
11235600,98.69
11239200,94.99
11242800,89.71
11246400,83.23
11250000,75.98
11253600,68.47
11257200,61.19
11260800,54.65
11264400,49.29
11268000,45.48
11271600,43.48
11275200,43.42
11278800,45.31
11282400,49.01
11286000,54.29
11289600,60.77
11293200,68.02
11296800,75.53
11300400,82.81
11304000,89.35
11307600,94.71
11311200,98.52
11314800,100.52
11318400,100.58
11322000,98.69
11325600,94.99
11329200,89.71
11332800,83.23
11336400,75.98
11340000,68.47
11343600,61.19
11347200,54.65
11350800,49.29
11354400,45.48
11358000,43.48
11361600,43.42
11365200,45.31
11368800,49.01
11372400,54.29
11376000,60.77
11379600,68.02
11383200,75.53
11386800,82.81
11390400,89.35
11394000,94.71
11397600,98.52
11401200,100.52
11404800,100.58
11408400,98.69
11412000,94.99
11415600,89.71
11419200,83.23
11422800,75.98
11426400,68.47
11430000,61.19
11433600,54.65
11437200,49.29
11440800,45.48
11444400,43.48
11448000,43.42
11451600,45.31
11455200,49.01
11458800,54.29
11462400,60.77
11466000,68.02
11469600,75.53
11473200,82.81
11476800,89.35
11480400,94.71
11484000,98.52
11487600,100.52
11491200,100.58
11494800,98.69
11498400,94.99
11502000,89.71
11505600,83.23
11509200,75.98
11512800,68.47
11516400,61.19
11520000,54.65
11523600,49.29
11527200,45.48
11530800,43.48
11534400,43.42
11538000,45.31
11541600,49.01
11545200,54.29
11548800,60.77
11552400,68.02
11556000,75.53
11559600,82.81
11563200,89.35
11566800,94.71
11570400,98.52
11574000,100.52
11577600,100.58
11581200,98.69
11584800,94.99
11588400,89.71
11592000,83.23
11595600,75.98
11599200,68.47
11602800,61.19
11606400,54.65
11610000,49.29
11613600,45.48
11617200,43.48
11620800,43.42
11624400,45.31
11628000,49.01
11631600,54.29
11635200,60.77
11638800,68.02
11642400,75.53
11646000,82.81
11649600,89.35
11653200,94.71
11656800,98.52
11660400,100.52
11664000,100.58
11667600,98.69
11671200,94.99
11674800,89.71
11678400,83.23
11682000,75.98
11685600,68.47
11689200,61.19
11692800,54.65
11696400,49.29
11700000,45.48
11703600,43.48
11707200,43.42
11710800,45.31
11714400,49.01
11718000,54.29
11721600,60.77
11725200,68.02
11728800,75.53
11732400,82.81
11736000,89.35
11739600,94.71
11743200,98.52
11746800,100.52
11750400,100.58
11754000,98.69
11757600,94.99
11761200,89.71
11764800,83.23
11768400,75.98
11772000,68.47
11775600,61.19
11779200,54.65
11782800,49.29
11786400,45.48
11790000,43.48
11793600,43.42
11797200,45.31
11800800,49.01
11804400,54.29
11808000,60.77
11811600,68.02
11815200,75.53
11818800,82.81
11822400,89.35
11826000,94.71
11829600,98.52
11833200,100.52
11836800,100.58
11840400,98.69
11844000,94.99
11847600,89.71
11851200,83.23
11854800,75.98
11858400,68.47
11862000,61.19
11865600,54.65
11869200,49.29
11872800,45.48
11876400,43.48
11880000,43.42
11883600,45.31
11887200,49.01
11890800,54.29
11894400,60.77
11898000,68.02
11901600,75.53
11905200,82.81
11908800,89.35
11912400,94.71
11916000,98.52
11919600,100.52
11923200,100.58
11926800,98.69
11930400,94.99
11934000,89.71
11937600,83.23
11941200,75.98
11944800,68.47
11948400,61.19
11952000,54.65
11955600,49.29
11959200,45.48
11962800,43.48
11966400,43.42
11970000,45.31
11973600,49.01
11977200,54.29
11980800,60.77
11984400,68.02
11988000,75.53
11991600,82.81
11995200,89.35
11998800,94.71
12002400,98.52
12006000,100.52
12009600,100.58
12013200,98.69
12016800,94.99
12020400,89.71
12024000,83.23
12027600,75.98
12031200,68.47
12034800,61.19
12038400,54.65
12042000,49.29
12045600,45.48
12049200,43.48
12052800,43.42
12056400,45.31
12060000,49.01
12063600,54.29
12067200,60.77
12070800,68.02
12074400,75.53
12078000,82.81
12081600,89.35
12085200,94.71
12088800,98.52
12092400,100.52
12096000,100.58
12099600,98.69
12103200,94.99
12106800,89.71
12110400,83.23
12114000,75.98
12117600,68.47
12121200,61.19
12124800,54.65
12128400,49.29
12132000,45.48
12135600,43.48
12139200,43.42
12142800,45.31
12146400,49.01
12150000,54.29
12153600,60.77
12157200,68.02
12160800,75.53
12164400,82.81
12168000,89.35
12171600,94.71
12175200,98.52
12178800,100.52
12182400,100.58
12186000,98.69
12189600,94.99
12193200,89.71
12196800,83.23
12200400,75.98
12204000,68.47
12207600,61.19
12211200,54.65
12214800,49.29
12218400,45.48
12222000,43.48
12225600,43.42
12229200,45.31
12232800,49.01
12236400,54.29
12240000,60.77
12243600,68.02
12247200,75.53
12250800,82.81
12254400,89.35
12258000,94.71
12261600,98.52
12265200,100.52
12268800,100.58
12272400,98.69
12276000,94.99
12279600,89.71
12283200,83.23
12286800,75.98
12290400,68.47
12294000,61.19
12297600,54.65
12301200,49.29
12304800,45.48
12308400,43.48
12312000,43.42
12315600,45.31
12319200,49.01
12322800,54.29
12326400,60.77
12330000,68.02
12333600,75.53
12337200,82.81
12340800,89.35
12344400,94.71
12348000,98.52
12351600,100.52
12355200,100.58
12358800,98.69
12362400,94.99
12366000,89.71
12369600,83.23
12373200,75.98
12376800,68.47
12380400,61.19
12384000,54.65
12387600,49.29
12391200,45.48
12394800,43.48
12398400,43.42
12402000,45.31
12405600,49.01
12409200,54.29
12412800,60.77
12416400,68.02
12420000,75.53
12423600,82.81
12427200,89.35
12430800,94.71
12434400,98.52
12438000,100.52
12441600,100.58
12445200,98.69
12448800,94.99
12452400,89.71
12456000,83.23
12459600,75.98
12463200,68.47
12466800,61.19
12470400,54.65
12474000,49.29
12477600,45.48
12481200,43.48
12484800,43.42
12488400,45.31
12492000,49.01
12495600,54.29
12499200,60.77
12502800,68.02
12506400,75.53
12510000,82.81
12513600,89.35
12517200,94.71
12520800,98.52
12524400,100.52
12528000,100.58
12531600,98.69
12535200,94.99
12538800,89.71
12542400,83.23
12546000,75.98
12549600,68.47
12553200,61.19
12556800,54.65
12560400,49.29
12564000,45.48
12567600,43.48
12571200,43.42
12574800,45.31
12578400,49.01
12582000,54.29
12585600,60.77
12589200,68.02
12592800,75.53
12596400,82.81
12600000,89.35
12603600,94.71
12607200,98.52
12610800,100.52
12614400,100.58
12618000,98.69
12621600,94.99
12625200,89.71
12628800,83.23
12632400,75.98
12636000,68.47
12639600,61.19
12643200,54.65
12646800,49.29
12650400,45.48
12654000,43.48
12657600,43.42
12661200,45.31
12664800,49.01
12668400,54.29
12672000,60.77
12675600,68.02
12679200,75.53
12682800,82.81
12686400,89.35
12690000,94.71
12693600,98.52
12697200,100.52
12700800,100.58
12704400,98.69
12708000,94.99
12711600,89.71
12715200,83.23
12718800,75.98
12722400,68.47
12726000,61.19
12729600,54.65
12733200,49.29
12736800,45.48
12740400,43.48
12744000,43.42
12747600,45.31
12751200,49.01
12754800,54.29
12758400,60.77
12762000,68.02
12765600,75.53
12769200,82.81
12772800,89.35
12776400,94.71
12780000,98.52
12783600,100.52
12787200,100.58
12790800,98.69
12794400,94.99
12798000,89.71
12801600,83.23
12805200,75.98
12808800,68.47
12812400,61.19
12816000,54.65
12819600,49.29
12823200,45.48
12826800,43.48
12830400,43.42
12834000,45.31
12837600,49.01
12841200,54.29
12844800,60.77
12848400,68.02
12852000,75.53
12855600,82.81
12859200,89.35
12862800,94.71
12866400,98.52
12870000,100.52
12873600,100.58
12877200,98.69
12880800,94.99
12884400,89.71
12888000,83.23
12891600,75.98
12895200,68.47
12898800,61.19
12902400,54.65
12906000,49.29
12909600,45.48
12913200,43.48
12916800,43.42
12920400,45.31
12924000,49.01
12927600,54.29
12931200,60.77
12934800,68.02
12938400,75.53
12942000,82.81
12945600,89.35
12949200,94.71
12952800,98.52
12956400,100.52
12960000,100.58
12963600,98.69
12967200,94.99
12970800,89.71
12974400,83.23
12978000,75.98
12981600,68.47
12985200,61.19
12988800,54.65
12992400,49.29
12996000,45.48
12999600,43.48
13003200,43.42
13006800,45.31
13010400,49.01
13014000,54.29
13017600,60.77
13021200,68.02
13024800,75.53
13028400,82.81
13032000,89.35
13035600,94.71
13039200,98.52
13042800,100.52
13046400,100.58
13050000,98.69
13053600,94.99
13057200,89.71
13060800,83.23
13064400,75.98
13068000,68.47
13071600,61.19
13075200,54.65
13078800,49.29
13082400,45.48
13086000,43.48
13089600,43.42
13093200,45.31
13096800,49.01
13100400,54.29
13104000,60.77
13107600,68.02
13111200,75.53
13114800,82.81
13118400,89.35
13122000,94.71
13125600,98.52
13129200,100.52
13132800,100.58
13136400,98.69
13140000,94.99
13143600,89.71
13147200,83.23
13150800,75.98
13154400,68.47
13158000,61.19
13161600,54.65
13165200,49.29
13168800,45.48
13172400,43.48
13176000,43.42
13179600,45.31
13183200,49.01
13186800,54.29
13190400,60.77
13194000,68.02
13197600,75.53
13201200,82.81
13204800,89.35
13208400,94.71
13212000,98.52
13215600,100.52
13219200,100.58
13222800,98.69
13226400,94.99
13230000,89.71
13233600,83.23
13237200,75.98
13240800,68.47
13244400,61.19
13248000,54.65
13251600,49.29
13255200,45.48
13258800,43.48
13262400,43.42
13266000,45.31
13269600,49.01
13273200,54.29
13276800,60.77
13280400,68.02
13284000,75.53
13287600,82.81
13291200,89.35
13294800,94.71
13298400,98.52
13302000,100.52
13305600,100.58
13309200,98.69
13312800,94.99
13316400,89.71
13320000,83.23
13323600,75.98
13327200,68.47
13330800,61.19
13334400,54.65
13338000,49.29
13341600,45.48
13345200,43.48
13348800,43.42
13352400,45.31
13356000,49.01
13359600,54.29
13363200,60.77
13366800,68.02
13370400,75.53
13374000,82.81
13377600,89.35
13381200,94.71
13384800,98.52
13388400,100.52
13392000,100.58
13395600,98.69
13399200,94.99
13402800,89.71
13406400,83.23
13410000,75.98
13413600,68.47
13417200,61.19
13420800,54.65
13424400,49.29
13428000,45.48
13431600,43.48
13435200,43.42
13438800,45.31
13442400,49.01
13446000,54.29
13449600,60.77
13453200,68.02
13456800,75.53
13460400,82.81
13464000,89.35
13467600,94.71
13471200,98.52
13474800,100.52
13478400,100.58
13482000,98.69
13485600,94.99
13489200,89.71
13492800,83.23
13496400,75.98
13500000,68.47
13503600,61.19
13507200,54.65
13510800,49.29
13514400,45.48
13518000,43.48
13521600,43.42
13525200,45.31
13528800,49.01
13532400,54.29
13536000,60.77
13539600,68.02
13543200,75.53
13546800,82.81
13550400,89.35
13554000,94.71
13557600,98.52
13561200,100.52
13564800,100.58
13568400,98.69
13572000,94.99
13575600,89.71
13579200,83.23
13582800,75.98
13586400,68.47
13590000,61.19
13593600,54.65
13597200,49.29
13600800,45.48
13604400,43.48
13608000,43.42
13611600,45.31
13615200,49.01
13618800,54.29
13622400,60.77
13626000,68.02
13629600,75.53
13633200,82.81
13636800,89.35
13640400,94.71
13644000,98.52
13647600,100.52
13651200,100.58
13654800,98.69
13658400,94.99
13662000,89.71
13665600,83.23
13669200,75.98
13672800,68.47
13676400,61.19
13680000,54.65
13683600,49.29
13687200,45.48
13690800,43.48
13694400,43.42
13698000,45.31
13701600,49.01
13705200,54.29
13708800,60.77
13712400,68.02
13716000,75.53
13719600,82.81
13723200,89.35
13726800,94.71
13730400,98.52
13734000,100.52
13737600,100.58
13741200,98.69
13744800,94.99
13748400,89.71
13752000,83.23
13755600,75.98
13759200,68.47
13762800,61.19
13766400,54.65
13770000,49.29
13773600,45.48
13777200,43.48
13780800,43.42
13784400,45.31
13788000,49.01
13791600,54.29
13795200,60.77
13798800,68.02
13802400,75.53
13806000,82.81
13809600,89.35
13813200,94.71
13816800,98.52
13820400,100.52
13824000,100.58
13827600,98.69
13831200,94.99
13834800,89.71
13838400,83.23
13842000,75.98
13845600,68.47
13849200,61.19
13852800,54.65
13856400,49.29
13860000,45.48
13863600,43.48
13867200,43.42
13870800,45.31
13874400,49.01
13878000,54.29
13881600,60.77
13885200,68.02
13888800,75.53
13892400,82.81
13896000,89.35
13899600,94.71
13903200,98.52
13906800,100.52
13910400,100.58
13914000,98.69
13917600,94.99
13921200,89.71
13924800,83.23
13928400,75.98
13932000,68.47
13935600,61.19
13939200,54.65
13942800,49.29
13946400,45.48
13950000,43.48
13953600,43.42
13957200,45.31
13960800,49.01
13964400,54.29
13968000,60.77
13971600,68.02
13975200,75.53
13978800,82.81
13982400,89.35
13986000,94.71
13989600,98.52
13993200,100.52
13996800,100.58
14000400,98.69
14004000,94.99
14007600,89.71
14011200,83.23
14014800,75.98
14018400,68.47
14022000,61.19
14025600,54.65
14029200,49.29
14032800,45.48
14036400,43.48
14040000,43.42
14043600,45.31
14047200,49.01
14050800,54.29
14054400,60.77
14058000,68.02
14061600,75.53
14065200,82.81
14068800,89.35
14072400,94.71
14076000,98.52
14079600,100.52
14083200,100.58
14086800,98.69
14090400,94.99
14094000,89.71
14097600,83.23
14101200,75.98
14104800,68.47
14108400,61.19
14112000,54.65
14115600,49.29
14119200,45.48
14122800,43.48
14126400,43.42
14130000,45.31
14133600,49.01
14137200,54.29
14140800,60.77
14144400,68.02
14148000,75.53
14151600,82.81
14155200,89.35
14158800,94.71
14162400,98.52
14166000,100.52
14169600,100.58
14173200,98.69
14176800,94.99
14180400,89.71
14184000,83.23
14187600,75.98
14191200,68.47
14194800,61.19
14198400,54.65
14202000,49.29
14205600,45.48
14209200,43.48
14212800,43.42
14216400,45.31
14220000,49.01
14223600,54.29
14227200,60.77
14230800,68.02
14234400,75.53
14238000,82.81
14241600,89.35
14245200,94.71
14248800,98.52
14252400,100.52
14256000,100.58
14259600,98.69
14263200,94.99
14266800,89.71
14270400,83.23
14274000,75.98
14277600,68.47
14281200,61.19
14284800,54.65
14288400,49.29
14292000,45.48
14295600,43.48
14299200,43.42
14302800,45.31
14306400,49.01
14310000,54.29
14313600,60.77
14317200,68.02
14320800,75.53
14324400,82.81
14328000,89.35
14331600,94.71
14335200,98.52
14338800,100.52
14342400,100.58
14346000,98.69
14349600,94.99
14353200,89.71
14356800,83.23
14360400,75.98
14364000,68.47
14367600,61.19
14371200,54.65
14374800,49.29
14378400,45.48
14382000,43.48
14385600,43.42
14389200,45.31
14392800,49.01
14396400,54.29
14400000,60.77
14403600,68.02
14407200,75.53
14410800,82.81
14414400,89.35
14418000,94.71
14421600,98.52
14425200,100.52
14428800,100.58
14432400,98.69
14436000,94.99
14439600,89.71
14443200,83.23
14446800,75.98
14450400,68.47
14454000,61.19
14457600,54.65
14461200,49.29
14464800,45.48
14468400,43.48
14472000,43.42
14475600,45.31
14479200,49.01
14482800,54.29
14486400,60.77
14490000,68.02
14493600,75.53
14497200,82.81
14500800,89.35
14504400,94.71
14508000,98.52
14511600,100.52
14515200,100.58
14518800,98.69
14522400,94.99
14526000,89.71
14529600,83.23
14533200,75.98
14536800,68.47
14540400,61.19
14544000,54.65
14547600,49.29
14551200,45.48
14554800,43.48
14558400,43.42
14562000,45.31
14565600,49.01
14569200,54.29
14572800,60.77
14576400,68.02
14580000,75.53
14583600,82.81
14587200,89.35
14590800,94.71
14594400,98.52
14598000,100.52
14601600,100.58
14605200,98.69
14608800,94.99
14612400,89.71
14616000,83.23
14619600,75.98
14623200,68.47
14626800,61.19
14630400,54.65
14634000,49.29
14637600,45.48
14641200,43.48
14644800,43.42
14648400,45.31
14652000,49.01
14655600,54.29
14659200,60.77
14662800,68.02
14666400,75.53
14670000,82.81
14673600,89.35
14677200,94.71
14680800,98.52
14684400,100.52
14688000,100.58
14691600,98.69
14695200,94.99
14698800,89.71
14702400,83.23
14706000,75.98
14709600,68.47
14713200,61.19
14716800,54.65
14720400,49.29
14724000,45.48
14727600,43.48
14731200,43.42
14734800,45.31
14738400,49.01
14742000,54.29
14745600,60.77
14749200,68.02
14752800,75.53
14756400,82.81
14760000,89.35
14763600,94.71
14767200,98.52
14770800,100.52
14774400,100.58
14778000,98.69
14781600,94.99
14785200,89.71
14788800,83.23
14792400,75.98
14796000,68.47
14799600,61.19
14803200,54.65
14806800,49.29
14810400,45.48
14814000,43.48
14817600,43.42
14821200,45.31
14824800,49.01
14828400,54.29
14832000,60.77
14835600,68.02
14839200,75.53
14842800,82.81
14846400,89.35
14850000,94.71
14853600,98.52
14857200,100.52
14860800,100.58
14864400,98.69
14868000,94.99
14871600,89.71
14875200,83.23
14878800,75.98
14882400,68.47
14886000,61.19
14889600,54.65
14893200,49.29
14896800,45.48
14900400,43.48
14904000,43.42
14907600,45.31
14911200,49.01
14914800,54.29
14918400,60.77
14922000,68.02
14925600,75.53
14929200,82.81
14932800,89.35
14936400,94.71
14940000,98.52
14943600,100.52
14947200,100.58
14950800,98.69
14954400,94.99
14958000,89.71
14961600,83.23
14965200,75.98
14968800,68.47
14972400,61.19
14976000,54.65
14979600,49.29
14983200,45.48
14986800,43.48
14990400,43.42
14994000,45.31
14997600,49.01
15001200,54.29
15004800,60.77
15008400,68.02
15012000,75.53
15015600,82.81
15019200,89.35
15022800,94.71
15026400,98.52
15030000,100.52
15033600,100.58
15037200,98.69
15040800,94.99
15044400,89.71
15048000,83.23
15051600,75.98
15055200,68.47
15058800,61.19
15062400,54.65
15066000,49.29
15069600,45.48
15073200,43.48
15076800,43.42
15080400,45.31
15084000,49.01
15087600,54.29
15091200,60.77
15094800,68.02
15098400,75.53
15102000,82.81
15105600,89.35
15109200,94.71
15112800,98.52
15116400,100.52
15120000,100.58
15123600,98.69
15127200,94.99
15130800,89.71
15134400,83.23
15138000,75.98
15141600,68.47
15145200,61.19
15148800,54.65
15152400,49.29
15156000,45.48
15159600,43.48
15163200,43.42
15166800,45.31
15170400,49.01
15174000,54.29
15177600,60.77
15181200,68.02
15184800,75.53
15188400,82.81
15192000,89.35
15195600,94.71
15199200,98.52
15202800,100.52
15206400,100.58
15210000,98.69
15213600,94.99
15217200,89.71
15220800,83.23
15224400,75.98
15228000,68.47
15231600,61.19
15235200,54.65
15238800,49.29
15242400,45.48
15246000,43.48
15249600,43.42
15253200,45.31
15256800,49.01
15260400,54.29
15264000,60.77
15267600,68.02
15271200,75.53
15274800,82.81
15278400,89.35
15282000,94.71
15285600,98.52
15289200,100.52
15292800,100.58
15296400,98.69
15300000,94.99
15303600,89.71
15307200,83.23
15310800,75.98
15314400,68.47
15318000,61.19
15321600,54.65
15325200,49.29
15328800,45.48
15332400,43.48
15336000,43.42
15339600,45.31
15343200,49.01
15346800,54.29
15350400,60.77
15354000,68.02
15357600,75.53
15361200,82.81
15364800,89.35
15368400,94.71
15372000,98.52
15375600,100.52
15379200,100.58
15382800,98.69
15386400,94.99
15390000,89.71
15393600,83.23
15397200,75.98
15400800,68.47
15404400,61.19
15408000,54.65
15411600,49.29
15415200,45.48
15418800,43.48
15422400,43.42
15426000,45.31
15429600,49.01
15433200,54.29
15436800,60.77
15440400,68.02
15444000,75.53
15447600,82.81
15451200,89.35
15454800,94.71
15458400,98.52
15462000,100.52
15465600,100.58
15469200,98.69
15472800,94.99
15476400,89.71
15480000,83.23
15483600,75.98
15487200,68.47
15490800,61.19
15494400,54.65
15498000,49.29
15501600,45.48
15505200,43.48
15508800,43.42
15512400,45.31
15516000,49.01
15519600,54.29
15523200,60.77
15526800,68.02
15530400,75.53
15534000,82.81
15537600,89.35
15541200,94.71
15544800,98.52
15548400,100.52
15552000,100.58
15555600,98.69
15559200,94.99
15562800,89.71
15566400,83.23
15570000,75.98
15573600,68.47
15577200,61.19
15580800,54.65
15584400,49.29
15588000,45.48
15591600,43.48
15595200,43.42
15598800,45.31
15602400,49.01
15606000,54.29
15609600,60.77
15613200,68.02
15616800,75.53
15620400,82.81
15624000,89.35
15627600,94.71
15631200,98.52
15634800,100.52
15638400,100.58
15642000,98.69
15645600,94.99
15649200,89.71
15652800,83.23
15656400,75.98
15660000,68.47
15663600,61.19
15667200,54.65
15670800,49.29
15674400,45.48
15678000,43.48
15681600,43.42
15685200,45.31
15688800,49.01
15692400,54.29
15696000,60.77
15699600,68.02
15703200,75.53
15706800,82.81
15710400,89.35
15714000,94.71
15717600,98.52
15721200,100.52
15724800,100.58
15728400,98.69
15732000,94.99
15735600,89.71
15739200,83.23
15742800,75.98
15746400,68.47
15750000,61.19
15753600,54.65
15757200,49.29
15760800,45.48
15764400,43.48
15768000,43.42
15771600,45.31
15775200,49.01
15778800,54.29
15782400,60.77
15786000,68.02
15789600,75.53
15793200,82.81
15796800,89.35
15800400,94.71
15804000,98.52
15807600,100.52
15811200,100.58
15814800,98.69
15818400,94.99
15822000,89.71
15825600,83.23
15829200,75.98
15832800,68.47
15836400,61.19
15840000,54.65
15843600,49.29
15847200,45.48
15850800,43.48
15854400,43.42
15858000,45.31
15861600,49.01
15865200,54.29
15868800,60.77
15872400,68.02
15876000,75.53
15879600,82.81
15883200,89.35
15886800,94.71
15890400,98.52
15894000,100.52
15897600,100.58
15901200,98.69
15904800,94.99
15908400,89.71
15912000,83.23
15915600,75.98
15919200,68.47
15922800,61.19
15926400,54.65
15930000,49.29
15933600,45.48
15937200,43.48
15940800,43.42
15944400,45.31
15948000,49.01
15951600,54.29
15955200,60.77
15958800,68.02
15962400,75.53
15966000,82.81
15969600,89.35
15973200,94.71
15976800,98.52
15980400,100.52
15984000,100.58
15987600,98.69
15991200,94.99
15994800,89.71
15998400,83.23
16002000,75.98
16005600,68.47
16009200,61.19
16012800,54.65
16016400,49.29
16020000,45.48
16023600,43.48
16027200,43.42
16030800,45.31
16034400,49.01
16038000,54.29
16041600,60.77
16045200,68.02
16048800,75.53
16052400,82.81
16056000,89.35
16059600,94.71
16063200,98.52
16066800,100.52
16070400,100.58
16074000,98.69
16077600,94.99
16081200,89.71
16084800,83.23
16088400,75.98
16092000,68.47
16095600,61.19
16099200,54.65
16102800,49.29
16106400,45.48
16110000,43.48
16113600,43.42
16117200,45.31
16120800,49.01
16124400,54.29
16128000,60.77
16131600,68.02
16135200,75.53
16138800,82.81
16142400,89.35
16146000,94.71
16149600,98.52
16153200,100.52
16156800,100.58
16160400,98.69
16164000,94.99
16167600,89.71
16171200,83.23
16174800,75.98
16178400,68.47
16182000,61.19
16185600,54.65
16189200,49.29
16192800,45.48
16196400,43.48
16200000,43.42
16203600,45.31
16207200,49.01
16210800,54.29
16214400,60.77
16218000,68.02
16221600,75.53
16225200,82.81
16228800,89.35
16232400,94.71
16236000,98.52
16239600,100.52
16243200,100.58
16246800,98.69
16250400,94.99
16254000,89.71
16257600,83.23
16261200,75.98
16264800,68.47
16268400,61.19
16272000,54.65
16275600,49.29
16279200,45.48
16282800,43.48
16286400,43.42
16290000,45.31
16293600,49.01
16297200,54.29
16300800,60.77
16304400,68.02
16308000,75.53
16311600,82.81
16315200,89.35
16318800,94.71
16322400,98.52
16326000,100.52
16329600,100.58
16333200,98.69
16336800,94.99
16340400,89.71
16344000,83.23
16347600,75.98
16351200,68.47
16354800,61.19
16358400,54.65
16362000,49.29
16365600,45.48
16369200,43.48
16372800,43.42
16376400,45.31
16380000,49.01
16383600,54.29
16387200,60.77
16390800,68.02
16394400,75.53
16398000,82.81
16401600,89.35
16405200,94.71
16408800,98.52
16412400,100.52
16416000,100.58
16419600,98.69
16423200,94.99
16426800,89.71
16430400,83.23
16434000,75.98
16437600,68.47
16441200,61.19
16444800,54.65
16448400,49.29
16452000,45.48
16455600,43.48
16459200,43.42
16462800,45.31
16466400,49.01
16470000,54.29
16473600,60.77
16477200,68.02
16480800,75.53
16484400,82.81
16488000,89.35
16491600,94.71
16495200,98.52
16498800,100.52
16502400,100.58
16506000,98.69
16509600,94.99
16513200,89.71
16516800,83.23
16520400,75.98
16524000,68.47
16527600,61.19
16531200,54.65
16534800,49.29
16538400,45.48
16542000,43.48
16545600,43.42
16549200,45.31
16552800,49.01
16556400,54.29
16560000,60.77
16563600,68.02
16567200,75.53
16570800,82.81
16574400,89.35
16578000,94.71
16581600,98.52
16585200,100.52
16588800,100.58
16592400,98.69
16596000,94.99
16599600,89.71
16603200,83.23
16606800,75.98
16610400,68.47
16614000,61.19
16617600,54.65
16621200,49.29
16624800,45.48
16628400,43.48
16632000,43.42
16635600,45.31
16639200,49.01
16642800,54.29
16646400,60.77
16650000,68.02
16653600,75.53
16657200,82.81
16660800,89.35
16664400,94.71
16668000,98.52
16671600,100.52
16675200,100.58
16678800,98.69
16682400,94.99
16686000,89.71
16689600,83.23
16693200,75.98
16696800,68.47
16700400,61.19
16704000,54.65
16707600,49.29
16711200,45.48
16714800,43.48
16718400,43.42
16722000,45.31
16725600,49.01
16729200,54.29
16732800,60.77
16736400,68.02
16740000,75.53
16743600,82.81
16747200,89.35
16750800,94.71
16754400,98.52
16758000,100.52
16761600,100.58
16765200,98.69
16768800,94.99
16772400,89.71
16776000,83.23
16779600,75.98
16783200,68.47
16786800,61.19
16790400,54.65
16794000,49.29
16797600,45.48
16801200,43.48
16804800,43.42
16808400,45.31
16812000,49.01
16815600,54.29
16819200,60.77
16822800,68.02
16826400,75.53
16830000,82.81
16833600,89.35
16837200,94.71
16840800,98.52
16844400,100.52
16848000,100.58
16851600,98.69
16855200,94.99
16858800,89.71
16862400,83.23
16866000,75.98
16869600,68.47
16873200,61.19
16876800,54.65
16880400,49.29
16884000,45.48
16887600,43.48
16891200,43.42
16894800,45.31
16898400,49.01
16902000,54.29
16905600,60.77
16909200,68.02
16912800,75.53
16916400,82.81
16920000,89.35
16923600,94.71
16927200,98.52
16930800,100.52
16934400,100.58
16938000,98.69
16941600,94.99
16945200,89.71
16948800,83.23
16952400,75.98
16956000,68.47
16959600,61.19
16963200,54.65
16966800,49.29
16970400,45.48
16974000,43.48
16977600,43.42
16981200,45.31
16984800,49.01
16988400,54.29
16992000,60.77
16995600,68.02
16999200,75.53
17002800,82.81
17006400,89.35
17010000,94.71
17013600,98.52
17017200,100.52
17020800,100.58
17024400,98.69
17028000,94.99
17031600,89.71
17035200,83.23
17038800,75.98
17042400,68.47
17046000,61.19
17049600,54.65
17053200,49.29
17056800,45.48
17060400,43.48
17064000,43.42
17067600,45.31
17071200,49.01
17074800,54.29
17078400,60.77
17082000,68.02
17085600,75.53
17089200,82.81
17092800,89.35
17096400,94.71
17100000,98.52
17103600,100.52
17107200,100.58
17110800,98.69
17114400,94.99
17118000,89.71
17121600,83.23
17125200,75.98
17128800,68.47
17132400,61.19
17136000,54.65
17139600,49.29
17143200,45.48
17146800,43.48
17150400,43.42
17154000,45.31
17157600,49.01
17161200,54.29
17164800,60.77
17168400,68.02
17172000,75.53
17175600,82.81
17179200,89.35
17182800,94.71
17186400,98.52
17190000,100.52
17193600,100.58
17197200,98.69
17200800,94.99
17204400,89.71
17208000,83.23
17211600,75.98
17215200,68.47
17218800,61.19
17222400,54.65
17226000,49.29
17229600,45.48
17233200,43.48
17236800,43.42
17240400,45.31
17244000,49.01
17247600,54.29
17251200,60.77
17254800,68.02
17258400,75.53
17262000,82.81
17265600,89.35
17269200,94.71
17272800,98.52
17276400,100.52
17280000,100.58
17283600,98.69
17287200,94.99
17290800,89.71
17294400,83.23
17298000,75.98
17301600,68.47
17305200,61.19
17308800,54.65
17312400,49.29
17316000,45.48
17319600,43.48
17323200,43.42
17326800,45.31
17330400,49.01
17334000,54.29
17337600,60.77
17341200,68.02
17344800,75.53
17348400,82.81
17352000,89.35
17355600,94.71
17359200,98.52
17362800,100.52
17366400,100.58
17370000,98.69
17373600,94.99
17377200,89.71
17380800,83.23
17384400,75.98
17388000,68.47
17391600,61.19
17395200,54.65
17398800,49.29
17402400,45.48
17406000,43.48
17409600,43.42
17413200,45.31
17416800,49.01
17420400,54.29
17424000,60.77
17427600,68.02
17431200,75.53
17434800,82.81
17438400,89.35
17442000,94.71
17445600,98.52
17449200,100.52
17452800,100.58
17456400,98.69
17460000,94.99
17463600,89.71
17467200,83.23
17470800,75.98
17474400,68.47
17478000,61.19
17481600,54.65
17485200,49.29
17488800,45.48
17492400,43.48
17496000,43.42
17499600,45.31
17503200,49.01
17506800,54.29
17510400,60.77
17514000,68.02
17517600,75.53
17521200,82.81
17524800,89.35
17528400,94.71
17532000,98.52
17535600,100.52
17539200,100.58
17542800,98.69
17546400,94.99
17550000,89.71
17553600,83.23
17557200,75.98
17560800,68.47
17564400,61.19
17568000,54.65
17571600,49.29
17575200,45.48
17578800,43.48
17582400,43.42
17586000,45.31
17589600,49.01
17593200,54.29
17596800,60.77
17600400,68.02
17604000,75.53
17607600,82.81
17611200,89.35
17614800,94.71
17618400,98.52
17622000,100.52
17625600,100.58
17629200,98.69
17632800,94.99
17636400,89.71
17640000,83.23
17643600,75.98
17647200,68.47
17650800,61.19
17654400,54.65
17658000,49.29
17661600,45.48
17665200,43.48
17668800,43.42
17672400,45.31
17676000,49.01
17679600,54.29
17683200,60.77
17686800,68.02
17690400,75.53
17694000,82.81
17697600,89.35
17701200,94.71
17704800,98.52
17708400,100.52
17712000,100.58
17715600,98.69
17719200,94.99
17722800,89.71
17726400,83.23
17730000,75.98
17733600,68.47
17737200,61.19
17740800,54.65
17744400,49.29
17748000,45.48
17751600,43.48
17755200,43.42
17758800,45.31
17762400,49.01
17766000,54.29
17769600,60.77
17773200,68.02
17776800,75.53
17780400,82.81
17784000,89.35
17787600,94.71
17791200,98.52
17794800,100.52
17798400,100.58
17802000,98.69
17805600,94.99
17809200,89.71
17812800,83.23
17816400,75.98
17820000,68.47
17823600,61.19
17827200,54.65
17830800,49.29
17834400,45.48
17838000,43.48
17841600,43.42
17845200,45.31
17848800,49.01
17852400,54.29
17856000,60.77
17859600,68.02
17863200,75.53
17866800,82.81
17870400,89.35
17874000,94.71
17877600,98.52
17881200,100.52
17884800,100.58
17888400,98.69
17892000,94.99
17895600,89.71
17899200,83.23
17902800,75.98
17906400,68.47
17910000,61.19
17913600,54.65
17917200,49.29
17920800,45.48
17924400,43.48
17928000,43.42
17931600,45.31
17935200,49.01
17938800,54.29
17942400,60.77
17946000,68.02
17949600,75.53
17953200,82.81
17956800,89.35
17960400,94.71
17964000,98.52
17967600,100.52
17971200,100.58
17974800,98.69
17978400,94.99
17982000,89.71
17985600,83.23
17989200,75.98
17992800,68.47
17996400,61.19
18000000,54.65
18003600,49.29
18007200,45.48
18010800,43.48
18014400,43.42
18018000,45.31
18021600,49.01
18025200,54.29
18028800,60.77
18032400,68.02
18036000,75.53
18039600,82.81
18043200,89.35
18046800,94.71
18050400,98.52
18054000,100.52
18057600,100.58
18061200,98.69
18064800,94.99
18068400,89.71
18072000,83.23
18075600,75.98
18079200,68.47
18082800,61.19
18086400,54.65
18090000,49.29
18093600,45.48
18097200,43.48
18100800,43.42
18104400,45.31
18108000,49.01
18111600,54.29
18115200,60.77
18118800,68.02
18122400,75.53
18126000,82.81
18129600,89.35
18133200,94.71
18136800,98.52
18140400,100.52
18144000,100.58
18147600,98.69
18151200,94.99
18154800,89.71
18158400,83.23
18162000,75.98
18165600,68.47
18169200,61.19
18172800,54.65
18176400,49.29
18180000,45.48
18183600,43.48
18187200,43.42
18190800,45.31
18194400,49.01
18198000,54.29
18201600,60.77
18205200,68.02
18208800,75.53
18212400,82.81
18216000,89.35
18219600,94.71
18223200,98.52
18226800,100.52
18230400,100.58
18234000,98.69
18237600,94.99
18241200,89.71
18244800,83.23
18248400,75.98
18252000,68.47
18255600,61.19
18259200,54.65
18262800,49.29
18266400,45.48
18270000,43.48
18273600,43.42
18277200,45.31
18280800,49.01
18284400,54.29
18288000,60.77
18291600,68.02
18295200,75.53
18298800,82.81
18302400,89.35
18306000,94.71
18309600,98.52
18313200,100.52
18316800,100.58
18320400,98.69
18324000,94.99
18327600,89.71
18331200,83.23
18334800,75.98
18338400,68.47
18342000,61.19
18345600,54.65
18349200,49.29
18352800,45.48
18356400,43.48
18360000,43.42
18363600,45.31
18367200,49.01
18370800,54.29
18374400,60.77
18378000,68.02
18381600,75.53
18385200,82.81
18388800,89.35
18392400,94.71
18396000,98.52
18399600,100.52
18403200,100.58
18406800,98.69
18410400,94.99
18414000,89.71
18417600,83.23
18421200,75.98
18424800,68.47
18428400,61.19
18432000,54.65
18435600,49.29
18439200,45.48
18442800,43.48
18446400,43.42
18450000,45.31
18453600,49.01
18457200,54.29
18460800,60.77
18464400,68.02
18468000,75.53
18471600,82.81
18475200,89.35
18478800,94.71
18482400,98.52
18486000,100.52
18489600,100.58
18493200,98.69
18496800,94.99
18500400,89.71
18504000,83.23
18507600,75.98
18511200,68.47
18514800,61.19
18518400,54.65
18522000,49.29
18525600,45.48
18529200,43.48
18532800,43.42
18536400,45.31
18540000,49.01
18543600,54.29
18547200,60.77
18550800,68.02
18554400,75.53
18558000,82.81
18561600,89.35
18565200,94.71
18568800,98.52
18572400,100.52
18576000,100.58
18579600,98.69
18583200,94.99
18586800,89.71
18590400,83.23
18594000,75.98
18597600,68.47
18601200,61.19
18604800,54.65
18608400,49.29
18612000,45.48
18615600,43.48
18619200,43.42
18622800,45.31
18626400,49.01
18630000,54.29
18633600,60.77
18637200,68.02
18640800,75.53
18644400,82.81
18648000,89.35
18651600,94.71
18655200,98.52
18658800,100.52
18662400,100.58
18666000,98.69
18669600,94.99
18673200,89.71
18676800,83.23
18680400,75.98
18684000,68.47
18687600,61.19
18691200,54.65
18694800,49.29
18698400,45.48
18702000,43.48
18705600,43.42
18709200,45.31
18712800,49.01
18716400,54.29
18720000,60.77
18723600,68.02
18727200,75.53
18730800,82.81
18734400,89.35
18738000,94.71
18741600,98.52
18745200,100.52
18748800,100.58
18752400,98.69
18756000,94.99
18759600,89.71
18763200,83.23
18766800,75.98
18770400,68.47
18774000,61.19
18777600,54.65
18781200,49.29
18784800,45.48
18788400,43.48
18792000,43.42
18795600,45.31
18799200,49.01
18802800,54.29
18806400,60.77
18810000,68.02
18813600,75.53
18817200,82.81
18820800,89.35
18824400,94.71
18828000,98.52
18831600,100.52
18835200,100.58
18838800,98.69
18842400,94.99
18846000,89.71
18849600,83.23
18853200,75.98
18856800,68.47
18860400,61.19
18864000,54.65
18867600,49.29
18871200,45.48
18874800,43.48
18878400,43.42
18882000,45.31
18885600,49.01
18889200,54.29
18892800,60.77
18896400,68.02
18900000,75.53
18903600,82.81
18907200,89.35
18910800,94.71
18914400,98.52
18918000,100.52
18921600,100.58
18925200,98.69
18928800,94.99
18932400,89.71
18936000,83.23
18939600,75.98
18943200,68.47
18946800,61.19
18950400,54.65
18954000,49.29
18957600,45.48
18961200,43.48
18964800,43.42
18968400,45.31
18972000,49.01
18975600,54.29
18979200,60.77
18982800,68.02
18986400,75.53
18990000,82.81
18993600,89.35
18997200,94.71
19000800,98.52
19004400,100.52
19008000,100.58
19011600,98.69
19015200,94.99
19018800,89.71
19022400,83.23
19026000,75.98
19029600,68.47
19033200,61.19
19036800,54.65
19040400,49.29
19044000,45.48
19047600,43.48
19051200,43.42
19054800,45.31
19058400,49.01
19062000,54.29
19065600,60.77
19069200,68.02
19072800,75.53
19076400,82.81
19080000,89.35
19083600,94.71
19087200,98.52
19090800,100.52
19094400,100.58
19098000,98.69
19101600,94.99
19105200,89.71
19108800,83.23
19112400,75.98
19116000,68.47
19119600,61.19
19123200,54.65
19126800,49.29
19130400,45.48
19134000,43.48
19137600,43.42
19141200,45.31
19144800,49.01
19148400,54.29
19152000,60.77
19155600,68.02
19159200,75.53
19162800,82.81
19166400,89.35
19170000,94.71
19173600,98.52
19177200,100.52
19180800,100.58
19184400,98.69
19188000,94.99
19191600,89.71
19195200,83.23
19198800,75.98
19202400,68.47
19206000,61.19
19209600,54.65
19213200,49.29
19216800,45.48
19220400,43.48
19224000,43.42
19227600,45.31
19231200,49.01
19234800,54.29
19238400,60.77
19242000,68.02
19245600,75.53
19249200,82.81
19252800,89.35
19256400,94.71
19260000,98.52
19263600,100.52
19267200,100.58
19270800,98.69
19274400,94.99
19278000,89.71
19281600,83.23
19285200,75.98
19288800,68.47
19292400,61.19
19296000,54.65
19299600,49.29
19303200,45.48
19306800,43.48
19310400,43.42
19314000,45.31
19317600,49.01
19321200,54.29
19324800,60.77
19328400,68.02
19332000,75.53
19335600,82.81
19339200,89.35
19342800,94.71
19346400,98.52
19350000,100.52
19353600,100.58
19357200,98.69
19360800,94.99
19364400,89.71
19368000,83.23
19371600,75.98
19375200,68.47
19378800,61.19
19382400,54.65
19386000,49.29
19389600,45.48
19393200,43.48
19396800,43.42
19400400,45.31
19404000,49.01
19407600,54.29
19411200,60.77
19414800,68.02
19418400,75.53
19422000,82.81
19425600,89.35
19429200,94.71
19432800,98.52
19436400,100.52
19440000,100.58
19443600,98.69
19447200,94.99
19450800,89.71
19454400,83.23
19458000,75.98
19461600,68.47
19465200,61.19
19468800,54.65
19472400,49.29
19476000,45.48
19479600,43.48
19483200,43.42
19486800,45.31
19490400,49.01
19494000,54.29
19497600,60.77
19501200,68.02
19504800,75.53
19508400,82.81
19512000,89.35
19515600,94.71
19519200,98.52
19522800,100.52
19526400,100.58
19530000,98.69
19533600,94.99
19537200,89.71
19540800,83.23
19544400,75.98
19548000,68.47
19551600,61.19
19555200,54.65
19558800,49.29
19562400,45.48
19566000,43.48
19569600,43.42
19573200,45.31
19576800,49.01
19580400,54.29
19584000,60.77
19587600,68.02
19591200,75.53
19594800,82.81
19598400,89.35
19602000,94.71
19605600,98.52
19609200,100.52
19612800,100.58
19616400,98.69
19620000,94.99
19623600,89.71
19627200,83.23
19630800,75.98
19634400,68.47
19638000,61.19
19641600,54.65
19645200,49.29
19648800,45.48
19652400,43.48
19656000,43.42
19659600,45.31
19663200,49.01
19666800,54.29
19670400,60.77
19674000,68.02
19677600,75.53
19681200,82.81
19684800,89.35
19688400,94.71
19692000,98.52
19695600,100.52
19699200,100.58
19702800,98.69
19706400,94.99
19710000,89.71
19713600,83.23
19717200,75.98
19720800,68.47
19724400,61.19
19728000,54.65
19731600,49.29
19735200,45.48
19738800,43.48
19742400,43.42
19746000,45.31
19749600,49.01
19753200,54.29
19756800,60.77
19760400,68.02
19764000,75.53
19767600,82.81
19771200,89.35
19774800,94.71
19778400,98.52
19782000,100.52
19785600,100.58
19789200,98.69
19792800,94.99
19796400,89.71
19800000,83.23
19803600,75.98
19807200,68.47
19810800,61.19
19814400,54.65
19818000,49.29
19821600,45.48
19825200,43.48
19828800,43.42
19832400,45.31
19836000,49.01
19839600,54.29
19843200,60.77
19846800,68.02
19850400,75.53
19854000,82.81
19857600,89.35
19861200,94.71
19864800,98.52
19868400,100.52
19872000,100.58
19875600,98.69
19879200,94.99
19882800,89.71
19886400,83.23
19890000,75.98
19893600,68.47
19897200,61.19
19900800,54.65
19904400,49.29
19908000,45.48
19911600,43.48
19915200,43.42
19918800,45.31
19922400,49.01
19926000,54.29
19929600,60.77
19933200,68.02
19936800,75.53
19940400,82.81
19944000,89.35
19947600,94.71
19951200,98.52
19954800,100.52
19958400,100.58
19962000,98.69
19965600,94.99
19969200,89.71
19972800,83.23
19976400,75.98
19980000,68.47
19983600,61.19
19987200,54.65
19990800,49.29
19994400,45.48
19998000,43.48
20001600,43.42
20005200,45.31
20008800,49.01
20012400,54.29
20016000,60.77
20019600,68.02
20023200,75.53
20026800,82.81
20030400,89.35
20034000,94.71
20037600,98.52
20041200,100.52
20044800,100.58
20048400,98.69
20052000,94.99
20055600,89.71
20059200,83.23
20062800,75.98
20066400,68.47
20070000,61.19
20073600,54.65
20077200,49.29
20080800,45.48
20084400,43.48
20088000,43.42
20091600,45.31
20095200,49.01
20098800,54.29
20102400,60.77
20106000,68.02
20109600,75.53
20113200,82.81
20116800,89.35
20120400,94.71
20124000,98.52
20127600,100.52
20131200,100.58
20134800,98.69
20138400,94.99
20142000,89.71
20145600,83.23
20149200,75.98
20152800,68.47
20156400,61.19
20160000,54.65
20163600,49.29
20167200,45.48
20170800,43.48
20174400,43.42
20178000,45.31
20181600,49.01
20185200,54.29
20188800,60.77
20192400,68.02
20196000,75.53
20199600,82.81
20203200,89.35
20206800,94.71
20210400,98.52
20214000,100.52
20217600,100.58
20221200,98.69
20224800,94.99
20228400,89.71
20232000,83.23
20235600,75.98
20239200,68.47
20242800,61.19
20246400,54.65
20250000,49.29
20253600,45.48
20257200,43.48
20260800,43.42
20264400,45.31
20268000,49.01
20271600,54.29
20275200,60.77
20278800,68.02
20282400,75.53
20286000,82.81
20289600,89.35
20293200,94.71
20296800,98.52
20300400,100.52
20304000,100.58
20307600,98.69
20311200,94.99
20314800,89.71
20318400,83.23
20322000,75.98
20325600,68.47
20329200,61.19
20332800,54.65
20336400,49.29
20340000,45.48
20343600,43.48
20347200,43.42
20350800,45.31
20354400,49.01
20358000,54.29
20361600,60.77
20365200,68.02
20368800,75.53
20372400,82.81
20376000,89.35
20379600,94.71
20383200,98.52
20386800,100.52
20390400,100.58
20394000,98.69
20397600,94.99
20401200,89.71
20404800,83.23
20408400,75.98
20412000,68.47
20415600,61.19
20419200,54.65
20422800,49.29
20426400,45.48
20430000,43.48
20433600,43.42
20437200,45.31
20440800,49.01
20444400,54.29
20448000,60.77
20451600,68.02
20455200,75.53
20458800,82.81
20462400,89.35
20466000,94.71
20469600,98.52
20473200,100.52
20476800,100.58
20480400,98.69
20484000,94.99
20487600,89.71
20491200,83.23
20494800,75.98
20498400,68.47
20502000,61.19
20505600,54.65
20509200,49.29
20512800,45.48
20516400,43.48
20520000,43.42
20523600,45.31
20527200,49.01
20530800,54.29
20534400,60.77
20538000,68.02
20541600,75.53
20545200,82.81
20548800,89.35
20552400,94.71
20556000,98.52
20559600,100.52
20563200,100.58
20566800,98.69
20570400,94.99
20574000,89.71
20577600,83.23
20581200,75.98
20584800,68.47
20588400,61.19
20592000,54.65
20595600,49.29
20599200,45.48
20602800,43.48
20606400,43.42
20610000,45.31
20613600,49.01
20617200,54.29
20620800,60.77
20624400,68.02
20628000,75.53
20631600,82.81
20635200,89.35
20638800,94.71
20642400,98.52
20646000,100.52
20649600,100.58
20653200,98.69
20656800,94.99
20660400,89.71
20664000,83.23
20667600,75.98
20671200,68.47
20674800,61.19
20678400,54.65
20682000,49.29
20685600,45.48
20689200,43.48
20692800,43.42
20696400,45.31
20700000,49.01
20703600,54.29
20707200,60.77
20710800,68.02
20714400,75.53
20718000,82.81
20721600,89.35
20725200,94.71
20728800,98.52
20732400,100.52
20736000,100.58
20739600,98.69
20743200,94.99
20746800,89.71
20750400,83.23
20754000,75.98
20757600,68.47
20761200,61.19
20764800,54.65
20768400,49.29
20772000,45.48
20775600,43.48
20779200,43.42
20782800,45.31
20786400,49.01
20790000,54.29
20793600,60.77
20797200,68.02
20800800,75.53
20804400,82.81
20808000,89.35
20811600,94.71
20815200,98.52
20818800,100.52
20822400,100.58
20826000,98.69
20829600,94.99
20833200,89.71
20836800,83.23
20840400,75.98
20844000,68.47
20847600,61.19
20851200,54.65
20854800,49.29
20858400,45.48
20862000,43.48
20865600,43.42
20869200,45.31
20872800,49.01
20876400,54.29
20880000,60.77
20883600,68.02
20887200,75.53
20890800,82.81
20894400,89.35
20898000,94.71
20901600,98.52
20905200,100.52
20908800,100.58
20912400,98.69
20916000,94.99
20919600,89.71
20923200,83.23
20926800,75.98
20930400,68.47
20934000,61.19
20937600,54.65
20941200,49.29
20944800,45.48
20948400,43.48
20952000,43.42
20955600,45.31
20959200,49.01
20962800,54.29
20966400,60.77
20970000,68.02
20973600,75.53
20977200,82.81
20980800,89.35
20984400,94.71
20988000,98.52
20991600,100.52
20995200,100.58
20998800,98.69
21002400,94.99
21006000,89.71
21009600,83.23
21013200,75.98
21016800,68.47
21020400,61.19
21024000,54.65
21027600,49.29
21031200,45.48
21034800,43.48
21038400,43.42
21042000,45.31
21045600,49.01
21049200,54.29
21052800,60.77
21056400,68.02
21060000,75.53
21063600,82.81
21067200,89.35
21070800,94.71
21074400,98.52
21078000,100.52
21081600,100.58
21085200,98.69
21088800,94.99
21092400,89.71
21096000,83.23
21099600,75.98
21103200,68.47
21106800,61.19
21110400,54.65
21114000,49.29
21117600,45.48
21121200,43.48
21124800,43.42
21128400,45.31
21132000,49.01
21135600,54.29
21139200,60.77
21142800,68.02
21146400,75.53
21150000,82.81
21153600,89.35
21157200,94.71
21160800,98.52
21164400,100.52
21168000,100.58
21171600,98.69
21175200,94.99
21178800,89.71
21182400,83.23
21186000,75.98
21189600,68.47
21193200,61.19
21196800,54.65
21200400,49.29
21204000,45.48
21207600,43.48
21211200,43.42
21214800,45.31
21218400,49.01
21222000,54.29
21225600,60.77
21229200,68.02
21232800,75.53
21236400,82.81
21240000,89.35
21243600,94.71
21247200,98.52
21250800,100.52
21254400,100.58
21258000,98.69
21261600,94.99
21265200,89.71
21268800,83.23
21272400,75.98
21276000,68.47
21279600,61.19
21283200,54.65
21286800,49.29
21290400,45.48
21294000,43.48
21297600,43.42
21301200,45.31
21304800,49.01
21308400,54.29
21312000,60.77
21315600,68.02
21319200,75.53
21322800,82.81
21326400,89.35
21330000,94.71
21333600,98.52
21337200,100.52
21340800,100.58
21344400,98.69
21348000,94.99
21351600,89.71
21355200,83.23
21358800,75.98
21362400,68.47
21366000,61.19
21369600,54.65
21373200,49.29
21376800,45.48
21380400,43.48
21384000,43.42
21387600,45.31
21391200,49.01
21394800,54.29
21398400,60.77
21402000,68.02
21405600,75.53
21409200,82.81
21412800,89.35
21416400,94.71
21420000,98.52
21423600,100.52
21427200,100.58
21430800,98.69
21434400,94.99
21438000,89.71
21441600,83.23
21445200,75.98
21448800,68.47
21452400,61.19
21456000,54.65
21459600,49.29
21463200,45.48
21466800,43.48
21470400,43.42
21474000,45.31
21477600,49.01
21481200,54.29
21484800,60.77
21488400,68.02
21492000,75.53
21495600,82.81
21499200,89.35
21502800,94.71
21506400,98.52
21510000,100.52
21513600,100.58
21517200,98.69
21520800,94.99
21524400,89.71
21528000,83.23
21531600,75.98
21535200,68.47
21538800,61.19
21542400,54.65
21546000,49.29
21549600,45.48
21553200,43.48
21556800,43.42
21560400,45.31
21564000,49.01
21567600,54.29
21571200,60.77
21574800,68.02
21578400,75.53
21582000,82.81
21585600,89.35
21589200,94.71
21592800,98.52
21596400,100.52
21600000,100.58
21603600,98.69
21607200,94.99
21610800,89.71
21614400,83.23
21618000,75.98
21621600,68.47
21625200,61.19
21628800,54.65
21632400,49.29
21636000,45.48
21639600,43.48
21643200,43.42
21646800,45.31
21650400,49.01
21654000,54.29
21657600,60.77
21661200,68.02
21664800,75.53
21668400,82.81
21672000,89.35
21675600,94.71
21679200,98.52
21682800,100.52
21686400,100.58
21690000,98.69
21693600,94.99
21697200,89.71
21700800,83.23
21704400,75.98
21708000,68.47
21711600,61.19
21715200,54.65
21718800,49.29
21722400,45.48
21726000,43.48
21729600,43.42
21733200,45.31
21736800,49.01
21740400,54.29
21744000,60.77
21747600,68.02
21751200,75.53
21754800,82.81
21758400,89.35
21762000,94.71
21765600,98.52
21769200,100.52
21772800,100.58
21776400,98.69
21780000,94.99
21783600,89.71
21787200,83.23
21790800,75.98
21794400,68.47
21798000,61.19
21801600,54.65
21805200,49.29
21808800,45.48
21812400,43.48
21816000,43.42
21819600,45.31
21823200,49.01
21826800,54.29
21830400,60.77
21834000,68.02
21837600,75.53
21841200,82.81
21844800,89.35
21848400,94.71
21852000,98.52
21855600,100.52
21859200,100.58
21862800,98.69
21866400,94.99
21870000,89.71
21873600,83.23
21877200,75.98
21880800,68.47
21884400,61.19
21888000,54.65
21891600,49.29
21895200,45.48
21898800,43.48
21902400,43.42
21906000,45.31
21909600,49.01
21913200,54.29
21916800,60.77
21920400,68.02
21924000,75.53
21927600,82.81
21931200,89.35
21934800,94.71
21938400,98.52
21942000,100.52
21945600,100.58
21949200,98.69
21952800,94.99
21956400,89.71
21960000,83.23
21963600,75.98
21967200,68.47
21970800,61.19
21974400,54.65
21978000,49.29
21981600,45.48
21985200,43.48
21988800,43.42
21992400,45.31
21996000,49.01
21999600,54.29
22003200,60.77
22006800,68.02
22010400,75.53
22014000,82.81
22017600,89.35
22021200,94.71
22024800,98.52
22028400,100.52
22032000,100.58
22035600,98.69
22039200,94.99
22042800,89.71
22046400,83.23
22050000,75.98
22053600,68.47
22057200,61.19
22060800,54.65
22064400,49.29
22068000,45.48
22071600,43.48
22075200,43.42
22078800,45.31
22082400,49.01
22086000,54.29
22089600,60.77
22093200,68.02
22096800,75.53
22100400,82.81
22104000,89.35
22107600,94.71
22111200,98.52
22114800,100.52
22118400,100.58
22122000,98.69
22125600,94.99
22129200,89.71
22132800,83.23
22136400,75.98
22140000,68.47
22143600,61.19
22147200,54.65
22150800,49.29
22154400,45.48
22158000,43.48
22161600,43.42
22165200,45.31
22168800,49.01
22172400,54.29
22176000,60.77
22179600,68.02
22183200,75.53
22186800,82.81
22190400,89.35
22194000,94.71
22197600,98.52
22201200,100.52
22204800,100.58
22208400,98.69
22212000,94.99
22215600,89.71
22219200,83.23
22222800,75.98
22226400,68.47
22230000,61.19
22233600,54.65
22237200,49.29
22240800,45.48
22244400,43.48
22248000,43.42
22251600,45.31
22255200,49.01
22258800,54.29
22262400,60.77
22266000,68.02
22269600,75.53
22273200,82.81
22276800,89.35
22280400,94.71
22284000,98.52
22287600,100.52
22291200,100.58
22294800,98.69
22298400,94.99
22302000,89.71
22305600,83.23
22309200,75.98
22312800,68.47
22316400,61.19
22320000,54.65
22323600,49.29
22327200,45.48
22330800,43.48
22334400,43.42
22338000,45.31
22341600,49.01
22345200,54.29
22348800,60.77
22352400,68.02
22356000,75.53
22359600,82.81
22363200,89.35
22366800,94.71
22370400,98.52
22374000,100.52
22377600,100.58
22381200,98.69
22384800,94.99
22388400,89.71
22392000,83.23
22395600,75.98
22399200,68.47
22402800,61.19
22406400,54.65
22410000,49.29
22413600,45.48
22417200,43.48
22420800,43.42
22424400,45.31
22428000,49.01
22431600,54.29
22435200,60.77
22438800,68.02
22442400,75.53
22446000,82.81
22449600,89.35
22453200,94.71
22456800,98.52
22460400,100.52
22464000,100.58
22467600,98.69
22471200,94.99
22474800,89.71
22478400,83.23
22482000,75.98
22485600,68.47
22489200,61.19
22492800,54.65
22496400,49.29
22500000,45.48
22503600,43.48
22507200,43.42
22510800,45.31
22514400,49.01
22518000,54.29
22521600,60.77
22525200,68.02
22528800,75.53
22532400,82.81
22536000,89.35
22539600,94.71
22543200,98.52
22546800,100.52
22550400,100.58
22554000,98.69
22557600,94.99
22561200,89.71
22564800,83.23
22568400,75.98
22572000,68.47
22575600,61.19
22579200,54.65
22582800,49.29
22586400,45.48
22590000,43.48
22593600,43.42
22597200,45.31
22600800,49.01
22604400,54.29
22608000,60.77
22611600,68.02
22615200,75.53
22618800,82.81
22622400,89.35
22626000,94.71
22629600,98.52
22633200,100.52
22636800,100.58
22640400,98.69
22644000,94.99
22647600,89.71
22651200,83.23
22654800,75.98
22658400,68.47
22662000,61.19
22665600,54.65
22669200,49.29
22672800,45.48
22676400,43.48
22680000,43.42
22683600,45.31
22687200,49.01
22690800,54.29
22694400,60.77
22698000,68.02
22701600,75.53
22705200,82.81
22708800,89.35
22712400,94.71
22716000,98.52
22719600,100.52
22723200,100.58
22726800,98.69
22730400,94.99
22734000,89.71
22737600,83.23
22741200,75.98
22744800,68.47
22748400,61.19
22752000,54.65
22755600,49.29
22759200,45.48
22762800,43.48
22766400,43.42
22770000,45.31
22773600,49.01
22777200,54.29
22780800,60.77
22784400,68.02
22788000,75.53
22791600,82.81
22795200,89.35
22798800,94.71
22802400,98.52
22806000,100.52
22809600,100.58
22813200,98.69
22816800,94.99
22820400,89.71
22824000,83.23
22827600,75.98
22831200,68.47
22834800,61.19
22838400,54.65
22842000,49.29
22845600,45.48
22849200,43.48
22852800,43.42
22856400,45.31
22860000,49.01
22863600,54.29
22867200,60.77
22870800,68.02
22874400,75.53
22878000,82.81
22881600,89.35
22885200,94.71
22888800,98.52
22892400,100.52
22896000,100.58
22899600,98.69
22903200,94.99
22906800,89.71
22910400,83.23
22914000,75.98
22917600,68.47
22921200,61.19
22924800,54.65
22928400,49.29
22932000,45.48
22935600,43.48
22939200,43.42
22942800,45.31
22946400,49.01
22950000,54.29
22953600,60.77
22957200,68.02
22960800,75.53
22964400,82.81
22968000,89.35
22971600,94.71
22975200,98.52
22978800,100.52
22982400,100.58
22986000,98.69
22989600,94.99
22993200,89.71
22996800,83.23
23000400,75.98
23004000,68.47
23007600,61.19
23011200,54.65
23014800,49.29
23018400,45.48
23022000,43.48
23025600,43.42
23029200,45.31
23032800,49.01
23036400,54.29
23040000,60.77
23043600,68.02
23047200,75.53
23050800,82.81
23054400,89.35
23058000,94.71
23061600,98.52
23065200,100.52
23068800,100.58
23072400,98.69
23076000,94.99
23079600,89.71
23083200,83.23
23086800,75.98
23090400,68.47
23094000,61.19
23097600,54.65
23101200,49.29
23104800,45.48
23108400,43.48
23112000,43.42
23115600,45.31
23119200,49.01
23122800,54.29
23126400,60.77
23130000,68.02
23133600,75.53
23137200,82.81
23140800,89.35
23144400,94.71
23148000,98.52
23151600,100.52
23155200,100.58
23158800,98.69
23162400,94.99
23166000,89.71
23169600,83.23
23173200,75.98
23176800,68.47
23180400,61.19
23184000,54.65
23187600,49.29
23191200,45.48
23194800,43.48
23198400,43.42
23202000,45.31
23205600,49.01
23209200,54.29
23212800,60.77
23216400,68.02
23220000,75.53
23223600,82.81
23227200,89.35
23230800,94.71
23234400,98.52
23238000,100.52
23241600,100.58
23245200,98.69
23248800,94.99
23252400,89.71
23256000,83.23
23259600,75.98
23263200,68.47
23266800,61.19
23270400,54.65
23274000,49.29
23277600,45.48
23281200,43.48
23284800,43.42
23288400,45.31
23292000,49.01
23295600,54.29
23299200,60.77
23302800,68.02
23306400,75.53
23310000,82.81
23313600,89.35
23317200,94.71
23320800,98.52
23324400,100.52
23328000,100.58
23331600,98.69
23335200,94.99
23338800,89.71
23342400,83.23
23346000,75.98
23349600,68.47
23353200,61.19
23356800,54.65
23360400,49.29
23364000,45.48
23367600,43.48
23371200,43.42
23374800,45.31
23378400,49.01
23382000,54.29
23385600,60.77
23389200,68.02
23392800,75.53
23396400,82.81
23400000,89.35
23403600,94.71
23407200,98.52
23410800,100.52
23414400,100.58
23418000,98.69
23421600,94.99
23425200,89.71
23428800,83.23
23432400,75.98
23436000,68.47
23439600,61.19
23443200,54.65
23446800,49.29
23450400,45.48
23454000,43.48
23457600,43.42
23461200,45.31
23464800,49.01
23468400,54.29
23472000,60.77
23475600,68.02
23479200,75.53
23482800,82.81
23486400,89.35
23490000,94.71
23493600,98.52
23497200,100.52
23500800,100.58
23504400,98.69
23508000,94.99
23511600,89.71
23515200,83.23
23518800,75.98
23522400,68.47
23526000,61.19
23529600,54.65
23533200,49.29
23536800,45.48
23540400,43.48
23544000,43.42
23547600,45.31
23551200,49.01
23554800,54.29
23558400,60.77
23562000,68.02
23565600,75.53
23569200,82.81
23572800,89.35
23576400,94.71
23580000,98.52
23583600,100.52
23587200,100.58
23590800,98.69
23594400,94.99
23598000,89.71
23601600,83.23
23605200,75.98
23608800,68.47
23612400,61.19
23616000,54.65
23619600,49.29
23623200,45.48
23626800,43.48
23630400,43.42
23634000,45.31
23637600,49.01
23641200,54.29
23644800,60.77
23648400,68.02
23652000,75.53
23655600,82.81
23659200,89.35
23662800,94.71
23666400,98.52
23670000,100.52
23673600,100.58
23677200,98.69
23680800,94.99
23684400,89.71
23688000,83.23
23691600,75.98
23695200,68.47
23698800,61.19
23702400,54.65
23706000,49.29
23709600,45.48
23713200,43.48
23716800,43.42
23720400,45.31
23724000,49.01
23727600,54.29
23731200,60.77
23734800,68.02
23738400,75.53
23742000,82.81
23745600,89.35
23749200,94.71
23752800,98.52
23756400,100.52
23760000,100.58
23763600,98.69
23767200,94.99
23770800,89.71
23774400,83.23
23778000,75.98
23781600,68.47
23785200,61.19
23788800,54.65
23792400,49.29
23796000,45.48
23799600,43.48
23803200,43.42
23806800,45.31
23810400,49.01
23814000,54.29
23817600,60.77
23821200,68.02
23824800,75.53
23828400,82.81
23832000,89.35
23835600,94.71
23839200,98.52
23842800,100.52
23846400,100.58
23850000,98.69
23853600,94.99
23857200,89.71
23860800,83.23
23864400,75.98
23868000,68.47
23871600,61.19
23875200,54.65
23878800,49.29
23882400,45.48
23886000,43.48
23889600,43.42
23893200,45.31
23896800,49.01
23900400,54.29
23904000,60.77
23907600,68.02
23911200,75.53
23914800,82.81
23918400,89.35
23922000,94.71
23925600,98.52
23929200,100.52
23932800,100.58
23936400,98.69
23940000,94.99
23943600,89.71
23947200,83.23
23950800,75.98
23954400,68.47
23958000,61.19
23961600,54.65
23965200,49.29
23968800,45.48
23972400,43.48
23976000,43.42
23979600,45.31
23983200,49.01
23986800,54.29
23990400,60.77
23994000,68.02
23997600,75.53
24001200,82.81
24004800,89.35
24008400,94.71
24012000,98.52
24015600,100.52
24019200,100.58
24022800,98.69
24026400,94.99
24030000,89.71
24033600,83.23
24037200,75.98
24040800,68.47
24044400,61.19
24048000,54.65
24051600,49.29
24055200,45.48
24058800,43.48
24062400,43.42
24066000,45.31
24069600,49.01
24073200,54.29
24076800,60.77
24080400,68.02
24084000,75.53
24087600,82.81
24091200,89.35
24094800,94.71
24098400,98.52
24102000,100.52
24105600,100.58
24109200,98.69
24112800,94.99
24116400,89.71
24120000,83.23
24123600,75.98
24127200,68.47
24130800,61.19
24134400,54.65
24138000,49.29
24141600,45.48
24145200,43.48
24148800,43.42
24152400,45.31
24156000,49.01
24159600,54.29
24163200,60.77
24166800,68.02
24170400,75.53
24174000,82.81
24177600,89.35
24181200,94.71
24184800,98.52
24188400,100.52
24192000,100.58
24195600,98.69
24199200,94.99
24202800,89.71
24206400,83.23
24210000,75.98
24213600,68.47
24217200,61.19
24220800,54.65
24224400,49.29
24228000,45.48
24231600,43.48
24235200,43.42
24238800,45.31
24242400,49.01
24246000,54.29
24249600,60.77
24253200,68.02
24256800,75.53
24260400,82.81
24264000,89.35
24267600,94.71
24271200,98.52
24274800,100.52
24278400,100.58
24282000,98.69
24285600,94.99
24289200,89.71
24292800,83.23
24296400,75.98
24300000,68.47
24303600,61.19
24307200,54.65
24310800,49.29
24314400,45.48
24318000,43.48
24321600,43.42
24325200,45.31
24328800,49.01
24332400,54.29
24336000,60.77
24339600,68.02
24343200,75.53
24346800,82.81
24350400,89.35
24354000,94.71
24357600,98.52
24361200,100.52
24364800,100.58
24368400,98.69
24372000,94.99
24375600,89.71
24379200,83.23
24382800,75.98
24386400,68.47
24390000,61.19
24393600,54.65
24397200,49.29
24400800,45.48
24404400,43.48
24408000,43.42
24411600,45.31
24415200,49.01
24418800,54.29
24422400,60.77
24426000,68.02
24429600,75.53
24433200,82.81
24436800,89.35
24440400,94.71
24444000,98.52
24447600,100.52
24451200,100.58
24454800,98.69
24458400,94.99
24462000,89.71
24465600,83.23
24469200,75.98
24472800,68.47
24476400,61.19
24480000,54.65
24483600,49.29
24487200,45.48
24490800,43.48
24494400,43.42
24498000,45.31
24501600,49.01
24505200,54.29
24508800,60.77
24512400,68.02
24516000,75.53
24519600,82.81
24523200,89.35
24526800,94.71
24530400,98.52
24534000,100.52
24537600,100.58
24541200,98.69
24544800,94.99
24548400,89.71
24552000,83.23
24555600,75.98
24559200,68.47
24562800,61.19
24566400,54.65
24570000,49.29
24573600,45.48
24577200,43.48
24580800,43.42
24584400,45.31
24588000,49.01
24591600,54.29
24595200,60.77
24598800,68.02
24602400,75.53
24606000,82.81
24609600,89.35
24613200,94.71
24616800,98.52
24620400,100.52
24624000,100.58
24627600,98.69
24631200,94.99
24634800,89.71
24638400,83.23
24642000,75.98
24645600,68.47
24649200,61.19
24652800,54.65
24656400,49.29
24660000,45.48
24663600,43.48
24667200,43.42
24670800,45.31
24674400,49.01
24678000,54.29
24681600,60.77
24685200,68.02
24688800,75.53
24692400,82.81
24696000,89.35
24699600,94.71
24703200,98.52
24706800,100.52
24710400,100.58
24714000,98.69
24717600,94.99
24721200,89.71
24724800,83.23
24728400,75.98
24732000,68.47
24735600,61.19
24739200,54.65
24742800,49.29
24746400,45.48
24750000,43.48
24753600,43.42
24757200,45.31
24760800,49.01
24764400,54.29
24768000,60.77
24771600,68.02
24775200,75.53
24778800,82.81
24782400,89.35
24786000,94.71
24789600,98.52
24793200,100.52
24796800,100.58
24800400,98.69
24804000,94.99
24807600,89.71
24811200,83.23
24814800,75.98
24818400,68.47
24822000,61.19
24825600,54.65
24829200,49.29
24832800,45.48
24836400,43.48
24840000,43.42
24843600,45.31
24847200,49.01
24850800,54.29
24854400,60.77
24858000,68.02
24861600,75.53
24865200,82.81
24868800,89.35
24872400,94.71
24876000,98.52
24879600,100.52
24883200,100.58
24886800,98.69
24890400,94.99
24894000,89.71
24897600,83.23
24901200,75.98
24904800,68.47
24908400,61.19
24912000,54.65
24915600,49.29
24919200,45.48
24922800,43.48
24926400,43.42
24930000,45.31
24933600,49.01
24937200,54.29
24940800,60.77
24944400,68.02
24948000,75.53
24951600,82.81
24955200,89.35
24958800,94.71
24962400,98.52
24966000,100.52
24969600,100.58
24973200,98.69
24976800,94.99
24980400,89.71
24984000,83.23
24987600,75.98
24991200,68.47
24994800,61.19
24998400,54.65
25002000,49.29
25005600,45.48
25009200,43.48
25012800,43.42
25016400,45.31
25020000,49.01
25023600,54.29
25027200,60.77
25030800,68.02
25034400,75.53
25038000,82.81
25041600,89.35
25045200,94.71
25048800,98.52
25052400,100.52
25056000,100.58
25059600,98.69
25063200,94.99
25066800,89.71
25070400,83.23
25074000,75.98
25077600,68.47
25081200,61.19
25084800,54.65
25088400,49.29
25092000,45.48
25095600,43.48
25099200,43.42
25102800,45.31
25106400,49.01
25110000,54.29
25113600,60.77
25117200,68.02
25120800,75.53
25124400,82.81
25128000,89.35
25131600,94.71
25135200,98.52
25138800,100.52
25142400,100.58
25146000,98.69
25149600,94.99
25153200,89.71
25156800,83.23
25160400,75.98
25164000,68.47
25167600,61.19
25171200,54.65
25174800,49.29
25178400,45.48
25182000,43.48
25185600,43.42
25189200,45.31
25192800,49.01
25196400,54.29
25200000,60.77
25203600,68.02
25207200,75.53
25210800,82.81
25214400,89.35
25218000,94.71
25221600,98.52
25225200,100.52
25228800,100.58
25232400,98.69
25236000,94.99
25239600,89.71
25243200,83.23
25246800,75.98
25250400,68.47
25254000,61.19
25257600,54.65
25261200,49.29
25264800,45.48
25268400,43.48
25272000,43.42
25275600,45.31
25279200,49.01
25282800,54.29
25286400,60.77
25290000,68.02
25293600,75.53
25297200,82.81
25300800,89.35
25304400,94.71
25308000,98.52
25311600,100.52
25315200,100.58
25318800,98.69
25322400,94.99
25326000,89.71
25329600,83.23
25333200,75.98
25336800,68.47
25340400,61.19
25344000,54.65
25347600,49.29
25351200,45.48
25354800,43.48
25358400,43.42
25362000,45.31
25365600,49.01
25369200,54.29
25372800,60.77
25376400,68.02
25380000,75.53
25383600,82.81
25387200,89.35
25390800,94.71
25394400,98.52
25398000,100.52
25401600,100.58
25405200,98.69
25408800,94.99
25412400,89.71
25416000,83.23
25419600,75.98
25423200,68.47
25426800,61.19
25430400,54.65
25434000,49.29
25437600,45.48
25441200,43.48
25444800,43.42
25448400,45.31
25452000,49.01
25455600,54.29
25459200,60.77
25462800,68.02
25466400,75.53
25470000,82.81
25473600,89.35
25477200,94.71
25480800,98.52
25484400,100.52
25488000,100.58
25491600,98.69
25495200,94.99
25498800,89.71
25502400,83.23
25506000,75.98
25509600,68.47
25513200,61.19
25516800,54.65
25520400,49.29
25524000,45.48
25527600,43.48
25531200,43.42
25534800,45.31
25538400,49.01
25542000,54.29
25545600,60.77
25549200,68.02
25552800,75.53
25556400,82.81
25560000,89.35
25563600,94.71
25567200,98.52
25570800,100.52
25574400,100.58
25578000,98.69
25581600,94.99
25585200,89.71
25588800,83.23
25592400,75.98
25596000,68.47
25599600,61.19
25603200,54.65
25606800,49.29
25610400,45.48
25614000,43.48
25617600,43.42
25621200,45.31
25624800,49.01
25628400,54.29
25632000,60.77
25635600,68.02
25639200,75.53
25642800,82.81
25646400,89.35
25650000,94.71
25653600,98.52
25657200,100.52
25660800,100.58
25664400,98.69
25668000,94.99
25671600,89.71
25675200,83.23
25678800,75.98
25682400,68.47
25686000,61.19
25689600,54.65
25693200,49.29
25696800,45.48
25700400,43.48
25704000,43.42
25707600,45.31
25711200,49.01
25714800,54.29
25718400,60.77
25722000,68.02
25725600,75.53
25729200,82.81
25732800,89.35
25736400,94.71
25740000,98.52
25743600,100.52
25747200,100.58
25750800,98.69
25754400,94.99
25758000,89.71
25761600,83.23
25765200,75.98
25768800,68.47
25772400,61.19
25776000,54.65
25779600,49.29
25783200,45.48
25786800,43.48
25790400,43.42
25794000,45.31
25797600,49.01
25801200,54.29
25804800,60.77
25808400,68.02
25812000,75.53
25815600,82.81
25819200,89.35
25822800,94.71
25826400,98.52
25830000,100.52
25833600,100.58
25837200,98.69
25840800,94.99
25844400,89.71
25848000,83.23
25851600,75.98
25855200,68.47
25858800,61.19
25862400,54.65
25866000,49.29
25869600,45.48
25873200,43.48
25876800,43.42
25880400,45.31
25884000,49.01
25887600,54.29
25891200,60.77
25894800,68.02
25898400,75.53
25902000,82.81
25905600,89.35
25909200,94.71
25912800,98.52
25916400,100.52
25920000,100.58
25923600,98.69
25927200,94.99
25930800,89.71
25934400,83.23
25938000,75.98
25941600,68.47
25945200,61.19
25948800,54.65
25952400,49.29
25956000,45.48
25959600,43.48
25963200,43.42
25966800,45.31
25970400,49.01
25974000,54.29
25977600,60.77
25981200,68.02
25984800,75.53
25988400,82.81
25992000,89.35
25995600,94.71
25999200,98.52
26002800,100.52
26006400,100.58
26010000,98.69
26013600,94.99
26017200,89.71
26020800,83.23
26024400,75.98
26028000,68.47
26031600,61.19
26035200,54.65
26038800,49.29
26042400,45.48
26046000,43.48
26049600,43.42
26053200,45.31
26056800,49.01
26060400,54.29
26064000,60.77
26067600,68.02
26071200,75.53
26074800,82.81
26078400,89.35
26082000,94.71
26085600,98.52
26089200,100.52
26092800,100.58
26096400,98.69
26100000,94.99
26103600,89.71
26107200,83.23
26110800,75.98
26114400,68.47
26118000,61.19
26121600,54.65
26125200,49.29
26128800,45.48
26132400,43.48
26136000,43.42
26139600,45.31
26143200,49.01
26146800,54.29
26150400,60.77
26154000,68.02
26157600,75.53
26161200,82.81
26164800,89.35
26168400,94.71
26172000,98.52
26175600,100.52
26179200,100.58
26182800,98.69
26186400,94.99
26190000,89.71
26193600,83.23
26197200,75.98
26200800,68.47
26204400,61.19
26208000,54.65
26211600,49.29
26215200,45.48
26218800,43.48
26222400,43.42
26226000,45.31
26229600,49.01
26233200,54.29
26236800,60.77
26240400,68.02
26244000,75.53
26247600,82.81
26251200,89.35
26254800,94.71
26258400,98.52
26262000,100.52
26265600,100.58
26269200,98.69
26272800,94.99
26276400,89.71
26280000,83.23
26283600,75.98
26287200,68.47
26290800,61.19
26294400,54.65
26298000,49.29
26301600,45.48
26305200,43.48
26308800,43.42
26312400,45.31
26316000,49.01
26319600,54.29
26323200,60.77
26326800,68.02
26330400,75.53
26334000,82.81
26337600,89.35
26341200,94.71
26344800,98.52
26348400,100.52
26352000,100.58
26355600,98.69
26359200,94.99
26362800,89.71
26366400,83.23
26370000,75.98
26373600,68.47
26377200,61.19
26380800,54.65
26384400,49.29
26388000,45.48
26391600,43.48
26395200,43.42
26398800,45.31
26402400,49.01
26406000,54.29
26409600,60.77
26413200,68.02
26416800,75.53
26420400,82.81
26424000,89.35
26427600,94.71
26431200,98.52
26434800,100.52
26438400,100.58
26442000,98.69
26445600,94.99
26449200,89.71
26452800,83.23
26456400,75.98
26460000,68.47
26463600,61.19
26467200,54.65
26470800,49.29
26474400,45.48
26478000,43.48
26481600,43.42
26485200,45.31
26488800,49.01
26492400,54.29
26496000,60.77
26499600,68.02
26503200,75.53
26506800,82.81
26510400,89.35
26514000,94.71
26517600,98.52
26521200,100.52
26524800,100.58
26528400,98.69
26532000,94.99
26535600,89.71
26539200,83.23
26542800,75.98
26546400,68.47
26550000,61.19
26553600,54.65
26557200,49.29
26560800,45.48
26564400,43.48
26568000,43.42
26571600,45.31
26575200,49.01
26578800,54.29
26582400,60.77
26586000,68.02
26589600,75.53
26593200,82.81
26596800,89.35
26600400,94.71
26604000,98.52
26607600,100.52
26611200,100.58
26614800,98.69
26618400,94.99
26622000,89.71
26625600,83.23
26629200,75.98
26632800,68.47
26636400,61.19
26640000,54.65
26643600,49.29
26647200,45.48
26650800,43.48
26654400,43.42
26658000,45.31
26661600,49.01
26665200,54.29
26668800,60.77
26672400,68.02
26676000,75.53
26679600,82.81
26683200,89.35
26686800,94.71
26690400,98.52
26694000,100.52
26697600,100.58
26701200,98.69
26704800,94.99
26708400,89.71
26712000,83.23
26715600,75.98
26719200,68.47
26722800,61.19
26726400,54.65
26730000,49.29
26733600,45.48
26737200,43.48
26740800,43.42
26744400,45.31
26748000,49.01
26751600,54.29
26755200,60.77
26758800,68.02
26762400,75.53
26766000,82.81
26769600,89.35
26773200,94.71
26776800,98.52
26780400,100.52
26784000,100.58
26787600,98.69
26791200,94.99
26794800,89.71
26798400,83.23
26802000,75.98
26805600,68.47
26809200,61.19
26812800,54.65
26816400,49.29
26820000,45.48
26823600,43.48
26827200,43.42
26830800,45.31
26834400,49.01
26838000,54.29
26841600,60.77
26845200,68.02
26848800,75.53
26852400,82.81
26856000,89.35
26859600,94.71
26863200,98.52
26866800,100.52
26870400,100.58
26874000,98.69
26877600,94.99
26881200,89.71
26884800,83.23
26888400,75.98
26892000,68.47
26895600,61.19
26899200,54.65
26902800,49.29
26906400,45.48
26910000,43.48
26913600,43.42
26917200,45.31
26920800,49.01
26924400,54.29
26928000,60.77
26931600,68.02
26935200,75.53
26938800,82.81
26942400,89.35
26946000,94.71
26949600,98.52
26953200,100.52
26956800,100.58
26960400,98.69
26964000,94.99
26967600,89.71
26971200,83.23
26974800,75.98
26978400,68.47
26982000,61.19
26985600,54.65
26989200,49.29
26992800,45.48
26996400,43.48
27000000,43.42
27003600,45.31
27007200,49.01
27010800,54.29
27014400,60.77
27018000,68.02
27021600,75.53
27025200,82.81
27028800,89.35
27032400,94.71
27036000,98.52
27039600,100.52
27043200,100.58
27046800,98.69
27050400,94.99
27054000,89.71
27057600,83.23
27061200,75.98
27064800,68.47
27068400,61.19
27072000,54.65
27075600,49.29
27079200,45.48
27082800,43.48
27086400,43.42
27090000,45.31
27093600,49.01
27097200,54.29
27100800,60.77
27104400,68.02
27108000,75.53
27111600,82.81
27115200,89.35
27118800,94.71
27122400,98.52
27126000,100.52
27129600,100.58
27133200,98.69
27136800,94.99
27140400,89.71
27144000,83.23
27147600,75.98
27151200,68.47
27154800,61.19
27158400,54.65
27162000,49.29
27165600,45.48
27169200,43.48
27172800,43.42
27176400,45.31
27180000,49.01
27183600,54.29
27187200,60.77
27190800,68.02
27194400,75.53
27198000,82.81
27201600,89.35
27205200,94.71
27208800,98.52
27212400,100.52
27216000,100.58
27219600,98.69
27223200,94.99
27226800,89.71
27230400,83.23
27234000,75.98
27237600,68.47
27241200,61.19
27244800,54.65
27248400,49.29
27252000,45.48
27255600,43.48
27259200,43.42
27262800,45.31
27266400,49.01
27270000,54.29
27273600,60.77
27277200,68.02
27280800,75.53
27284400,82.81
27288000,89.35
27291600,94.71
27295200,98.52
27298800,100.52
27302400,100.58
27306000,98.69
27309600,94.99
27313200,89.71
27316800,83.23
27320400,75.98
27324000,68.47
27327600,61.19
27331200,54.65
27334800,49.29
27338400,45.48
27342000,43.48
27345600,43.42
27349200,45.31
27352800,49.01
27356400,54.29
27360000,60.77
27363600,68.02
27367200,75.53
27370800,82.81
27374400,89.35
27378000,94.71
27381600,98.52
27385200,100.52
27388800,100.58
27392400,98.69
27396000,94.99
27399600,89.71
27403200,83.23
27406800,75.98
27410400,68.47
27414000,61.19
27417600,54.65
27421200,49.29
27424800,45.48
27428400,43.48
27432000,43.42
27435600,45.31
27439200,49.01
27442800,54.29
27446400,60.77
27450000,68.02
27453600,75.53
27457200,82.81
27460800,89.35
27464400,94.71
27468000,98.52
27471600,100.52
27475200,100.58
27478800,98.69
27482400,94.99
27486000,89.71
27489600,83.23
27493200,75.98
27496800,68.47
27500400,61.19
27504000,54.65
27507600,49.29
27511200,45.48
27514800,43.48
27518400,43.42
27522000,45.31
27525600,49.01
27529200,54.29
27532800,60.77
27536400,68.02
27540000,75.53
27543600,82.81
27547200,89.35
27550800,94.71
27554400,98.52
27558000,100.52
27561600,100.58
27565200,98.69
27568800,94.99
27572400,89.71
27576000,83.23
27579600,75.98
27583200,68.47
27586800,61.19
27590400,54.65
27594000,49.29
27597600,45.48
27601200,43.48
27604800,43.42
27608400,45.31
27612000,49.01
27615600,54.29
27619200,60.77
27622800,68.02
27626400,75.53
27630000,82.81
27633600,89.35
27637200,94.71
27640800,98.52
27644400,100.52
27648000,100.58
27651600,98.69
27655200,94.99
27658800,89.71
27662400,83.23
27666000,75.98
27669600,68.47
27673200,61.19
27676800,54.65
27680400,49.29
27684000,45.48
27687600,43.48
27691200,43.42
27694800,45.31
27698400,49.01
27702000,54.29
27705600,60.77
27709200,68.02
27712800,75.53
27716400,82.81
27720000,89.35
27723600,94.71
27727200,98.52
27730800,100.52
27734400,100.58
27738000,98.69
27741600,94.99
27745200,89.71
27748800,83.23
27752400,75.98
27756000,68.47
27759600,61.19
27763200,54.65
27766800,49.29
27770400,45.48
27774000,43.48
27777600,43.42
27781200,45.31
27784800,49.01
27788400,54.29
27792000,60.77
27795600,68.02
27799200,75.53
27802800,82.81
27806400,89.35
27810000,94.71
27813600,98.52
27817200,100.52
27820800,100.58
27824400,98.69
27828000,94.99
27831600,89.71
27835200,83.23
27838800,75.98
27842400,68.47
27846000,61.19
27849600,54.65
27853200,49.29
27856800,45.48
27860400,43.48
27864000,43.42
27867600,45.31
27871200,49.01
27874800,54.29
27878400,60.77
27882000,68.02
27885600,75.53
27889200,82.81
27892800,89.35
27896400,94.71
27900000,98.52
27903600,100.52
27907200,100.58
27910800,98.69
27914400,94.99
27918000,89.71
27921600,83.23
27925200,75.98
27928800,68.47
27932400,61.19
27936000,54.65
27939600,49.29
27943200,45.48
27946800,43.48
27950400,43.42
27954000,45.31
27957600,49.01
27961200,54.29
27964800,60.77
27968400,68.02
27972000,75.53
27975600,82.81
27979200,89.35
27982800,94.71
27986400,98.52
27990000,100.52
27993600,100.58
27997200,98.69
28000800,94.99
28004400,89.71
28008000,83.23
28011600,75.98
28015200,68.47
28018800,61.19
28022400,54.65
28026000,49.29
28029600,45.48
28033200,43.48
28036800,43.42
28040400,45.31
28044000,49.01
28047600,54.29
28051200,60.77
28054800,68.02
28058400,75.53
28062000,82.81
28065600,89.35
28069200,94.71
28072800,98.52
28076400,100.52
28080000,100.58
28083600,98.69
28087200,94.99
28090800,89.71
28094400,83.23
28098000,75.98
28101600,68.47
28105200,61.19
28108800,54.65
28112400,49.29
28116000,45.48
28119600,43.48
28123200,43.42
28126800,45.31
28130400,49.01
28134000,54.29
28137600,60.77
28141200,68.02
28144800,75.53
28148400,82.81
28152000,89.35
28155600,94.71
28159200,98.52
28162800,100.52
28166400,100.58
28170000,98.69
28173600,94.99
28177200,89.71
28180800,83.23
28184400,75.98
28188000,68.47
28191600,61.19
28195200,54.65
28198800,49.29
28202400,45.48
28206000,43.48
28209600,43.42
28213200,45.31
28216800,49.01
28220400,54.29
28224000,60.77
28227600,68.02
28231200,75.53
28234800,82.81
28238400,89.35
28242000,94.71
28245600,98.52
28249200,100.52
28252800,100.58
28256400,98.69
28260000,94.99
28263600,89.71
28267200,83.23
28270800,75.98
28274400,68.47
28278000,61.19
28281600,54.65
28285200,49.29
28288800,45.48
28292400,43.48
28296000,43.42
28299600,45.31
28303200,49.01
28306800,54.29
28310400,60.77
28314000,68.02
28317600,75.53
28321200,82.81
28324800,89.35
28328400,94.71
28332000,98.52
28335600,100.52
28339200,100.58
28342800,98.69
28346400,94.99
28350000,89.71
28353600,83.23
28357200,75.98
28360800,68.47
28364400,61.19
28368000,54.65
28371600,49.29
28375200,45.48
28378800,43.48
28382400,43.42
28386000,45.31
28389600,49.01
28393200,54.29
28396800,60.77
28400400,68.02
28404000,75.53
28407600,82.81
28411200,89.35
28414800,94.71
28418400,98.52
28422000,100.52
28425600,100.58
28429200,98.69
28432800,94.99
28436400,89.71
28440000,83.23
28443600,75.98
28447200,68.47
28450800,61.19
28454400,54.65
28458000,49.29
28461600,45.48
28465200,43.48
28468800,43.42
28472400,45.31
28476000,49.01
28479600,54.29
28483200,60.77
28486800,68.02
28490400,75.53
28494000,82.81
28497600,89.35
28501200,94.71
28504800,98.52
28508400,100.52
28512000,100.58
28515600,98.69
28519200,94.99
28522800,89.71
28526400,83.23
28530000,75.98
28533600,68.47
28537200,61.19
28540800,54.65
28544400,49.29
28548000,45.48
28551600,43.48
28555200,43.42
28558800,45.31
28562400,49.01
28566000,54.29
28569600,60.77
28573200,68.02
28576800,75.53
28580400,82.81
28584000,89.35
28587600,94.71
28591200,98.52
28594800,100.52
28598400,100.58
28602000,98.69
28605600,94.99
28609200,89.71
28612800,83.23
28616400,75.98
28620000,68.47
28623600,61.19
28627200,54.65
28630800,49.29
28634400,45.48
28638000,43.48
28641600,43.42
28645200,45.31
28648800,49.01
28652400,54.29
28656000,60.77
28659600,68.02
28663200,75.53
28666800,82.81
28670400,89.35
28674000,94.71
28677600,98.52
28681200,100.52
28684800,100.58
28688400,98.69
28692000,94.99
28695600,89.71
28699200,83.23
28702800,75.98
28706400,68.47
28710000,61.19
28713600,54.65
28717200,49.29
28720800,45.48
28724400,43.48
28728000,43.42
28731600,45.31
28735200,49.01
28738800,54.29
28742400,60.77
28746000,68.02
28749600,75.53
28753200,82.81
28756800,89.35
28760400,94.71
28764000,98.52
28767600,100.52
28771200,100.58
28774800,98.69
28778400,94.99
28782000,89.71
28785600,83.23
28789200,75.98
28792800,68.47
28796400,61.19
28800000,54.65
28803600,49.29
28807200,45.48
28810800,43.48
28814400,43.42
28818000,45.31
28821600,49.01
28825200,54.29
28828800,60.77
28832400,68.02
28836000,75.53
28839600,82.81
28843200,89.35
28846800,94.71
28850400,98.52
28854000,100.52
28857600,100.58
28861200,98.69
28864800,94.99
28868400,89.71
28872000,83.23
28875600,75.98
28879200,68.47
28882800,61.19
28886400,54.65
28890000,49.29
28893600,45.48
28897200,43.48
28900800,43.42
28904400,45.31
28908000,49.01
28911600,54.29
28915200,60.77
28918800,68.02
28922400,75.53
28926000,82.81
28929600,89.35
28933200,94.71
28936800,98.52
28940400,100.52
28944000,100.58
28947600,98.69
28951200,94.99
28954800,89.71
28958400,83.23
28962000,75.98
28965600,68.47
28969200,61.19
28972800,54.65
28976400,49.29
28980000,45.48
28983600,43.48
28987200,43.42
28990800,45.31
28994400,49.01
28998000,54.29
29001600,60.77
29005200,68.02
29008800,75.53
29012400,82.81
29016000,89.35
29019600,94.71
29023200,98.52
29026800,100.52
29030400,100.58
29034000,98.69
29037600,94.99
29041200,89.71
29044800,83.23
29048400,75.98
29052000,68.47
29055600,61.19
29059200,54.65
29062800,49.29
29066400,45.48
29070000,43.48
29073600,43.42
29077200,45.31
29080800,49.01
29084400,54.29
29088000,60.77
29091600,68.02
29095200,75.53
29098800,82.81
29102400,89.35
29106000,94.71
29109600,98.52
29113200,100.52
29116800,100.58
29120400,98.69
29124000,94.99
29127600,89.71
29131200,83.23
29134800,75.98
29138400,68.47
29142000,61.19
29145600,54.65
29149200,49.29
29152800,45.48
29156400,43.48
29160000,43.42
29163600,45.31
29167200,49.01
29170800,54.29
29174400,60.77
29178000,68.02
29181600,75.53
29185200,82.81
29188800,89.35
29192400,94.71
29196000,98.52
29199600,100.52
29203200,100.58
29206800,98.69
29210400,94.99
29214000,89.71
29217600,83.23
29221200,75.98
29224800,68.47
29228400,61.19
29232000,54.65
29235600,49.29
29239200,45.48
29242800,43.48
29246400,43.42
29250000,45.31
29253600,49.01
29257200,54.29
29260800,60.77
29264400,68.02
29268000,75.53
29271600,82.81
29275200,89.35
29278800,94.71
29282400,98.52
29286000,100.52
29289600,100.58
29293200,98.69
29296800,94.99
29300400,89.71
29304000,83.23
29307600,75.98
29311200,68.47
29314800,61.19
29318400,54.65
29322000,49.29
29325600,45.48
29329200,43.48
29332800,43.42
29336400,45.31
29340000,49.01
29343600,54.29
29347200,60.77
29350800,68.02
29354400,75.53
29358000,82.81
29361600,89.35
29365200,94.71
29368800,98.52
29372400,100.52
29376000,100.58
29379600,98.69
29383200,94.99
29386800,89.71
29390400,83.23
29394000,75.98
29397600,68.47
29401200,61.19
29404800,54.65
29408400,49.29
29412000,45.48
29415600,43.48
29419200,43.42
29422800,45.31
29426400,49.01
29430000,54.29
29433600,60.77
29437200,68.02
29440800,75.53
29444400,82.81
29448000,89.35
29451600,94.71
29455200,98.52
29458800,100.52
29462400,100.58
29466000,98.69
29469600,94.99
29473200,89.71
29476800,83.23
29480400,75.98
29484000,68.47
29487600,61.19
29491200,54.65
29494800,49.29
29498400,45.48
29502000,43.48
29505600,43.42
29509200,45.31
29512800,49.01
29516400,54.29
29520000,60.77
29523600,68.02
29527200,75.53
29530800,82.81
29534400,89.35
29538000,94.71
29541600,98.52
29545200,100.52
29548800,100.58
29552400,98.69
29556000,94.99
29559600,89.71
29563200,83.23
29566800,75.98
29570400,68.47
29574000,61.19
29577600,54.65
29581200,49.29
29584800,45.48
29588400,43.48
29592000,43.42
29595600,45.31
29599200,49.01
29602800,54.29
29606400,60.77
29610000,68.02
29613600,75.53
29617200,82.81
29620800,89.35
29624400,94.71
29628000,98.52
29631600,100.52
29635200,100.58
29638800,98.69
29642400,94.99
29646000,89.71
29649600,83.23
29653200,75.98
29656800,68.47
29660400,61.19
29664000,54.65
29667600,49.29
29671200,45.48
29674800,43.48
29678400,43.42
29682000,45.31
29685600,49.01
29689200,54.29
29692800,60.77
29696400,68.02
29700000,75.53
29703600,82.81
29707200,89.35
29710800,94.71
29714400,98.52
29718000,100.52
29721600,100.58
29725200,98.69
29728800,94.99
29732400,89.71
29736000,83.23
29739600,75.98
29743200,68.47
29746800,61.19
29750400,54.65
29754000,49.29
29757600,45.48
29761200,43.48
29764800,43.42
29768400,45.31
29772000,49.01
29775600,54.29
29779200,60.77
29782800,68.02
29786400,75.53
29790000,82.81
29793600,89.35
29797200,94.71
29800800,98.52
29804400,100.52
29808000,100.58
29811600,98.69
29815200,94.99
29818800,89.71
29822400,83.23
29826000,75.98
29829600,68.47
29833200,61.19
29836800,54.65
29840400,49.29
29844000,45.48
29847600,43.48
29851200,43.42
29854800,45.31
29858400,49.01
29862000,54.29
29865600,60.77
29869200,68.02
29872800,75.53
29876400,82.81
29880000,89.35
29883600,94.71
29887200,98.52
29890800,100.52
29894400,100.58
29898000,98.69
29901600,94.99
29905200,89.71
29908800,83.23
29912400,75.98
29916000,68.47
29919600,61.19
29923200,54.65
29926800,49.29
29930400,45.48
29934000,43.48
29937600,43.42
29941200,45.31
29944800,49.01
29948400,54.29
29952000,60.77
29955600,68.02
29959200,75.53
29962800,82.81
29966400,89.35
29970000,94.71
29973600,98.52
29977200,100.52
29980800,100.58
29984400,98.69
29988000,94.99
29991600,89.71
29995200,83.23
29998800,75.98
30002400,68.47
30006000,61.19
30009600,54.65
30013200,49.29
30016800,45.48
30020400,43.48
30024000,43.42
30027600,45.31
30031200,49.01
30034800,54.29
30038400,60.77
30042000,68.02
30045600,75.53
30049200,82.81
30052800,89.35
30056400,94.71
30060000,98.52
30063600,100.52
30067200,100.58
30070800,98.69
30074400,94.99
30078000,89.71
30081600,83.23
30085200,75.98
30088800,68.47
30092400,61.19
30096000,54.65
30099600,49.29
30103200,45.48
30106800,43.48
30110400,43.42
30114000,45.31
30117600,49.01
30121200,54.29
30124800,60.77
30128400,68.02
30132000,75.53
30135600,82.81
30139200,89.35
30142800,94.71
30146400,98.52
30150000,100.52
30153600,100.58
30157200,98.69
30160800,94.99
30164400,89.71
30168000,83.23
30171600,75.98
30175200,68.47
30178800,61.19
30182400,54.65
30186000,49.29
30189600,45.48
30193200,43.48
30196800,43.42
30200400,45.31
30204000,49.01
30207600,54.29
30211200,60.77
30214800,68.02
30218400,75.53
30222000,82.81
30225600,89.35
30229200,94.71
30232800,98.52
30236400,100.52
30240000,100.58
30243600,98.69
30247200,94.99
30250800,89.71
30254400,83.23
30258000,75.98
30261600,68.47
30265200,61.19
30268800,54.65
30272400,49.29
30276000,45.48
30279600,43.48
30283200,43.42
30286800,45.31
30290400,49.01
30294000,54.29
30297600,60.77
30301200,68.02
30304800,75.53
30308400,82.81
30312000,89.35
30315600,94.71
30319200,98.52
30322800,100.52
30326400,100.58
30330000,98.69
30333600,94.99
30337200,89.71
30340800,83.23
30344400,75.98
30348000,68.47
30351600,61.19
30355200,54.65
30358800,49.29
30362400,45.48
30366000,43.48
30369600,43.42
30373200,45.31
30376800,49.01
30380400,54.29
30384000,60.77
30387600,68.02
30391200,75.53
30394800,82.81
30398400,89.35
30402000,94.71
30405600,98.52
30409200,100.52
30412800,100.58
30416400,98.69
30420000,94.99
30423600,89.71
30427200,83.23
30430800,75.98
30434400,68.47
30438000,61.19
30441600,54.65
30445200,49.29
30448800,45.48
30452400,43.48
30456000,43.42
30459600,45.31
30463200,49.01
30466800,54.29
30470400,60.77
30474000,68.02
30477600,75.53
30481200,82.81
30484800,89.35
30488400,94.71
30492000,98.52
30495600,100.52
30499200,100.58
30502800,98.69
30506400,94.99
30510000,89.71
30513600,83.23
30517200,75.98
30520800,68.47
30524400,61.19
30528000,54.65
30531600,49.29
30535200,45.48
30538800,43.48
30542400,43.42
30546000,45.31
30549600,49.01
30553200,54.29
30556800,60.77
30560400,68.02
30564000,75.53
30567600,82.81
30571200,89.35
30574800,94.71
30578400,98.52
30582000,100.52
30585600,100.58
30589200,98.69
30592800,94.99
30596400,89.71
30600000,83.23
30603600,75.98
30607200,68.47
30610800,61.19
30614400,54.65
30618000,49.29
30621600,45.48
30625200,43.48
30628800,43.42
30632400,45.31
30636000,49.01
30639600,54.29
30643200,60.77
30646800,68.02
30650400,75.53
30654000,82.81
30657600,89.35
30661200,94.71
30664800,98.52
30668400,100.52
30672000,100.58
30675600,98.69
30679200,94.99
30682800,89.71
30686400,83.23
30690000,75.98
30693600,68.47
30697200,61.19
30700800,54.65
30704400,49.29
30708000,45.48
30711600,43.48
30715200,43.42
30718800,45.31
30722400,49.01
30726000,54.29
30729600,60.77
30733200,68.02
30736800,75.53
30740400,82.81
30744000,89.35
30747600,94.71
30751200,98.52
30754800,100.52
30758400,100.58
30762000,98.69
30765600,94.99
30769200,89.71
30772800,83.23
30776400,75.98
30780000,68.47
30783600,61.19
30787200,54.65
30790800,49.29
30794400,45.48
30798000,43.48
30801600,43.42
30805200,45.31
30808800,49.01
30812400,54.29
30816000,60.77
30819600,68.02
30823200,75.53
30826800,82.81
30830400,89.35
30834000,94.71
30837600,98.52
30841200,100.52
30844800,100.58
30848400,98.69
30852000,94.99
30855600,89.71
30859200,83.23
30862800,75.98
30866400,68.47
30870000,61.19
30873600,54.65
30877200,49.29
30880800,45.48
30884400,43.48
30888000,43.42
30891600,45.31
30895200,49.01
30898800,54.29
30902400,60.77
30906000,68.02
30909600,75.53
30913200,82.81
30916800,89.35
30920400,94.71
30924000,98.52
30927600,100.52
30931200,100.58
30934800,98.69
30938400,94.99
30942000,89.71
30945600,83.23
30949200,75.98
30952800,68.47
30956400,61.19
30960000,54.65
30963600,49.29
30967200,45.48
30970800,43.48
30974400,43.42
30978000,45.31
30981600,49.01
30985200,54.29
30988800,60.77
30992400,68.02
30996000,75.53
30999600,82.81
31003200,89.35
31006800,94.71
31010400,98.52
31014000,100.52
31017600,100.58
31021200,98.69
31024800,94.99
31028400,89.71
31032000,83.23
31035600,75.98
31039200,68.47
31042800,61.19
31046400,54.65
31050000,49.29
31053600,45.48
31057200,43.48
31060800,43.42
31064400,45.31
31068000,49.01
31071600,54.29
31075200,60.77
31078800,68.02
31082400,75.53
31086000,82.81
31089600,89.35
31093200,94.71
31096800,98.52
31100400,100.52
31104000,100.58
31107600,98.69
31111200,94.99
31114800,89.71
31118400,83.23
31122000,75.98
31125600,68.47
31129200,61.19
31132800,54.65
31136400,49.29
31140000,45.48
31143600,43.48
31147200,43.42
31150800,45.31
31154400,49.01
31158000,54.29
31161600,60.77
31165200,68.02
31168800,75.53
31172400,82.81
31176000,89.35
31179600,94.71
31183200,98.52
31186800,100.52
31190400,100.58
31194000,98.69
31197600,94.99
31201200,89.71
31204800,83.23
31208400,75.98
31212000,68.47
31215600,61.19
31219200,54.65
31222800,49.29
31226400,45.48
31230000,43.48
31233600,43.42
31237200,45.31
31240800,49.01
31244400,54.29
31248000,60.77
31251600,68.02
31255200,75.53
31258800,82.81
31262400,89.35
31266000,94.71
31269600,98.52
31273200,100.52
31276800,100.58
31280400,98.69
31284000,94.99
31287600,89.71
31291200,83.23
31294800,75.98
31298400,68.47
31302000,61.19
31305600,54.65
31309200,49.29
31312800,45.48
31316400,43.48
31320000,43.42
31323600,45.31
31327200,49.01
31330800,54.29
31334400,60.77
31338000,68.02
31341600,75.53
31345200,82.81
31348800,89.35
31352400,94.71
31356000,98.52
31359600,100.52
31363200,100.58
31366800,98.69
31370400,94.99
31374000,89.71
31377600,83.23
31381200,75.98
31384800,68.47
31388400,61.19
31392000,54.65
31395600,49.29
31399200,45.48
31402800,43.48
31406400,43.42
31410000,45.31
31413600,49.01
31417200,54.29
31420800,60.77
31424400,68.02
31428000,75.53
31431600,82.81
31435200,89.35
31438800,94.71
31442400,98.52
31446000,100.52
31449600,100.58
31453200,98.69
31456800,94.99
31460400,89.71
31464000,83.23
31467600,75.98
31471200,68.47
31474800,61.19
31478400,54.65
31482000,49.29
31485600,45.48
31489200,43.48
31492800,43.42
31496400,45.31
31500000,49.01
31503600,54.29
31507200,60.77
31510800,68.02
31514400,75.53
31518000,82.81
31521600,89.35
31525200,94.71
31528800,98.52
31532400,100.52
31536000,100.58
