t_seconds,gco2_per_kwh
0,73.62
3600,72.68
7200,70.37
10800,66.85
14400,62.36
18000,57.21
21600,51.74
25200,46.33
28800,41.34
32400,37.12
36000,33.96
39600,32.07
43200,31.58
46800,32.52
50400,34.83
54000,38.35
57600,42.84
61200,47.99
64800,53.46
68400,58.87
72000,63.86
75600,68.08
79200,71.24
82800,73.13
86400,73.62
90000,72.68
93600,70.37
97200,66.85
100800,62.36
104400,57.21
108000,51.74
111600,46.33
115200,41.34
118800,37.12
122400,33.96
126000,32.07
129600,31.58
133200,32.52
136800,34.83
140400,38.35
144000,42.84
147600,47.99
151200,53.46
154800,58.87
158400,63.86
162000,68.08
165600,71.24
169200,73.13
172800,73.62
176400,72.68
180000,70.37
183600,66.85
187200,62.36
190800,57.21
194400,51.74
198000,46.33
201600,41.34
205200,37.12
208800,33.96
212400,32.07
216000,31.58
219600,32.52
223200,34.83
226800,38.35
230400,42.84
234000,47.99
237600,53.46
241200,58.87
244800,63.86
248400,68.08
252000,71.24
255600,73.13
259200,73.62
262800,72.68
266400,70.37
270000,66.85
273600,62.36
277200,57.21
280800,51.74
284400,46.33
288000,41.34
291600,37.12
295200,33.96
298800,32.07
302400,31.58
306000,32.52
309600,34.83
313200,38.35
316800,42.84
320400,47.99
324000,53.46
327600,58.87
331200,63.86
334800,68.08
338400,71.24
342000,73.13
345600,73.62
349200,72.68
352800,70.37
356400,66.85
360000,62.36
363600,57.21
367200,51.74
370800,46.33
374400,41.34
378000,37.12
381600,33.96
385200,32.07
388800,31.58
392400,32.52
396000,34.83
399600,38.35
403200,42.84
406800,47.99
410400,53.46
414000,58.87
417600,63.86
421200,68.08
424800,71.24
428400,73.13
432000,73.62
435600,72.68
439200,70.37
442800,66.85
446400,62.36
450000,57.21
453600,51.74
457200,46.33
460800,41.34
464400,37.12
468000,33.96
471600,32.07
475200,31.58
478800,32.52
482400,34.83
486000,38.35
489600,42.84
493200,47.99
496800,53.46
500400,58.87
504000,63.86
507600,68.08
511200,71.24
514800,73.13
518400,73.62
522000,72.68
525600,70.37
529200,66.85
532800,62.36
536400,57.21
540000,51.74
543600,46.33
547200,41.34
550800,37.12
554400,33.96
558000,32.07
561600,31.58
565200,32.52
568800,34.83
572400,38.35
576000,42.84
579600,47.99
583200,53.46
586800,58.87
590400,63.86
594000,68.08
597600,71.24
601200,73.13
604800,73.62
608400,72.68
612000,70.37
615600,66.85
619200,62.36
622800,57.21
626400,51.74
630000,46.33
633600,41.34
637200,37.12
640800,33.96
644400,32.07
648000,31.58
651600,32.52
655200,34.83
658800,38.35
662400,42.84
666000,47.99
669600,53.46
673200,58.87
676800,63.86
680400,68.08
684000,71.24
687600,73.13
691200,73.62
694800,72.68
698400,70.37
702000,66.85
705600,62.36
709200,57.21
712800,51.74
716400,46.33
720000,41.34
723600,37.12
727200,33.96
730800,32.07
734400,31.58
738000,32.52
741600,34.83
745200,38.35
748800,42.84
752400,47.99
756000,53.46
759600,58.87
763200,63.86
766800,68.08
770400,71.24
774000,73.13
777600,73.62
781200,72.68
784800,70.37
788400,66.85
792000,62.36
795600,57.21
799200,51.74
802800,46.33
806400,41.34
810000,37.12
813600,33.96
817200,32.07
820800,31.58
824400,32.52
828000,34.83
831600,38.35
835200,42.84
838800,47.99
842400,53.46
846000,58.87
849600,63.86
853200,68.08
856800,71.24
860400,73.13
864000,73.62
867600,72.68
871200,70.37
874800,66.85
878400,62.36
882000,57.21
885600,51.74
889200,46.33
892800,41.34
896400,37.12
900000,33.96
903600,32.07
907200,31.58
910800,32.52
914400,34.83
918000,38.35
921600,42.84
925200,47.99
928800,53.46
932400,58.87
936000,63.86
939600,68.08
943200,71.24
946800,73.13
950400,73.62
954000,72.68
957600,70.37
961200,66.85
964800,62.36
968400,57.21
972000,51.74
975600,46.33
979200,41.34
982800,37.12
986400,33.96
990000,32.07
993600,31.58
997200,32.52
1000800,34.83
1004400,38.35
1008000,42.84
1011600,47.99
1015200,53.46
1018800,58.87
1022400,63.86
1026000,68.08
1029600,71.24
1033200,73.13
1036800,73.62
1040400,72.68
1044000,70.37
1047600,66.85
1051200,62.36
1054800,57.21
1058400,51.74
1062000,46.33
1065600,41.34
1069200,37.12
1072800,33.96
1076400,32.07
1080000,31.58
1083600,32.52
1087200,34.83
1090800,38.35
1094400,42.84
1098000,47.99
1101600,53.46
1105200,58.87
1108800,63.86
1112400,68.08
1116000,71.24
1119600,73.13
1123200,73.62
1126800,72.68
1130400,70.37
1134000,66.85
1137600,62.36
1141200,57.21
1144800,51.74
1148400,46.33
1152000,41.34
1155600,37.12
1159200,33.96
1162800,32.07
1166400,31.58
1170000,32.52
1173600,34.83
1177200,38.35
1180800,42.84
1184400,47.99
1188000,53.46
1191600,58.87
1195200,63.86
1198800,68.08
1202400,71.24
1206000,73.13
1209600,73.62
1213200,72.68
1216800,70.37
1220400,66.85
1224000,62.36
1227600,57.21
1231200,51.74
1234800,46.33
1238400,41.34
1242000,37.12
1245600,33.96
1249200,32.07
1252800,31.58
1256400,32.52
1260000,34.83
1263600,38.35
1267200,42.84
1270800,47.99
1274400,53.46
1278000,58.87
1281600,63.86
1285200,68.08
1288800,71.24
1292400,73.13
1296000,73.62
1299600,72.68
1303200,70.37
1306800,66.85
1310400,62.36
1314000,57.21
1317600,51.74
1321200,46.33
1324800,41.34
1328400,37.12
1332000,33.96
1335600,32.07
1339200,31.58
1342800,32.52
1346400,34.83
1350000,38.35
1353600,42.84
1357200,47.99
1360800,53.46
1364400,58.87
1368000,63.86
1371600,68.08
1375200,71.24
1378800,73.13
1382400,73.62
1386000,72.68
1389600,70.37
1393200,66.85
1396800,62.36
1400400,57.21
1404000,51.74
1407600,46.33
1411200,41.34
1414800,37.12
1418400,33.96
1422000,32.07
1425600,31.58
1429200,32.52
1432800,34.83
1436400,38.35
1440000,42.84
1443600,47.99
1447200,53.46
1450800,58.87
1454400,63.86
1458000,68.08
1461600,71.24
1465200,73.13
1468800,73.62
1472400,72.68
1476000,70.37
1479600,66.85
1483200,62.36
1486800,57.21
1490400,51.74
1494000,46.33
1497600,41.34
1501200,37.12
1504800,33.96
1508400,32.07
1512000,31.58
1515600,32.52
1519200,34.83
1522800,38.35
1526400,42.84
1530000,47.99
1533600,53.46
1537200,58.87
1540800,63.86
1544400,68.08
1548000,71.24
1551600,73.13
1555200,73.62
1558800,72.68
1562400,70.37
1566000,66.85
1569600,62.36
1573200,57.21
1576800,51.74
1580400,46.33
1584000,41.34
1587600,37.12
1591200,33.96
1594800,32.07
1598400,31.58
1602000,32.52
1605600,34.83
1609200,38.35
1612800,42.84
1616400,47.99
1620000,53.46
1623600,58.87
1627200,63.86
1630800,68.08
1634400,71.24
1638000,73.13
1641600,73.62
1645200,72.68
1648800,70.37
1652400,66.85
1656000,62.36
1659600,57.21
1663200,51.74
1666800,46.33
1670400,41.34
1674000,37.12
1677600,33.96
1681200,32.07
1684800,31.58
1688400,32.52
1692000,34.83
1695600,38.35
1699200,42.84
1702800,47.99
1706400,53.46
1710000,58.87
1713600,63.86
1717200,68.08
1720800,71.24
1724400,73.13
1728000,73.62
1731600,72.68
1735200,70.37
1738800,66.85
1742400,62.36
1746000,57.21
1749600,51.74
1753200,46.33
1756800,41.34
1760400,37.12
1764000,33.96
1767600,32.07
1771200,31.58
1774800,32.52
1778400,34.83
1782000,38.35
1785600,42.84
1789200,47.99
1792800,53.46
1796400,58.87
1800000,63.86
1803600,68.08
1807200,71.24
1810800,73.13
1814400,73.62
1818000,72.68
1821600,70.37
1825200,66.85
1828800,62.36
1832400,57.21
1836000,51.74
1839600,46.33
1843200,41.34
1846800,37.12
1850400,33.96
1854000,32.07
1857600,31.58
1861200,32.52
1864800,34.83
1868400,38.35
1872000,42.84
1875600,47.99
1879200,53.46
1882800,58.87
1886400,63.86
1890000,68.08
1893600,71.24
1897200,73.13
1900800,73.62
1904400,72.68
1908000,70.37
1911600,66.85
1915200,62.36
1918800,57.21
1922400,51.74
1926000,46.33
1929600,41.34
1933200,37.12
1936800,33.96
1940400,32.07
1944000,31.58
1947600,32.52
1951200,34.83
1954800,38.35
1958400,42.84
1962000,47.99
1965600,53.46
1969200,58.87
1972800,63.86
1976400,68.08
1980000,71.24
1983600,73.13
1987200,73.62
1990800,72.68
1994400,70.37
1998000,66.85
2001600,62.36
2005200,57.21
2008800,51.74
2012400,46.33
2016000,41.34
2019600,37.12
2023200,33.96
2026800,32.07
2030400,31.58
2034000,32.52
2037600,34.83
2041200,38.35
2044800,42.84
2048400,47.99
2052000,53.46
2055600,58.87
2059200,63.86
2062800,68.08
2066400,71.24
2070000,73.13
2073600,73.62
2077200,72.68
2080800,70.37
2084400,66.85
2088000,62.36
2091600,57.21
2095200,51.74
2098800,46.33
2102400,41.34
2106000,37.12
2109600,33.96
2113200,32.07
2116800,31.58
2120400,32.52
2124000,34.83
2127600,38.35
2131200,42.84
2134800,47.99
2138400,53.46
2142000,58.87
2145600,63.86
2149200,68.08
2152800,71.24
2156400,73.13
2160000,73.62
2163600,72.68
2167200,70.37
2170800,66.85
2174400,62.36
2178000,57.21
2181600,51.74
2185200,46.33
2188800,41.34
2192400,37.12
2196000,33.96
2199600,32.07
2203200,31.58
2206800,32.52
2210400,34.83
2214000,38.35
2217600,42.84
2221200,47.99
2224800,53.46
2228400,58.87
2232000,63.86
2235600,68.08
2239200,71.24
2242800,73.13
2246400,73.62
2250000,72.68
2253600,70.37
2257200,66.85
2260800,62.36
2264400,57.21
2268000,51.74
2271600,46.33
2275200,41.34
2278800,37.12
2282400,33.96
2286000,32.07
2289600,31.58
2293200,32.52
2296800,34.83
2300400,38.35
2304000,42.84
2307600,47.99
2311200,53.46
2314800,58.87
2318400,63.86
2322000,68.08
2325600,71.24
2329200,73.13
2332800,73.62
2336400,72.68
2340000,70.37
2343600,66.85
2347200,62.36
2350800,57.21
2354400,51.74
2358000,46.33
2361600,41.34
2365200,37.12
2368800,33.96
2372400,32.07
2376000,31.58
2379600,32.52
2383200,34.83
2386800,38.35
2390400,42.84
2394000,47.99
2397600,53.46
2401200,58.87
2404800,63.86
2408400,68.08
2412000,71.24
2415600,73.13
2419200,73.62
2422800,72.68
2426400,70.37
2430000,66.85
2433600,62.36
2437200,57.21
2440800,51.74
2444400,46.33
2448000,41.34
2451600,37.12
2455200,33.96
2458800,32.07
2462400,31.58
2466000,32.52
2469600,34.83
2473200,38.35
2476800,42.84
2480400,47.99
2484000,53.46
2487600,58.87
2491200,63.86
2494800,68.08
2498400,71.24
2502000,73.13
2505600,73.62
2509200,72.68
2512800,70.37
2516400,66.85
2520000,62.36
2523600,57.21
2527200,51.74
2530800,46.33
2534400,41.34
2538000,37.12
2541600,33.96
2545200,32.07
2548800,31.58
2552400,32.52
2556000,34.83
2559600,38.35
2563200,42.84
2566800,47.99
2570400,53.46
2574000,58.87
2577600,63.86
2581200,68.08
2584800,71.24
2588400,73.13
2592000,73.62
2595600,72.68
2599200,70.37
2602800,66.85
2606400,62.36
2610000,57.21
2613600,51.74
2617200,46.33
2620800,41.34
2624400,37.12
2628000,33.96
2631600,32.07
2635200,31.58
2638800,32.52
2642400,34.83
2646000,38.35
2649600,42.84
2653200,47.99
2656800,53.46
2660400,58.87
2664000,63.86
2667600,68.08
2671200,71.24
2674800,73.13
2678400,73.62
2682000,72.68
2685600,70.37
2689200,66.85
2692800,62.36
2696400,57.21
2700000,51.74
2703600,46.33
2707200,41.34
2710800,37.12
2714400,33.96
2718000,32.07
2721600,31.58
2725200,32.52
2728800,34.83
2732400,38.35
2736000,42.84
2739600,47.99
2743200,53.46
2746800,58.87
2750400,63.86
2754000,68.08
2757600,71.24
2761200,73.13
2764800,73.62
2768400,72.68
2772000,70.37
2775600,66.85
2779200,62.36
2782800,57.21
2786400,51.74
2790000,46.33
2793600,41.34
2797200,37.12
2800800,33.96
2804400,32.07
2808000,31.58
2811600,32.52
2815200,34.83
2818800,38.35
2822400,42.84
2826000,47.99
2829600,53.46
2833200,58.87
2836800,63.86
2840400,68.08
2844000,71.24
2847600,73.13
2851200,73.62
2854800,72.68
2858400,70.37
2862000,66.85
2865600,62.36
2869200,57.21
2872800,51.74
2876400,46.33
2880000,41.34
2883600,37.12
2887200,33.96
2890800,32.07
2894400,31.58
2898000,32.52
2901600,34.83
2905200,38.35
2908800,42.84
2912400,47.99
2916000,53.46
2919600,58.87
2923200,63.86
2926800,68.08
2930400,71.24
2934000,73.13
2937600,73.62
2941200,72.68
2944800,70.37
2948400,66.85
2952000,62.36
2955600,57.21
2959200,51.74
2962800,46.33
2966400,41.34
2970000,37.12
2973600,33.96
2977200,32.07
2980800,31.58
2984400,32.52
2988000,34.83
2991600,38.35
2995200,42.84
2998800,47.99
3002400,53.46
3006000,58.87
3009600,63.86
3013200,68.08
3016800,71.24
3020400,73.13
3024000,73.62
3027600,72.68
3031200,70.37
3034800,66.85
3038400,62.36
3042000,57.21
3045600,51.74
3049200,46.33
3052800,41.34
3056400,37.12
3060000,33.96
3063600,32.07
3067200,31.58
3070800,32.52
3074400,34.83
3078000,38.35
3081600,42.84
3085200,47.99
3088800,53.46
3092400,58.87
3096000,63.86
3099600,68.08
3103200,71.24
3106800,73.13
3110400,73.62
3114000,72.68
3117600,70.37
3121200,66.85
3124800,62.36
3128400,57.21
3132000,51.74
3135600,46.33
3139200,41.34
3142800,37.12
3146400,33.96
3150000,32.07
3153600,31.58
3157200,32.52
3160800,34.83
3164400,38.35
3168000,42.84
3171600,47.99
3175200,53.46
3178800,58.87
3182400,63.86
3186000,68.08
3189600,71.24
3193200,73.13
3196800,73.62
3200400,72.68
3204000,70.37
3207600,66.85
3211200,62.36
3214800,57.21
3218400,51.74
3222000,46.33
3225600,41.34
3229200,37.12
3232800,33.96
3236400,32.07
3240000,31.58
3243600,32.52
3247200,34.83
3250800,38.35
3254400,42.84
3258000,47.99
3261600,53.46
3265200,58.87
3268800,63.86
3272400,68.08
3276000,71.24
3279600,73.13
3283200,73.62
3286800,72.68
3290400,70.37
3294000,66.85
3297600,62.36
3301200,57.21
3304800,51.74
3308400,46.33
3312000,41.34
3315600,37.12
3319200,33.96
3322800,32.07
3326400,31.58
3330000,32.52
3333600,34.83
3337200,38.35
3340800,42.84
3344400,47.99
3348000,53.46
3351600,58.87
3355200,63.86
3358800,68.08
3362400,71.24
3366000,73.13
3369600,73.62
3373200,72.68
3376800,70.37
3380400,66.85
3384000,62.36
3387600,57.21
3391200,51.74
3394800,46.33
3398400,41.34
3402000,37.12
3405600,33.96
3409200,32.07
3412800,31.58
3416400,32.52
3420000,34.83
3423600,38.35
3427200,42.84
3430800,47.99
3434400,53.46
3438000,58.87
3441600,63.86
3445200,68.08
3448800,71.24
3452400,73.13
3456000,73.62
3459600,72.68
3463200,70.37
3466800,66.85
3470400,62.36
3474000,57.21
3477600,51.74
3481200,46.33
3484800,41.34
3488400,37.12
3492000,33.96
3495600,32.07
3499200,31.58
3502800,32.52
3506400,34.83
3510000,38.35
3513600,42.84
3517200,47.99
3520800,53.46
3524400,58.87
3528000,63.86
3531600,68.08
3535200,71.24
3538800,73.13
3542400,73.62
3546000,72.68
3549600,70.37
3553200,66.85
3556800,62.36
3560400,57.21
3564000,51.74
3567600,46.33
3571200,41.34
3574800,37.12
3578400,33.96
3582000,32.07
3585600,31.58
3589200,32.52
3592800,34.83
3596400,38.35
3600000,42.84
3603600,47.99
3607200,53.46
3610800,58.87
3614400,63.86
3618000,68.08
3621600,71.24
3625200,73.13
3628800,73.62
3632400,72.68
3636000,70.37
3639600,66.85
3643200,62.36
3646800,57.21
3650400,51.74
3654000,46.33
3657600,41.34
3661200,37.12
3664800,33.96
3668400,32.07
3672000,31.58
3675600,32.52
3679200,34.83
3682800,38.35
3686400,42.84
3690000,47.99
3693600,53.46
3697200,58.87
3700800,63.86
3704400,68.08
3708000,71.24
3711600,73.13
3715200,73.62
3718800,72.68
3722400,70.37
3726000,66.85
3729600,62.36
3733200,57.21
3736800,51.74
3740400,46.33
3744000,41.34
3747600,37.12
3751200,33.96
3754800,32.07
3758400,31.58
3762000,32.52
3765600,34.83
3769200,38.35
3772800,42.84
3776400,47.99
3780000,53.46
3783600,58.87
3787200,63.86
3790800,68.08
3794400,71.24
3798000,73.13
3801600,73.62
3805200,72.68
3808800,70.37
3812400,66.85
3816000,62.36
3819600,57.21
3823200,51.74
3826800,46.33
3830400,41.34
3834000,37.12
3837600,33.96
3841200,32.07
3844800,31.58
3848400,32.52
3852000,34.83
3855600,38.35
3859200,42.84
3862800,47.99
3866400,53.46
3870000,58.87
3873600,63.86
3877200,68.08
3880800,71.24
3884400,73.13
3888000,73.62
3891600,72.68
3895200,70.37
3898800,66.85
3902400,62.36
3906000,57.21
3909600,51.74
3913200,46.33
3916800,41.34
3920400,37.12
3924000,33.96
3927600,32.07
3931200,31.58
3934800,32.52
3938400,34.83
3942000,38.35
3945600,42.84
3949200,47.99
3952800,53.46
3956400,58.87
3960000,63.86
3963600,68.08
3967200,71.24
3970800,73.13
3974400,73.62
3978000,72.68
3981600,70.37
3985200,66.85
3988800,62.36
3992400,57.21
3996000,51.74
3999600,46.33
4003200,41.34
4006800,37.12
4010400,33.96
4014000,32.07
4017600,31.58
4021200,32.52
4024800,34.83
4028400,38.35
4032000,42.84
4035600,47.99
4039200,53.46
4042800,58.87
4046400,63.86
4050000,68.08
4053600,71.24
4057200,73.13
4060800,73.62
4064400,72.68
4068000,70.37
4071600,66.85
4075200,62.36
4078800,57.21
4082400,51.74
4086000,46.33
4089600,41.34
4093200,37.12
4096800,33.96
4100400,32.07
4104000,31.58
4107600,32.52
4111200,34.83
4114800,38.35
4118400,42.84
4122000,47.99
4125600,53.46
4129200,58.87
4132800,63.86
4136400,68.08
4140000,71.24
4143600,73.13
4147200,73.62
4150800,72.68
4154400,70.37
4158000,66.85
4161600,62.36
4165200,57.21
4168800,51.74
4172400,46.33
4176000,41.34
4179600,37.12
4183200,33.96
4186800,32.07
4190400,31.58
4194000,32.52
4197600,34.83
4201200,38.35
4204800,42.84
4208400,47.99
4212000,53.46
4215600,58.87
4219200,63.86
4222800,68.08
4226400,71.24
4230000,73.13
4233600,73.62
4237200,72.68
4240800,70.37
4244400,66.85
4248000,62.36
4251600,57.21
4255200,51.74
4258800,46.33
4262400,41.34
4266000,37.12
4269600,33.96
4273200,32.07
4276800,31.58
4280400,32.52
4284000,34.83
4287600,38.35
4291200,42.84
4294800,47.99
4298400,53.46
4302000,58.87
4305600,63.86
4309200,68.08
4312800,71.24
4316400,73.13
4320000,73.62
4323600,72.68
4327200,70.37
4330800,66.85
4334400,62.36
4338000,57.21
4341600,51.74
4345200,46.33
4348800,41.34
4352400,37.12
4356000,33.96
4359600,32.07
4363200,31.58
4366800,32.52
4370400,34.83
4374000,38.35
4377600,42.84
4381200,47.99
4384800,53.46
4388400,58.87
4392000,63.86
4395600,68.08
4399200,71.24
4402800,73.13
4406400,73.62
4410000,72.68
4413600,70.37
4417200,66.85
4420800,62.36
4424400,57.21
4428000,51.74
4431600,46.33
4435200,41.34
4438800,37.12
4442400,33.96
4446000,32.07
4449600,31.58
4453200,32.52
4456800,34.83
4460400,38.35
4464000,42.84
4467600,47.99
4471200,53.46
4474800,58.87
4478400,63.86
4482000,68.08
4485600,71.24
4489200,73.13
4492800,73.62
4496400,72.68
4500000,70.37
4503600,66.85
4507200,62.36
4510800,57.21
4514400,51.74
4518000,46.33
4521600,41.34
4525200,37.12
4528800,33.96
4532400,32.07
4536000,31.58
4539600,32.52
4543200,34.83
4546800,38.35
4550400,42.84
4554000,47.99
4557600,53.46
4561200,58.87
4564800,63.86
4568400,68.08
4572000,71.24
4575600,73.13
4579200,73.62
4582800,72.68
4586400,70.37
4590000,66.85
4593600,62.36
4597200,57.21
4600800,51.74
4604400,46.33
4608000,41.34
4611600,37.12
4615200,33.96
4618800,32.07
4622400,31.58
4626000,32.52
4629600,34.83
4633200,38.35
4636800,42.84
4640400,47.99
4644000,53.46
4647600,58.87
4651200,63.86
4654800,68.08
4658400,71.24
4662000,73.13
4665600,73.62
4669200,72.68
4672800,70.37
4676400,66.85
4680000,62.36
4683600,57.21
4687200,51.74
4690800,46.33
4694400,41.34
4698000,37.12
4701600,33.96
4705200,32.07
4708800,31.58
4712400,32.52
4716000,34.83
4719600,38.35
4723200,42.84
4726800,47.99
4730400,53.46
4734000,58.87
4737600,63.86
4741200,68.08
4744800,71.24
4748400,73.13
4752000,73.62
4755600,72.68
4759200,70.37
4762800,66.85
4766400,62.36
4770000,57.21
4773600,51.74
4777200,46.33
4780800,41.34
4784400,37.12
4788000,33.96
4791600,32.07
4795200,31.58
4798800,32.52
4802400,34.83
4806000,38.35
4809600,42.84
4813200,47.99
4816800,53.46
4820400,58.87
4824000,63.86
4827600,68.08
4831200,71.24
4834800,73.13
4838400,73.62
4842000,72.68
4845600,70.37
4849200,66.85
4852800,62.36
4856400,57.21
4860000,51.74
4863600,46.33
4867200,41.34
4870800,37.12
4874400,33.96
4878000,32.07
4881600,31.58
4885200,32.52
4888800,34.83
4892400,38.35
4896000,42.84
4899600,47.99
4903200,53.46
4906800,58.87
4910400,63.86
4914000,68.08
4917600,71.24
4921200,73.13
4924800,73.62
4928400,72.68
4932000,70.37
4935600,66.85
4939200,62.36
4942800,57.21
4946400,51.74
4950000,46.33
4953600,41.34
4957200,37.12
4960800,33.96
4964400,32.07
4968000,31.58
4971600,32.52
4975200,34.83
4978800,38.35
4982400,42.84
4986000,47.99
4989600,53.46
4993200,58.87
4996800,63.86
5000400,68.08
5004000,71.24
5007600,73.13
5011200,73.62
5014800,72.68
5018400,70.37
5022000,66.85
5025600,62.36
5029200,57.21
5032800,51.74
5036400,46.33
5040000,41.34
5043600,37.12
5047200,33.96
5050800,32.07
5054400,31.58
5058000,32.52
5061600,34.83
5065200,38.35
5068800,42.84
5072400,47.99
5076000,53.46
5079600,58.87
5083200,63.86
5086800,68.08
5090400,71.24
5094000,73.13
5097600,73.62
5101200,72.68
5104800,70.37
5108400,66.85
5112000,62.36
5115600,57.21
5119200,51.74
5122800,46.33
5126400,41.34
5130000,37.12
5133600,33.96
5137200,32.07
5140800,31.58
5144400,32.52
5148000,34.83
5151600,38.35
5155200,42.84
5158800,47.99
5162400,53.46
5166000,58.87
5169600,63.86
5173200,68.08
5176800,71.24
5180400,73.13
5184000,73.62
5187600,72.68
5191200,70.37
5194800,66.85
5198400,62.36
5202000,57.21
5205600,51.74
5209200,46.33
5212800,41.34
5216400,37.12
5220000,33.96
5223600,32.07
5227200,31.58
5230800,32.52
5234400,34.83
5238000,38.35
5241600,42.84
5245200,47.99
5248800,53.46
5252400,58.87
5256000,63.86
5259600,68.08
5263200,71.24
5266800,73.13
5270400,73.62
5274000,72.68
5277600,70.37
5281200,66.85
5284800,62.36
5288400,57.21
5292000,51.74
5295600,46.33
5299200,41.34
5302800,37.12
5306400,33.96
5310000,32.07
5313600,31.58
5317200,32.52
5320800,34.83
5324400,38.35
5328000,42.84
5331600,47.99
5335200,53.46
5338800,58.87
5342400,63.86
5346000,68.08
5349600,71.24
5353200,73.13
5356800,73.62
5360400,72.68
5364000,70.37
5367600,66.85
5371200,62.36
5374800,57.21
5378400,51.74
5382000,46.33
5385600,41.34
5389200,37.12
5392800,33.96
5396400,32.07
5400000,31.58
5403600,32.52
5407200,34.83
5410800,38.35
5414400,42.84
5418000,47.99
5421600,53.46
5425200,58.87
5428800,63.86
5432400,68.08
5436000,71.24
5439600,73.13
5443200,73.62
5446800,72.68
5450400,70.37
5454000,66.85
5457600,62.36
5461200,57.21
5464800,51.74
5468400,46.33
5472000,41.34
5475600,37.12
5479200,33.96
5482800,32.07
5486400,31.58
5490000,32.52
5493600,34.83
5497200,38.35
5500800,42.84
5504400,47.99
5508000,53.46
5511600,58.87
5515200,63.86
5518800,68.08
5522400,71.24
5526000,73.13
5529600,73.62
5533200,72.68
5536800,70.37
5540400,66.85
5544000,62.36
5547600,57.21
5551200,51.74
5554800,46.33
5558400,41.34
5562000,37.12
5565600,33.96
5569200,32.07
5572800,31.58
5576400,32.52
5580000,34.83
5583600,38.35
5587200,42.84
5590800,47.99
5594400,53.46
5598000,58.87
5601600,63.86
5605200,68.08
5608800,71.24
5612400,73.13
5616000,73.62
5619600,72.68
5623200,70.37
5626800,66.85
5630400,62.36
5634000,57.21
5637600,51.74
5641200,46.33
5644800,41.34
5648400,37.12
5652000,33.96
5655600,32.07
5659200,31.58
5662800,32.52
5666400,34.83
5670000,38.35
5673600,42.84
5677200,47.99
5680800,53.46
5684400,58.87
5688000,63.86
5691600,68.08
5695200,71.24
5698800,73.13
5702400,73.62
5706000,72.68
5709600,70.37
5713200,66.85
5716800,62.36
5720400,57.21
5724000,51.74
5727600,46.33
5731200,41.34
5734800,37.12
5738400,33.96
5742000,32.07
5745600,31.58
5749200,32.52
5752800,34.83
5756400,38.35
5760000,42.84
5763600,47.99
5767200,53.46
5770800,58.87
5774400,63.86
5778000,68.08
5781600,71.24
5785200,73.13
5788800,73.62
5792400,72.68
5796000,70.37
5799600,66.85
5803200,62.36
5806800,57.21
5810400,51.74
5814000,46.33
5817600,41.34
5821200,37.12
5824800,33.96
5828400,32.07
5832000,31.58
5835600,32.52
5839200,34.83
5842800,38.35
5846400,42.84
5850000,47.99
5853600,53.46
5857200,58.87
5860800,63.86
5864400,68.08
5868000,71.24
5871600,73.13
5875200,73.62
5878800,72.68
5882400,70.37
5886000,66.85
5889600,62.36
5893200,57.21
5896800,51.74
5900400,46.33
5904000,41.34
5907600,37.12
5911200,33.96
5914800,32.07
5918400,31.58
5922000,32.52
5925600,34.83
5929200,38.35
5932800,42.84
5936400,47.99
5940000,53.46
5943600,58.87
5947200,63.86
5950800,68.08
5954400,71.24
5958000,73.13
5961600,73.62
5965200,72.68
5968800,70.37
5972400,66.85
5976000,62.36
5979600,57.21
5983200,51.74
5986800,46.33
5990400,41.34
5994000,37.12
5997600,33.96
6001200,32.07
6004800,31.58
6008400,32.52
6012000,34.83
6015600,38.35
6019200,42.84
6022800,47.99
6026400,53.46
6030000,58.87
6033600,63.86
6037200,68.08
6040800,71.24
6044400,73.13
6048000,73.62
6051600,72.68
6055200,70.37
6058800,66.85
6062400,62.36
6066000,57.21
6069600,51.74
6073200,46.33
6076800,41.34
6080400,37.12
6084000,33.96
6087600,32.07
6091200,31.58
6094800,32.52
6098400,34.83
6102000,38.35
6105600,42.84
6109200,47.99
6112800,53.46
6116400,58.87
6120000,63.86
6123600,68.08
6127200,71.24
6130800,73.13
6134400,73.62
6138000,72.68
6141600,70.37
6145200,66.85
6148800,62.36
6152400,57.21
6156000,51.74
6159600,46.33
6163200,41.34
6166800,37.12
6170400,33.96
6174000,32.07
6177600,31.58
6181200,32.52
6184800,34.83
6188400,38.35
6192000,42.84
6195600,47.99
6199200,53.46
6202800,58.87
6206400,63.86
6210000,68.08
6213600,71.24
6217200,73.13
6220800,73.62
6224400,72.68
6228000,70.37
6231600,66.85
6235200,62.36
6238800,57.21
6242400,51.74
6246000,46.33
6249600,41.34
6253200,37.12
6256800,33.96
6260400,32.07
6264000,31.58
6267600,32.52
6271200,34.83
6274800,38.35
6278400,42.84
6282000,47.99
6285600,53.46
6289200,58.87
6292800,63.86
6296400,68.08
6300000,71.24
6303600,73.13
6307200,73.62
6310800,72.68
6314400,70.37
6318000,66.85
6321600,62.36
6325200,57.21
6328800,51.74
6332400,46.33
6336000,41.34
6339600,37.12
6343200,33.96
6346800,32.07
6350400,31.58
6354000,32.52
6357600,34.83
6361200,38.35
6364800,42.84
6368400,47.99
6372000,53.46
6375600,58.87
6379200,63.86
6382800,68.08
6386400,71.24
6390000,73.13
6393600,73.62
6397200,72.68
6400800,70.37
6404400,66.85
6408000,62.36
6411600,57.21
6415200,51.74
6418800,46.33
6422400,41.34
6426000,37.12
6429600,33.96
6433200,32.07
6436800,31.58
6440400,32.52
6444000,34.83
6447600,38.35
6451200,42.84
6454800,47.99
6458400,53.46
6462000,58.87
6465600,63.86
6469200,68.08
6472800,71.24
6476400,73.13
6480000,73.62
6483600,72.68
6487200,70.37
6490800,66.85
6494400,62.36
6498000,57.21
6501600,51.74
6505200,46.33
6508800,41.34
6512400,37.12
6516000,33.96
6519600,32.07
6523200,31.58
6526800,32.52
6530400,34.83
6534000,38.35
6537600,42.84
6541200,47.99
6544800,53.46
6548400,58.87
6552000,63.86
6555600,68.08
6559200,71.24
6562800,73.13
6566400,73.62
6570000,72.68
6573600,70.37
6577200,66.85
6580800,62.36
6584400,57.21
6588000,51.74
6591600,46.33
6595200,41.34
6598800,37.12
6602400,33.96
6606000,32.07
6609600,31.58
6613200,32.52
6616800,34.83
6620400,38.35
6624000,42.84
6627600,47.99
6631200,53.46
6634800,58.87
6638400,63.86
6642000,68.08
6645600,71.24
6649200,73.13
6652800,73.62
6656400,72.68
6660000,70.37
6663600,66.85
6667200,62.36
6670800,57.21
6674400,51.74
6678000,46.33
6681600,41.34
6685200,37.12
6688800,33.96
6692400,32.07
6696000,31.58
6699600,32.52
6703200,34.83
6706800,38.35
6710400,42.84
6714000,47.99
6717600,53.46
6721200,58.87
6724800,63.86
6728400,68.08
6732000,71.24
6735600,73.13
6739200,73.62
6742800,72.68
6746400,70.37
6750000,66.85
6753600,62.36
6757200,57.21
6760800,51.74
6764400,46.33
6768000,41.34
6771600,37.12
6775200,33.96
6778800,32.07
6782400,31.58
6786000,32.52
6789600,34.83
6793200,38.35
6796800,42.84
6800400,47.99
6804000,53.46
6807600,58.87
6811200,63.86
6814800,68.08
6818400,71.24
6822000,73.13
6825600,73.62
6829200,72.68
6832800,70.37
6836400,66.85
6840000,62.36
6843600,57.21
6847200,51.74
6850800,46.33
6854400,41.34
6858000,37.12
6861600,33.96
6865200,32.07
6868800,31.58
6872400,32.52
6876000,34.83
6879600,38.35
6883200,42.84
6886800,47.99
6890400,53.46
6894000,58.87
6897600,63.86
6901200,68.08
6904800,71.24
6908400,73.13
6912000,73.62
6915600,72.68
6919200,70.37
6922800,66.85
6926400,62.36
6930000,57.21
6933600,51.74
6937200,46.33
6940800,41.34
6944400,37.12
6948000,33.96
6951600,32.07
6955200,31.58
6958800,32.52
6962400,34.83
6966000,38.35
6969600,42.84
6973200,47.99
6976800,53.46
6980400,58.87
6984000,63.86
6987600,68.08
6991200,71.24
6994800,73.13
6998400,73.62
7002000,72.68
7005600,70.37
7009200,66.85
7012800,62.36
7016400,57.21
7020000,51.74
7023600,46.33
7027200,41.34
7030800,37.12
7034400,33.96
7038000,32.07
7041600,31.58
7045200,32.52
7048800,34.83
7052400,38.35
7056000,42.84
7059600,47.99
7063200,53.46
7066800,58.87
7070400,63.86
7074000,68.08
7077600,71.24
7081200,73.13
7084800,73.62
7088400,72.68
7092000,70.37
7095600,66.85
7099200,62.36
7102800,57.21
7106400,51.74
7110000,46.33
7113600,41.34
7117200,37.12
7120800,33.96
7124400,32.07
7128000,31.58
7131600,32.52
7135200,34.83
7138800,38.35
7142400,42.84
7146000,47.99
7149600,53.46
7153200,58.87
7156800,63.86
7160400,68.08
7164000,71.24
7167600,73.13
7171200,73.62
7174800,72.68
7178400,70.37
7182000,66.85
7185600,62.36
7189200,57.21
7192800,51.74
7196400,46.33
7200000,41.34
7203600,37.12
7207200,33.96
7210800,32.07
7214400,31.58
7218000,32.52
7221600,34.83
7225200,38.35
7228800,42.84
7232400,47.99
7236000,53.46
7239600,58.87
7243200,63.86
7246800,68.08
7250400,71.24
7254000,73.13
7257600,73.62
7261200,72.68
7264800,70.37
7268400,66.85
7272000,62.36
7275600,57.21
7279200,51.74
7282800,46.33
7286400,41.34
7290000,37.12
7293600,33.96
7297200,32.07
7300800,31.58
7304400,32.52
7308000,34.83
7311600,38.35
7315200,42.84
7318800,47.99
7322400,53.46
7326000,58.87
7329600,63.86
7333200,68.08
7336800,71.24
7340400,73.13
7344000,73.62
7347600,72.68
7351200,70.37
7354800,66.85
7358400,62.36
7362000,57.21
7365600,51.74
7369200,46.33
7372800,41.34
7376400,37.12
7380000,33.96
7383600,32.07
7387200,31.58
7390800,32.52
7394400,34.83
7398000,38.35
7401600,42.84
7405200,47.99
7408800,53.46
7412400,58.87
7416000,63.86
7419600,68.08
7423200,71.24
7426800,73.13
7430400,73.62
7434000,72.68
7437600,70.37
7441200,66.85
7444800,62.36
7448400,57.21
7452000,51.74
7455600,46.33
7459200,41.34
7462800,37.12
7466400,33.96
7470000,32.07
7473600,31.58
7477200,32.52
7480800,34.83
7484400,38.35
7488000,42.84
7491600,47.99
7495200,53.46
7498800,58.87
7502400,63.86
7506000,68.08
7509600,71.24
7513200,73.13
7516800,73.62
7520400,72.68
7524000,70.37
7527600,66.85
7531200,62.36
7534800,57.21
7538400,51.74
7542000,46.33
7545600,41.34
7549200,37.12
7552800,33.96
7556400,32.07
7560000,31.58
7563600,32.52
7567200,34.83
7570800,38.35
7574400,42.84
7578000,47.99
7581600,53.46
7585200,58.87
7588800,63.86
7592400,68.08
7596000,71.24
7599600,73.13
7603200,73.62
7606800,72.68
7610400,70.37
7614000,66.85
7617600,62.36
7621200,57.21
7624800,51.74
7628400,46.33
7632000,41.34
7635600,37.12
7639200,33.96
7642800,32.07
7646400,31.58
7650000,32.52
7653600,34.83
7657200,38.35
7660800,42.84
7664400,47.99
7668000,53.46
7671600,58.87
7675200,63.86
7678800,68.08
7682400,71.24
7686000,73.13
7689600,73.62
7693200,72.68
7696800,70.37
7700400,66.85
7704000,62.36
7707600,57.21
7711200,51.74
7714800,46.33
7718400,41.34
7722000,37.12
7725600,33.96
7729200,32.07
7732800,31.58
7736400,32.52
7740000,34.83
7743600,38.35
7747200,42.84
7750800,47.99
7754400,53.46
7758000,58.87
7761600,63.86
7765200,68.08
7768800,71.24
7772400,73.13
7776000,73.62
7779600,72.68
7783200,70.37
7786800,66.85
7790400,62.36
7794000,57.21
7797600,51.74
7801200,46.33
7804800,41.34
7808400,37.12
7812000,33.96
7815600,32.07
7819200,31.58
7822800,32.52
7826400,34.83
7830000,38.35
7833600,42.84
7837200,47.99
7840800,53.46
7844400,58.87
7848000,63.86
7851600,68.08
7855200,71.24
7858800,73.13
7862400,73.62
7866000,72.68
7869600,70.37
7873200,66.85
7876800,62.36
7880400,57.21
7884000,51.74
7887600,46.33
7891200,41.34
7894800,37.12
7898400,33.96
7902000,32.07
7905600,31.58
7909200,32.52
7912800,34.83
7916400,38.35
7920000,42.84
7923600,47.99
7927200,53.46
7930800,58.87
7934400,63.86
7938000,68.08
7941600,71.24
7945200,73.13
7948800,73.62
7952400,72.68
7956000,70.37
7959600,66.85
7963200,62.36
7966800,57.21
7970400,51.74
7974000,46.33
7977600,41.34
7981200,37.12
7984800,33.96
7988400,32.07
7992000,31.58
7995600,32.52
7999200,34.83
8002800,38.35
8006400,42.84
8010000,47.99
8013600,53.46
8017200,58.87
8020800,63.86
8024400,68.08
8028000,71.24
8031600,73.13
8035200,73.62
8038800,72.68
8042400,70.37
8046000,66.85
8049600,62.36
8053200,57.21
8056800,51.74
8060400,46.33
8064000,41.34
8067600,37.12
8071200,33.96
8074800,32.07
8078400,31.58
8082000,32.52
8085600,34.83
8089200,38.35
8092800,42.84
8096400,47.99
8100000,53.46
8103600,58.87
8107200,63.86
8110800,68.08
8114400,71.24
8118000,73.13
8121600,73.62
8125200,72.68
8128800,70.37
8132400,66.85
8136000,62.36
8139600,57.21
8143200,51.74
8146800,46.33
8150400,41.34
8154000,37.12
8157600,33.96
8161200,32.07
8164800,31.58
8168400,32.52
8172000,34.83
8175600,38.35
8179200,42.84
8182800,47.99
8186400,53.46
8190000,58.87
8193600,63.86
8197200,68.08
8200800,71.24
8204400,73.13
8208000,73.62
8211600,72.68
8215200,70.37
8218800,66.85
8222400,62.36
8226000,57.21
8229600,51.74
8233200,46.33
8236800,41.34
8240400,37.12
8244000,33.96
8247600,32.07
8251200,31.58
8254800,32.52
8258400,34.83
8262000,38.35
8265600,42.84
8269200,47.99
8272800,53.46
8276400,58.87
8280000,63.86
8283600,68.08
8287200,71.24
8290800,73.13
8294400,73.62
8298000,72.68
8301600,70.37
8305200,66.85
8308800,62.36
8312400,57.21
8316000,51.74
8319600,46.33
8323200,41.34
8326800,37.12
8330400,33.96
8334000,32.07
8337600,31.58
8341200,32.52
8344800,34.83
8348400,38.35
8352000,42.84
8355600,47.99
8359200,53.46
8362800,58.87
8366400,63.86
8370000,68.08
8373600,71.24
8377200,73.13
8380800,73.62
8384400,72.68
8388000,70.37
8391600,66.85
8395200,62.36
8398800,57.21
8402400,51.74
8406000,46.33
8409600,41.34
8413200,37.12
8416800,33.96
8420400,32.07
8424000,31.58
8427600,32.52
8431200,34.83
8434800,38.35
8438400,42.84
8442000,47.99
8445600,53.46
8449200,58.87
8452800,63.86
8456400,68.08
8460000,71.24
8463600,73.13
8467200,73.62
8470800,72.68
8474400,70.37
8478000,66.85
8481600,62.36
8485200,57.21
8488800,51.74
8492400,46.33
8496000,41.34
8499600,37.12
8503200,33.96
8506800,32.07
8510400,31.58
8514000,32.52
8517600,34.83
8521200,38.35
8524800,42.84
8528400,47.99
8532000,53.46
8535600,58.87
8539200,63.86
8542800,68.08
8546400,71.24
8550000,73.13
8553600,73.62
8557200,72.68
8560800,70.37
8564400,66.85
8568000,62.36
8571600,57.21
8575200,51.74
8578800,46.33
8582400,41.34
8586000,37.12
8589600,33.96
8593200,32.07
8596800,31.58
8600400,32.52
8604000,34.83
8607600,38.35
8611200,42.84
8614800,47.99
8618400,53.46
8622000,58.87
8625600,63.86
8629200,68.08
8632800,71.24
8636400,73.13
8640000,73.62
8643600,72.68
8647200,70.37
8650800,66.85
8654400,62.36
8658000,57.21
8661600,51.74
8665200,46.33
8668800,41.34
8672400,37.12
8676000,33.96
8679600,32.07
8683200,31.58
8686800,32.52
8690400,34.83
8694000,38.35
8697600,42.84
8701200,47.99
8704800,53.46
8708400,58.87
8712000,63.86
8715600,68.08
8719200,71.24
8722800,73.13
8726400,73.62
8730000,72.68
8733600,70.37
8737200,66.85
8740800,62.36
8744400,57.21
8748000,51.74
8751600,46.33
8755200,41.34
8758800,37.12
8762400,33.96
8766000,32.07
8769600,31.58
8773200,32.52
8776800,34.83
8780400,38.35
8784000,42.84
8787600,47.99
8791200,53.46
8794800,58.87
8798400,63.86
8802000,68.08
8805600,71.24
8809200,73.13
8812800,73.62
8816400,72.68
8820000,70.37
8823600,66.85
8827200,62.36
8830800,57.21
8834400,51.74
8838000,46.33
8841600,41.34
8845200,37.12
8848800,33.96
8852400,32.07
8856000,31.58
8859600,32.52
8863200,34.83
8866800,38.35
8870400,42.84
8874000,47.99
8877600,53.46
8881200,58.87
8884800,63.86
8888400,68.08
8892000,71.24
8895600,73.13
8899200,73.62
8902800,72.68
8906400,70.37
8910000,66.85
8913600,62.36
8917200,57.21
8920800,51.74
8924400,46.33
8928000,41.34
8931600,37.12
8935200,33.96
8938800,32.07
8942400,31.58
8946000,32.52
8949600,34.83
8953200,38.35
8956800,42.84
8960400,47.99
8964000,53.46
8967600,58.87
8971200,63.86
8974800,68.08
8978400,71.24
8982000,73.13
8985600,73.62
8989200,72.68
8992800,70.37
8996400,66.85
9000000,62.36
9003600,57.21
9007200,51.74
9010800,46.33
9014400,41.34
9018000,37.12
9021600,33.96
9025200,32.07
9028800,31.58
9032400,32.52
9036000,34.83
9039600,38.35
9043200,42.84
9046800,47.99
9050400,53.46
9054000,58.87
9057600,63.86
9061200,68.08
9064800,71.24
9068400,73.13
9072000,73.62
9075600,72.68
9079200,70.37
9082800,66.85
9086400,62.36
9090000,57.21
9093600,51.74
9097200,46.33
9100800,41.34
9104400,37.12
9108000,33.96
9111600,32.07
9115200,31.58
9118800,32.52
9122400,34.83
9126000,38.35
9129600,42.84
9133200,47.99
9136800,53.46
9140400,58.87
9144000,63.86
9147600,68.08
9151200,71.24
9154800,73.13
9158400,73.62
9162000,72.68
9165600,70.37
9169200,66.85
9172800,62.36
9176400,57.21
9180000,51.74
9183600,46.33
9187200,41.34
9190800,37.12
9194400,33.96
9198000,32.07
9201600,31.58
9205200,32.52
9208800,34.83
9212400,38.35
9216000,42.84
9219600,47.99
9223200,53.46
9226800,58.87
9230400,63.86
9234000,68.08
9237600,71.24
9241200,73.13
9244800,73.62
9248400,72.68
9252000,70.37
9255600,66.85
9259200,62.36
9262800,57.21
9266400,51.74
9270000,46.33
9273600,41.34
9277200,37.12
9280800,33.96
9284400,32.07
9288000,31.58
9291600,32.52
9295200,34.83
9298800,38.35
9302400,42.84
9306000,47.99
9309600,53.46
9313200,58.87
9316800,63.86
9320400,68.08
9324000,71.24
9327600,73.13
9331200,73.62
9334800,72.68
9338400,70.37
9342000,66.85
9345600,62.36
9349200,57.21
9352800,51.74
9356400,46.33
9360000,41.34
9363600,37.12
9367200,33.96
9370800,32.07
9374400,31.58
9378000,32.52
9381600,34.83
9385200,38.35
9388800,42.84
9392400,47.99
9396000,53.46
9399600,58.87
9403200,63.86
9406800,68.08
9410400,71.24
9414000,73.13
9417600,73.62
9421200,72.68
9424800,70.37
9428400,66.85
9432000,62.36
9435600,57.21
9439200,51.74
9442800,46.33
9446400,41.34
9450000,37.12
9453600,33.96
9457200,32.07
9460800,31.58
9464400,32.52
9468000,34.83
9471600,38.35
9475200,42.84
9478800,47.99
9482400,53.46
9486000,58.87
9489600,63.86
9493200,68.08
9496800,71.24
9500400,73.13
9504000,73.62
9507600,72.68
9511200,70.37
9514800,66.85
9518400,62.36
9522000,57.21
9525600,51.74
9529200,46.33
9532800,41.34
9536400,37.12
9540000,33.96
9543600,32.07
9547200,31.58
9550800,32.52
9554400,34.83
9558000,38.35
9561600,42.84
9565200,47.99
9568800,53.46
9572400,58.87
9576000,63.86
9579600,68.08
9583200,71.24
9586800,73.13
9590400,73.62
9594000,72.68
9597600,70.37
9601200,66.85
9604800,62.36
9608400,57.21
9612000,51.74
9615600,46.33
9619200,41.34
9622800,37.12
9626400,33.96
9630000,32.07
9633600,31.58
9637200,32.52
9640800,34.83
9644400,38.35
9648000,42.84
9651600,47.99
9655200,53.46
9658800,58.87
9662400,63.86
9666000,68.08
9669600,71.24
9673200,73.13
9676800,73.62
9680400,72.68
9684000,70.37
9687600,66.85
9691200,62.36
9694800,57.21
9698400,51.74
9702000,46.33
9705600,41.34
9709200,37.12
9712800,33.96
9716400,32.07
9720000,31.58
9723600,32.52
9727200,34.83
9730800,38.35
9734400,42.84
9738000,47.99
9741600,53.46
9745200,58.87
9748800,63.86
9752400,68.08
9756000,71.24
9759600,73.13
9763200,73.62
9766800,72.68
9770400,70.37
9774000,66.85
9777600,62.36
9781200,57.21
9784800,51.74
9788400,46.33
9792000,41.34
9795600,37.12
9799200,33.96
9802800,32.07
9806400,31.58
9810000,32.52
9813600,34.83
9817200,38.35
9820800,42.84
9824400,47.99
9828000,53.46
9831600,58.87
9835200,63.86
9838800,68.08
9842400,71.24
9846000,73.13
9849600,73.62
9853200,72.68
9856800,70.37
9860400,66.85
9864000,62.36
9867600,57.21
9871200,51.74
9874800,46.33
9878400,41.34
9882000,37.12
9885600,33.96
9889200,32.07
9892800,31.58
9896400,32.52
9900000,34.83
9903600,38.35
9907200,42.84
9910800,47.99
9914400,53.46
9918000,58.87
9921600,63.86
9925200,68.08
9928800,71.24
9932400,73.13
9936000,73.62
9939600,72.68
9943200,70.37
9946800,66.85
9950400,62.36
9954000,57.21
9957600,51.74
9961200,46.33
9964800,41.34
9968400,37.12
9972000,33.96
9975600,32.07
9979200,31.58
9982800,32.52
9986400,34.83
9990000,38.35
9993600,42.84
9997200,47.99
10000800,53.46
10004400,58.87
10008000,63.86
10011600,68.08
10015200,71.24
10018800,73.13
10022400,73.62
10026000,72.68
10029600,70.37
10033200,66.85
10036800,62.36
10040400,57.21
10044000,51.74
10047600,46.33
10051200,41.34
10054800,37.12
10058400,33.96
10062000,32.07
10065600,31.58
10069200,32.52
10072800,34.83
10076400,38.35
10080000,42.84
10083600,47.99
10087200,53.46
10090800,58.87
10094400,63.86
10098000,68.08
10101600,71.24
10105200,73.13
10108800,73.62
10112400,72.68
10116000,70.37
10119600,66.85
10123200,62.36
10126800,57.21
10130400,51.74
10134000,46.33
10137600,41.34
10141200,37.12
10144800,33.96
10148400,32.07
10152000,31.58
10155600,32.52
10159200,34.83
10162800,38.35
10166400,42.84
10170000,47.99
10173600,53.46
10177200,58.87
10180800,63.86
10184400,68.08
10188000,71.24
10191600,73.13
10195200,73.62
10198800,72.68
10202400,70.37
10206000,66.85
10209600,62.36
10213200,57.21
10216800,51.74
10220400,46.33
10224000,41.34
10227600,37.12
10231200,33.96
10234800,32.07
10238400,31.58
10242000,32.52
10245600,34.83
10249200,38.35
10252800,42.84
10256400,47.99
10260000,53.46
10263600,58.87
10267200,63.86
10270800,68.08
10274400,71.24
10278000,73.13
10281600,73.62
10285200,72.68
10288800,70.37
10292400,66.85
10296000,62.36
10299600,57.21
10303200,51.74
10306800,46.33
10310400,41.34
10314000,37.12
10317600,33.96
10321200,32.07
10324800,31.58
10328400,32.52
10332000,34.83
10335600,38.35
10339200,42.84
10342800,47.99
10346400,53.46
10350000,58.87
10353600,63.86
10357200,68.08
10360800,71.24
10364400,73.13
10368000,73.62
10371600,72.68
10375200,70.37
10378800,66.85
10382400,62.36
10386000,57.21
10389600,51.74
10393200,46.33
10396800,41.34
10400400,37.12
10404000,33.96
10407600,32.07
10411200,31.58
10414800,32.52
10418400,34.83
10422000,38.35
10425600,42.84
10429200,47.99
10432800,53.46
10436400,58.87
10440000,63.86
10443600,68.08
10447200,71.24
10450800,73.13
10454400,73.62
10458000,72.68
10461600,70.37
10465200,66.85
10468800,62.36
10472400,57.21
10476000,51.74
10479600,46.33
10483200,41.34
10486800,37.12
10490400,33.96
10494000,32.07
10497600,31.58
10501200,32.52
10504800,34.83
10508400,38.35
10512000,42.84
10515600,47.99
10519200,53.46
10522800,58.87
10526400,63.86
10530000,68.08
10533600,71.24
10537200,73.13
10540800,73.62
10544400,72.68
10548000,70.37
10551600,66.85
10555200,62.36
10558800,57.21
10562400,51.74
10566000,46.33
10569600,41.34
10573200,37.12
10576800,33.96
10580400,32.07
10584000,31.58
10587600,32.52
10591200,34.83
10594800,38.35
10598400,42.84
10602000,47.99
10605600,53.46
10609200,58.87
10612800,63.86
10616400,68.08
10620000,71.24
10623600,73.13
10627200,73.62
10630800,72.68
10634400,70.37
10638000,66.85
10641600,62.36
10645200,57.21
10648800,51.74
10652400,46.33
10656000,41.34
10659600,37.12
10663200,33.96
10666800,32.07
10670400,31.58
10674000,32.52
10677600,34.83
10681200,38.35
10684800,42.84
10688400,47.99
10692000,53.46
10695600,58.87
10699200,63.86
10702800,68.08
10706400,71.24
10710000,73.13
10713600,73.62
10717200,72.68
10720800,70.37
10724400,66.85
10728000,62.36
10731600,57.21
10735200,51.74
10738800,46.33
10742400,41.34
10746000,37.12
10749600,33.96
10753200,32.07
10756800,31.58
10760400,32.52
10764000,34.83
10767600,38.35
10771200,42.84
10774800,47.99
10778400,53.46
10782000,58.87
10785600,63.86
10789200,68.08
10792800,71.24
10796400,73.13
10800000,73.62
10803600,72.68
10807200,70.37
10810800,66.85
10814400,62.36
10818000,57.21
10821600,51.74
10825200,46.33
10828800,41.34
10832400,37.12
10836000,33.96
10839600,32.07
10843200,31.58
10846800,32.52
10850400,34.83
10854000,38.35
10857600,42.84
10861200,47.99
10864800,53.46
10868400,58.87
10872000,63.86
10875600,68.08
10879200,71.24
10882800,73.13
10886400,73.62
10890000,72.68
10893600,70.37
10897200,66.85
10900800,62.36
10904400,57.21
10908000,51.74
10911600,46.33
10915200,41.34
10918800,37.12
10922400,33.96
10926000,32.07
10929600,31.58
10933200,32.52
10936800,34.83
10940400,38.35
10944000,42.84
10947600,47.99
10951200,53.46
10954800,58.87
10958400,63.86
10962000,68.08
10965600,71.24
10969200,73.13
10972800,73.62
10976400,72.68
10980000,70.37
10983600,66.85
10987200,62.36
10990800,57.21
10994400,51.74
10998000,46.33
11001600,41.34
11005200,37.12
11008800,33.96
11012400,32.07
11016000,31.58
11019600,32.52
11023200,34.83
11026800,38.35
11030400,42.84
11034000,47.99
11037600,53.46
11041200,58.87
11044800,63.86
11048400,68.08
11052000,71.24
11055600,73.13
11059200,73.62
11062800,72.68
11066400,70.37
11070000,66.85
11073600,62.36
11077200,57.21
11080800,51.74
11084400,46.33
11088000,41.34
11091600,37.12
11095200,33.96
11098800,32.07
11102400,31.58
11106000,32.52
11109600,34.83
11113200,38.35
11116800,42.84
11120400,47.99
11124000,53.46
11127600,58.87
11131200,63.86
11134800,68.08
11138400,71.24
11142000,73.13
11145600,73.62
11149200,72.68
11152800,70.37
11156400,66.85
11160000,62.36
11163600,57.21
11167200,51.74
11170800,46.33
11174400,41.34
11178000,37.12
11181600,33.96
11185200,32.07
11188800,31.58
11192400,32.52
11196000,34.83
11199600,38.35
11203200,42.84
11206800,47.99
11210400,53.46
11214000,58.87
11217600,63.86
11221200,68.08
11224800,71.24
11228400,73.13
11232000,73.62
11235600,72.68
11239200,70.37
11242800,66.85
11246400,62.36
11250000,57.21
11253600,51.74
11257200,46.33
11260800,41.34
11264400,37.12
11268000,33.96
11271600,32.07
11275200,31.58
11278800,32.52
11282400,34.83
11286000,38.35
11289600,42.84
11293200,47.99
11296800,53.46
11300400,58.87
11304000,63.86
11307600,68.08
11311200,71.24
11314800,73.13
11318400,73.62
11322000,72.68
11325600,70.37
11329200,66.85
11332800,62.36
11336400,57.21
11340000,51.74
11343600,46.33
11347200,41.34
11350800,37.12
11354400,33.96
11358000,32.07
11361600,31.58
11365200,32.52
11368800,34.83
11372400,38.35
11376000,42.84
11379600,47.99
11383200,53.46
11386800,58.87
11390400,63.86
11394000,68.08
11397600,71.24
11401200,73.13
11404800,73.62
11408400,72.68
11412000,70.37
11415600,66.85
11419200,62.36
11422800,57.21
11426400,51.74
11430000,46.33
11433600,41.34
11437200,37.12
11440800,33.96
11444400,32.07
11448000,31.58
11451600,32.52
11455200,34.83
11458800,38.35
11462400,42.84
11466000,47.99
11469600,53.46
11473200,58.87
11476800,63.86
11480400,68.08
11484000,71.24
11487600,73.13
11491200,73.62
11494800,72.68
11498400,70.37
11502000,66.85
11505600,62.36
11509200,57.21
11512800,51.74
11516400,46.33
11520000,41.34
11523600,37.12
11527200,33.96
11530800,32.07
11534400,31.58
11538000,32.52
11541600,34.83
11545200,38.35
11548800,42.84
11552400,47.99
11556000,53.46
11559600,58.87
11563200,63.86
11566800,68.08
11570400,71.24
11574000,73.13
11577600,73.62
11581200,72.68
11584800,70.37
11588400,66.85
11592000,62.36
11595600,57.21
11599200,51.74
11602800,46.33
11606400,41.34
11610000,37.12
11613600,33.96
11617200,32.07
11620800,31.58
11624400,32.52
11628000,34.83
11631600,38.35
11635200,42.84
11638800,47.99
11642400,53.46
11646000,58.87
11649600,63.86
11653200,68.08
11656800,71.24
11660400,73.13
11664000,73.62
11667600,72.68
11671200,70.37
11674800,66.85
11678400,62.36
11682000,57.21
11685600,51.74
11689200,46.33
11692800,41.34
11696400,37.12
11700000,33.96
11703600,32.07
11707200,31.58
11710800,32.52
11714400,34.83
11718000,38.35
11721600,42.84
11725200,47.99
11728800,53.46
11732400,58.87
11736000,63.86
11739600,68.08
11743200,71.24
11746800,73.13
11750400,73.62
11754000,72.68
11757600,70.37
11761200,66.85
11764800,62.36
11768400,57.21
11772000,51.74
11775600,46.33
11779200,41.34
11782800,37.12
11786400,33.96
11790000,32.07
11793600,31.58
11797200,32.52
11800800,34.83
11804400,38.35
11808000,42.84
11811600,47.99
11815200,53.46
11818800,58.87
11822400,63.86
11826000,68.08
11829600,71.24
11833200,73.13
11836800,73.62
11840400,72.68
11844000,70.37
11847600,66.85
11851200,62.36
11854800,57.21
11858400,51.74
11862000,46.33
11865600,41.34
11869200,37.12
11872800,33.96
11876400,32.07
11880000,31.58
11883600,32.52
11887200,34.83
11890800,38.35
11894400,42.84
11898000,47.99
11901600,53.46
11905200,58.87
11908800,63.86
11912400,68.08
11916000,71.24
11919600,73.13
11923200,73.62
11926800,72.68
11930400,70.37
11934000,66.85
11937600,62.36
11941200,57.21
11944800,51.74
11948400,46.33
11952000,41.34
11955600,37.12
11959200,33.96
11962800,32.07
11966400,31.58
11970000,32.52
11973600,34.83
11977200,38.35
11980800,42.84
11984400,47.99
11988000,53.46
11991600,58.87
11995200,63.86
11998800,68.08
12002400,71.24
12006000,73.13
12009600,73.62
12013200,72.68
12016800,70.37
12020400,66.85
12024000,62.36
12027600,57.21
12031200,51.74
12034800,46.33
12038400,41.34
12042000,37.12
12045600,33.96
12049200,32.07
12052800,31.58
12056400,32.52
12060000,34.83
12063600,38.35
12067200,42.84
12070800,47.99
12074400,53.46
12078000,58.87
12081600,63.86
12085200,68.08
12088800,71.24
12092400,73.13
12096000,73.62
12099600,72.68
12103200,70.37
12106800,66.85
12110400,62.36
12114000,57.21
12117600,51.74
12121200,46.33
12124800,41.34
12128400,37.12
12132000,33.96
12135600,32.07
12139200,31.58
12142800,32.52
12146400,34.83
12150000,38.35
12153600,42.84
12157200,47.99
12160800,53.46
12164400,58.87
12168000,63.86
12171600,68.08
12175200,71.24
12178800,73.13
12182400,73.62
12186000,72.68
12189600,70.37
12193200,66.85
12196800,62.36
12200400,57.21
12204000,51.74
12207600,46.33
12211200,41.34
12214800,37.12
12218400,33.96
12222000,32.07
12225600,31.58
12229200,32.52
12232800,34.83
12236400,38.35
12240000,42.84
12243600,47.99
12247200,53.46
12250800,58.87
12254400,63.86
12258000,68.08
12261600,71.24
12265200,73.13
12268800,73.62
12272400,72.68
12276000,70.37
12279600,66.85
12283200,62.36
12286800,57.21
12290400,51.74
12294000,46.33
12297600,41.34
12301200,37.12
12304800,33.96
12308400,32.07
12312000,31.58
12315600,32.52
12319200,34.83
12322800,38.35
12326400,42.84
12330000,47.99
12333600,53.46
12337200,58.87
12340800,63.86
12344400,68.08
12348000,71.24
12351600,73.13
12355200,73.62
12358800,72.68
12362400,70.37
12366000,66.85
12369600,62.36
12373200,57.21
12376800,51.74
12380400,46.33
12384000,41.34
12387600,37.12
12391200,33.96
12394800,32.07
12398400,31.58
12402000,32.52
12405600,34.83
12409200,38.35
12412800,42.84
12416400,47.99
12420000,53.46
12423600,58.87
12427200,63.86
12430800,68.08
12434400,71.24
12438000,73.13
12441600,73.62
12445200,72.68
12448800,70.37
12452400,66.85
12456000,62.36
12459600,57.21
12463200,51.74
12466800,46.33
12470400,41.34
12474000,37.12
12477600,33.96
12481200,32.07
12484800,31.58
12488400,32.52
12492000,34.83
12495600,38.35
12499200,42.84
12502800,47.99
12506400,53.46
12510000,58.87
12513600,63.86
12517200,68.08
12520800,71.24
12524400,73.13
12528000,73.62
12531600,72.68
12535200,70.37
12538800,66.85
12542400,62.36
12546000,57.21
12549600,51.74
12553200,46.33
12556800,41.34
12560400,37.12
12564000,33.96
12567600,32.07
12571200,31.58
12574800,32.52
12578400,34.83
12582000,38.35
12585600,42.84
12589200,47.99
12592800,53.46
12596400,58.87
12600000,63.86
12603600,68.08
12607200,71.24
12610800,73.13
12614400,73.62
12618000,72.68
12621600,70.37
12625200,66.85
12628800,62.36
12632400,57.21
12636000,51.74
12639600,46.33
12643200,41.34
12646800,37.12
12650400,33.96
12654000,32.07
12657600,31.58
12661200,32.52
12664800,34.83
12668400,38.35
12672000,42.84
12675600,47.99
12679200,53.46
12682800,58.87
12686400,63.86
12690000,68.08
12693600,71.24
12697200,73.13
12700800,73.62
12704400,72.68
12708000,70.37
12711600,66.85
12715200,62.36
12718800,57.21
12722400,51.74
12726000,46.33
12729600,41.34
12733200,37.12
12736800,33.96
12740400,32.07
12744000,31.58
12747600,32.52
12751200,34.83
12754800,38.35
12758400,42.84
12762000,47.99
12765600,53.46
12769200,58.87
12772800,63.86
12776400,68.08
12780000,71.24
12783600,73.13
12787200,73.62
12790800,72.68
12794400,70.37
12798000,66.85
12801600,62.36
12805200,57.21
12808800,51.74
12812400,46.33
12816000,41.34
12819600,37.12
12823200,33.96
12826800,32.07
12830400,31.58
12834000,32.52
12837600,34.83
12841200,38.35
12844800,42.84
12848400,47.99
12852000,53.46
12855600,58.87
12859200,63.86
12862800,68.08
12866400,71.24
12870000,73.13
12873600,73.62
12877200,72.68
12880800,70.37
12884400,66.85
12888000,62.36
12891600,57.21
12895200,51.74
12898800,46.33
12902400,41.34
12906000,37.12
12909600,33.96
12913200,32.07
12916800,31.58
12920400,32.52
12924000,34.83
12927600,38.35
12931200,42.84
12934800,47.99
12938400,53.46
12942000,58.87
12945600,63.86
12949200,68.08
12952800,71.24
12956400,73.13
12960000,73.62
12963600,72.68
12967200,70.37
12970800,66.85
12974400,62.36
12978000,57.21
12981600,51.74
12985200,46.33
12988800,41.34
12992400,37.12
12996000,33.96
12999600,32.07
13003200,31.58
13006800,32.52
13010400,34.83
13014000,38.35
13017600,42.84
13021200,47.99
13024800,53.46
13028400,58.87
13032000,63.86
13035600,68.08
13039200,71.24
13042800,73.13
13046400,73.62
13050000,72.68
13053600,70.37
13057200,66.85
13060800,62.36
13064400,57.21
13068000,51.74
13071600,46.33
13075200,41.34
13078800,37.12
13082400,33.96
13086000,32.07
13089600,31.58
13093200,32.52
13096800,34.83
13100400,38.35
13104000,42.84
13107600,47.99
13111200,53.46
13114800,58.87
13118400,63.86
13122000,68.08
13125600,71.24
13129200,73.13
13132800,73.62
13136400,72.68
13140000,70.37
13143600,66.85
13147200,62.36
13150800,57.21
13154400,51.74
13158000,46.33
13161600,41.34
13165200,37.12
13168800,33.96
13172400,32.07
13176000,31.58
13179600,32.52
13183200,34.83
13186800,38.35
13190400,42.84
13194000,47.99
13197600,53.46
13201200,58.87
13204800,63.86
13208400,68.08
13212000,71.24
13215600,73.13
13219200,73.62
13222800,72.68
13226400,70.37
13230000,66.85
13233600,62.36
13237200,57.21
13240800,51.74
13244400,46.33
13248000,41.34
13251600,37.12
13255200,33.96
13258800,32.07
13262400,31.58
13266000,32.52
13269600,34.83
13273200,38.35
13276800,42.84
13280400,47.99
13284000,53.46
13287600,58.87
13291200,63.86
13294800,68.08
13298400,71.24
13302000,73.13
13305600,73.62
13309200,72.68
13312800,70.37
13316400,66.85
13320000,62.36
13323600,57.21
13327200,51.74
13330800,46.33
13334400,41.34
13338000,37.12
13341600,33.96
13345200,32.07
13348800,31.58
13352400,32.52
13356000,34.83
13359600,38.35
13363200,42.84
13366800,47.99
13370400,53.46
13374000,58.87
13377600,63.86
13381200,68.08
13384800,71.24
13388400,73.13
13392000,73.62
13395600,72.68
13399200,70.37
13402800,66.85
13406400,62.36
13410000,57.21
13413600,51.74
13417200,46.33
13420800,41.34
13424400,37.12
13428000,33.96
13431600,32.07
13435200,31.58
13438800,32.52
13442400,34.83
13446000,38.35
13449600,42.84
13453200,47.99
13456800,53.46
13460400,58.87
13464000,63.86
13467600,68.08
13471200,71.24
13474800,73.13
13478400,73.62
13482000,72.68
13485600,70.37
13489200,66.85
13492800,62.36
13496400,57.21
13500000,51.74
13503600,46.33
13507200,41.34
13510800,37.12
13514400,33.96
13518000,32.07
13521600,31.58
13525200,32.52
13528800,34.83
13532400,38.35
13536000,42.84
13539600,47.99
13543200,53.46
13546800,58.87
13550400,63.86
13554000,68.08
13557600,71.24
13561200,73.13
13564800,73.62
13568400,72.68
13572000,70.37
13575600,66.85
13579200,62.36
13582800,57.21
13586400,51.74
13590000,46.33
13593600,41.34
13597200,37.12
13600800,33.96
13604400,32.07
13608000,31.58
13611600,32.52
13615200,34.83
13618800,38.35
13622400,42.84
13626000,47.99
13629600,53.46
13633200,58.87
13636800,63.86
13640400,68.08
13644000,71.24
13647600,73.13
13651200,73.62
13654800,72.68
13658400,70.37
13662000,66.85
13665600,62.36
13669200,57.21
13672800,51.74
13676400,46.33
13680000,41.34
13683600,37.12
13687200,33.96
13690800,32.07
13694400,31.58
13698000,32.52
13701600,34.83
13705200,38.35
13708800,42.84
13712400,47.99
13716000,53.46
13719600,58.87
13723200,63.86
13726800,68.08
13730400,71.24
13734000,73.13
13737600,73.62
13741200,72.68
13744800,70.37
13748400,66.85
13752000,62.36
13755600,57.21
13759200,51.74
13762800,46.33
13766400,41.34
13770000,37.12
13773600,33.96
13777200,32.07
13780800,31.58
13784400,32.52
13788000,34.83
13791600,38.35
13795200,42.84
13798800,47.99
13802400,53.46
13806000,58.87
13809600,63.86
13813200,68.08
13816800,71.24
13820400,73.13
13824000,73.62
13827600,72.68
13831200,70.37
13834800,66.85
13838400,62.36
13842000,57.21
13845600,51.74
13849200,46.33
13852800,41.34
13856400,37.12
13860000,33.96
13863600,32.07
13867200,31.58
13870800,32.52
13874400,34.83
13878000,38.35
13881600,42.84
13885200,47.99
13888800,53.46
13892400,58.87
13896000,63.86
13899600,68.08
13903200,71.24
13906800,73.13
13910400,73.62
13914000,72.68
13917600,70.37
13921200,66.85
13924800,62.36
13928400,57.21
13932000,51.74
13935600,46.33
13939200,41.34
13942800,37.12
13946400,33.96
13950000,32.07
13953600,31.58
13957200,32.52
13960800,34.83
13964400,38.35
13968000,42.84
13971600,47.99
13975200,53.46
13978800,58.87
13982400,63.86
13986000,68.08
13989600,71.24
13993200,73.13
13996800,73.62
14000400,72.68
14004000,70.37
14007600,66.85
14011200,62.36
14014800,57.21
14018400,51.74
14022000,46.33
14025600,41.34
14029200,37.12
14032800,33.96
14036400,32.07
14040000,31.58
14043600,32.52
14047200,34.83
14050800,38.35
14054400,42.84
14058000,47.99
14061600,53.46
14065200,58.87
14068800,63.86
14072400,68.08
14076000,71.24
14079600,73.13
14083200,73.62
14086800,72.68
14090400,70.37
14094000,66.85
14097600,62.36
14101200,57.21
14104800,51.74
14108400,46.33
14112000,41.34
14115600,37.12
14119200,33.96
14122800,32.07
14126400,31.58
14130000,32.52
14133600,34.83
14137200,38.35
14140800,42.84
14144400,47.99
14148000,53.46
14151600,58.87
14155200,63.86
14158800,68.08
14162400,71.24
14166000,73.13
14169600,73.62
14173200,72.68
14176800,70.37
14180400,66.85
14184000,62.36
14187600,57.21
14191200,51.74
14194800,46.33
14198400,41.34
14202000,37.12
14205600,33.96
14209200,32.07
14212800,31.58
14216400,32.52
14220000,34.83
14223600,38.35
14227200,42.84
14230800,47.99
14234400,53.46
14238000,58.87
14241600,63.86
14245200,68.08
14248800,71.24
14252400,73.13
14256000,73.62
14259600,72.68
14263200,70.37
14266800,66.85
14270400,62.36
14274000,57.21
14277600,51.74
14281200,46.33
14284800,41.34
14288400,37.12
14292000,33.96
14295600,32.07
14299200,31.58
14302800,32.52
14306400,34.83
14310000,38.35
14313600,42.84
14317200,47.99
14320800,53.46
14324400,58.87
14328000,63.86
14331600,68.08
14335200,71.24
14338800,73.13
14342400,73.62
14346000,72.68
14349600,70.37
14353200,66.85
14356800,62.36
14360400,57.21
14364000,51.74
14367600,46.33
14371200,41.34
14374800,37.12
14378400,33.96
14382000,32.07
14385600,31.58
14389200,32.52
14392800,34.83
14396400,38.35
14400000,42.84
14403600,47.99
14407200,53.46
14410800,58.87
14414400,63.86
14418000,68.08
14421600,71.24
14425200,73.13
14428800,73.62
14432400,72.68
14436000,70.37
14439600,66.85
14443200,62.36
14446800,57.21
14450400,51.74
14454000,46.33
14457600,41.34
14461200,37.12
14464800,33.96
14468400,32.07
14472000,31.58
14475600,32.52
14479200,34.83
14482800,38.35
14486400,42.84
14490000,47.99
14493600,53.46
14497200,58.87
14500800,63.86
14504400,68.08
14508000,71.24
14511600,73.13
14515200,73.62
14518800,72.68
14522400,70.37
14526000,66.85
14529600,62.36
14533200,57.21
14536800,51.74
14540400,46.33
14544000,41.34
14547600,37.12
14551200,33.96
14554800,32.07
14558400,31.58
14562000,32.52
14565600,34.83
14569200,38.35
14572800,42.84
14576400,47.99
14580000,53.46
14583600,58.87
14587200,63.86
14590800,68.08
14594400,71.24
14598000,73.13
14601600,73.62
14605200,72.68
14608800,70.37
14612400,66.85
14616000,62.36
14619600,57.21
14623200,51.74
14626800,46.33
14630400,41.34
14634000,37.12
14637600,33.96
14641200,32.07
14644800,31.58
14648400,32.52
14652000,34.83
14655600,38.35
14659200,42.84
14662800,47.99
14666400,53.46
14670000,58.87
14673600,63.86
14677200,68.08
14680800,71.24
14684400,73.13
14688000,73.62
14691600,72.68
14695200,70.37
14698800,66.85
14702400,62.36
14706000,57.21
14709600,51.74
14713200,46.33
14716800,41.34
14720400,37.12
14724000,33.96
14727600,32.07
14731200,31.58
14734800,32.52
14738400,34.83
14742000,38.35
14745600,42.84
14749200,47.99
14752800,53.46
14756400,58.87
14760000,63.86
14763600,68.08
14767200,71.24
14770800,73.13
14774400,73.62
14778000,72.68
14781600,70.37
14785200,66.85
14788800,62.36
14792400,57.21
14796000,51.74
14799600,46.33
14803200,41.34
14806800,37.12
14810400,33.96
14814000,32.07
14817600,31.58
14821200,32.52
14824800,34.83
14828400,38.35
14832000,42.84
14835600,47.99
14839200,53.46
14842800,58.87
14846400,63.86
14850000,68.08
14853600,71.24
14857200,73.13
14860800,73.62
14864400,72.68
14868000,70.37
14871600,66.85
14875200,62.36
14878800,57.21
14882400,51.74
14886000,46.33
14889600,41.34
14893200,37.12
14896800,33.96
14900400,32.07
14904000,31.58
14907600,32.52
14911200,34.83
14914800,38.35
14918400,42.84
14922000,47.99
14925600,53.46
14929200,58.87
14932800,63.86
14936400,68.08
14940000,71.24
14943600,73.13
14947200,73.62
14950800,72.68
14954400,70.37
14958000,66.85
14961600,62.36
14965200,57.21
14968800,51.74
14972400,46.33
14976000,41.34
14979600,37.12
14983200,33.96
14986800,32.07
14990400,31.58
14994000,32.52
14997600,34.83
15001200,38.35
15004800,42.84
15008400,47.99
15012000,53.46
15015600,58.87
15019200,63.86
15022800,68.08
15026400,71.24
15030000,73.13
15033600,73.62
15037200,72.68
15040800,70.37
15044400,66.85
15048000,62.36
15051600,57.21
15055200,51.74
15058800,46.33
15062400,41.34
15066000,37.12
15069600,33.96
15073200,32.07
15076800,31.58
15080400,32.52
15084000,34.83
15087600,38.35
15091200,42.84
15094800,47.99
15098400,53.46
15102000,58.87
15105600,63.86
15109200,68.08
15112800,71.24
15116400,73.13
15120000,73.62
15123600,72.68
15127200,70.37
15130800,66.85
15134400,62.36
15138000,57.21
15141600,51.74
15145200,46.33
15148800,41.34
15152400,37.12
15156000,33.96
15159600,32.07
15163200,31.58
15166800,32.52
15170400,34.83
15174000,38.35
15177600,42.84
15181200,47.99
15184800,53.46
15188400,58.87
15192000,63.86
15195600,68.08
15199200,71.24
15202800,73.13
15206400,73.62
15210000,72.68
15213600,70.37
15217200,66.85
15220800,62.36
15224400,57.21
15228000,51.74
15231600,46.33
15235200,41.34
15238800,37.12
15242400,33.96
15246000,32.07
15249600,31.58
15253200,32.52
15256800,34.83
15260400,38.35
15264000,42.84
15267600,47.99
15271200,53.46
15274800,58.87
15278400,63.86
15282000,68.08
15285600,71.24
15289200,73.13
15292800,73.62
15296400,72.68
15300000,70.37
15303600,66.85
15307200,62.36
15310800,57.21
15314400,51.74
15318000,46.33
15321600,41.34
15325200,37.12
15328800,33.96
15332400,32.07
15336000,31.58
15339600,32.52
15343200,34.83
15346800,38.35
15350400,42.84
15354000,47.99
15357600,53.46
15361200,58.87
15364800,63.86
15368400,68.08
15372000,71.24
15375600,73.13
15379200,73.62
15382800,72.68
15386400,70.37
15390000,66.85
15393600,62.36
15397200,57.21
15400800,51.74
15404400,46.33
15408000,41.34
15411600,37.12
15415200,33.96
15418800,32.07
15422400,31.58
15426000,32.52
15429600,34.83
15433200,38.35
15436800,42.84
15440400,47.99
15444000,53.46
15447600,58.87
15451200,63.86
15454800,68.08
15458400,71.24
15462000,73.13
15465600,73.62
15469200,72.68
15472800,70.37
15476400,66.85
15480000,62.36
15483600,57.21
15487200,51.74
15490800,46.33
15494400,41.34
15498000,37.12
15501600,33.96
15505200,32.07
15508800,31.58
15512400,32.52
15516000,34.83
15519600,38.35
15523200,42.84
15526800,47.99
15530400,53.46
15534000,58.87
15537600,63.86
15541200,68.08
15544800,71.24
15548400,73.13
15552000,73.62
15555600,72.68
15559200,70.37
15562800,66.85
15566400,62.36
15570000,57.21
15573600,51.74
15577200,46.33
15580800,41.34
15584400,37.12
15588000,33.96
15591600,32.07
15595200,31.58
15598800,32.52
15602400,34.83
15606000,38.35
15609600,42.84
15613200,47.99
15616800,53.46
15620400,58.87
15624000,63.86
15627600,68.08
15631200,71.24
15634800,73.13
15638400,73.62
15642000,72.68
15645600,70.37
15649200,66.85
15652800,62.36
15656400,57.21
15660000,51.74
15663600,46.33
15667200,41.34
15670800,37.12
15674400,33.96
15678000,32.07
15681600,31.58
15685200,32.52
15688800,34.83
15692400,38.35
15696000,42.84
15699600,47.99
15703200,53.46
15706800,58.87
15710400,63.86
15714000,68.08
15717600,71.24
15721200,73.13
15724800,73.62
15728400,72.68
15732000,70.37
15735600,66.85
15739200,62.36
15742800,57.21
15746400,51.74
15750000,46.33
15753600,41.34
15757200,37.12
15760800,33.96
15764400,32.07
15768000,31.58
15771600,32.52
15775200,34.83
15778800,38.35
15782400,42.84
15786000,47.99
15789600,53.46
15793200,58.87
15796800,63.86
15800400,68.08
15804000,71.24
15807600,73.13
15811200,73.62
15814800,72.68
15818400,70.37
15822000,66.85
15825600,62.36
15829200,57.21
15832800,51.74
15836400,46.33
15840000,41.34
15843600,37.12
15847200,33.96
15850800,32.07
15854400,31.58
15858000,32.52
15861600,34.83
15865200,38.35
15868800,42.84
15872400,47.99
15876000,53.46
15879600,58.87
15883200,63.86
15886800,68.08
15890400,71.24
15894000,73.13
15897600,73.62
15901200,72.68
15904800,70.37
15908400,66.85
15912000,62.36
15915600,57.21
15919200,51.74
15922800,46.33
15926400,41.34
15930000,37.12
15933600,33.96
15937200,32.07
15940800,31.58
15944400,32.52
15948000,34.83
15951600,38.35
15955200,42.84
15958800,47.99
15962400,53.46
15966000,58.87
15969600,63.86
15973200,68.08
15976800,71.24
15980400,73.13
15984000,73.62
15987600,72.68
15991200,70.37
15994800,66.85
15998400,62.36
16002000,57.21
16005600,51.74
16009200,46.33
16012800,41.34
16016400,37.12
16020000,33.96
16023600,32.07
16027200,31.58
16030800,32.52
16034400,34.83
16038000,38.35
16041600,42.84
16045200,47.99
16048800,53.46
16052400,58.87
16056000,63.86
16059600,68.08
16063200,71.24
16066800,73.13
16070400,73.62
16074000,72.68
16077600,70.37
16081200,66.85
16084800,62.36
16088400,57.21
16092000,51.74
16095600,46.33
16099200,41.34
16102800,37.12
16106400,33.96
16110000,32.07
16113600,31.58
16117200,32.52
16120800,34.83
16124400,38.35
16128000,42.84
16131600,47.99
16135200,53.46
16138800,58.87
16142400,63.86
16146000,68.08
16149600,71.24
16153200,73.13
16156800,73.62
16160400,72.68
16164000,70.37
16167600,66.85
16171200,62.36
16174800,57.21
16178400,51.74
16182000,46.33
16185600,41.34
16189200,37.12
16192800,33.96
16196400,32.07
16200000,31.58
16203600,32.52
16207200,34.83
16210800,38.35
16214400,42.84
16218000,47.99
16221600,53.46
16225200,58.87
16228800,63.86
16232400,68.08
16236000,71.24
16239600,73.13
16243200,73.62
16246800,72.68
16250400,70.37
16254000,66.85
16257600,62.36
16261200,57.21
16264800,51.74
16268400,46.33
16272000,41.34
16275600,37.12
16279200,33.96
16282800,32.07
16286400,31.58
16290000,32.52
16293600,34.83
16297200,38.35
16300800,42.84
16304400,47.99
16308000,53.46
16311600,58.87
16315200,63.86
16318800,68.08
16322400,71.24
16326000,73.13
16329600,73.62
16333200,72.68
16336800,70.37
16340400,66.85
16344000,62.36
16347600,57.21
16351200,51.74
16354800,46.33
16358400,41.34
16362000,37.12
16365600,33.96
16369200,32.07
16372800,31.58
16376400,32.52
16380000,34.83
16383600,38.35
16387200,42.84
16390800,47.99
16394400,53.46
16398000,58.87
16401600,63.86
16405200,68.08
16408800,71.24
16412400,73.13
16416000,73.62
16419600,72.68
16423200,70.37
16426800,66.85
16430400,62.36
16434000,57.21
16437600,51.74
16441200,46.33
16444800,41.34
16448400,37.12
16452000,33.96
16455600,32.07
16459200,31.58
16462800,32.52
16466400,34.83
16470000,38.35
16473600,42.84
16477200,47.99
16480800,53.46
16484400,58.87
16488000,63.86
16491600,68.08
16495200,71.24
16498800,73.13
16502400,73.62
16506000,72.68
16509600,70.37
16513200,66.85
16516800,62.36
16520400,57.21
16524000,51.74
16527600,46.33
16531200,41.34
16534800,37.12
16538400,33.96
16542000,32.07
16545600,31.58
16549200,32.52
16552800,34.83
16556400,38.35
16560000,42.84
16563600,47.99
16567200,53.46
16570800,58.87
16574400,63.86
16578000,68.08
16581600,71.24
16585200,73.13
16588800,73.62
16592400,72.68
16596000,70.37
16599600,66.85
16603200,62.36
16606800,57.21
16610400,51.74
16614000,46.33
16617600,41.34
16621200,37.12
16624800,33.96
16628400,32.07
16632000,31.58
16635600,32.52
16639200,34.83
16642800,38.35
16646400,42.84
16650000,47.99
16653600,53.46
16657200,58.87
16660800,63.86
16664400,68.08
16668000,71.24
16671600,73.13
16675200,73.62
16678800,72.68
16682400,70.37
16686000,66.85
16689600,62.36
16693200,57.21
16696800,51.74
16700400,46.33
16704000,41.34
16707600,37.12
16711200,33.96
16714800,32.07
16718400,31.58
16722000,32.52
16725600,34.83
16729200,38.35
16732800,42.84
16736400,47.99
16740000,53.46
16743600,58.87
16747200,63.86
16750800,68.08
16754400,71.24
16758000,73.13
16761600,73.62
16765200,72.68
16768800,70.37
16772400,66.85
16776000,62.36
16779600,57.21
16783200,51.74
16786800,46.33
16790400,41.34
16794000,37.12
16797600,33.96
16801200,32.07
16804800,31.58
16808400,32.52
16812000,34.83
16815600,38.35
16819200,42.84
16822800,47.99
16826400,53.46
16830000,58.87
16833600,63.86
16837200,68.08
16840800,71.24
16844400,73.13
16848000,73.62
16851600,72.68
16855200,70.37
16858800,66.85
16862400,62.36
16866000,57.21
16869600,51.74
16873200,46.33
16876800,41.34
16880400,37.12
16884000,33.96
16887600,32.07
16891200,31.58
16894800,32.52
16898400,34.83
16902000,38.35
16905600,42.84
16909200,47.99
16912800,53.46
16916400,58.87
16920000,63.86
16923600,68.08
16927200,71.24
16930800,73.13
16934400,73.62
16938000,72.68
16941600,70.37
16945200,66.85
16948800,62.36
16952400,57.21
16956000,51.74
16959600,46.33
16963200,41.34
16966800,37.12
16970400,33.96
16974000,32.07
16977600,31.58
16981200,32.52
16984800,34.83
16988400,38.35
16992000,42.84
16995600,47.99
16999200,53.46
17002800,58.87
17006400,63.86
17010000,68.08
17013600,71.24
17017200,73.13
17020800,73.62
17024400,72.68
17028000,70.37
17031600,66.85
17035200,62.36
17038800,57.21
17042400,51.74
17046000,46.33
17049600,41.34
17053200,37.12
17056800,33.96
17060400,32.07
17064000,31.58
17067600,32.52
17071200,34.83
17074800,38.35
17078400,42.84
17082000,47.99
17085600,53.46
17089200,58.87
17092800,63.86
17096400,68.08
17100000,71.24
17103600,73.13
17107200,73.62
17110800,72.68
17114400,70.37
17118000,66.85
17121600,62.36
17125200,57.21
17128800,51.74
17132400,46.33
17136000,41.34
17139600,37.12
17143200,33.96
17146800,32.07
17150400,31.58
17154000,32.52
17157600,34.83
17161200,38.35
17164800,42.84
17168400,47.99
17172000,53.46
17175600,58.87
17179200,63.86
17182800,68.08
17186400,71.24
17190000,73.13
17193600,73.62
17197200,72.68
17200800,70.37
17204400,66.85
17208000,62.36
17211600,57.21
17215200,51.74
17218800,46.33
17222400,41.34
17226000,37.12
17229600,33.96
17233200,32.07
17236800,31.58
17240400,32.52
17244000,34.83
17247600,38.35
17251200,42.84
17254800,47.99
17258400,53.46
17262000,58.87
17265600,63.86
17269200,68.08
17272800,71.24
17276400,73.13
17280000,73.62
17283600,72.68
17287200,70.37
17290800,66.85
17294400,62.36
17298000,57.21
17301600,51.74
17305200,46.33
17308800,41.34
17312400,37.12
17316000,33.96
17319600,32.07
17323200,31.58
17326800,32.52
17330400,34.83
17334000,38.35
17337600,42.84
17341200,47.99
17344800,53.46
17348400,58.87
17352000,63.86
17355600,68.08
17359200,71.24
17362800,73.13
17366400,73.62
17370000,72.68
17373600,70.37
17377200,66.85
17380800,62.36
17384400,57.21
17388000,51.74
17391600,46.33
17395200,41.34
17398800,37.12
17402400,33.96
17406000,32.07
17409600,31.58
17413200,32.52
17416800,34.83
17420400,38.35
17424000,42.84
17427600,47.99
17431200,53.46
17434800,58.87
17438400,63.86
17442000,68.08
17445600,71.24
17449200,73.13
17452800,73.62
17456400,72.68
17460000,70.37
17463600,66.85
17467200,62.36
17470800,57.21
17474400,51.74
17478000,46.33
17481600,41.34
17485200,37.12
17488800,33.96
17492400,32.07
17496000,31.58
17499600,32.52
17503200,34.83
17506800,38.35
17510400,42.84
17514000,47.99
17517600,53.46
17521200,58.87
17524800,63.86
17528400,68.08
17532000,71.24
17535600,73.13
17539200,73.62
17542800,72.68
17546400,70.37
17550000,66.85
17553600,62.36
17557200,57.21
17560800,51.74
17564400,46.33
17568000,41.34
17571600,37.12
17575200,33.96
17578800,32.07
17582400,31.58
17586000,32.52
17589600,34.83
17593200,38.35
17596800,42.84
17600400,47.99
17604000,53.46
17607600,58.87
17611200,63.86
17614800,68.08
17618400,71.24
17622000,73.13
17625600,73.62
17629200,72.68
17632800,70.37
17636400,66.85
17640000,62.36
17643600,57.21
17647200,51.74
17650800,46.33
17654400,41.34
17658000,37.12
17661600,33.96
17665200,32.07
17668800,31.58
17672400,32.52
17676000,34.83
17679600,38.35
17683200,42.84
17686800,47.99
17690400,53.46
17694000,58.87
17697600,63.86
17701200,68.08
17704800,71.24
17708400,73.13
17712000,73.62
17715600,72.68
17719200,70.37
17722800,66.85
17726400,62.36
17730000,57.21
17733600,51.74
17737200,46.33
17740800,41.34
17744400,37.12
17748000,33.96
17751600,32.07
17755200,31.58
17758800,32.52
17762400,34.83
17766000,38.35
17769600,42.84
17773200,47.99
17776800,53.46
17780400,58.87
17784000,63.86
17787600,68.08
17791200,71.24
17794800,73.13
17798400,73.62
17802000,72.68
17805600,70.37
17809200,66.85
17812800,62.36
17816400,57.21
17820000,51.74
17823600,46.33
17827200,41.34
17830800,37.12
17834400,33.96
17838000,32.07
17841600,31.58
17845200,32.52
17848800,34.83
17852400,38.35
17856000,42.84
17859600,47.99
17863200,53.46
17866800,58.87
17870400,63.86
17874000,68.08
17877600,71.24
17881200,73.13
17884800,73.62
17888400,72.68
17892000,70.37
17895600,66.85
17899200,62.36
17902800,57.21
17906400,51.74
17910000,46.33
17913600,41.34
17917200,37.12
17920800,33.96
17924400,32.07
17928000,31.58
17931600,32.52
17935200,34.83
17938800,38.35
17942400,42.84
17946000,47.99
17949600,53.46
17953200,58.87
17956800,63.86
17960400,68.08
17964000,71.24
17967600,73.13
17971200,73.62
17974800,72.68
17978400,70.37
17982000,66.85
17985600,62.36
17989200,57.21
17992800,51.74
17996400,46.33
18000000,41.34
18003600,37.12
18007200,33.96
18010800,32.07
18014400,31.58
18018000,32.52
18021600,34.83
18025200,38.35
18028800,42.84
18032400,47.99
18036000,53.46
18039600,58.87
18043200,63.86
18046800,68.08
18050400,71.24
18054000,73.13
18057600,73.62
18061200,72.68
18064800,70.37
18068400,66.85
18072000,62.36
18075600,57.21
18079200,51.74
18082800,46.33
18086400,41.34
18090000,37.12
18093600,33.96
18097200,32.07
18100800,31.58
18104400,32.52
18108000,34.83
18111600,38.35
18115200,42.84
18118800,47.99
18122400,53.46
18126000,58.87
18129600,63.86
18133200,68.08
18136800,71.24
18140400,73.13
18144000,73.62
18147600,72.68
18151200,70.37
18154800,66.85
18158400,62.36
18162000,57.21
18165600,51.74
18169200,46.33
18172800,41.34
18176400,37.12
18180000,33.96
18183600,32.07
18187200,31.58
18190800,32.52
18194400,34.83
18198000,38.35
18201600,42.84
18205200,47.99
18208800,53.46
18212400,58.87
18216000,63.86
18219600,68.08
18223200,71.24
18226800,73.13
18230400,73.62
18234000,72.68
18237600,70.37
18241200,66.85
18244800,62.36
18248400,57.21
18252000,51.74
18255600,46.33
18259200,41.34
18262800,37.12
18266400,33.96
18270000,32.07
18273600,31.58
18277200,32.52
18280800,34.83
18284400,38.35
18288000,42.84
18291600,47.99
18295200,53.46
18298800,58.87
18302400,63.86
18306000,68.08
18309600,71.24
18313200,73.13
18316800,73.62
18320400,72.68
18324000,70.37
18327600,66.85
18331200,62.36
18334800,57.21
18338400,51.74
18342000,46.33
18345600,41.34
18349200,37.12
18352800,33.96
18356400,32.07
18360000,31.58
18363600,32.52
18367200,34.83
18370800,38.35
18374400,42.84
18378000,47.99
18381600,53.46
18385200,58.87
18388800,63.86
18392400,68.08
18396000,71.24
18399600,73.13
18403200,73.62
18406800,72.68
18410400,70.37
18414000,66.85
18417600,62.36
18421200,57.21
18424800,51.74
18428400,46.33
18432000,41.34
18435600,37.12
18439200,33.96
18442800,32.07
18446400,31.58
18450000,32.52
18453600,34.83
18457200,38.35
18460800,42.84
18464400,47.99
18468000,53.46
18471600,58.87
18475200,63.86
18478800,68.08
18482400,71.24
18486000,73.13
18489600,73.62
18493200,72.68
18496800,70.37
18500400,66.85
18504000,62.36
18507600,57.21
18511200,51.74
18514800,46.33
18518400,41.34
18522000,37.12
18525600,33.96
18529200,32.07
18532800,31.58
18536400,32.52
18540000,34.83
18543600,38.35
18547200,42.84
18550800,47.99
18554400,53.46
18558000,58.87
18561600,63.86
18565200,68.08
18568800,71.24
18572400,73.13
18576000,73.62
18579600,72.68
18583200,70.37
18586800,66.85
18590400,62.36
18594000,57.21
18597600,51.74
18601200,46.33
18604800,41.34
18608400,37.12
18612000,33.96
18615600,32.07
18619200,31.58
18622800,32.52
18626400,34.83
18630000,38.35
18633600,42.84
18637200,47.99
18640800,53.46
18644400,58.87
18648000,63.86
18651600,68.08
18655200,71.24
18658800,73.13
18662400,73.62
18666000,72.68
18669600,70.37
18673200,66.85
18676800,62.36
18680400,57.21
18684000,51.74
18687600,46.33
18691200,41.34
18694800,37.12
18698400,33.96
18702000,32.07
18705600,31.58
18709200,32.52
18712800,34.83
18716400,38.35
18720000,42.84
18723600,47.99
18727200,53.46
18730800,58.87
18734400,63.86
18738000,68.08
18741600,71.24
18745200,73.13
18748800,73.62
18752400,72.68
18756000,70.37
18759600,66.85
18763200,62.36
18766800,57.21
18770400,51.74
18774000,46.33
18777600,41.34
18781200,37.12
18784800,33.96
18788400,32.07
18792000,31.58
18795600,32.52
18799200,34.83
18802800,38.35
18806400,42.84
18810000,47.99
18813600,53.46
18817200,58.87
18820800,63.86
18824400,68.08
18828000,71.24
18831600,73.13
18835200,73.62
18838800,72.68
18842400,70.37
18846000,66.85
18849600,62.36
18853200,57.21
18856800,51.74
18860400,46.33
18864000,41.34
18867600,37.12
18871200,33.96
18874800,32.07
18878400,31.58
18882000,32.52
18885600,34.83
18889200,38.35
18892800,42.84
18896400,47.99
18900000,53.46
18903600,58.87
18907200,63.86
18910800,68.08
18914400,71.24
18918000,73.13
18921600,73.62
18925200,72.68
18928800,70.37
18932400,66.85
18936000,62.36
18939600,57.21
18943200,51.74
18946800,46.33
18950400,41.34
18954000,37.12
18957600,33.96
18961200,32.07
18964800,31.58
18968400,32.52
18972000,34.83
18975600,38.35
18979200,42.84
18982800,47.99
18986400,53.46
18990000,58.87
18993600,63.86
18997200,68.08
19000800,71.24
19004400,73.13
19008000,73.62
19011600,72.68
19015200,70.37
19018800,66.85
19022400,62.36
19026000,57.21
19029600,51.74
19033200,46.33
19036800,41.34
19040400,37.12
19044000,33.96
19047600,32.07
19051200,31.58
19054800,32.52
19058400,34.83
19062000,38.35
19065600,42.84
19069200,47.99
19072800,53.46
19076400,58.87
19080000,63.86
19083600,68.08
19087200,71.24
19090800,73.13
19094400,73.62
19098000,72.68
19101600,70.37
19105200,66.85
19108800,62.36
19112400,57.21
19116000,51.74
19119600,46.33
19123200,41.34
19126800,37.12
19130400,33.96
19134000,32.07
19137600,31.58
19141200,32.52
19144800,34.83
19148400,38.35
19152000,42.84
19155600,47.99
19159200,53.46
19162800,58.87
19166400,63.86
19170000,68.08
19173600,71.24
19177200,73.13
19180800,73.62
19184400,72.68
19188000,70.37
19191600,66.85
19195200,62.36
19198800,57.21
19202400,51.74
19206000,46.33
19209600,41.34
19213200,37.12
19216800,33.96
19220400,32.07
19224000,31.58
19227600,32.52
19231200,34.83
19234800,38.35
19238400,42.84
19242000,47.99
19245600,53.46
19249200,58.87
19252800,63.86
19256400,68.08
19260000,71.24
19263600,73.13
19267200,73.62
19270800,72.68
19274400,70.37
19278000,66.85
19281600,62.36
19285200,57.21
19288800,51.74
19292400,46.33
19296000,41.34
19299600,37.12
19303200,33.96
19306800,32.07
19310400,31.58
19314000,32.52
19317600,34.83
19321200,38.35
19324800,42.84
19328400,47.99
19332000,53.46
19335600,58.87
19339200,63.86
19342800,68.08
19346400,71.24
19350000,73.13
19353600,73.62
19357200,72.68
19360800,70.37
19364400,66.85
19368000,62.36
19371600,57.21
19375200,51.74
19378800,46.33
19382400,41.34
19386000,37.12
19389600,33.96
19393200,32.07
19396800,31.58
19400400,32.52
19404000,34.83
19407600,38.35
19411200,42.84
19414800,47.99
19418400,53.46
19422000,58.87
19425600,63.86
19429200,68.08
19432800,71.24
19436400,73.13
19440000,73.62
19443600,72.68
19447200,70.37
19450800,66.85
19454400,62.36
19458000,57.21
19461600,51.74
19465200,46.33
19468800,41.34
19472400,37.12
19476000,33.96
19479600,32.07
19483200,31.58
19486800,32.52
19490400,34.83
19494000,38.35
19497600,42.84
19501200,47.99
19504800,53.46
19508400,58.87
19512000,63.86
19515600,68.08
19519200,71.24
19522800,73.13
19526400,73.62
19530000,72.68
19533600,70.37
19537200,66.85
19540800,62.36
19544400,57.21
19548000,51.74
19551600,46.33
19555200,41.34
19558800,37.12
19562400,33.96
19566000,32.07
19569600,31.58
19573200,32.52
19576800,34.83
19580400,38.35
19584000,42.84
19587600,47.99
19591200,53.46
19594800,58.87
19598400,63.86
19602000,68.08
19605600,71.24
19609200,73.13
19612800,73.62
19616400,72.68
19620000,70.37
19623600,66.85
19627200,62.36
19630800,57.21
19634400,51.74
19638000,46.33
19641600,41.34
19645200,37.12
19648800,33.96
19652400,32.07
19656000,31.58
19659600,32.52
19663200,34.83
19666800,38.35
19670400,42.84
19674000,47.99
19677600,53.46
19681200,58.87
19684800,63.86
19688400,68.08
19692000,71.24
19695600,73.13
19699200,73.62
19702800,72.68
19706400,70.37
19710000,66.85
19713600,62.36
19717200,57.21
19720800,51.74
19724400,46.33
19728000,41.34
19731600,37.12
19735200,33.96
19738800,32.07
19742400,31.58
19746000,32.52
19749600,34.83
19753200,38.35
19756800,42.84
19760400,47.99
19764000,53.46
19767600,58.87
19771200,63.86
19774800,68.08
19778400,71.24
19782000,73.13
19785600,73.62
19789200,72.68
19792800,70.37
19796400,66.85
19800000,62.36
19803600,57.21
19807200,51.74
19810800,46.33
19814400,41.34
19818000,37.12
19821600,33.96
19825200,32.07
19828800,31.58
19832400,32.52
19836000,34.83
19839600,38.35
19843200,42.84
19846800,47.99
19850400,53.46
19854000,58.87
19857600,63.86
19861200,68.08
19864800,71.24
19868400,73.13
19872000,73.62
19875600,72.68
19879200,70.37
19882800,66.85
19886400,62.36
19890000,57.21
19893600,51.74
19897200,46.33
19900800,41.34
19904400,37.12
19908000,33.96
19911600,32.07
19915200,31.58
19918800,32.52
19922400,34.83
19926000,38.35
19929600,42.84
19933200,47.99
19936800,53.46
19940400,58.87
19944000,63.86
19947600,68.08
19951200,71.24
19954800,73.13
19958400,73.62
19962000,72.68
19965600,70.37
19969200,66.85
19972800,62.36
19976400,57.21
19980000,51.74
19983600,46.33
19987200,41.34
19990800,37.12
19994400,33.96
19998000,32.07
20001600,31.58
20005200,32.52
20008800,34.83
20012400,38.35
20016000,42.84
20019600,47.99
20023200,53.46
20026800,58.87
20030400,63.86
20034000,68.08
20037600,71.24
20041200,73.13
20044800,73.62
20048400,72.68
20052000,70.37
20055600,66.85
20059200,62.36
20062800,57.21
20066400,51.74
20070000,46.33
20073600,41.34
20077200,37.12
20080800,33.96
20084400,32.07
20088000,31.58
20091600,32.52
20095200,34.83
20098800,38.35
20102400,42.84
20106000,47.99
20109600,53.46
20113200,58.87
20116800,63.86
20120400,68.08
20124000,71.24
20127600,73.13
20131200,73.62
20134800,72.68
20138400,70.37
20142000,66.85
20145600,62.36
20149200,57.21
20152800,51.74
20156400,46.33
20160000,41.34
20163600,37.12
20167200,33.96
20170800,32.07
20174400,31.58
20178000,32.52
20181600,34.83
20185200,38.35
20188800,42.84
20192400,47.99
20196000,53.46
20199600,58.87
20203200,63.86
20206800,68.08
20210400,71.24
20214000,73.13
20217600,73.62
20221200,72.68
20224800,70.37
20228400,66.85
20232000,62.36
20235600,57.21
20239200,51.74
20242800,46.33
20246400,41.34
20250000,37.12
20253600,33.96
20257200,32.07
20260800,31.58
20264400,32.52
20268000,34.83
20271600,38.35
20275200,42.84
20278800,47.99
20282400,53.46
20286000,58.87
20289600,63.86
20293200,68.08
20296800,71.24
20300400,73.13
20304000,73.62
20307600,72.68
20311200,70.37
20314800,66.85
20318400,62.36
20322000,57.21
20325600,51.74
20329200,46.33
20332800,41.34
20336400,37.12
20340000,33.96
20343600,32.07
20347200,31.58
20350800,32.52
20354400,34.83
20358000,38.35
20361600,42.84
20365200,47.99
20368800,53.46
20372400,58.87
20376000,63.86
20379600,68.08
20383200,71.24
20386800,73.13
20390400,73.62
20394000,72.68
20397600,70.37
20401200,66.85
20404800,62.36
20408400,57.21
20412000,51.74
20415600,46.33
20419200,41.34
20422800,37.12
20426400,33.96
20430000,32.07
20433600,31.58
20437200,32.52
20440800,34.83
20444400,38.35
20448000,42.84
20451600,47.99
20455200,53.46
20458800,58.87
20462400,63.86
20466000,68.08
20469600,71.24
20473200,73.13
20476800,73.62
20480400,72.68
20484000,70.37
20487600,66.85
20491200,62.36
20494800,57.21
20498400,51.74
20502000,46.33
20505600,41.34
20509200,37.12
20512800,33.96
20516400,32.07
20520000,31.58
20523600,32.52
20527200,34.83
20530800,38.35
20534400,42.84
20538000,47.99
20541600,53.46
20545200,58.87
20548800,63.86
20552400,68.08
20556000,71.24
20559600,73.13
20563200,73.62
20566800,72.68
20570400,70.37
20574000,66.85
20577600,62.36
20581200,57.21
20584800,51.74
20588400,46.33
20592000,41.34
20595600,37.12
20599200,33.96
20602800,32.07
20606400,31.58
20610000,32.52
20613600,34.83
20617200,38.35
20620800,42.84
20624400,47.99
20628000,53.46
20631600,58.87
20635200,63.86
20638800,68.08
20642400,71.24
20646000,73.13
20649600,73.62
20653200,72.68
20656800,70.37
20660400,66.85
20664000,62.36
20667600,57.21
20671200,51.74
20674800,46.33
20678400,41.34
20682000,37.12
20685600,33.96
20689200,32.07
20692800,31.58
20696400,32.52
20700000,34.83
20703600,38.35
20707200,42.84
20710800,47.99
20714400,53.46
20718000,58.87
20721600,63.86
20725200,68.08
20728800,71.24
20732400,73.13
20736000,73.62
20739600,72.68
20743200,70.37
20746800,66.85
20750400,62.36
20754000,57.21
20757600,51.74
20761200,46.33
20764800,41.34
20768400,37.12
20772000,33.96
20775600,32.07
20779200,31.58
20782800,32.52
20786400,34.83
20790000,38.35
20793600,42.84
20797200,47.99
20800800,53.46
20804400,58.87
20808000,63.86
20811600,68.08
20815200,71.24
20818800,73.13
20822400,73.62
20826000,72.68
20829600,70.37
20833200,66.85
20836800,62.36
20840400,57.21
20844000,51.74
20847600,46.33
20851200,41.34
20854800,37.12
20858400,33.96
20862000,32.07
20865600,31.58
20869200,32.52
20872800,34.83
20876400,38.35
20880000,42.84
20883600,47.99
20887200,53.46
20890800,58.87
20894400,63.86
20898000,68.08
20901600,71.24
20905200,73.13
20908800,73.62
20912400,72.68
20916000,70.37
20919600,66.85
20923200,62.36
20926800,57.21
20930400,51.74
20934000,46.33
20937600,41.34
20941200,37.12
20944800,33.96
20948400,32.07
20952000,31.58
20955600,32.52
20959200,34.83
20962800,38.35
20966400,42.84
20970000,47.99
20973600,53.46
20977200,58.87
20980800,63.86
20984400,68.08
20988000,71.24
20991600,73.13
20995200,73.62
20998800,72.68
21002400,70.37
21006000,66.85
21009600,62.36
21013200,57.21
21016800,51.74
21020400,46.33
21024000,41.34
21027600,37.12
21031200,33.96
21034800,32.07
21038400,31.58
21042000,32.52
21045600,34.83
21049200,38.35
21052800,42.84
21056400,47.99
21060000,53.46
21063600,58.87
21067200,63.86
21070800,68.08
21074400,71.24
21078000,73.13
21081600,73.62
21085200,72.68
21088800,70.37
21092400,66.85
21096000,62.36
21099600,57.21
21103200,51.74
21106800,46.33
21110400,41.34
21114000,37.12
21117600,33.96
21121200,32.07
21124800,31.58
21128400,32.52
21132000,34.83
21135600,38.35
21139200,42.84
21142800,47.99
21146400,53.46
21150000,58.87
21153600,63.86
21157200,68.08
21160800,71.24
21164400,73.13
21168000,73.62
21171600,72.68
21175200,70.37
21178800,66.85
21182400,62.36
21186000,57.21
21189600,51.74
21193200,46.33
21196800,41.34
21200400,37.12
21204000,33.96
21207600,32.07
21211200,31.58
21214800,32.52
21218400,34.83
21222000,38.35
21225600,42.84
21229200,47.99
21232800,53.46
21236400,58.87
21240000,63.86
21243600,68.08
21247200,71.24
21250800,73.13
21254400,73.62
21258000,72.68
21261600,70.37
21265200,66.85
21268800,62.36
21272400,57.21
21276000,51.74
21279600,46.33
21283200,41.34
21286800,37.12
21290400,33.96
21294000,32.07
21297600,31.58
21301200,32.52
21304800,34.83
21308400,38.35
21312000,42.84
21315600,47.99
21319200,53.46
21322800,58.87
21326400,63.86
21330000,68.08
21333600,71.24
21337200,73.13
21340800,73.62
21344400,72.68
21348000,70.37
21351600,66.85
21355200,62.36
21358800,57.21
21362400,51.74
21366000,46.33
21369600,41.34
21373200,37.12
21376800,33.96
21380400,32.07
21384000,31.58
21387600,32.52
21391200,34.83
21394800,38.35
21398400,42.84
21402000,47.99
21405600,53.46
21409200,58.87
21412800,63.86
21416400,68.08
21420000,71.24
21423600,73.13
21427200,73.62
21430800,72.68
21434400,70.37
21438000,66.85
21441600,62.36
21445200,57.21
21448800,51.74
21452400,46.33
21456000,41.34
21459600,37.12
21463200,33.96
21466800,32.07
21470400,31.58
21474000,32.52
21477600,34.83
21481200,38.35
21484800,42.84
21488400,47.99
21492000,53.46
21495600,58.87
21499200,63.86
21502800,68.08
21506400,71.24
21510000,73.13
21513600,73.62
21517200,72.68
21520800,70.37
21524400,66.85
21528000,62.36
21531600,57.21
21535200,51.74
21538800,46.33
21542400,41.34
21546000,37.12
21549600,33.96
21553200,32.07
21556800,31.58
21560400,32.52
21564000,34.83
21567600,38.35
21571200,42.84
21574800,47.99
21578400,53.46
21582000,58.87
21585600,63.86
21589200,68.08
21592800,71.24
21596400,73.13
21600000,73.62
21603600,72.68
21607200,70.37
21610800,66.85
21614400,62.36
21618000,57.21
21621600,51.74
21625200,46.33
21628800,41.34
21632400,37.12
21636000,33.96
21639600,32.07
21643200,31.58
21646800,32.52
21650400,34.83
21654000,38.35
21657600,42.84
21661200,47.99
21664800,53.46
21668400,58.87
21672000,63.86
21675600,68.08
21679200,71.24
21682800,73.13
21686400,73.62
21690000,72.68
21693600,70.37
21697200,66.85
21700800,62.36
21704400,57.21
21708000,51.74
21711600,46.33
21715200,41.34
21718800,37.12
21722400,33.96
21726000,32.07
21729600,31.58
21733200,32.52
21736800,34.83
21740400,38.35
21744000,42.84
21747600,47.99
21751200,53.46
21754800,58.87
21758400,63.86
21762000,68.08
21765600,71.24
21769200,73.13
21772800,73.62
21776400,72.68
21780000,70.37
21783600,66.85
21787200,62.36
21790800,57.21
21794400,51.74
21798000,46.33
21801600,41.34
21805200,37.12
21808800,33.96
21812400,32.07
21816000,31.58
21819600,32.52
21823200,34.83
21826800,38.35
21830400,42.84
21834000,47.99
21837600,53.46
21841200,58.87
21844800,63.86
21848400,68.08
21852000,71.24
21855600,73.13
21859200,73.62
21862800,72.68
21866400,70.37
21870000,66.85
21873600,62.36
21877200,57.21
21880800,51.74
21884400,46.33
21888000,41.34
21891600,37.12
21895200,33.96
21898800,32.07
21902400,31.58
21906000,32.52
21909600,34.83
21913200,38.35
21916800,42.84
21920400,47.99
21924000,53.46
21927600,58.87
21931200,63.86
21934800,68.08
21938400,71.24
21942000,73.13
21945600,73.62
21949200,72.68
21952800,70.37
21956400,66.85
21960000,62.36
21963600,57.21
21967200,51.74
21970800,46.33
21974400,41.34
21978000,37.12
21981600,33.96
21985200,32.07
21988800,31.58
21992400,32.52
21996000,34.83
21999600,38.35
22003200,42.84
22006800,47.99
22010400,53.46
22014000,58.87
22017600,63.86
22021200,68.08
22024800,71.24
22028400,73.13
22032000,73.62
22035600,72.68
22039200,70.37
22042800,66.85
22046400,62.36
22050000,57.21
22053600,51.74
22057200,46.33
22060800,41.34
22064400,37.12
22068000,33.96
22071600,32.07
22075200,31.58
22078800,32.52
22082400,34.83
22086000,38.35
22089600,42.84
22093200,47.99
22096800,53.46
22100400,58.87
22104000,63.86
22107600,68.08
22111200,71.24
22114800,73.13
22118400,73.62
22122000,72.68
22125600,70.37
22129200,66.85
22132800,62.36
22136400,57.21
22140000,51.74
22143600,46.33
22147200,41.34
22150800,37.12
22154400,33.96
22158000,32.07
22161600,31.58
22165200,32.52
22168800,34.83
22172400,38.35
22176000,42.84
22179600,47.99
22183200,53.46
22186800,58.87
22190400,63.86
22194000,68.08
22197600,71.24
22201200,73.13
22204800,73.62
22208400,72.68
22212000,70.37
22215600,66.85
22219200,62.36
22222800,57.21
22226400,51.74
22230000,46.33
22233600,41.34
22237200,37.12
22240800,33.96
22244400,32.07
22248000,31.58
22251600,32.52
22255200,34.83
22258800,38.35
22262400,42.84
22266000,47.99
22269600,53.46
22273200,58.87
22276800,63.86
22280400,68.08
22284000,71.24
22287600,73.13
22291200,73.62
22294800,72.68
22298400,70.37
22302000,66.85
22305600,62.36
22309200,57.21
22312800,51.74
22316400,46.33
22320000,41.34
22323600,37.12
22327200,33.96
22330800,32.07
22334400,31.58
22338000,32.52
22341600,34.83
22345200,38.35
22348800,42.84
22352400,47.99
22356000,53.46
22359600,58.87
22363200,63.86
22366800,68.08
22370400,71.24
22374000,73.13
22377600,73.62
22381200,72.68
22384800,70.37
22388400,66.85
22392000,62.36
22395600,57.21
22399200,51.74
22402800,46.33
22406400,41.34
22410000,37.12
22413600,33.96
22417200,32.07
22420800,31.58
22424400,32.52
22428000,34.83
22431600,38.35
22435200,42.84
22438800,47.99
22442400,53.46
22446000,58.87
22449600,63.86
22453200,68.08
22456800,71.24
22460400,73.13
22464000,73.62
22467600,72.68
22471200,70.37
22474800,66.85
22478400,62.36
22482000,57.21
22485600,51.74
22489200,46.33
22492800,41.34
22496400,37.12
22500000,33.96
22503600,32.07
22507200,31.58
22510800,32.52
22514400,34.83
22518000,38.35
22521600,42.84
22525200,47.99
22528800,53.46
22532400,58.87
22536000,63.86
22539600,68.08
22543200,71.24
22546800,73.13
22550400,73.62
22554000,72.68
22557600,70.37
22561200,66.85
22564800,62.36
22568400,57.21
22572000,51.74
22575600,46.33
22579200,41.34
22582800,37.12
22586400,33.96
22590000,32.07
22593600,31.58
22597200,32.52
22600800,34.83
22604400,38.35
22608000,42.84
22611600,47.99
22615200,53.46
22618800,58.87
22622400,63.86
22626000,68.08
22629600,71.24
22633200,73.13
22636800,73.62
22640400,72.68
22644000,70.37
22647600,66.85
22651200,62.36
22654800,57.21
22658400,51.74
22662000,46.33
22665600,41.34
22669200,37.12
22672800,33.96
22676400,32.07
22680000,31.58
22683600,32.52
22687200,34.83
22690800,38.35
22694400,42.84
22698000,47.99
22701600,53.46
22705200,58.87
22708800,63.86
22712400,68.08
22716000,71.24
22719600,73.13
22723200,73.62
22726800,72.68
22730400,70.37
22734000,66.85
22737600,62.36
22741200,57.21
22744800,51.74
22748400,46.33
22752000,41.34
22755600,37.12
22759200,33.96
22762800,32.07
22766400,31.58
22770000,32.52
22773600,34.83
22777200,38.35
22780800,42.84
22784400,47.99
22788000,53.46
22791600,58.87
22795200,63.86
22798800,68.08
22802400,71.24
22806000,73.13
22809600,73.62
22813200,72.68
22816800,70.37
22820400,66.85
22824000,62.36
22827600,57.21
22831200,51.74
22834800,46.33
22838400,41.34
22842000,37.12
22845600,33.96
22849200,32.07
22852800,31.58
22856400,32.52
22860000,34.83
22863600,38.35
22867200,42.84
22870800,47.99
22874400,53.46
22878000,58.87
22881600,63.86
22885200,68.08
22888800,71.24
22892400,73.13
22896000,73.62
22899600,72.68
22903200,70.37
22906800,66.85
22910400,62.36
22914000,57.21
22917600,51.74
22921200,46.33
22924800,41.34
22928400,37.12
22932000,33.96
22935600,32.07
22939200,31.58
22942800,32.52
22946400,34.83
22950000,38.35
22953600,42.84
22957200,47.99
22960800,53.46
22964400,58.87
22968000,63.86
22971600,68.08
22975200,71.24
22978800,73.13
22982400,73.62
22986000,72.68
22989600,70.37
22993200,66.85
22996800,62.36
23000400,57.21
23004000,51.74
23007600,46.33
23011200,41.34
23014800,37.12
23018400,33.96
23022000,32.07
23025600,31.58
23029200,32.52
23032800,34.83
23036400,38.35
23040000,42.84
23043600,47.99
23047200,53.46
23050800,58.87
23054400,63.86
23058000,68.08
23061600,71.24
23065200,73.13
23068800,73.62
23072400,72.68
23076000,70.37
23079600,66.85
23083200,62.36
23086800,57.21
23090400,51.74
23094000,46.33
23097600,41.34
23101200,37.12
23104800,33.96
23108400,32.07
23112000,31.58
23115600,32.52
23119200,34.83
23122800,38.35
23126400,42.84
23130000,47.99
23133600,53.46
23137200,58.87
23140800,63.86
23144400,68.08
23148000,71.24
23151600,73.13
23155200,73.62
23158800,72.68
23162400,70.37
23166000,66.85
23169600,62.36
23173200,57.21
23176800,51.74
23180400,46.33
23184000,41.34
23187600,37.12
23191200,33.96
23194800,32.07
23198400,31.58
23202000,32.52
23205600,34.83
23209200,38.35
23212800,42.84
23216400,47.99
23220000,53.46
23223600,58.87
23227200,63.86
23230800,68.08
23234400,71.24
23238000,73.13
23241600,73.62
23245200,72.68
23248800,70.37
23252400,66.85
23256000,62.36
23259600,57.21
23263200,51.74
23266800,46.33
23270400,41.34
23274000,37.12
23277600,33.96
23281200,32.07
23284800,31.58
23288400,32.52
23292000,34.83
23295600,38.35
23299200,42.84
23302800,47.99
23306400,53.46
23310000,58.87
23313600,63.86
23317200,68.08
23320800,71.24
23324400,73.13
23328000,73.62
23331600,72.68
23335200,70.37
23338800,66.85
23342400,62.36
23346000,57.21
23349600,51.74
23353200,46.33
23356800,41.34
23360400,37.12
23364000,33.96
23367600,32.07
23371200,31.58
23374800,32.52
23378400,34.83
23382000,38.35
23385600,42.84
23389200,47.99
23392800,53.46
23396400,58.87
23400000,63.86
23403600,68.08
23407200,71.24
23410800,73.13
23414400,73.62
23418000,72.68
23421600,70.37
23425200,66.85
23428800,62.36
23432400,57.21
23436000,51.74
23439600,46.33
23443200,41.34
23446800,37.12
23450400,33.96
23454000,32.07
23457600,31.58
23461200,32.52
23464800,34.83
23468400,38.35
23472000,42.84
23475600,47.99
23479200,53.46
23482800,58.87
23486400,63.86
23490000,68.08
23493600,71.24
23497200,73.13
23500800,73.62
23504400,72.68
23508000,70.37
23511600,66.85
23515200,62.36
23518800,57.21
23522400,51.74
23526000,46.33
23529600,41.34
23533200,37.12
23536800,33.96
23540400,32.07
23544000,31.58
23547600,32.52
23551200,34.83
23554800,38.35
23558400,42.84
23562000,47.99
23565600,53.46
23569200,58.87
23572800,63.86
23576400,68.08
23580000,71.24
23583600,73.13
23587200,73.62
23590800,72.68
23594400,70.37
23598000,66.85
23601600,62.36
23605200,57.21
23608800,51.74
23612400,46.33
23616000,41.34
23619600,37.12
23623200,33.96
23626800,32.07
23630400,31.58
23634000,32.52
23637600,34.83
23641200,38.35
23644800,42.84
23648400,47.99
23652000,53.46
23655600,58.87
23659200,63.86
23662800,68.08
23666400,71.24
23670000,73.13
23673600,73.62
23677200,72.68
23680800,70.37
23684400,66.85
23688000,62.36
23691600,57.21
23695200,51.74
23698800,46.33
23702400,41.34
23706000,37.12
23709600,33.96
23713200,32.07
23716800,31.58
23720400,32.52
23724000,34.83
23727600,38.35
23731200,42.84
23734800,47.99
23738400,53.46
23742000,58.87
23745600,63.86
23749200,68.08
23752800,71.24
23756400,73.13
23760000,73.62
23763600,72.68
23767200,70.37
23770800,66.85
23774400,62.36
23778000,57.21
23781600,51.74
23785200,46.33
23788800,41.34
23792400,37.12
23796000,33.96
23799600,32.07
23803200,31.58
23806800,32.52
23810400,34.83
23814000,38.35
23817600,42.84
23821200,47.99
23824800,53.46
23828400,58.87
23832000,63.86
23835600,68.08
23839200,71.24
23842800,73.13
23846400,73.62
23850000,72.68
23853600,70.37
23857200,66.85
23860800,62.36
23864400,57.21
23868000,51.74
23871600,46.33
23875200,41.34
23878800,37.12
23882400,33.96
23886000,32.07
23889600,31.58
23893200,32.52
23896800,34.83
23900400,38.35
23904000,42.84
23907600,47.99
23911200,53.46
23914800,58.87
23918400,63.86
23922000,68.08
23925600,71.24
23929200,73.13
23932800,73.62
23936400,72.68
23940000,70.37
23943600,66.85
23947200,62.36
23950800,57.21
23954400,51.74
23958000,46.33
23961600,41.34
23965200,37.12
23968800,33.96
23972400,32.07
23976000,31.58
23979600,32.52
23983200,34.83
23986800,38.35
23990400,42.84
23994000,47.99
23997600,53.46
24001200,58.87
24004800,63.86
24008400,68.08
24012000,71.24
24015600,73.13
24019200,73.62
24022800,72.68
24026400,70.37
24030000,66.85
24033600,62.36
24037200,57.21
24040800,51.74
24044400,46.33
24048000,41.34
24051600,37.12
24055200,33.96
24058800,32.07
24062400,31.58
24066000,32.52
24069600,34.83
24073200,38.35
24076800,42.84
24080400,47.99
24084000,53.46
24087600,58.87
24091200,63.86
24094800,68.08
24098400,71.24
24102000,73.13
24105600,73.62
24109200,72.68
24112800,70.37
24116400,66.85
24120000,62.36
24123600,57.21
24127200,51.74
24130800,46.33
24134400,41.34
24138000,37.12
24141600,33.96
24145200,32.07
24148800,31.58
24152400,32.52
24156000,34.83
24159600,38.35
24163200,42.84
24166800,47.99
24170400,53.46
24174000,58.87
24177600,63.86
24181200,68.08
24184800,71.24
24188400,73.13
24192000,73.62
24195600,72.68
24199200,70.37
24202800,66.85
24206400,62.36
24210000,57.21
24213600,51.74
24217200,46.33
24220800,41.34
24224400,37.12
24228000,33.96
24231600,32.07
24235200,31.58
24238800,32.52
24242400,34.83
24246000,38.35
24249600,42.84
24253200,47.99
24256800,53.46
24260400,58.87
24264000,63.86
24267600,68.08
24271200,71.24
24274800,73.13
24278400,73.62
24282000,72.68
24285600,70.37
24289200,66.85
24292800,62.36
24296400,57.21
24300000,51.74
24303600,46.33
24307200,41.34
24310800,37.12
24314400,33.96
24318000,32.07
24321600,31.58
24325200,32.52
24328800,34.83
24332400,38.35
24336000,42.84
24339600,47.99
24343200,53.46
24346800,58.87
24350400,63.86
24354000,68.08
24357600,71.24
24361200,73.13
24364800,73.62
24368400,72.68
24372000,70.37
24375600,66.85
24379200,62.36
24382800,57.21
24386400,51.74
24390000,46.33
24393600,41.34
24397200,37.12
24400800,33.96
24404400,32.07
24408000,31.58
24411600,32.52
24415200,34.83
24418800,38.35
24422400,42.84
24426000,47.99
24429600,53.46
24433200,58.87
24436800,63.86
24440400,68.08
24444000,71.24
24447600,73.13
24451200,73.62
24454800,72.68
24458400,70.37
24462000,66.85
24465600,62.36
24469200,57.21
24472800,51.74
24476400,46.33
24480000,41.34
24483600,37.12
24487200,33.96
24490800,32.07
24494400,31.58
24498000,32.52
24501600,34.83
24505200,38.35
24508800,42.84
24512400,47.99
24516000,53.46
24519600,58.87
24523200,63.86
24526800,68.08
24530400,71.24
24534000,73.13
24537600,73.62
24541200,72.68
24544800,70.37
24548400,66.85
24552000,62.36
24555600,57.21
24559200,51.74
24562800,46.33
24566400,41.34
24570000,37.12
24573600,33.96
24577200,32.07
24580800,31.58
24584400,32.52
24588000,34.83
24591600,38.35
24595200,42.84
24598800,47.99
24602400,53.46
24606000,58.87
24609600,63.86
24613200,68.08
24616800,71.24
24620400,73.13
24624000,73.62
24627600,72.68
24631200,70.37
24634800,66.85
24638400,62.36
24642000,57.21
24645600,51.74
24649200,46.33
24652800,41.34
24656400,37.12
24660000,33.96
24663600,32.07
24667200,31.58
24670800,32.52
24674400,34.83
24678000,38.35
24681600,42.84
24685200,47.99
24688800,53.46
24692400,58.87
24696000,63.86
24699600,68.08
24703200,71.24
24706800,73.13
24710400,73.62
24714000,72.68
24717600,70.37
24721200,66.85
24724800,62.36
24728400,57.21
24732000,51.74
24735600,46.33
24739200,41.34
24742800,37.12
24746400,33.96
24750000,32.07
24753600,31.58
24757200,32.52
24760800,34.83
24764400,38.35
24768000,42.84
24771600,47.99
24775200,53.46
24778800,58.87
24782400,63.86
24786000,68.08
24789600,71.24
24793200,73.13
24796800,73.62
24800400,72.68
24804000,70.37
24807600,66.85
24811200,62.36
24814800,57.21
24818400,51.74
24822000,46.33
24825600,41.34
24829200,37.12
24832800,33.96
24836400,32.07
24840000,31.58
24843600,32.52
24847200,34.83
24850800,38.35
24854400,42.84
24858000,47.99
24861600,53.46
24865200,58.87
24868800,63.86
24872400,68.08
24876000,71.24
24879600,73.13
24883200,73.62
24886800,72.68
24890400,70.37
24894000,66.85
24897600,62.36
24901200,57.21
24904800,51.74
24908400,46.33
24912000,41.34
24915600,37.12
24919200,33.96
24922800,32.07
24926400,31.58
24930000,32.52
24933600,34.83
24937200,38.35
24940800,42.84
24944400,47.99
24948000,53.46
24951600,58.87
24955200,63.86
24958800,68.08
24962400,71.24
24966000,73.13
24969600,73.62
24973200,72.68
24976800,70.37
24980400,66.85
24984000,62.36
24987600,57.21
24991200,51.74
24994800,46.33
24998400,41.34
25002000,37.12
25005600,33.96
25009200,32.07
25012800,31.58
25016400,32.52
25020000,34.83
25023600,38.35
25027200,42.84
25030800,47.99
25034400,53.46
25038000,58.87
25041600,63.86
25045200,68.08
25048800,71.24
25052400,73.13
25056000,73.62
25059600,72.68
25063200,70.37
25066800,66.85
25070400,62.36
25074000,57.21
25077600,51.74
25081200,46.33
25084800,41.34
25088400,37.12
25092000,33.96
25095600,32.07
25099200,31.58
25102800,32.52
25106400,34.83
25110000,38.35
25113600,42.84
25117200,47.99
25120800,53.46
25124400,58.87
25128000,63.86
25131600,68.08
25135200,71.24
25138800,73.13
25142400,73.62
25146000,72.68
25149600,70.37
25153200,66.85
25156800,62.36
25160400,57.21
25164000,51.74
25167600,46.33
25171200,41.34
25174800,37.12
25178400,33.96
25182000,32.07
25185600,31.58
25189200,32.52
25192800,34.83
25196400,38.35
25200000,42.84
25203600,47.99
25207200,53.46
25210800,58.87
25214400,63.86
25218000,68.08
25221600,71.24
25225200,73.13
25228800,73.62
25232400,72.68
25236000,70.37
25239600,66.85
25243200,62.36
25246800,57.21
25250400,51.74
25254000,46.33
25257600,41.34
25261200,37.12
25264800,33.96
25268400,32.07
25272000,31.58
25275600,32.52
25279200,34.83
25282800,38.35
25286400,42.84
25290000,47.99
25293600,53.46
25297200,58.87
25300800,63.86
25304400,68.08
25308000,71.24
25311600,73.13
25315200,73.62
25318800,72.68
25322400,70.37
25326000,66.85
25329600,62.36
25333200,57.21
25336800,51.74
25340400,46.33
25344000,41.34
25347600,37.12
25351200,33.96
25354800,32.07
25358400,31.58
25362000,32.52
25365600,34.83
25369200,38.35
25372800,42.84
25376400,47.99
25380000,53.46
25383600,58.87
25387200,63.86
25390800,68.08
25394400,71.24
25398000,73.13
25401600,73.62
25405200,72.68
25408800,70.37
25412400,66.85
25416000,62.36
25419600,57.21
25423200,51.74
25426800,46.33
25430400,41.34
25434000,37.12
25437600,33.96
25441200,32.07
25444800,31.58
25448400,32.52
25452000,34.83
25455600,38.35
25459200,42.84
25462800,47.99
25466400,53.46
25470000,58.87
25473600,63.86
25477200,68.08
25480800,71.24
25484400,73.13
25488000,73.62
25491600,72.68
25495200,70.37
25498800,66.85
25502400,62.36
25506000,57.21
25509600,51.74
25513200,46.33
25516800,41.34
25520400,37.12
25524000,33.96
25527600,32.07
25531200,31.58
25534800,32.52
25538400,34.83
25542000,38.35
25545600,42.84
25549200,47.99
25552800,53.46
25556400,58.87
25560000,63.86
25563600,68.08
25567200,71.24
25570800,73.13
25574400,73.62
25578000,72.68
25581600,70.37
25585200,66.85
25588800,62.36
25592400,57.21
25596000,51.74
25599600,46.33
25603200,41.34
25606800,37.12
25610400,33.96
25614000,32.07
25617600,31.58
25621200,32.52
25624800,34.83
25628400,38.35
25632000,42.84
25635600,47.99
25639200,53.46
25642800,58.87
25646400,63.86
25650000,68.08
25653600,71.24
25657200,73.13
25660800,73.62
25664400,72.68
25668000,70.37
25671600,66.85
25675200,62.36
25678800,57.21
25682400,51.74
25686000,46.33
25689600,41.34
25693200,37.12
25696800,33.96
25700400,32.07
25704000,31.58
25707600,32.52
25711200,34.83
25714800,38.35
25718400,42.84
25722000,47.99
25725600,53.46
25729200,58.87
25732800,63.86
25736400,68.08
25740000,71.24
25743600,73.13
25747200,73.62
25750800,72.68
25754400,70.37
25758000,66.85
25761600,62.36
25765200,57.21
25768800,51.74
25772400,46.33
25776000,41.34
25779600,37.12
25783200,33.96
25786800,32.07
25790400,31.58
25794000,32.52
25797600,34.83
25801200,38.35
25804800,42.84
25808400,47.99
25812000,53.46
25815600,58.87
25819200,63.86
25822800,68.08
25826400,71.24
25830000,73.13
25833600,73.62
25837200,72.68
25840800,70.37
25844400,66.85
25848000,62.36
25851600,57.21
25855200,51.74
25858800,46.33
25862400,41.34
25866000,37.12
25869600,33.96
25873200,32.07
25876800,31.58
25880400,32.52
25884000,34.83
25887600,38.35
25891200,42.84
25894800,47.99
25898400,53.46
25902000,58.87
25905600,63.86
25909200,68.08
25912800,71.24
25916400,73.13
25920000,73.62
25923600,72.68
25927200,70.37
25930800,66.85
25934400,62.36
25938000,57.21
25941600,51.74
25945200,46.33
25948800,41.34
25952400,37.12
25956000,33.96
25959600,32.07
25963200,31.58
25966800,32.52
25970400,34.83
25974000,38.35
25977600,42.84
25981200,47.99
25984800,53.46
25988400,58.87
25992000,63.86
25995600,68.08
25999200,71.24
26002800,73.13
26006400,73.62
26010000,72.68
26013600,70.37
26017200,66.85
26020800,62.36
26024400,57.21
26028000,51.74
26031600,46.33
26035200,41.34
26038800,37.12
26042400,33.96
26046000,32.07
26049600,31.58
26053200,32.52
26056800,34.83
26060400,38.35
26064000,42.84
26067600,47.99
26071200,53.46
26074800,58.87
26078400,63.86
26082000,68.08
26085600,71.24
26089200,73.13
26092800,73.62
26096400,72.68
26100000,70.37
26103600,66.85
26107200,62.36
26110800,57.21
26114400,51.74
26118000,46.33
26121600,41.34
26125200,37.12
26128800,33.96
26132400,32.07
26136000,31.58
26139600,32.52
26143200,34.83
26146800,38.35
26150400,42.84
26154000,47.99
26157600,53.46
26161200,58.87
26164800,63.86
26168400,68.08
26172000,71.24
26175600,73.13
26179200,73.62
26182800,72.68
26186400,70.37
26190000,66.85
26193600,62.36
26197200,57.21
26200800,51.74
26204400,46.33
26208000,41.34
26211600,37.12
26215200,33.96
26218800,32.07
26222400,31.58
26226000,32.52
26229600,34.83
26233200,38.35
26236800,42.84
26240400,47.99
26244000,53.46
26247600,58.87
26251200,63.86
26254800,68.08
26258400,71.24
26262000,73.13
26265600,73.62
26269200,72.68
26272800,70.37
26276400,66.85
26280000,62.36
26283600,57.21
26287200,51.74
26290800,46.33
26294400,41.34
26298000,37.12
26301600,33.96
26305200,32.07
26308800,31.58
26312400,32.52
26316000,34.83
26319600,38.35
26323200,42.84
26326800,47.99
26330400,53.46
26334000,58.87
26337600,63.86
26341200,68.08
26344800,71.24
26348400,73.13
26352000,73.62
26355600,72.68
26359200,70.37
26362800,66.85
26366400,62.36
26370000,57.21
26373600,51.74
26377200,46.33
26380800,41.34
26384400,37.12
26388000,33.96
26391600,32.07
26395200,31.58
26398800,32.52
26402400,34.83
26406000,38.35
26409600,42.84
26413200,47.99
26416800,53.46
26420400,58.87
26424000,63.86
26427600,68.08
26431200,71.24
26434800,73.13
26438400,73.62
26442000,72.68
26445600,70.37
26449200,66.85
26452800,62.36
26456400,57.21
26460000,51.74
26463600,46.33
26467200,41.34
26470800,37.12
26474400,33.96
26478000,32.07
26481600,31.58
26485200,32.52
26488800,34.83
26492400,38.35
26496000,42.84
26499600,47.99
26503200,53.46
26506800,58.87
26510400,63.86
26514000,68.08
26517600,71.24
26521200,73.13
26524800,73.62
26528400,72.68
26532000,70.37
26535600,66.85
26539200,62.36
26542800,57.21
26546400,51.74
26550000,46.33
26553600,41.34
26557200,37.12
26560800,33.96
26564400,32.07
26568000,31.58
26571600,32.52
26575200,34.83
26578800,38.35
26582400,42.84
26586000,47.99
26589600,53.46
26593200,58.87
26596800,63.86
26600400,68.08
26604000,71.24
26607600,73.13
26611200,73.62
26614800,72.68
26618400,70.37
26622000,66.85
26625600,62.36
26629200,57.21
26632800,51.74
26636400,46.33
26640000,41.34
26643600,37.12
26647200,33.96
26650800,32.07
26654400,31.58
26658000,32.52
26661600,34.83
26665200,38.35
26668800,42.84
26672400,47.99
26676000,53.46
26679600,58.87
26683200,63.86
26686800,68.08
26690400,71.24
26694000,73.13
26697600,73.62
26701200,72.68
26704800,70.37
26708400,66.85
26712000,62.36
26715600,57.21
26719200,51.74
26722800,46.33
26726400,41.34
26730000,37.12
26733600,33.96
26737200,32.07
26740800,31.58
26744400,32.52
26748000,34.83
26751600,38.35
26755200,42.84
26758800,47.99
26762400,53.46
26766000,58.87
26769600,63.86
26773200,68.08
26776800,71.24
26780400,73.13
26784000,73.62
26787600,72.68
26791200,70.37
26794800,66.85
26798400,62.36
26802000,57.21
26805600,51.74
26809200,46.33
26812800,41.34
26816400,37.12
26820000,33.96
26823600,32.07
26827200,31.58
26830800,32.52
26834400,34.83
26838000,38.35
26841600,42.84
26845200,47.99
26848800,53.46
26852400,58.87
26856000,63.86
26859600,68.08
26863200,71.24
26866800,73.13
26870400,73.62
26874000,72.68
26877600,70.37
26881200,66.85
26884800,62.36
26888400,57.21
26892000,51.74
26895600,46.33
26899200,41.34
26902800,37.12
26906400,33.96
26910000,32.07
26913600,31.58
26917200,32.52
26920800,34.83
26924400,38.35
26928000,42.84
26931600,47.99
26935200,53.46
26938800,58.87
26942400,63.86
26946000,68.08
26949600,71.24
26953200,73.13
26956800,73.62
26960400,72.68
26964000,70.37
26967600,66.85
26971200,62.36
26974800,57.21
26978400,51.74
26982000,46.33
26985600,41.34
26989200,37.12
26992800,33.96
26996400,32.07
27000000,31.58
27003600,32.52
27007200,34.83
27010800,38.35
27014400,42.84
27018000,47.99
27021600,53.46
27025200,58.87
27028800,63.86
27032400,68.08
27036000,71.24
27039600,73.13
27043200,73.62
27046800,72.68
27050400,70.37
27054000,66.85
27057600,62.36
27061200,57.21
27064800,51.74
27068400,46.33
27072000,41.34
27075600,37.12
27079200,33.96
27082800,32.07
27086400,31.58
27090000,32.52
27093600,34.83
27097200,38.35
27100800,42.84
27104400,47.99
27108000,53.46
27111600,58.87
27115200,63.86
27118800,68.08
27122400,71.24
27126000,73.13
27129600,73.62
27133200,72.68
27136800,70.37
27140400,66.85
27144000,62.36
27147600,57.21
27151200,51.74
27154800,46.33
27158400,41.34
27162000,37.12
27165600,33.96
27169200,32.07
27172800,31.58
27176400,32.52
27180000,34.83
27183600,38.35
27187200,42.84
27190800,47.99
27194400,53.46
27198000,58.87
27201600,63.86
27205200,68.08
27208800,71.24
27212400,73.13
27216000,73.62
27219600,72.68
27223200,70.37
27226800,66.85
27230400,62.36
27234000,57.21
27237600,51.74
27241200,46.33
27244800,41.34
27248400,37.12
27252000,33.96
27255600,32.07
27259200,31.58
27262800,32.52
27266400,34.83
27270000,38.35
27273600,42.84
27277200,47.99
27280800,53.46
27284400,58.87
27288000,63.86
27291600,68.08
27295200,71.24
27298800,73.13
27302400,73.62
27306000,72.68
27309600,70.37
27313200,66.85
27316800,62.36
27320400,57.21
27324000,51.74
27327600,46.33
27331200,41.34
27334800,37.12
27338400,33.96
27342000,32.07
27345600,31.58
27349200,32.52
27352800,34.83
27356400,38.35
27360000,42.84
27363600,47.99
27367200,53.46
27370800,58.87
27374400,63.86
27378000,68.08
27381600,71.24
27385200,73.13
27388800,73.62
27392400,72.68
27396000,70.37
27399600,66.85
27403200,62.36
27406800,57.21
27410400,51.74
27414000,46.33
27417600,41.34
27421200,37.12
27424800,33.96
27428400,32.07
27432000,31.58
27435600,32.52
27439200,34.83
27442800,38.35
27446400,42.84
27450000,47.99
27453600,53.46
27457200,58.87
27460800,63.86
27464400,68.08
27468000,71.24
27471600,73.13
27475200,73.62
27478800,72.68
27482400,70.37
27486000,66.85
27489600,62.36
27493200,57.21
27496800,51.74
27500400,46.33
27504000,41.34
27507600,37.12
27511200,33.96
27514800,32.07
27518400,31.58
27522000,32.52
27525600,34.83
27529200,38.35
27532800,42.84
27536400,47.99
27540000,53.46
27543600,58.87
27547200,63.86
27550800,68.08
27554400,71.24
27558000,73.13
27561600,73.62
27565200,72.68
27568800,70.37
27572400,66.85
27576000,62.36
27579600,57.21
27583200,51.74
27586800,46.33
27590400,41.34
27594000,37.12
27597600,33.96
27601200,32.07
27604800,31.58
27608400,32.52
27612000,34.83
27615600,38.35
27619200,42.84
27622800,47.99
27626400,53.46
27630000,58.87
27633600,63.86
27637200,68.08
27640800,71.24
27644400,73.13
27648000,73.62
27651600,72.68
27655200,70.37
27658800,66.85
27662400,62.36
27666000,57.21
27669600,51.74
27673200,46.33
27676800,41.34
27680400,37.12
27684000,33.96
27687600,32.07
27691200,31.58
27694800,32.52
27698400,34.83
27702000,38.35
27705600,42.84
27709200,47.99
27712800,53.46
27716400,58.87
27720000,63.86
27723600,68.08
27727200,71.24
27730800,73.13
27734400,73.62
27738000,72.68
27741600,70.37
27745200,66.85
27748800,62.36
27752400,57.21
27756000,51.74
27759600,46.33
27763200,41.34
27766800,37.12
27770400,33.96
27774000,32.07
27777600,31.58
27781200,32.52
27784800,34.83
27788400,38.35
27792000,42.84
27795600,47.99
27799200,53.46
27802800,58.87
27806400,63.86
27810000,68.08
27813600,71.24
27817200,73.13
27820800,73.62
27824400,72.68
27828000,70.37
27831600,66.85
27835200,62.36
27838800,57.21
27842400,51.74
27846000,46.33
27849600,41.34
27853200,37.12
27856800,33.96
27860400,32.07
27864000,31.58
27867600,32.52
27871200,34.83
27874800,38.35
27878400,42.84
27882000,47.99
27885600,53.46
27889200,58.87
27892800,63.86
27896400,68.08
27900000,71.24
27903600,73.13
27907200,73.62
27910800,72.68
27914400,70.37
27918000,66.85
27921600,62.36
27925200,57.21
27928800,51.74
27932400,46.33
27936000,41.34
27939600,37.12
27943200,33.96
27946800,32.07
27950400,31.58
27954000,32.52
27957600,34.83
27961200,38.35
27964800,42.84
27968400,47.99
27972000,53.46
27975600,58.87
27979200,63.86
27982800,68.08
27986400,71.24
27990000,73.13
27993600,73.62
27997200,72.68
28000800,70.37
28004400,66.85
28008000,62.36
28011600,57.21
28015200,51.74
28018800,46.33
28022400,41.34
28026000,37.12
28029600,33.96
28033200,32.07
28036800,31.58
28040400,32.52
28044000,34.83
28047600,38.35
28051200,42.84
28054800,47.99
28058400,53.46
28062000,58.87
28065600,63.86
28069200,68.08
28072800,71.24
28076400,73.13
28080000,73.62
28083600,72.68
28087200,70.37
28090800,66.85
28094400,62.36
28098000,57.21
28101600,51.74
28105200,46.33
28108800,41.34
28112400,37.12
28116000,33.96
28119600,32.07
28123200,31.58
28126800,32.52
28130400,34.83
28134000,38.35
28137600,42.84
28141200,47.99
28144800,53.46
28148400,58.87
28152000,63.86
28155600,68.08
28159200,71.24
28162800,73.13
28166400,73.62
28170000,72.68
28173600,70.37
28177200,66.85
28180800,62.36
28184400,57.21
28188000,51.74
28191600,46.33
28195200,41.34
28198800,37.12
28202400,33.96
28206000,32.07
28209600,31.58
28213200,32.52
28216800,34.83
28220400,38.35
28224000,42.84
28227600,47.99
28231200,53.46
28234800,58.87
28238400,63.86
28242000,68.08
28245600,71.24
28249200,73.13
28252800,73.62
28256400,72.68
28260000,70.37
28263600,66.85
28267200,62.36
28270800,57.21
28274400,51.74
28278000,46.33
28281600,41.34
28285200,37.12
28288800,33.96
28292400,32.07
28296000,31.58
28299600,32.52
28303200,34.83
28306800,38.35
28310400,42.84
28314000,47.99
28317600,53.46
28321200,58.87
28324800,63.86
28328400,68.08
28332000,71.24
28335600,73.13
28339200,73.62
28342800,72.68
28346400,70.37
28350000,66.85
28353600,62.36
28357200,57.21
28360800,51.74
28364400,46.33
28368000,41.34
28371600,37.12
28375200,33.96
28378800,32.07
28382400,31.58
28386000,32.52
28389600,34.83
28393200,38.35
28396800,42.84
28400400,47.99
28404000,53.46
28407600,58.87
28411200,63.86
28414800,68.08
28418400,71.24
28422000,73.13
28425600,73.62
28429200,72.68
28432800,70.37
28436400,66.85
28440000,62.36
28443600,57.21
28447200,51.74
28450800,46.33
28454400,41.34
28458000,37.12
28461600,33.96
28465200,32.07
28468800,31.58
28472400,32.52
28476000,34.83
28479600,38.35
28483200,42.84
28486800,47.99
28490400,53.46
28494000,58.87
28497600,63.86
28501200,68.08
28504800,71.24
28508400,73.13
28512000,73.62
28515600,72.68
28519200,70.37
28522800,66.85
28526400,62.36
28530000,57.21
28533600,51.74
28537200,46.33
28540800,41.34
28544400,37.12
28548000,33.96
28551600,32.07
28555200,31.58
28558800,32.52
28562400,34.83
28566000,38.35
28569600,42.84
28573200,47.99
28576800,53.46
28580400,58.87
28584000,63.86
28587600,68.08
28591200,71.24
28594800,73.13
28598400,73.62
28602000,72.68
28605600,70.37
28609200,66.85
28612800,62.36
28616400,57.21
28620000,51.74
28623600,46.33
28627200,41.34
28630800,37.12
28634400,33.96
28638000,32.07
28641600,31.58
28645200,32.52
28648800,34.83
28652400,38.35
28656000,42.84
28659600,47.99
28663200,53.46
28666800,58.87
28670400,63.86
28674000,68.08
28677600,71.24
28681200,73.13
28684800,73.62
28688400,72.68
28692000,70.37
28695600,66.85
28699200,62.36
28702800,57.21
28706400,51.74
28710000,46.33
28713600,41.34
28717200,37.12
28720800,33.96
28724400,32.07
28728000,31.58
28731600,32.52
28735200,34.83
28738800,38.35
28742400,42.84
28746000,47.99
28749600,53.46
28753200,58.87
28756800,63.86
28760400,68.08
28764000,71.24
28767600,73.13
28771200,73.62
28774800,72.68
28778400,70.37
28782000,66.85
28785600,62.36
28789200,57.21
28792800,51.74
28796400,46.33
28800000,41.34
28803600,37.12
28807200,33.96
28810800,32.07
28814400,31.58
28818000,32.52
28821600,34.83
28825200,38.35
28828800,42.84
28832400,47.99
28836000,53.46
28839600,58.87
28843200,63.86
28846800,68.08
28850400,71.24
28854000,73.13
28857600,73.62
28861200,72.68
28864800,70.37
28868400,66.85
28872000,62.36
28875600,57.21
28879200,51.74
28882800,46.33
28886400,41.34
28890000,37.12
28893600,33.96
28897200,32.07
28900800,31.58
28904400,32.52
28908000,34.83
28911600,38.35
28915200,42.84
28918800,47.99
28922400,53.46
28926000,58.87
28929600,63.86
28933200,68.08
28936800,71.24
28940400,73.13
28944000,73.62
28947600,72.68
28951200,70.37
28954800,66.85
28958400,62.36
28962000,57.21
28965600,51.74
28969200,46.33
28972800,41.34
28976400,37.12
28980000,33.96
28983600,32.07
28987200,31.58
28990800,32.52
28994400,34.83
28998000,38.35
29001600,42.84
29005200,47.99
29008800,53.46
29012400,58.87
29016000,63.86
29019600,68.08
29023200,71.24
29026800,73.13
29030400,73.62
29034000,72.68
29037600,70.37
29041200,66.85
29044800,62.36
29048400,57.21
29052000,51.74
29055600,46.33
29059200,41.34
29062800,37.12
29066400,33.96
29070000,32.07
29073600,31.58
29077200,32.52
29080800,34.83
29084400,38.35
29088000,42.84
29091600,47.99
29095200,53.46
29098800,58.87
29102400,63.86
29106000,68.08
29109600,71.24
29113200,73.13
29116800,73.62
29120400,72.68
29124000,70.37
29127600,66.85
29131200,62.36
29134800,57.21
29138400,51.74
29142000,46.33
29145600,41.34
29149200,37.12
29152800,33.96
29156400,32.07
29160000,31.58
29163600,32.52
29167200,34.83
29170800,38.35
29174400,42.84
29178000,47.99
29181600,53.46
29185200,58.87
29188800,63.86
29192400,68.08
29196000,71.24
29199600,73.13
29203200,73.62
29206800,72.68
29210400,70.37
29214000,66.85
29217600,62.36
29221200,57.21
29224800,51.74
29228400,46.33
29232000,41.34
29235600,37.12
29239200,33.96
29242800,32.07
29246400,31.58
29250000,32.52
29253600,34.83
29257200,38.35
29260800,42.84
29264400,47.99
29268000,53.46
29271600,58.87
29275200,63.86
29278800,68.08
29282400,71.24
29286000,73.13
29289600,73.62
29293200,72.68
29296800,70.37
29300400,66.85
29304000,62.36
29307600,57.21
29311200,51.74
29314800,46.33
29318400,41.34
29322000,37.12
29325600,33.96
29329200,32.07
29332800,31.58
29336400,32.52
29340000,34.83
29343600,38.35
29347200,42.84
29350800,47.99
29354400,53.46
29358000,58.87
29361600,63.86
29365200,68.08
29368800,71.24
29372400,73.13
29376000,73.62
29379600,72.68
29383200,70.37
29386800,66.85
29390400,62.36
29394000,57.21
29397600,51.74
29401200,46.33
29404800,41.34
29408400,37.12
29412000,33.96
29415600,32.07
29419200,31.58
29422800,32.52
29426400,34.83
29430000,38.35
29433600,42.84
29437200,47.99
29440800,53.46
29444400,58.87
29448000,63.86
29451600,68.08
29455200,71.24
29458800,73.13
29462400,73.62
29466000,72.68
29469600,70.37
29473200,66.85
29476800,62.36
29480400,57.21
29484000,51.74
29487600,46.33
29491200,41.34
29494800,37.12
29498400,33.96
29502000,32.07
29505600,31.58
29509200,32.52
29512800,34.83
29516400,38.35
29520000,42.84
29523600,47.99
29527200,53.46
29530800,58.87
29534400,63.86
29538000,68.08
29541600,71.24
29545200,73.13
29548800,73.62
29552400,72.68
29556000,70.37
29559600,66.85
29563200,62.36
29566800,57.21
29570400,51.74
29574000,46.33
29577600,41.34
29581200,37.12
29584800,33.96
29588400,32.07
29592000,31.58
29595600,32.52
29599200,34.83
29602800,38.35
29606400,42.84
29610000,47.99
29613600,53.46
29617200,58.87
29620800,63.86
29624400,68.08
29628000,71.24
29631600,73.13
29635200,73.62
29638800,72.68
29642400,70.37
29646000,66.85
29649600,62.36
29653200,57.21
29656800,51.74
29660400,46.33
29664000,41.34
29667600,37.12
29671200,33.96
29674800,32.07
29678400,31.58
29682000,32.52
29685600,34.83
29689200,38.35
29692800,42.84
29696400,47.99
29700000,53.46
29703600,58.87
29707200,63.86
29710800,68.08
29714400,71.24
29718000,73.13
29721600,73.62
29725200,72.68
29728800,70.37
29732400,66.85
29736000,62.36
29739600,57.21
29743200,51.74
29746800,46.33
29750400,41.34
29754000,37.12
29757600,33.96
29761200,32.07
29764800,31.58
29768400,32.52
29772000,34.83
29775600,38.35
29779200,42.84
29782800,47.99
29786400,53.46
29790000,58.87
29793600,63.86
29797200,68.08
29800800,71.24
29804400,73.13
29808000,73.62
29811600,72.68
29815200,70.37
29818800,66.85
29822400,62.36
29826000,57.21
29829600,51.74
29833200,46.33
29836800,41.34
29840400,37.12
29844000,33.96
29847600,32.07
29851200,31.58
29854800,32.52
29858400,34.83
29862000,38.35
29865600,42.84
29869200,47.99
29872800,53.46
29876400,58.87
29880000,63.86
29883600,68.08
29887200,71.24
29890800,73.13
29894400,73.62
29898000,72.68
29901600,70.37
29905200,66.85
29908800,62.36
29912400,57.21
29916000,51.74
29919600,46.33
29923200,41.34
29926800,37.12
29930400,33.96
29934000,32.07
29937600,31.58
29941200,32.52
29944800,34.83
29948400,38.35
29952000,42.84
29955600,47.99
29959200,53.46
29962800,58.87
29966400,63.86
29970000,68.08
29973600,71.24
29977200,73.13
29980800,73.62
29984400,72.68
29988000,70.37
29991600,66.85
29995200,62.36
29998800,57.21
30002400,51.74
30006000,46.33
30009600,41.34
30013200,37.12
30016800,33.96
30020400,32.07
30024000,31.58
30027600,32.52
30031200,34.83
30034800,38.35
30038400,42.84
30042000,47.99
30045600,53.46
30049200,58.87
30052800,63.86
30056400,68.08
30060000,71.24
30063600,73.13
30067200,73.62
30070800,72.68
30074400,70.37
30078000,66.85
30081600,62.36
30085200,57.21
30088800,51.74
30092400,46.33
30096000,41.34
30099600,37.12
30103200,33.96
30106800,32.07
30110400,31.58
30114000,32.52
30117600,34.83
30121200,38.35
30124800,42.84
30128400,47.99
30132000,53.46
30135600,58.87
30139200,63.86
30142800,68.08
30146400,71.24
30150000,73.13
30153600,73.62
30157200,72.68
30160800,70.37
30164400,66.85
30168000,62.36
30171600,57.21
30175200,51.74
30178800,46.33
30182400,41.34
30186000,37.12
30189600,33.96
30193200,32.07
30196800,31.58
30200400,32.52
30204000,34.83
30207600,38.35
30211200,42.84
30214800,47.99
30218400,53.46
30222000,58.87
30225600,63.86
30229200,68.08
30232800,71.24
30236400,73.13
30240000,73.62
30243600,72.68
30247200,70.37
30250800,66.85
30254400,62.36
30258000,57.21
30261600,51.74
30265200,46.33
30268800,41.34
30272400,37.12
30276000,33.96
30279600,32.07
30283200,31.58
30286800,32.52
30290400,34.83
30294000,38.35
30297600,42.84
30301200,47.99
30304800,53.46
30308400,58.87
30312000,63.86
30315600,68.08
30319200,71.24
30322800,73.13
30326400,73.62
30330000,72.68
30333600,70.37
30337200,66.85
30340800,62.36
30344400,57.21
30348000,51.74
30351600,46.33
30355200,41.34
30358800,37.12
30362400,33.96
30366000,32.07
30369600,31.58
30373200,32.52
30376800,34.83
30380400,38.35
30384000,42.84
30387600,47.99
30391200,53.46
30394800,58.87
30398400,63.86
30402000,68.08
30405600,71.24
30409200,73.13
30412800,73.62
30416400,72.68
30420000,70.37
30423600,66.85
30427200,62.36
30430800,57.21
30434400,51.74
30438000,46.33
30441600,41.34
30445200,37.12
30448800,33.96
30452400,32.07
30456000,31.58
30459600,32.52
30463200,34.83
30466800,38.35
30470400,42.84
30474000,47.99
30477600,53.46
30481200,58.87
30484800,63.86
30488400,68.08
30492000,71.24
30495600,73.13
30499200,73.62
30502800,72.68
30506400,70.37
30510000,66.85
30513600,62.36
30517200,57.21
30520800,51.74
30524400,46.33
30528000,41.34
30531600,37.12
30535200,33.96
30538800,32.07
30542400,31.58
30546000,32.52
30549600,34.83
30553200,38.35
30556800,42.84
30560400,47.99
30564000,53.46
30567600,58.87
30571200,63.86
30574800,68.08
30578400,71.24
30582000,73.13
30585600,73.62
30589200,72.68
30592800,70.37
30596400,66.85
30600000,62.36
30603600,57.21
30607200,51.74
30610800,46.33
30614400,41.34
30618000,37.12
30621600,33.96
30625200,32.07
30628800,31.58
30632400,32.52
30636000,34.83
30639600,38.35
30643200,42.84
30646800,47.99
30650400,53.46
30654000,58.87
30657600,63.86
30661200,68.08
30664800,71.24
30668400,73.13
30672000,73.62
30675600,72.68
30679200,70.37
30682800,66.85
30686400,62.36
30690000,57.21
30693600,51.74
30697200,46.33
30700800,41.34
30704400,37.12
30708000,33.96
30711600,32.07
30715200,31.58
30718800,32.52
30722400,34.83
30726000,38.35
30729600,42.84
30733200,47.99
30736800,53.46
30740400,58.87
30744000,63.86
30747600,68.08
30751200,71.24
30754800,73.13
30758400,73.62
30762000,72.68
30765600,70.37
30769200,66.85
30772800,62.36
30776400,57.21
30780000,51.74
30783600,46.33
30787200,41.34
30790800,37.12
30794400,33.96
30798000,32.07
30801600,31.58
30805200,32.52
30808800,34.83
30812400,38.35
30816000,42.84
30819600,47.99
30823200,53.46
30826800,58.87
30830400,63.86
30834000,68.08
30837600,71.24
30841200,73.13
30844800,73.62
30848400,72.68
30852000,70.37
30855600,66.85
30859200,62.36
30862800,57.21
30866400,51.74
30870000,46.33
30873600,41.34
30877200,37.12
30880800,33.96
30884400,32.07
30888000,31.58
30891600,32.52
30895200,34.83
30898800,38.35
30902400,42.84
30906000,47.99
30909600,53.46
30913200,58.87
30916800,63.86
30920400,68.08
30924000,71.24
30927600,73.13
30931200,73.62
30934800,72.68
30938400,70.37
30942000,66.85
30945600,62.36
30949200,57.21
30952800,51.74
30956400,46.33
30960000,41.34
30963600,37.12
30967200,33.96
30970800,32.07
30974400,31.58
30978000,32.52
30981600,34.83
30985200,38.35
30988800,42.84
30992400,47.99
30996000,53.46
30999600,58.87
31003200,63.86
31006800,68.08
31010400,71.24
31014000,73.13
31017600,73.62
31021200,72.68
31024800,70.37
31028400,66.85
31032000,62.36
31035600,57.21
31039200,51.74
31042800,46.33
31046400,41.34
31050000,37.12
31053600,33.96
31057200,32.07
31060800,31.58
31064400,32.52
31068000,34.83
31071600,38.35
31075200,42.84
31078800,47.99
31082400,53.46
31086000,58.87
31089600,63.86
31093200,68.08
31096800,71.24
31100400,73.13
31104000,73.62
31107600,72.68
31111200,70.37
31114800,66.85
31118400,62.36
31122000,57.21
31125600,51.74
31129200,46.33
31132800,41.34
31136400,37.12
31140000,33.96
31143600,32.07
31147200,31.58
31150800,32.52
31154400,34.83
31158000,38.35
31161600,42.84
31165200,47.99
31168800,53.46
31172400,58.87
31176000,63.86
31179600,68.08
31183200,71.24
31186800,73.13
31190400,73.62
31194000,72.68
31197600,70.37
31201200,66.85
31204800,62.36
31208400,57.21
31212000,51.74
31215600,46.33
31219200,41.34
31222800,37.12
31226400,33.96
31230000,32.07
31233600,31.58
31237200,32.52
31240800,34.83
31244400,38.35
31248000,42.84
31251600,47.99
31255200,53.46
31258800,58.87
31262400,63.86
31266000,68.08
31269600,71.24
31273200,73.13
31276800,73.62
31280400,72.68
31284000,70.37
31287600,66.85
31291200,62.36
31294800,57.21
31298400,51.74
31302000,46.33
31305600,41.34
31309200,37.12
31312800,33.96
31316400,32.07
31320000,31.58
31323600,32.52
31327200,34.83
31330800,38.35
31334400,42.84
31338000,47.99
31341600,53.46
31345200,58.87
31348800,63.86
31352400,68.08
31356000,71.24
31359600,73.13
31363200,73.62
31366800,72.68
31370400,70.37
31374000,66.85
31377600,62.36
31381200,57.21
31384800,51.74
31388400,46.33
31392000,41.34
31395600,37.12
31399200,33.96
31402800,32.07
31406400,31.58
31410000,32.52
31413600,34.83
31417200,38.35
31420800,42.84
31424400,47.99
31428000,53.46
31431600,58.87
31435200,63.86
31438800,68.08
31442400,71.24
31446000,73.13
31449600,73.62
31453200,72.68
31456800,70.37
31460400,66.85
31464000,62.36
31467600,57.21
31471200,51.74
31474800,46.33
31478400,41.34
31482000,37.12
31485600,33.96
31489200,32.07
31492800,31.58
31496400,32.52
31500000,34.83
31503600,38.35
31507200,42.84
31510800,47.99
31514400,53.46
31518000,58.87
31521600,63.86
31525200,68.08
31528800,71.24
31532400,73.13
31536000,73.62
