t_seconds,gco2_per_kwh
0,447.7
3600,399.55
7200,357.91
10800,325.6
14400,304.84
18000,297.04
21600,302.73
25200,321.52
28800,352.14
32400,392.49
36000,439.83
39600,490.92
43200,542.3
46800,590.45
50400,632.09
54000,664.4
57600,685.16
61200,692.96
64800,687.27
68400,668.48
72000,637.86
75600,597.51
79200,550.17
82800,499.08
86400,447.7
90000,399.55
93600,357.91
97200,325.6
100800,304.84
104400,297.04
108000,302.73
111600,321.52
115200,352.14
118800,392.49
122400,439.83
126000,490.92
129600,542.3
133200,590.45
136800,632.09
140400,664.4
144000,685.16
147600,692.96
151200,687.27
154800,668.48
158400,637.86
162000,597.51
165600,550.17
169200,499.08
172800,447.7
176400,399.55
180000,357.91
183600,325.6
187200,304.84
190800,297.04
194400,302.73
198000,321.52
201600,352.14
205200,392.49
208800,439.83
212400,490.92
216000,542.3
219600,590.45
223200,632.09
226800,664.4
230400,685.16
234000,692.96
237600,687.27
241200,668.48
244800,637.86
248400,597.51
252000,550.17
255600,499.08
259200,447.7
262800,399.55
266400,357.91
270000,325.6
273600,304.84
277200,297.04
280800,302.73
284400,321.52
288000,352.14
291600,392.49
295200,439.83
298800,490.92
302400,542.3
306000,590.45
309600,632.09
313200,664.4
316800,685.16
320400,692.96
324000,687.27
327600,668.48
331200,637.86
334800,597.51
338400,550.17
342000,499.08
345600,447.7
349200,399.55
352800,357.91
356400,325.6
360000,304.84
363600,297.04
367200,302.73
370800,321.52
374400,352.14
378000,392.49
381600,439.83
385200,490.92
388800,542.3
392400,590.45
396000,632.09
399600,664.4
403200,685.16
406800,692.96
410400,687.27
414000,668.48
417600,637.86
421200,597.51
424800,550.17
428400,499.08
432000,447.7
435600,399.55
439200,357.91
442800,325.6
446400,304.84
450000,297.04
453600,302.73
457200,321.52
460800,352.14
464400,392.49
468000,439.83
471600,490.92
475200,542.3
478800,590.45
482400,632.09
486000,664.4
489600,685.16
493200,692.96
496800,687.27
500400,668.48
504000,637.86
507600,597.51
511200,550.17
514800,499.08
518400,447.7
522000,399.55
525600,357.91
529200,325.6
532800,304.84
536400,297.04
540000,302.73
543600,321.52
547200,352.14
550800,392.49
554400,439.83
558000,490.92
561600,542.3
565200,590.45
568800,632.09
572400,664.4
576000,685.16
579600,692.96
583200,687.27
586800,668.48
590400,637.86
594000,597.51
597600,550.17
601200,499.08
604800,447.7
608400,399.55
612000,357.91
615600,325.6
619200,304.84
622800,297.04
626400,302.73
630000,321.52
633600,352.14
637200,392.49
640800,439.83
644400,490.92
648000,542.3
651600,590.45
655200,632.09
658800,664.4
662400,685.16
666000,692.96
669600,687.27
673200,668.48
676800,637.86
680400,597.51
684000,550.17
687600,499.08
691200,447.7
694800,399.55
698400,357.91
702000,325.6
705600,304.84
709200,297.04
712800,302.73
716400,321.52
720000,352.14
723600,392.49
727200,439.83
730800,490.92
734400,542.3
738000,590.45
741600,632.09
745200,664.4
748800,685.16
752400,692.96
756000,687.27
759600,668.48
763200,637.86
766800,597.51
770400,550.17
774000,499.08
777600,447.7
781200,399.55
784800,357.91
788400,325.6
792000,304.84
795600,297.04
799200,302.73
802800,321.52
806400,352.14
810000,392.49
813600,439.83
817200,490.92
820800,542.3
824400,590.45
828000,632.09
831600,664.4
835200,685.16
838800,692.96
842400,687.27
846000,668.48
849600,637.86
853200,597.51
856800,550.17
860400,499.08
864000,447.7
867600,399.55
871200,357.91
874800,325.6
878400,304.84
882000,297.04
885600,302.73
889200,321.52
892800,352.14
896400,392.49
900000,439.83
903600,490.92
907200,542.3
910800,590.45
914400,632.09
918000,664.4
921600,685.16
925200,692.96
928800,687.27
932400,668.48
936000,637.86
939600,597.51
943200,550.17
946800,499.08
950400,447.7
954000,399.55
957600,357.91
961200,325.6
964800,304.84
968400,297.04
972000,302.73
975600,321.52
979200,352.14
982800,392.49
986400,439.83
990000,490.92
993600,542.3
997200,590.45
1000800,632.09
1004400,664.4
1008000,685.16
1011600,692.96
1015200,687.27
1018800,668.48
1022400,637.86
1026000,597.51
1029600,550.17
1033200,499.08
1036800,447.7
1040400,399.55
1044000,357.91
1047600,325.6
1051200,304.84
1054800,297.04
1058400,302.73
1062000,321.52
1065600,352.14
1069200,392.49
1072800,439.83
1076400,490.92
1080000,542.3
1083600,590.45
1087200,632.09
1090800,664.4
1094400,685.16
1098000,692.96
1101600,687.27
1105200,668.48
1108800,637.86
1112400,597.51
1116000,550.17
1119600,499.08
1123200,447.7
1126800,399.55
1130400,357.91
1134000,325.6
1137600,304.84
1141200,297.04
1144800,302.73
1148400,321.52
1152000,352.14
1155600,392.49
1159200,439.83
1162800,490.92
1166400,542.3
1170000,590.45
1173600,632.09
1177200,664.4
1180800,685.16
1184400,692.96
1188000,687.27
1191600,668.48
1195200,637.86
1198800,597.51
1202400,550.17
1206000,499.08
1209600,447.7
1213200,399.55
1216800,357.91
1220400,325.6
1224000,304.84
1227600,297.04
1231200,302.73
1234800,321.52
1238400,352.14
1242000,392.49
1245600,439.83
1249200,490.92
1252800,542.3
1256400,590.45
1260000,632.09
1263600,664.4
1267200,685.16
1270800,692.96
1274400,687.27
1278000,668.48
1281600,637.86
1285200,597.51
1288800,550.17
1292400,499.08
1296000,447.7
1299600,399.55
1303200,357.91
1306800,325.6
1310400,304.84
1314000,297.04
1317600,302.73
1321200,321.52
1324800,352.14
1328400,392.49
1332000,439.83
1335600,490.92
1339200,542.3
1342800,590.45
1346400,632.09
1350000,664.4
1353600,685.16
1357200,692.96
1360800,687.27
1364400,668.48
1368000,637.86
1371600,597.51
1375200,550.17
1378800,499.08
1382400,447.7
1386000,399.55
1389600,357.91
1393200,325.6
1396800,304.84
1400400,297.04
1404000,302.73
1407600,321.52
1411200,352.14
1414800,392.49
1418400,439.83
1422000,490.92
1425600,542.3
1429200,590.45
1432800,632.09
1436400,664.4
1440000,685.16
1443600,692.96
1447200,687.27
1450800,668.48
1454400,637.86
1458000,597.51
1461600,550.17
1465200,499.08
1468800,447.7
1472400,399.55
1476000,357.91
1479600,325.6
1483200,304.84
1486800,297.04
1490400,302.73
1494000,321.52
1497600,352.14
1501200,392.49
1504800,439.83
1508400,490.92
1512000,542.3
1515600,590.45
1519200,632.09
1522800,664.4
1526400,685.16
1530000,692.96
1533600,687.27
1537200,668.48
1540800,637.86
1544400,597.51
1548000,550.17
1551600,499.08
1555200,447.7
1558800,399.55
1562400,357.91
1566000,325.6
1569600,304.84
1573200,297.04
1576800,302.73
1580400,321.52
1584000,352.14
1587600,392.49
1591200,439.83
1594800,490.92
1598400,542.3
1602000,590.45
1605600,632.09
1609200,664.4
1612800,685.16
1616400,692.96
1620000,687.27
1623600,668.48
1627200,637.86
1630800,597.51
1634400,550.17
1638000,499.08
1641600,447.7
1645200,399.55
1648800,357.91
1652400,325.6
1656000,304.84
1659600,297.04
1663200,302.73
1666800,321.52
1670400,352.14
1674000,392.49
1677600,439.83
1681200,490.92
1684800,542.3
1688400,590.45
1692000,632.09
1695600,664.4
1699200,685.16
1702800,692.96
1706400,687.27
1710000,668.48
1713600,637.86
1717200,597.51
1720800,550.17
1724400,499.08
1728000,447.7
1731600,399.55
1735200,357.91
1738800,325.6
1742400,304.84
1746000,297.04
1749600,302.73
1753200,321.52
1756800,352.14
1760400,392.49
1764000,439.83
1767600,490.92
1771200,542.3
1774800,590.45
1778400,632.09
1782000,664.4
1785600,685.16
1789200,692.96
1792800,687.27
1796400,668.48
1800000,637.86
1803600,597.51
1807200,550.17
1810800,499.08
1814400,447.7
1818000,399.55
1821600,357.91
1825200,325.6
1828800,304.84
1832400,297.04
1836000,302.73
1839600,321.52
1843200,352.14
1846800,392.49
1850400,439.83
1854000,490.92
1857600,542.3
1861200,590.45
1864800,632.09
1868400,664.4
1872000,685.16
1875600,692.96
1879200,687.27
1882800,668.48
1886400,637.86
1890000,597.51
1893600,550.17
1897200,499.08
1900800,447.7
1904400,399.55
1908000,357.91
1911600,325.6
1915200,304.84
1918800,297.04
1922400,302.73
1926000,321.52
1929600,352.14
1933200,392.49
1936800,439.83
1940400,490.92
1944000,542.3
1947600,590.45
1951200,632.09
1954800,664.4
1958400,685.16
1962000,692.96
1965600,687.27
1969200,668.48
1972800,637.86
1976400,597.51
1980000,550.17
1983600,499.08
1987200,447.7
1990800,399.55
1994400,357.91
1998000,325.6
2001600,304.84
2005200,297.04
2008800,302.73
2012400,321.52
2016000,352.14
2019600,392.49
2023200,439.83
2026800,490.92
2030400,542.3
2034000,590.45
2037600,632.09
2041200,664.4
2044800,685.16
2048400,692.96
2052000,687.27
2055600,668.48
2059200,637.86
2062800,597.51
2066400,550.17
2070000,499.08
2073600,447.7
2077200,399.55
2080800,357.91
2084400,325.6
2088000,304.84
2091600,297.04
2095200,302.73
2098800,321.52
2102400,352.14
2106000,392.49
2109600,439.83
2113200,490.92
2116800,542.3
2120400,590.45
2124000,632.09
2127600,664.4
2131200,685.16
2134800,692.96
2138400,687.27
2142000,668.48
2145600,637.86
2149200,597.51
2152800,550.17
2156400,499.08
2160000,447.7
2163600,399.55
2167200,357.91
2170800,325.6
2174400,304.84
2178000,297.04
2181600,302.73
2185200,321.52
2188800,352.14
2192400,392.49
2196000,439.83
2199600,490.92
2203200,542.3
2206800,590.45
2210400,632.09
2214000,664.4
2217600,685.16
2221200,692.96
2224800,687.27
2228400,668.48
2232000,637.86
2235600,597.51
2239200,550.17
2242800,499.08
2246400,447.7
2250000,399.55
2253600,357.91
2257200,325.6
2260800,304.84
2264400,297.04
2268000,302.73
2271600,321.52
2275200,352.14
2278800,392.49
2282400,439.83
2286000,490.92
2289600,542.3
2293200,590.45
2296800,632.09
2300400,664.4
2304000,685.16
2307600,692.96
2311200,687.27
2314800,668.48
2318400,637.86
2322000,597.51
2325600,550.17
2329200,499.08
2332800,447.7
2336400,399.55
2340000,357.91
2343600,325.6
2347200,304.84
2350800,297.04
2354400,302.73
2358000,321.52
2361600,352.14
2365200,392.49
2368800,439.83
2372400,490.92
2376000,542.3
2379600,590.45
2383200,632.09
2386800,664.4
2390400,685.16
2394000,692.96
2397600,687.27
2401200,668.48
2404800,637.86
2408400,597.51
2412000,550.17
2415600,499.08
2419200,447.7
2422800,399.55
2426400,357.91
2430000,325.6
2433600,304.84
2437200,297.04
2440800,302.73
2444400,321.52
2448000,352.14
2451600,392.49
2455200,439.83
2458800,490.92
2462400,542.3
2466000,590.45
2469600,632.09
2473200,664.4
2476800,685.16
2480400,692.96
2484000,687.27
2487600,668.48
2491200,637.86
2494800,597.51
2498400,550.17
2502000,499.08
2505600,447.7
2509200,399.55
2512800,357.91
2516400,325.6
2520000,304.84
2523600,297.04
2527200,302.73
2530800,321.52
2534400,352.14
2538000,392.49
2541600,439.83
2545200,490.92
2548800,542.3
2552400,590.45
2556000,632.09
2559600,664.4
2563200,685.16
2566800,692.96
2570400,687.27
2574000,668.48
2577600,637.86
2581200,597.51
2584800,550.17
2588400,499.08
2592000,447.7
2595600,399.55
2599200,357.91
2602800,325.6
2606400,304.84
2610000,297.04
2613600,302.73
2617200,321.52
2620800,352.14
2624400,392.49
2628000,439.83
2631600,490.92
2635200,542.3
2638800,590.45
2642400,632.09
2646000,664.4
2649600,685.16
2653200,692.96
2656800,687.27
2660400,668.48
2664000,637.86
2667600,597.51
2671200,550.17
2674800,499.08
2678400,447.7
2682000,399.55
2685600,357.91
2689200,325.6
2692800,304.84
2696400,297.04
2700000,302.73
2703600,321.52
2707200,352.14
2710800,392.49
2714400,439.83
2718000,490.92
2721600,542.3
2725200,590.45
2728800,632.09
2732400,664.4
2736000,685.16
2739600,692.96
2743200,687.27
2746800,668.48
2750400,637.86
2754000,597.51
2757600,550.17
2761200,499.08
2764800,447.7
2768400,399.55
2772000,357.91
2775600,325.6
2779200,304.84
2782800,297.04
2786400,302.73
2790000,321.52
2793600,352.14
2797200,392.49
2800800,439.83
2804400,490.92
2808000,542.3
2811600,590.45
2815200,632.09
2818800,664.4
2822400,685.16
2826000,692.96
2829600,687.27
2833200,668.48
2836800,637.86
2840400,597.51
2844000,550.17
2847600,499.08
2851200,447.7
2854800,399.55
2858400,357.91
2862000,325.6
2865600,304.84
2869200,297.04
2872800,302.73
2876400,321.52
2880000,352.14
2883600,392.49
2887200,439.83
2890800,490.92
2894400,542.3
2898000,590.45
2901600,632.09
2905200,664.4
2908800,685.16
2912400,692.96
2916000,687.27
2919600,668.48
2923200,637.86
2926800,597.51
2930400,550.17
2934000,499.08
2937600,447.7
2941200,399.55
2944800,357.91
2948400,325.6
2952000,304.84
2955600,297.04
2959200,302.73
2962800,321.52
2966400,352.14
2970000,392.49
2973600,439.83
2977200,490.92
2980800,542.3
2984400,590.45
2988000,632.09
2991600,664.4
2995200,685.16
2998800,692.96
3002400,687.27
3006000,668.48
3009600,637.86
3013200,597.51
3016800,550.17
3020400,499.08
3024000,447.7
3027600,399.55
3031200,357.91
3034800,325.6
3038400,304.84
3042000,297.04
3045600,302.73
3049200,321.52
3052800,352.14
3056400,392.49
3060000,439.83
3063600,490.92
3067200,542.3
3070800,590.45
3074400,632.09
3078000,664.4
3081600,685.16
3085200,692.96
3088800,687.27
3092400,668.48
3096000,637.86
3099600,597.51
3103200,550.17
3106800,499.08
3110400,447.7
3114000,399.55
3117600,357.91
3121200,325.6
3124800,304.84
3128400,297.04
3132000,302.73
3135600,321.52
3139200,352.14
3142800,392.49
3146400,439.83
3150000,490.92
3153600,542.3
3157200,590.45
3160800,632.09
3164400,664.4
3168000,685.16
3171600,692.96
3175200,687.27
3178800,668.48
3182400,637.86
3186000,597.51
3189600,550.17
3193200,499.08
3196800,447.7
3200400,399.55
3204000,357.91
3207600,325.6
3211200,304.84
3214800,297.04
3218400,302.73
3222000,321.52
3225600,352.14
3229200,392.49
3232800,439.83
3236400,490.92
3240000,542.3
3243600,590.45
3247200,632.09
3250800,664.4
3254400,685.16
3258000,692.96
3261600,687.27
3265200,668.48
3268800,637.86
3272400,597.51
3276000,550.17
3279600,499.08
3283200,447.7
3286800,399.55
3290400,357.91
3294000,325.6
3297600,304.84
3301200,297.04
3304800,302.73
3308400,321.52
3312000,352.14
3315600,392.49
3319200,439.83
3322800,490.92
3326400,542.3
3330000,590.45
3333600,632.09
3337200,664.4
3340800,685.16
3344400,692.96
3348000,687.27
3351600,668.48
3355200,637.86
3358800,597.51
3362400,550.17
3366000,499.08
3369600,447.7
3373200,399.55
3376800,357.91
3380400,325.6
3384000,304.84
3387600,297.04
3391200,302.73
3394800,321.52
3398400,352.14
3402000,392.49
3405600,439.83
3409200,490.92
3412800,542.3
3416400,590.45
3420000,632.09
3423600,664.4
3427200,685.16
3430800,692.96
3434400,687.27
3438000,668.48
3441600,637.86
3445200,597.51
3448800,550.17
3452400,499.08
3456000,447.7
3459600,399.55
3463200,357.91
3466800,325.6
3470400,304.84
3474000,297.04
3477600,302.73
3481200,321.52
3484800,352.14
3488400,392.49
3492000,439.83
3495600,490.92
3499200,542.3
3502800,590.45
3506400,632.09
3510000,664.4
3513600,685.16
3517200,692.96
3520800,687.27
3524400,668.48
3528000,637.86
3531600,597.51
3535200,550.17
3538800,499.08
3542400,447.7
3546000,399.55
3549600,357.91
3553200,325.6
3556800,304.84
3560400,297.04
3564000,302.73
3567600,321.52
3571200,352.14
3574800,392.49
3578400,439.83
3582000,490.92
3585600,542.3
3589200,590.45
3592800,632.09
3596400,664.4
3600000,685.16
3603600,692.96
3607200,687.27
3610800,668.48
3614400,637.86
3618000,597.51
3621600,550.17
3625200,499.08
3628800,447.7
3632400,399.55
3636000,357.91
3639600,325.6
3643200,304.84
3646800,297.04
3650400,302.73
3654000,321.52
3657600,352.14
3661200,392.49
3664800,439.83
3668400,490.92
3672000,542.3
3675600,590.45
3679200,632.09
3682800,664.4
3686400,685.16
3690000,692.96
3693600,687.27
3697200,668.48
3700800,637.86
3704400,597.51
3708000,550.17
3711600,499.08
3715200,447.7
3718800,399.55
3722400,357.91
3726000,325.6
3729600,304.84
3733200,297.04
3736800,302.73
3740400,321.52
3744000,352.14
3747600,392.49
3751200,439.83
3754800,490.92
3758400,542.3
3762000,590.45
3765600,632.09
3769200,664.4
3772800,685.16
3776400,692.96
3780000,687.27
3783600,668.48
3787200,637.86
3790800,597.51
3794400,550.17
3798000,499.08
3801600,447.7
3805200,399.55
3808800,357.91
3812400,325.6
3816000,304.84
3819600,297.04
3823200,302.73
3826800,321.52
3830400,352.14
3834000,392.49
3837600,439.83
3841200,490.92
3844800,542.3
3848400,590.45
3852000,632.09
3855600,664.4
3859200,685.16
3862800,692.96
3866400,687.27
3870000,668.48
3873600,637.86
3877200,597.51
3880800,550.17
3884400,499.08
3888000,447.7
3891600,399.55
3895200,357.91
3898800,325.6
3902400,304.84
3906000,297.04
3909600,302.73
3913200,321.52
3916800,352.14
3920400,392.49
3924000,439.83
3927600,490.92
3931200,542.3
3934800,590.45
3938400,632.09
3942000,664.4
3945600,685.16
3949200,692.96
3952800,687.27
3956400,668.48
3960000,637.86
3963600,597.51
3967200,550.17
3970800,499.08
3974400,447.7
3978000,399.55
3981600,357.91
3985200,325.6
3988800,304.84
3992400,297.04
3996000,302.73
3999600,321.52
4003200,352.14
4006800,392.49
4010400,439.83
4014000,490.92
4017600,542.3
4021200,590.45
4024800,632.09
4028400,664.4
4032000,685.16
4035600,692.96
4039200,687.27
4042800,668.48
4046400,637.86
4050000,597.51
4053600,550.17
4057200,499.08
4060800,447.7
4064400,399.55
4068000,357.91
4071600,325.6
4075200,304.84
4078800,297.04
4082400,302.73
4086000,321.52
4089600,352.14
4093200,392.49
4096800,439.83
4100400,490.92
4104000,542.3
4107600,590.45
4111200,632.09
4114800,664.4
4118400,685.16
4122000,692.96
4125600,687.27
4129200,668.48
4132800,637.86
4136400,597.51
4140000,550.17
4143600,499.08
4147200,447.7
4150800,399.55
4154400,357.91
4158000,325.6
4161600,304.84
4165200,297.04
4168800,302.73
4172400,321.52
4176000,352.14
4179600,392.49
4183200,439.83
4186800,490.92
4190400,542.3
4194000,590.45
4197600,632.09
4201200,664.4
4204800,685.16
4208400,692.96
4212000,687.27
4215600,668.48
4219200,637.86
4222800,597.51
4226400,550.17
4230000,499.08
4233600,447.7
4237200,399.55
4240800,357.91
4244400,325.6
4248000,304.84
4251600,297.04
4255200,302.73
4258800,321.52
4262400,352.14
4266000,392.49
4269600,439.83
4273200,490.92
4276800,542.3
4280400,590.45
4284000,632.09
4287600,664.4
4291200,685.16
4294800,692.96
4298400,687.27
4302000,668.48
4305600,637.86
4309200,597.51
4312800,550.17
4316400,499.08
4320000,447.7
4323600,399.55
4327200,357.91
4330800,325.6
4334400,304.84
4338000,297.04
4341600,302.73
4345200,321.52
4348800,352.14
4352400,392.49
4356000,439.83
4359600,490.92
4363200,542.3
4366800,590.45
4370400,632.09
4374000,664.4
4377600,685.16
4381200,692.96
4384800,687.27
4388400,668.48
4392000,637.86
4395600,597.51
4399200,550.17
4402800,499.08
4406400,447.7
4410000,399.55
4413600,357.91
4417200,325.6
4420800,304.84
4424400,297.04
4428000,302.73
4431600,321.52
4435200,352.14
4438800,392.49
4442400,439.83
4446000,490.92
4449600,542.3
4453200,590.45
4456800,632.09
4460400,664.4
4464000,685.16
4467600,692.96
4471200,687.27
4474800,668.48
4478400,637.86
4482000,597.51
4485600,550.17
4489200,499.08
4492800,447.7
4496400,399.55
4500000,357.91
4503600,325.6
4507200,304.84
4510800,297.04
4514400,302.73
4518000,321.52
4521600,352.14
4525200,392.49
4528800,439.83
4532400,490.92
4536000,542.3
4539600,590.45
4543200,632.09
4546800,664.4
4550400,685.16
4554000,692.96
4557600,687.27
4561200,668.48
4564800,637.86
4568400,597.51
4572000,550.17
4575600,499.08
4579200,447.7
4582800,399.55
4586400,357.91
4590000,325.6
4593600,304.84
4597200,297.04
4600800,302.73
4604400,321.52
4608000,352.14
4611600,392.49
4615200,439.83
4618800,490.92
4622400,542.3
4626000,590.45
4629600,632.09
4633200,664.4
4636800,685.16
4640400,692.96
4644000,687.27
4647600,668.48
4651200,637.86
4654800,597.51
4658400,550.17
4662000,499.08
4665600,447.7
4669200,399.55
4672800,357.91
4676400,325.6
4680000,304.84
4683600,297.04
4687200,302.73
4690800,321.52
4694400,352.14
4698000,392.49
4701600,439.83
4705200,490.92
4708800,542.3
4712400,590.45
4716000,632.09
4719600,664.4
4723200,685.16
4726800,692.96
4730400,687.27
4734000,668.48
4737600,637.86
4741200,597.51
4744800,550.17
4748400,499.08
4752000,447.7
4755600,399.55
4759200,357.91
4762800,325.6
4766400,304.84
4770000,297.04
4773600,302.73
4777200,321.52
4780800,352.14
4784400,392.49
4788000,439.83
4791600,490.92
4795200,542.3
4798800,590.45
4802400,632.09
4806000,664.4
4809600,685.16
4813200,692.96
4816800,687.27
4820400,668.48
4824000,637.86
4827600,597.51
4831200,550.17
4834800,499.08
4838400,447.7
4842000,399.55
4845600,357.91
4849200,325.6
4852800,304.84
4856400,297.04
4860000,302.73
4863600,321.52
4867200,352.14
4870800,392.49
4874400,439.83
4878000,490.92
4881600,542.3
4885200,590.45
4888800,632.09
4892400,664.4
4896000,685.16
4899600,692.96
4903200,687.27
4906800,668.48
4910400,637.86
4914000,597.51
4917600,550.17
4921200,499.08
4924800,447.7
4928400,399.55
4932000,357.91
4935600,325.6
4939200,304.84
4942800,297.04
4946400,302.73
4950000,321.52
4953600,352.14
4957200,392.49
4960800,439.83
4964400,490.92
4968000,542.3
4971600,590.45
4975200,632.09
4978800,664.4
4982400,685.16
4986000,692.96
4989600,687.27
4993200,668.48
4996800,637.86
5000400,597.51
5004000,550.17
5007600,499.08
5011200,447.7
5014800,399.55
5018400,357.91
5022000,325.6
5025600,304.84
5029200,297.04
5032800,302.73
5036400,321.52
5040000,352.14
5043600,392.49
5047200,439.83
5050800,490.92
5054400,542.3
5058000,590.45
5061600,632.09
5065200,664.4
5068800,685.16
5072400,692.96
5076000,687.27
5079600,668.48
5083200,637.86
5086800,597.51
5090400,550.17
5094000,499.08
5097600,447.7
5101200,399.55
5104800,357.91
5108400,325.6
5112000,304.84
5115600,297.04
5119200,302.73
5122800,321.52
5126400,352.14
5130000,392.49
5133600,439.83
5137200,490.92
5140800,542.3
5144400,590.45
5148000,632.09
5151600,664.4
5155200,685.16
5158800,692.96
5162400,687.27
5166000,668.48
5169600,637.86
5173200,597.51
5176800,550.17
5180400,499.08
5184000,447.7
5187600,399.55
5191200,357.91
5194800,325.6
5198400,304.84
5202000,297.04
5205600,302.73
5209200,321.52
5212800,352.14
5216400,392.49
5220000,439.83
5223600,490.92
5227200,542.3
5230800,590.45
5234400,632.09
5238000,664.4
5241600,685.16
5245200,692.96
5248800,687.27
5252400,668.48
5256000,637.86
5259600,597.51
5263200,550.17
5266800,499.08
5270400,447.7
5274000,399.55
5277600,357.91
5281200,325.6
5284800,304.84
5288400,297.04
5292000,302.73
5295600,321.52
5299200,352.14
5302800,392.49
5306400,439.83
5310000,490.92
5313600,542.3
5317200,590.45
5320800,632.09
5324400,664.4
5328000,685.16
5331600,692.96
5335200,687.27
5338800,668.48
5342400,637.86
5346000,597.51
5349600,550.17
5353200,499.08
5356800,447.7
5360400,399.55
5364000,357.91
5367600,325.6
5371200,304.84
5374800,297.04
5378400,302.73
5382000,321.52
5385600,352.14
5389200,392.49
5392800,439.83
5396400,490.92
5400000,542.3
5403600,590.45
5407200,632.09
5410800,664.4
5414400,685.16
5418000,692.96
5421600,687.27
5425200,668.48
5428800,637.86
5432400,597.51
5436000,550.17
5439600,499.08
5443200,447.7
5446800,399.55
5450400,357.91
5454000,325.6
5457600,304.84
5461200,297.04
5464800,302.73
5468400,321.52
5472000,352.14
5475600,392.49
5479200,439.83
5482800,490.92
5486400,542.3
5490000,590.45
5493600,632.09
5497200,664.4
5500800,685.16
5504400,692.96
5508000,687.27
5511600,668.48
5515200,637.86
5518800,597.51
5522400,550.17
5526000,499.08
5529600,447.7
5533200,399.55
5536800,357.91
5540400,325.6
5544000,304.84
5547600,297.04
5551200,302.73
5554800,321.52
5558400,352.14
5562000,392.49
5565600,439.83
5569200,490.92
5572800,542.3
5576400,590.45
5580000,632.09
5583600,664.4
5587200,685.16
5590800,692.96
5594400,687.27
5598000,668.48
5601600,637.86
5605200,597.51
5608800,550.17
5612400,499.08
5616000,447.7
5619600,399.55
5623200,357.91
5626800,325.6
5630400,304.84
5634000,297.04
5637600,302.73
5641200,321.52
5644800,352.14
5648400,392.49
5652000,439.83
5655600,490.92
5659200,542.3
5662800,590.45
5666400,632.09
5670000,664.4
5673600,685.16
5677200,692.96
5680800,687.27
5684400,668.48
5688000,637.86
5691600,597.51
5695200,550.17
5698800,499.08
5702400,447.7
5706000,399.55
5709600,357.91
5713200,325.6
5716800,304.84
5720400,297.04
5724000,302.73
5727600,321.52
5731200,352.14
5734800,392.49
5738400,439.83
5742000,490.92
5745600,542.3
5749200,590.45
5752800,632.09
5756400,664.4
5760000,685.16
5763600,692.96
5767200,687.27
5770800,668.48
5774400,637.86
5778000,597.51
5781600,550.17
5785200,499.08
5788800,447.7
5792400,399.55
5796000,357.91
5799600,325.6
5803200,304.84
5806800,297.04
5810400,302.73
5814000,321.52
5817600,352.14
5821200,392.49
5824800,439.83
5828400,490.92
5832000,542.3
5835600,590.45
5839200,632.09
5842800,664.4
5846400,685.16
5850000,692.96
5853600,687.27
5857200,668.48
5860800,637.86
5864400,597.51
5868000,550.17
5871600,499.08
5875200,447.7
5878800,399.55
5882400,357.91
5886000,325.6
5889600,304.84
5893200,297.04
5896800,302.73
5900400,321.52
5904000,352.14
5907600,392.49
5911200,439.83
5914800,490.92
5918400,542.3
5922000,590.45
5925600,632.09
5929200,664.4
5932800,685.16
5936400,692.96
5940000,687.27
5943600,668.48
5947200,637.86
5950800,597.51
5954400,550.17
5958000,499.08
5961600,447.7
5965200,399.55
5968800,357.91
5972400,325.6
5976000,304.84
5979600,297.04
5983200,302.73
5986800,321.52
5990400,352.14
5994000,392.49
5997600,439.83
6001200,490.92
6004800,542.3
6008400,590.45
6012000,632.09
6015600,664.4
6019200,685.16
6022800,692.96
6026400,687.27
6030000,668.48
6033600,637.86
6037200,597.51
6040800,550.17
6044400,499.08
6048000,447.7
6051600,399.55
6055200,357.91
6058800,325.6
6062400,304.84
6066000,297.04
6069600,302.73
6073200,321.52
6076800,352.14
6080400,392.49
6084000,439.83
6087600,490.92
6091200,542.3
6094800,590.45
6098400,632.09
6102000,664.4
6105600,685.16
6109200,692.96
6112800,687.27
6116400,668.48
6120000,637.86
6123600,597.51
6127200,550.17
6130800,499.08
6134400,447.7
6138000,399.55
6141600,357.91
6145200,325.6
6148800,304.84
6152400,297.04
6156000,302.73
6159600,321.52
6163200,352.14
6166800,392.49
6170400,439.83
6174000,490.92
6177600,542.3
6181200,590.45
6184800,632.09
6188400,664.4
6192000,685.16
6195600,692.96
6199200,687.27
6202800,668.48
6206400,637.86
6210000,597.51
6213600,550.17
6217200,499.08
6220800,447.7
6224400,399.55
6228000,357.91
6231600,325.6
6235200,304.84
6238800,297.04
6242400,302.73
6246000,321.52
6249600,352.14
6253200,392.49
6256800,439.83
6260400,490.92
6264000,542.3
6267600,590.45
6271200,632.09
6274800,664.4
6278400,685.16
6282000,692.96
6285600,687.27
6289200,668.48
6292800,637.86
6296400,597.51
6300000,550.17
6303600,499.08
6307200,447.7
6310800,399.55
6314400,357.91
6318000,325.6
6321600,304.84
6325200,297.04
6328800,302.73
6332400,321.52
6336000,352.14
6339600,392.49
6343200,439.83
6346800,490.92
6350400,542.3
6354000,590.45
6357600,632.09
6361200,664.4
6364800,685.16
6368400,692.96
6372000,687.27
6375600,668.48
6379200,637.86
6382800,597.51
6386400,550.17
6390000,499.08
6393600,447.7
6397200,399.55
6400800,357.91
6404400,325.6
6408000,304.84
6411600,297.04
6415200,302.73
6418800,321.52
6422400,352.14
6426000,392.49
6429600,439.83
6433200,490.92
6436800,542.3
6440400,590.45
6444000,632.09
6447600,664.4
6451200,685.16
6454800,692.96
6458400,687.27
6462000,668.48
6465600,637.86
6469200,597.51
6472800,550.17
6476400,499.08
6480000,447.7
6483600,399.55
6487200,357.91
6490800,325.6
6494400,304.84
6498000,297.04
6501600,302.73
6505200,321.52
6508800,352.14
6512400,392.49
6516000,439.83
6519600,490.92
6523200,542.3
6526800,590.45
6530400,632.09
6534000,664.4
6537600,685.16
6541200,692.96
6544800,687.27
6548400,668.48
6552000,637.86
6555600,597.51
6559200,550.17
6562800,499.08
6566400,447.7
6570000,399.55
6573600,357.91
6577200,325.6
6580800,304.84
6584400,297.04
6588000,302.73
6591600,321.52
6595200,352.14
6598800,392.49
6602400,439.83
6606000,490.92
6609600,542.3
6613200,590.45
6616800,632.09
6620400,664.4
6624000,685.16
6627600,692.96
6631200,687.27
6634800,668.48
6638400,637.86
6642000,597.51
6645600,550.17
6649200,499.08
6652800,447.7
6656400,399.55
6660000,357.91
6663600,325.6
6667200,304.84
6670800,297.04
6674400,302.73
6678000,321.52
6681600,352.14
6685200,392.49
6688800,439.83
6692400,490.92
6696000,542.3
6699600,590.45
6703200,632.09
6706800,664.4
6710400,685.16
6714000,692.96
6717600,687.27
6721200,668.48
6724800,637.86
6728400,597.51
6732000,550.17
6735600,499.08
6739200,447.7
6742800,399.55
6746400,357.91
6750000,325.6
6753600,304.84
6757200,297.04
6760800,302.73
6764400,321.52
6768000,352.14
6771600,392.49
6775200,439.83
6778800,490.92
6782400,542.3
6786000,590.45
6789600,632.09
6793200,664.4
6796800,685.16
6800400,692.96
6804000,687.27
6807600,668.48
6811200,637.86
6814800,597.51
6818400,550.17
6822000,499.08
6825600,447.7
6829200,399.55
6832800,357.91
6836400,325.6
6840000,304.84
6843600,297.04
6847200,302.73
6850800,321.52
6854400,352.14
6858000,392.49
6861600,439.83
6865200,490.92
6868800,542.3
6872400,590.45
6876000,632.09
6879600,664.4
6883200,685.16
6886800,692.96
6890400,687.27
6894000,668.48
6897600,637.86
6901200,597.51
6904800,550.17
6908400,499.08
6912000,447.7
6915600,399.55
6919200,357.91
6922800,325.6
6926400,304.84
6930000,297.04
6933600,302.73
6937200,321.52
6940800,352.14
6944400,392.49
6948000,439.83
6951600,490.92
6955200,542.3
6958800,590.45
6962400,632.09
6966000,664.4
6969600,685.16
6973200,692.96
6976800,687.27
6980400,668.48
6984000,637.86
6987600,597.51
6991200,550.17
6994800,499.08
6998400,447.7
7002000,399.55
7005600,357.91
7009200,325.6
7012800,304.84
7016400,297.04
7020000,302.73
7023600,321.52
7027200,352.14
7030800,392.49
7034400,439.83
7038000,490.92
7041600,542.3
7045200,590.45
7048800,632.09
7052400,664.4
7056000,685.16
7059600,692.96
7063200,687.27
7066800,668.48
7070400,637.86
7074000,597.51
7077600,550.17
7081200,499.08
7084800,447.7
7088400,399.55
7092000,357.91
7095600,325.6
7099200,304.84
7102800,297.04
7106400,302.73
7110000,321.52
7113600,352.14
7117200,392.49
7120800,439.83
7124400,490.92
7128000,542.3
7131600,590.45
7135200,632.09
7138800,664.4
7142400,685.16
7146000,692.96
7149600,687.27
7153200,668.48
7156800,637.86
7160400,597.51
7164000,550.17
7167600,499.08
7171200,447.7
7174800,399.55
7178400,357.91
7182000,325.6
7185600,304.84
7189200,297.04
7192800,302.73
7196400,321.52
7200000,352.14
7203600,392.49
7207200,439.83
7210800,490.92
7214400,542.3
7218000,590.45
7221600,632.09
7225200,664.4
7228800,685.16
7232400,692.96
7236000,687.27
7239600,668.48
7243200,637.86
7246800,597.51
7250400,550.17
7254000,499.08
7257600,447.7
7261200,399.55
7264800,357.91
7268400,325.6
7272000,304.84
7275600,297.04
7279200,302.73
7282800,321.52
7286400,352.14
7290000,392.49
7293600,439.83
7297200,490.92
7300800,542.3
7304400,590.45
7308000,632.09
7311600,664.4
7315200,685.16
7318800,692.96
7322400,687.27
7326000,668.48
7329600,637.86
7333200,597.51
7336800,550.17
7340400,499.08
7344000,447.7
7347600,399.55
7351200,357.91
7354800,325.6
7358400,304.84
7362000,297.04
7365600,302.73
7369200,321.52
7372800,352.14
7376400,392.49
7380000,439.83
7383600,490.92
7387200,542.3
7390800,590.45
7394400,632.09
7398000,664.4
7401600,685.16
7405200,692.96
7408800,687.27
7412400,668.48
7416000,637.86
7419600,597.51
7423200,550.17
7426800,499.08
7430400,447.7
7434000,399.55
7437600,357.91
7441200,325.6
7444800,304.84
7448400,297.04
7452000,302.73
7455600,321.52
7459200,352.14
7462800,392.49
7466400,439.83
7470000,490.92
7473600,542.3
7477200,590.45
7480800,632.09
7484400,664.4
7488000,685.16
7491600,692.96
7495200,687.27
7498800,668.48
7502400,637.86
7506000,597.51
7509600,550.17
7513200,499.08
7516800,447.7
7520400,399.55
7524000,357.91
7527600,325.6
7531200,304.84
7534800,297.04
7538400,302.73
7542000,321.52
7545600,352.14
7549200,392.49
7552800,439.83
7556400,490.92
7560000,542.3
7563600,590.45
7567200,632.09
7570800,664.4
7574400,685.16
7578000,692.96
7581600,687.27
7585200,668.48
7588800,637.86
7592400,597.51
7596000,550.17
7599600,499.08
7603200,447.7
7606800,399.55
7610400,357.91
7614000,325.6
7617600,304.84
7621200,297.04
7624800,302.73
7628400,321.52
7632000,352.14
7635600,392.49
7639200,439.83
7642800,490.92
7646400,542.3
7650000,590.45
7653600,632.09
7657200,664.4
7660800,685.16
7664400,692.96
7668000,687.27
7671600,668.48
7675200,637.86
7678800,597.51
7682400,550.17
7686000,499.08
7689600,447.7
7693200,399.55
7696800,357.91
7700400,325.6
7704000,304.84
7707600,297.04
7711200,302.73
7714800,321.52
7718400,352.14
7722000,392.49
7725600,439.83
7729200,490.92
7732800,542.3
7736400,590.45
7740000,632.09
7743600,664.4
7747200,685.16
7750800,692.96
7754400,687.27
7758000,668.48
7761600,637.86
7765200,597.51
7768800,550.17
7772400,499.08
7776000,447.7
7779600,399.55
7783200,357.91
7786800,325.6
7790400,304.84
7794000,297.04
7797600,302.73
7801200,321.52
7804800,352.14
7808400,392.49
7812000,439.83
7815600,490.92
7819200,542.3
7822800,590.45
7826400,632.09
7830000,664.4
7833600,685.16
7837200,692.96
7840800,687.27
7844400,668.48
7848000,637.86
7851600,597.51
7855200,550.17
7858800,499.08
7862400,447.7
7866000,399.55
7869600,357.91
7873200,325.6
7876800,304.84
7880400,297.04
7884000,302.73
7887600,321.52
7891200,352.14
7894800,392.49
7898400,439.83
7902000,490.92
7905600,542.3
7909200,590.45
7912800,632.09
7916400,664.4
7920000,685.16
7923600,692.96
7927200,687.27
7930800,668.48
7934400,637.86
7938000,597.51
7941600,550.17
7945200,499.08
7948800,447.7
7952400,399.55
7956000,357.91
7959600,325.6
7963200,304.84
7966800,297.04
7970400,302.73
7974000,321.52
7977600,352.14
7981200,392.49
7984800,439.83
7988400,490.92
7992000,542.3
7995600,590.45
7999200,632.09
8002800,664.4
8006400,685.16
8010000,692.96
8013600,687.27
8017200,668.48
8020800,637.86
8024400,597.51
8028000,550.17
8031600,499.08
8035200,447.7
8038800,399.55
8042400,357.91
8046000,325.6
8049600,304.84
8053200,297.04
8056800,302.73
8060400,321.52
8064000,352.14
8067600,392.49
8071200,439.83
8074800,490.92
8078400,542.3
8082000,590.45
8085600,632.09
8089200,664.4
8092800,685.16
8096400,692.96
8100000,687.27
8103600,668.48
8107200,637.86
8110800,597.51
8114400,550.17
8118000,499.08
8121600,447.7
8125200,399.55
8128800,357.91
8132400,325.6
8136000,304.84
8139600,297.04
8143200,302.73
8146800,321.52
8150400,352.14
8154000,392.49
8157600,439.83
8161200,490.92
8164800,542.3
8168400,590.45
8172000,632.09
8175600,664.4
8179200,685.16
8182800,692.96
8186400,687.27
8190000,668.48
8193600,637.86
8197200,597.51
8200800,550.17
8204400,499.08
8208000,447.7
8211600,399.55
8215200,357.91
8218800,325.6
8222400,304.84
8226000,297.04
8229600,302.73
8233200,321.52
8236800,352.14
8240400,392.49
8244000,439.83
8247600,490.92
8251200,542.3
8254800,590.45
8258400,632.09
8262000,664.4
8265600,685.16
8269200,692.96
8272800,687.27
8276400,668.48
8280000,637.86
8283600,597.51
8287200,550.17
8290800,499.08
8294400,447.7
8298000,399.55
8301600,357.91
8305200,325.6
8308800,304.84
8312400,297.04
8316000,302.73
8319600,321.52
8323200,352.14
8326800,392.49
8330400,439.83
8334000,490.92
8337600,542.3
8341200,590.45
8344800,632.09
8348400,664.4
8352000,685.16
8355600,692.96
8359200,687.27
8362800,668.48
8366400,637.86
8370000,597.51
8373600,550.17
8377200,499.08
8380800,447.7
8384400,399.55
8388000,357.91
8391600,325.6
8395200,304.84
8398800,297.04
8402400,302.73
8406000,321.52
8409600,352.14
8413200,392.49
8416800,439.83
8420400,490.92
8424000,542.3
8427600,590.45
8431200,632.09
8434800,664.4
8438400,685.16
8442000,692.96
8445600,687.27
8449200,668.48
8452800,637.86
8456400,597.51
8460000,550.17
8463600,499.08
8467200,447.7
8470800,399.55
8474400,357.91
8478000,325.6
8481600,304.84
8485200,297.04
8488800,302.73
8492400,321.52
8496000,352.14
8499600,392.49
8503200,439.83
8506800,490.92
8510400,542.3
8514000,590.45
8517600,632.09
8521200,664.4
8524800,685.16
8528400,692.96
8532000,687.27
8535600,668.48
8539200,637.86
8542800,597.51
8546400,550.17
8550000,499.08
8553600,447.7
8557200,399.55
8560800,357.91
8564400,325.6
8568000,304.84
8571600,297.04
8575200,302.73
8578800,321.52
8582400,352.14
8586000,392.49
8589600,439.83
8593200,490.92
8596800,542.3
8600400,590.45
8604000,632.09
8607600,664.4
8611200,685.16
8614800,692.96
8618400,687.27
8622000,668.48
8625600,637.86
8629200,597.51
8632800,550.17
8636400,499.08
8640000,447.7
8643600,399.55
8647200,357.91
8650800,325.6
8654400,304.84
8658000,297.04
8661600,302.73
8665200,321.52
8668800,352.14
8672400,392.49
8676000,439.83
8679600,490.92
8683200,542.3
8686800,590.45
8690400,632.09
8694000,664.4
8697600,685.16
8701200,692.96
8704800,687.27
8708400,668.48
8712000,637.86
8715600,597.51
8719200,550.17
8722800,499.08
8726400,447.7
8730000,399.55
8733600,357.91
8737200,325.6
8740800,304.84
8744400,297.04
8748000,302.73
8751600,321.52
8755200,352.14
8758800,392.49
8762400,439.83
8766000,490.92
8769600,542.3
8773200,590.45
8776800,632.09
8780400,664.4
8784000,685.16
8787600,692.96
8791200,687.27
8794800,668.48
8798400,637.86
8802000,597.51
8805600,550.17
8809200,499.08
8812800,447.7
8816400,399.55
8820000,357.91
8823600,325.6
8827200,304.84
8830800,297.04
8834400,302.73
8838000,321.52
8841600,352.14
8845200,392.49
8848800,439.83
8852400,490.92
8856000,542.3
8859600,590.45
8863200,632.09
8866800,664.4
8870400,685.16
8874000,692.96
8877600,687.27
8881200,668.48
8884800,637.86
8888400,597.51
8892000,550.17
8895600,499.08
8899200,447.7
8902800,399.55
8906400,357.91
8910000,325.6
8913600,304.84
8917200,297.04
8920800,302.73
8924400,321.52
8928000,352.14
8931600,392.49
8935200,439.83
8938800,490.92
8942400,542.3
8946000,590.45
8949600,632.09
8953200,664.4
8956800,685.16
8960400,692.96
8964000,687.27
8967600,668.48
8971200,637.86
8974800,597.51
8978400,550.17
8982000,499.08
8985600,447.7
8989200,399.55
8992800,357.91
8996400,325.6
9000000,304.84
9003600,297.04
9007200,302.73
9010800,321.52
9014400,352.14
9018000,392.49
9021600,439.83
9025200,490.92
9028800,542.3
9032400,590.45
9036000,632.09
9039600,664.4
9043200,685.16
9046800,692.96
9050400,687.27
9054000,668.48
9057600,637.86
9061200,597.51
9064800,550.17
9068400,499.08
9072000,447.7
9075600,399.55
9079200,357.91
9082800,325.6
9086400,304.84
9090000,297.04
9093600,302.73
9097200,321.52
9100800,352.14
9104400,392.49
9108000,439.83
9111600,490.92
9115200,542.3
9118800,590.45
9122400,632.09
9126000,664.4
9129600,685.16
9133200,692.96
9136800,687.27
9140400,668.48
9144000,637.86
9147600,597.51
9151200,550.17
9154800,499.08
9158400,447.7
9162000,399.55
9165600,357.91
9169200,325.6
9172800,304.84
9176400,297.04
9180000,302.73
9183600,321.52
9187200,352.14
9190800,392.49
9194400,439.83
9198000,490.92
9201600,542.3
9205200,590.45
9208800,632.09
9212400,664.4
9216000,685.16
9219600,692.96
9223200,687.27
9226800,668.48
9230400,637.86
9234000,597.51
9237600,550.17
9241200,499.08
9244800,447.7
9248400,399.55
9252000,357.91
9255600,325.6
9259200,304.84
9262800,297.04
9266400,302.73
9270000,321.52
9273600,352.14
9277200,392.49
9280800,439.83
9284400,490.92
9288000,542.3
9291600,590.45
9295200,632.09
9298800,664.4
9302400,685.16
9306000,692.96
9309600,687.27
9313200,668.48
9316800,637.86
9320400,597.51
9324000,550.17
9327600,499.08
9331200,447.7
9334800,399.55
9338400,357.91
9342000,325.6
9345600,304.84
9349200,297.04
9352800,302.73
9356400,321.52
9360000,352.14
9363600,392.49
9367200,439.83
9370800,490.92
9374400,542.3
9378000,590.45
9381600,632.09
9385200,664.4
9388800,685.16
9392400,692.96
9396000,687.27
9399600,668.48
9403200,637.86
9406800,597.51
9410400,550.17
9414000,499.08
9417600,447.7
9421200,399.55
9424800,357.91
9428400,325.6
9432000,304.84
9435600,297.04
9439200,302.73
9442800,321.52
9446400,352.14
9450000,392.49
9453600,439.83
9457200,490.92
9460800,542.3
9464400,590.45
9468000,632.09
9471600,664.4
9475200,685.16
9478800,692.96
9482400,687.27
9486000,668.48
9489600,637.86
9493200,597.51
9496800,550.17
9500400,499.08
9504000,447.7
9507600,399.55
9511200,357.91
9514800,325.6
9518400,304.84
9522000,297.04
9525600,302.73
9529200,321.52
9532800,352.14
9536400,392.49
9540000,439.83
9543600,490.92
9547200,542.3
9550800,590.45
9554400,632.09
9558000,664.4
9561600,685.16
9565200,692.96
9568800,687.27
9572400,668.48
9576000,637.86
9579600,597.51
9583200,550.17
9586800,499.08
9590400,447.7
9594000,399.55
9597600,357.91
9601200,325.6
9604800,304.84
9608400,297.04
9612000,302.73
9615600,321.52
9619200,352.14
9622800,392.49
9626400,439.83
9630000,490.92
9633600,542.3
9637200,590.45
9640800,632.09
9644400,664.4
9648000,685.16
9651600,692.96
9655200,687.27
9658800,668.48
9662400,637.86
9666000,597.51
9669600,550.17
9673200,499.08
9676800,447.7
9680400,399.55
9684000,357.91
9687600,325.6
9691200,304.84
9694800,297.04
9698400,302.73
9702000,321.52
9705600,352.14
9709200,392.49
9712800,439.83
9716400,490.92
9720000,542.3
9723600,590.45
9727200,632.09
9730800,664.4
9734400,685.16
9738000,692.96
9741600,687.27
9745200,668.48
9748800,637.86
9752400,597.51
9756000,550.17
9759600,499.08
9763200,447.7
9766800,399.55
9770400,357.91
9774000,325.6
9777600,304.84
9781200,297.04
9784800,302.73
9788400,321.52
9792000,352.14
9795600,392.49
9799200,439.83
9802800,490.92
9806400,542.3
9810000,590.45
9813600,632.09
9817200,664.4
9820800,685.16
9824400,692.96
9828000,687.27
9831600,668.48
9835200,637.86
9838800,597.51
9842400,550.17
9846000,499.08
9849600,447.7
9853200,399.55
9856800,357.91
9860400,325.6
9864000,304.84
9867600,297.04
9871200,302.73
9874800,321.52
9878400,352.14
9882000,392.49
9885600,439.83
9889200,490.92
9892800,542.3
9896400,590.45
9900000,632.09
9903600,664.4
9907200,685.16
9910800,692.96
9914400,687.27
9918000,668.48
9921600,637.86
9925200,597.51
9928800,550.17
9932400,499.08
9936000,447.7
9939600,399.55
9943200,357.91
9946800,325.6
9950400,304.84
9954000,297.04
9957600,302.73
9961200,321.52
9964800,352.14
9968400,392.49
9972000,439.83
9975600,490.92
9979200,542.3
9982800,590.45
9986400,632.09
9990000,664.4
9993600,685.16
9997200,692.96
10000800,687.27
10004400,668.48
10008000,637.86
10011600,597.51
10015200,550.17
10018800,499.08
10022400,447.7
10026000,399.55
10029600,357.91
10033200,325.6
10036800,304.84
10040400,297.04
10044000,302.73
10047600,321.52
10051200,352.14
10054800,392.49
10058400,439.83
10062000,490.92
10065600,542.3
10069200,590.45
10072800,632.09
10076400,664.4
10080000,685.16
10083600,692.96
10087200,687.27
10090800,668.48
10094400,637.86
10098000,597.51
10101600,550.17
10105200,499.08
10108800,447.7
10112400,399.55
10116000,357.91
10119600,325.6
10123200,304.84
10126800,297.04
10130400,302.73
10134000,321.52
10137600,352.14
10141200,392.49
10144800,439.83
10148400,490.92
10152000,542.3
10155600,590.45
10159200,632.09
10162800,664.4
10166400,685.16
10170000,692.96
10173600,687.27
10177200,668.48
10180800,637.86
10184400,597.51
10188000,550.17
10191600,499.08
10195200,447.7
10198800,399.55
10202400,357.91
10206000,325.6
10209600,304.84
10213200,297.04
10216800,302.73
10220400,321.52
10224000,352.14
10227600,392.49
10231200,439.83
10234800,490.92
10238400,542.3
10242000,590.45
10245600,632.09
10249200,664.4
10252800,685.16
10256400,692.96
10260000,687.27
10263600,668.48
10267200,637.86
10270800,597.51
10274400,550.17
10278000,499.08
10281600,447.7
10285200,399.55
10288800,357.91
10292400,325.6
10296000,304.84
10299600,297.04
10303200,302.73
10306800,321.52
10310400,352.14
10314000,392.49
10317600,439.83
10321200,490.92
10324800,542.3
10328400,590.45
10332000,632.09
10335600,664.4
10339200,685.16
10342800,692.96
10346400,687.27
10350000,668.48
10353600,637.86
10357200,597.51
10360800,550.17
10364400,499.08
10368000,447.7
10371600,399.55
10375200,357.91
10378800,325.6
10382400,304.84
10386000,297.04
10389600,302.73
10393200,321.52
10396800,352.14
10400400,392.49
10404000,439.83
10407600,490.92
10411200,542.3
10414800,590.45
10418400,632.09
10422000,664.4
10425600,685.16
10429200,692.96
10432800,687.27
10436400,668.48
10440000,637.86
10443600,597.51
10447200,550.17
10450800,499.08
10454400,447.7
10458000,399.55
10461600,357.91
10465200,325.6
10468800,304.84
10472400,297.04
10476000,302.73
10479600,321.52
10483200,352.14
10486800,392.49
10490400,439.83
10494000,490.92
10497600,542.3
10501200,590.45
10504800,632.09
10508400,664.4
10512000,685.16
10515600,692.96
10519200,687.27
10522800,668.48
10526400,637.86
10530000,597.51
10533600,550.17
10537200,499.08
10540800,447.7
10544400,399.55
10548000,357.91
10551600,325.6
10555200,304.84
10558800,297.04
10562400,302.73
10566000,321.52
10569600,352.14
10573200,392.49
10576800,439.83
10580400,490.92
10584000,542.3
10587600,590.45
10591200,632.09
10594800,664.4
10598400,685.16
10602000,692.96
10605600,687.27
10609200,668.48
10612800,637.86
10616400,597.51
10620000,550.17
10623600,499.08
10627200,447.7
10630800,399.55
10634400,357.91
10638000,325.6
10641600,304.84
10645200,297.04
10648800,302.73
10652400,321.52
10656000,352.14
10659600,392.49
10663200,439.83
10666800,490.92
10670400,542.3
10674000,590.45
10677600,632.09
10681200,664.4
10684800,685.16
10688400,692.96
10692000,687.27
10695600,668.48
10699200,637.86
10702800,597.51
10706400,550.17
10710000,499.08
10713600,447.7
10717200,399.55
10720800,357.91
10724400,325.6
10728000,304.84
10731600,297.04
10735200,302.73
10738800,321.52
10742400,352.14
10746000,392.49
10749600,439.83
10753200,490.92
10756800,542.3
10760400,590.45
10764000,632.09
10767600,664.4
10771200,685.16
10774800,692.96
10778400,687.27
10782000,668.48
10785600,637.86
10789200,597.51
10792800,550.17
10796400,499.08
10800000,447.7
10803600,399.55
10807200,357.91
10810800,325.6
10814400,304.84
10818000,297.04
10821600,302.73
10825200,321.52
10828800,352.14
10832400,392.49
10836000,439.83
10839600,490.92
10843200,542.3
10846800,590.45
10850400,632.09
10854000,664.4
10857600,685.16
10861200,692.96
10864800,687.27
10868400,668.48
10872000,637.86
10875600,597.51
10879200,550.17
10882800,499.08
10886400,447.7
10890000,399.55
10893600,357.91
10897200,325.6
10900800,304.84
10904400,297.04
10908000,302.73
10911600,321.52
10915200,352.14
10918800,392.49
10922400,439.83
10926000,490.92
10929600,542.3
10933200,590.45
10936800,632.09
10940400,664.4
10944000,685.16
10947600,692.96
10951200,687.27
10954800,668.48
10958400,637.86
10962000,597.51
10965600,550.17
10969200,499.08
10972800,447.7
10976400,399.55
10980000,357.91
10983600,325.6
10987200,304.84
10990800,297.04
10994400,302.73
10998000,321.52
11001600,352.14
11005200,392.49
11008800,439.83
11012400,490.92
11016000,542.3
11019600,590.45
11023200,632.09
11026800,664.4
11030400,685.16
11034000,692.96
11037600,687.27
11041200,668.48
11044800,637.86
11048400,597.51
11052000,550.17
11055600,499.08
11059200,447.7
11062800,399.55
11066400,357.91
11070000,325.6
11073600,304.84
11077200,297.04
11080800,302.73
11084400,321.52
11088000,352.14
11091600,392.49
11095200,439.83
11098800,490.92
11102400,542.3
11106000,590.45
11109600,632.09
11113200,664.4
11116800,685.16
11120400,692.96
11124000,687.27
11127600,668.48
11131200,637.86
11134800,597.51
11138400,550.17
11142000,499.08
11145600,447.7
11149200,399.55
11152800,357.91
11156400,325.6
11160000,304.84
11163600,297.04
11167200,302.73
11170800,321.52
11174400,352.14
11178000,392.49
11181600,439.83
11185200,490.92
11188800,542.3
11192400,590.45
11196000,632.09
11199600,664.4
11203200,685.16
11206800,692.96
11210400,687.27
11214000,668.48
11217600,637.86
11221200,597.51
11224800,550.17
11228400,499.08
11232000,447.7
11235600,399.55
11239200,357.91
11242800,325.6
11246400,304.84
11250000,297.04
11253600,302.73
11257200,321.52
11260800,352.14
11264400,392.49
11268000,439.83
11271600,490.92
11275200,542.3
11278800,590.45
11282400,632.09
11286000,664.4
11289600,685.16
11293200,692.96
11296800,687.27
11300400,668.48
11304000,637.86
11307600,597.51
11311200,550.17
11314800,499.08
11318400,447.7
11322000,399.55
11325600,357.91
11329200,325.6
11332800,304.84
11336400,297.04
11340000,302.73
11343600,321.52
11347200,352.14
11350800,392.49
11354400,439.83
11358000,490.92
11361600,542.3
11365200,590.45
11368800,632.09
11372400,664.4
11376000,685.16
11379600,692.96
11383200,687.27
11386800,668.48
11390400,637.86
11394000,597.51
11397600,550.17
11401200,499.08
11404800,447.7
11408400,399.55
11412000,357.91
11415600,325.6
11419200,304.84
11422800,297.04
11426400,302.73
11430000,321.52
11433600,352.14
11437200,392.49
11440800,439.83
11444400,490.92
11448000,542.3
11451600,590.45
11455200,632.09
11458800,664.4
11462400,685.16
11466000,692.96
11469600,687.27
11473200,668.48
11476800,637.86
11480400,597.51
11484000,550.17
11487600,499.08
11491200,447.7
11494800,399.55
11498400,357.91
11502000,325.6
11505600,304.84
11509200,297.04
11512800,302.73
11516400,321.52
11520000,352.14
11523600,392.49
11527200,439.83
11530800,490.92
11534400,542.3
11538000,590.45
11541600,632.09
11545200,664.4
11548800,685.16
11552400,692.96
11556000,687.27
11559600,668.48
11563200,637.86
11566800,597.51
11570400,550.17
11574000,499.08
11577600,447.7
11581200,399.55
11584800,357.91
11588400,325.6
11592000,304.84
11595600,297.04
11599200,302.73
11602800,321.52
11606400,352.14
11610000,392.49
11613600,439.83
11617200,490.92
11620800,542.3
11624400,590.45
11628000,632.09
11631600,664.4
11635200,685.16
11638800,692.96
11642400,687.27
11646000,668.48
11649600,637.86
11653200,597.51
11656800,550.17
11660400,499.08
11664000,447.7
11667600,399.55
11671200,357.91
11674800,325.6
11678400,304.84
11682000,297.04
11685600,302.73
11689200,321.52
11692800,352.14
11696400,392.49
11700000,439.83
11703600,490.92
11707200,542.3
11710800,590.45
11714400,632.09
11718000,664.4
11721600,685.16
11725200,692.96
11728800,687.27
11732400,668.48
11736000,637.86
11739600,597.51
11743200,550.17
11746800,499.08
11750400,447.7
11754000,399.55
11757600,357.91
11761200,325.6
11764800,304.84
11768400,297.04
11772000,302.73
11775600,321.52
11779200,352.14
11782800,392.49
11786400,439.83
11790000,490.92
11793600,542.3
11797200,590.45
11800800,632.09
11804400,664.4
11808000,685.16
11811600,692.96
11815200,687.27
11818800,668.48
11822400,637.86
11826000,597.51
11829600,550.17
11833200,499.08
11836800,447.7
11840400,399.55
11844000,357.91
11847600,325.6
11851200,304.84
11854800,297.04
11858400,302.73
11862000,321.52
11865600,352.14
11869200,392.49
11872800,439.83
11876400,490.92
11880000,542.3
11883600,590.45
11887200,632.09
11890800,664.4
11894400,685.16
11898000,692.96
11901600,687.27
11905200,668.48
11908800,637.86
11912400,597.51
11916000,550.17
11919600,499.08
11923200,447.7
11926800,399.55
11930400,357.91
11934000,325.6
11937600,304.84
11941200,297.04
11944800,302.73
11948400,321.52
11952000,352.14
11955600,392.49
11959200,439.83
11962800,490.92
11966400,542.3
11970000,590.45
11973600,632.09
11977200,664.4
11980800,685.16
11984400,692.96
11988000,687.27
11991600,668.48
11995200,637.86
11998800,597.51
12002400,550.17
12006000,499.08
12009600,447.7
12013200,399.55
12016800,357.91
12020400,325.6
12024000,304.84
12027600,297.04
12031200,302.73
12034800,321.52
12038400,352.14
12042000,392.49
12045600,439.83
12049200,490.92
12052800,542.3
12056400,590.45
12060000,632.09
12063600,664.4
12067200,685.16
12070800,692.96
12074400,687.27
12078000,668.48
12081600,637.86
12085200,597.51
12088800,550.17
12092400,499.08
12096000,447.7
12099600,399.55
12103200,357.91
12106800,325.6
12110400,304.84
12114000,297.04
12117600,302.73
12121200,321.52
12124800,352.14
12128400,392.49
12132000,439.83
12135600,490.92
12139200,542.3
12142800,590.45
12146400,632.09
12150000,664.4
12153600,685.16
12157200,692.96
12160800,687.27
12164400,668.48
12168000,637.86
12171600,597.51
12175200,550.17
12178800,499.08
12182400,447.7
12186000,399.55
12189600,357.91
12193200,325.6
12196800,304.84
12200400,297.04
12204000,302.73
12207600,321.52
12211200,352.14
12214800,392.49
12218400,439.83
12222000,490.92
12225600,542.3
12229200,590.45
12232800,632.09
12236400,664.4
12240000,685.16
12243600,692.96
12247200,687.27
12250800,668.48
12254400,637.86
12258000,597.51
12261600,550.17
12265200,499.08
12268800,447.7
12272400,399.55
12276000,357.91
12279600,325.6
12283200,304.84
12286800,297.04
12290400,302.73
12294000,321.52
12297600,352.14
12301200,392.49
12304800,439.83
12308400,490.92
12312000,542.3
12315600,590.45
12319200,632.09
12322800,664.4
12326400,685.16
12330000,692.96
12333600,687.27
12337200,668.48
12340800,637.86
12344400,597.51
12348000,550.17
12351600,499.08
12355200,447.7
12358800,399.55
12362400,357.91
12366000,325.6
12369600,304.84
12373200,297.04
12376800,302.73
12380400,321.52
12384000,352.14
12387600,392.49
12391200,439.83
12394800,490.92
12398400,542.3
12402000,590.45
12405600,632.09
12409200,664.4
12412800,685.16
12416400,692.96
12420000,687.27
12423600,668.48
12427200,637.86
12430800,597.51
12434400,550.17
12438000,499.08
12441600,447.7
12445200,399.55
12448800,357.91
12452400,325.6
12456000,304.84
12459600,297.04
12463200,302.73
12466800,321.52
12470400,352.14
12474000,392.49
12477600,439.83
12481200,490.92
12484800,542.3
12488400,590.45
12492000,632.09
12495600,664.4
12499200,685.16
12502800,692.96
12506400,687.27
12510000,668.48
12513600,637.86
12517200,597.51
12520800,550.17
12524400,499.08
12528000,447.7
12531600,399.55
12535200,357.91
12538800,325.6
12542400,304.84
12546000,297.04
12549600,302.73
12553200,321.52
12556800,352.14
12560400,392.49
12564000,439.83
12567600,490.92
12571200,542.3
12574800,590.45
12578400,632.09
12582000,664.4
12585600,685.16
12589200,692.96
12592800,687.27
12596400,668.48
12600000,637.86
12603600,597.51
12607200,550.17
12610800,499.08
12614400,447.7
12618000,399.55
12621600,357.91
12625200,325.6
12628800,304.84
12632400,297.04
12636000,302.73
12639600,321.52
12643200,352.14
12646800,392.49
12650400,439.83
12654000,490.92
12657600,542.3
12661200,590.45
12664800,632.09
12668400,664.4
12672000,685.16
12675600,692.96
12679200,687.27
12682800,668.48
12686400,637.86
12690000,597.51
12693600,550.17
12697200,499.08
12700800,447.7
12704400,399.55
12708000,357.91
12711600,325.6
12715200,304.84
12718800,297.04
12722400,302.73
12726000,321.52
12729600,352.14
12733200,392.49
12736800,439.83
12740400,490.92
12744000,542.3
12747600,590.45
12751200,632.09
12754800,664.4
12758400,685.16
12762000,692.96
12765600,687.27
12769200,668.48
12772800,637.86
12776400,597.51
12780000,550.17
12783600,499.08
12787200,447.7
12790800,399.55
12794400,357.91
12798000,325.6
12801600,304.84
12805200,297.04
12808800,302.73
12812400,321.52
12816000,352.14
12819600,392.49
12823200,439.83
12826800,490.92
12830400,542.3
12834000,590.45
12837600,632.09
12841200,664.4
12844800,685.16
12848400,692.96
12852000,687.27
12855600,668.48
12859200,637.86
12862800,597.51
12866400,550.17
12870000,499.08
12873600,447.7
12877200,399.55
12880800,357.91
12884400,325.6
12888000,304.84
12891600,297.04
12895200,302.73
12898800,321.52
12902400,352.14
12906000,392.49
12909600,439.83
12913200,490.92
12916800,542.3
12920400,590.45
12924000,632.09
12927600,664.4
12931200,685.16
12934800,692.96
12938400,687.27
12942000,668.48
12945600,637.86
12949200,597.51
12952800,550.17
12956400,499.08
12960000,447.7
12963600,399.55
12967200,357.91
12970800,325.6
12974400,304.84
12978000,297.04
12981600,302.73
12985200,321.52
12988800,352.14
12992400,392.49
12996000,439.83
12999600,490.92
13003200,542.3
13006800,590.45
13010400,632.09
13014000,664.4
13017600,685.16
13021200,692.96
13024800,687.27
13028400,668.48
13032000,637.86
13035600,597.51
13039200,550.17
13042800,499.08
13046400,447.7
13050000,399.55
13053600,357.91
13057200,325.6
13060800,304.84
13064400,297.04
13068000,302.73
13071600,321.52
13075200,352.14
13078800,392.49
13082400,439.83
13086000,490.92
13089600,542.3
13093200,590.45
13096800,632.09
13100400,664.4
13104000,685.16
13107600,692.96
13111200,687.27
13114800,668.48
13118400,637.86
13122000,597.51
13125600,550.17
13129200,499.08
13132800,447.7
13136400,399.55
13140000,357.91
13143600,325.6
13147200,304.84
13150800,297.04
13154400,302.73
13158000,321.52
13161600,352.14
13165200,392.49
13168800,439.83
13172400,490.92
13176000,542.3
13179600,590.45
13183200,632.09
13186800,664.4
13190400,685.16
13194000,692.96
13197600,687.27
13201200,668.48
13204800,637.86
13208400,597.51
13212000,550.17
13215600,499.08
13219200,447.7
13222800,399.55
13226400,357.91
13230000,325.6
13233600,304.84
13237200,297.04
13240800,302.73
13244400,321.52
13248000,352.14
13251600,392.49
13255200,439.83
13258800,490.92
13262400,542.3
13266000,590.45
13269600,632.09
13273200,664.4
13276800,685.16
13280400,692.96
13284000,687.27
13287600,668.48
13291200,637.86
13294800,597.51
13298400,550.17
13302000,499.08
13305600,447.7
13309200,399.55
13312800,357.91
13316400,325.6
13320000,304.84
13323600,297.04
13327200,302.73
13330800,321.52
13334400,352.14
13338000,392.49
13341600,439.83
13345200,490.92
13348800,542.3
13352400,590.45
13356000,632.09
13359600,664.4
13363200,685.16
13366800,692.96
13370400,687.27
13374000,668.48
13377600,637.86
13381200,597.51
13384800,550.17
13388400,499.08
13392000,447.7
13395600,399.55
13399200,357.91
13402800,325.6
13406400,304.84
13410000,297.04
13413600,302.73
13417200,321.52
13420800,352.14
13424400,392.49
13428000,439.83
13431600,490.92
13435200,542.3
13438800,590.45
13442400,632.09
13446000,664.4
13449600,685.16
13453200,692.96
13456800,687.27
13460400,668.48
13464000,637.86
13467600,597.51
13471200,550.17
13474800,499.08
13478400,447.7
13482000,399.55
13485600,357.91
13489200,325.6
13492800,304.84
13496400,297.04
13500000,302.73
13503600,321.52
13507200,352.14
13510800,392.49
13514400,439.83
13518000,490.92
13521600,542.3
13525200,590.45
13528800,632.09
13532400,664.4
13536000,685.16
13539600,692.96
13543200,687.27
13546800,668.48
13550400,637.86
13554000,597.51
13557600,550.17
13561200,499.08
13564800,447.7
13568400,399.55
13572000,357.91
13575600,325.6
13579200,304.84
13582800,297.04
13586400,302.73
13590000,321.52
13593600,352.14
13597200,392.49
13600800,439.83
13604400,490.92
13608000,542.3
13611600,590.45
13615200,632.09
13618800,664.4
13622400,685.16
13626000,692.96
13629600,687.27
13633200,668.48
13636800,637.86
13640400,597.51
13644000,550.17
13647600,499.08
13651200,447.7
13654800,399.55
13658400,357.91
13662000,325.6
13665600,304.84
13669200,297.04
13672800,302.73
13676400,321.52
13680000,352.14
13683600,392.49
13687200,439.83
13690800,490.92
13694400,542.3
13698000,590.45
13701600,632.09
13705200,664.4
13708800,685.16
13712400,692.96
13716000,687.27
13719600,668.48
13723200,637.86
13726800,597.51
13730400,550.17
13734000,499.08
13737600,447.7
13741200,399.55
13744800,357.91
13748400,325.6
13752000,304.84
13755600,297.04
13759200,302.73
13762800,321.52
13766400,352.14
13770000,392.49
13773600,439.83
13777200,490.92
13780800,542.3
13784400,590.45
13788000,632.09
13791600,664.4
13795200,685.16
13798800,692.96
13802400,687.27
13806000,668.48
13809600,637.86
13813200,597.51
13816800,550.17
13820400,499.08
13824000,447.7
13827600,399.55
13831200,357.91
13834800,325.6
13838400,304.84
13842000,297.04
13845600,302.73
13849200,321.52
13852800,352.14
13856400,392.49
13860000,439.83
13863600,490.92
13867200,542.3
13870800,590.45
13874400,632.09
13878000,664.4
13881600,685.16
13885200,692.96
13888800,687.27
13892400,668.48
13896000,637.86
13899600,597.51
13903200,550.17
13906800,499.08
13910400,447.7
13914000,399.55
13917600,357.91
13921200,325.6
13924800,304.84
13928400,297.04
13932000,302.73
13935600,321.52
13939200,352.14
13942800,392.49
13946400,439.83
13950000,490.92
13953600,542.3
13957200,590.45
13960800,632.09
13964400,664.4
13968000,685.16
13971600,692.96
13975200,687.27
13978800,668.48
13982400,637.86
13986000,597.51
13989600,550.17
13993200,499.08
13996800,447.7
14000400,399.55
14004000,357.91
14007600,325.6
14011200,304.84
14014800,297.04
14018400,302.73
14022000,321.52
14025600,352.14
14029200,392.49
14032800,439.83
14036400,490.92
14040000,542.3
14043600,590.45
14047200,632.09
14050800,664.4
14054400,685.16
14058000,692.96
14061600,687.27
14065200,668.48
14068800,637.86
14072400,597.51
14076000,550.17
14079600,499.08
14083200,447.7
14086800,399.55
14090400,357.91
14094000,325.6
14097600,304.84
14101200,297.04
14104800,302.73
14108400,321.52
14112000,352.14
14115600,392.49
14119200,439.83
14122800,490.92
14126400,542.3
14130000,590.45
14133600,632.09
14137200,664.4
14140800,685.16
14144400,692.96
14148000,687.27
14151600,668.48
14155200,637.86
14158800,597.51
14162400,550.17
14166000,499.08
14169600,447.7
14173200,399.55
14176800,357.91
14180400,325.6
14184000,304.84
14187600,297.04
14191200,302.73
14194800,321.52
14198400,352.14
14202000,392.49
14205600,439.83
14209200,490.92
14212800,542.3
14216400,590.45
14220000,632.09
14223600,664.4
14227200,685.16
14230800,692.96
14234400,687.27
14238000,668.48
14241600,637.86
14245200,597.51
14248800,550.17
14252400,499.08
14256000,447.7
14259600,399.55
14263200,357.91
14266800,325.6
14270400,304.84
14274000,297.04
14277600,302.73
14281200,321.52
14284800,352.14
14288400,392.49
14292000,439.83
14295600,490.92
14299200,542.3
14302800,590.45
14306400,632.09
14310000,664.4
14313600,685.16
14317200,692.96
14320800,687.27
14324400,668.48
14328000,637.86
14331600,597.51
14335200,550.17
14338800,499.08
14342400,447.7
14346000,399.55
14349600,357.91
14353200,325.6
14356800,304.84
14360400,297.04
14364000,302.73
14367600,321.52
14371200,352.14
14374800,392.49
14378400,439.83
14382000,490.92
14385600,542.3
14389200,590.45
14392800,632.09
14396400,664.4
14400000,685.16
14403600,692.96
14407200,687.27
14410800,668.48
14414400,637.86
14418000,597.51
14421600,550.17
14425200,499.08
14428800,447.7
14432400,399.55
14436000,357.91
14439600,325.6
14443200,304.84
14446800,297.04
14450400,302.73
14454000,321.52
14457600,352.14
14461200,392.49
14464800,439.83
14468400,490.92
14472000,542.3
14475600,590.45
14479200,632.09
14482800,664.4
14486400,685.16
14490000,692.96
14493600,687.27
14497200,668.48
14500800,637.86
14504400,597.51
14508000,550.17
14511600,499.08
14515200,447.7
14518800,399.55
14522400,357.91
14526000,325.6
14529600,304.84
14533200,297.04
14536800,302.73
14540400,321.52
14544000,352.14
14547600,392.49
14551200,439.83
14554800,490.92
14558400,542.3
14562000,590.45
14565600,632.09
14569200,664.4
14572800,685.16
14576400,692.96
14580000,687.27
14583600,668.48
14587200,637.86
14590800,597.51
14594400,550.17
14598000,499.08
14601600,447.7
14605200,399.55
14608800,357.91
14612400,325.6
14616000,304.84
14619600,297.04
14623200,302.73
14626800,321.52
14630400,352.14
14634000,392.49
14637600,439.83
14641200,490.92
14644800,542.3
14648400,590.45
14652000,632.09
14655600,664.4
14659200,685.16
14662800,692.96
14666400,687.27
14670000,668.48
14673600,637.86
14677200,597.51
14680800,550.17
14684400,499.08
14688000,447.7
14691600,399.55
14695200,357.91
14698800,325.6
14702400,304.84
14706000,297.04
14709600,302.73
14713200,321.52
14716800,352.14
14720400,392.49
14724000,439.83
14727600,490.92
14731200,542.3
14734800,590.45
14738400,632.09
14742000,664.4
14745600,685.16
14749200,692.96
14752800,687.27
14756400,668.48
14760000,637.86
14763600,597.51
14767200,550.17
14770800,499.08
14774400,447.7
14778000,399.55
14781600,357.91
14785200,325.6
14788800,304.84
14792400,297.04
14796000,302.73
14799600,321.52
14803200,352.14
14806800,392.49
14810400,439.83
14814000,490.92
14817600,542.3
14821200,590.45
14824800,632.09
14828400,664.4
14832000,685.16
14835600,692.96
14839200,687.27
14842800,668.48
14846400,637.86
14850000,597.51
14853600,550.17
14857200,499.08
14860800,447.7
14864400,399.55
14868000,357.91
14871600,325.6
14875200,304.84
14878800,297.04
14882400,302.73
14886000,321.52
14889600,352.14
14893200,392.49
14896800,439.83
14900400,490.92
14904000,542.3
14907600,590.45
14911200,632.09
14914800,664.4
14918400,685.16
14922000,692.96
14925600,687.27
14929200,668.48
14932800,637.86
14936400,597.51
14940000,550.17
14943600,499.08
14947200,447.7
14950800,399.55
14954400,357.91
14958000,325.6
14961600,304.84
14965200,297.04
14968800,302.73
14972400,321.52
14976000,352.14
14979600,392.49
14983200,439.83
14986800,490.92
14990400,542.3
14994000,590.45
14997600,632.09
15001200,664.4
15004800,685.16
15008400,692.96
15012000,687.27
15015600,668.48
15019200,637.86
15022800,597.51
15026400,550.17
15030000,499.08
15033600,447.7
15037200,399.55
15040800,357.91
15044400,325.6
15048000,304.84
15051600,297.04
15055200,302.73
15058800,321.52
15062400,352.14
15066000,392.49
15069600,439.83
15073200,490.92
15076800,542.3
15080400,590.45
15084000,632.09
15087600,664.4
15091200,685.16
15094800,692.96
15098400,687.27
15102000,668.48
15105600,637.86
15109200,597.51
15112800,550.17
15116400,499.08
15120000,447.7
15123600,399.55
15127200,357.91
15130800,325.6
15134400,304.84
15138000,297.04
15141600,302.73
15145200,321.52
15148800,352.14
15152400,392.49
15156000,439.83
15159600,490.92
15163200,542.3
15166800,590.45
15170400,632.09
15174000,664.4
15177600,685.16
15181200,692.96
15184800,687.27
15188400,668.48
15192000,637.86
15195600,597.51
15199200,550.17
15202800,499.08
15206400,447.7
15210000,399.55
15213600,357.91
15217200,325.6
15220800,304.84
15224400,297.04
15228000,302.73
15231600,321.52
15235200,352.14
15238800,392.49
15242400,439.83
15246000,490.92
15249600,542.3
15253200,590.45
15256800,632.09
15260400,664.4
15264000,685.16
15267600,692.96
15271200,687.27
15274800,668.48
15278400,637.86
15282000,597.51
15285600,550.17
15289200,499.08
15292800,447.7
15296400,399.55
15300000,357.91
15303600,325.6
15307200,304.84
15310800,297.04
15314400,302.73
15318000,321.52
15321600,352.14
15325200,392.49
15328800,439.83
15332400,490.92
15336000,542.3
15339600,590.45
15343200,632.09
15346800,664.4
15350400,685.16
15354000,692.96
15357600,687.27
15361200,668.48
15364800,637.86
15368400,597.51
15372000,550.17
15375600,499.08
15379200,447.7
15382800,399.55
15386400,357.91
15390000,325.6
15393600,304.84
15397200,297.04
15400800,302.73
15404400,321.52
15408000,352.14
15411600,392.49
15415200,439.83
15418800,490.92
15422400,542.3
15426000,590.45
15429600,632.09
15433200,664.4
15436800,685.16
15440400,692.96
15444000,687.27
15447600,668.48
15451200,637.86
15454800,597.51
15458400,550.17
15462000,499.08
15465600,447.7
15469200,399.55
15472800,357.91
15476400,325.6
15480000,304.84
15483600,297.04
15487200,302.73
15490800,321.52
15494400,352.14
15498000,392.49
15501600,439.83
15505200,490.92
15508800,542.3
15512400,590.45
15516000,632.09
15519600,664.4
15523200,685.16
15526800,692.96
15530400,687.27
15534000,668.48
15537600,637.86
15541200,597.51
15544800,550.17
15548400,499.08
15552000,447.7
15555600,399.55
15559200,357.91
15562800,325.6
15566400,304.84
15570000,297.04
15573600,302.73
15577200,321.52
15580800,352.14
15584400,392.49
15588000,439.83
15591600,490.92
15595200,542.3
15598800,590.45
15602400,632.09
15606000,664.4
15609600,685.16
15613200,692.96
15616800,687.27
15620400,668.48
15624000,637.86
15627600,597.51
15631200,550.17
15634800,499.08
15638400,447.7
15642000,399.55
15645600,357.91
15649200,325.6
15652800,304.84
15656400,297.04
15660000,302.73
15663600,321.52
15667200,352.14
15670800,392.49
15674400,439.83
15678000,490.92
15681600,542.3
15685200,590.45
15688800,632.09
15692400,664.4
15696000,685.16
15699600,692.96
15703200,687.27
15706800,668.48
15710400,637.86
15714000,597.51
15717600,550.17
15721200,499.08
15724800,447.7
15728400,399.55
15732000,357.91
15735600,325.6
15739200,304.84
15742800,297.04
15746400,302.73
15750000,321.52
15753600,352.14
15757200,392.49
15760800,439.83
15764400,490.92
15768000,542.3
15771600,590.45
15775200,632.09
15778800,664.4
15782400,685.16
15786000,692.96
15789600,687.27
15793200,668.48
15796800,637.86
15800400,597.51
15804000,550.17
15807600,499.08
15811200,447.7
15814800,399.55
15818400,357.91
15822000,325.6
15825600,304.84
15829200,297.04
15832800,302.73
15836400,321.52
15840000,352.14
15843600,392.49
15847200,439.83
15850800,490.92
15854400,542.3
15858000,590.45
15861600,632.09
15865200,664.4
15868800,685.16
15872400,692.96
15876000,687.27
15879600,668.48
15883200,637.86
15886800,597.51
15890400,550.17
15894000,499.08
15897600,447.7
15901200,399.55
15904800,357.91
15908400,325.6
15912000,304.84
15915600,297.04
15919200,302.73
15922800,321.52
15926400,352.14
15930000,392.49
15933600,439.83
15937200,490.92
15940800,542.3
15944400,590.45
15948000,632.09
15951600,664.4
15955200,685.16
15958800,692.96
15962400,687.27
15966000,668.48
15969600,637.86
15973200,597.51
15976800,550.17
15980400,499.08
15984000,447.7
15987600,399.55
15991200,357.91
15994800,325.6
15998400,304.84
16002000,297.04
16005600,302.73
16009200,321.52
16012800,352.14
16016400,392.49
16020000,439.83
16023600,490.92
16027200,542.3
16030800,590.45
16034400,632.09
16038000,664.4
16041600,685.16
16045200,692.96
16048800,687.27
16052400,668.48
16056000,637.86
16059600,597.51
16063200,550.17
16066800,499.08
16070400,447.7
16074000,399.55
16077600,357.91
16081200,325.6
16084800,304.84
16088400,297.04
16092000,302.73
16095600,321.52
16099200,352.14
16102800,392.49
16106400,439.83
16110000,490.92
16113600,542.3
16117200,590.45
16120800,632.09
16124400,664.4
16128000,685.16
16131600,692.96
16135200,687.27
16138800,668.48
16142400,637.86
16146000,597.51
16149600,550.17
16153200,499.08
16156800,447.7
16160400,399.55
16164000,357.91
16167600,325.6
16171200,304.84
16174800,297.04
16178400,302.73
16182000,321.52
16185600,352.14
16189200,392.49
16192800,439.83
16196400,490.92
16200000,542.3
16203600,590.45
16207200,632.09
16210800,664.4
16214400,685.16
16218000,692.96
16221600,687.27
16225200,668.48
16228800,637.86
16232400,597.51
16236000,550.17
16239600,499.08
16243200,447.7
16246800,399.55
16250400,357.91
16254000,325.6
16257600,304.84
16261200,297.04
16264800,302.73
16268400,321.52
16272000,352.14
16275600,392.49
16279200,439.83
16282800,490.92
16286400,542.3
16290000,590.45
16293600,632.09
16297200,664.4
16300800,685.16
16304400,692.96
16308000,687.27
16311600,668.48
16315200,637.86
16318800,597.51
16322400,550.17
16326000,499.08
16329600,447.7
16333200,399.55
16336800,357.91
16340400,325.6
16344000,304.84
16347600,297.04
16351200,302.73
16354800,321.52
16358400,352.14
16362000,392.49
16365600,439.83
16369200,490.92
16372800,542.3
16376400,590.45
16380000,632.09
16383600,664.4
16387200,685.16
16390800,692.96
16394400,687.27
16398000,668.48
16401600,637.86
16405200,597.51
16408800,550.17
16412400,499.08
16416000,447.7
16419600,399.55
16423200,357.91
16426800,325.6
16430400,304.84
16434000,297.04
16437600,302.73
16441200,321.52
16444800,352.14
16448400,392.49
16452000,439.83
16455600,490.92
16459200,542.3
16462800,590.45
16466400,632.09
16470000,664.4
16473600,685.16
16477200,692.96
16480800,687.27
16484400,668.48
16488000,637.86
16491600,597.51
16495200,550.17
16498800,499.08
16502400,447.7
16506000,399.55
16509600,357.91
16513200,325.6
16516800,304.84
16520400,297.04
16524000,302.73
16527600,321.52
16531200,352.14
16534800,392.49
16538400,439.83
16542000,490.92
16545600,542.3
16549200,590.45
16552800,632.09
16556400,664.4
16560000,685.16
16563600,692.96
16567200,687.27
16570800,668.48
16574400,637.86
16578000,597.51
16581600,550.17
16585200,499.08
16588800,447.7
16592400,399.55
16596000,357.91
16599600,325.6
16603200,304.84
16606800,297.04
16610400,302.73
16614000,321.52
16617600,352.14
16621200,392.49
16624800,439.83
16628400,490.92
16632000,542.3
16635600,590.45
16639200,632.09
16642800,664.4
16646400,685.16
16650000,692.96
16653600,687.27
16657200,668.48
16660800,637.86
16664400,597.51
16668000,550.17
16671600,499.08
16675200,447.7
16678800,399.55
16682400,357.91
16686000,325.6
16689600,304.84
16693200,297.04
16696800,302.73
16700400,321.52
16704000,352.14
16707600,392.49
16711200,439.83
16714800,490.92
16718400,542.3
16722000,590.45
16725600,632.09
16729200,664.4
16732800,685.16
16736400,692.96
16740000,687.27
16743600,668.48
16747200,637.86
16750800,597.51
16754400,550.17
16758000,499.08
16761600,447.7
16765200,399.55
16768800,357.91
16772400,325.6
16776000,304.84
16779600,297.04
16783200,302.73
16786800,321.52
16790400,352.14
16794000,392.49
16797600,439.83
16801200,490.92
16804800,542.3
16808400,590.45
16812000,632.09
16815600,664.4
16819200,685.16
16822800,692.96
16826400,687.27
16830000,668.48
16833600,637.86
16837200,597.51
16840800,550.17
16844400,499.08
16848000,447.7
16851600,399.55
16855200,357.91
16858800,325.6
16862400,304.84
16866000,297.04
16869600,302.73
16873200,321.52
16876800,352.14
16880400,392.49
16884000,439.83
16887600,490.92
16891200,542.3
16894800,590.45
16898400,632.09
16902000,664.4
16905600,685.16
16909200,692.96
16912800,687.27
16916400,668.48
16920000,637.86
16923600,597.51
16927200,550.17
16930800,499.08
16934400,447.7
16938000,399.55
16941600,357.91
16945200,325.6
16948800,304.84
16952400,297.04
16956000,302.73
16959600,321.52
16963200,352.14
16966800,392.49
16970400,439.83
16974000,490.92
16977600,542.3
16981200,590.45
16984800,632.09
16988400,664.4
16992000,685.16
16995600,692.96
16999200,687.27
17002800,668.48
17006400,637.86
17010000,597.51
17013600,550.17
17017200,499.08
17020800,447.7
17024400,399.55
17028000,357.91
17031600,325.6
17035200,304.84
17038800,297.04
17042400,302.73
17046000,321.52
17049600,352.14
17053200,392.49
17056800,439.83
17060400,490.92
17064000,542.3
17067600,590.45
17071200,632.09
17074800,664.4
17078400,685.16
17082000,692.96
17085600,687.27
17089200,668.48
17092800,637.86
17096400,597.51
17100000,550.17
17103600,499.08
17107200,447.7
17110800,399.55
17114400,357.91
17118000,325.6
17121600,304.84
17125200,297.04
17128800,302.73
17132400,321.52
17136000,352.14
17139600,392.49
17143200,439.83
17146800,490.92
17150400,542.3
17154000,590.45
17157600,632.09
17161200,664.4
17164800,685.16
17168400,692.96
17172000,687.27
17175600,668.48
17179200,637.86
17182800,597.51
17186400,550.17
17190000,499.08
17193600,447.7
17197200,399.55
17200800,357.91
17204400,325.6
17208000,304.84
17211600,297.04
17215200,302.73
17218800,321.52
17222400,352.14
17226000,392.49
17229600,439.83
17233200,490.92
17236800,542.3
17240400,590.45
17244000,632.09
17247600,664.4
17251200,685.16
17254800,692.96
17258400,687.27
17262000,668.48
17265600,637.86
17269200,597.51
17272800,550.17
17276400,499.08
17280000,447.7
17283600,399.55
17287200,357.91
17290800,325.6
17294400,304.84
17298000,297.04
17301600,302.73
17305200,321.52
17308800,352.14
17312400,392.49
17316000,439.83
17319600,490.92
17323200,542.3
17326800,590.45
17330400,632.09
17334000,664.4
17337600,685.16
17341200,692.96
17344800,687.27
17348400,668.48
17352000,637.86
17355600,597.51
17359200,550.17
17362800,499.08
17366400,447.7
17370000,399.55
17373600,357.91
17377200,325.6
17380800,304.84
17384400,297.04
17388000,302.73
17391600,321.52
17395200,352.14
17398800,392.49
17402400,439.83
17406000,490.92
17409600,542.3
17413200,590.45
17416800,632.09
17420400,664.4
17424000,685.16
17427600,692.96
17431200,687.27
17434800,668.48
17438400,637.86
17442000,597.51
17445600,550.17
17449200,499.08
17452800,447.7
17456400,399.55
17460000,357.91
17463600,325.6
17467200,304.84
17470800,297.04
17474400,302.73
17478000,321.52
17481600,352.14
17485200,392.49
17488800,439.83
17492400,490.92
17496000,542.3
17499600,590.45
17503200,632.09
17506800,664.4
17510400,685.16
17514000,692.96
17517600,687.27
17521200,668.48
17524800,637.86
17528400,597.51
17532000,550.17
17535600,499.08
17539200,447.7
17542800,399.55
17546400,357.91
17550000,325.6
17553600,304.84
17557200,297.04
17560800,302.73
17564400,321.52
17568000,352.14
17571600,392.49
17575200,439.83
17578800,490.92
17582400,542.3
17586000,590.45
17589600,632.09
17593200,664.4
17596800,685.16
17600400,692.96
17604000,687.27
17607600,668.48
17611200,637.86
17614800,597.51
17618400,550.17
17622000,499.08
17625600,447.7
17629200,399.55
17632800,357.91
17636400,325.6
17640000,304.84
17643600,297.04
17647200,302.73
17650800,321.52
17654400,352.14
17658000,392.49
17661600,439.83
17665200,490.92
17668800,542.3
17672400,590.45
17676000,632.09
17679600,664.4
17683200,685.16
17686800,692.96
17690400,687.27
17694000,668.48
17697600,637.86
17701200,597.51
17704800,550.17
17708400,499.08
17712000,447.7
17715600,399.55
17719200,357.91
17722800,325.6
17726400,304.84
17730000,297.04
17733600,302.73
17737200,321.52
17740800,352.14
17744400,392.49
17748000,439.83
17751600,490.92
17755200,542.3
17758800,590.45
17762400,632.09
17766000,664.4
17769600,685.16
17773200,692.96
17776800,687.27
17780400,668.48
17784000,637.86
17787600,597.51
17791200,550.17
17794800,499.08
17798400,447.7
17802000,399.55
17805600,357.91
17809200,325.6
17812800,304.84
17816400,297.04
17820000,302.73
17823600,321.52
17827200,352.14
17830800,392.49
17834400,439.83
17838000,490.92
17841600,542.3
17845200,590.45
17848800,632.09
17852400,664.4
17856000,685.16
17859600,692.96
17863200,687.27
17866800,668.48
17870400,637.86
17874000,597.51
17877600,550.17
17881200,499.08
17884800,447.7
17888400,399.55
17892000,357.91
17895600,325.6
17899200,304.84
17902800,297.04
17906400,302.73
17910000,321.52
17913600,352.14
17917200,392.49
17920800,439.83
17924400,490.92
17928000,542.3
17931600,590.45
17935200,632.09
17938800,664.4
17942400,685.16
17946000,692.96
17949600,687.27
17953200,668.48
17956800,637.86
17960400,597.51
17964000,550.17
17967600,499.08
17971200,447.7
17974800,399.55
17978400,357.91
17982000,325.6
17985600,304.84
17989200,297.04
17992800,302.73
17996400,321.52
18000000,352.14
18003600,392.49
18007200,439.83
18010800,490.92
18014400,542.3
18018000,590.45
18021600,632.09
18025200,664.4
18028800,685.16
18032400,692.96
18036000,687.27
18039600,668.48
18043200,637.86
18046800,597.51
18050400,550.17
18054000,499.08
18057600,447.7
18061200,399.55
18064800,357.91
18068400,325.6
18072000,304.84
18075600,297.04
18079200,302.73
18082800,321.52
18086400,352.14
18090000,392.49
18093600,439.83
18097200,490.92
18100800,542.3
18104400,590.45
18108000,632.09
18111600,664.4
18115200,685.16
18118800,692.96
18122400,687.27
18126000,668.48
18129600,637.86
18133200,597.51
18136800,550.17
18140400,499.08
18144000,447.7
18147600,399.55
18151200,357.91
18154800,325.6
18158400,304.84
18162000,297.04
18165600,302.73
18169200,321.52
18172800,352.14
18176400,392.49
18180000,439.83
18183600,490.92
18187200,542.3
18190800,590.45
18194400,632.09
18198000,664.4
18201600,685.16
18205200,692.96
18208800,687.27
18212400,668.48
18216000,637.86
18219600,597.51
18223200,550.17
18226800,499.08
18230400,447.7
18234000,399.55
18237600,357.91
18241200,325.6
18244800,304.84
18248400,297.04
18252000,302.73
18255600,321.52
18259200,352.14
18262800,392.49
18266400,439.83
18270000,490.92
18273600,542.3
18277200,590.45
18280800,632.09
18284400,664.4
18288000,685.16
18291600,692.96
18295200,687.27
18298800,668.48
18302400,637.86
18306000,597.51
18309600,550.17
18313200,499.08
18316800,447.7
18320400,399.55
18324000,357.91
18327600,325.6
18331200,304.84
18334800,297.04
18338400,302.73
18342000,321.52
18345600,352.14
18349200,392.49
18352800,439.83
18356400,490.92
18360000,542.3
18363600,590.45
18367200,632.09
18370800,664.4
18374400,685.16
18378000,692.96
18381600,687.27
18385200,668.48
18388800,637.86
18392400,597.51
18396000,550.17
18399600,499.08
18403200,447.7
18406800,399.55
18410400,357.91
18414000,325.6
18417600,304.84
18421200,297.04
18424800,302.73
18428400,321.52
18432000,352.14
18435600,392.49
18439200,439.83
18442800,490.92
18446400,542.3
18450000,590.45
18453600,632.09
18457200,664.4
18460800,685.16
18464400,692.96
18468000,687.27
18471600,668.48
18475200,637.86
18478800,597.51
18482400,550.17
18486000,499.08
18489600,447.7
18493200,399.55
18496800,357.91
18500400,325.6
18504000,304.84
18507600,297.04
18511200,302.73
18514800,321.52
18518400,352.14
18522000,392.49
18525600,439.83
18529200,490.92
18532800,542.3
18536400,590.45
18540000,632.09
18543600,664.4
18547200,685.16
18550800,692.96
18554400,687.27
18558000,668.48
18561600,637.86
18565200,597.51
18568800,550.17
18572400,499.08
18576000,447.7
18579600,399.55
18583200,357.91
18586800,325.6
18590400,304.84
18594000,297.04
18597600,302.73
18601200,321.52
18604800,352.14
18608400,392.49
18612000,439.83
18615600,490.92
18619200,542.3
18622800,590.45
18626400,632.09
18630000,664.4
18633600,685.16
18637200,692.96
18640800,687.27
18644400,668.48
18648000,637.86
18651600,597.51
18655200,550.17
18658800,499.08
18662400,447.7
18666000,399.55
18669600,357.91
18673200,325.6
18676800,304.84
18680400,297.04
18684000,302.73
18687600,321.52
18691200,352.14
18694800,392.49
18698400,439.83
18702000,490.92
18705600,542.3
18709200,590.45
18712800,632.09
18716400,664.4
18720000,685.16
18723600,692.96
18727200,687.27
18730800,668.48
18734400,637.86
18738000,597.51
18741600,550.17
18745200,499.08
18748800,447.7
18752400,399.55
18756000,357.91
18759600,325.6
18763200,304.84
18766800,297.04
18770400,302.73
18774000,321.52
18777600,352.14
18781200,392.49
18784800,439.83
18788400,490.92
18792000,542.3
18795600,590.45
18799200,632.09
18802800,664.4
18806400,685.16
18810000,692.96
18813600,687.27
18817200,668.48
18820800,637.86
18824400,597.51
18828000,550.17
18831600,499.08
18835200,447.7
18838800,399.55
18842400,357.91
18846000,325.6
18849600,304.84
18853200,297.04
18856800,302.73
18860400,321.52
18864000,352.14
18867600,392.49
18871200,439.83
18874800,490.92
18878400,542.3
18882000,590.45
18885600,632.09
18889200,664.4
18892800,685.16
18896400,692.96
18900000,687.27
18903600,668.48
18907200,637.86
18910800,597.51
18914400,550.17
18918000,499.08
18921600,447.7
18925200,399.55
18928800,357.91
18932400,325.6
18936000,304.84
18939600,297.04
18943200,302.73
18946800,321.52
18950400,352.14
18954000,392.49
18957600,439.83
18961200,490.92
18964800,542.3
18968400,590.45
18972000,632.09
18975600,664.4
18979200,685.16
18982800,692.96
18986400,687.27
18990000,668.48
18993600,637.86
18997200,597.51
19000800,550.17
19004400,499.08
19008000,447.7
19011600,399.55
19015200,357.91
19018800,325.6
19022400,304.84
19026000,297.04
19029600,302.73
19033200,321.52
19036800,352.14
19040400,392.49
19044000,439.83
19047600,490.92
19051200,542.3
19054800,590.45
19058400,632.09
19062000,664.4
19065600,685.16
19069200,692.96
19072800,687.27
19076400,668.48
19080000,637.86
19083600,597.51
19087200,550.17
19090800,499.08
19094400,447.7
19098000,399.55
19101600,357.91
19105200,325.6
19108800,304.84
19112400,297.04
19116000,302.73
19119600,321.52
19123200,352.14
19126800,392.49
19130400,439.83
19134000,490.92
19137600,542.3
19141200,590.45
19144800,632.09
19148400,664.4
19152000,685.16
19155600,692.96
19159200,687.27
19162800,668.48
19166400,637.86
19170000,597.51
19173600,550.17
19177200,499.08
19180800,447.7
19184400,399.55
19188000,357.91
19191600,325.6
19195200,304.84
19198800,297.04
19202400,302.73
19206000,321.52
19209600,352.14
19213200,392.49
19216800,439.83
19220400,490.92
19224000,542.3
19227600,590.45
19231200,632.09
19234800,664.4
19238400,685.16
19242000,692.96
19245600,687.27
19249200,668.48
19252800,637.86
19256400,597.51
19260000,550.17
19263600,499.08
19267200,447.7
19270800,399.55
19274400,357.91
19278000,325.6
19281600,304.84
19285200,297.04
19288800,302.73
19292400,321.52
19296000,352.14
19299600,392.49
19303200,439.83
19306800,490.92
19310400,542.3
19314000,590.45
19317600,632.09
19321200,664.4
19324800,685.16
19328400,692.96
19332000,687.27
19335600,668.48
19339200,637.86
19342800,597.51
19346400,550.17
19350000,499.08
19353600,447.7
19357200,399.55
19360800,357.91
19364400,325.6
19368000,304.84
19371600,297.04
19375200,302.73
19378800,321.52
19382400,352.14
19386000,392.49
19389600,439.83
19393200,490.92
19396800,542.3
19400400,590.45
19404000,632.09
19407600,664.4
19411200,685.16
19414800,692.96
19418400,687.27
19422000,668.48
19425600,637.86
19429200,597.51
19432800,550.17
19436400,499.08
19440000,447.7
19443600,399.55
19447200,357.91
19450800,325.6
19454400,304.84
19458000,297.04
19461600,302.73
19465200,321.52
19468800,352.14
19472400,392.49
19476000,439.83
19479600,490.92
19483200,542.3
19486800,590.45
19490400,632.09
19494000,664.4
19497600,685.16
19501200,692.96
19504800,687.27
19508400,668.48
19512000,637.86
19515600,597.51
19519200,550.17
19522800,499.08
19526400,447.7
19530000,399.55
19533600,357.91
19537200,325.6
19540800,304.84
19544400,297.04
19548000,302.73
19551600,321.52
19555200,352.14
19558800,392.49
19562400,439.83
19566000,490.92
19569600,542.3
19573200,590.45
19576800,632.09
19580400,664.4
19584000,685.16
19587600,692.96
19591200,687.27
19594800,668.48
19598400,637.86
19602000,597.51
19605600,550.17
19609200,499.08
19612800,447.7
19616400,399.55
19620000,357.91
19623600,325.6
19627200,304.84
19630800,297.04
19634400,302.73
19638000,321.52
19641600,352.14
19645200,392.49
19648800,439.83
19652400,490.92
19656000,542.3
19659600,590.45
19663200,632.09
19666800,664.4
19670400,685.16
19674000,692.96
19677600,687.27
19681200,668.48
19684800,637.86
19688400,597.51
19692000,550.17
19695600,499.08
19699200,447.7
19702800,399.55
19706400,357.91
19710000,325.6
19713600,304.84
19717200,297.04
19720800,302.73
19724400,321.52
19728000,352.14
19731600,392.49
19735200,439.83
19738800,490.92
19742400,542.3
19746000,590.45
19749600,632.09
19753200,664.4
19756800,685.16
19760400,692.96
19764000,687.27
19767600,668.48
19771200,637.86
19774800,597.51
19778400,550.17
19782000,499.08
19785600,447.7
19789200,399.55
19792800,357.91
19796400,325.6
19800000,304.84
19803600,297.04
19807200,302.73
19810800,321.52
19814400,352.14
19818000,392.49
19821600,439.83
19825200,490.92
19828800,542.3
19832400,590.45
19836000,632.09
19839600,664.4
19843200,685.16
19846800,692.96
19850400,687.27
19854000,668.48
19857600,637.86
19861200,597.51
19864800,550.17
19868400,499.08
19872000,447.7
19875600,399.55
19879200,357.91
19882800,325.6
19886400,304.84
19890000,297.04
19893600,302.73
19897200,321.52
19900800,352.14
19904400,392.49
19908000,439.83
19911600,490.92
19915200,542.3
19918800,590.45
19922400,632.09
19926000,664.4
19929600,685.16
19933200,692.96
19936800,687.27
19940400,668.48
19944000,637.86
19947600,597.51
19951200,550.17
19954800,499.08
19958400,447.7
19962000,399.55
19965600,357.91
19969200,325.6
19972800,304.84
19976400,297.04
19980000,302.73
19983600,321.52
19987200,352.14
19990800,392.49
19994400,439.83
19998000,490.92
20001600,542.3
20005200,590.45
20008800,632.09
20012400,664.4
20016000,685.16
20019600,692.96
20023200,687.27
20026800,668.48
20030400,637.86
20034000,597.51
20037600,550.17
20041200,499.08
20044800,447.7
20048400,399.55
20052000,357.91
20055600,325.6
20059200,304.84
20062800,297.04
20066400,302.73
20070000,321.52
20073600,352.14
20077200,392.49
20080800,439.83
20084400,490.92
20088000,542.3
20091600,590.45
20095200,632.09
20098800,664.4
20102400,685.16
20106000,692.96
20109600,687.27
20113200,668.48
20116800,637.86
20120400,597.51
20124000,550.17
20127600,499.08
20131200,447.7
20134800,399.55
20138400,357.91
20142000,325.6
20145600,304.84
20149200,297.04
20152800,302.73
20156400,321.52
20160000,352.14
20163600,392.49
20167200,439.83
20170800,490.92
20174400,542.3
20178000,590.45
20181600,632.09
20185200,664.4
20188800,685.16
20192400,692.96
20196000,687.27
20199600,668.48
20203200,637.86
20206800,597.51
20210400,550.17
20214000,499.08
20217600,447.7
20221200,399.55
20224800,357.91
20228400,325.6
20232000,304.84
20235600,297.04
20239200,302.73
20242800,321.52
20246400,352.14
20250000,392.49
20253600,439.83
20257200,490.92
20260800,542.3
20264400,590.45
20268000,632.09
20271600,664.4
20275200,685.16
20278800,692.96
20282400,687.27
20286000,668.48
20289600,637.86
20293200,597.51
20296800,550.17
20300400,499.08
20304000,447.7
20307600,399.55
20311200,357.91
20314800,325.6
20318400,304.84
20322000,297.04
20325600,302.73
20329200,321.52
20332800,352.14
20336400,392.49
20340000,439.83
20343600,490.92
20347200,542.3
20350800,590.45
20354400,632.09
20358000,664.4
20361600,685.16
20365200,692.96
20368800,687.27
20372400,668.48
20376000,637.86
20379600,597.51
20383200,550.17
20386800,499.08
20390400,447.7
20394000,399.55
20397600,357.91
20401200,325.6
20404800,304.84
20408400,297.04
20412000,302.73
20415600,321.52
20419200,352.14
20422800,392.49
20426400,439.83
20430000,490.92
20433600,542.3
20437200,590.45
20440800,632.09
20444400,664.4
20448000,685.16
20451600,692.96
20455200,687.27
20458800,668.48
20462400,637.86
20466000,597.51
20469600,550.17
20473200,499.08
20476800,447.7
20480400,399.55
20484000,357.91
20487600,325.6
20491200,304.84
20494800,297.04
20498400,302.73
20502000,321.52
20505600,352.14
20509200,392.49
20512800,439.83
20516400,490.92
20520000,542.3
20523600,590.45
20527200,632.09
20530800,664.4
20534400,685.16
20538000,692.96
20541600,687.27
20545200,668.48
20548800,637.86
20552400,597.51
20556000,550.17
20559600,499.08
20563200,447.7
20566800,399.55
20570400,357.91
20574000,325.6
20577600,304.84
20581200,297.04
20584800,302.73
20588400,321.52
20592000,352.14
20595600,392.49
20599200,439.83
20602800,490.92
20606400,542.3
20610000,590.45
20613600,632.09
20617200,664.4
20620800,685.16
20624400,692.96
20628000,687.27
20631600,668.48
20635200,637.86
20638800,597.51
20642400,550.17
20646000,499.08
20649600,447.7
20653200,399.55
20656800,357.91
20660400,325.6
20664000,304.84
20667600,297.04
20671200,302.73
20674800,321.52
20678400,352.14
20682000,392.49
20685600,439.83
20689200,490.92
20692800,542.3
20696400,590.45
20700000,632.09
20703600,664.4
20707200,685.16
20710800,692.96
20714400,687.27
20718000,668.48
20721600,637.86
20725200,597.51
20728800,550.17
20732400,499.08
20736000,447.7
20739600,399.55
20743200,357.91
20746800,325.6
20750400,304.84
20754000,297.04
20757600,302.73
20761200,321.52
20764800,352.14
20768400,392.49
20772000,439.83
20775600,490.92
20779200,542.3
20782800,590.45
20786400,632.09
20790000,664.4
20793600,685.16
20797200,692.96
20800800,687.27
20804400,668.48
20808000,637.86
20811600,597.51
20815200,550.17
20818800,499.08
20822400,447.7
20826000,399.55
20829600,357.91
20833200,325.6
20836800,304.84
20840400,297.04
20844000,302.73
20847600,321.52
20851200,352.14
20854800,392.49
20858400,439.83
20862000,490.92
20865600,542.3
20869200,590.45
20872800,632.09
20876400,664.4
20880000,685.16
20883600,692.96
20887200,687.27
20890800,668.48
20894400,637.86
20898000,597.51
20901600,550.17
20905200,499.08
20908800,447.7
20912400,399.55
20916000,357.91
20919600,325.6
20923200,304.84
20926800,297.04
20930400,302.73
20934000,321.52
20937600,352.14
20941200,392.49
20944800,439.83
20948400,490.92
20952000,542.3
20955600,590.45
20959200,632.09
20962800,664.4
20966400,685.16
20970000,692.96
20973600,687.27
20977200,668.48
20980800,637.86
20984400,597.51
20988000,550.17
20991600,499.08
20995200,447.7
20998800,399.55
21002400,357.91
21006000,325.6
21009600,304.84
21013200,297.04
21016800,302.73
21020400,321.52
21024000,352.14
21027600,392.49
21031200,439.83
21034800,490.92
21038400,542.3
21042000,590.45
21045600,632.09
21049200,664.4
21052800,685.16
21056400,692.96
21060000,687.27
21063600,668.48
21067200,637.86
21070800,597.51
21074400,550.17
21078000,499.08
21081600,447.7
21085200,399.55
21088800,357.91
21092400,325.6
21096000,304.84
21099600,297.04
21103200,302.73
21106800,321.52
21110400,352.14
21114000,392.49
21117600,439.83
21121200,490.92
21124800,542.3
21128400,590.45
21132000,632.09
21135600,664.4
21139200,685.16
21142800,692.96
21146400,687.27
21150000,668.48
21153600,637.86
21157200,597.51
21160800,550.17
21164400,499.08
21168000,447.7
21171600,399.55
21175200,357.91
21178800,325.6
21182400,304.84
21186000,297.04
21189600,302.73
21193200,321.52
21196800,352.14
21200400,392.49
21204000,439.83
21207600,490.92
21211200,542.3
21214800,590.45
21218400,632.09
21222000,664.4
21225600,685.16
21229200,692.96
21232800,687.27
21236400,668.48
21240000,637.86
21243600,597.51
21247200,550.17
21250800,499.08
21254400,447.7
21258000,399.55
21261600,357.91
21265200,325.6
21268800,304.84
21272400,297.04
21276000,302.73
21279600,321.52
21283200,352.14
21286800,392.49
21290400,439.83
21294000,490.92
21297600,542.3
21301200,590.45
21304800,632.09
21308400,664.4
21312000,685.16
21315600,692.96
21319200,687.27
21322800,668.48
21326400,637.86
21330000,597.51
21333600,550.17
21337200,499.08
21340800,447.7
21344400,399.55
21348000,357.91
21351600,325.6
21355200,304.84
21358800,297.04
21362400,302.73
21366000,321.52
21369600,352.14
21373200,392.49
21376800,439.83
21380400,490.92
21384000,542.3
21387600,590.45
21391200,632.09
21394800,664.4
21398400,685.16
21402000,692.96
21405600,687.27
21409200,668.48
21412800,637.86
21416400,597.51
21420000,550.17
21423600,499.08
21427200,447.7
21430800,399.55
21434400,357.91
21438000,325.6
21441600,304.84
21445200,297.04
21448800,302.73
21452400,321.52
21456000,352.14
21459600,392.49
21463200,439.83
21466800,490.92
21470400,542.3
21474000,590.45
21477600,632.09
21481200,664.4
21484800,685.16
21488400,692.96
21492000,687.27
21495600,668.48
21499200,637.86
21502800,597.51
21506400,550.17
21510000,499.08
21513600,447.7
21517200,399.55
21520800,357.91
21524400,325.6
21528000,304.84
21531600,297.04
21535200,302.73
21538800,321.52
21542400,352.14
21546000,392.49
21549600,439.83
21553200,490.92
21556800,542.3
21560400,590.45
21564000,632.09
21567600,664.4
21571200,685.16
21574800,692.96
21578400,687.27
21582000,668.48
21585600,637.86
21589200,597.51
21592800,550.17
21596400,499.08
21600000,447.7
21603600,399.55
21607200,357.91
21610800,325.6
21614400,304.84
21618000,297.04
21621600,302.73
21625200,321.52
21628800,352.14
21632400,392.49
21636000,439.83
21639600,490.92
21643200,542.3
21646800,590.45
21650400,632.09
21654000,664.4
21657600,685.16
21661200,692.96
21664800,687.27
21668400,668.48
21672000,637.86
21675600,597.51
21679200,550.17
21682800,499.08
21686400,447.7
21690000,399.55
21693600,357.91
21697200,325.6
21700800,304.84
21704400,297.04
21708000,302.73
21711600,321.52
21715200,352.14
21718800,392.49
21722400,439.83
21726000,490.92
21729600,542.3
21733200,590.45
21736800,632.09
21740400,664.4
21744000,685.16
21747600,692.96
21751200,687.27
21754800,668.48
21758400,637.86
21762000,597.51
21765600,550.17
21769200,499.08
21772800,447.7
21776400,399.55
21780000,357.91
21783600,325.6
21787200,304.84
21790800,297.04
21794400,302.73
21798000,321.52
21801600,352.14
21805200,392.49
21808800,439.83
21812400,490.92
21816000,542.3
21819600,590.45
21823200,632.09
21826800,664.4
21830400,685.16
21834000,692.96
21837600,687.27
21841200,668.48
21844800,637.86
21848400,597.51
21852000,550.17
21855600,499.08
21859200,447.7
21862800,399.55
21866400,357.91
21870000,325.6
21873600,304.84
21877200,297.04
21880800,302.73
21884400,321.52
21888000,352.14
21891600,392.49
21895200,439.83
21898800,490.92
21902400,542.3
21906000,590.45
21909600,632.09
21913200,664.4
21916800,685.16
21920400,692.96
21924000,687.27
21927600,668.48
21931200,637.86
21934800,597.51
21938400,550.17
21942000,499.08
21945600,447.7
21949200,399.55
21952800,357.91
21956400,325.6
21960000,304.84
21963600,297.04
21967200,302.73
21970800,321.52
21974400,352.14
21978000,392.49
21981600,439.83
21985200,490.92
21988800,542.3
21992400,590.45
21996000,632.09
21999600,664.4
22003200,685.16
22006800,692.96
22010400,687.27
22014000,668.48
22017600,637.86
22021200,597.51
22024800,550.17
22028400,499.08
22032000,447.7
22035600,399.55
22039200,357.91
22042800,325.6
22046400,304.84
22050000,297.04
22053600,302.73
22057200,321.52
22060800,352.14
22064400,392.49
22068000,439.83
22071600,490.92
22075200,542.3
22078800,590.45
22082400,632.09
22086000,664.4
22089600,685.16
22093200,692.96
22096800,687.27
22100400,668.48
22104000,637.86
22107600,597.51
22111200,550.17
22114800,499.08
22118400,447.7
22122000,399.55
22125600,357.91
22129200,325.6
22132800,304.84
22136400,297.04
22140000,302.73
22143600,321.52
22147200,352.14
22150800,392.49
22154400,439.83
22158000,490.92
22161600,542.3
22165200,590.45
22168800,632.09
22172400,664.4
22176000,685.16
22179600,692.96
22183200,687.27
22186800,668.48
22190400,637.86
22194000,597.51
22197600,550.17
22201200,499.08
22204800,447.7
22208400,399.55
22212000,357.91
22215600,325.6
22219200,304.84
22222800,297.04
22226400,302.73
22230000,321.52
22233600,352.14
22237200,392.49
22240800,439.83
22244400,490.92
22248000,542.3
22251600,590.45
22255200,632.09
22258800,664.4
22262400,685.16
22266000,692.96
22269600,687.27
22273200,668.48
22276800,637.86
22280400,597.51
22284000,550.17
22287600,499.08
22291200,447.7
22294800,399.55
22298400,357.91
22302000,325.6
22305600,304.84
22309200,297.04
22312800,302.73
22316400,321.52
22320000,352.14
22323600,392.49
22327200,439.83
22330800,490.92
22334400,542.3
22338000,590.45
22341600,632.09
22345200,664.4
22348800,685.16
22352400,692.96
22356000,687.27
22359600,668.48
22363200,637.86
22366800,597.51
22370400,550.17
22374000,499.08
22377600,447.7
22381200,399.55
22384800,357.91
22388400,325.6
22392000,304.84
22395600,297.04
22399200,302.73
22402800,321.52
22406400,352.14
22410000,392.49
22413600,439.83
22417200,490.92
22420800,542.3
22424400,590.45
22428000,632.09
22431600,664.4
22435200,685.16
22438800,692.96
22442400,687.27
22446000,668.48
22449600,637.86
22453200,597.51
22456800,550.17
22460400,499.08
22464000,447.7
22467600,399.55
22471200,357.91
22474800,325.6
22478400,304.84
22482000,297.04
22485600,302.73
22489200,321.52
22492800,352.14
22496400,392.49
22500000,439.83
22503600,490.92
22507200,542.3
22510800,590.45
22514400,632.09
22518000,664.4
22521600,685.16
22525200,692.96
22528800,687.27
22532400,668.48
22536000,637.86
22539600,597.51
22543200,550.17
22546800,499.08
22550400,447.7
22554000,399.55
22557600,357.91
22561200,325.6
22564800,304.84
22568400,297.04
22572000,302.73
22575600,321.52
22579200,352.14
22582800,392.49
22586400,439.83
22590000,490.92
22593600,542.3
22597200,590.45
22600800,632.09
22604400,664.4
22608000,685.16
22611600,692.96
22615200,687.27
22618800,668.48
22622400,637.86
22626000,597.51
22629600,550.17
22633200,499.08
22636800,447.7
22640400,399.55
22644000,357.91
22647600,325.6
22651200,304.84
22654800,297.04
22658400,302.73
22662000,321.52
22665600,352.14
22669200,392.49
22672800,439.83
22676400,490.92
22680000,542.3
22683600,590.45
22687200,632.09
22690800,664.4
22694400,685.16
22698000,692.96
22701600,687.27
22705200,668.48
22708800,637.86
22712400,597.51
22716000,550.17
22719600,499.08
22723200,447.7
22726800,399.55
22730400,357.91
22734000,325.6
22737600,304.84
22741200,297.04
22744800,302.73
22748400,321.52
22752000,352.14
22755600,392.49
22759200,439.83
22762800,490.92
22766400,542.3
22770000,590.45
22773600,632.09
22777200,664.4
22780800,685.16
22784400,692.96
22788000,687.27
22791600,668.48
22795200,637.86
22798800,597.51
22802400,550.17
22806000,499.08
22809600,447.7
22813200,399.55
22816800,357.91
22820400,325.6
22824000,304.84
22827600,297.04
22831200,302.73
22834800,321.52
22838400,352.14
22842000,392.49
22845600,439.83
22849200,490.92
22852800,542.3
22856400,590.45
22860000,632.09
22863600,664.4
22867200,685.16
22870800,692.96
22874400,687.27
22878000,668.48
22881600,637.86
22885200,597.51
22888800,550.17
22892400,499.08
22896000,447.7
22899600,399.55
22903200,357.91
22906800,325.6
22910400,304.84
22914000,297.04
22917600,302.73
22921200,321.52
22924800,352.14
22928400,392.49
22932000,439.83
22935600,490.92
22939200,542.3
22942800,590.45
22946400,632.09
22950000,664.4
22953600,685.16
22957200,692.96
22960800,687.27
22964400,668.48
22968000,637.86
22971600,597.51
22975200,550.17
22978800,499.08
22982400,447.7
22986000,399.55
22989600,357.91
22993200,325.6
22996800,304.84
23000400,297.04
23004000,302.73
23007600,321.52
23011200,352.14
23014800,392.49
23018400,439.83
23022000,490.92
23025600,542.3
23029200,590.45
23032800,632.09
23036400,664.4
23040000,685.16
23043600,692.96
23047200,687.27
23050800,668.48
23054400,637.86
23058000,597.51
23061600,550.17
23065200,499.08
23068800,447.7
23072400,399.55
23076000,357.91
23079600,325.6
23083200,304.84
23086800,297.04
23090400,302.73
23094000,321.52
23097600,352.14
23101200,392.49
23104800,439.83
23108400,490.92
23112000,542.3
23115600,590.45
23119200,632.09
23122800,664.4
23126400,685.16
23130000,692.96
23133600,687.27
23137200,668.48
23140800,637.86
23144400,597.51
23148000,550.17
23151600,499.08
23155200,447.7
23158800,399.55
23162400,357.91
23166000,325.6
23169600,304.84
23173200,297.04
23176800,302.73
23180400,321.52
23184000,352.14
23187600,392.49
23191200,439.83
23194800,490.92
23198400,542.3
23202000,590.45
23205600,632.09
23209200,664.4
23212800,685.16
23216400,692.96
23220000,687.27
23223600,668.48
23227200,637.86
23230800,597.51
23234400,550.17
23238000,499.08
23241600,447.7
23245200,399.55
23248800,357.91
23252400,325.6
23256000,304.84
23259600,297.04
23263200,302.73
23266800,321.52
23270400,352.14
23274000,392.49
23277600,439.83
23281200,490.92
23284800,542.3
23288400,590.45
23292000,632.09
23295600,664.4
23299200,685.16
23302800,692.96
23306400,687.27
23310000,668.48
23313600,637.86
23317200,597.51
23320800,550.17
23324400,499.08
23328000,447.7
23331600,399.55
23335200,357.91
23338800,325.6
23342400,304.84
23346000,297.04
23349600,302.73
23353200,321.52
23356800,352.14
23360400,392.49
23364000,439.83
23367600,490.92
23371200,542.3
23374800,590.45
23378400,632.09
23382000,664.4
23385600,685.16
23389200,692.96
23392800,687.27
23396400,668.48
23400000,637.86
23403600,597.51
23407200,550.17
23410800,499.08
23414400,447.7
23418000,399.55
23421600,357.91
23425200,325.6
23428800,304.84
23432400,297.04
23436000,302.73
23439600,321.52
23443200,352.14
23446800,392.49
23450400,439.83
23454000,490.92
23457600,542.3
23461200,590.45
23464800,632.09
23468400,664.4
23472000,685.16
23475600,692.96
23479200,687.27
23482800,668.48
23486400,637.86
23490000,597.51
23493600,550.17
23497200,499.08
23500800,447.7
23504400,399.55
23508000,357.91
23511600,325.6
23515200,304.84
23518800,297.04
23522400,302.73
23526000,321.52
23529600,352.14
23533200,392.49
23536800,439.83
23540400,490.92
23544000,542.3
23547600,590.45
23551200,632.09
23554800,664.4
23558400,685.16
23562000,692.96
23565600,687.27
23569200,668.48
23572800,637.86
23576400,597.51
23580000,550.17
23583600,499.08
23587200,447.7
23590800,399.55
23594400,357.91
23598000,325.6
23601600,304.84
23605200,297.04
23608800,302.73
23612400,321.52
23616000,352.14
23619600,392.49
23623200,439.83
23626800,490.92
23630400,542.3
23634000,590.45
23637600,632.09
23641200,664.4
23644800,685.16
23648400,692.96
23652000,687.27
23655600,668.48
23659200,637.86
23662800,597.51
23666400,550.17
23670000,499.08
23673600,447.7
23677200,399.55
23680800,357.91
23684400,325.6
23688000,304.84
23691600,297.04
23695200,302.73
23698800,321.52
23702400,352.14
23706000,392.49
23709600,439.83
23713200,490.92
23716800,542.3
23720400,590.45
23724000,632.09
23727600,664.4
23731200,685.16
23734800,692.96
23738400,687.27
23742000,668.48
23745600,637.86
23749200,597.51
23752800,550.17
23756400,499.08
23760000,447.7
23763600,399.55
23767200,357.91
23770800,325.6
23774400,304.84
23778000,297.04
23781600,302.73
23785200,321.52
23788800,352.14
23792400,392.49
23796000,439.83
23799600,490.92
23803200,542.3
23806800,590.45
23810400,632.09
23814000,664.4
23817600,685.16
23821200,692.96
23824800,687.27
23828400,668.48
23832000,637.86
23835600,597.51
23839200,550.17
23842800,499.08
23846400,447.7
23850000,399.55
23853600,357.91
23857200,325.6
23860800,304.84
23864400,297.04
23868000,302.73
23871600,321.52
23875200,352.14
23878800,392.49
23882400,439.83
23886000,490.92
23889600,542.3
23893200,590.45
23896800,632.09
23900400,664.4
23904000,685.16
23907600,692.96
23911200,687.27
23914800,668.48
23918400,637.86
23922000,597.51
23925600,550.17
23929200,499.08
23932800,447.7
23936400,399.55
23940000,357.91
23943600,325.6
23947200,304.84
23950800,297.04
23954400,302.73
23958000,321.52
23961600,352.14
23965200,392.49
23968800,439.83
23972400,490.92
23976000,542.3
23979600,590.45
23983200,632.09
23986800,664.4
23990400,685.16
23994000,692.96
23997600,687.27
24001200,668.48
24004800,637.86
24008400,597.51
24012000,550.17
24015600,499.08
24019200,447.7
24022800,399.55
24026400,357.91
24030000,325.6
24033600,304.84
24037200,297.04
24040800,302.73
24044400,321.52
24048000,352.14
24051600,392.49
24055200,439.83
24058800,490.92
24062400,542.3
24066000,590.45
24069600,632.09
24073200,664.4
24076800,685.16
24080400,692.96
24084000,687.27
24087600,668.48
24091200,637.86
24094800,597.51
24098400,550.17
24102000,499.08
24105600,447.7
24109200,399.55
24112800,357.91
24116400,325.6
24120000,304.84
24123600,297.04
24127200,302.73
24130800,321.52
24134400,352.14
24138000,392.49
24141600,439.83
24145200,490.92
24148800,542.3
24152400,590.45
24156000,632.09
24159600,664.4
24163200,685.16
24166800,692.96
24170400,687.27
24174000,668.48
24177600,637.86
24181200,597.51
24184800,550.17
24188400,499.08
24192000,447.7
24195600,399.55
24199200,357.91
24202800,325.6
24206400,304.84
24210000,297.04
24213600,302.73
24217200,321.52
24220800,352.14
24224400,392.49
24228000,439.83
24231600,490.92
24235200,542.3
24238800,590.45
24242400,632.09
24246000,664.4
24249600,685.16
24253200,692.96
24256800,687.27
24260400,668.48
24264000,637.86
24267600,597.51
24271200,550.17
24274800,499.08
24278400,447.7
24282000,399.55
24285600,357.91
24289200,325.6
24292800,304.84
24296400,297.04
24300000,302.73
24303600,321.52
24307200,352.14
24310800,392.49
24314400,439.83
24318000,490.92
24321600,542.3
24325200,590.45
24328800,632.09
24332400,664.4
24336000,685.16
24339600,692.96
24343200,687.27
24346800,668.48
24350400,637.86
24354000,597.51
24357600,550.17
24361200,499.08
24364800,447.7
24368400,399.55
24372000,357.91
24375600,325.6
24379200,304.84
24382800,297.04
24386400,302.73
24390000,321.52
24393600,352.14
24397200,392.49
24400800,439.83
24404400,490.92
24408000,542.3
24411600,590.45
24415200,632.09
24418800,664.4
24422400,685.16
24426000,692.96
24429600,687.27
24433200,668.48
24436800,637.86
24440400,597.51
24444000,550.17
24447600,499.08
24451200,447.7
24454800,399.55
24458400,357.91
24462000,325.6
24465600,304.84
24469200,297.04
24472800,302.73
24476400,321.52
24480000,352.14
24483600,392.49
24487200,439.83
24490800,490.92
24494400,542.3
24498000,590.45
24501600,632.09
24505200,664.4
24508800,685.16
24512400,692.96
24516000,687.27
24519600,668.48
24523200,637.86
24526800,597.51
24530400,550.17
24534000,499.08
24537600,447.7
24541200,399.55
24544800,357.91
24548400,325.6
24552000,304.84
24555600,297.04
24559200,302.73
24562800,321.52
24566400,352.14
24570000,392.49
24573600,439.83
24577200,490.92
24580800,542.3
24584400,590.45
24588000,632.09
24591600,664.4
24595200,685.16
24598800,692.96
24602400,687.27
24606000,668.48
24609600,637.86
24613200,597.51
24616800,550.17
24620400,499.08
24624000,447.7
24627600,399.55
24631200,357.91
24634800,325.6
24638400,304.84
24642000,297.04
24645600,302.73
24649200,321.52
24652800,352.14
24656400,392.49
24660000,439.83
24663600,490.92
24667200,542.3
24670800,590.45
24674400,632.09
24678000,664.4
24681600,685.16
24685200,692.96
24688800,687.27
24692400,668.48
24696000,637.86
24699600,597.51
24703200,550.17
24706800,499.08
24710400,447.7
24714000,399.55
24717600,357.91
24721200,325.6
24724800,304.84
24728400,297.04
24732000,302.73
24735600,321.52
24739200,352.14
24742800,392.49
24746400,439.83
24750000,490.92
24753600,542.3
24757200,590.45
24760800,632.09
24764400,664.4
24768000,685.16
24771600,692.96
24775200,687.27
24778800,668.48
24782400,637.86
24786000,597.51
24789600,550.17
24793200,499.08
24796800,447.7
24800400,399.55
24804000,357.91
24807600,325.6
24811200,304.84
24814800,297.04
24818400,302.73
24822000,321.52
24825600,352.14
24829200,392.49
24832800,439.83
24836400,490.92
24840000,542.3
24843600,590.45
24847200,632.09
24850800,664.4
24854400,685.16
24858000,692.96
24861600,687.27
24865200,668.48
24868800,637.86
24872400,597.51
24876000,550.17
24879600,499.08
24883200,447.7
24886800,399.55
24890400,357.91
24894000,325.6
24897600,304.84
24901200,297.04
24904800,302.73
24908400,321.52
24912000,352.14
24915600,392.49
24919200,439.83
24922800,490.92
24926400,542.3
24930000,590.45
24933600,632.09
24937200,664.4
24940800,685.16
24944400,692.96
24948000,687.27
24951600,668.48
24955200,637.86
24958800,597.51
24962400,550.17
24966000,499.08
24969600,447.7
24973200,399.55
24976800,357.91
24980400,325.6
24984000,304.84
24987600,297.04
24991200,302.73
24994800,321.52
24998400,352.14
25002000,392.49
25005600,439.83
25009200,490.92
25012800,542.3
25016400,590.45
25020000,632.09
25023600,664.4
25027200,685.16
25030800,692.96
25034400,687.27
25038000,668.48
25041600,637.86
25045200,597.51
25048800,550.17
25052400,499.08
25056000,447.7
25059600,399.55
25063200,357.91
25066800,325.6
25070400,304.84
25074000,297.04
25077600,302.73
25081200,321.52
25084800,352.14
25088400,392.49
25092000,439.83
25095600,490.92
25099200,542.3
25102800,590.45
25106400,632.09
25110000,664.4
25113600,685.16
25117200,692.96
25120800,687.27
25124400,668.48
25128000,637.86
25131600,597.51
25135200,550.17
25138800,499.08
25142400,447.7
25146000,399.55
25149600,357.91
25153200,325.6
25156800,304.84
25160400,297.04
25164000,302.73
25167600,321.52
25171200,352.14
25174800,392.49
25178400,439.83
25182000,490.92
25185600,542.3
25189200,590.45
25192800,632.09
25196400,664.4
25200000,685.16
25203600,692.96
25207200,687.27
25210800,668.48
25214400,637.86
25218000,597.51
25221600,550.17
25225200,499.08
25228800,447.7
25232400,399.55
25236000,357.91
25239600,325.6
25243200,304.84
25246800,297.04
25250400,302.73
25254000,321.52
25257600,352.14
25261200,392.49
25264800,439.83
25268400,490.92
25272000,542.3
25275600,590.45
25279200,632.09
25282800,664.4
25286400,685.16
25290000,692.96
25293600,687.27
25297200,668.48
25300800,637.86
25304400,597.51
25308000,550.17
25311600,499.08
25315200,447.7
25318800,399.55
25322400,357.91
25326000,325.6
25329600,304.84
25333200,297.04
25336800,302.73
25340400,321.52
25344000,352.14
25347600,392.49
25351200,439.83
25354800,490.92
25358400,542.3
25362000,590.45
25365600,632.09
25369200,664.4
25372800,685.16
25376400,692.96
25380000,687.27
25383600,668.48
25387200,637.86
25390800,597.51
25394400,550.17
25398000,499.08
25401600,447.7
25405200,399.55
25408800,357.91
25412400,325.6
25416000,304.84
25419600,297.04
25423200,302.73
25426800,321.52
25430400,352.14
25434000,392.49
25437600,439.83
25441200,490.92
25444800,542.3
25448400,590.45
25452000,632.09
25455600,664.4
25459200,685.16
25462800,692.96
25466400,687.27
25470000,668.48
25473600,637.86
25477200,597.51
25480800,550.17
25484400,499.08
25488000,447.7
25491600,399.55
25495200,357.91
25498800,325.6
25502400,304.84
25506000,297.04
25509600,302.73
25513200,321.52
25516800,352.14
25520400,392.49
25524000,439.83
25527600,490.92
25531200,542.3
25534800,590.45
25538400,632.09
25542000,664.4
25545600,685.16
25549200,692.96
25552800,687.27
25556400,668.48
25560000,637.86
25563600,597.51
25567200,550.17
25570800,499.08
25574400,447.7
25578000,399.55
25581600,357.91
25585200,325.6
25588800,304.84
25592400,297.04
25596000,302.73
25599600,321.52
25603200,352.14
25606800,392.49
25610400,439.83
25614000,490.92
25617600,542.3
25621200,590.45
25624800,632.09
25628400,664.4
25632000,685.16
25635600,692.96
25639200,687.27
25642800,668.48
25646400,637.86
25650000,597.51
25653600,550.17
25657200,499.08
25660800,447.7
25664400,399.55
25668000,357.91
25671600,325.6
25675200,304.84
25678800,297.04
25682400,302.73
25686000,321.52
25689600,352.14
25693200,392.49
25696800,439.83
25700400,490.92
25704000,542.3
25707600,590.45
25711200,632.09
25714800,664.4
25718400,685.16
25722000,692.96
25725600,687.27
25729200,668.48
25732800,637.86
25736400,597.51
25740000,550.17
25743600,499.08
25747200,447.7
25750800,399.55
25754400,357.91
25758000,325.6
25761600,304.84
25765200,297.04
25768800,302.73
25772400,321.52
25776000,352.14
25779600,392.49
25783200,439.83
25786800,490.92
25790400,542.3
25794000,590.45
25797600,632.09
25801200,664.4
25804800,685.16
25808400,692.96
25812000,687.27
25815600,668.48
25819200,637.86
25822800,597.51
25826400,550.17
25830000,499.08
25833600,447.7
25837200,399.55
25840800,357.91
25844400,325.6
25848000,304.84
25851600,297.04
25855200,302.73
25858800,321.52
25862400,352.14
25866000,392.49
25869600,439.83
25873200,490.92
25876800,542.3
25880400,590.45
25884000,632.09
25887600,664.4
25891200,685.16
25894800,692.96
25898400,687.27
25902000,668.48
25905600,637.86
25909200,597.51
25912800,550.17
25916400,499.08
25920000,447.7
25923600,399.55
25927200,357.91
25930800,325.6
25934400,304.84
25938000,297.04
25941600,302.73
25945200,321.52
25948800,352.14
25952400,392.49
25956000,439.83
25959600,490.92
25963200,542.3
25966800,590.45
25970400,632.09
25974000,664.4
25977600,685.16
25981200,692.96
25984800,687.27
25988400,668.48
25992000,637.86
25995600,597.51
25999200,550.17
26002800,499.08
26006400,447.7
26010000,399.55
26013600,357.91
26017200,325.6
26020800,304.84
26024400,297.04
26028000,302.73
26031600,321.52
26035200,352.14
26038800,392.49
26042400,439.83
26046000,490.92
26049600,542.3
26053200,590.45
26056800,632.09
26060400,664.4
26064000,685.16
26067600,692.96
26071200,687.27
26074800,668.48
26078400,637.86
26082000,597.51
26085600,550.17
26089200,499.08
26092800,447.7
26096400,399.55
26100000,357.91
26103600,325.6
26107200,304.84
26110800,297.04
26114400,302.73
26118000,321.52
26121600,352.14
26125200,392.49
26128800,439.83
26132400,490.92
26136000,542.3
26139600,590.45
26143200,632.09
26146800,664.4
26150400,685.16
26154000,692.96
26157600,687.27
26161200,668.48
26164800,637.86
26168400,597.51
26172000,550.17
26175600,499.08
26179200,447.7
26182800,399.55
26186400,357.91
26190000,325.6
26193600,304.84
26197200,297.04
26200800,302.73
26204400,321.52
26208000,352.14
26211600,392.49
26215200,439.83
26218800,490.92
26222400,542.3
26226000,590.45
26229600,632.09
26233200,664.4
26236800,685.16
26240400,692.96
26244000,687.27
26247600,668.48
26251200,637.86
26254800,597.51
26258400,550.17
26262000,499.08
26265600,447.7
26269200,399.55
26272800,357.91
26276400,325.6
26280000,304.84
26283600,297.04
26287200,302.73
26290800,321.52
26294400,352.14
26298000,392.49
26301600,439.83
26305200,490.92
26308800,542.3
26312400,590.45
26316000,632.09
26319600,664.4
26323200,685.16
26326800,692.96
26330400,687.27
26334000,668.48
26337600,637.86
26341200,597.51
26344800,550.17
26348400,499.08
26352000,447.7
26355600,399.55
26359200,357.91
26362800,325.6
26366400,304.84
26370000,297.04
26373600,302.73
26377200,321.52
26380800,352.14
26384400,392.49
26388000,439.83
26391600,490.92
26395200,542.3
26398800,590.45
26402400,632.09
26406000,664.4
26409600,685.16
26413200,692.96
26416800,687.27
26420400,668.48
26424000,637.86
26427600,597.51
26431200,550.17
26434800,499.08
26438400,447.7
26442000,399.55
26445600,357.91
26449200,325.6
26452800,304.84
26456400,297.04
26460000,302.73
26463600,321.52
26467200,352.14
26470800,392.49
26474400,439.83
26478000,490.92
26481600,542.3
26485200,590.45
26488800,632.09
26492400,664.4
26496000,685.16
26499600,692.96
26503200,687.27
26506800,668.48
26510400,637.86
26514000,597.51
26517600,550.17
26521200,499.08
26524800,447.7
26528400,399.55
26532000,357.91
26535600,325.6
26539200,304.84
26542800,297.04
26546400,302.73
26550000,321.52
26553600,352.14
26557200,392.49
26560800,439.83
26564400,490.92
26568000,542.3
26571600,590.45
26575200,632.09
26578800,664.4
26582400,685.16
26586000,692.96
26589600,687.27
26593200,668.48
26596800,637.86
26600400,597.51
26604000,550.17
26607600,499.08
26611200,447.7
26614800,399.55
26618400,357.91
26622000,325.6
26625600,304.84
26629200,297.04
26632800,302.73
26636400,321.52
26640000,352.14
26643600,392.49
26647200,439.83
26650800,490.92
26654400,542.3
26658000,590.45
26661600,632.09
26665200,664.4
26668800,685.16
26672400,692.96
26676000,687.27
26679600,668.48
26683200,637.86
26686800,597.51
26690400,550.17
26694000,499.08
26697600,447.7
26701200,399.55
26704800,357.91
26708400,325.6
26712000,304.84
26715600,297.04
26719200,302.73
26722800,321.52
26726400,352.14
26730000,392.49
26733600,439.83
26737200,490.92
26740800,542.3
26744400,590.45
26748000,632.09
26751600,664.4
26755200,685.16
26758800,692.96
26762400,687.27
26766000,668.48
26769600,637.86
26773200,597.51
26776800,550.17
26780400,499.08
26784000,447.7
26787600,399.55
26791200,357.91
26794800,325.6
26798400,304.84
26802000,297.04
26805600,302.73
26809200,321.52
26812800,352.14
26816400,392.49
26820000,439.83
26823600,490.92
26827200,542.3
26830800,590.45
26834400,632.09
26838000,664.4
26841600,685.16
26845200,692.96
26848800,687.27
26852400,668.48
26856000,637.86
26859600,597.51
26863200,550.17
26866800,499.08
26870400,447.7
26874000,399.55
26877600,357.91
26881200,325.6
26884800,304.84
26888400,297.04
26892000,302.73
26895600,321.52
26899200,352.14
26902800,392.49
26906400,439.83
26910000,490.92
26913600,542.3
26917200,590.45
26920800,632.09
26924400,664.4
26928000,685.16
26931600,692.96
26935200,687.27
26938800,668.48
26942400,637.86
26946000,597.51
26949600,550.17
26953200,499.08
26956800,447.7
26960400,399.55
26964000,357.91
26967600,325.6
26971200,304.84
26974800,297.04
26978400,302.73
26982000,321.52
26985600,352.14
26989200,392.49
26992800,439.83
26996400,490.92
27000000,542.3
27003600,590.45
27007200,632.09
27010800,664.4
27014400,685.16
27018000,692.96
27021600,687.27
27025200,668.48
27028800,637.86
27032400,597.51
27036000,550.17
27039600,499.08
27043200,447.7
27046800,399.55
27050400,357.91
27054000,325.6
27057600,304.84
27061200,297.04
27064800,302.73
27068400,321.52
27072000,352.14
27075600,392.49
27079200,439.83
27082800,490.92
27086400,542.3
27090000,590.45
27093600,632.09
27097200,664.4
27100800,685.16
27104400,692.96
27108000,687.27
27111600,668.48
27115200,637.86
27118800,597.51
27122400,550.17
27126000,499.08
27129600,447.7
27133200,399.55
27136800,357.91
27140400,325.6
27144000,304.84
27147600,297.04
27151200,302.73
27154800,321.52
27158400,352.14
27162000,392.49
27165600,439.83
27169200,490.92
27172800,542.3
27176400,590.45
27180000,632.09
27183600,664.4
27187200,685.16
27190800,692.96
27194400,687.27
27198000,668.48
27201600,637.86
27205200,597.51
27208800,550.17
27212400,499.08
27216000,447.7
27219600,399.55
27223200,357.91
27226800,325.6
27230400,304.84
27234000,297.04
27237600,302.73
27241200,321.52
27244800,352.14
27248400,392.49
27252000,439.83
27255600,490.92
27259200,542.3
27262800,590.45
27266400,632.09
27270000,664.4
27273600,685.16
27277200,692.96
27280800,687.27
27284400,668.48
27288000,637.86
27291600,597.51
27295200,550.17
27298800,499.08
27302400,447.7
27306000,399.55
27309600,357.91
27313200,325.6
27316800,304.84
27320400,297.04
27324000,302.73
27327600,321.52
27331200,352.14
27334800,392.49
27338400,439.83
27342000,490.92
27345600,542.3
27349200,590.45
27352800,632.09
27356400,664.4
27360000,685.16
27363600,692.96
27367200,687.27
27370800,668.48
27374400,637.86
27378000,597.51
27381600,550.17
27385200,499.08
27388800,447.7
27392400,399.55
27396000,357.91
27399600,325.6
27403200,304.84
27406800,297.04
27410400,302.73
27414000,321.52
27417600,352.14
27421200,392.49
27424800,439.83
27428400,490.92
27432000,542.3
27435600,590.45
27439200,632.09
27442800,664.4
27446400,685.16
27450000,692.96
27453600,687.27
27457200,668.48
27460800,637.86
27464400,597.51
27468000,550.17
27471600,499.08
27475200,447.7
27478800,399.55
27482400,357.91
27486000,325.6
27489600,304.84
27493200,297.04
27496800,302.73
27500400,321.52
27504000,352.14
27507600,392.49
27511200,439.83
27514800,490.92
27518400,542.3
27522000,590.45
27525600,632.09
27529200,664.4
27532800,685.16
27536400,692.96
27540000,687.27
27543600,668.48
27547200,637.86
27550800,597.51
27554400,550.17
27558000,499.08
27561600,447.7
27565200,399.55
27568800,357.91
27572400,325.6
27576000,304.84
27579600,297.04
27583200,302.73
27586800,321.52
27590400,352.14
27594000,392.49
27597600,439.83
27601200,490.92
27604800,542.3
27608400,590.45
27612000,632.09
27615600,664.4
27619200,685.16
27622800,692.96
27626400,687.27
27630000,668.48
27633600,637.86
27637200,597.51
27640800,550.17
27644400,499.08
27648000,447.7
27651600,399.55
27655200,357.91
27658800,325.6
27662400,304.84
27666000,297.04
27669600,302.73
27673200,321.52
27676800,352.14
27680400,392.49
27684000,439.83
27687600,490.92
27691200,542.3
27694800,590.45
27698400,632.09
27702000,664.4
27705600,685.16
27709200,692.96
27712800,687.27
27716400,668.48
27720000,637.86
27723600,597.51
27727200,550.17
27730800,499.08
27734400,447.7
27738000,399.55
27741600,357.91
27745200,325.6
27748800,304.84
27752400,297.04
27756000,302.73
27759600,321.52
27763200,352.14
27766800,392.49
27770400,439.83
27774000,490.92
27777600,542.3
27781200,590.45
27784800,632.09
27788400,664.4
27792000,685.16
27795600,692.96
27799200,687.27
27802800,668.48
27806400,637.86
27810000,597.51
27813600,550.17
27817200,499.08
27820800,447.7
27824400,399.55
27828000,357.91
27831600,325.6
27835200,304.84
27838800,297.04
27842400,302.73
27846000,321.52
27849600,352.14
27853200,392.49
27856800,439.83
27860400,490.92
27864000,542.3
27867600,590.45
27871200,632.09
27874800,664.4
27878400,685.16
27882000,692.96
27885600,687.27
27889200,668.48
27892800,637.86
27896400,597.51
27900000,550.17
27903600,499.08
27907200,447.7
27910800,399.55
27914400,357.91
27918000,325.6
27921600,304.84
27925200,297.04
27928800,302.73
27932400,321.52
27936000,352.14
27939600,392.49
27943200,439.83
27946800,490.92
27950400,542.3
27954000,590.45
27957600,632.09
27961200,664.4
27964800,685.16
27968400,692.96
27972000,687.27
27975600,668.48
27979200,637.86
27982800,597.51
27986400,550.17
27990000,499.08
27993600,447.7
27997200,399.55
28000800,357.91
28004400,325.6
28008000,304.84
28011600,297.04
28015200,302.73
28018800,321.52
28022400,352.14
28026000,392.49
28029600,439.83
28033200,490.92
28036800,542.3
28040400,590.45
28044000,632.09
28047600,664.4
28051200,685.16
28054800,692.96
28058400,687.27
28062000,668.48
28065600,637.86
28069200,597.51
28072800,550.17
28076400,499.08
28080000,447.7
28083600,399.55
28087200,357.91
28090800,325.6
28094400,304.84
28098000,297.04
28101600,302.73
28105200,321.52
28108800,352.14
28112400,392.49
28116000,439.83
28119600,490.92
28123200,542.3
28126800,590.45
28130400,632.09
28134000,664.4
28137600,685.16
28141200,692.96
28144800,687.27
28148400,668.48
28152000,637.86
28155600,597.51
28159200,550.17
28162800,499.08
28166400,447.7
28170000,399.55
28173600,357.91
28177200,325.6
28180800,304.84
28184400,297.04
28188000,302.73
28191600,321.52
28195200,352.14
28198800,392.49
28202400,439.83
28206000,490.92
28209600,542.3
28213200,590.45
28216800,632.09
28220400,664.4
28224000,685.16
28227600,692.96
28231200,687.27
28234800,668.48
28238400,637.86
28242000,597.51
28245600,550.17
28249200,499.08
28252800,447.7
28256400,399.55
28260000,357.91
28263600,325.6
28267200,304.84
28270800,297.04
28274400,302.73
28278000,321.52
28281600,352.14
28285200,392.49
28288800,439.83
28292400,490.92
28296000,542.3
28299600,590.45
28303200,632.09
28306800,664.4
28310400,685.16
28314000,692.96
28317600,687.27
28321200,668.48
28324800,637.86
28328400,597.51
28332000,550.17
28335600,499.08
28339200,447.7
28342800,399.55
28346400,357.91
28350000,325.6
28353600,304.84
28357200,297.04
28360800,302.73
28364400,321.52
28368000,352.14
28371600,392.49
28375200,439.83
28378800,490.92
28382400,542.3
28386000,590.45
28389600,632.09
28393200,664.4
28396800,685.16
28400400,692.96
28404000,687.27
28407600,668.48
28411200,637.86
28414800,597.51
28418400,550.17
28422000,499.08
28425600,447.7
28429200,399.55
28432800,357.91
28436400,325.6
28440000,304.84
28443600,297.04
28447200,302.73
28450800,321.52
28454400,352.14
28458000,392.49
28461600,439.83
28465200,490.92
28468800,542.3
28472400,590.45
28476000,632.09
28479600,664.4
28483200,685.16
28486800,692.96
28490400,687.27
28494000,668.48
28497600,637.86
28501200,597.51
28504800,550.17
28508400,499.08
28512000,447.7
28515600,399.55
28519200,357.91
28522800,325.6
28526400,304.84
28530000,297.04
28533600,302.73
28537200,321.52
28540800,352.14
28544400,392.49
28548000,439.83
28551600,490.92
28555200,542.3
28558800,590.45
28562400,632.09
28566000,664.4
28569600,685.16
28573200,692.96
28576800,687.27
28580400,668.48
28584000,637.86
28587600,597.51
28591200,550.17
28594800,499.08
28598400,447.7
28602000,399.55
28605600,357.91
28609200,325.6
28612800,304.84
28616400,297.04
28620000,302.73
28623600,321.52
28627200,352.14
28630800,392.49
28634400,439.83
28638000,490.92
28641600,542.3
28645200,590.45
28648800,632.09
28652400,664.4
28656000,685.16
28659600,692.96
28663200,687.27
28666800,668.48
28670400,637.86
28674000,597.51
28677600,550.17
28681200,499.08
28684800,447.7
28688400,399.55
28692000,357.91
28695600,325.6
28699200,304.84
28702800,297.04
28706400,302.73
28710000,321.52
28713600,352.14
28717200,392.49
28720800,439.83
28724400,490.92
28728000,542.3
28731600,590.45
28735200,632.09
28738800,664.4
28742400,685.16
28746000,692.96
28749600,687.27
28753200,668.48
28756800,637.86
28760400,597.51
28764000,550.17
28767600,499.08
28771200,447.7
28774800,399.55
28778400,357.91
28782000,325.6
28785600,304.84
28789200,297.04
28792800,302.73
28796400,321.52
28800000,352.14
28803600,392.49
28807200,439.83
28810800,490.92
28814400,542.3
28818000,590.45
28821600,632.09
28825200,664.4
28828800,685.16
28832400,692.96
28836000,687.27
28839600,668.48
28843200,637.86
28846800,597.51
28850400,550.17
28854000,499.08
28857600,447.7
28861200,399.55
28864800,357.91
28868400,325.6
28872000,304.84
28875600,297.04
28879200,302.73
28882800,321.52
28886400,352.14
28890000,392.49
28893600,439.83
28897200,490.92
28900800,542.3
28904400,590.45
28908000,632.09
28911600,664.4
28915200,685.16
28918800,692.96
28922400,687.27
28926000,668.48
28929600,637.86
28933200,597.51
28936800,550.17
28940400,499.08
28944000,447.7
28947600,399.55
28951200,357.91
28954800,325.6
28958400,304.84
28962000,297.04
28965600,302.73
28969200,321.52
28972800,352.14
28976400,392.49
28980000,439.83
28983600,490.92
28987200,542.3
28990800,590.45
28994400,632.09
28998000,664.4
29001600,685.16
29005200,692.96
29008800,687.27
29012400,668.48
29016000,637.86
29019600,597.51
29023200,550.17
29026800,499.08
29030400,447.7
29034000,399.55
29037600,357.91
29041200,325.6
29044800,304.84
29048400,297.04
29052000,302.73
29055600,321.52
29059200,352.14
29062800,392.49
29066400,439.83
29070000,490.92
29073600,542.3
29077200,590.45
29080800,632.09
29084400,664.4
29088000,685.16
29091600,692.96
29095200,687.27
29098800,668.48
29102400,637.86
29106000,597.51
29109600,550.17
29113200,499.08
29116800,447.7
29120400,399.55
29124000,357.91
29127600,325.6
29131200,304.84
29134800,297.04
29138400,302.73
29142000,321.52
29145600,352.14
29149200,392.49
29152800,439.83
29156400,490.92
29160000,542.3
29163600,590.45
29167200,632.09
29170800,664.4
29174400,685.16
29178000,692.96
29181600,687.27
29185200,668.48
29188800,637.86
29192400,597.51
29196000,550.17
29199600,499.08
29203200,447.7
29206800,399.55
29210400,357.91
29214000,325.6
29217600,304.84
29221200,297.04
29224800,302.73
29228400,321.52
29232000,352.14
29235600,392.49
29239200,439.83
29242800,490.92
29246400,542.3
29250000,590.45
29253600,632.09
29257200,664.4
29260800,685.16
29264400,692.96
29268000,687.27
29271600,668.48
29275200,637.86
29278800,597.51
29282400,550.17
29286000,499.08
29289600,447.7
29293200,399.55
29296800,357.91
29300400,325.6
29304000,304.84
29307600,297.04
29311200,302.73
29314800,321.52
29318400,352.14
29322000,392.49
29325600,439.83
29329200,490.92
29332800,542.3
29336400,590.45
29340000,632.09
29343600,664.4
29347200,685.16
29350800,692.96
29354400,687.27
29358000,668.48
29361600,637.86
29365200,597.51
29368800,550.17
29372400,499.08
29376000,447.7
29379600,399.55
29383200,357.91
29386800,325.6
29390400,304.84
29394000,297.04
29397600,302.73
29401200,321.52
29404800,352.14
29408400,392.49
29412000,439.83
29415600,490.92
29419200,542.3
29422800,590.45
29426400,632.09
29430000,664.4
29433600,685.16
29437200,692.96
29440800,687.27
29444400,668.48
29448000,637.86
29451600,597.51
29455200,550.17
29458800,499.08
29462400,447.7
29466000,399.55
29469600,357.91
29473200,325.6
29476800,304.84
29480400,297.04
29484000,302.73
29487600,321.52
29491200,352.14
29494800,392.49
29498400,439.83
29502000,490.92
29505600,542.3
29509200,590.45
29512800,632.09
29516400,664.4
29520000,685.16
29523600,692.96
29527200,687.27
29530800,668.48
29534400,637.86
29538000,597.51
29541600,550.17
29545200,499.08
29548800,447.7
29552400,399.55
29556000,357.91
29559600,325.6
29563200,304.84
29566800,297.04
29570400,302.73
29574000,321.52
29577600,352.14
29581200,392.49
29584800,439.83
29588400,490.92
29592000,542.3
29595600,590.45
29599200,632.09
29602800,664.4
29606400,685.16
29610000,692.96
29613600,687.27
29617200,668.48
29620800,637.86
29624400,597.51
29628000,550.17
29631600,499.08
29635200,447.7
29638800,399.55
29642400,357.91
29646000,325.6
29649600,304.84
29653200,297.04
29656800,302.73
29660400,321.52
29664000,352.14
29667600,392.49
29671200,439.83
29674800,490.92
29678400,542.3
29682000,590.45
29685600,632.09
29689200,664.4
29692800,685.16
29696400,692.96
29700000,687.27
29703600,668.48
29707200,637.86
29710800,597.51
29714400,550.17
29718000,499.08
29721600,447.7
29725200,399.55
29728800,357.91
29732400,325.6
29736000,304.84
29739600,297.04
29743200,302.73
29746800,321.52
29750400,352.14
29754000,392.49
29757600,439.83
29761200,490.92
29764800,542.3
29768400,590.45
29772000,632.09
29775600,664.4
29779200,685.16
29782800,692.96
29786400,687.27
29790000,668.48
29793600,637.86
29797200,597.51
29800800,550.17
29804400,499.08
29808000,447.7
29811600,399.55
29815200,357.91
29818800,325.6
29822400,304.84
29826000,297.04
29829600,302.73
29833200,321.52
29836800,352.14
29840400,392.49
29844000,439.83
29847600,490.92
29851200,542.3
29854800,590.45
29858400,632.09
29862000,664.4
29865600,685.16
29869200,692.96
29872800,687.27
29876400,668.48
29880000,637.86
29883600,597.51
29887200,550.17
29890800,499.08
29894400,447.7
29898000,399.55
29901600,357.91
29905200,325.6
29908800,304.84
29912400,297.04
29916000,302.73
29919600,321.52
29923200,352.14
29926800,392.49
29930400,439.83
29934000,490.92
29937600,542.3
29941200,590.45
29944800,632.09
29948400,664.4
29952000,685.16
29955600,692.96
29959200,687.27
29962800,668.48
29966400,637.86
29970000,597.51
29973600,550.17
29977200,499.08
29980800,447.7
29984400,399.55
29988000,357.91
29991600,325.6
29995200,304.84
29998800,297.04
30002400,302.73
30006000,321.52
30009600,352.14
30013200,392.49
30016800,439.83
30020400,490.92
30024000,542.3
30027600,590.45
30031200,632.09
30034800,664.4
30038400,685.16
30042000,692.96
30045600,687.27
30049200,668.48
30052800,637.86
30056400,597.51
30060000,550.17
30063600,499.08
30067200,447.7
30070800,399.55
30074400,357.91
30078000,325.6
30081600,304.84
30085200,297.04
30088800,302.73
30092400,321.52
30096000,352.14
30099600,392.49
30103200,439.83
30106800,490.92
30110400,542.3
30114000,590.45
30117600,632.09
30121200,664.4
30124800,685.16
30128400,692.96
30132000,687.27
30135600,668.48
30139200,637.86
30142800,597.51
30146400,550.17
30150000,499.08
30153600,447.7
30157200,399.55
30160800,357.91
30164400,325.6
30168000,304.84
30171600,297.04
30175200,302.73
30178800,321.52
30182400,352.14
30186000,392.49
30189600,439.83
30193200,490.92
30196800,542.3
30200400,590.45
30204000,632.09
30207600,664.4
30211200,685.16
30214800,692.96
30218400,687.27
30222000,668.48
30225600,637.86
30229200,597.51
30232800,550.17
30236400,499.08
30240000,447.7
30243600,399.55
30247200,357.91
30250800,325.6
30254400,304.84
30258000,297.04
30261600,302.73
30265200,321.52
30268800,352.14
30272400,392.49
30276000,439.83
30279600,490.92
30283200,542.3
30286800,590.45
30290400,632.09
30294000,664.4
30297600,685.16
30301200,692.96
30304800,687.27
30308400,668.48
30312000,637.86
30315600,597.51
30319200,550.17
30322800,499.08
30326400,447.7
30330000,399.55
30333600,357.91
30337200,325.6
30340800,304.84
30344400,297.04
30348000,302.73
30351600,321.52
30355200,352.14
30358800,392.49
30362400,439.83
30366000,490.92
30369600,542.3
30373200,590.45
30376800,632.09
30380400,664.4
30384000,685.16
30387600,692.96
30391200,687.27
30394800,668.48
30398400,637.86
30402000,597.51
30405600,550.17
30409200,499.08
30412800,447.7
30416400,399.55
30420000,357.91
30423600,325.6
30427200,304.84
30430800,297.04
30434400,302.73
30438000,321.52
30441600,352.14
30445200,392.49
30448800,439.83
30452400,490.92
30456000,542.3
30459600,590.45
30463200,632.09
30466800,664.4
30470400,685.16
30474000,692.96
30477600,687.27
30481200,668.48
30484800,637.86
30488400,597.51
30492000,550.17
30495600,499.08
30499200,447.7
30502800,399.55
30506400,357.91
30510000,325.6
30513600,304.84
30517200,297.04
30520800,302.73
30524400,321.52
30528000,352.14
30531600,392.49
30535200,439.83
30538800,490.92
30542400,542.3
30546000,590.45
30549600,632.09
30553200,664.4
30556800,685.16
30560400,692.96
30564000,687.27
30567600,668.48
30571200,637.86
30574800,597.51
30578400,550.17
30582000,499.08
30585600,447.7
30589200,399.55
30592800,357.91
30596400,325.6
30600000,304.84
30603600,297.04
30607200,302.73
30610800,321.52
30614400,352.14
30618000,392.49
30621600,439.83
30625200,490.92
30628800,542.3
30632400,590.45
30636000,632.09
30639600,664.4
30643200,685.16
30646800,692.96
30650400,687.27
30654000,668.48
30657600,637.86
30661200,597.51
30664800,550.17
30668400,499.08
30672000,447.7
30675600,399.55
30679200,357.91
30682800,325.6
30686400,304.84
30690000,297.04
30693600,302.73
30697200,321.52
30700800,352.14
30704400,392.49
30708000,439.83
30711600,490.92
30715200,542.3
30718800,590.45
30722400,632.09
30726000,664.4
30729600,685.16
30733200,692.96
30736800,687.27
30740400,668.48
30744000,637.86
30747600,597.51
30751200,550.17
30754800,499.08
30758400,447.7
30762000,399.55
30765600,357.91
30769200,325.6
30772800,304.84
30776400,297.04
30780000,302.73
30783600,321.52
30787200,352.14
30790800,392.49
30794400,439.83
30798000,490.92
30801600,542.3
30805200,590.45
30808800,632.09
30812400,664.4
30816000,685.16
30819600,692.96
30823200,687.27
30826800,668.48
30830400,637.86
30834000,597.51
30837600,550.17
30841200,499.08
30844800,447.7
30848400,399.55
30852000,357.91
30855600,325.6
30859200,304.84
30862800,297.04
30866400,302.73
30870000,321.52
30873600,352.14
30877200,392.49
30880800,439.83
30884400,490.92
30888000,542.3
30891600,590.45
30895200,632.09
30898800,664.4
30902400,685.16
30906000,692.96
30909600,687.27
30913200,668.48
30916800,637.86
30920400,597.51
30924000,550.17
30927600,499.08
30931200,447.7
30934800,399.55
30938400,357.91
30942000,325.6
30945600,304.84
30949200,297.04
30952800,302.73
30956400,321.52
30960000,352.14
30963600,392.49
30967200,439.83
30970800,490.92
30974400,542.3
30978000,590.45
30981600,632.09
30985200,664.4
30988800,685.16
30992400,692.96
30996000,687.27
30999600,668.48
31003200,637.86
31006800,597.51
31010400,550.17
31014000,499.08
31017600,447.7
31021200,399.55
31024800,357.91
31028400,325.6
31032000,304.84
31035600,297.04
31039200,302.73
31042800,321.52
31046400,352.14
31050000,392.49
31053600,439.83
31057200,490.92
31060800,542.3
31064400,590.45
31068000,632.09
31071600,664.4
31075200,685.16
31078800,692.96
31082400,687.27
31086000,668.48
31089600,637.86
31093200,597.51
31096800,550.17
31100400,499.08
31104000,447.7
31107600,399.55
31111200,357.91
31114800,325.6
31118400,304.84
31122000,297.04
31125600,302.73
31129200,321.52
31132800,352.14
31136400,392.49
31140000,439.83
31143600,490.92
31147200,542.3
31150800,590.45
31154400,632.09
31158000,664.4
31161600,685.16
31165200,692.96
31168800,687.27
31172400,668.48
31176000,637.86
31179600,597.51
31183200,550.17
31186800,499.08
31190400,447.7
31194000,399.55
31197600,357.91
31201200,325.6
31204800,304.84
31208400,297.04
31212000,302.73
31215600,321.52
31219200,352.14
31222800,392.49
31226400,439.83
31230000,490.92
31233600,542.3
31237200,590.45
31240800,632.09
31244400,664.4
31248000,685.16
31251600,692.96
31255200,687.27
31258800,668.48
31262400,637.86
31266000,597.51
31269600,550.17
31273200,499.08
31276800,447.7
31280400,399.55
31284000,357.91
31287600,325.6
31291200,304.84
31294800,297.04
31298400,302.73
31302000,321.52
31305600,352.14
31309200,392.49
31312800,439.83
31316400,490.92
31320000,542.3
31323600,590.45
31327200,632.09
31330800,664.4
31334400,685.16
31338000,692.96
31341600,687.27
31345200,668.48
31348800,637.86
31352400,597.51
31356000,550.17
31359600,499.08
31363200,447.7
31366800,399.55
31370400,357.91
31374000,325.6
31377600,304.84
31381200,297.04
31384800,302.73
31388400,321.52
31392000,352.14
31395600,392.49
31399200,439.83
31402800,490.92
31406400,542.3
31410000,590.45
31413600,632.09
31417200,664.4
31420800,685.16
31424400,692.96
31428000,687.27
31431600,668.48
31435200,637.86
31438800,597.51
31442400,550.17
31446000,499.08
31449600,447.7
31453200,399.55
31456800,357.91
31460400,325.6
31464000,304.84
31467600,297.04
31471200,302.73
31474800,321.52
31478400,352.14
31482000,392.49
31485600,439.83
31489200,490.92
31492800,542.3
31496400,590.45
31500000,632.09
31503600,664.4
31507200,685.16
31510800,692.96
31514400,687.27
31518000,668.48
31521600,637.86
31525200,597.51
31528800,550.17
31532400,499.08
31536000,447.7
