t_seconds,gco2_per_kwh
0,369.79
3600,403.66
7200,433.39
10800,456.94
14400,472.72
18000,479.64
21600,477.24
25200,465.67
28800,445.73
32400,418.78
36000,386.65
39600,351.53
43200,315.81
46800,281.94
50400,252.21
54000,228.66
57600,212.88
61200,205.96
64800,208.36
68400,219.93
72000,239.87
75600,266.82
79200,298.95
82800,334.07
86400,369.79
90000,403.66
93600,433.39
97200,456.94
100800,472.72
104400,479.64
108000,477.24
111600,465.67
115200,445.73
118800,418.78
122400,386.65
126000,351.53
129600,315.81
133200,281.94
136800,252.21
140400,228.66
144000,212.88
147600,205.96
151200,208.36
154800,219.93
158400,239.87
162000,266.82
165600,298.95
169200,334.07
172800,369.79
176400,403.66
180000,433.39
183600,456.94
187200,472.72
190800,479.64
194400,477.24
198000,465.67
201600,445.73
205200,418.78
208800,386.65
212400,351.53
216000,315.81
219600,281.94
223200,252.21
226800,228.66
230400,212.88
234000,205.96
237600,208.36
241200,219.93
244800,239.87
248400,266.82
252000,298.95
255600,334.07
259200,369.79
262800,403.66
266400,433.39
270000,456.94
273600,472.72
277200,479.64
280800,477.24
284400,465.67
288000,445.73
291600,418.78
295200,386.65
298800,351.53
302400,315.81
306000,281.94
309600,252.21
313200,228.66
316800,212.88
320400,205.96
324000,208.36
327600,219.93
331200,239.87
334800,266.82
338400,298.95
342000,334.07
345600,369.79
349200,403.66
352800,433.39
356400,456.94
360000,472.72
363600,479.64
367200,477.24
370800,465.67
374400,445.73
378000,418.78
381600,386.65
385200,351.53
388800,315.81
392400,281.94
396000,252.21
399600,228.66
403200,212.88
406800,205.96
410400,208.36
414000,219.93
417600,239.87
421200,266.82
424800,298.95
428400,334.07
432000,369.79
435600,403.66
439200,433.39
442800,456.94
446400,472.72
450000,479.64
453600,477.24
457200,465.67
460800,445.73
464400,418.78
468000,386.65
471600,351.53
475200,315.81
478800,281.94
482400,252.21
486000,228.66
489600,212.88
493200,205.96
496800,208.36
500400,219.93
504000,239.87
507600,266.82
511200,298.95
514800,334.07
518400,369.79
522000,403.66
525600,433.39
529200,456.94
532800,472.72
536400,479.64
540000,477.24
543600,465.67
547200,445.73
550800,418.78
554400,386.65
558000,351.53
561600,315.81
565200,281.94
568800,252.21
572400,228.66
576000,212.88
579600,205.96
583200,208.36
586800,219.93
590400,239.87
594000,266.82
597600,298.95
601200,334.07
604800,369.79
608400,403.66
612000,433.39
615600,456.94
619200,472.72
622800,479.64
626400,477.24
630000,465.67
633600,445.73
637200,418.78
640800,386.65
644400,351.53
648000,315.81
651600,281.94
655200,252.21
658800,228.66
662400,212.88
666000,205.96
669600,208.36
673200,219.93
676800,239.87
680400,266.82
684000,298.95
687600,334.07
691200,369.79
694800,403.66
698400,433.39
702000,456.94
705600,472.72
709200,479.64
712800,477.24
716400,465.67
720000,445.73
723600,418.78
727200,386.65
730800,351.53
734400,315.81
738000,281.94
741600,252.21
745200,228.66
748800,212.88
752400,205.96
756000,208.36
759600,219.93
763200,239.87
766800,266.82
770400,298.95
774000,334.07
777600,369.79
781200,403.66
784800,433.39
788400,456.94
792000,472.72
795600,479.64
799200,477.24
802800,465.67
806400,445.73
810000,418.78
813600,386.65
817200,351.53
820800,315.81
824400,281.94
828000,252.21
831600,228.66
835200,212.88
838800,205.96
842400,208.36
846000,219.93
849600,239.87
853200,266.82
856800,298.95
860400,334.07
864000,369.79
867600,403.66
871200,433.39
874800,456.94
878400,472.72
882000,479.64
885600,477.24
889200,465.67
892800,445.73
896400,418.78
900000,386.65
903600,351.53
907200,315.81
910800,281.94
914400,252.21
918000,228.66
921600,212.88
925200,205.96
928800,208.36
932400,219.93
936000,239.87
939600,266.82
943200,298.95
946800,334.07
950400,369.79
954000,403.66
957600,433.39
961200,456.94
964800,472.72
968400,479.64
972000,477.24
975600,465.67
979200,445.73
982800,418.78
986400,386.65
990000,351.53
993600,315.81
997200,281.94
1000800,252.21
1004400,228.66
1008000,212.88
1011600,205.96
1015200,208.36
1018800,219.93
1022400,239.87
1026000,266.82
1029600,298.95
1033200,334.07
1036800,369.79
1040400,403.66
1044000,433.39
1047600,456.94
1051200,472.72
1054800,479.64
1058400,477.24
1062000,465.67
1065600,445.73
1069200,418.78
1072800,386.65
1076400,351.53
1080000,315.81
1083600,281.94
1087200,252.21
1090800,228.66
1094400,212.88
1098000,205.96
1101600,208.36
1105200,219.93
1108800,239.87
1112400,266.82
1116000,298.95
1119600,334.07
1123200,369.79
1126800,403.66
1130400,433.39
1134000,456.94
1137600,472.72
1141200,479.64
1144800,477.24
1148400,465.67
1152000,445.73
1155600,418.78
1159200,386.65
1162800,351.53
1166400,315.81
1170000,281.94
1173600,252.21
1177200,228.66
1180800,212.88
1184400,205.96
1188000,208.36
1191600,219.93
1195200,239.87
1198800,266.82
1202400,298.95
1206000,334.07
1209600,369.79
1213200,403.66
1216800,433.39
1220400,456.94
1224000,472.72
1227600,479.64
1231200,477.24
1234800,465.67
1238400,445.73
1242000,418.78
1245600,386.65
1249200,351.53
1252800,315.81
1256400,281.94
1260000,252.21
1263600,228.66
1267200,212.88
1270800,205.96
1274400,208.36
1278000,219.93
1281600,239.87
1285200,266.82
1288800,298.95
1292400,334.07
1296000,369.79
1299600,403.66
1303200,433.39
1306800,456.94
1310400,472.72
1314000,479.64
1317600,477.24
1321200,465.67
1324800,445.73
1328400,418.78
1332000,386.65
1335600,351.53
1339200,315.81
1342800,281.94
1346400,252.21
1350000,228.66
1353600,212.88
1357200,205.96
1360800,208.36
1364400,219.93
1368000,239.87
1371600,266.82
1375200,298.95
1378800,334.07
1382400,369.79
1386000,403.66
1389600,433.39
1393200,456.94
1396800,472.72
1400400,479.64
1404000,477.24
1407600,465.67
1411200,445.73
1414800,418.78
1418400,386.65
1422000,351.53
1425600,315.81
1429200,281.94
1432800,252.21
1436400,228.66
1440000,212.88
1443600,205.96
1447200,208.36
1450800,219.93
1454400,239.87
1458000,266.82
1461600,298.95
1465200,334.07
1468800,369.79
1472400,403.66
1476000,433.39
1479600,456.94
1483200,472.72
1486800,479.64
1490400,477.24
1494000,465.67
1497600,445.73
1501200,418.78
1504800,386.65
1508400,351.53
1512000,315.81
1515600,281.94
1519200,252.21
1522800,228.66
1526400,212.88
1530000,205.96
1533600,208.36
1537200,219.93
1540800,239.87
1544400,266.82
1548000,298.95
1551600,334.07
1555200,369.79
1558800,403.66
1562400,433.39
1566000,456.94
1569600,472.72
1573200,479.64
1576800,477.24
1580400,465.67
1584000,445.73
1587600,418.78
1591200,386.65
1594800,351.53
1598400,315.81
1602000,281.94
1605600,252.21
1609200,228.66
1612800,212.88
1616400,205.96
1620000,208.36
1623600,219.93
1627200,239.87
1630800,266.82
1634400,298.95
1638000,334.07
1641600,369.79
1645200,403.66
1648800,433.39
1652400,456.94
1656000,472.72
1659600,479.64
1663200,477.24
1666800,465.67
1670400,445.73
1674000,418.78
1677600,386.65
1681200,351.53
1684800,315.81
1688400,281.94
1692000,252.21
1695600,228.66
1699200,212.88
1702800,205.96
1706400,208.36
1710000,219.93
1713600,239.87
1717200,266.82
1720800,298.95
1724400,334.07
1728000,369.79
1731600,403.66
1735200,433.39
1738800,456.94
1742400,472.72
1746000,479.64
1749600,477.24
1753200,465.67
1756800,445.73
1760400,418.78
1764000,386.65
1767600,351.53
1771200,315.81
1774800,281.94
1778400,252.21
1782000,228.66
1785600,212.88
1789200,205.96
1792800,208.36
1796400,219.93
1800000,239.87
1803600,266.82
1807200,298.95
1810800,334.07
1814400,369.79
1818000,403.66
1821600,433.39
1825200,456.94
1828800,472.72
1832400,479.64
1836000,477.24
1839600,465.67
1843200,445.73
1846800,418.78
1850400,386.65
1854000,351.53
1857600,315.81
1861200,281.94
1864800,252.21
1868400,228.66
1872000,212.88
1875600,205.96
1879200,208.36
1882800,219.93
1886400,239.87
1890000,266.82
1893600,298.95
1897200,334.07
1900800,369.79
1904400,403.66
1908000,433.39
1911600,456.94
1915200,472.72
1918800,479.64
1922400,477.24
1926000,465.67
1929600,445.73
1933200,418.78
1936800,386.65
1940400,351.53
1944000,315.81
1947600,281.94
1951200,252.21
1954800,228.66
1958400,212.88
1962000,205.96
1965600,208.36
1969200,219.93
1972800,239.87
1976400,266.82
1980000,298.95
1983600,334.07
1987200,369.79
1990800,403.66
1994400,433.39
1998000,456.94
2001600,472.72
2005200,479.64
2008800,477.24
2012400,465.67
2016000,445.73
2019600,418.78
2023200,386.65
2026800,351.53
2030400,315.81
2034000,281.94
2037600,252.21
2041200,228.66
2044800,212.88
2048400,205.96
2052000,208.36
2055600,219.93
2059200,239.87
2062800,266.82
2066400,298.95
2070000,334.07
2073600,369.79
2077200,403.66
2080800,433.39
2084400,456.94
2088000,472.72
2091600,479.64
2095200,477.24
2098800,465.67
2102400,445.73
2106000,418.78
2109600,386.65
2113200,351.53
2116800,315.81
2120400,281.94
2124000,252.21
2127600,228.66
2131200,212.88
2134800,205.96
2138400,208.36
2142000,219.93
2145600,239.87
2149200,266.82
2152800,298.95
2156400,334.07
2160000,369.79
2163600,403.66
2167200,433.39
2170800,456.94
2174400,472.72
2178000,479.64
2181600,477.24
2185200,465.67
2188800,445.73
2192400,418.78
2196000,386.65
2199600,351.53
2203200,315.81
2206800,281.94
2210400,252.21
2214000,228.66
2217600,212.88
2221200,205.96
2224800,208.36
2228400,219.93
2232000,239.87
2235600,266.82
2239200,298.95
2242800,334.07
2246400,369.79
2250000,403.66
2253600,433.39
2257200,456.94
2260800,472.72
2264400,479.64
2268000,477.24
2271600,465.67
2275200,445.73
2278800,418.78
2282400,386.65
2286000,351.53
2289600,315.81
2293200,281.94
2296800,252.21
2300400,228.66
2304000,212.88
2307600,205.96
2311200,208.36
2314800,219.93
2318400,239.87
2322000,266.82
2325600,298.95
2329200,334.07
2332800,369.79
2336400,403.66
2340000,433.39
2343600,456.94
2347200,472.72
2350800,479.64
2354400,477.24
2358000,465.67
2361600,445.73
2365200,418.78
2368800,386.65
2372400,351.53
2376000,315.81
2379600,281.94
2383200,252.21
2386800,228.66
2390400,212.88
2394000,205.96
2397600,208.36
2401200,219.93
2404800,239.87
2408400,266.82
2412000,298.95
2415600,334.07
2419200,369.79
2422800,403.66
2426400,433.39
2430000,456.94
2433600,472.72
2437200,479.64
2440800,477.24
2444400,465.67
2448000,445.73
2451600,418.78
2455200,386.65
2458800,351.53
2462400,315.81
2466000,281.94
2469600,252.21
2473200,228.66
2476800,212.88
2480400,205.96
2484000,208.36
2487600,219.93
2491200,239.87
2494800,266.82
2498400,298.95
2502000,334.07
2505600,369.79
2509200,403.66
2512800,433.39
2516400,456.94
2520000,472.72
2523600,479.64
2527200,477.24
2530800,465.67
2534400,445.73
2538000,418.78
2541600,386.65
2545200,351.53
2548800,315.81
2552400,281.94
2556000,252.21
2559600,228.66
2563200,212.88
2566800,205.96
2570400,208.36
2574000,219.93
2577600,239.87
2581200,266.82
2584800,298.95
2588400,334.07
2592000,369.79
2595600,403.66
2599200,433.39
2602800,456.94
2606400,472.72
2610000,479.64
2613600,477.24
2617200,465.67
2620800,445.73
2624400,418.78
2628000,386.65
2631600,351.53
2635200,315.81
2638800,281.94
2642400,252.21
2646000,228.66
2649600,212.88
2653200,205.96
2656800,208.36
2660400,219.93
2664000,239.87
2667600,266.82
2671200,298.95
2674800,334.07
2678400,369.79
2682000,403.66
2685600,433.39
2689200,456.94
2692800,472.72
2696400,479.64
2700000,477.24
2703600,465.67
2707200,445.73
2710800,418.78
2714400,386.65
2718000,351.53
2721600,315.81
2725200,281.94
2728800,252.21
2732400,228.66
2736000,212.88
2739600,205.96
2743200,208.36
2746800,219.93
2750400,239.87
2754000,266.82
2757600,298.95
2761200,334.07
2764800,369.79
2768400,403.66
2772000,433.39
2775600,456.94
2779200,472.72
2782800,479.64
2786400,477.24
2790000,465.67
2793600,445.73
2797200,418.78
2800800,386.65
2804400,351.53
2808000,315.81
2811600,281.94
2815200,252.21
2818800,228.66
2822400,212.88
2826000,205.96
2829600,208.36
2833200,219.93
2836800,239.87
2840400,266.82
2844000,298.95
2847600,334.07
2851200,369.79
2854800,403.66
2858400,433.39
2862000,456.94
2865600,472.72
2869200,479.64
2872800,477.24
2876400,465.67
2880000,445.73
2883600,418.78
2887200,386.65
2890800,351.53
2894400,315.81
2898000,281.94
2901600,252.21
2905200,228.66
2908800,212.88
2912400,205.96
2916000,208.36
2919600,219.93
2923200,239.87
2926800,266.82
2930400,298.95
2934000,334.07
2937600,369.79
2941200,403.66
2944800,433.39
2948400,456.94
2952000,472.72
2955600,479.64
2959200,477.24
2962800,465.67
2966400,445.73
2970000,418.78
2973600,386.65
2977200,351.53
2980800,315.81
2984400,281.94
2988000,252.21
2991600,228.66
2995200,212.88
2998800,205.96
3002400,208.36
3006000,219.93
3009600,239.87
3013200,266.82
3016800,298.95
3020400,334.07
3024000,369.79
3027600,403.66
3031200,433.39
3034800,456.94
3038400,472.72
3042000,479.64
3045600,477.24
3049200,465.67
3052800,445.73
3056400,418.78
3060000,386.65
3063600,351.53
3067200,315.81
3070800,281.94
3074400,252.21
3078000,228.66
3081600,212.88
3085200,205.96
3088800,208.36
3092400,219.93
3096000,239.87
3099600,266.82
3103200,298.95
3106800,334.07
3110400,369.79
3114000,403.66
3117600,433.39
3121200,456.94
3124800,472.72
3128400,479.64
3132000,477.24
3135600,465.67
3139200,445.73
3142800,418.78
3146400,386.65
3150000,351.53
3153600,315.81
3157200,281.94
3160800,252.21
3164400,228.66
3168000,212.88
3171600,205.96
3175200,208.36
3178800,219.93
3182400,239.87
3186000,266.82
3189600,298.95
3193200,334.07
3196800,369.79
3200400,403.66
3204000,433.39
3207600,456.94
3211200,472.72
3214800,479.64
3218400,477.24
3222000,465.67
3225600,445.73
3229200,418.78
3232800,386.65
3236400,351.53
3240000,315.81
3243600,281.94
3247200,252.21
3250800,228.66
3254400,212.88
3258000,205.96
3261600,208.36
3265200,219.93
3268800,239.87
3272400,266.82
3276000,298.95
3279600,334.07
3283200,369.79
3286800,403.66
3290400,433.39
3294000,456.94
3297600,472.72
3301200,479.64
3304800,477.24
3308400,465.67
3312000,445.73
3315600,418.78
3319200,386.65
3322800,351.53
3326400,315.81
3330000,281.94
3333600,252.21
3337200,228.66
3340800,212.88
3344400,205.96
3348000,208.36
3351600,219.93
3355200,239.87
3358800,266.82
3362400,298.95
3366000,334.07
3369600,369.79
3373200,403.66
3376800,433.39
3380400,456.94
3384000,472.72
3387600,479.64
3391200,477.24
3394800,465.67
3398400,445.73
3402000,418.78
3405600,386.65
3409200,351.53
3412800,315.81
3416400,281.94
3420000,252.21
3423600,228.66
3427200,212.88
3430800,205.96
3434400,208.36
3438000,219.93
3441600,239.87
3445200,266.82
3448800,298.95
3452400,334.07
3456000,369.79
3459600,403.66
3463200,433.39
3466800,456.94
3470400,472.72
3474000,479.64
3477600,477.24
3481200,465.67
3484800,445.73
3488400,418.78
3492000,386.65
3495600,351.53
3499200,315.81
3502800,281.94
3506400,252.21
3510000,228.66
3513600,212.88
3517200,205.96
3520800,208.36
3524400,219.93
3528000,239.87
3531600,266.82
3535200,298.95
3538800,334.07
3542400,369.79
3546000,403.66
3549600,433.39
3553200,456.94
3556800,472.72
3560400,479.64
3564000,477.24
3567600,465.67
3571200,445.73
3574800,418.78
3578400,386.65
3582000,351.53
3585600,315.81
3589200,281.94
3592800,252.21
3596400,228.66
3600000,212.88
3603600,205.96
3607200,208.36
3610800,219.93
3614400,239.87
3618000,266.82
3621600,298.95
3625200,334.07
3628800,369.79
3632400,403.66
3636000,433.39
3639600,456.94
3643200,472.72
3646800,479.64
3650400,477.24
3654000,465.67
3657600,445.73
3661200,418.78
3664800,386.65
3668400,351.53
3672000,315.81
3675600,281.94
3679200,252.21
3682800,228.66
3686400,212.88
3690000,205.96
3693600,208.36
3697200,219.93
3700800,239.87
3704400,266.82
3708000,298.95
3711600,334.07
3715200,369.79
3718800,403.66
3722400,433.39
3726000,456.94
3729600,472.72
3733200,479.64
3736800,477.24
3740400,465.67
3744000,445.73
3747600,418.78
3751200,386.65
3754800,351.53
3758400,315.81
3762000,281.94
3765600,252.21
3769200,228.66
3772800,212.88
3776400,205.96
3780000,208.36
3783600,219.93
3787200,239.87
3790800,266.82
3794400,298.95
3798000,334.07
3801600,369.79
3805200,403.66
3808800,433.39
3812400,456.94
3816000,472.72
3819600,479.64
3823200,477.24
3826800,465.67
3830400,445.73
3834000,418.78
3837600,386.65
3841200,351.53
3844800,315.81
3848400,281.94
3852000,252.21
3855600,228.66
3859200,212.88
3862800,205.96
3866400,208.36
3870000,219.93
3873600,239.87
3877200,266.82
3880800,298.95
3884400,334.07
3888000,369.79
3891600,403.66
3895200,433.39
3898800,456.94
3902400,472.72
3906000,479.64
3909600,477.24
3913200,465.67
3916800,445.73
3920400,418.78
3924000,386.65
3927600,351.53
3931200,315.81
3934800,281.94
3938400,252.21
3942000,228.66
3945600,212.88
3949200,205.96
3952800,208.36
3956400,219.93
3960000,239.87
3963600,266.82
3967200,298.95
3970800,334.07
3974400,369.79
3978000,403.66
3981600,433.39
3985200,456.94
3988800,472.72
3992400,479.64
3996000,477.24
3999600,465.67
4003200,445.73
4006800,418.78
4010400,386.65
4014000,351.53
4017600,315.81
4021200,281.94
4024800,252.21
4028400,228.66
4032000,212.88
4035600,205.96
4039200,208.36
4042800,219.93
4046400,239.87
4050000,266.82
4053600,298.95
4057200,334.07
4060800,369.79
4064400,403.66
4068000,433.39
4071600,456.94
4075200,472.72
4078800,479.64
4082400,477.24
4086000,465.67
4089600,445.73
4093200,418.78
4096800,386.65
4100400,351.53
4104000,315.81
4107600,281.94
4111200,252.21
4114800,228.66
4118400,212.88
4122000,205.96
4125600,208.36
4129200,219.93
4132800,239.87
4136400,266.82
4140000,298.95
4143600,334.07
4147200,369.79
4150800,403.66
4154400,433.39
4158000,456.94
4161600,472.72
4165200,479.64
4168800,477.24
4172400,465.67
4176000,445.73
4179600,418.78
4183200,386.65
4186800,351.53
4190400,315.81
4194000,281.94
4197600,252.21
4201200,228.66
4204800,212.88
4208400,205.96
4212000,208.36
4215600,219.93
4219200,239.87
4222800,266.82
4226400,298.95
4230000,334.07
4233600,369.79
4237200,403.66
4240800,433.39
4244400,456.94
4248000,472.72
4251600,479.64
4255200,477.24
4258800,465.67
4262400,445.73
4266000,418.78
4269600,386.65
4273200,351.53
4276800,315.81
4280400,281.94
4284000,252.21
4287600,228.66
4291200,212.88
4294800,205.96
4298400,208.36
4302000,219.93
4305600,239.87
4309200,266.82
4312800,298.95
4316400,334.07
4320000,369.79
4323600,403.66
4327200,433.39
4330800,456.94
4334400,472.72
4338000,479.64
4341600,477.24
4345200,465.67
4348800,445.73
4352400,418.78
4356000,386.65
4359600,351.53
4363200,315.81
4366800,281.94
4370400,252.21
4374000,228.66
4377600,212.88
4381200,205.96
4384800,208.36
4388400,219.93
4392000,239.87
4395600,266.82
4399200,298.95
4402800,334.07
4406400,369.79
4410000,403.66
4413600,433.39
4417200,456.94
4420800,472.72
4424400,479.64
4428000,477.24
4431600,465.67
4435200,445.73
4438800,418.78
4442400,386.65
4446000,351.53
4449600,315.81
4453200,281.94
4456800,252.21
4460400,228.66
4464000,212.88
4467600,205.96
4471200,208.36
4474800,219.93
4478400,239.87
4482000,266.82
4485600,298.95
4489200,334.07
4492800,369.79
4496400,403.66
4500000,433.39
4503600,456.94
4507200,472.72
4510800,479.64
4514400,477.24
4518000,465.67
4521600,445.73
4525200,418.78
4528800,386.65
4532400,351.53
4536000,315.81
4539600,281.94
4543200,252.21
4546800,228.66
4550400,212.88
4554000,205.96
4557600,208.36
4561200,219.93
4564800,239.87
4568400,266.82
4572000,298.95
4575600,334.07
4579200,369.79
4582800,403.66
4586400,433.39
4590000,456.94
4593600,472.72
4597200,479.64
4600800,477.24
4604400,465.67
4608000,445.73
4611600,418.78
4615200,386.65
4618800,351.53
4622400,315.81
4626000,281.94
4629600,252.21
4633200,228.66
4636800,212.88
4640400,205.96
4644000,208.36
4647600,219.93
4651200,239.87
4654800,266.82
4658400,298.95
4662000,334.07
4665600,369.79
4669200,403.66
4672800,433.39
4676400,456.94
4680000,472.72
4683600,479.64
4687200,477.24
4690800,465.67
4694400,445.73
4698000,418.78
4701600,386.65
4705200,351.53
4708800,315.81
4712400,281.94
4716000,252.21
4719600,228.66
4723200,212.88
4726800,205.96
4730400,208.36
4734000,219.93
4737600,239.87
4741200,266.82
4744800,298.95
4748400,334.07
4752000,369.79
4755600,403.66
4759200,433.39
4762800,456.94
4766400,472.72
4770000,479.64
4773600,477.24
4777200,465.67
4780800,445.73
4784400,418.78
4788000,386.65
4791600,351.53
4795200,315.81
4798800,281.94
4802400,252.21
4806000,228.66
4809600,212.88
4813200,205.96
4816800,208.36
4820400,219.93
4824000,239.87
4827600,266.82
4831200,298.95
4834800,334.07
4838400,369.79
4842000,403.66
4845600,433.39
4849200,456.94
4852800,472.72
4856400,479.64
4860000,477.24
4863600,465.67
4867200,445.73
4870800,418.78
4874400,386.65
4878000,351.53
4881600,315.81
4885200,281.94
4888800,252.21
4892400,228.66
4896000,212.88
4899600,205.96
4903200,208.36
4906800,219.93
4910400,239.87
4914000,266.82
4917600,298.95
4921200,334.07
4924800,369.79
4928400,403.66
4932000,433.39
4935600,456.94
4939200,472.72
4942800,479.64
4946400,477.24
4950000,465.67
4953600,445.73
4957200,418.78
4960800,386.65
4964400,351.53
4968000,315.81
4971600,281.94
4975200,252.21
4978800,228.66
4982400,212.88
4986000,205.96
4989600,208.36
4993200,219.93
4996800,239.87
5000400,266.82
5004000,298.95
5007600,334.07
5011200,369.79
5014800,403.66
5018400,433.39
5022000,456.94
5025600,472.72
5029200,479.64
5032800,477.24
5036400,465.67
5040000,445.73
5043600,418.78
5047200,386.65
5050800,351.53
5054400,315.81
5058000,281.94
5061600,252.21
5065200,228.66
5068800,212.88
5072400,205.96
5076000,208.36
5079600,219.93
5083200,239.87
5086800,266.82
5090400,298.95
5094000,334.07
5097600,369.79
5101200,403.66
5104800,433.39
5108400,456.94
5112000,472.72
5115600,479.64
5119200,477.24
5122800,465.67
5126400,445.73
5130000,418.78
5133600,386.65
5137200,351.53
5140800,315.81
5144400,281.94
5148000,252.21
5151600,228.66
5155200,212.88
5158800,205.96
5162400,208.36
5166000,219.93
5169600,239.87
5173200,266.82
5176800,298.95
5180400,334.07
5184000,369.79
5187600,403.66
5191200,433.39
5194800,456.94
5198400,472.72
5202000,479.64
5205600,477.24
5209200,465.67
5212800,445.73
5216400,418.78
5220000,386.65
5223600,351.53
5227200,315.81
5230800,281.94
5234400,252.21
5238000,228.66
5241600,212.88
5245200,205.96
5248800,208.36
5252400,219.93
5256000,239.87
5259600,266.82
5263200,298.95
5266800,334.07
5270400,369.79
5274000,403.66
5277600,433.39
5281200,456.94
5284800,472.72
5288400,479.64
5292000,477.24
5295600,465.67
5299200,445.73
5302800,418.78
5306400,386.65
5310000,351.53
5313600,315.81
5317200,281.94
5320800,252.21
5324400,228.66
5328000,212.88
5331600,205.96
5335200,208.36
5338800,219.93
5342400,239.87
5346000,266.82
5349600,298.95
5353200,334.07
5356800,369.79
5360400,403.66
5364000,433.39
5367600,456.94
5371200,472.72
5374800,479.64
5378400,477.24
5382000,465.67
5385600,445.73
5389200,418.78
5392800,386.65
5396400,351.53
5400000,315.81
5403600,281.94
5407200,252.21
5410800,228.66
5414400,212.88
5418000,205.96
5421600,208.36
5425200,219.93
5428800,239.87
5432400,266.82
5436000,298.95
5439600,334.07
5443200,369.79
5446800,403.66
5450400,433.39
5454000,456.94
5457600,472.72
5461200,479.64
5464800,477.24
5468400,465.67
5472000,445.73
5475600,418.78
5479200,386.65
5482800,351.53
5486400,315.81
5490000,281.94
5493600,252.21
5497200,228.66
5500800,212.88
5504400,205.96
5508000,208.36
5511600,219.93
5515200,239.87
5518800,266.82
5522400,298.95
5526000,334.07
5529600,369.79
5533200,403.66
5536800,433.39
5540400,456.94
5544000,472.72
5547600,479.64
5551200,477.24
5554800,465.67
5558400,445.73
5562000,418.78
5565600,386.65
5569200,351.53
5572800,315.81
5576400,281.94
5580000,252.21
5583600,228.66
5587200,212.88
5590800,205.96
5594400,208.36
5598000,219.93
5601600,239.87
5605200,266.82
5608800,298.95
5612400,334.07
5616000,369.79
5619600,403.66
5623200,433.39
5626800,456.94
5630400,472.72
5634000,479.64
5637600,477.24
5641200,465.67
5644800,445.73
5648400,418.78
5652000,386.65
5655600,351.53
5659200,315.81
5662800,281.94
5666400,252.21
5670000,228.66
5673600,212.88
5677200,205.96
5680800,208.36
5684400,219.93
5688000,239.87
5691600,266.82
5695200,298.95
5698800,334.07
5702400,369.79
5706000,403.66
5709600,433.39
5713200,456.94
5716800,472.72
5720400,479.64
5724000,477.24
5727600,465.67
5731200,445.73
5734800,418.78
5738400,386.65
5742000,351.53
5745600,315.81
5749200,281.94
5752800,252.21
5756400,228.66
5760000,212.88
5763600,205.96
5767200,208.36
5770800,219.93
5774400,239.87
5778000,266.82
5781600,298.95
5785200,334.07
5788800,369.79
5792400,403.66
5796000,433.39
5799600,456.94
5803200,472.72
5806800,479.64
5810400,477.24
5814000,465.67
5817600,445.73
5821200,418.78
5824800,386.65
5828400,351.53
5832000,315.81
5835600,281.94
5839200,252.21
5842800,228.66
5846400,212.88
5850000,205.96
5853600,208.36
5857200,219.93
5860800,239.87
5864400,266.82
5868000,298.95
5871600,334.07
5875200,369.79
5878800,403.66
5882400,433.39
5886000,456.94
5889600,472.72
5893200,479.64
5896800,477.24
5900400,465.67
5904000,445.73
5907600,418.78
5911200,386.65
5914800,351.53
5918400,315.81
5922000,281.94
5925600,252.21
5929200,228.66
5932800,212.88
5936400,205.96
5940000,208.36
5943600,219.93
5947200,239.87
5950800,266.82
5954400,298.95
5958000,334.07
5961600,369.79
5965200,403.66
5968800,433.39
5972400,456.94
5976000,472.72
5979600,479.64
5983200,477.24
5986800,465.67
5990400,445.73
5994000,418.78
5997600,386.65
6001200,351.53
6004800,315.81
6008400,281.94
6012000,252.21
6015600,228.66
6019200,212.88
6022800,205.96
6026400,208.36
6030000,219.93
6033600,239.87
6037200,266.82
6040800,298.95
6044400,334.07
6048000,369.79
6051600,403.66
6055200,433.39
6058800,456.94
6062400,472.72
6066000,479.64
6069600,477.24
6073200,465.67
6076800,445.73
6080400,418.78
6084000,386.65
6087600,351.53
6091200,315.81
6094800,281.94
6098400,252.21
6102000,228.66
6105600,212.88
6109200,205.96
6112800,208.36
6116400,219.93
6120000,239.87
6123600,266.82
6127200,298.95
6130800,334.07
6134400,369.79
6138000,403.66
6141600,433.39
6145200,456.94
6148800,472.72
6152400,479.64
6156000,477.24
6159600,465.67
6163200,445.73
6166800,418.78
6170400,386.65
6174000,351.53
6177600,315.81
6181200,281.94
6184800,252.21
6188400,228.66
6192000,212.88
6195600,205.96
6199200,208.36
6202800,219.93
6206400,239.87
6210000,266.82
6213600,298.95
6217200,334.07
6220800,369.79
6224400,403.66
6228000,433.39
6231600,456.94
6235200,472.72
6238800,479.64
6242400,477.24
6246000,465.67
6249600,445.73
6253200,418.78
6256800,386.65
6260400,351.53
6264000,315.81
6267600,281.94
6271200,252.21
6274800,228.66
6278400,212.88
6282000,205.96
6285600,208.36
6289200,219.93
6292800,239.87
6296400,266.82
6300000,298.95
6303600,334.07
6307200,369.79
6310800,403.66
6314400,433.39
6318000,456.94
6321600,472.72
6325200,479.64
6328800,477.24
6332400,465.67
6336000,445.73
6339600,418.78
6343200,386.65
6346800,351.53
6350400,315.81
6354000,281.94
6357600,252.21
6361200,228.66
6364800,212.88
6368400,205.96
6372000,208.36
6375600,219.93
6379200,239.87
6382800,266.82
6386400,298.95
6390000,334.07
6393600,369.79
6397200,403.66
6400800,433.39
6404400,456.94
6408000,472.72
6411600,479.64
6415200,477.24
6418800,465.67
6422400,445.73
6426000,418.78
6429600,386.65
6433200,351.53
6436800,315.81
6440400,281.94
6444000,252.21
6447600,228.66
6451200,212.88
6454800,205.96
6458400,208.36
6462000,219.93
6465600,239.87
6469200,266.82
6472800,298.95
6476400,334.07
6480000,369.79
6483600,403.66
6487200,433.39
6490800,456.94
6494400,472.72
6498000,479.64
6501600,477.24
6505200,465.67
6508800,445.73
6512400,418.78
6516000,386.65
6519600,351.53
6523200,315.81
6526800,281.94
6530400,252.21
6534000,228.66
6537600,212.88
6541200,205.96
6544800,208.36
6548400,219.93
6552000,239.87
6555600,266.82
6559200,298.95
6562800,334.07
6566400,369.79
6570000,403.66
6573600,433.39
6577200,456.94
6580800,472.72
6584400,479.64
6588000,477.24
6591600,465.67
6595200,445.73
6598800,418.78
6602400,386.65
6606000,351.53
6609600,315.81
6613200,281.94
6616800,252.21
6620400,228.66
6624000,212.88
6627600,205.96
6631200,208.36
6634800,219.93
6638400,239.87
6642000,266.82
6645600,298.95
6649200,334.07
6652800,369.79
6656400,403.66
6660000,433.39
6663600,456.94
6667200,472.72
6670800,479.64
6674400,477.24
6678000,465.67
6681600,445.73
6685200,418.78
6688800,386.65
6692400,351.53
6696000,315.81
6699600,281.94
6703200,252.21
6706800,228.66
6710400,212.88
6714000,205.96
6717600,208.36
6721200,219.93
6724800,239.87
6728400,266.82
6732000,298.95
6735600,334.07
6739200,369.79
6742800,403.66
6746400,433.39
6750000,456.94
6753600,472.72
6757200,479.64
6760800,477.24
6764400,465.67
6768000,445.73
6771600,418.78
6775200,386.65
6778800,351.53
6782400,315.81
6786000,281.94
6789600,252.21
6793200,228.66
6796800,212.88
6800400,205.96
6804000,208.36
6807600,219.93
6811200,239.87
6814800,266.82
6818400,298.95
6822000,334.07
6825600,369.79
6829200,403.66
6832800,433.39
6836400,456.94
6840000,472.72
6843600,479.64
6847200,477.24
6850800,465.67
6854400,445.73
6858000,418.78
6861600,386.65
6865200,351.53
6868800,315.81
6872400,281.94
6876000,252.21
6879600,228.66
6883200,212.88
6886800,205.96
6890400,208.36
6894000,219.93
6897600,239.87
6901200,266.82
6904800,298.95
6908400,334.07
6912000,369.79
6915600,403.66
6919200,433.39
6922800,456.94
6926400,472.72
6930000,479.64
6933600,477.24
6937200,465.67
6940800,445.73
6944400,418.78
6948000,386.65
6951600,351.53
6955200,315.81
6958800,281.94
6962400,252.21
6966000,228.66
6969600,212.88
6973200,205.96
6976800,208.36
6980400,219.93
6984000,239.87
6987600,266.82
6991200,298.95
6994800,334.07
6998400,369.79
7002000,403.66
7005600,433.39
7009200,456.94
7012800,472.72
7016400,479.64
7020000,477.24
7023600,465.67
7027200,445.73
7030800,418.78
7034400,386.65
7038000,351.53
7041600,315.81
7045200,281.94
7048800,252.21
7052400,228.66
7056000,212.88
7059600,205.96
7063200,208.36
7066800,219.93
7070400,239.87
7074000,266.82
7077600,298.95
7081200,334.07
7084800,369.79
7088400,403.66
7092000,433.39
7095600,456.94
7099200,472.72
7102800,479.64
7106400,477.24
7110000,465.67
7113600,445.73
7117200,418.78
7120800,386.65
7124400,351.53
7128000,315.81
7131600,281.94
7135200,252.21
7138800,228.66
7142400,212.88
7146000,205.96
7149600,208.36
7153200,219.93
7156800,239.87
7160400,266.82
7164000,298.95
7167600,334.07
7171200,369.79
7174800,403.66
7178400,433.39
7182000,456.94
7185600,472.72
7189200,479.64
7192800,477.24
7196400,465.67
7200000,445.73
7203600,418.78
7207200,386.65
7210800,351.53
7214400,315.81
7218000,281.94
7221600,252.21
7225200,228.66
7228800,212.88
7232400,205.96
7236000,208.36
7239600,219.93
7243200,239.87
7246800,266.82
7250400,298.95
7254000,334.07
7257600,369.79
7261200,403.66
7264800,433.39
7268400,456.94
7272000,472.72
7275600,479.64
7279200,477.24
7282800,465.67
7286400,445.73
7290000,418.78
7293600,386.65
7297200,351.53
7300800,315.81
7304400,281.94
7308000,252.21
7311600,228.66
7315200,212.88
7318800,205.96
7322400,208.36
7326000,219.93
7329600,239.87
7333200,266.82
7336800,298.95
7340400,334.07
7344000,369.79
7347600,403.66
7351200,433.39
7354800,456.94
7358400,472.72
7362000,479.64
7365600,477.24
7369200,465.67
7372800,445.73
7376400,418.78
7380000,386.65
7383600,351.53
7387200,315.81
7390800,281.94
7394400,252.21
7398000,228.66
7401600,212.88
7405200,205.96
7408800,208.36
7412400,219.93
7416000,239.87
7419600,266.82
7423200,298.95
7426800,334.07
7430400,369.79
7434000,403.66
7437600,433.39
7441200,456.94
7444800,472.72
7448400,479.64
7452000,477.24
7455600,465.67
7459200,445.73
7462800,418.78
7466400,386.65
7470000,351.53
7473600,315.81
7477200,281.94
7480800,252.21
7484400,228.66
7488000,212.88
7491600,205.96
7495200,208.36
7498800,219.93
7502400,239.87
7506000,266.82
7509600,298.95
7513200,334.07
7516800,369.79
7520400,403.66
7524000,433.39
7527600,456.94
7531200,472.72
7534800,479.64
7538400,477.24
7542000,465.67
7545600,445.73
7549200,418.78
7552800,386.65
7556400,351.53
7560000,315.81
7563600,281.94
7567200,252.21
7570800,228.66
7574400,212.88
7578000,205.96
7581600,208.36
7585200,219.93
7588800,239.87
7592400,266.82
7596000,298.95
7599600,334.07
7603200,369.79
7606800,403.66
7610400,433.39
7614000,456.94
7617600,472.72
7621200,479.64
7624800,477.24
7628400,465.67
7632000,445.73
7635600,418.78
7639200,386.65
7642800,351.53
7646400,315.81
7650000,281.94
7653600,252.21
7657200,228.66
7660800,212.88
7664400,205.96
7668000,208.36
7671600,219.93
7675200,239.87
7678800,266.82
7682400,298.95
7686000,334.07
7689600,369.79
7693200,403.66
7696800,433.39
7700400,456.94
7704000,472.72
7707600,479.64
7711200,477.24
7714800,465.67
7718400,445.73
7722000,418.78
7725600,386.65
7729200,351.53
7732800,315.81
7736400,281.94
7740000,252.21
7743600,228.66
7747200,212.88
7750800,205.96
7754400,208.36
7758000,219.93
7761600,239.87
7765200,266.82
7768800,298.95
7772400,334.07
7776000,369.79
7779600,403.66
7783200,433.39
7786800,456.94
7790400,472.72
7794000,479.64
7797600,477.24
7801200,465.67
7804800,445.73
7808400,418.78
7812000,386.65
7815600,351.53
7819200,315.81
7822800,281.94
7826400,252.21
7830000,228.66
7833600,212.88
7837200,205.96
7840800,208.36
7844400,219.93
7848000,239.87
7851600,266.82
7855200,298.95
7858800,334.07
7862400,369.79
7866000,403.66
7869600,433.39
7873200,456.94
7876800,472.72
7880400,479.64
7884000,477.24
7887600,465.67
7891200,445.73
7894800,418.78
7898400,386.65
7902000,351.53
7905600,315.81
7909200,281.94
7912800,252.21
7916400,228.66
7920000,212.88
7923600,205.96
7927200,208.36
7930800,219.93
7934400,239.87
7938000,266.82
7941600,298.95
7945200,334.07
7948800,369.79
7952400,403.66
7956000,433.39
7959600,456.94
7963200,472.72
7966800,479.64
7970400,477.24
7974000,465.67
7977600,445.73
7981200,418.78
7984800,386.65
7988400,351.53
7992000,315.81
7995600,281.94
7999200,252.21
8002800,228.66
8006400,212.88
8010000,205.96
8013600,208.36
8017200,219.93
8020800,239.87
8024400,266.82
8028000,298.95
8031600,334.07
8035200,369.79
8038800,403.66
8042400,433.39
8046000,456.94
8049600,472.72
8053200,479.64
8056800,477.24
8060400,465.67
8064000,445.73
8067600,418.78
8071200,386.65
8074800,351.53
8078400,315.81
8082000,281.94
8085600,252.21
8089200,228.66
8092800,212.88
8096400,205.96
8100000,208.36
8103600,219.93
8107200,239.87
8110800,266.82
8114400,298.95
8118000,334.07
8121600,369.79
8125200,403.66
8128800,433.39
8132400,456.94
8136000,472.72
8139600,479.64
8143200,477.24
8146800,465.67
8150400,445.73
8154000,418.78
8157600,386.65
8161200,351.53
8164800,315.81
8168400,281.94
8172000,252.21
8175600,228.66
8179200,212.88
8182800,205.96
8186400,208.36
8190000,219.93
8193600,239.87
8197200,266.82
8200800,298.95
8204400,334.07
8208000,369.79
8211600,403.66
8215200,433.39
8218800,456.94
8222400,472.72
8226000,479.64
8229600,477.24
8233200,465.67
8236800,445.73
8240400,418.78
8244000,386.65
8247600,351.53
8251200,315.81
8254800,281.94
8258400,252.21
8262000,228.66
8265600,212.88
8269200,205.96
8272800,208.36
8276400,219.93
8280000,239.87
8283600,266.82
8287200,298.95
8290800,334.07
8294400,369.79
8298000,403.66
8301600,433.39
8305200,456.94
8308800,472.72
8312400,479.64
8316000,477.24
8319600,465.67
8323200,445.73
8326800,418.78
8330400,386.65
8334000,351.53
8337600,315.81
8341200,281.94
8344800,252.21
8348400,228.66
8352000,212.88
8355600,205.96
8359200,208.36
8362800,219.93
8366400,239.87
8370000,266.82
8373600,298.95
8377200,334.07
8380800,369.79
8384400,403.66
8388000,433.39
8391600,456.94
8395200,472.72
8398800,479.64
8402400,477.24
8406000,465.67
8409600,445.73
8413200,418.78
8416800,386.65
8420400,351.53
8424000,315.81
8427600,281.94
8431200,252.21
8434800,228.66
8438400,212.88
8442000,205.96
8445600,208.36
8449200,219.93
8452800,239.87
8456400,266.82
8460000,298.95
8463600,334.07
8467200,369.79
8470800,403.66
8474400,433.39
8478000,456.94
8481600,472.72
8485200,479.64
8488800,477.24
8492400,465.67
8496000,445.73
8499600,418.78
8503200,386.65
8506800,351.53
8510400,315.81
8514000,281.94
8517600,252.21
8521200,228.66
8524800,212.88
8528400,205.96
8532000,208.36
8535600,219.93
8539200,239.87
8542800,266.82
8546400,298.95
8550000,334.07
8553600,369.79
8557200,403.66
8560800,433.39
8564400,456.94
8568000,472.72
8571600,479.64
8575200,477.24
8578800,465.67
8582400,445.73
8586000,418.78
8589600,386.65
8593200,351.53
8596800,315.81
8600400,281.94
8604000,252.21
8607600,228.66
8611200,212.88
8614800,205.96
8618400,208.36
8622000,219.93
8625600,239.87
8629200,266.82
8632800,298.95
8636400,334.07
8640000,369.79
8643600,403.66
8647200,433.39
8650800,456.94
8654400,472.72
8658000,479.64
8661600,477.24
8665200,465.67
8668800,445.73
8672400,418.78
8676000,386.65
8679600,351.53
8683200,315.81
8686800,281.94
8690400,252.21
8694000,228.66
8697600,212.88
8701200,205.96
8704800,208.36
8708400,219.93
8712000,239.87
8715600,266.82
8719200,298.95
8722800,334.07
8726400,369.79
8730000,403.66
8733600,433.39
8737200,456.94
8740800,472.72
8744400,479.64
8748000,477.24
8751600,465.67
8755200,445.73
8758800,418.78
8762400,386.65
8766000,351.53
8769600,315.81
8773200,281.94
8776800,252.21
8780400,228.66
8784000,212.88
8787600,205.96
8791200,208.36
8794800,219.93
8798400,239.87
8802000,266.82
8805600,298.95
8809200,334.07
8812800,369.79
8816400,403.66
8820000,433.39
8823600,456.94
8827200,472.72
8830800,479.64
8834400,477.24
8838000,465.67
8841600,445.73
8845200,418.78
8848800,386.65
8852400,351.53
8856000,315.81
8859600,281.94
8863200,252.21
8866800,228.66
8870400,212.88
8874000,205.96
8877600,208.36
8881200,219.93
8884800,239.87
8888400,266.82
8892000,298.95
8895600,334.07
8899200,369.79
8902800,403.66
8906400,433.39
8910000,456.94
8913600,472.72
8917200,479.64
8920800,477.24
8924400,465.67
8928000,445.73
8931600,418.78
8935200,386.65
8938800,351.53
8942400,315.81
8946000,281.94
8949600,252.21
8953200,228.66
8956800,212.88
8960400,205.96
8964000,208.36
8967600,219.93
8971200,239.87
8974800,266.82
8978400,298.95
8982000,334.07
8985600,369.79
8989200,403.66
8992800,433.39
8996400,456.94
9000000,472.72
9003600,479.64
9007200,477.24
9010800,465.67
9014400,445.73
9018000,418.78
9021600,386.65
9025200,351.53
9028800,315.81
9032400,281.94
9036000,252.21
9039600,228.66
9043200,212.88
9046800,205.96
9050400,208.36
9054000,219.93
9057600,239.87
9061200,266.82
9064800,298.95
9068400,334.07
9072000,369.79
9075600,403.66
9079200,433.39
9082800,456.94
9086400,472.72
9090000,479.64
9093600,477.24
9097200,465.67
9100800,445.73
9104400,418.78
9108000,386.65
9111600,351.53
9115200,315.81
9118800,281.94
9122400,252.21
9126000,228.66
9129600,212.88
9133200,205.96
9136800,208.36
9140400,219.93
9144000,239.87
9147600,266.82
9151200,298.95
9154800,334.07
9158400,369.79
9162000,403.66
9165600,433.39
9169200,456.94
9172800,472.72
9176400,479.64
9180000,477.24
9183600,465.67
9187200,445.73
9190800,418.78
9194400,386.65
9198000,351.53
9201600,315.81
9205200,281.94
9208800,252.21
9212400,228.66
9216000,212.88
9219600,205.96
9223200,208.36
9226800,219.93
9230400,239.87
9234000,266.82
9237600,298.95
9241200,334.07
9244800,369.79
9248400,403.66
9252000,433.39
9255600,456.94
9259200,472.72
9262800,479.64
9266400,477.24
9270000,465.67
9273600,445.73
9277200,418.78
9280800,386.65
9284400,351.53
9288000,315.81
9291600,281.94
9295200,252.21
9298800,228.66
9302400,212.88
9306000,205.96
9309600,208.36
9313200,219.93
9316800,239.87
9320400,266.82
9324000,298.95
9327600,334.07
9331200,369.79
9334800,403.66
9338400,433.39
9342000,456.94
9345600,472.72
9349200,479.64
9352800,477.24
9356400,465.67
9360000,445.73
9363600,418.78
9367200,386.65
9370800,351.53
9374400,315.81
9378000,281.94
9381600,252.21
9385200,228.66
9388800,212.88
9392400,205.96
9396000,208.36
9399600,219.93
9403200,239.87
9406800,266.82
9410400,298.95
9414000,334.07
9417600,369.79
9421200,403.66
9424800,433.39
9428400,456.94
9432000,472.72
9435600,479.64
9439200,477.24
9442800,465.67
9446400,445.73
9450000,418.78
9453600,386.65
9457200,351.53
9460800,315.81
9464400,281.94
9468000,252.21
9471600,228.66
9475200,212.88
9478800,205.96
9482400,208.36
9486000,219.93
9489600,239.87
9493200,266.82
9496800,298.95
9500400,334.07
9504000,369.79
9507600,403.66
9511200,433.39
9514800,456.94
9518400,472.72
9522000,479.64
9525600,477.24
9529200,465.67
9532800,445.73
9536400,418.78
9540000,386.65
9543600,351.53
9547200,315.81
9550800,281.94
9554400,252.21
9558000,228.66
9561600,212.88
9565200,205.96
9568800,208.36
9572400,219.93
9576000,239.87
9579600,266.82
9583200,298.95
9586800,334.07
9590400,369.79
9594000,403.66
9597600,433.39
9601200,456.94
9604800,472.72
9608400,479.64
9612000,477.24
9615600,465.67
9619200,445.73
9622800,418.78
9626400,386.65
9630000,351.53
9633600,315.81
9637200,281.94
9640800,252.21
9644400,228.66
9648000,212.88
9651600,205.96
9655200,208.36
9658800,219.93
9662400,239.87
9666000,266.82
9669600,298.95
9673200,334.07
9676800,369.79
9680400,403.66
9684000,433.39
9687600,456.94
9691200,472.72
9694800,479.64
9698400,477.24
9702000,465.67
9705600,445.73
9709200,418.78
9712800,386.65
9716400,351.53
9720000,315.81
9723600,281.94
9727200,252.21
9730800,228.66
9734400,212.88
9738000,205.96
9741600,208.36
9745200,219.93
9748800,239.87
9752400,266.82
9756000,298.95
9759600,334.07
9763200,369.79
9766800,403.66
9770400,433.39
9774000,456.94
9777600,472.72
9781200,479.64
9784800,477.24
9788400,465.67
9792000,445.73
9795600,418.78
9799200,386.65
9802800,351.53
9806400,315.81
9810000,281.94
9813600,252.21
9817200,228.66
9820800,212.88
9824400,205.96
9828000,208.36
9831600,219.93
9835200,239.87
9838800,266.82
9842400,298.95
9846000,334.07
9849600,369.79
9853200,403.66
9856800,433.39
9860400,456.94
9864000,472.72
9867600,479.64
9871200,477.24
9874800,465.67
9878400,445.73
9882000,418.78
9885600,386.65
9889200,351.53
9892800,315.81
9896400,281.94
9900000,252.21
9903600,228.66
9907200,212.88
9910800,205.96
9914400,208.36
9918000,219.93
9921600,239.87
9925200,266.82
9928800,298.95
9932400,334.07
9936000,369.79
9939600,403.66
9943200,433.39
9946800,456.94
9950400,472.72
9954000,479.64
9957600,477.24
9961200,465.67
9964800,445.73
9968400,418.78
9972000,386.65
9975600,351.53
9979200,315.81
9982800,281.94
9986400,252.21
9990000,228.66
9993600,212.88
9997200,205.96
10000800,208.36
10004400,219.93
10008000,239.87
10011600,266.82
10015200,298.95
10018800,334.07
10022400,369.79
10026000,403.66
10029600,433.39
10033200,456.94
10036800,472.72
10040400,479.64
10044000,477.24
10047600,465.67
10051200,445.73
10054800,418.78
10058400,386.65
10062000,351.53
10065600,315.81
10069200,281.94
10072800,252.21
10076400,228.66
10080000,212.88
10083600,205.96
10087200,208.36
10090800,219.93
10094400,239.87
10098000,266.82
10101600,298.95
10105200,334.07
10108800,369.79
10112400,403.66
10116000,433.39
10119600,456.94
10123200,472.72
10126800,479.64
10130400,477.24
10134000,465.67
10137600,445.73
10141200,418.78
10144800,386.65
10148400,351.53
10152000,315.81
10155600,281.94
10159200,252.21
10162800,228.66
10166400,212.88
10170000,205.96
10173600,208.36
10177200,219.93
10180800,239.87
10184400,266.82
10188000,298.95
10191600,334.07
10195200,369.79
10198800,403.66
10202400,433.39
10206000,456.94
10209600,472.72
10213200,479.64
10216800,477.24
10220400,465.67
10224000,445.73
10227600,418.78
10231200,386.65
10234800,351.53
10238400,315.81
10242000,281.94
10245600,252.21
10249200,228.66
10252800,212.88
10256400,205.96
10260000,208.36
10263600,219.93
10267200,239.87
10270800,266.82
10274400,298.95
10278000,334.07
10281600,369.79
10285200,403.66
10288800,433.39
10292400,456.94
10296000,472.72
10299600,479.64
10303200,477.24
10306800,465.67
10310400,445.73
10314000,418.78
10317600,386.65
10321200,351.53
10324800,315.81
10328400,281.94
10332000,252.21
10335600,228.66
10339200,212.88
10342800,205.96
10346400,208.36
10350000,219.93
10353600,239.87
10357200,266.82
10360800,298.95
10364400,334.07
10368000,369.79
10371600,403.66
10375200,433.39
10378800,456.94
10382400,472.72
10386000,479.64
10389600,477.24
10393200,465.67
10396800,445.73
10400400,418.78
10404000,386.65
10407600,351.53
10411200,315.81
10414800,281.94
10418400,252.21
10422000,228.66
10425600,212.88
10429200,205.96
10432800,208.36
10436400,219.93
10440000,239.87
10443600,266.82
10447200,298.95
10450800,334.07
10454400,369.79
10458000,403.66
10461600,433.39
10465200,456.94
10468800,472.72
10472400,479.64
10476000,477.24
10479600,465.67
10483200,445.73
10486800,418.78
10490400,386.65
10494000,351.53
10497600,315.81
10501200,281.94
10504800,252.21
10508400,228.66
10512000,212.88
10515600,205.96
10519200,208.36
10522800,219.93
10526400,239.87
10530000,266.82
10533600,298.95
10537200,334.07
10540800,369.79
10544400,403.66
10548000,433.39
10551600,456.94
10555200,472.72
10558800,479.64
10562400,477.24
10566000,465.67
10569600,445.73
10573200,418.78
10576800,386.65
10580400,351.53
10584000,315.81
10587600,281.94
10591200,252.21
10594800,228.66
10598400,212.88
10602000,205.96
10605600,208.36
10609200,219.93
10612800,239.87
10616400,266.82
10620000,298.95
10623600,334.07
10627200,369.79
10630800,403.66
10634400,433.39
10638000,456.94
10641600,472.72
10645200,479.64
10648800,477.24
10652400,465.67
10656000,445.73
10659600,418.78
10663200,386.65
10666800,351.53
10670400,315.81
10674000,281.94
10677600,252.21
10681200,228.66
10684800,212.88
10688400,205.96
10692000,208.36
10695600,219.93
10699200,239.87
10702800,266.82
10706400,298.95
10710000,334.07
10713600,369.79
10717200,403.66
10720800,433.39
10724400,456.94
10728000,472.72
10731600,479.64
10735200,477.24
10738800,465.67
10742400,445.73
10746000,418.78
10749600,386.65
10753200,351.53
10756800,315.81
10760400,281.94
10764000,252.21
10767600,228.66
10771200,212.88
10774800,205.96
10778400,208.36
10782000,219.93
10785600,239.87
10789200,266.82
10792800,298.95
10796400,334.07
10800000,369.79
10803600,403.66
10807200,433.39
10810800,456.94
10814400,472.72
10818000,479.64
10821600,477.24
10825200,465.67
10828800,445.73
10832400,418.78
10836000,386.65
10839600,351.53
10843200,315.81
10846800,281.94
10850400,252.21
10854000,228.66
10857600,212.88
10861200,205.96
10864800,208.36
10868400,219.93
10872000,239.87
10875600,266.82
10879200,298.95
10882800,334.07
10886400,369.79
10890000,403.66
10893600,433.39
10897200,456.94
10900800,472.72
10904400,479.64
10908000,477.24
10911600,465.67
10915200,445.73
10918800,418.78
10922400,386.65
10926000,351.53
10929600,315.81
10933200,281.94
10936800,252.21
10940400,228.66
10944000,212.88
10947600,205.96
10951200,208.36
10954800,219.93
10958400,239.87
10962000,266.82
10965600,298.95
10969200,334.07
10972800,369.79
10976400,403.66
10980000,433.39
10983600,456.94
10987200,472.72
10990800,479.64
10994400,477.24
10998000,465.67
11001600,445.73
11005200,418.78
11008800,386.65
11012400,351.53
11016000,315.81
11019600,281.94
11023200,252.21
11026800,228.66
11030400,212.88
11034000,205.96
11037600,208.36
11041200,219.93
11044800,239.87
11048400,266.82
11052000,298.95
11055600,334.07
11059200,369.79
11062800,403.66
11066400,433.39
11070000,456.94
11073600,472.72
11077200,479.64
11080800,477.24
11084400,465.67
11088000,445.73
11091600,418.78
11095200,386.65
11098800,351.53
11102400,315.81
11106000,281.94
11109600,252.21
11113200,228.66
11116800,212.88
11120400,205.96
11124000,208.36
11127600,219.93
11131200,239.87
11134800,266.82
11138400,298.95
11142000,334.07
11145600,369.79
11149200,403.66
11152800,433.39
11156400,456.94
11160000,472.72
11163600,479.64
11167200,477.24
11170800,465.67
11174400,445.73
11178000,418.78
11181600,386.65
11185200,351.53
11188800,315.81
11192400,281.94
11196000,252.21
11199600,228.66
11203200,212.88
11206800,205.96
11210400,208.36
11214000,219.93
11217600,239.87
11221200,266.82
11224800,298.95
11228400,334.07
11232000,369.79
11235600,403.66
11239200,433.39
11242800,456.94
11246400,472.72
11250000,479.64
11253600,477.24
11257200,465.67
11260800,445.73
11264400,418.78
11268000,386.65
11271600,351.53
11275200,315.81
11278800,281.94
11282400,252.21
11286000,228.66
11289600,212.88
11293200,205.96
11296800,208.36
11300400,219.93
11304000,239.87
11307600,266.82
11311200,298.95
11314800,334.07
11318400,369.79
11322000,403.66
11325600,433.39
11329200,456.94
11332800,472.72
11336400,479.64
11340000,477.24
11343600,465.67
11347200,445.73
11350800,418.78
11354400,386.65
11358000,351.53
11361600,315.81
11365200,281.94
11368800,252.21
11372400,228.66
11376000,212.88
11379600,205.96
11383200,208.36
11386800,219.93
11390400,239.87
11394000,266.82
11397600,298.95
11401200,334.07
11404800,369.79
11408400,403.66
11412000,433.39
11415600,456.94
11419200,472.72
11422800,479.64
11426400,477.24
11430000,465.67
11433600,445.73
11437200,418.78
11440800,386.65
11444400,351.53
11448000,315.81
11451600,281.94
11455200,252.21
11458800,228.66
11462400,212.88
11466000,205.96
11469600,208.36
11473200,219.93
11476800,239.87
11480400,266.82
11484000,298.95
11487600,334.07
11491200,369.79
11494800,403.66
11498400,433.39
11502000,456.94
11505600,472.72
11509200,479.64
11512800,477.24
11516400,465.67
11520000,445.73
11523600,418.78
11527200,386.65
11530800,351.53
11534400,315.81
11538000,281.94
11541600,252.21
11545200,228.66
11548800,212.88
11552400,205.96
11556000,208.36
11559600,219.93
11563200,239.87
11566800,266.82
11570400,298.95
11574000,334.07
11577600,369.79
11581200,403.66
11584800,433.39
11588400,456.94
11592000,472.72
11595600,479.64
11599200,477.24
11602800,465.67
11606400,445.73
11610000,418.78
11613600,386.65
11617200,351.53
11620800,315.81
11624400,281.94
11628000,252.21
11631600,228.66
11635200,212.88
11638800,205.96
11642400,208.36
11646000,219.93
11649600,239.87
11653200,266.82
11656800,298.95
11660400,334.07
11664000,369.79
11667600,403.66
11671200,433.39
11674800,456.94
11678400,472.72
11682000,479.64
11685600,477.24
11689200,465.67
11692800,445.73
11696400,418.78
11700000,386.65
11703600,351.53
11707200,315.81
11710800,281.94
11714400,252.21
11718000,228.66
11721600,212.88
11725200,205.96
11728800,208.36
11732400,219.93
11736000,239.87
11739600,266.82
11743200,298.95
11746800,334.07
11750400,369.79
11754000,403.66
11757600,433.39
11761200,456.94
11764800,472.72
11768400,479.64
11772000,477.24
11775600,465.67
11779200,445.73
11782800,418.78
11786400,386.65
11790000,351.53
11793600,315.81
11797200,281.94
11800800,252.21
11804400,228.66
11808000,212.88
11811600,205.96
11815200,208.36
11818800,219.93
11822400,239.87
11826000,266.82
11829600,298.95
11833200,334.07
11836800,369.79
11840400,403.66
11844000,433.39
11847600,456.94
11851200,472.72
11854800,479.64
11858400,477.24
11862000,465.67
11865600,445.73
11869200,418.78
11872800,386.65
11876400,351.53
11880000,315.81
11883600,281.94
11887200,252.21
11890800,228.66
11894400,212.88
11898000,205.96
11901600,208.36
11905200,219.93
11908800,239.87
11912400,266.82
11916000,298.95
11919600,334.07
11923200,369.79
11926800,403.66
11930400,433.39
11934000,456.94
11937600,472.72
11941200,479.64
11944800,477.24
11948400,465.67
11952000,445.73
11955600,418.78
11959200,386.65
11962800,351.53
11966400,315.81
11970000,281.94
11973600,252.21
11977200,228.66
11980800,212.88
11984400,205.96
11988000,208.36
11991600,219.93
11995200,239.87
11998800,266.82
12002400,298.95
12006000,334.07
12009600,369.79
12013200,403.66
12016800,433.39
12020400,456.94
12024000,472.72
12027600,479.64
12031200,477.24
12034800,465.67
12038400,445.73
12042000,418.78
12045600,386.65
12049200,351.53
12052800,315.81
12056400,281.94
12060000,252.21
12063600,228.66
12067200,212.88
12070800,205.96
12074400,208.36
12078000,219.93
12081600,239.87
12085200,266.82
12088800,298.95
12092400,334.07
12096000,369.79
12099600,403.66
12103200,433.39
12106800,456.94
12110400,472.72
12114000,479.64
12117600,477.24
12121200,465.67
12124800,445.73
12128400,418.78
12132000,386.65
12135600,351.53
12139200,315.81
12142800,281.94
12146400,252.21
12150000,228.66
12153600,212.88
12157200,205.96
12160800,208.36
12164400,219.93
12168000,239.87
12171600,266.82
12175200,298.95
12178800,334.07
12182400,369.79
12186000,403.66
12189600,433.39
12193200,456.94
12196800,472.72
12200400,479.64
12204000,477.24
12207600,465.67
12211200,445.73
12214800,418.78
12218400,386.65
12222000,351.53
12225600,315.81
12229200,281.94
12232800,252.21
12236400,228.66
12240000,212.88
12243600,205.96
12247200,208.36
12250800,219.93
12254400,239.87
12258000,266.82
12261600,298.95
12265200,334.07
12268800,369.79
12272400,403.66
12276000,433.39
12279600,456.94
12283200,472.72
12286800,479.64
12290400,477.24
12294000,465.67
12297600,445.73
12301200,418.78
12304800,386.65
12308400,351.53
12312000,315.81
12315600,281.94
12319200,252.21
12322800,228.66
12326400,212.88
12330000,205.96
12333600,208.36
12337200,219.93
12340800,239.87
12344400,266.82
12348000,298.95
12351600,334.07
12355200,369.79
12358800,403.66
12362400,433.39
12366000,456.94
12369600,472.72
12373200,479.64
12376800,477.24
12380400,465.67
12384000,445.73
12387600,418.78
12391200,386.65
12394800,351.53
12398400,315.81
12402000,281.94
12405600,252.21
12409200,228.66
12412800,212.88
12416400,205.96
12420000,208.36
12423600,219.93
12427200,239.87
12430800,266.82
12434400,298.95
12438000,334.07
12441600,369.79
12445200,403.66
12448800,433.39
12452400,456.94
12456000,472.72
12459600,479.64
12463200,477.24
12466800,465.67
12470400,445.73
12474000,418.78
12477600,386.65
12481200,351.53
12484800,315.81
12488400,281.94
12492000,252.21
12495600,228.66
12499200,212.88
12502800,205.96
12506400,208.36
12510000,219.93
12513600,239.87
12517200,266.82
12520800,298.95
12524400,334.07
12528000,369.79
12531600,403.66
12535200,433.39
12538800,456.94
12542400,472.72
12546000,479.64
12549600,477.24
12553200,465.67
12556800,445.73
12560400,418.78
12564000,386.65
12567600,351.53
12571200,315.81
12574800,281.94
12578400,252.21
12582000,228.66
12585600,212.88
12589200,205.96
12592800,208.36
12596400,219.93
12600000,239.87
12603600,266.82
12607200,298.95
12610800,334.07
12614400,369.79
12618000,403.66
12621600,433.39
12625200,456.94
12628800,472.72
12632400,479.64
12636000,477.24
12639600,465.67
12643200,445.73
12646800,418.78
12650400,386.65
12654000,351.53
12657600,315.81
12661200,281.94
12664800,252.21
12668400,228.66
12672000,212.88
12675600,205.96
12679200,208.36
12682800,219.93
12686400,239.87
12690000,266.82
12693600,298.95
12697200,334.07
12700800,369.79
12704400,403.66
12708000,433.39
12711600,456.94
12715200,472.72
12718800,479.64
12722400,477.24
12726000,465.67
12729600,445.73
12733200,418.78
12736800,386.65
12740400,351.53
12744000,315.81
12747600,281.94
12751200,252.21
12754800,228.66
12758400,212.88
12762000,205.96
12765600,208.36
12769200,219.93
12772800,239.87
12776400,266.82
12780000,298.95
12783600,334.07
12787200,369.79
12790800,403.66
12794400,433.39
12798000,456.94
12801600,472.72
12805200,479.64
12808800,477.24
12812400,465.67
12816000,445.73
12819600,418.78
12823200,386.65
12826800,351.53
12830400,315.81
12834000,281.94
12837600,252.21
12841200,228.66
12844800,212.88
12848400,205.96
12852000,208.36
12855600,219.93
12859200,239.87
12862800,266.82
12866400,298.95
12870000,334.07
12873600,369.79
12877200,403.66
12880800,433.39
12884400,456.94
12888000,472.72
12891600,479.64
12895200,477.24
12898800,465.67
12902400,445.73
12906000,418.78
12909600,386.65
12913200,351.53
12916800,315.81
12920400,281.94
12924000,252.21
12927600,228.66
12931200,212.88
12934800,205.96
12938400,208.36
12942000,219.93
12945600,239.87
12949200,266.82
12952800,298.95
12956400,334.07
12960000,369.79
12963600,403.66
12967200,433.39
12970800,456.94
12974400,472.72
12978000,479.64
12981600,477.24
12985200,465.67
12988800,445.73
12992400,418.78
12996000,386.65
12999600,351.53
13003200,315.81
13006800,281.94
13010400,252.21
13014000,228.66
13017600,212.88
13021200,205.96
13024800,208.36
13028400,219.93
13032000,239.87
13035600,266.82
13039200,298.95
13042800,334.07
13046400,369.79
13050000,403.66
13053600,433.39
13057200,456.94
13060800,472.72
13064400,479.64
13068000,477.24
13071600,465.67
13075200,445.73
13078800,418.78
13082400,386.65
13086000,351.53
13089600,315.81
13093200,281.94
13096800,252.21
13100400,228.66
13104000,212.88
13107600,205.96
13111200,208.36
13114800,219.93
13118400,239.87
13122000,266.82
13125600,298.95
13129200,334.07
13132800,369.79
13136400,403.66
13140000,433.39
13143600,456.94
13147200,472.72
13150800,479.64
13154400,477.24
13158000,465.67
13161600,445.73
13165200,418.78
13168800,386.65
13172400,351.53
13176000,315.81
13179600,281.94
13183200,252.21
13186800,228.66
13190400,212.88
13194000,205.96
13197600,208.36
13201200,219.93
13204800,239.87
13208400,266.82
13212000,298.95
13215600,334.07
13219200,369.79
13222800,403.66
13226400,433.39
13230000,456.94
13233600,472.72
13237200,479.64
13240800,477.24
13244400,465.67
13248000,445.73
13251600,418.78
13255200,386.65
13258800,351.53
13262400,315.81
13266000,281.94
13269600,252.21
13273200,228.66
13276800,212.88
13280400,205.96
13284000,208.36
13287600,219.93
13291200,239.87
13294800,266.82
13298400,298.95
13302000,334.07
13305600,369.79
13309200,403.66
13312800,433.39
13316400,456.94
13320000,472.72
13323600,479.64
13327200,477.24
13330800,465.67
13334400,445.73
13338000,418.78
13341600,386.65
13345200,351.53
13348800,315.81
13352400,281.94
13356000,252.21
13359600,228.66
13363200,212.88
13366800,205.96
13370400,208.36
13374000,219.93
13377600,239.87
13381200,266.82
13384800,298.95
13388400,334.07
13392000,369.79
13395600,403.66
13399200,433.39
13402800,456.94
13406400,472.72
13410000,479.64
13413600,477.24
13417200,465.67
13420800,445.73
13424400,418.78
13428000,386.65
13431600,351.53
13435200,315.81
13438800,281.94
13442400,252.21
13446000,228.66
13449600,212.88
13453200,205.96
13456800,208.36
13460400,219.93
13464000,239.87
13467600,266.82
13471200,298.95
13474800,334.07
13478400,369.79
13482000,403.66
13485600,433.39
13489200,456.94
13492800,472.72
13496400,479.64
13500000,477.24
13503600,465.67
13507200,445.73
13510800,418.78
13514400,386.65
13518000,351.53
13521600,315.81
13525200,281.94
13528800,252.21
13532400,228.66
13536000,212.88
13539600,205.96
13543200,208.36
13546800,219.93
13550400,239.87
13554000,266.82
13557600,298.95
13561200,334.07
13564800,369.79
13568400,403.66
13572000,433.39
13575600,456.94
13579200,472.72
13582800,479.64
13586400,477.24
13590000,465.67
13593600,445.73
13597200,418.78
13600800,386.65
13604400,351.53
13608000,315.81
13611600,281.94
13615200,252.21
13618800,228.66
13622400,212.88
13626000,205.96
13629600,208.36
13633200,219.93
13636800,239.87
13640400,266.82
13644000,298.95
13647600,334.07
13651200,369.79
13654800,403.66
13658400,433.39
13662000,456.94
13665600,472.72
13669200,479.64
13672800,477.24
13676400,465.67
13680000,445.73
13683600,418.78
13687200,386.65
13690800,351.53
13694400,315.81
13698000,281.94
13701600,252.21
13705200,228.66
13708800,212.88
13712400,205.96
13716000,208.36
13719600,219.93
13723200,239.87
13726800,266.82
13730400,298.95
13734000,334.07
13737600,369.79
13741200,403.66
13744800,433.39
13748400,456.94
13752000,472.72
13755600,479.64
13759200,477.24
13762800,465.67
13766400,445.73
13770000,418.78
13773600,386.65
13777200,351.53
13780800,315.81
13784400,281.94
13788000,252.21
13791600,228.66
13795200,212.88
13798800,205.96
13802400,208.36
13806000,219.93
13809600,239.87
13813200,266.82
13816800,298.95
13820400,334.07
13824000,369.79
13827600,403.66
13831200,433.39
13834800,456.94
13838400,472.72
13842000,479.64
13845600,477.24
13849200,465.67
13852800,445.73
13856400,418.78
13860000,386.65
13863600,351.53
13867200,315.81
13870800,281.94
13874400,252.21
13878000,228.66
13881600,212.88
13885200,205.96
13888800,208.36
13892400,219.93
13896000,239.87
13899600,266.82
13903200,298.95
13906800,334.07
13910400,369.79
13914000,403.66
13917600,433.39
13921200,456.94
13924800,472.72
13928400,479.64
13932000,477.24
13935600,465.67
13939200,445.73
13942800,418.78
13946400,386.65
13950000,351.53
13953600,315.81
13957200,281.94
13960800,252.21
13964400,228.66
13968000,212.88
13971600,205.96
13975200,208.36
13978800,219.93
13982400,239.87
13986000,266.82
13989600,298.95
13993200,334.07
13996800,369.79
14000400,403.66
14004000,433.39
14007600,456.94
14011200,472.72
14014800,479.64
14018400,477.24
14022000,465.67
14025600,445.73
14029200,418.78
14032800,386.65
14036400,351.53
14040000,315.81
14043600,281.94
14047200,252.21
14050800,228.66
14054400,212.88
14058000,205.96
14061600,208.36
14065200,219.93
14068800,239.87
14072400,266.82
14076000,298.95
14079600,334.07
14083200,369.79
14086800,403.66
14090400,433.39
14094000,456.94
14097600,472.72
14101200,479.64
14104800,477.24
14108400,465.67
14112000,445.73
14115600,418.78
14119200,386.65
14122800,351.53
14126400,315.81
14130000,281.94
14133600,252.21
14137200,228.66
14140800,212.88
14144400,205.96
14148000,208.36
14151600,219.93
14155200,239.87
14158800,266.82
14162400,298.95
14166000,334.07
14169600,369.79
14173200,403.66
14176800,433.39
14180400,456.94
14184000,472.72
14187600,479.64
14191200,477.24
14194800,465.67
14198400,445.73
14202000,418.78
14205600,386.65
14209200,351.53
14212800,315.81
14216400,281.94
14220000,252.21
14223600,228.66
14227200,212.88
14230800,205.96
14234400,208.36
14238000,219.93
14241600,239.87
14245200,266.82
14248800,298.95
14252400,334.07
14256000,369.79
14259600,403.66
14263200,433.39
14266800,456.94
14270400,472.72
14274000,479.64
14277600,477.24
14281200,465.67
14284800,445.73
14288400,418.78
14292000,386.65
14295600,351.53
14299200,315.81
14302800,281.94
14306400,252.21
14310000,228.66
14313600,212.88
14317200,205.96
14320800,208.36
14324400,219.93
14328000,239.87
14331600,266.82
14335200,298.95
14338800,334.07
14342400,369.79
14346000,403.66
14349600,433.39
14353200,456.94
14356800,472.72
14360400,479.64
14364000,477.24
14367600,465.67
14371200,445.73
14374800,418.78
14378400,386.65
14382000,351.53
14385600,315.81
14389200,281.94
14392800,252.21
14396400,228.66
14400000,212.88
14403600,205.96
14407200,208.36
14410800,219.93
14414400,239.87
14418000,266.82
14421600,298.95
14425200,334.07
14428800,369.79
14432400,403.66
14436000,433.39
14439600,456.94
14443200,472.72
14446800,479.64
14450400,477.24
14454000,465.67
14457600,445.73
14461200,418.78
14464800,386.65
14468400,351.53
14472000,315.81
14475600,281.94
14479200,252.21
14482800,228.66
14486400,212.88
14490000,205.96
14493600,208.36
14497200,219.93
14500800,239.87
14504400,266.82
14508000,298.95
14511600,334.07
14515200,369.79
14518800,403.66
14522400,433.39
14526000,456.94
14529600,472.72
14533200,479.64
14536800,477.24
14540400,465.67
14544000,445.73
14547600,418.78
14551200,386.65
14554800,351.53
14558400,315.81
14562000,281.94
14565600,252.21
14569200,228.66
14572800,212.88
14576400,205.96
14580000,208.36
14583600,219.93
14587200,239.87
14590800,266.82
14594400,298.95
14598000,334.07
14601600,369.79
14605200,403.66
14608800,433.39
14612400,456.94
14616000,472.72
14619600,479.64
14623200,477.24
14626800,465.67
14630400,445.73
14634000,418.78
14637600,386.65
14641200,351.53
14644800,315.81
14648400,281.94
14652000,252.21
14655600,228.66
14659200,212.88
14662800,205.96
14666400,208.36
14670000,219.93
14673600,239.87
14677200,266.82
14680800,298.95
14684400,334.07
14688000,369.79
14691600,403.66
14695200,433.39
14698800,456.94
14702400,472.72
14706000,479.64
14709600,477.24
14713200,465.67
14716800,445.73
14720400,418.78
14724000,386.65
14727600,351.53
14731200,315.81
14734800,281.94
14738400,252.21
14742000,228.66
14745600,212.88
14749200,205.96
14752800,208.36
14756400,219.93
14760000,239.87
14763600,266.82
14767200,298.95
14770800,334.07
14774400,369.79
14778000,403.66
14781600,433.39
14785200,456.94
14788800,472.72
14792400,479.64
14796000,477.24
14799600,465.67
14803200,445.73
14806800,418.78
14810400,386.65
14814000,351.53
14817600,315.81
14821200,281.94
14824800,252.21
14828400,228.66
14832000,212.88
14835600,205.96
14839200,208.36
14842800,219.93
14846400,239.87
14850000,266.82
14853600,298.95
14857200,334.07
14860800,369.79
14864400,403.66
14868000,433.39
14871600,456.94
14875200,472.72
14878800,479.64
14882400,477.24
14886000,465.67
14889600,445.73
14893200,418.78
14896800,386.65
14900400,351.53
14904000,315.81
14907600,281.94
14911200,252.21
14914800,228.66
14918400,212.88
14922000,205.96
14925600,208.36
14929200,219.93
14932800,239.87
14936400,266.82
14940000,298.95
14943600,334.07
14947200,369.79
14950800,403.66
14954400,433.39
14958000,456.94
14961600,472.72
14965200,479.64
14968800,477.24
14972400,465.67
14976000,445.73
14979600,418.78
14983200,386.65
14986800,351.53
14990400,315.81
14994000,281.94
14997600,252.21
15001200,228.66
15004800,212.88
15008400,205.96
15012000,208.36
15015600,219.93
15019200,239.87
15022800,266.82
15026400,298.95
15030000,334.07
15033600,369.79
15037200,403.66
15040800,433.39
15044400,456.94
15048000,472.72
15051600,479.64
15055200,477.24
15058800,465.67
15062400,445.73
15066000,418.78
15069600,386.65
15073200,351.53
15076800,315.81
15080400,281.94
15084000,252.21
15087600,228.66
15091200,212.88
15094800,205.96
15098400,208.36
15102000,219.93
15105600,239.87
15109200,266.82
15112800,298.95
15116400,334.07
15120000,369.79
15123600,403.66
15127200,433.39
15130800,456.94
15134400,472.72
15138000,479.64
15141600,477.24
15145200,465.67
15148800,445.73
15152400,418.78
15156000,386.65
15159600,351.53
15163200,315.81
15166800,281.94
15170400,252.21
15174000,228.66
15177600,212.88
15181200,205.96
15184800,208.36
15188400,219.93
15192000,239.87
15195600,266.82
15199200,298.95
15202800,334.07
15206400,369.79
15210000,403.66
15213600,433.39
15217200,456.94
15220800,472.72
15224400,479.64
15228000,477.24
15231600,465.67
15235200,445.73
15238800,418.78
15242400,386.65
15246000,351.53
15249600,315.81
15253200,281.94
15256800,252.21
15260400,228.66
15264000,212.88
15267600,205.96
15271200,208.36
15274800,219.93
15278400,239.87
15282000,266.82
15285600,298.95
15289200,334.07
15292800,369.79
15296400,403.66
15300000,433.39
15303600,456.94
15307200,472.72
15310800,479.64
15314400,477.24
15318000,465.67
15321600,445.73
15325200,418.78
15328800,386.65
15332400,351.53
15336000,315.81
15339600,281.94
15343200,252.21
15346800,228.66
15350400,212.88
15354000,205.96
15357600,208.36
15361200,219.93
15364800,239.87
15368400,266.82
15372000,298.95
15375600,334.07
15379200,369.79
15382800,403.66
15386400,433.39
15390000,456.94
15393600,472.72
15397200,479.64
15400800,477.24
15404400,465.67
15408000,445.73
15411600,418.78
15415200,386.65
15418800,351.53
15422400,315.81
15426000,281.94
15429600,252.21
15433200,228.66
15436800,212.88
15440400,205.96
15444000,208.36
15447600,219.93
15451200,239.87
15454800,266.82
15458400,298.95
15462000,334.07
15465600,369.79
15469200,403.66
15472800,433.39
15476400,456.94
15480000,472.72
15483600,479.64
15487200,477.24
15490800,465.67
15494400,445.73
15498000,418.78
15501600,386.65
15505200,351.53
15508800,315.81
15512400,281.94
15516000,252.21
15519600,228.66
15523200,212.88
15526800,205.96
15530400,208.36
15534000,219.93
15537600,239.87
15541200,266.82
15544800,298.95
15548400,334.07
15552000,369.79
15555600,403.66
15559200,433.39
15562800,456.94
15566400,472.72
15570000,479.64
15573600,477.24
15577200,465.67
15580800,445.73
15584400,418.78
15588000,386.65
15591600,351.53
15595200,315.81
15598800,281.94
15602400,252.21
15606000,228.66
15609600,212.88
15613200,205.96
15616800,208.36
15620400,219.93
15624000,239.87
15627600,266.82
15631200,298.95
15634800,334.07
15638400,369.79
15642000,403.66
15645600,433.39
15649200,456.94
15652800,472.72
15656400,479.64
15660000,477.24
15663600,465.67
15667200,445.73
15670800,418.78
15674400,386.65
15678000,351.53
15681600,315.81
15685200,281.94
15688800,252.21
15692400,228.66
15696000,212.88
15699600,205.96
15703200,208.36
15706800,219.93
15710400,239.87
15714000,266.82
15717600,298.95
15721200,334.07
15724800,369.79
15728400,403.66
15732000,433.39
15735600,456.94
15739200,472.72
15742800,479.64
15746400,477.24
15750000,465.67
15753600,445.73
15757200,418.78
15760800,386.65
15764400,351.53
15768000,315.81
15771600,281.94
15775200,252.21
15778800,228.66
15782400,212.88
15786000,205.96
15789600,208.36
15793200,219.93
15796800,239.87
15800400,266.82
15804000,298.95
15807600,334.07
15811200,369.79
15814800,403.66
15818400,433.39
15822000,456.94
15825600,472.72
15829200,479.64
15832800,477.24
15836400,465.67
15840000,445.73
15843600,418.78
15847200,386.65
15850800,351.53
15854400,315.81
15858000,281.94
15861600,252.21
15865200,228.66
15868800,212.88
15872400,205.96
15876000,208.36
15879600,219.93
15883200,239.87
15886800,266.82
15890400,298.95
15894000,334.07
15897600,369.79
15901200,403.66
15904800,433.39
15908400,456.94
15912000,472.72
15915600,479.64
15919200,477.24
15922800,465.67
15926400,445.73
15930000,418.78
15933600,386.65
15937200,351.53
15940800,315.81
15944400,281.94
15948000,252.21
15951600,228.66
15955200,212.88
15958800,205.96
15962400,208.36
15966000,219.93
15969600,239.87
15973200,266.82
15976800,298.95
15980400,334.07
15984000,369.79
15987600,403.66
15991200,433.39
15994800,456.94
15998400,472.72
16002000,479.64
16005600,477.24
16009200,465.67
16012800,445.73
16016400,418.78
16020000,386.65
16023600,351.53
16027200,315.81
16030800,281.94
16034400,252.21
16038000,228.66
16041600,212.88
16045200,205.96
16048800,208.36
16052400,219.93
16056000,239.87
16059600,266.82
16063200,298.95
16066800,334.07
16070400,369.79
16074000,403.66
16077600,433.39
16081200,456.94
16084800,472.72
16088400,479.64
16092000,477.24
16095600,465.67
16099200,445.73
16102800,418.78
16106400,386.65
16110000,351.53
16113600,315.81
16117200,281.94
16120800,252.21
16124400,228.66
16128000,212.88
16131600,205.96
16135200,208.36
16138800,219.93
16142400,239.87
16146000,266.82
16149600,298.95
16153200,334.07
16156800,369.79
16160400,403.66
16164000,433.39
16167600,456.94
16171200,472.72
16174800,479.64
16178400,477.24
16182000,465.67
16185600,445.73
16189200,418.78
16192800,386.65
16196400,351.53
16200000,315.81
16203600,281.94
16207200,252.21
16210800,228.66
16214400,212.88
16218000,205.96
16221600,208.36
16225200,219.93
16228800,239.87
16232400,266.82
16236000,298.95
16239600,334.07
16243200,369.79
16246800,403.66
16250400,433.39
16254000,456.94
16257600,472.72
16261200,479.64
16264800,477.24
16268400,465.67
16272000,445.73
16275600,418.78
16279200,386.65
16282800,351.53
16286400,315.81
16290000,281.94
16293600,252.21
16297200,228.66
16300800,212.88
16304400,205.96
16308000,208.36
16311600,219.93
16315200,239.87
16318800,266.82
16322400,298.95
16326000,334.07
16329600,369.79
16333200,403.66
16336800,433.39
16340400,456.94
16344000,472.72
16347600,479.64
16351200,477.24
16354800,465.67
16358400,445.73
16362000,418.78
16365600,386.65
16369200,351.53
16372800,315.81
16376400,281.94
16380000,252.21
16383600,228.66
16387200,212.88
16390800,205.96
16394400,208.36
16398000,219.93
16401600,239.87
16405200,266.82
16408800,298.95
16412400,334.07
16416000,369.79
16419600,403.66
16423200,433.39
16426800,456.94
16430400,472.72
16434000,479.64
16437600,477.24
16441200,465.67
16444800,445.73
16448400,418.78
16452000,386.65
16455600,351.53
16459200,315.81
16462800,281.94
16466400,252.21
16470000,228.66
16473600,212.88
16477200,205.96
16480800,208.36
16484400,219.93
16488000,239.87
16491600,266.82
16495200,298.95
16498800,334.07
16502400,369.79
16506000,403.66
16509600,433.39
16513200,456.94
16516800,472.72
16520400,479.64
16524000,477.24
16527600,465.67
16531200,445.73
16534800,418.78
16538400,386.65
16542000,351.53
16545600,315.81
16549200,281.94
16552800,252.21
16556400,228.66
16560000,212.88
16563600,205.96
16567200,208.36
16570800,219.93
16574400,239.87
16578000,266.82
16581600,298.95
16585200,334.07
16588800,369.79
16592400,403.66
16596000,433.39
16599600,456.94
16603200,472.72
16606800,479.64
16610400,477.24
16614000,465.67
16617600,445.73
16621200,418.78
16624800,386.65
16628400,351.53
16632000,315.81
16635600,281.94
16639200,252.21
16642800,228.66
16646400,212.88
16650000,205.96
16653600,208.36
16657200,219.93
16660800,239.87
16664400,266.82
16668000,298.95
16671600,334.07
16675200,369.79
16678800,403.66
16682400,433.39
16686000,456.94
16689600,472.72
16693200,479.64
16696800,477.24
16700400,465.67
16704000,445.73
16707600,418.78
16711200,386.65
16714800,351.53
16718400,315.81
16722000,281.94
16725600,252.21
16729200,228.66
16732800,212.88
16736400,205.96
16740000,208.36
16743600,219.93
16747200,239.87
16750800,266.82
16754400,298.95
16758000,334.07
16761600,369.79
16765200,403.66
16768800,433.39
16772400,456.94
16776000,472.72
16779600,479.64
16783200,477.24
16786800,465.67
16790400,445.73
16794000,418.78
16797600,386.65
16801200,351.53
16804800,315.81
16808400,281.94
16812000,252.21
16815600,228.66
16819200,212.88
16822800,205.96
16826400,208.36
16830000,219.93
16833600,239.87
16837200,266.82
16840800,298.95
16844400,334.07
16848000,369.79
16851600,403.66
16855200,433.39
16858800,456.94
16862400,472.72
16866000,479.64
16869600,477.24
16873200,465.67
16876800,445.73
16880400,418.78
16884000,386.65
16887600,351.53
16891200,315.81
16894800,281.94
16898400,252.21
16902000,228.66
16905600,212.88
16909200,205.96
16912800,208.36
16916400,219.93
16920000,239.87
16923600,266.82
16927200,298.95
16930800,334.07
16934400,369.79
16938000,403.66
16941600,433.39
16945200,456.94
16948800,472.72
16952400,479.64
16956000,477.24
16959600,465.67
16963200,445.73
16966800,418.78
16970400,386.65
16974000,351.53
16977600,315.81
16981200,281.94
16984800,252.21
16988400,228.66
16992000,212.88
16995600,205.96
16999200,208.36
17002800,219.93
17006400,239.87
17010000,266.82
17013600,298.95
17017200,334.07
17020800,369.79
17024400,403.66
17028000,433.39
17031600,456.94
17035200,472.72
17038800,479.64
17042400,477.24
17046000,465.67
17049600,445.73
17053200,418.78
17056800,386.65
17060400,351.53
17064000,315.81
17067600,281.94
17071200,252.21
17074800,228.66
17078400,212.88
17082000,205.96
17085600,208.36
17089200,219.93
17092800,239.87
17096400,266.82
17100000,298.95
17103600,334.07
17107200,369.79
17110800,403.66
17114400,433.39
17118000,456.94
17121600,472.72
17125200,479.64
17128800,477.24
17132400,465.67
17136000,445.73
17139600,418.78
17143200,386.65
17146800,351.53
17150400,315.81
17154000,281.94
17157600,252.21
17161200,228.66
17164800,212.88
17168400,205.96
17172000,208.36
17175600,219.93
17179200,239.87
17182800,266.82
17186400,298.95
17190000,334.07
17193600,369.79
17197200,403.66
17200800,433.39
17204400,456.94
17208000,472.72
17211600,479.64
17215200,477.24
17218800,465.67
17222400,445.73
17226000,418.78
17229600,386.65
17233200,351.53
17236800,315.81
17240400,281.94
17244000,252.21
17247600,228.66
17251200,212.88
17254800,205.96
17258400,208.36
17262000,219.93
17265600,239.87
17269200,266.82
17272800,298.95
17276400,334.07
17280000,369.79
17283600,403.66
17287200,433.39
17290800,456.94
17294400,472.72
17298000,479.64
17301600,477.24
17305200,465.67
17308800,445.73
17312400,418.78
17316000,386.65
17319600,351.53
17323200,315.81
17326800,281.94
17330400,252.21
17334000,228.66
17337600,212.88
17341200,205.96
17344800,208.36
17348400,219.93
17352000,239.87
17355600,266.82
17359200,298.95
17362800,334.07
17366400,369.79
17370000,403.66
17373600,433.39
17377200,456.94
17380800,472.72
17384400,479.64
17388000,477.24
17391600,465.67
17395200,445.73
17398800,418.78
17402400,386.65
17406000,351.53
17409600,315.81
17413200,281.94
17416800,252.21
17420400,228.66
17424000,212.88
17427600,205.96
17431200,208.36
17434800,219.93
17438400,239.87
17442000,266.82
17445600,298.95
17449200,334.07
17452800,369.79
17456400,403.66
17460000,433.39
17463600,456.94
17467200,472.72
17470800,479.64
17474400,477.24
17478000,465.67
17481600,445.73
17485200,418.78
17488800,386.65
17492400,351.53
17496000,315.81
17499600,281.94
17503200,252.21
17506800,228.66
17510400,212.88
17514000,205.96
17517600,208.36
17521200,219.93
17524800,239.87
17528400,266.82
17532000,298.95
17535600,334.07
17539200,369.79
17542800,403.66
17546400,433.39
17550000,456.94
17553600,472.72
17557200,479.64
17560800,477.24
17564400,465.67
17568000,445.73
17571600,418.78
17575200,386.65
17578800,351.53
17582400,315.81
17586000,281.94
17589600,252.21
17593200,228.66
17596800,212.88
17600400,205.96
17604000,208.36
17607600,219.93
17611200,239.87
17614800,266.82
17618400,298.95
17622000,334.07
17625600,369.79
17629200,403.66
17632800,433.39
17636400,456.94
17640000,472.72
17643600,479.64
17647200,477.24
17650800,465.67
17654400,445.73
17658000,418.78
17661600,386.65
17665200,351.53
17668800,315.81
17672400,281.94
17676000,252.21
17679600,228.66
17683200,212.88
17686800,205.96
17690400,208.36
17694000,219.93
17697600,239.87
17701200,266.82
17704800,298.95
17708400,334.07
17712000,369.79
17715600,403.66
17719200,433.39
17722800,456.94
17726400,472.72
17730000,479.64
17733600,477.24
17737200,465.67
17740800,445.73
17744400,418.78
17748000,386.65
17751600,351.53
17755200,315.81
17758800,281.94
17762400,252.21
17766000,228.66
17769600,212.88
17773200,205.96
17776800,208.36
17780400,219.93
17784000,239.87
17787600,266.82
17791200,298.95
17794800,334.07
17798400,369.79
17802000,403.66
17805600,433.39
17809200,456.94
17812800,472.72
17816400,479.64
17820000,477.24
17823600,465.67
17827200,445.73
17830800,418.78
17834400,386.65
17838000,351.53
17841600,315.81
17845200,281.94
17848800,252.21
17852400,228.66
17856000,212.88
17859600,205.96
17863200,208.36
17866800,219.93
17870400,239.87
17874000,266.82
17877600,298.95
17881200,334.07
17884800,369.79
17888400,403.66
17892000,433.39
17895600,456.94
17899200,472.72
17902800,479.64
17906400,477.24
17910000,465.67
17913600,445.73
17917200,418.78
17920800,386.65
17924400,351.53
17928000,315.81
17931600,281.94
17935200,252.21
17938800,228.66
17942400,212.88
17946000,205.96
17949600,208.36
17953200,219.93
17956800,239.87
17960400,266.82
17964000,298.95
17967600,334.07
17971200,369.79
17974800,403.66
17978400,433.39
17982000,456.94
17985600,472.72
17989200,479.64
17992800,477.24
17996400,465.67
18000000,445.73
18003600,418.78
18007200,386.65
18010800,351.53
18014400,315.81
18018000,281.94
18021600,252.21
18025200,228.66
18028800,212.88
18032400,205.96
18036000,208.36
18039600,219.93
18043200,239.87
18046800,266.82
18050400,298.95
18054000,334.07
18057600,369.79
18061200,403.66
18064800,433.39
18068400,456.94
18072000,472.72
18075600,479.64
18079200,477.24
18082800,465.67
18086400,445.73
18090000,418.78
18093600,386.65
18097200,351.53
18100800,315.81
18104400,281.94
18108000,252.21
18111600,228.66
18115200,212.88
18118800,205.96
18122400,208.36
18126000,219.93
18129600,239.87
18133200,266.82
18136800,298.95
18140400,334.07
18144000,369.79
18147600,403.66
18151200,433.39
18154800,456.94
18158400,472.72
18162000,479.64
18165600,477.24
18169200,465.67
18172800,445.73
18176400,418.78
18180000,386.65
18183600,351.53
18187200,315.81
18190800,281.94
18194400,252.21
18198000,228.66
18201600,212.88
18205200,205.96
18208800,208.36
18212400,219.93
18216000,239.87
18219600,266.82
18223200,298.95
18226800,334.07
18230400,369.79
18234000,403.66
18237600,433.39
18241200,456.94
18244800,472.72
18248400,479.64
18252000,477.24
18255600,465.67
18259200,445.73
18262800,418.78
18266400,386.65
18270000,351.53
18273600,315.81
18277200,281.94
18280800,252.21
18284400,228.66
18288000,212.88
18291600,205.96
18295200,208.36
18298800,219.93
18302400,239.87
18306000,266.82
18309600,298.95
18313200,334.07
18316800,369.79
18320400,403.66
18324000,433.39
18327600,456.94
18331200,472.72
18334800,479.64
18338400,477.24
18342000,465.67
18345600,445.73
18349200,418.78
18352800,386.65
18356400,351.53
18360000,315.81
18363600,281.94
18367200,252.21
18370800,228.66
18374400,212.88
18378000,205.96
18381600,208.36
18385200,219.93
18388800,239.87
18392400,266.82
18396000,298.95
18399600,334.07
18403200,369.79
18406800,403.66
18410400,433.39
18414000,456.94
18417600,472.72
18421200,479.64
18424800,477.24
18428400,465.67
18432000,445.73
18435600,418.78
18439200,386.65
18442800,351.53
18446400,315.81
18450000,281.94
18453600,252.21
18457200,228.66
18460800,212.88
18464400,205.96
18468000,208.36
18471600,219.93
18475200,239.87
18478800,266.82
18482400,298.95
18486000,334.07
18489600,369.79
18493200,403.66
18496800,433.39
18500400,456.94
18504000,472.72
18507600,479.64
18511200,477.24
18514800,465.67
18518400,445.73
18522000,418.78
18525600,386.65
18529200,351.53
18532800,315.81
18536400,281.94
18540000,252.21
18543600,228.66
18547200,212.88
18550800,205.96
18554400,208.36
18558000,219.93
18561600,239.87
18565200,266.82
18568800,298.95
18572400,334.07
18576000,369.79
18579600,403.66
18583200,433.39
18586800,456.94
18590400,472.72
18594000,479.64
18597600,477.24
18601200,465.67
18604800,445.73
18608400,418.78
18612000,386.65
18615600,351.53
18619200,315.81
18622800,281.94
18626400,252.21
18630000,228.66
18633600,212.88
18637200,205.96
18640800,208.36
18644400,219.93
18648000,239.87
18651600,266.82
18655200,298.95
18658800,334.07
18662400,369.79
18666000,403.66
18669600,433.39
18673200,456.94
18676800,472.72
18680400,479.64
18684000,477.24
18687600,465.67
18691200,445.73
18694800,418.78
18698400,386.65
18702000,351.53
18705600,315.81
18709200,281.94
18712800,252.21
18716400,228.66
18720000,212.88
18723600,205.96
18727200,208.36
18730800,219.93
18734400,239.87
18738000,266.82
18741600,298.95
18745200,334.07
18748800,369.79
18752400,403.66
18756000,433.39
18759600,456.94
18763200,472.72
18766800,479.64
18770400,477.24
18774000,465.67
18777600,445.73
18781200,418.78
18784800,386.65
18788400,351.53
18792000,315.81
18795600,281.94
18799200,252.21
18802800,228.66
18806400,212.88
18810000,205.96
18813600,208.36
18817200,219.93
18820800,239.87
18824400,266.82
18828000,298.95
18831600,334.07
18835200,369.79
18838800,403.66
18842400,433.39
18846000,456.94
18849600,472.72
18853200,479.64
18856800,477.24
18860400,465.67
18864000,445.73
18867600,418.78
18871200,386.65
18874800,351.53
18878400,315.81
18882000,281.94
18885600,252.21
18889200,228.66
18892800,212.88
18896400,205.96
18900000,208.36
18903600,219.93
18907200,239.87
18910800,266.82
18914400,298.95
18918000,334.07
18921600,369.79
18925200,403.66
18928800,433.39
18932400,456.94
18936000,472.72
18939600,479.64
18943200,477.24
18946800,465.67
18950400,445.73
18954000,418.78
18957600,386.65
18961200,351.53
18964800,315.81
18968400,281.94
18972000,252.21
18975600,228.66
18979200,212.88
18982800,205.96
18986400,208.36
18990000,219.93
18993600,239.87
18997200,266.82
19000800,298.95
19004400,334.07
19008000,369.79
19011600,403.66
19015200,433.39
19018800,456.94
19022400,472.72
19026000,479.64
19029600,477.24
19033200,465.67
19036800,445.73
19040400,418.78
19044000,386.65
19047600,351.53
19051200,315.81
19054800,281.94
19058400,252.21
19062000,228.66
19065600,212.88
19069200,205.96
19072800,208.36
19076400,219.93
19080000,239.87
19083600,266.82
19087200,298.95
19090800,334.07
19094400,369.79
19098000,403.66
19101600,433.39
19105200,456.94
19108800,472.72
19112400,479.64
19116000,477.24
19119600,465.67
19123200,445.73
19126800,418.78
19130400,386.65
19134000,351.53
19137600,315.81
19141200,281.94
19144800,252.21
19148400,228.66
19152000,212.88
19155600,205.96
19159200,208.36
19162800,219.93
19166400,239.87
19170000,266.82
19173600,298.95
19177200,334.07
19180800,369.79
19184400,403.66
19188000,433.39
19191600,456.94
19195200,472.72
19198800,479.64
19202400,477.24
19206000,465.67
19209600,445.73
19213200,418.78
19216800,386.65
19220400,351.53
19224000,315.81
19227600,281.94
19231200,252.21
19234800,228.66
19238400,212.88
19242000,205.96
19245600,208.36
19249200,219.93
19252800,239.87
19256400,266.82
19260000,298.95
19263600,334.07
19267200,369.79
19270800,403.66
19274400,433.39
19278000,456.94
19281600,472.72
19285200,479.64
19288800,477.24
19292400,465.67
19296000,445.73
19299600,418.78
19303200,386.65
19306800,351.53
19310400,315.81
19314000,281.94
19317600,252.21
19321200,228.66
19324800,212.88
19328400,205.96
19332000,208.36
19335600,219.93
19339200,239.87
19342800,266.82
19346400,298.95
19350000,334.07
19353600,369.79
19357200,403.66
19360800,433.39
19364400,456.94
19368000,472.72
19371600,479.64
19375200,477.24
19378800,465.67
19382400,445.73
19386000,418.78
19389600,386.65
19393200,351.53
19396800,315.81
19400400,281.94
19404000,252.21
19407600,228.66
19411200,212.88
19414800,205.96
19418400,208.36
19422000,219.93
19425600,239.87
19429200,266.82
19432800,298.95
19436400,334.07
19440000,369.79
19443600,403.66
19447200,433.39
19450800,456.94
19454400,472.72
19458000,479.64
19461600,477.24
19465200,465.67
19468800,445.73
19472400,418.78
19476000,386.65
19479600,351.53
19483200,315.81
19486800,281.94
19490400,252.21
19494000,228.66
19497600,212.88
19501200,205.96
19504800,208.36
19508400,219.93
19512000,239.87
19515600,266.82
19519200,298.95
19522800,334.07
19526400,369.79
19530000,403.66
19533600,433.39
19537200,456.94
19540800,472.72
19544400,479.64
19548000,477.24
19551600,465.67
19555200,445.73
19558800,418.78
19562400,386.65
19566000,351.53
19569600,315.81
19573200,281.94
19576800,252.21
19580400,228.66
19584000,212.88
19587600,205.96
19591200,208.36
19594800,219.93
19598400,239.87
19602000,266.82
19605600,298.95
19609200,334.07
19612800,369.79
19616400,403.66
19620000,433.39
19623600,456.94
19627200,472.72
19630800,479.64
19634400,477.24
19638000,465.67
19641600,445.73
19645200,418.78
19648800,386.65
19652400,351.53
19656000,315.81
19659600,281.94
19663200,252.21
19666800,228.66
19670400,212.88
19674000,205.96
19677600,208.36
19681200,219.93
19684800,239.87
19688400,266.82
19692000,298.95
19695600,334.07
19699200,369.79
19702800,403.66
19706400,433.39
19710000,456.94
19713600,472.72
19717200,479.64
19720800,477.24
19724400,465.67
19728000,445.73
19731600,418.78
19735200,386.65
19738800,351.53
19742400,315.81
19746000,281.94
19749600,252.21
19753200,228.66
19756800,212.88
19760400,205.96
19764000,208.36
19767600,219.93
19771200,239.87
19774800,266.82
19778400,298.95
19782000,334.07
19785600,369.79
19789200,403.66
19792800,433.39
19796400,456.94
19800000,472.72
19803600,479.64
19807200,477.24
19810800,465.67
19814400,445.73
19818000,418.78
19821600,386.65
19825200,351.53
19828800,315.81
19832400,281.94
19836000,252.21
19839600,228.66
19843200,212.88
19846800,205.96
19850400,208.36
19854000,219.93
19857600,239.87
19861200,266.82
19864800,298.95
19868400,334.07
19872000,369.79
19875600,403.66
19879200,433.39
19882800,456.94
19886400,472.72
19890000,479.64
19893600,477.24
19897200,465.67
19900800,445.73
19904400,418.78
19908000,386.65
19911600,351.53
19915200,315.81
19918800,281.94
19922400,252.21
19926000,228.66
19929600,212.88
19933200,205.96
19936800,208.36
19940400,219.93
19944000,239.87
19947600,266.82
19951200,298.95
19954800,334.07
19958400,369.79
19962000,403.66
19965600,433.39
19969200,456.94
19972800,472.72
19976400,479.64
19980000,477.24
19983600,465.67
19987200,445.73
19990800,418.78
19994400,386.65
19998000,351.53
20001600,315.81
20005200,281.94
20008800,252.21
20012400,228.66
20016000,212.88
20019600,205.96
20023200,208.36
20026800,219.93
20030400,239.87
20034000,266.82
20037600,298.95
20041200,334.07
20044800,369.79
20048400,403.66
20052000,433.39
20055600,456.94
20059200,472.72
20062800,479.64
20066400,477.24
20070000,465.67
20073600,445.73
20077200,418.78
20080800,386.65
20084400,351.53
20088000,315.81
20091600,281.94
20095200,252.21
20098800,228.66
20102400,212.88
20106000,205.96
20109600,208.36
20113200,219.93
20116800,239.87
20120400,266.82
20124000,298.95
20127600,334.07
20131200,369.79
20134800,403.66
20138400,433.39
20142000,456.94
20145600,472.72
20149200,479.64
20152800,477.24
20156400,465.67
20160000,445.73
20163600,418.78
20167200,386.65
20170800,351.53
20174400,315.81
20178000,281.94
20181600,252.21
20185200,228.66
20188800,212.88
20192400,205.96
20196000,208.36
20199600,219.93
20203200,239.87
20206800,266.82
20210400,298.95
20214000,334.07
20217600,369.79
20221200,403.66
20224800,433.39
20228400,456.94
20232000,472.72
20235600,479.64
20239200,477.24
20242800,465.67
20246400,445.73
20250000,418.78
20253600,386.65
20257200,351.53
20260800,315.81
20264400,281.94
20268000,252.21
20271600,228.66
20275200,212.88
20278800,205.96
20282400,208.36
20286000,219.93
20289600,239.87
20293200,266.82
20296800,298.95
20300400,334.07
20304000,369.79
20307600,403.66
20311200,433.39
20314800,456.94
20318400,472.72
20322000,479.64
20325600,477.24
20329200,465.67
20332800,445.73
20336400,418.78
20340000,386.65
20343600,351.53
20347200,315.81
20350800,281.94
20354400,252.21
20358000,228.66
20361600,212.88
20365200,205.96
20368800,208.36
20372400,219.93
20376000,239.87
20379600,266.82
20383200,298.95
20386800,334.07
20390400,369.79
20394000,403.66
20397600,433.39
20401200,456.94
20404800,472.72
20408400,479.64
20412000,477.24
20415600,465.67
20419200,445.73
20422800,418.78
20426400,386.65
20430000,351.53
20433600,315.81
20437200,281.94
20440800,252.21
20444400,228.66
20448000,212.88
20451600,205.96
20455200,208.36
20458800,219.93
20462400,239.87
20466000,266.82
20469600,298.95
20473200,334.07
20476800,369.79
20480400,403.66
20484000,433.39
20487600,456.94
20491200,472.72
20494800,479.64
20498400,477.24
20502000,465.67
20505600,445.73
20509200,418.78
20512800,386.65
20516400,351.53
20520000,315.81
20523600,281.94
20527200,252.21
20530800,228.66
20534400,212.88
20538000,205.96
20541600,208.36
20545200,219.93
20548800,239.87
20552400,266.82
20556000,298.95
20559600,334.07
20563200,369.79
20566800,403.66
20570400,433.39
20574000,456.94
20577600,472.72
20581200,479.64
20584800,477.24
20588400,465.67
20592000,445.73
20595600,418.78
20599200,386.65
20602800,351.53
20606400,315.81
20610000,281.94
20613600,252.21
20617200,228.66
20620800,212.88
20624400,205.96
20628000,208.36
20631600,219.93
20635200,239.87
20638800,266.82
20642400,298.95
20646000,334.07
20649600,369.79
20653200,403.66
20656800,433.39
20660400,456.94
20664000,472.72
20667600,479.64
20671200,477.24
20674800,465.67
20678400,445.73
20682000,418.78
20685600,386.65
20689200,351.53
20692800,315.81
20696400,281.94
20700000,252.21
20703600,228.66
20707200,212.88
20710800,205.96
20714400,208.36
20718000,219.93
20721600,239.87
20725200,266.82
20728800,298.95
20732400,334.07
20736000,369.79
20739600,403.66
20743200,433.39
20746800,456.94
20750400,472.72
20754000,479.64
20757600,477.24
20761200,465.67
20764800,445.73
20768400,418.78
20772000,386.65
20775600,351.53
20779200,315.81
20782800,281.94
20786400,252.21
20790000,228.66
20793600,212.88
20797200,205.96
20800800,208.36
20804400,219.93
20808000,239.87
20811600,266.82
20815200,298.95
20818800,334.07
20822400,369.79
20826000,403.66
20829600,433.39
20833200,456.94
20836800,472.72
20840400,479.64
20844000,477.24
20847600,465.67
20851200,445.73
20854800,418.78
20858400,386.65
20862000,351.53
20865600,315.81
20869200,281.94
20872800,252.21
20876400,228.66
20880000,212.88
20883600,205.96
20887200,208.36
20890800,219.93
20894400,239.87
20898000,266.82
20901600,298.95
20905200,334.07
20908800,369.79
20912400,403.66
20916000,433.39
20919600,456.94
20923200,472.72
20926800,479.64
20930400,477.24
20934000,465.67
20937600,445.73
20941200,418.78
20944800,386.65
20948400,351.53
20952000,315.81
20955600,281.94
20959200,252.21
20962800,228.66
20966400,212.88
20970000,205.96
20973600,208.36
20977200,219.93
20980800,239.87
20984400,266.82
20988000,298.95
20991600,334.07
20995200,369.79
20998800,403.66
21002400,433.39
21006000,456.94
21009600,472.72
21013200,479.64
21016800,477.24
21020400,465.67
21024000,445.73
21027600,418.78
21031200,386.65
21034800,351.53
21038400,315.81
21042000,281.94
21045600,252.21
21049200,228.66
21052800,212.88
21056400,205.96
21060000,208.36
21063600,219.93
21067200,239.87
21070800,266.82
21074400,298.95
21078000,334.07
21081600,369.79
21085200,403.66
21088800,433.39
21092400,456.94
21096000,472.72
21099600,479.64
21103200,477.24
21106800,465.67
21110400,445.73
21114000,418.78
21117600,386.65
21121200,351.53
21124800,315.81
21128400,281.94
21132000,252.21
21135600,228.66
21139200,212.88
21142800,205.96
21146400,208.36
21150000,219.93
21153600,239.87
21157200,266.82
21160800,298.95
21164400,334.07
21168000,369.79
21171600,403.66
21175200,433.39
21178800,456.94
21182400,472.72
21186000,479.64
21189600,477.24
21193200,465.67
21196800,445.73
21200400,418.78
21204000,386.65
21207600,351.53
21211200,315.81
21214800,281.94
21218400,252.21
21222000,228.66
21225600,212.88
21229200,205.96
21232800,208.36
21236400,219.93
21240000,239.87
21243600,266.82
21247200,298.95
21250800,334.07
21254400,369.79
21258000,403.66
21261600,433.39
21265200,456.94
21268800,472.72
21272400,479.64
21276000,477.24
21279600,465.67
21283200,445.73
21286800,418.78
21290400,386.65
21294000,351.53
21297600,315.81
21301200,281.94
21304800,252.21
21308400,228.66
21312000,212.88
21315600,205.96
21319200,208.36
21322800,219.93
21326400,239.87
21330000,266.82
21333600,298.95
21337200,334.07
21340800,369.79
21344400,403.66
21348000,433.39
21351600,456.94
21355200,472.72
21358800,479.64
21362400,477.24
21366000,465.67
21369600,445.73
21373200,418.78
21376800,386.65
21380400,351.53
21384000,315.81
21387600,281.94
21391200,252.21
21394800,228.66
21398400,212.88
21402000,205.96
21405600,208.36
21409200,219.93
21412800,239.87
21416400,266.82
21420000,298.95
21423600,334.07
21427200,369.79
21430800,403.66
21434400,433.39
21438000,456.94
21441600,472.72
21445200,479.64
21448800,477.24
21452400,465.67
21456000,445.73
21459600,418.78
21463200,386.65
21466800,351.53
21470400,315.81
21474000,281.94
21477600,252.21
21481200,228.66
21484800,212.88
21488400,205.96
21492000,208.36
21495600,219.93
21499200,239.87
21502800,266.82
21506400,298.95
21510000,334.07
21513600,369.79
21517200,403.66
21520800,433.39
21524400,456.94
21528000,472.72
21531600,479.64
21535200,477.24
21538800,465.67
21542400,445.73
21546000,418.78
21549600,386.65
21553200,351.53
21556800,315.81
21560400,281.94
21564000,252.21
21567600,228.66
21571200,212.88
21574800,205.96
21578400,208.36
21582000,219.93
21585600,239.87
21589200,266.82
21592800,298.95
21596400,334.07
21600000,369.79
21603600,403.66
21607200,433.39
21610800,456.94
21614400,472.72
21618000,479.64
21621600,477.24
21625200,465.67
21628800,445.73
21632400,418.78
21636000,386.65
21639600,351.53
21643200,315.81
21646800,281.94
21650400,252.21
21654000,228.66
21657600,212.88
21661200,205.96
21664800,208.36
21668400,219.93
21672000,239.87
21675600,266.82
21679200,298.95
21682800,334.07
21686400,369.79
21690000,403.66
21693600,433.39
21697200,456.94
21700800,472.72
21704400,479.64
21708000,477.24
21711600,465.67
21715200,445.73
21718800,418.78
21722400,386.65
21726000,351.53
21729600,315.81
21733200,281.94
21736800,252.21
21740400,228.66
21744000,212.88
21747600,205.96
21751200,208.36
21754800,219.93
21758400,239.87
21762000,266.82
21765600,298.95
21769200,334.07
21772800,369.79
21776400,403.66
21780000,433.39
21783600,456.94
21787200,472.72
21790800,479.64
21794400,477.24
21798000,465.67
21801600,445.73
21805200,418.78
21808800,386.65
21812400,351.53
21816000,315.81
21819600,281.94
21823200,252.21
21826800,228.66
21830400,212.88
21834000,205.96
21837600,208.36
21841200,219.93
21844800,239.87
21848400,266.82
21852000,298.95
21855600,334.07
21859200,369.79
21862800,403.66
21866400,433.39
21870000,456.94
21873600,472.72
21877200,479.64
21880800,477.24
21884400,465.67
21888000,445.73
21891600,418.78
21895200,386.65
21898800,351.53
21902400,315.81
21906000,281.94
21909600,252.21
21913200,228.66
21916800,212.88
21920400,205.96
21924000,208.36
21927600,219.93
21931200,239.87
21934800,266.82
21938400,298.95
21942000,334.07
21945600,369.79
21949200,403.66
21952800,433.39
21956400,456.94
21960000,472.72
21963600,479.64
21967200,477.24
21970800,465.67
21974400,445.73
21978000,418.78
21981600,386.65
21985200,351.53
21988800,315.81
21992400,281.94
21996000,252.21
21999600,228.66
22003200,212.88
22006800,205.96
22010400,208.36
22014000,219.93
22017600,239.87
22021200,266.82
22024800,298.95
22028400,334.07
22032000,369.79
22035600,403.66
22039200,433.39
22042800,456.94
22046400,472.72
22050000,479.64
22053600,477.24
22057200,465.67
22060800,445.73
22064400,418.78
22068000,386.65
22071600,351.53
22075200,315.81
22078800,281.94
22082400,252.21
22086000,228.66
22089600,212.88
22093200,205.96
22096800,208.36
22100400,219.93
22104000,239.87
22107600,266.82
22111200,298.95
22114800,334.07
22118400,369.79
22122000,403.66
22125600,433.39
22129200,456.94
22132800,472.72
22136400,479.64
22140000,477.24
22143600,465.67
22147200,445.73
22150800,418.78
22154400,386.65
22158000,351.53
22161600,315.81
22165200,281.94
22168800,252.21
22172400,228.66
22176000,212.88
22179600,205.96
22183200,208.36
22186800,219.93
22190400,239.87
22194000,266.82
22197600,298.95
22201200,334.07
22204800,369.79
22208400,403.66
22212000,433.39
22215600,456.94
22219200,472.72
22222800,479.64
22226400,477.24
22230000,465.67
22233600,445.73
22237200,418.78
22240800,386.65
22244400,351.53
22248000,315.81
22251600,281.94
22255200,252.21
22258800,228.66
22262400,212.88
22266000,205.96
22269600,208.36
22273200,219.93
22276800,239.87
22280400,266.82
22284000,298.95
22287600,334.07
22291200,369.79
22294800,403.66
22298400,433.39
22302000,456.94
22305600,472.72
22309200,479.64
22312800,477.24
22316400,465.67
22320000,445.73
22323600,418.78
22327200,386.65
22330800,351.53
22334400,315.81
22338000,281.94
22341600,252.21
22345200,228.66
22348800,212.88
22352400,205.96
22356000,208.36
22359600,219.93
22363200,239.87
22366800,266.82
22370400,298.95
22374000,334.07
22377600,369.79
22381200,403.66
22384800,433.39
22388400,456.94
22392000,472.72
22395600,479.64
22399200,477.24
22402800,465.67
22406400,445.73
22410000,418.78
22413600,386.65
22417200,351.53
22420800,315.81
22424400,281.94
22428000,252.21
22431600,228.66
22435200,212.88
22438800,205.96
22442400,208.36
22446000,219.93
22449600,239.87
22453200,266.82
22456800,298.95
22460400,334.07
22464000,369.79
22467600,403.66
22471200,433.39
22474800,456.94
22478400,472.72
22482000,479.64
22485600,477.24
22489200,465.67
22492800,445.73
22496400,418.78
22500000,386.65
22503600,351.53
22507200,315.81
22510800,281.94
22514400,252.21
22518000,228.66
22521600,212.88
22525200,205.96
22528800,208.36
22532400,219.93
22536000,239.87
22539600,266.82
22543200,298.95
22546800,334.07
22550400,369.79
22554000,403.66
22557600,433.39
22561200,456.94
22564800,472.72
22568400,479.64
22572000,477.24
22575600,465.67
22579200,445.73
22582800,418.78
22586400,386.65
22590000,351.53
22593600,315.81
22597200,281.94
22600800,252.21
22604400,228.66
22608000,212.88
22611600,205.96
22615200,208.36
22618800,219.93
22622400,239.87
22626000,266.82
22629600,298.95
22633200,334.07
22636800,369.79
22640400,403.66
22644000,433.39
22647600,456.94
22651200,472.72
22654800,479.64
22658400,477.24
22662000,465.67
22665600,445.73
22669200,418.78
22672800,386.65
22676400,351.53
22680000,315.81
22683600,281.94
22687200,252.21
22690800,228.66
22694400,212.88
22698000,205.96
22701600,208.36
22705200,219.93
22708800,239.87
22712400,266.82
22716000,298.95
22719600,334.07
22723200,369.79
22726800,403.66
22730400,433.39
22734000,456.94
22737600,472.72
22741200,479.64
22744800,477.24
22748400,465.67
22752000,445.73
22755600,418.78
22759200,386.65
22762800,351.53
22766400,315.81
22770000,281.94
22773600,252.21
22777200,228.66
22780800,212.88
22784400,205.96
22788000,208.36
22791600,219.93
22795200,239.87
22798800,266.82
22802400,298.95
22806000,334.07
22809600,369.79
22813200,403.66
22816800,433.39
22820400,456.94
22824000,472.72
22827600,479.64
22831200,477.24
22834800,465.67
22838400,445.73
22842000,418.78
22845600,386.65
22849200,351.53
22852800,315.81
22856400,281.94
22860000,252.21
22863600,228.66
22867200,212.88
22870800,205.96
22874400,208.36
22878000,219.93
22881600,239.87
22885200,266.82
22888800,298.95
22892400,334.07
22896000,369.79
22899600,403.66
22903200,433.39
22906800,456.94
22910400,472.72
22914000,479.64
22917600,477.24
22921200,465.67
22924800,445.73
22928400,418.78
22932000,386.65
22935600,351.53
22939200,315.81
22942800,281.94
22946400,252.21
22950000,228.66
22953600,212.88
22957200,205.96
22960800,208.36
22964400,219.93
22968000,239.87
22971600,266.82
22975200,298.95
22978800,334.07
22982400,369.79
22986000,403.66
22989600,433.39
22993200,456.94
22996800,472.72
23000400,479.64
23004000,477.24
23007600,465.67
23011200,445.73
23014800,418.78
23018400,386.65
23022000,351.53
23025600,315.81
23029200,281.94
23032800,252.21
23036400,228.66
23040000,212.88
23043600,205.96
23047200,208.36
23050800,219.93
23054400,239.87
23058000,266.82
23061600,298.95
23065200,334.07
23068800,369.79
23072400,403.66
23076000,433.39
23079600,456.94
23083200,472.72
23086800,479.64
23090400,477.24
23094000,465.67
23097600,445.73
23101200,418.78
23104800,386.65
23108400,351.53
23112000,315.81
23115600,281.94
23119200,252.21
23122800,228.66
23126400,212.88
23130000,205.96
23133600,208.36
23137200,219.93
23140800,239.87
23144400,266.82
23148000,298.95
23151600,334.07
23155200,369.79
23158800,403.66
23162400,433.39
23166000,456.94
23169600,472.72
23173200,479.64
23176800,477.24
23180400,465.67
23184000,445.73
23187600,418.78
23191200,386.65
23194800,351.53
23198400,315.81
23202000,281.94
23205600,252.21
23209200,228.66
23212800,212.88
23216400,205.96
23220000,208.36
23223600,219.93
23227200,239.87
23230800,266.82
23234400,298.95
23238000,334.07
23241600,369.79
23245200,403.66
23248800,433.39
23252400,456.94
23256000,472.72
23259600,479.64
23263200,477.24
23266800,465.67
23270400,445.73
23274000,418.78
23277600,386.65
23281200,351.53
23284800,315.81
23288400,281.94
23292000,252.21
23295600,228.66
23299200,212.88
23302800,205.96
23306400,208.36
23310000,219.93
23313600,239.87
23317200,266.82
23320800,298.95
23324400,334.07
23328000,369.79
23331600,403.66
23335200,433.39
23338800,456.94
23342400,472.72
23346000,479.64
23349600,477.24
23353200,465.67
23356800,445.73
23360400,418.78
23364000,386.65
23367600,351.53
23371200,315.81
23374800,281.94
23378400,252.21
23382000,228.66
23385600,212.88
23389200,205.96
23392800,208.36
23396400,219.93
23400000,239.87
23403600,266.82
23407200,298.95
23410800,334.07
23414400,369.79
23418000,403.66
23421600,433.39
23425200,456.94
23428800,472.72
23432400,479.64
23436000,477.24
23439600,465.67
23443200,445.73
23446800,418.78
23450400,386.65
23454000,351.53
23457600,315.81
23461200,281.94
23464800,252.21
23468400,228.66
23472000,212.88
23475600,205.96
23479200,208.36
23482800,219.93
23486400,239.87
23490000,266.82
23493600,298.95
23497200,334.07
23500800,369.79
23504400,403.66
23508000,433.39
23511600,456.94
23515200,472.72
23518800,479.64
23522400,477.24
23526000,465.67
23529600,445.73
23533200,418.78
23536800,386.65
23540400,351.53
23544000,315.81
23547600,281.94
23551200,252.21
23554800,228.66
23558400,212.88
23562000,205.96
23565600,208.36
23569200,219.93
23572800,239.87
23576400,266.82
23580000,298.95
23583600,334.07
23587200,369.79
23590800,403.66
23594400,433.39
23598000,456.94
23601600,472.72
23605200,479.64
23608800,477.24
23612400,465.67
23616000,445.73
23619600,418.78
23623200,386.65
23626800,351.53
23630400,315.81
23634000,281.94
23637600,252.21
23641200,228.66
23644800,212.88
23648400,205.96
23652000,208.36
23655600,219.93
23659200,239.87
23662800,266.82
23666400,298.95
23670000,334.07
23673600,369.79
23677200,403.66
23680800,433.39
23684400,456.94
23688000,472.72
23691600,479.64
23695200,477.24
23698800,465.67
23702400,445.73
23706000,418.78
23709600,386.65
23713200,351.53
23716800,315.81
23720400,281.94
23724000,252.21
23727600,228.66
23731200,212.88
23734800,205.96
23738400,208.36
23742000,219.93
23745600,239.87
23749200,266.82
23752800,298.95
23756400,334.07
23760000,369.79
23763600,403.66
23767200,433.39
23770800,456.94
23774400,472.72
23778000,479.64
23781600,477.24
23785200,465.67
23788800,445.73
23792400,418.78
23796000,386.65
23799600,351.53
23803200,315.81
23806800,281.94
23810400,252.21
23814000,228.66
23817600,212.88
23821200,205.96
23824800,208.36
23828400,219.93
23832000,239.87
23835600,266.82
23839200,298.95
23842800,334.07
23846400,369.79
23850000,403.66
23853600,433.39
23857200,456.94
23860800,472.72
23864400,479.64
23868000,477.24
23871600,465.67
23875200,445.73
23878800,418.78
23882400,386.65
23886000,351.53
23889600,315.81
23893200,281.94
23896800,252.21
23900400,228.66
23904000,212.88
23907600,205.96
23911200,208.36
23914800,219.93
23918400,239.87
23922000,266.82
23925600,298.95
23929200,334.07
23932800,369.79
23936400,403.66
23940000,433.39
23943600,456.94
23947200,472.72
23950800,479.64
23954400,477.24
23958000,465.67
23961600,445.73
23965200,418.78
23968800,386.65
23972400,351.53
23976000,315.81
23979600,281.94
23983200,252.21
23986800,228.66
23990400,212.88
23994000,205.96
23997600,208.36
24001200,219.93
24004800,239.87
24008400,266.82
24012000,298.95
24015600,334.07
24019200,369.79
24022800,403.66
24026400,433.39
24030000,456.94
24033600,472.72
24037200,479.64
24040800,477.24
24044400,465.67
24048000,445.73
24051600,418.78
24055200,386.65
24058800,351.53
24062400,315.81
24066000,281.94
24069600,252.21
24073200,228.66
24076800,212.88
24080400,205.96
24084000,208.36
24087600,219.93
24091200,239.87
24094800,266.82
24098400,298.95
24102000,334.07
24105600,369.79
24109200,403.66
24112800,433.39
24116400,456.94
24120000,472.72
24123600,479.64
24127200,477.24
24130800,465.67
24134400,445.73
24138000,418.78
24141600,386.65
24145200,351.53
24148800,315.81
24152400,281.94
24156000,252.21
24159600,228.66
24163200,212.88
24166800,205.96
24170400,208.36
24174000,219.93
24177600,239.87
24181200,266.82
24184800,298.95
24188400,334.07
24192000,369.79
24195600,403.66
24199200,433.39
24202800,456.94
24206400,472.72
24210000,479.64
24213600,477.24
24217200,465.67
24220800,445.73
24224400,418.78
24228000,386.65
24231600,351.53
24235200,315.81
24238800,281.94
24242400,252.21
24246000,228.66
24249600,212.88
24253200,205.96
24256800,208.36
24260400,219.93
24264000,239.87
24267600,266.82
24271200,298.95
24274800,334.07
24278400,369.79
24282000,403.66
24285600,433.39
24289200,456.94
24292800,472.72
24296400,479.64
24300000,477.24
24303600,465.67
24307200,445.73
24310800,418.78
24314400,386.65
24318000,351.53
24321600,315.81
24325200,281.94
24328800,252.21
24332400,228.66
24336000,212.88
24339600,205.96
24343200,208.36
24346800,219.93
24350400,239.87
24354000,266.82
24357600,298.95
24361200,334.07
24364800,369.79
24368400,403.66
24372000,433.39
24375600,456.94
24379200,472.72
24382800,479.64
24386400,477.24
24390000,465.67
24393600,445.73
24397200,418.78
24400800,386.65
24404400,351.53
24408000,315.81
24411600,281.94
24415200,252.21
24418800,228.66
24422400,212.88
24426000,205.96
24429600,208.36
24433200,219.93
24436800,239.87
24440400,266.82
24444000,298.95
24447600,334.07
24451200,369.79
24454800,403.66
24458400,433.39
24462000,456.94
24465600,472.72
24469200,479.64
24472800,477.24
24476400,465.67
24480000,445.73
24483600,418.78
24487200,386.65
24490800,351.53
24494400,315.81
24498000,281.94
24501600,252.21
24505200,228.66
24508800,212.88
24512400,205.96
24516000,208.36
24519600,219.93
24523200,239.87
24526800,266.82
24530400,298.95
24534000,334.07
24537600,369.79
24541200,403.66
24544800,433.39
24548400,456.94
24552000,472.72
24555600,479.64
24559200,477.24
24562800,465.67
24566400,445.73
24570000,418.78
24573600,386.65
24577200,351.53
24580800,315.81
24584400,281.94
24588000,252.21
24591600,228.66
24595200,212.88
24598800,205.96
24602400,208.36
24606000,219.93
24609600,239.87
24613200,266.82
24616800,298.95
24620400,334.07
24624000,369.79
24627600,403.66
24631200,433.39
24634800,456.94
24638400,472.72
24642000,479.64
24645600,477.24
24649200,465.67
24652800,445.73
24656400,418.78
24660000,386.65
24663600,351.53
24667200,315.81
24670800,281.94
24674400,252.21
24678000,228.66
24681600,212.88
24685200,205.96
24688800,208.36
24692400,219.93
24696000,239.87
24699600,266.82
24703200,298.95
24706800,334.07
24710400,369.79
24714000,403.66
24717600,433.39
24721200,456.94
24724800,472.72
24728400,479.64
24732000,477.24
24735600,465.67
24739200,445.73
24742800,418.78
24746400,386.65
24750000,351.53
24753600,315.81
24757200,281.94
24760800,252.21
24764400,228.66
24768000,212.88
24771600,205.96
24775200,208.36
24778800,219.93
24782400,239.87
24786000,266.82
24789600,298.95
24793200,334.07
24796800,369.79
24800400,403.66
24804000,433.39
24807600,456.94
24811200,472.72
24814800,479.64
24818400,477.24
24822000,465.67
24825600,445.73
24829200,418.78
24832800,386.65
24836400,351.53
24840000,315.81
24843600,281.94
24847200,252.21
24850800,228.66
24854400,212.88
24858000,205.96
24861600,208.36
24865200,219.93
24868800,239.87
24872400,266.82
24876000,298.95
24879600,334.07
24883200,369.79
24886800,403.66
24890400,433.39
24894000,456.94
24897600,472.72
24901200,479.64
24904800,477.24
24908400,465.67
24912000,445.73
24915600,418.78
24919200,386.65
24922800,351.53
24926400,315.81
24930000,281.94
24933600,252.21
24937200,228.66
24940800,212.88
24944400,205.96
24948000,208.36
24951600,219.93
24955200,239.87
24958800,266.82
24962400,298.95
24966000,334.07
24969600,369.79
24973200,403.66
24976800,433.39
24980400,456.94
24984000,472.72
24987600,479.64
24991200,477.24
24994800,465.67
24998400,445.73
25002000,418.78
25005600,386.65
25009200,351.53
25012800,315.81
25016400,281.94
25020000,252.21
25023600,228.66
25027200,212.88
25030800,205.96
25034400,208.36
25038000,219.93
25041600,239.87
25045200,266.82
25048800,298.95
25052400,334.07
25056000,369.79
25059600,403.66
25063200,433.39
25066800,456.94
25070400,472.72
25074000,479.64
25077600,477.24
25081200,465.67
25084800,445.73
25088400,418.78
25092000,386.65
25095600,351.53
25099200,315.81
25102800,281.94
25106400,252.21
25110000,228.66
25113600,212.88
25117200,205.96
25120800,208.36
25124400,219.93
25128000,239.87
25131600,266.82
25135200,298.95
25138800,334.07
25142400,369.79
25146000,403.66
25149600,433.39
25153200,456.94
25156800,472.72
25160400,479.64
25164000,477.24
25167600,465.67
25171200,445.73
25174800,418.78
25178400,386.65
25182000,351.53
25185600,315.81
25189200,281.94
25192800,252.21
25196400,228.66
25200000,212.88
25203600,205.96
25207200,208.36
25210800,219.93
25214400,239.87
25218000,266.82
25221600,298.95
25225200,334.07
25228800,369.79
25232400,403.66
25236000,433.39
25239600,456.94
25243200,472.72
25246800,479.64
25250400,477.24
25254000,465.67
25257600,445.73
25261200,418.78
25264800,386.65
25268400,351.53
25272000,315.81
25275600,281.94
25279200,252.21
25282800,228.66
25286400,212.88
25290000,205.96
25293600,208.36
25297200,219.93
25300800,239.87
25304400,266.82
25308000,298.95
25311600,334.07
25315200,369.79
25318800,403.66
25322400,433.39
25326000,456.94
25329600,472.72
25333200,479.64
25336800,477.24
25340400,465.67
25344000,445.73
25347600,418.78
25351200,386.65
25354800,351.53
25358400,315.81
25362000,281.94
25365600,252.21
25369200,228.66
25372800,212.88
25376400,205.96
25380000,208.36
25383600,219.93
25387200,239.87
25390800,266.82
25394400,298.95
25398000,334.07
25401600,369.79
25405200,403.66
25408800,433.39
25412400,456.94
25416000,472.72
25419600,479.64
25423200,477.24
25426800,465.67
25430400,445.73
25434000,418.78
25437600,386.65
25441200,351.53
25444800,315.81
25448400,281.94
25452000,252.21
25455600,228.66
25459200,212.88
25462800,205.96
25466400,208.36
25470000,219.93
25473600,239.87
25477200,266.82
25480800,298.95
25484400,334.07
25488000,369.79
25491600,403.66
25495200,433.39
25498800,456.94
25502400,472.72
25506000,479.64
25509600,477.24
25513200,465.67
25516800,445.73
25520400,418.78
25524000,386.65
25527600,351.53
25531200,315.81
25534800,281.94
25538400,252.21
25542000,228.66
25545600,212.88
25549200,205.96
25552800,208.36
25556400,219.93
25560000,239.87
25563600,266.82
25567200,298.95
25570800,334.07
25574400,369.79
25578000,403.66
25581600,433.39
25585200,456.94
25588800,472.72
25592400,479.64
25596000,477.24
25599600,465.67
25603200,445.73
25606800,418.78
25610400,386.65
25614000,351.53
25617600,315.81
25621200,281.94
25624800,252.21
25628400,228.66
25632000,212.88
25635600,205.96
25639200,208.36
25642800,219.93
25646400,239.87
25650000,266.82
25653600,298.95
25657200,334.07
25660800,369.79
25664400,403.66
25668000,433.39
25671600,456.94
25675200,472.72
25678800,479.64
25682400,477.24
25686000,465.67
25689600,445.73
25693200,418.78
25696800,386.65
25700400,351.53
25704000,315.81
25707600,281.94
25711200,252.21
25714800,228.66
25718400,212.88
25722000,205.96
25725600,208.36
25729200,219.93
25732800,239.87
25736400,266.82
25740000,298.95
25743600,334.07
25747200,369.79
25750800,403.66
25754400,433.39
25758000,456.94
25761600,472.72
25765200,479.64
25768800,477.24
25772400,465.67
25776000,445.73
25779600,418.78
25783200,386.65
25786800,351.53
25790400,315.81
25794000,281.94
25797600,252.21
25801200,228.66
25804800,212.88
25808400,205.96
25812000,208.36
25815600,219.93
25819200,239.87
25822800,266.82
25826400,298.95
25830000,334.07
25833600,369.79
25837200,403.66
25840800,433.39
25844400,456.94
25848000,472.72
25851600,479.64
25855200,477.24
25858800,465.67
25862400,445.73
25866000,418.78
25869600,386.65
25873200,351.53
25876800,315.81
25880400,281.94
25884000,252.21
25887600,228.66
25891200,212.88
25894800,205.96
25898400,208.36
25902000,219.93
25905600,239.87
25909200,266.82
25912800,298.95
25916400,334.07
25920000,369.79
25923600,403.66
25927200,433.39
25930800,456.94
25934400,472.72
25938000,479.64
25941600,477.24
25945200,465.67
25948800,445.73
25952400,418.78
25956000,386.65
25959600,351.53
25963200,315.81
25966800,281.94
25970400,252.21
25974000,228.66
25977600,212.88
25981200,205.96
25984800,208.36
25988400,219.93
25992000,239.87
25995600,266.82
25999200,298.95
26002800,334.07
26006400,369.79
26010000,403.66
26013600,433.39
26017200,456.94
26020800,472.72
26024400,479.64
26028000,477.24
26031600,465.67
26035200,445.73
26038800,418.78
26042400,386.65
26046000,351.53
26049600,315.81
26053200,281.94
26056800,252.21
26060400,228.66
26064000,212.88
26067600,205.96
26071200,208.36
26074800,219.93
26078400,239.87
26082000,266.82
26085600,298.95
26089200,334.07
26092800,369.79
26096400,403.66
26100000,433.39
26103600,456.94
26107200,472.72
26110800,479.64
26114400,477.24
26118000,465.67
26121600,445.73
26125200,418.78
26128800,386.65
26132400,351.53
26136000,315.81
26139600,281.94
26143200,252.21
26146800,228.66
26150400,212.88
26154000,205.96
26157600,208.36
26161200,219.93
26164800,239.87
26168400,266.82
26172000,298.95
26175600,334.07
26179200,369.79
26182800,403.66
26186400,433.39
26190000,456.94
26193600,472.72
26197200,479.64
26200800,477.24
26204400,465.67
26208000,445.73
26211600,418.78
26215200,386.65
26218800,351.53
26222400,315.81
26226000,281.94
26229600,252.21
26233200,228.66
26236800,212.88
26240400,205.96
26244000,208.36
26247600,219.93
26251200,239.87
26254800,266.82
26258400,298.95
26262000,334.07
26265600,369.79
26269200,403.66
26272800,433.39
26276400,456.94
26280000,472.72
26283600,479.64
26287200,477.24
26290800,465.67
26294400,445.73
26298000,418.78
26301600,386.65
26305200,351.53
26308800,315.81
26312400,281.94
26316000,252.21
26319600,228.66
26323200,212.88
26326800,205.96
26330400,208.36
26334000,219.93
26337600,239.87
26341200,266.82
26344800,298.95
26348400,334.07
26352000,369.79
26355600,403.66
26359200,433.39
26362800,456.94
26366400,472.72
26370000,479.64
26373600,477.24
26377200,465.67
26380800,445.73
26384400,418.78
26388000,386.65
26391600,351.53
26395200,315.81
26398800,281.94
26402400,252.21
26406000,228.66
26409600,212.88
26413200,205.96
26416800,208.36
26420400,219.93
26424000,239.87
26427600,266.82
26431200,298.95
26434800,334.07
26438400,369.79
26442000,403.66
26445600,433.39
26449200,456.94
26452800,472.72
26456400,479.64
26460000,477.24
26463600,465.67
26467200,445.73
26470800,418.78
26474400,386.65
26478000,351.53
26481600,315.81
26485200,281.94
26488800,252.21
26492400,228.66
26496000,212.88
26499600,205.96
26503200,208.36
26506800,219.93
26510400,239.87
26514000,266.82
26517600,298.95
26521200,334.07
26524800,369.79
26528400,403.66
26532000,433.39
26535600,456.94
26539200,472.72
26542800,479.64
26546400,477.24
26550000,465.67
26553600,445.73
26557200,418.78
26560800,386.65
26564400,351.53
26568000,315.81
26571600,281.94
26575200,252.21
26578800,228.66
26582400,212.88
26586000,205.96
26589600,208.36
26593200,219.93
26596800,239.87
26600400,266.82
26604000,298.95
26607600,334.07
26611200,369.79
26614800,403.66
26618400,433.39
26622000,456.94
26625600,472.72
26629200,479.64
26632800,477.24
26636400,465.67
26640000,445.73
26643600,418.78
26647200,386.65
26650800,351.53
26654400,315.81
26658000,281.94
26661600,252.21
26665200,228.66
26668800,212.88
26672400,205.96
26676000,208.36
26679600,219.93
26683200,239.87
26686800,266.82
26690400,298.95
26694000,334.07
26697600,369.79
26701200,403.66
26704800,433.39
26708400,456.94
26712000,472.72
26715600,479.64
26719200,477.24
26722800,465.67
26726400,445.73
26730000,418.78
26733600,386.65
26737200,351.53
26740800,315.81
26744400,281.94
26748000,252.21
26751600,228.66
26755200,212.88
26758800,205.96
26762400,208.36
26766000,219.93
26769600,239.87
26773200,266.82
26776800,298.95
26780400,334.07
26784000,369.79
26787600,403.66
26791200,433.39
26794800,456.94
26798400,472.72
26802000,479.64
26805600,477.24
26809200,465.67
26812800,445.73
26816400,418.78
26820000,386.65
26823600,351.53
26827200,315.81
26830800,281.94
26834400,252.21
26838000,228.66
26841600,212.88
26845200,205.96
26848800,208.36
26852400,219.93
26856000,239.87
26859600,266.82
26863200,298.95
26866800,334.07
26870400,369.79
26874000,403.66
26877600,433.39
26881200,456.94
26884800,472.72
26888400,479.64
26892000,477.24
26895600,465.67
26899200,445.73
26902800,418.78
26906400,386.65
26910000,351.53
26913600,315.81
26917200,281.94
26920800,252.21
26924400,228.66
26928000,212.88
26931600,205.96
26935200,208.36
26938800,219.93
26942400,239.87
26946000,266.82
26949600,298.95
26953200,334.07
26956800,369.79
26960400,403.66
26964000,433.39
26967600,456.94
26971200,472.72
26974800,479.64
26978400,477.24
26982000,465.67
26985600,445.73
26989200,418.78
26992800,386.65
26996400,351.53
27000000,315.81
27003600,281.94
27007200,252.21
27010800,228.66
27014400,212.88
27018000,205.96
27021600,208.36
27025200,219.93
27028800,239.87
27032400,266.82
27036000,298.95
27039600,334.07
27043200,369.79
27046800,403.66
27050400,433.39
27054000,456.94
27057600,472.72
27061200,479.64
27064800,477.24
27068400,465.67
27072000,445.73
27075600,418.78
27079200,386.65
27082800,351.53
27086400,315.81
27090000,281.94
27093600,252.21
27097200,228.66
27100800,212.88
27104400,205.96
27108000,208.36
27111600,219.93
27115200,239.87
27118800,266.82
27122400,298.95
27126000,334.07
27129600,369.79
27133200,403.66
27136800,433.39
27140400,456.94
27144000,472.72
27147600,479.64
27151200,477.24
27154800,465.67
27158400,445.73
27162000,418.78
27165600,386.65
27169200,351.53
27172800,315.81
27176400,281.94
27180000,252.21
27183600,228.66
27187200,212.88
27190800,205.96
27194400,208.36
27198000,219.93
27201600,239.87
27205200,266.82
27208800,298.95
27212400,334.07
27216000,369.79
27219600,403.66
27223200,433.39
27226800,456.94
27230400,472.72
27234000,479.64
27237600,477.24
27241200,465.67
27244800,445.73
27248400,418.78
27252000,386.65
27255600,351.53
27259200,315.81
27262800,281.94
27266400,252.21
27270000,228.66
27273600,212.88
27277200,205.96
27280800,208.36
27284400,219.93
27288000,239.87
27291600,266.82
27295200,298.95
27298800,334.07
27302400,369.79
27306000,403.66
27309600,433.39
27313200,456.94
27316800,472.72
27320400,479.64
27324000,477.24
27327600,465.67
27331200,445.73
27334800,418.78
27338400,386.65
27342000,351.53
27345600,315.81
27349200,281.94
27352800,252.21
27356400,228.66
27360000,212.88
27363600,205.96
27367200,208.36
27370800,219.93
27374400,239.87
27378000,266.82
27381600,298.95
27385200,334.07
27388800,369.79
27392400,403.66
27396000,433.39
27399600,456.94
27403200,472.72
27406800,479.64
27410400,477.24
27414000,465.67
27417600,445.73
27421200,418.78
27424800,386.65
27428400,351.53
27432000,315.81
27435600,281.94
27439200,252.21
27442800,228.66
27446400,212.88
27450000,205.96
27453600,208.36
27457200,219.93
27460800,239.87
27464400,266.82
27468000,298.95
27471600,334.07
27475200,369.79
27478800,403.66
27482400,433.39
27486000,456.94
27489600,472.72
27493200,479.64
27496800,477.24
27500400,465.67
27504000,445.73
27507600,418.78
27511200,386.65
27514800,351.53
27518400,315.81
27522000,281.94
27525600,252.21
27529200,228.66
27532800,212.88
27536400,205.96
27540000,208.36
27543600,219.93
27547200,239.87
27550800,266.82
27554400,298.95
27558000,334.07
27561600,369.79
27565200,403.66
27568800,433.39
27572400,456.94
27576000,472.72
27579600,479.64
27583200,477.24
27586800,465.67
27590400,445.73
27594000,418.78
27597600,386.65
27601200,351.53
27604800,315.81
27608400,281.94
27612000,252.21
27615600,228.66
27619200,212.88
27622800,205.96
27626400,208.36
27630000,219.93
27633600,239.87
27637200,266.82
27640800,298.95
27644400,334.07
27648000,369.79
27651600,403.66
27655200,433.39
27658800,456.94
27662400,472.72
27666000,479.64
27669600,477.24
27673200,465.67
27676800,445.73
27680400,418.78
27684000,386.65
27687600,351.53
27691200,315.81
27694800,281.94
27698400,252.21
27702000,228.66
27705600,212.88
27709200,205.96
27712800,208.36
27716400,219.93
27720000,239.87
27723600,266.82
27727200,298.95
27730800,334.07
27734400,369.79
27738000,403.66
27741600,433.39
27745200,456.94
27748800,472.72
27752400,479.64
27756000,477.24
27759600,465.67
27763200,445.73
27766800,418.78
27770400,386.65
27774000,351.53
27777600,315.81
27781200,281.94
27784800,252.21
27788400,228.66
27792000,212.88
27795600,205.96
27799200,208.36
27802800,219.93
27806400,239.87
27810000,266.82
27813600,298.95
27817200,334.07
27820800,369.79
27824400,403.66
27828000,433.39
27831600,456.94
27835200,472.72
27838800,479.64
27842400,477.24
27846000,465.67
27849600,445.73
27853200,418.78
27856800,386.65
27860400,351.53
27864000,315.81
27867600,281.94
27871200,252.21
27874800,228.66
27878400,212.88
27882000,205.96
27885600,208.36
27889200,219.93
27892800,239.87
27896400,266.82
27900000,298.95
27903600,334.07
27907200,369.79
27910800,403.66
27914400,433.39
27918000,456.94
27921600,472.72
27925200,479.64
27928800,477.24
27932400,465.67
27936000,445.73
27939600,418.78
27943200,386.65
27946800,351.53
27950400,315.81
27954000,281.94
27957600,252.21
27961200,228.66
27964800,212.88
27968400,205.96
27972000,208.36
27975600,219.93
27979200,239.87
27982800,266.82
27986400,298.95
27990000,334.07
27993600,369.79
27997200,403.66
28000800,433.39
28004400,456.94
28008000,472.72
28011600,479.64
28015200,477.24
28018800,465.67
28022400,445.73
28026000,418.78
28029600,386.65
28033200,351.53
28036800,315.81
28040400,281.94
28044000,252.21
28047600,228.66
28051200,212.88
28054800,205.96
28058400,208.36
28062000,219.93
28065600,239.87
28069200,266.82
28072800,298.95
28076400,334.07
28080000,369.79
28083600,403.66
28087200,433.39
28090800,456.94
28094400,472.72
28098000,479.64
28101600,477.24
28105200,465.67
28108800,445.73
28112400,418.78
28116000,386.65
28119600,351.53
28123200,315.81
28126800,281.94
28130400,252.21
28134000,228.66
28137600,212.88
28141200,205.96
28144800,208.36
28148400,219.93
28152000,239.87
28155600,266.82
28159200,298.95
28162800,334.07
28166400,369.79
28170000,403.66
28173600,433.39
28177200,456.94
28180800,472.72
28184400,479.64
28188000,477.24
28191600,465.67
28195200,445.73
28198800,418.78
28202400,386.65
28206000,351.53
28209600,315.81
28213200,281.94
28216800,252.21
28220400,228.66
28224000,212.88
28227600,205.96
28231200,208.36
28234800,219.93
28238400,239.87
28242000,266.82
28245600,298.95
28249200,334.07
28252800,369.79
28256400,403.66
28260000,433.39
28263600,456.94
28267200,472.72
28270800,479.64
28274400,477.24
28278000,465.67
28281600,445.73
28285200,418.78
28288800,386.65
28292400,351.53
28296000,315.81
28299600,281.94
28303200,252.21
28306800,228.66
28310400,212.88
28314000,205.96
28317600,208.36
28321200,219.93
28324800,239.87
28328400,266.82
28332000,298.95
28335600,334.07
28339200,369.79
28342800,403.66
28346400,433.39
28350000,456.94
28353600,472.72
28357200,479.64
28360800,477.24
28364400,465.67
28368000,445.73
28371600,418.78
28375200,386.65
28378800,351.53
28382400,315.81
28386000,281.94
28389600,252.21
28393200,228.66
28396800,212.88
28400400,205.96
28404000,208.36
28407600,219.93
28411200,239.87
28414800,266.82
28418400,298.95
28422000,334.07
28425600,369.79
28429200,403.66
28432800,433.39
28436400,456.94
28440000,472.72
28443600,479.64
28447200,477.24
28450800,465.67
28454400,445.73
28458000,418.78
28461600,386.65
28465200,351.53
28468800,315.81
28472400,281.94
28476000,252.21
28479600,228.66
28483200,212.88
28486800,205.96
28490400,208.36
28494000,219.93
28497600,239.87
28501200,266.82
28504800,298.95
28508400,334.07
28512000,369.79
28515600,403.66
28519200,433.39
28522800,456.94
28526400,472.72
28530000,479.64
28533600,477.24
28537200,465.67
28540800,445.73
28544400,418.78
28548000,386.65
28551600,351.53
28555200,315.81
28558800,281.94
28562400,252.21
28566000,228.66
28569600,212.88
28573200,205.96
28576800,208.36
28580400,219.93
28584000,239.87
28587600,266.82
28591200,298.95
28594800,334.07
28598400,369.79
28602000,403.66
28605600,433.39
28609200,456.94
28612800,472.72
28616400,479.64
28620000,477.24
28623600,465.67
28627200,445.73
28630800,418.78
28634400,386.65
28638000,351.53
28641600,315.81
28645200,281.94
28648800,252.21
28652400,228.66
28656000,212.88
28659600,205.96
28663200,208.36
28666800,219.93
28670400,239.87
28674000,266.82
28677600,298.95
28681200,334.07
28684800,369.79
28688400,403.66
28692000,433.39
28695600,456.94
28699200,472.72
28702800,479.64
28706400,477.24
28710000,465.67
28713600,445.73
28717200,418.78
28720800,386.65
28724400,351.53
28728000,315.81
28731600,281.94
28735200,252.21
28738800,228.66
28742400,212.88
28746000,205.96
28749600,208.36
28753200,219.93
28756800,239.87
28760400,266.82
28764000,298.95
28767600,334.07
28771200,369.79
28774800,403.66
28778400,433.39
28782000,456.94
28785600,472.72
28789200,479.64
28792800,477.24
28796400,465.67
28800000,445.73
28803600,418.78
28807200,386.65
28810800,351.53
28814400,315.81
28818000,281.94
28821600,252.21
28825200,228.66
28828800,212.88
28832400,205.96
28836000,208.36
28839600,219.93
28843200,239.87
28846800,266.82
28850400,298.95
28854000,334.07
28857600,369.79
28861200,403.66
28864800,433.39
28868400,456.94
28872000,472.72
28875600,479.64
28879200,477.24
28882800,465.67
28886400,445.73
28890000,418.78
28893600,386.65
28897200,351.53
28900800,315.81
28904400,281.94
28908000,252.21
28911600,228.66
28915200,212.88
28918800,205.96
28922400,208.36
28926000,219.93
28929600,239.87
28933200,266.82
28936800,298.95
28940400,334.07
28944000,369.79
28947600,403.66
28951200,433.39
28954800,456.94
28958400,472.72
28962000,479.64
28965600,477.24
28969200,465.67
28972800,445.73
28976400,418.78
28980000,386.65
28983600,351.53
28987200,315.81
28990800,281.94
28994400,252.21
28998000,228.66
29001600,212.88
29005200,205.96
29008800,208.36
29012400,219.93
29016000,239.87
29019600,266.82
29023200,298.95
29026800,334.07
29030400,369.79
29034000,403.66
29037600,433.39
29041200,456.94
29044800,472.72
29048400,479.64
29052000,477.24
29055600,465.67
29059200,445.73
29062800,418.78
29066400,386.65
29070000,351.53
29073600,315.81
29077200,281.94
29080800,252.21
29084400,228.66
29088000,212.88
29091600,205.96
29095200,208.36
29098800,219.93
29102400,239.87
29106000,266.82
29109600,298.95
29113200,334.07
29116800,369.79
29120400,403.66
29124000,433.39
29127600,456.94
29131200,472.72
29134800,479.64
29138400,477.24
29142000,465.67
29145600,445.73
29149200,418.78
29152800,386.65
29156400,351.53
29160000,315.81
29163600,281.94
29167200,252.21
29170800,228.66
29174400,212.88
29178000,205.96
29181600,208.36
29185200,219.93
29188800,239.87
29192400,266.82
29196000,298.95
29199600,334.07
29203200,369.79
29206800,403.66
29210400,433.39
29214000,456.94
29217600,472.72
29221200,479.64
29224800,477.24
29228400,465.67
29232000,445.73
29235600,418.78
29239200,386.65
29242800,351.53
29246400,315.81
29250000,281.94
29253600,252.21
29257200,228.66
29260800,212.88
29264400,205.96
29268000,208.36
29271600,219.93
29275200,239.87
29278800,266.82
29282400,298.95
29286000,334.07
29289600,369.79
29293200,403.66
29296800,433.39
29300400,456.94
29304000,472.72
29307600,479.64
29311200,477.24
29314800,465.67
29318400,445.73
29322000,418.78
29325600,386.65
29329200,351.53
29332800,315.81
29336400,281.94
29340000,252.21
29343600,228.66
29347200,212.88
29350800,205.96
29354400,208.36
29358000,219.93
29361600,239.87
29365200,266.82
29368800,298.95
29372400,334.07
29376000,369.79
29379600,403.66
29383200,433.39
29386800,456.94
29390400,472.72
29394000,479.64
29397600,477.24
29401200,465.67
29404800,445.73
29408400,418.78
29412000,386.65
29415600,351.53
29419200,315.81
29422800,281.94
29426400,252.21
29430000,228.66
29433600,212.88
29437200,205.96
29440800,208.36
29444400,219.93
29448000,239.87
29451600,266.82
29455200,298.95
29458800,334.07
29462400,369.79
29466000,403.66
29469600,433.39
29473200,456.94
29476800,472.72
29480400,479.64
29484000,477.24
29487600,465.67
29491200,445.73
29494800,418.78
29498400,386.65
29502000,351.53
29505600,315.81
29509200,281.94
29512800,252.21
29516400,228.66
29520000,212.88
29523600,205.96
29527200,208.36
29530800,219.93
29534400,239.87
29538000,266.82
29541600,298.95
29545200,334.07
29548800,369.79
29552400,403.66
29556000,433.39
29559600,456.94
29563200,472.72
29566800,479.64
29570400,477.24
29574000,465.67
29577600,445.73
29581200,418.78
29584800,386.65
29588400,351.53
29592000,315.81
29595600,281.94
29599200,252.21
29602800,228.66
29606400,212.88
29610000,205.96
29613600,208.36
29617200,219.93
29620800,239.87
29624400,266.82
29628000,298.95
29631600,334.07
29635200,369.79
29638800,403.66
29642400,433.39
29646000,456.94
29649600,472.72
29653200,479.64
29656800,477.24
29660400,465.67
29664000,445.73
29667600,418.78
29671200,386.65
29674800,351.53
29678400,315.81
29682000,281.94
29685600,252.21
29689200,228.66
29692800,212.88
29696400,205.96
29700000,208.36
29703600,219.93
29707200,239.87
29710800,266.82
29714400,298.95
29718000,334.07
29721600,369.79
29725200,403.66
29728800,433.39
29732400,456.94
29736000,472.72
29739600,479.64
29743200,477.24
29746800,465.67
29750400,445.73
29754000,418.78
29757600,386.65
29761200,351.53
29764800,315.81
29768400,281.94
29772000,252.21
29775600,228.66
29779200,212.88
29782800,205.96
29786400,208.36
29790000,219.93
29793600,239.87
29797200,266.82
29800800,298.95
29804400,334.07
29808000,369.79
29811600,403.66
29815200,433.39
29818800,456.94
29822400,472.72
29826000,479.64
29829600,477.24
29833200,465.67
29836800,445.73
29840400,418.78
29844000,386.65
29847600,351.53
29851200,315.81
29854800,281.94
29858400,252.21
29862000,228.66
29865600,212.88
29869200,205.96
29872800,208.36
29876400,219.93
29880000,239.87
29883600,266.82
29887200,298.95
29890800,334.07
29894400,369.79
29898000,403.66
29901600,433.39
29905200,456.94
29908800,472.72
29912400,479.64
29916000,477.24
29919600,465.67
29923200,445.73
29926800,418.78
29930400,386.65
29934000,351.53
29937600,315.81
29941200,281.94
29944800,252.21
29948400,228.66
29952000,212.88
29955600,205.96
29959200,208.36
29962800,219.93
29966400,239.87
29970000,266.82
29973600,298.95
29977200,334.07
29980800,369.79
29984400,403.66
29988000,433.39
29991600,456.94
29995200,472.72
29998800,479.64
30002400,477.24
30006000,465.67
30009600,445.73
30013200,418.78
30016800,386.65
30020400,351.53
30024000,315.81
30027600,281.94
30031200,252.21
30034800,228.66
30038400,212.88
30042000,205.96
30045600,208.36
30049200,219.93
30052800,239.87
30056400,266.82
30060000,298.95
30063600,334.07
30067200,369.79
30070800,403.66
30074400,433.39
30078000,456.94
30081600,472.72
30085200,479.64
30088800,477.24
30092400,465.67
30096000,445.73
30099600,418.78
30103200,386.65
30106800,351.53
30110400,315.81
30114000,281.94
30117600,252.21
30121200,228.66
30124800,212.88
30128400,205.96
30132000,208.36
30135600,219.93
30139200,239.87
30142800,266.82
30146400,298.95
30150000,334.07
30153600,369.79
30157200,403.66
30160800,433.39
30164400,456.94
30168000,472.72
30171600,479.64
30175200,477.24
30178800,465.67
30182400,445.73
30186000,418.78
30189600,386.65
30193200,351.53
30196800,315.81
30200400,281.94
30204000,252.21
30207600,228.66
30211200,212.88
30214800,205.96
30218400,208.36
30222000,219.93
30225600,239.87
30229200,266.82
30232800,298.95
30236400,334.07
30240000,369.79
30243600,403.66
30247200,433.39
30250800,456.94
30254400,472.72
30258000,479.64
30261600,477.24
30265200,465.67
30268800,445.73
30272400,418.78
30276000,386.65
30279600,351.53
30283200,315.81
30286800,281.94
30290400,252.21
30294000,228.66
30297600,212.88
30301200,205.96
30304800,208.36
30308400,219.93
30312000,239.87
30315600,266.82
30319200,298.95
30322800,334.07
30326400,369.79
30330000,403.66
30333600,433.39
30337200,456.94
30340800,472.72
30344400,479.64
30348000,477.24
30351600,465.67
30355200,445.73
30358800,418.78
30362400,386.65
30366000,351.53
30369600,315.81
30373200,281.94
30376800,252.21
30380400,228.66
30384000,212.88
30387600,205.96
30391200,208.36
30394800,219.93
30398400,239.87
30402000,266.82
30405600,298.95
30409200,334.07
30412800,369.79
30416400,403.66
30420000,433.39
30423600,456.94
30427200,472.72
30430800,479.64
30434400,477.24
30438000,465.67
30441600,445.73
30445200,418.78
30448800,386.65
30452400,351.53
30456000,315.81
30459600,281.94
30463200,252.21
30466800,228.66
30470400,212.88
30474000,205.96
30477600,208.36
30481200,219.93
30484800,239.87
30488400,266.82
30492000,298.95
30495600,334.07
30499200,369.79
30502800,403.66
30506400,433.39
30510000,456.94
30513600,472.72
30517200,479.64
30520800,477.24
30524400,465.67
30528000,445.73
30531600,418.78
30535200,386.65
30538800,351.53
30542400,315.81
30546000,281.94
30549600,252.21
30553200,228.66
30556800,212.88
30560400,205.96
30564000,208.36
30567600,219.93
30571200,239.87
30574800,266.82
30578400,298.95
30582000,334.07
30585600,369.79
30589200,403.66
30592800,433.39
30596400,456.94
30600000,472.72
30603600,479.64
30607200,477.24
30610800,465.67
30614400,445.73
30618000,418.78
30621600,386.65
30625200,351.53
30628800,315.81
30632400,281.94
30636000,252.21
30639600,228.66
30643200,212.88
30646800,205.96
30650400,208.36
30654000,219.93
30657600,239.87
30661200,266.82
30664800,298.95
30668400,334.07
30672000,369.79
30675600,403.66
30679200,433.39
30682800,456.94
30686400,472.72
30690000,479.64
30693600,477.24
30697200,465.67
30700800,445.73
30704400,418.78
30708000,386.65
30711600,351.53
30715200,315.81
30718800,281.94
30722400,252.21
30726000,228.66
30729600,212.88
30733200,205.96
30736800,208.36
30740400,219.93
30744000,239.87
30747600,266.82
30751200,298.95
30754800,334.07
30758400,369.79
30762000,403.66
30765600,433.39
30769200,456.94
30772800,472.72
30776400,479.64
30780000,477.24
30783600,465.67
30787200,445.73
30790800,418.78
30794400,386.65
30798000,351.53
30801600,315.81
30805200,281.94
30808800,252.21
30812400,228.66
30816000,212.88
30819600,205.96
30823200,208.36
30826800,219.93
30830400,239.87
30834000,266.82
30837600,298.95
30841200,334.07
30844800,369.79
30848400,403.66
30852000,433.39
30855600,456.94
30859200,472.72
30862800,479.64
30866400,477.24
30870000,465.67
30873600,445.73
30877200,418.78
30880800,386.65
30884400,351.53
30888000,315.81
30891600,281.94
30895200,252.21
30898800,228.66
30902400,212.88
30906000,205.96
30909600,208.36
30913200,219.93
30916800,239.87
30920400,266.82
30924000,298.95
30927600,334.07
30931200,369.79
30934800,403.66
30938400,433.39
30942000,456.94
30945600,472.72
30949200,479.64
30952800,477.24
30956400,465.67
30960000,445.73
30963600,418.78
30967200,386.65
30970800,351.53
30974400,315.81
30978000,281.94
30981600,252.21
30985200,228.66
30988800,212.88
30992400,205.96
30996000,208.36
30999600,219.93
31003200,239.87
31006800,266.82
31010400,298.95
31014000,334.07
31017600,369.79
31021200,403.66
31024800,433.39
31028400,456.94
31032000,472.72
31035600,479.64
31039200,477.24
31042800,465.67
31046400,445.73
31050000,418.78
31053600,386.65
31057200,351.53
31060800,315.81
31064400,281.94
31068000,252.21
31071600,228.66
31075200,212.88
31078800,205.96
31082400,208.36
31086000,219.93
31089600,239.87
31093200,266.82
31096800,298.95
31100400,334.07
31104000,369.79
31107600,403.66
31111200,433.39
31114800,456.94
31118400,472.72
31122000,479.64
31125600,477.24
31129200,465.67
31132800,445.73
31136400,418.78
31140000,386.65
31143600,351.53
31147200,315.81
31150800,281.94
31154400,252.21
31158000,228.66
31161600,212.88
31165200,205.96
31168800,208.36
31172400,219.93
31176000,239.87
31179600,266.82
31183200,298.95
31186800,334.07
31190400,369.79
31194000,403.66
31197600,433.39
31201200,456.94
31204800,472.72
31208400,479.64
31212000,477.24
31215600,465.67
31219200,445.73
31222800,418.78
31226400,386.65
31230000,351.53
31233600,315.81
31237200,281.94
31240800,252.21
31244400,228.66
31248000,212.88
31251600,205.96
31255200,208.36
31258800,219.93
31262400,239.87
31266000,266.82
31269600,298.95
31273200,334.07
31276800,369.79
31280400,403.66
31284000,433.39
31287600,456.94
31291200,472.72
31294800,479.64
31298400,477.24
31302000,465.67
31305600,445.73
31309200,418.78
31312800,386.65
31316400,351.53
31320000,315.81
31323600,281.94
31327200,252.21
31330800,228.66
31334400,212.88
31338000,205.96
31341600,208.36
31345200,219.93
31348800,239.87
31352400,266.82
31356000,298.95
31359600,334.07
31363200,369.79
31366800,403.66
31370400,433.39
31374000,456.94
31377600,472.72
31381200,479.64
31384800,477.24
31388400,465.67
31392000,445.73
31395600,418.78
31399200,386.65
31402800,351.53
31406400,315.81
31410000,281.94
31413600,252.21
31417200,228.66
31420800,212.88
31424400,205.96
31428000,208.36
31431600,219.93
31435200,239.87
31438800,266.82
31442400,298.95
31446000,334.07
31449600,369.79
31453200,403.66
31456800,433.39
31460400,456.94
31464000,472.72
31467600,479.64
31471200,477.24
31474800,465.67
31478400,445.73
31482000,418.78
31485600,386.65
31489200,351.53
31492800,315.81
31496400,281.94
31500000,252.21
31503600,228.66
31507200,212.88
31510800,205.96
31514400,208.36
31518000,219.93
31521600,239.87
31525200,266.82
31528800,298.95
31532400,334.07
31536000,369.79
