celula	algoritmo	seed	migracao	cenario	inicio	fim	parede_s	cpu_usuario_s	cpu_sistema_s	pico_memoria_kb	codigo_saida	tentativas	trabalhador_pid	sha256_binario
geo3-az-realjun-folgada	best_fit	42	none	configs/scenarios/fase3/geo3_azure_realjun_folgada.yaml	2026-08-07T08:47:31-03:00	2026-08-07T08:47:32-03:00	1.22	1.10	0.11	66520	0	1	78637	36bfe40eed33c8b8cb491894acd6f63c05c13e0d7a15a6e6f7b9401246d94c6d
geo3-az-realjun-folgada	best_fit	43	none	configs/scenarios/fase3/geo3_azure_realjun_folgada.yaml	2026-08-07T08:47:31-03:00	2026-08-07T08:47:33-03:00	1.17	1.05	0.12	64744	0	1	78650	36bfe40eed33c8b8cb491894acd6f63c05c13e0d7a15a6e6f7b9401246d94c6d
geo3-az-realjun-folgada	best_fit	44	none	configs/scenarios/fase3/geo3_azure_realjun_folgada.yaml	2026-08-07T08:47:32-03:00	2026-08-07T08:47:34-03:00	1.14	1.02	0.11	66240	0	1	78683	36bfe40eed33c8b8cb491894acd6f63c05c13e0d7a15a6e6f7b9401246d94c6d
geo3-az-realjun-folgada	best_fit	45	none	configs/scenarios/fase3/geo3_azure_realjun_folgada.yaml	2026-08-07T08:47:33-03:00	2026-08-07T08:47:34-03:00	1.33	1.19	0.11	64268	0	1	78707	36bfe40eed33c8b8cb491894acd6f63c05c13e0d7a15a6e6f7b9401246d94c6d
geo3-az-realjun-folgada	best_fit	46	none	configs/scenarios/fase3/geo3_azure_realjun_folgada.yaml	2026-08-07T08:47:33-03:00	2026-08-07T08:47:34-03:00	1.38	1.23	0.12	64320	0	1	78720	36bfe40eed33c8b8cb491894acd6f63c05c13e0d7a15a6e6f7b9401246d94c6d
geo3-az-realjun-folgada	best_fit	47	none	configs/scenarios/fase3/geo3_azure_realjun_folgada.yaml	2026-08-07T08:47:33-03:00	2026-08-07T08:47:35-03:00	1.41	1.19	0.12	64552	0	1	78739	36bfe40eed33c8b8cb491894acd6f63c05c13e0d7a15a6e6f7b9401246d94c6d
geo3-az-realjun-folgada	best_fit	48	none	configs/scenarios/fase3/geo3_azure_realjun_folgada.yaml	2026-08-07T08:47:34-03:00	2026-08-07T08:47:35-03:00	1.15	1.02	0.10	65392	0	1	78774	36bfe40eed33c8b8cb491894acd6f63c05c13e0d7a15a6e6f7b9401246d94c6d
geo3-az-realjun-folgada	best_fit	49	none	configs/scenarios/fase3/geo3_azure_realjun_folgada.yaml	2026-08-07T08:47:34-03:00	2026-08-07T08:47:35-03:00	1.42	1.29	0.11	65332	0	1	78787	36bfe40eed33c8b8cb491894acd6f63c05c13e0d7a15a6e6f7b9401246d94c6d
geo3-az-realjun-folgada	best_fit	50	none	configs/scenarios/fase3/geo3_azure_realjun_folgada.yaml	2026-08-07T08:47:34-03:00	2026-08-07T08:47:36-03:00	1.46	1.31	0.13	66396	0	1	78810	36bfe40eed33c8b8cb491894acd6f63c05c13e0d7a15a6e6f7b9401246d94c6d
geo3-az-realjun-folgada	best_fit	51	none	configs/scenarios/fase3/geo3_azure_realjun_folgada.yaml	2026-08-07T08:47:35-03:00	2026-08-07T08:47:36-03:00	1.20	1.05	0.13	67156	0	1	78844	36bfe40eed33c8b8cb491894acd6f63c05c13e0d7a15a6e6f7b9401246d94c6d
geo3-az-realjun-folgada	bfd	42	none	configs/scenarios/fase3/geo3_azure_realjun_folgada.yaml	2026-08-07T08:47:42-03:00	2026-08-07T08:47:43-03:00	1.29	1.17	0.11	63260	0	1	79385	36bfe40eed33c8b8cb491894acd6f63c05c13e0d7a15a6e6f7b9401246d94c6d
geo3-az-realjun-folgada	bfd	43	none	configs/scenarios/fase3/geo3_azure_realjun_folgada.yaml	2026-08-07T08:47:42-03:00	2026-08-07T08:47:43-03:00	1.12	1.01	0.09	54308	0	1	79398	36bfe40eed33c8b8cb491894acd6f63c05c13e0d7a15a6e6f7b9401246d94c6d
geo3-az-realjun-folgada	bfd	44	none	configs/scenarios/fase3/geo3_azure_realjun_folgada.yaml	2026-08-07T08:47:42-03:00	2026-08-07T08:47:43-03:00	1.32	1.19	0.11	51924	0	1	79411	36bfe40eed33c8b8cb491894acd6f63c05c13e0d7a15a6e6f7b9401246d94c6d
geo3-az-realjun-folgada	bfd	45	none	configs/scenarios/fase3/geo3_azure_realjun_folgada.yaml	2026-08-07T08:47:42-03:00	2026-08-07T08:47:43-03:00	1.33	1.22	0.10	53936	0	1	79424	36bfe40eed33c8b8cb491894acd6f63c05c13e0d7a15a6e6f7b9401246d94c6d
geo3-az-realjun-folgada	bfd	46	none	configs/scenarios/fase3/geo3_azure_realjun_folgada.yaml	2026-08-07T08:47:42-03:00	2026-08-07T08:47:43-03:00	1.17	1.06	0.11	52332	0	1	79437	36bfe40eed33c8b8cb491894acd6f63c05c13e0d7a15a6e6f7b9401246d94c6d
geo3-az-realjun-folgada	bfd	47	none	configs/scenarios/fase3/geo3_azure_realjun_folgada.yaml	2026-08-07T08:47:42-03:00	2026-08-07T08:47:44-03:00	1.46	1.33	0.11	58724	0	1	79466	36bfe40eed33c8b8cb491894acd6f63c05c13e0d7a15a6e6f7b9401246d94c6d
geo3-az-realjun-folgada	bfd	48	none	configs/scenarios/fase3/geo3_azure_realjun_folgada.yaml	2026-08-07T08:47:42-03:00	2026-08-07T08:47:43-03:00	1.14	1.03	0.10	53440	0	1	79470	36bfe40eed33c8b8cb491894acd6f63c05c13e0d7a15a6e6f7b9401246d94c6d
geo3-az-realjun-folgada	bfd	49	none	configs/scenarios/fase3/geo3_azure_realjun_folgada.yaml	2026-08-07T08:47:42-03:00	2026-08-07T08:47:44-03:00	1.19	1.07	0.09	52172	0	1	79486	36bfe40eed33c8b8cb491894acd6f63c05c13e0d7a15a6e6f7b9401246d94c6d
geo3-az-realjun-folgada	bfd	50	none	configs/scenarios/fase3/geo3_azure_realjun_folgada.yaml	2026-08-07T08:47:43-03:00	2026-08-07T08:47:44-03:00	1.21	1.07	0.10	51892	0	1	79509	36bfe40eed33c8b8cb491894acd6f63c05c13e0d7a15a6e6f7b9401246d94c6d
geo3-az-realjun-folgada	bfd	51	none	configs/scenarios/fase3/geo3_azure_realjun_folgada.yaml	2026-08-07T08:47:43-03:00	2026-08-07T08:47:44-03:00	1.26	1.16	0.09	52996	0	1	79522	36bfe40eed33c8b8cb491894acd6f63c05c13e0d7a15a6e6f7b9401246d94c6d
geo3-az-realjun-folgada	cnemesis	42	cnemesis	configs/scenarios/fase3/geo3_azure_realjun_folgada.yaml	2026-08-07T08:47:50-03:00	2026-08-07T08:47:51-03:00	1.38	1.25	0.10	48420	0	1	80168	36bfe40eed33c8b8cb491894acd6f63c05c13e0d7a15a6e6f7b9401246d94c6d
geo3-az-realjun-folgada	cnemesis	43	cnemesis	configs/scenarios/fase3/geo3_azure_realjun_folgada.yaml	2026-08-07T08:47:50-03:00	2026-08-07T08:47:51-03:00	1.39	1.26	0.11	48896	0	1	80184	36bfe40eed33c8b8cb491894acd6f63c05c13e0d7a15a6e6f7b9401246d94c6d
geo3-az-realjun-folgada	cnemesis	44	cnemesis	configs/scenarios/fase3/geo3_azure_realjun_folgada.yaml	2026-08-07T08:47:50-03:00	2026-08-07T08:47:51-03:00	1.45	1.29	0.14	48668	0	1	80197	36bfe40eed33c8b8cb491894acd6f63c05c13e0d7a15a6e6f7b9401246d94c6d
geo3-az-realjun-folgada	cnemesis	45	cnemesis	configs/scenarios/fase3/geo3_azure_realjun_folgada.yaml	2026-08-07T08:47:50-03:00	2026-08-07T08:47:52-03:00	2.21	2.04	0.15	48664	0	1	80210	36bfe40eed33c8b8cb491894acd6f63c05c13e0d7a15a6e6f7b9401246d94c6d
geo3-az-realjun-folgada	cnemesis	46	cnemesis	configs/scenarios/fase3/geo3_azure_realjun_folgada.yaml	2026-08-07T08:47:50-03:00	2026-08-07T08:47:52-03:00	2.05	1.90	0.13	49196	0	1	80235	36bfe40eed33c8b8cb491894acd6f63c05c13e0d7a15a6e6f7b9401246d94c6d
geo3-az-realjun-folgada	cnemesis	47	cnemesis	configs/scenarios/fase3/geo3_azure_realjun_folgada.yaml	2026-08-07T08:47:51-03:00	2026-08-07T08:47:52-03:00	1.63	1.49	0.12	48600	0	1	80259	36bfe40eed33c8b8cb491894acd6f63c05c13e0d7a15a6e6f7b9401246d94c6d
geo3-az-realjun-folgada	cnemesis	48	cnemesis	configs/scenarios/fase3/geo3_azure_realjun_folgada.yaml	2026-08-07T08:47:51-03:00	2026-08-07T08:47:53-03:00	1.76	1.60	0.13	48968	0	1	80272	36bfe40eed33c8b8cb491894acd6f63c05c13e0d7a15a6e6f7b9401246d94c6d
geo3-az-realjun-folgada	cnemesis	49	cnemesis	configs/scenarios/fase3/geo3_azure_realjun_folgada.yaml	2026-08-07T08:47:51-03:00	2026-08-07T08:47:52-03:00	1.64	1.48	0.14	48904	0	1	80285	36bfe40eed33c8b8cb491894acd6f63c05c13e0d7a15a6e6f7b9401246d94c6d
geo3-az-realjun-folgada	cnemesis	50	cnemesis	configs/scenarios/fase3/geo3_azure_realjun_folgada.yaml	2026-08-07T08:47:51-03:00	2026-08-07T08:47:53-03:00	1.63	1.51	0.11	48560	0	1	80312	36bfe40eed33c8b8cb491894acd6f63c05c13e0d7a15a6e6f7b9401246d94c6d
geo3-az-realjun-folgada	cnemesis	51	cnemesis	configs/scenarios/fase3/geo3_azure_realjun_folgada.yaml	2026-08-07T08:47:51-03:00	2026-08-07T08:47:53-03:00	1.50	1.35	0.13	48440	0	1	80321	36bfe40eed33c8b8cb491894acd6f63c05c13e0d7a15a6e6f7b9401246d94c6d
geo3-az-realjun-folgada	ffd	42	none	configs/scenarios/fase3/geo3_azure_realjun_folgada.yaml	2026-08-07T08:47:40-03:00	2026-08-07T08:47:41-03:00	1.24	1.13	0.11	51620	0	1	79202	36bfe40eed33c8b8cb491894acd6f63c05c13e0d7a15a6e6f7b9401246d94c6d
geo3-az-realjun-folgada	ffd	43	none	configs/scenarios/fase3/geo3_azure_realjun_folgada.yaml	2026-08-07T08:47:40-03:00	2026-08-07T08:47:41-03:00	1.18	1.05	0.09	51420	0	1	79215	36bfe40eed33c8b8cb491894acd6f63c05c13e0d7a15a6e6f7b9401246d94c6d
geo3-az-realjun-folgada	ffd	44	none	configs/scenarios/fase3/geo3_azure_realjun_folgada.yaml	2026-08-07T08:47:40-03:00	2026-08-07T08:47:41-03:00	1.15	1.03	0.09	51184	0	1	79228	36bfe40eed33c8b8cb491894acd6f63c05c13e0d7a15a6e6f7b9401246d94c6d
geo3-az-realjun-folgada	ffd	45	none	configs/scenarios/fase3/geo3_azure_realjun_folgada.yaml	2026-08-07T08:47:40-03:00	2026-08-07T08:47:41-03:00	1.24	1.12	0.11	51884	0	1	79251	36bfe40eed33c8b8cb491894acd6f63c05c13e0d7a15a6e6f7b9401246d94c6d
geo3-az-realjun-folgada	ffd	46	none	configs/scenarios/fase3/geo3_azure_realjun_folgada.yaml	2026-08-07T08:47:40-03:00	2026-08-07T08:47:42-03:00	1.27	1.10	0.12	52492	0	1	79264	36bfe40eed33c8b8cb491894acd6f63c05c13e0d7a15a6e6f7b9401246d94c6d
geo3-az-realjun-folgada	ffd	47	none	configs/scenarios/fase3/geo3_azure_realjun_folgada.yaml	2026-08-07T08:47:41-03:00	2026-08-07T08:47:42-03:00	1.25	1.10	0.11	52104	0	1	79288	36bfe40eed33c8b8cb491894acd6f63c05c13e0d7a15a6e6f7b9401246d94c6d
geo3-az-realjun-folgada	ffd	48	none	configs/scenarios/fase3/geo3_azure_realjun_folgada.yaml	2026-08-07T08:47:41-03:00	2026-08-07T08:47:42-03:00	1.18	1.02	0.12	51260	0	1	79311	36bfe40eed33c8b8cb491894acd6f63c05c13e0d7a15a6e6f7b9401246d94c6d
geo3-az-realjun-folgada	ffd	49	none	configs/scenarios/fase3/geo3_azure_realjun_folgada.yaml	2026-08-07T08:47:41-03:00	2026-08-07T08:47:42-03:00	1.30	1.18	0.11	52048	0	1	79324	36bfe40eed33c8b8cb491894acd6f63c05c13e0d7a15a6e6f7b9401246d94c6d
geo3-az-realjun-folgada	ffd	50	none	configs/scenarios/fase3/geo3_azure_realjun_folgada.yaml	2026-08-07T08:47:41-03:00	2026-08-07T08:47:42-03:00	1.19	1.07	0.10	51704	0	1	79359	36bfe40eed33c8b8cb491894acd6f63c05c13e0d7a15a6e6f7b9401246d94c6d
geo3-az-realjun-folgada	ffd	51	none	configs/scenarios/fase3/geo3_azure_realjun_folgada.yaml	2026-08-07T08:47:41-03:00	2026-08-07T08:47:42-03:00	1.20	1.06	0.12	52656	0	1	79372	36bfe40eed33c8b8cb491894acd6f63c05c13e0d7a15a6e6f7b9401246d94c6d
geo3-az-realjun-folgada	first_fit	42	none	configs/scenarios/fase3/geo3_azure_realjun_folgada.yaml	2026-08-07T08:47:23-03:00	2026-08-07T08:47:24-03:00	1.07	0.94	0.11	52508	0	1	78345	36bfe40eed33c8b8cb491894acd6f63c05c13e0d7a15a6e6f7b9401246d94c6d
geo3-az-realjun-folgada	first_fit	43	none	configs/scenarios/fase3/geo3_azure_realjun_folgada.yaml	2026-08-07T08:47:24-03:00	2026-08-07T08:47:25-03:00	1.11	0.99	0.10	52232	0	1	78378	36bfe40eed33c8b8cb491894acd6f63c05c13e0d7a15a6e6f7b9401246d94c6d
geo3-az-realjun-folgada	first_fit	44	none	configs/scenarios/fase3/geo3_azure_realjun_folgada.yaml	2026-08-07T08:47:25-03:00	2026-08-07T08:47:26-03:00	1.07	0.96	0.09	51936	0	1	78399	36bfe40eed33c8b8cb491894acd6f63c05c13e0d7a15a6e6f7b9401246d94c6d
geo3-az-realjun-folgada	first_fit	45	none	configs/scenarios/fase3/geo3_azure_realjun_folgada.yaml	2026-08-07T08:47:26-03:00	2026-08-07T08:47:28-03:00	1.20	1.10	0.09	52400	0	1	78465	36bfe40eed33c8b8cb491894acd6f63c05c13e0d7a15a6e6f7b9401246d94c6d
geo3-az-realjun-folgada	first_fit	46	none	configs/scenarios/fase3/geo3_azure_realjun_folgada.yaml	2026-08-07T08:47:28-03:00	2026-08-07T08:47:29-03:00	1.18	1.06	0.09	52724	0	1	78478	36bfe40eed33c8b8cb491894acd6f63c05c13e0d7a15a6e6f7b9401246d94c6d
geo3-az-realjun-folgada	first_fit	47	none	configs/scenarios/fase3/geo3_azure_realjun_folgada.yaml	2026-08-07T08:47:28-03:00	2026-08-07T08:47:29-03:00	1.20	1.08	0.10	52668	0	1	78502	36bfe40eed33c8b8cb491894acd6f63c05c13e0d7a15a6e6f7b9401246d94c6d
geo3-az-realjun-folgada	first_fit	48	none	configs/scenarios/fase3/geo3_azure_realjun_folgada.yaml	2026-08-07T08:47:29-03:00	2026-08-07T08:47:30-03:00	1.25	1.11	0.11	51584	0	1	78536	36bfe40eed33c8b8cb491894acd6f63c05c13e0d7a15a6e6f7b9401246d94c6d
geo3-az-realjun-folgada	first_fit	49	none	configs/scenarios/fase3/geo3_azure_realjun_folgada.yaml	2026-08-07T08:47:29-03:00	2026-08-07T08:47:30-03:00	1.06	0.93	0.11	52276	0	1	78549	36bfe40eed33c8b8cb491894acd6f63c05c13e0d7a15a6e6f7b9401246d94c6d
geo3-az-realjun-folgada	first_fit	50	none	configs/scenarios/fase3/geo3_azure_realjun_folgada.yaml	2026-08-07T08:47:30-03:00	2026-08-07T08:47:31-03:00	1.07	0.97	0.09	52464	0	1	78573	36bfe40eed33c8b8cb491894acd6f63c05c13e0d7a15a6e6f7b9401246d94c6d
geo3-az-realjun-folgada	first_fit	51	none	configs/scenarios/fase3/geo3_azure_realjun_folgada.yaml	2026-08-07T08:47:30-03:00	2026-08-07T08:47:31-03:00	1.21	1.10	0.10	52844	0	1	78596	36bfe40eed33c8b8cb491894acd6f63c05c13e0d7a15a6e6f7b9401246d94c6d
geo3-az-realjun-folgada	follow_renewables	42	follow_renewables	configs/scenarios/fase3/geo3_azure_realjun_folgada.yaml	2026-08-07T08:47:44-03:00	2026-08-07T08:47:46-03:00	1.81	1.63	0.18	65440	0	1	79682	36bfe40eed33c8b8cb491894acd6f63c05c13e0d7a15a6e6f7b9401246d94c6d
geo3-az-realjun-folgada	follow_renewables	43	follow_renewables	configs/scenarios/fase3/geo3_azure_realjun_folgada.yaml	2026-08-07T08:47:44-03:00	2026-08-07T08:47:46-03:00	1.67	1.45	0.16	67244	0	1	79695	36bfe40eed33c8b8cb491894acd6f63c05c13e0d7a15a6e6f7b9401246d94c6d
geo3-az-realjun-folgada	follow_renewables	44	follow_renewables	configs/scenarios/fase3/geo3_azure_realjun_folgada.yaml	2026-08-07T08:47:45-03:00	2026-08-07T08:47:46-03:00	1.83	1.61	0.20	65892	0	1	79716	36bfe40eed33c8b8cb491894acd6f63c05c13e0d7a15a6e6f7b9401246d94c6d
geo3-az-realjun-folgada	follow_renewables	45	follow_renewables	configs/scenarios/fase3/geo3_azure_realjun_folgada.yaml	2026-08-07T08:47:45-03:00	2026-08-07T08:47:47-03:00	1.74	1.56	0.16	65960	0	1	79736	36bfe40eed33c8b8cb491894acd6f63c05c13e0d7a15a6e6f7b9401246d94c6d
geo3-az-realjun-folgada	follow_renewables	46	follow_renewables	configs/scenarios/fase3/geo3_azure_realjun_folgada.yaml	2026-08-07T08:47:45-03:00	2026-08-07T08:47:47-03:00	1.65	1.46	0.16	65948	0	1	79752	36bfe40eed33c8b8cb491894acd6f63c05c13e0d7a15a6e6f7b9401246d94c6d
geo3-az-realjun-folgada	follow_renewables	47	follow_renewables	configs/scenarios/fase3/geo3_azure_realjun_folgada.yaml	2026-08-07T08:47:45-03:00	2026-08-07T08:47:46-03:00	1.41	1.24	0.16	66384	0	1	79765	36bfe40eed33c8b8cb491894acd6f63c05c13e0d7a15a6e6f7b9401246d94c6d
geo3-az-realjun-folgada	follow_renewables	48	follow_renewables	configs/scenarios/fase3/geo3_azure_realjun_folgada.yaml	2026-08-07T08:47:45-03:00	2026-08-07T08:47:47-03:00	1.50	1.31	0.17	65820	0	1	79778	36bfe40eed33c8b8cb491894acd6f63c05c13e0d7a15a6e6f7b9401246d94c6d
geo3-az-realjun-folgada	follow_renewables	49	follow_renewables	configs/scenarios/fase3/geo3_azure_realjun_folgada.yaml	2026-08-07T08:47:45-03:00	2026-08-07T08:47:47-03:00	1.56	1.37	0.17	67420	0	1	79791	36bfe40eed33c8b8cb491894acd6f63c05c13e0d7a15a6e6f7b9401246d94c6d
geo3-az-realjun-folgada	follow_renewables	50	follow_renewables	configs/scenarios/fase3/geo3_azure_realjun_folgada.yaml	2026-08-07T08:47:46-03:00	2026-08-07T08:47:47-03:00	1.42	1.25	0.15	65024	0	1	79804	36bfe40eed33c8b8cb491894acd6f63c05c13e0d7a15a6e6f7b9401246d94c6d
geo3-az-realjun-folgada	follow_renewables	51	follow_renewables	configs/scenarios/fase3/geo3_azure_realjun_folgada.yaml	2026-08-07T08:47:46-03:00	2026-08-07T08:47:48-03:00	1.46	1.26	0.17	65616	0	1	79817	36bfe40eed33c8b8cb491894acd6f63c05c13e0d7a15a6e6f7b9401246d94c6d
geo3-az-realjun-folgada	followme_s	42	followme_s	configs/scenarios/fase3/geo3_azure_realjun_folgada.yaml	2026-08-07T08:47:48-03:00	2026-08-07T08:47:50-03:00	2.07	1.92	0.14	45792	0	1	80012	36bfe40eed33c8b8cb491894acd6f63c05c13e0d7a15a6e6f7b9401246d94c6d
geo3-az-realjun-folgada	followme_s	43	followme_s	configs/scenarios/fase3/geo3_azure_realjun_folgada.yaml	2026-08-07T08:47:48-03:00	2026-08-07T08:47:50-03:00	1.78	1.63	0.14	45504	0	1	80025	36bfe40eed33c8b8cb491894acd6f63c05c13e0d7a15a6e6f7b9401246d94c6d
geo3-az-realjun-folgada	followme_s	44	followme_s	configs/scenarios/fase3/geo3_azure_realjun_folgada.yaml	2026-08-07T08:47:48-03:00	2026-08-07T08:47:50-03:00	1.76	1.59	0.14	45680	0	1	80038	36bfe40eed33c8b8cb491894acd6f63c05c13e0d7a15a6e6f7b9401246d94c6d
geo3-az-realjun-folgada	followme_s	45	followme_s	configs/scenarios/fase3/geo3_azure_realjun_folgada.yaml	2026-08-07T08:47:48-03:00	2026-08-07T08:47:51-03:00	2.77	2.59	0.16	46476	0	1	80051	36bfe40eed33c8b8cb491894acd6f63c05c13e0d7a15a6e6f7b9401246d94c6d
geo3-az-realjun-folgada	followme_s	46	followme_s	configs/scenarios/fase3/geo3_azure_realjun_folgada.yaml	2026-08-07T08:47:48-03:00	2026-08-07T08:47:50-03:00	1.89	1.75	0.13	46232	0	1	80064	36bfe40eed33c8b8cb491894acd6f63c05c13e0d7a15a6e6f7b9401246d94c6d
geo3-az-realjun-folgada	followme_s	47	followme_s	configs/scenarios/fase3/geo3_azure_realjun_folgada.yaml	2026-08-07T08:47:48-03:00	2026-08-07T08:47:50-03:00	1.82	1.67	0.14	45968	0	1	80077	36bfe40eed33c8b8cb491894acd6f63c05c13e0d7a15a6e6f7b9401246d94c6d
geo3-az-realjun-folgada	followme_s	48	followme_s	configs/scenarios/fase3/geo3_azure_realjun_folgada.yaml	2026-08-07T08:47:48-03:00	2026-08-07T08:47:50-03:00	1.99	1.84	0.13	45324	0	1	80101	36bfe40eed33c8b8cb491894acd6f63c05c13e0d7a15a6e6f7b9401246d94c6d
geo3-az-realjun-folgada	followme_s	49	followme_s	configs/scenarios/fase3/geo3_azure_realjun_folgada.yaml	2026-08-07T08:47:49-03:00	2026-08-07T08:47:51-03:00	1.82	1.68	0.13	45000	0	1	80124	36bfe40eed33c8b8cb491894acd6f63c05c13e0d7a15a6e6f7b9401246d94c6d
geo3-az-realjun-folgada	followme_s	50	followme_s	configs/scenarios/fase3/geo3_azure_realjun_folgada.yaml	2026-08-07T08:47:49-03:00	2026-08-07T08:47:51-03:00	1.72	1.55	0.13	45656	0	1	80145	36bfe40eed33c8b8cb491894acd6f63c05c13e0d7a15a6e6f7b9401246d94c6d
geo3-az-realjun-folgada	followme_s	51	followme_s	configs/scenarios/fase3/geo3_azure_realjun_folgada.yaml	2026-08-07T08:47:50-03:00	2026-08-07T08:47:51-03:00	1.58	1.45	0.12	45412	0	1	80165	36bfe40eed33c8b8cb491894acd6f63c05c13e0d7a15a6e6f7b9401246d94c6d
geo3-az-realjun-folgada	lowest_carbon_dc	42	none	configs/scenarios/fase3/geo3_azure_realjun_folgada.yaml	2026-08-07T08:47:43-03:00	2026-08-07T08:47:44-03:00	1.30	1.17	0.11	52280	0	1	79542	36bfe40eed33c8b8cb491894acd6f63c05c13e0d7a15a6e6f7b9401246d94c6d
geo3-az-realjun-folgada	lowest_carbon_dc	43	none	configs/scenarios/fase3/geo3_azure_realjun_folgada.yaml	2026-08-07T08:47:43-03:00	2026-08-07T08:47:44-03:00	1.35	1.24	0.10	52396	0	1	79555	36bfe40eed33c8b8cb491894acd6f63c05c13e0d7a15a6e6f7b9401246d94c6d
geo3-az-realjun-folgada	lowest_carbon_dc	44	none	configs/scenarios/fase3/geo3_azure_realjun_folgada.yaml	2026-08-07T08:47:43-03:00	2026-08-07T08:47:45-03:00	1.39	1.26	0.10	52052	0	1	79576	36bfe40eed33c8b8cb491894acd6f63c05c13e0d7a15a6e6f7b9401246d94c6d
geo3-az-realjun-folgada	lowest_carbon_dc	45	none	configs/scenarios/fase3/geo3_azure_realjun_folgada.yaml	2026-08-07T08:47:43-03:00	2026-08-07T08:47:44-03:00	1.09	0.99	0.10	52492	0	1	79578	36bfe40eed33c8b8cb491894acd6f63c05c13e0d7a15a6e6f7b9401246d94c6d
geo3-az-realjun-folgada	lowest_carbon_dc	46	none	configs/scenarios/fase3/geo3_azure_realjun_folgada.yaml	2026-08-07T08:47:43-03:00	2026-08-07T08:47:45-03:00	1.31	1.20	0.10	52820	0	1	79594	36bfe40eed33c8b8cb491894acd6f63c05c13e0d7a15a6e6f7b9401246d94c6d
geo3-az-realjun-folgada	lowest_carbon_dc	47	none	configs/scenarios/fase3/geo3_azure_realjun_folgada.yaml	2026-08-07T08:47:44-03:00	2026-08-07T08:47:45-03:00	1.32	1.17	0.13	52596	0	1	79607	36bfe40eed33c8b8cb491894acd6f63c05c13e0d7a15a6e6f7b9401246d94c6d
geo3-az-realjun-folgada	lowest_carbon_dc	48	none	configs/scenarios/fase3/geo3_azure_realjun_folgada.yaml	2026-08-07T08:47:44-03:00	2026-08-07T08:47:45-03:00	1.14	1.04	0.08	51616	0	1	79620	36bfe40eed33c8b8cb491894acd6f63c05c13e0d7a15a6e6f7b9401246d94c6d
geo3-az-realjun-folgada	lowest_carbon_dc	49	none	configs/scenarios/fase3/geo3_azure_realjun_folgada.yaml	2026-08-07T08:47:44-03:00	2026-08-07T08:47:45-03:00	1.18	1.04	0.11	51912	0	1	79633	36bfe40eed33c8b8cb491894acd6f63c05c13e0d7a15a6e6f7b9401246d94c6d
geo3-az-realjun-folgada	lowest_carbon_dc	50	none	configs/scenarios/fase3/geo3_azure_realjun_folgada.yaml	2026-08-07T08:47:44-03:00	2026-08-07T08:47:45-03:00	1.20	1.10	0.10	52440	0	1	79646	36bfe40eed33c8b8cb491894acd6f63c05c13e0d7a15a6e6f7b9401246d94c6d
geo3-az-realjun-folgada	lowest_carbon_dc	51	none	configs/scenarios/fase3/geo3_azure_realjun_folgada.yaml	2026-08-07T08:47:44-03:00	2026-08-07T08:47:46-03:00	1.44	1.30	0.10	52804	0	1	79659	36bfe40eed33c8b8cb491894acd6f63c05c13e0d7a15a6e6f7b9401246d94c6d
geo3-az-realjun-folgada	round_robin	42	none	configs/scenarios/fase3/geo3_azure_realjun_folgada.yaml	2026-08-07T08:47:38-03:00	2026-08-07T08:47:39-03:00	1.33	1.23	0.09	52740	0	1	79041	36bfe40eed33c8b8cb491894acd6f63c05c13e0d7a15a6e6f7b9401246d94c6d
geo3-az-realjun-folgada	round_robin	43	none	configs/scenarios/fase3/geo3_azure_realjun_folgada.yaml	2026-08-07T08:47:38-03:00	2026-08-07T08:47:39-03:00	1.10	1.01	0.09	52616	0	1	79054	36bfe40eed33c8b8cb491894acd6f63c05c13e0d7a15a6e6f7b9401246d94c6d
geo3-az-realjun-folgada	round_robin	44	none	configs/scenarios/fase3/geo3_azure_realjun_folgada.yaml	2026-08-07T08:47:38-03:00	2026-08-07T08:47:39-03:00	1.37	1.27	0.09	52296	0	1	79068	36bfe40eed33c8b8cb491894acd6f63c05c13e0d7a15a6e6f7b9401246d94c6d
geo3-az-realjun-folgada	round_robin	45	none	configs/scenarios/fase3/geo3_azure_realjun_folgada.yaml	2026-08-07T08:47:38-03:00	2026-08-07T08:47:40-03:00	1.38	1.25	0.11	52580	0	1	79098	36bfe40eed33c8b8cb491894acd6f63c05c13e0d7a15a6e6f7b9401246d94c6d
geo3-az-realjun-folgada	round_robin	46	none	configs/scenarios/fase3/geo3_azure_realjun_folgada.yaml	2026-08-07T08:47:39-03:00	2026-08-07T08:47:40-03:00	1.37	1.25	0.11	53108	0	1	79111	36bfe40eed33c8b8cb491894acd6f63c05c13e0d7a15a6e6f7b9401246d94c6d
geo3-az-realjun-folgada	round_robin	47	none	configs/scenarios/fase3/geo3_azure_realjun_folgada.yaml	2026-08-07T08:47:39-03:00	2026-08-07T08:47:40-03:00	1.02	0.92	0.08	52744	0	1	79141	36bfe40eed33c8b8cb491894acd6f63c05c13e0d7a15a6e6f7b9401246d94c6d
geo3-az-realjun-folgada	round_robin	48	none	configs/scenarios/fase3/geo3_azure_realjun_folgada.yaml	2026-08-07T08:47:39-03:00	2026-08-07T08:47:40-03:00	1.36	1.23	0.12	52304	0	1	79148	36bfe40eed33c8b8cb491894acd6f63c05c13e0d7a15a6e6f7b9401246d94c6d
geo3-az-realjun-folgada	round_robin	49	none	configs/scenarios/fase3/geo3_azure_realjun_folgada.yaml	2026-08-07T08:47:39-03:00	2026-08-07T08:47:40-03:00	1.11	0.99	0.09	52280	0	1	79162	36bfe40eed33c8b8cb491894acd6f63c05c13e0d7a15a6e6f7b9401246d94c6d
geo3-az-realjun-folgada	round_robin	50	none	configs/scenarios/fase3/geo3_azure_realjun_folgada.yaml	2026-08-07T08:47:39-03:00	2026-08-07T08:47:41-03:00	1.34	1.24	0.10	52792	0	1	79175	36bfe40eed33c8b8cb491894acd6f63c05c13e0d7a15a6e6f7b9401246d94c6d
geo3-az-realjun-folgada	round_robin	51	none	configs/scenarios/fase3/geo3_azure_realjun_folgada.yaml	2026-08-07T08:47:39-03:00	2026-08-07T08:47:41-03:00	1.34	1.18	0.10	53224	0	1	79189	36bfe40eed33c8b8cb491894acd6f63c05c13e0d7a15a6e6f7b9401246d94c6d
geo3-az-realjun-folgada	worst_fit	42	none	configs/scenarios/fase3/geo3_azure_realjun_folgada.yaml	2026-08-07T08:47:35-03:00	2026-08-07T08:47:36-03:00	1.27	1.16	0.10	52300	0	1	78857	36bfe40eed33c8b8cb491894acd6f63c05c13e0d7a15a6e6f7b9401246d94c6d
geo3-az-realjun-folgada	worst_fit	43	none	configs/scenarios/fase3/geo3_azure_realjun_folgada.yaml	2026-08-07T08:47:35-03:00	2026-08-07T08:47:37-03:00	1.18	1.09	0.08	52316	0	1	78870	36bfe40eed33c8b8cb491894acd6f63c05c13e0d7a15a6e6f7b9401246d94c6d
geo3-az-realjun-folgada	worst_fit	44	none	configs/scenarios/fase3/geo3_azure_realjun_folgada.yaml	2026-08-07T08:47:36-03:00	2026-08-07T08:47:37-03:00	1.02	0.92	0.09	51952	0	1	78883	36bfe40eed33c8b8cb491894acd6f63c05c13e0d7a15a6e6f7b9401246d94c6d
geo3-az-realjun-folgada	worst_fit	45	none	configs/scenarios/fase3/geo3_azure_realjun_folgada.yaml	2026-08-07T08:47:36-03:00	2026-08-07T08:47:37-03:00	1.16	1.07	0.08	52104	0	1	78904	36bfe40eed33c8b8cb491894acd6f63c05c13e0d7a15a6e6f7b9401246d94c6d
geo3-az-realjun-folgada	worst_fit	46	none	configs/scenarios/fase3/geo3_azure_realjun_folgada.yaml	2026-08-07T08:47:36-03:00	2026-08-07T08:47:37-03:00	1.18	1.07	0.11	52588	0	1	78939	36bfe40eed33c8b8cb491894acd6f63c05c13e0d7a15a6e6f7b9401246d94c6d
geo3-az-realjun-folgada	worst_fit	47	none	configs/scenarios/fase3/geo3_azure_realjun_folgada.yaml	2026-08-07T08:47:37-03:00	2026-08-07T08:47:38-03:00	1.16	1.05	0.10	52764	0	1	78963	36bfe40eed33c8b8cb491894acd6f63c05c13e0d7a15a6e6f7b9401246d94c6d
geo3-az-realjun-folgada	worst_fit	48	none	configs/scenarios/fase3/geo3_azure_realjun_folgada.yaml	2026-08-07T08:47:37-03:00	2026-08-07T08:47:38-03:00	1.20	1.08	0.10	51936	0	1	78977	36bfe40eed33c8b8cb491894acd6f63c05c13e0d7a15a6e6f7b9401246d94c6d
geo3-az-realjun-folgada	worst_fit	49	none	configs/scenarios/fase3/geo3_azure_realjun_folgada.yaml	2026-08-07T08:47:37-03:00	2026-08-07T08:47:38-03:00	0.98	0.87	0.09	52204	0	1	79002	36bfe40eed33c8b8cb491894acd6f63c05c13e0d7a15a6e6f7b9401246d94c6d
geo3-az-realjun-folgada	worst_fit	50	none	configs/scenarios/fase3/geo3_azure_realjun_folgada.yaml	2026-08-07T08:47:37-03:00	2026-08-07T08:47:38-03:00	1.15	1.03	0.10	52276	0	1	79015	36bfe40eed33c8b8cb491894acd6f63c05c13e0d7a15a6e6f7b9401246d94c6d
geo3-az-realjun-folgada	worst_fit	51	none	configs/scenarios/fase3/geo3_azure_realjun_folgada.yaml	2026-08-07T08:47:37-03:00	2026-08-07T08:47:39-03:00	1.19	1.10	0.08	52636	0	1	79028	36bfe40eed33c8b8cb491894acd6f63c05c13e0d7a15a6e6f7b9401246d94c6d
geo3-az-realjun-folgada	wsnb	42	none	configs/scenarios/fase3/geo3_azure_realjun_folgada.yaml	2026-08-07T08:47:46-03:00	2026-08-07T08:47:48-03:00	1.44	1.34	0.09	52504	0	1	79851	36bfe40eed33c8b8cb491894acd6f63c05c13e0d7a15a6e6f7b9401246d94c6d
geo3-az-realjun-folgada	wsnb	43	none	configs/scenarios/fase3/geo3_azure_realjun_folgada.yaml	2026-08-07T08:47:46-03:00	2026-08-07T08:47:48-03:00	1.44	1.33	0.09	52388	0	1	79874	36bfe40eed33c8b8cb491894acd6f63c05c13e0d7a15a6e6f7b9401246d94c6d
geo3-az-realjun-folgada	wsnb	44	none	configs/scenarios/fase3/geo3_azure_realjun_folgada.yaml	2026-08-07T08:47:46-03:00	2026-08-07T08:47:48-03:00	1.54	1.43	0.09	52212	0	1	79888	36bfe40eed33c8b8cb491894acd6f63c05c13e0d7a15a6e6f7b9401246d94c6d
geo3-az-realjun-folgada	wsnb	45	none	configs/scenarios/fase3/geo3_azure_realjun_folgada.yaml	2026-08-07T08:47:47-03:00	2026-08-07T08:47:48-03:00	1.35	1.22	0.10	52256	0	1	79910	36bfe40eed33c8b8cb491894acd6f63c05c13e0d7a15a6e6f7b9401246d94c6d
geo3-az-realjun-folgada	wsnb	46	none	configs/scenarios/fase3/geo3_azure_realjun_folgada.yaml	2026-08-07T08:47:47-03:00	2026-08-07T08:47:48-03:00	1.30	1.19	0.10	53004	0	1	79923	36bfe40eed33c8b8cb491894acd6f63c05c13e0d7a15a6e6f7b9401246d94c6d
geo3-az-realjun-folgada	wsnb	47	none	configs/scenarios/fase3/geo3_azure_realjun_folgada.yaml	2026-08-07T08:47:47-03:00	2026-08-07T08:47:48-03:00	1.36	1.24	0.11	52888	0	1	79936	36bfe40eed33c8b8cb491894acd6f63c05c13e0d7a15a6e6f7b9401246d94c6d
geo3-az-realjun-folgada	wsnb	48	none	configs/scenarios/fase3/geo3_azure_realjun_folgada.yaml	2026-08-07T08:47:47-03:00	2026-08-07T08:47:48-03:00	1.35	1.24	0.10	52020	0	1	79949	36bfe40eed33c8b8cb491894acd6f63c05c13e0d7a15a6e6f7b9401246d94c6d
geo3-az-realjun-folgada	wsnb	49	none	configs/scenarios/fase3/geo3_azure_realjun_folgada.yaml	2026-08-07T08:47:47-03:00	2026-08-07T08:47:48-03:00	1.27	1.14	0.11	52304	0	1	79973	36bfe40eed33c8b8cb491894acd6f63c05c13e0d7a15a6e6f7b9401246d94c6d
geo3-az-realjun-folgada	wsnb	50	none	configs/scenarios/fase3/geo3_azure_realjun_folgada.yaml	2026-08-07T08:47:48-03:00	2026-08-07T08:47:49-03:00	1.25	1.14	0.09	52424	0	1	79986	36bfe40eed33c8b8cb491894acd6f63c05c13e0d7a15a6e6f7b9401246d94c6d
geo3-az-realjun-folgada	wsnb	51	none	configs/scenarios/fase3/geo3_azure_realjun_folgada.yaml	2026-08-07T08:47:48-03:00	2026-08-07T08:47:49-03:00	1.33	1.22	0.10	53040	0	1	79999	36bfe40eed33c8b8cb491894acd6f63c05c13e0d7a15a6e6f7b9401246d94c6d
geo3-go-realjun-folgada	best_fit	42	none	configs/scenarios/fase3/geo3_google_realjun_folgada.yaml	2026-08-07T08:47:53-03:00	2026-08-07T08:47:54-03:00	1.08	0.96	0.10	37072	0	1	80495	36bfe40eed33c8b8cb491894acd6f63c05c13e0d7a15a6e6f7b9401246d94c6d
geo3-go-realjun-folgada	best_fit	43	none	configs/scenarios/fase3/geo3_google_realjun_folgada.yaml	2026-08-07T08:47:53-03:00	2026-08-07T08:47:54-03:00	0.85	0.75	0.08	37156	0	1	80509	36bfe40eed33c8b8cb491894acd6f63c05c13e0d7a15a6e6f7b9401246d94c6d
geo3-go-realjun-folgada	best_fit	44	none	configs/scenarios/fase3/geo3_google_realjun_folgada.yaml	2026-08-07T08:47:53-03:00	2026-08-07T08:47:54-03:00	1.06	0.95	0.10	37056	0	1	80532	36bfe40eed33c8b8cb491894acd6f63c05c13e0d7a15a6e6f7b9401246d94c6d
geo3-go-realjun-folgada	best_fit	45	none	configs/scenarios/fase3/geo3_google_realjun_folgada.yaml	2026-08-07T08:47:53-03:00	2026-08-07T08:47:54-03:00	1.06	0.96	0.09	37132	0	1	80553	36bfe40eed33c8b8cb491894acd6f63c05c13e0d7a15a6e6f7b9401246d94c6d
geo3-go-realjun-folgada	best_fit	46	none	configs/scenarios/fase3/geo3_google_realjun_folgada.yaml	2026-08-07T08:47:53-03:00	2026-08-07T08:47:55-03:00	1.15	1.04	0.09	37220	0	1	80566	36bfe40eed33c8b8cb491894acd6f63c05c13e0d7a15a6e6f7b9401246d94c6d
geo3-go-realjun-folgada	best_fit	47	none	configs/scenarios/fase3/geo3_google_realjun_folgada.yaml	2026-08-07T08:47:53-03:00	2026-08-07T08:47:55-03:00	1.15	1.06	0.08	37092	0	1	80579	36bfe40eed33c8b8cb491894acd6f63c05c13e0d7a15a6e6f7b9401246d94c6d
geo3-go-realjun-folgada	best_fit	48	none	configs/scenarios/fase3/geo3_google_realjun_folgada.yaml	2026-08-07T08:47:54-03:00	2026-08-07T08:47:54-03:00	0.83	0.75	0.07	37036	0	1	80592	36bfe40eed33c8b8cb491894acd6f63c05c13e0d7a15a6e6f7b9401246d94c6d
geo3-go-realjun-folgada	best_fit	49	none	configs/scenarios/fase3/geo3_google_realjun_folgada.yaml	2026-08-07T08:47:54-03:00	2026-08-07T08:47:55-03:00	1.10	0.98	0.10	37236	0	1	80605	36bfe40eed33c8b8cb491894acd6f63c05c13e0d7a15a6e6f7b9401246d94c6d
geo3-go-realjun-folgada	best_fit	50	none	configs/scenarios/fase3/geo3_google_realjun_folgada.yaml	2026-08-07T08:47:54-03:00	2026-08-07T08:47:55-03:00	0.93	0.82	0.09	37116	0	1	80625	36bfe40eed33c8b8cb491894acd6f63c05c13e0d7a15a6e6f7b9401246d94c6d
geo3-go-realjun-folgada	best_fit	51	none	configs/scenarios/fase3/geo3_google_realjun_folgada.yaml	2026-08-07T08:47:54-03:00	2026-08-07T08:47:55-03:00	1.15	1.05	0.10	37176	0	1	80628	36bfe40eed33c8b8cb491894acd6f63c05c13e0d7a15a6e6f7b9401246d94c6d
geo3-go-realjun-folgada	bfd	42	none	configs/scenarios/fase3/geo3_google_realjun_folgada.yaml	2026-08-07T08:47:57-03:00	2026-08-07T08:47:58-03:00	1.18	1.08	0.08	37044	0	1	81104	36bfe40eed33c8b8cb491894acd6f63c05c13e0d7a15a6e6f7b9401246d94c6d
geo3-go-realjun-folgada	bfd	43	none	configs/scenarios/fase3/geo3_google_realjun_folgada.yaml	2026-08-07T08:47:57-03:00	2026-08-07T08:47:58-03:00	1.16	1.06	0.10	37228	0	1	81117	36bfe40eed33c8b8cb491894acd6f63c05c13e0d7a15a6e6f7b9401246d94c6d
geo3-go-realjun-folgada	bfd	44	none	configs/scenarios/fase3/geo3_google_realjun_folgada.yaml	2026-08-07T08:47:57-03:00	2026-08-07T08:47:58-03:00	1.08	0.98	0.09	37068	0	1	81130	36bfe40eed33c8b8cb491894acd6f63c05c13e0d7a15a6e6f7b9401246d94c6d
geo3-go-realjun-folgada	bfd	45	none	configs/scenarios/fase3/geo3_google_realjun_folgada.yaml	2026-08-07T08:47:57-03:00	2026-08-07T08:47:58-03:00	1.16	1.06	0.09	37076	0	1	81143	36bfe40eed33c8b8cb491894acd6f63c05c13e0d7a15a6e6f7b9401246d94c6d
geo3-go-realjun-folgada	bfd	46	none	configs/scenarios/fase3/geo3_google_realjun_folgada.yaml	2026-08-07T08:47:57-03:00	2026-08-07T08:47:58-03:00	1.06	0.95	0.09	37060	0	1	81156	36bfe40eed33c8b8cb491894acd6f63c05c13e0d7a15a6e6f7b9401246d94c6d
geo3-go-realjun-folgada	bfd	47	none	configs/scenarios/fase3/geo3_google_realjun_folgada.yaml	2026-08-07T08:47:57-03:00	2026-08-07T08:47:58-03:00	1.17	1.03	0.11	37132	0	1	81179	36bfe40eed33c8b8cb491894acd6f63c05c13e0d7a15a6e6f7b9401246d94c6d
geo3-go-realjun-folgada	bfd	48	none	configs/scenarios/fase3/geo3_google_realjun_folgada.yaml	2026-08-07T08:47:58-03:00	2026-08-07T08:47:59-03:00	0.97	0.87	0.09	37108	0	1	81192	36bfe40eed33c8b8cb491894acd6f63c05c13e0d7a15a6e6f7b9401246d94c6d
geo3-go-realjun-folgada	bfd	49	none	configs/scenarios/fase3/geo3_google_realjun_folgada.yaml	2026-08-07T08:47:58-03:00	2026-08-07T08:47:59-03:00	0.92	0.82	0.08	36952	0	1	81205	36bfe40eed33c8b8cb491894acd6f63c05c13e0d7a15a6e6f7b9401246d94c6d
geo3-go-realjun-folgada	bfd	50	none	configs/scenarios/fase3/geo3_google_realjun_folgada.yaml	2026-08-07T08:47:58-03:00	2026-08-07T08:47:59-03:00	1.22	1.11	0.10	37152	0	1	81218	36bfe40eed33c8b8cb491894acd6f63c05c13e0d7a15a6e6f7b9401246d94c6d
geo3-go-realjun-folgada	bfd	51	none	configs/scenarios/fase3/geo3_google_realjun_folgada.yaml	2026-08-07T08:47:58-03:00	2026-08-07T08:47:59-03:00	1.25	1.13	0.09	36980	0	1	81232	36bfe40eed33c8b8cb491894acd6f63c05c13e0d7a15a6e6f7b9401246d94c6d
geo3-go-realjun-folgada	cnemesis	42	cnemesis	configs/scenarios/fase3/geo3_google_realjun_folgada.yaml	2026-08-07T08:48:06-03:00	2026-08-07T08:48:15-03:00	8.95	8.77	0.14	41484	0	1	81949	36bfe40eed33c8b8cb491894acd6f63c05c13e0d7a15a6e6f7b9401246d94c6d
geo3-go-realjun-folgada	cnemesis	43	cnemesis	configs/scenarios/fase3/geo3_google_realjun_folgada.yaml	2026-08-07T08:48:06-03:00	2026-08-07T08:48:12-03:00	5.60	5.44	0.12	40872	0	1	81962	36bfe40eed33c8b8cb491894acd6f63c05c13e0d7a15a6e6f7b9401246d94c6d
geo3-go-realjun-folgada	cnemesis	44	cnemesis	configs/scenarios/fase3/geo3_google_realjun_folgada.yaml	2026-08-07T08:48:06-03:00	2026-08-07T08:48:12-03:00	5.44	5.31	0.10	41020	0	1	81997	36bfe40eed33c8b8cb491894acd6f63c05c13e0d7a15a6e6f7b9401246d94c6d
geo3-go-realjun-folgada	cnemesis	45	cnemesis	configs/scenarios/fase3/geo3_google_realjun_folgada.yaml	2026-08-07T08:48:06-03:00	2026-08-07T08:48:17-03:00	10.49	10.23	0.14	40180	0	1	82006	36bfe40eed33c8b8cb491894acd6f63c05c13e0d7a15a6e6f7b9401246d94c6d
geo3-go-realjun-folgada	cnemesis	46	cnemesis	configs/scenarios/fase3/geo3_google_realjun_folgada.yaml	2026-08-07T08:48:07-03:00	2026-08-07T08:48:13-03:00	6.05	5.90	0.10	41732	0	1	82020	36bfe40eed33c8b8cb491894acd6f63c05c13e0d7a15a6e6f7b9401246d94c6d
geo3-go-realjun-folgada	cnemesis	47	cnemesis	configs/scenarios/fase3/geo3_google_realjun_folgada.yaml	2026-08-07T08:48:07-03:00	2026-08-07T08:48:17-03:00	10.43	10.28	0.12	41608	0	1	82051	36bfe40eed33c8b8cb491894acd6f63c05c13e0d7a15a6e6f7b9401246d94c6d
geo3-go-realjun-folgada	cnemesis	48	cnemesis	configs/scenarios/fase3/geo3_google_realjun_folgada.yaml	2026-08-07T08:48:07-03:00	2026-08-07T08:48:13-03:00	6.03	5.83	0.13	41000	0	1	82052	36bfe40eed33c8b8cb491894acd6f63c05c13e0d7a15a6e6f7b9401246d94c6d
geo3-go-realjun-folgada	cnemesis	49	cnemesis	configs/scenarios/fase3/geo3_google_realjun_folgada.yaml	2026-08-07T08:48:07-03:00	2026-08-07T08:48:15-03:00	8.11	7.89	0.15	41380	0	1	82069	36bfe40eed33c8b8cb491894acd6f63c05c13e0d7a15a6e6f7b9401246d94c6d
geo3-go-realjun-folgada	cnemesis	50	cnemesis	configs/scenarios/fase3/geo3_google_realjun_folgada.yaml	2026-08-07T08:48:07-03:00	2026-08-07T08:48:15-03:00	7.75	7.60	0.11	42224	0	1	82092	36bfe40eed33c8b8cb491894acd6f63c05c13e0d7a15a6e6f7b9401246d94c6d
geo3-go-realjun-folgada	cnemesis	51	cnemesis	configs/scenarios/fase3/geo3_google_realjun_folgada.yaml	2026-08-07T08:48:07-03:00	2026-08-07T08:48:18-03:00	10.29	9.99	0.16	41620	0	1	82105	36bfe40eed33c8b8cb491894acd6f63c05c13e0d7a15a6e6f7b9401246d94c6d
geo3-go-realjun-folgada	ffd	42	none	configs/scenarios/fase3/geo3_google_realjun_folgada.yaml	2026-08-07T08:47:56-03:00	2026-08-07T08:47:57-03:00	1.09	0.99	0.10	37128	0	1	80935	36bfe40eed33c8b8cb491894acd6f63c05c13e0d7a15a6e6f7b9401246d94c6d
geo3-go-realjun-folgada	ffd	43	none	configs/scenarios/fase3/geo3_google_realjun_folgada.yaml	2026-08-07T08:47:56-03:00	2026-08-07T08:47:57-03:00	1.17	1.05	0.09	37104	0	1	80948	36bfe40eed33c8b8cb491894acd6f63c05c13e0d7a15a6e6f7b9401246d94c6d
geo3-go-realjun-folgada	ffd	44	none	configs/scenarios/fase3/geo3_google_realjun_folgada.yaml	2026-08-07T08:47:56-03:00	2026-08-07T08:47:57-03:00	1.13	1.01	0.10	37000	0	1	80961	36bfe40eed33c8b8cb491894acd6f63c05c13e0d7a15a6e6f7b9401246d94c6d
geo3-go-realjun-folgada	ffd	45	none	configs/scenarios/fase3/geo3_google_realjun_folgada.yaml	2026-08-07T08:47:56-03:00	2026-08-07T08:47:57-03:00	1.09	0.96	0.10	37092	0	1	80974	36bfe40eed33c8b8cb491894acd6f63c05c13e0d7a15a6e6f7b9401246d94c6d
geo3-go-realjun-folgada	ffd	46	none	configs/scenarios/fase3/geo3_google_realjun_folgada.yaml	2026-08-07T08:47:56-03:00	2026-08-07T08:47:57-03:00	0.98	0.88	0.08	37200	0	1	80987	36bfe40eed33c8b8cb491894acd6f63c05c13e0d7a15a6e6f7b9401246d94c6d
geo3-go-realjun-folgada	ffd	47	none	configs/scenarios/fase3/geo3_google_realjun_folgada.yaml	2026-08-07T08:47:56-03:00	2026-08-07T08:47:58-03:00	1.07	0.98	0.08	37116	0	1	81020	36bfe40eed33c8b8cb491894acd6f63c05c13e0d7a15a6e6f7b9401246d94c6d
geo3-go-realjun-folgada	ffd	48	none	configs/scenarios/fase3/geo3_google_realjun_folgada.yaml	2026-08-07T08:47:57-03:00	2026-08-07T08:47:58-03:00	1.20	1.10	0.09	37144	0	1	81044	36bfe40eed33c8b8cb491894acd6f63c05c13e0d7a15a6e6f7b9401246d94c6d
geo3-go-realjun-folgada	ffd	49	none	configs/scenarios/fase3/geo3_google_realjun_folgada.yaml	2026-08-07T08:47:57-03:00	2026-08-07T08:47:58-03:00	0.83	0.74	0.08	37036	0	1	81058	36bfe40eed33c8b8cb491894acd6f63c05c13e0d7a15a6e6f7b9401246d94c6d
geo3-go-realjun-folgada	ffd	50	none	configs/scenarios/fase3/geo3_google_realjun_folgada.yaml	2026-08-07T08:47:57-03:00	2026-08-07T08:47:58-03:00	1.15	1.05	0.09	37032	0	1	81086	36bfe40eed33c8b8cb491894acd6f63c05c13e0d7a15a6e6f7b9401246d94c6d
geo3-go-realjun-folgada	ffd	51	none	configs/scenarios/fase3/geo3_google_realjun_folgada.yaml	2026-08-07T08:47:57-03:00	2026-08-07T08:47:58-03:00	1.19	1.06	0.10	36928	0	1	81087	36bfe40eed33c8b8cb491894acd6f63c05c13e0d7a15a6e6f7b9401246d94c6d
geo3-go-realjun-folgada	first_fit	42	none	configs/scenarios/fase3/geo3_google_realjun_folgada.yaml	2026-08-07T08:47:51-03:00	2026-08-07T08:47:52-03:00	0.99	0.88	0.10	37136	0	1	80354	36bfe40eed33c8b8cb491894acd6f63c05c13e0d7a15a6e6f7b9401246d94c6d
geo3-go-realjun-folgada	first_fit	43	none	configs/scenarios/fase3/geo3_google_realjun_folgada.yaml	2026-08-07T08:47:51-03:00	2026-08-07T08:47:52-03:00	1.12	1.01	0.09	37072	0	1	80367	36bfe40eed33c8b8cb491894acd6f63c05c13e0d7a15a6e6f7b9401246d94c6d
geo3-go-realjun-folgada	first_fit	44	none	configs/scenarios/fase3/geo3_google_realjun_folgada.yaml	2026-08-07T08:47:51-03:00	2026-08-07T08:47:53-03:00	1.06	0.96	0.08	37092	0	1	80380	36bfe40eed33c8b8cb491894acd6f63c05c13e0d7a15a6e6f7b9401246d94c6d
geo3-go-realjun-folgada	first_fit	45	none	configs/scenarios/fase3/geo3_google_realjun_folgada.yaml	2026-08-07T08:47:52-03:00	2026-08-07T08:47:53-03:00	1.09	0.98	0.09	36980	0	1	80393	36bfe40eed33c8b8cb491894acd6f63c05c13e0d7a15a6e6f7b9401246d94c6d
geo3-go-realjun-folgada	first_fit	46	none	configs/scenarios/fase3/geo3_google_realjun_folgada.yaml	2026-08-07T08:47:52-03:00	2026-08-07T08:47:53-03:00	0.92	0.82	0.09	37108	0	1	80406	36bfe40eed33c8b8cb491894acd6f63c05c13e0d7a15a6e6f7b9401246d94c6d
geo3-go-realjun-folgada	first_fit	47	none	configs/scenarios/fase3/geo3_google_realjun_folgada.yaml	2026-08-07T08:47:52-03:00	2026-08-07T08:47:53-03:00	1.13	1.02	0.08	37140	0	1	80419	36bfe40eed33c8b8cb491894acd6f63c05c13e0d7a15a6e6f7b9401246d94c6d
geo3-go-realjun-folgada	first_fit	48	none	configs/scenarios/fase3/geo3_google_realjun_folgada.yaml	2026-08-07T08:47:52-03:00	2026-08-07T08:47:54-03:00	1.08	0.98	0.09	37124	0	1	80450	36bfe40eed33c8b8cb491894acd6f63c05c13e0d7a15a6e6f7b9401246d94c6d
geo3-go-realjun-folgada	first_fit	49	none	configs/scenarios/fase3/geo3_google_realjun_folgada.yaml	2026-08-07T08:47:52-03:00	2026-08-07T08:47:54-03:00	1.11	1.02	0.08	37096	0	1	80454	36bfe40eed33c8b8cb491894acd6f63c05c13e0d7a15a6e6f7b9401246d94c6d
geo3-go-realjun-folgada	first_fit	50	none	configs/scenarios/fase3/geo3_google_realjun_folgada.yaml	2026-08-07T08:47:52-03:00	2026-08-07T08:47:54-03:00	1.08	0.99	0.08	37020	0	1	80469	36bfe40eed33c8b8cb491894acd6f63c05c13e0d7a15a6e6f7b9401246d94c6d
geo3-go-realjun-folgada	first_fit	51	none	configs/scenarios/fase3/geo3_google_realjun_folgada.yaml	2026-08-07T08:47:53-03:00	2026-08-07T08:47:54-03:00	1.12	1.04	0.08	37100	0	1	80487	36bfe40eed33c8b8cb491894acd6f63c05c13e0d7a15a6e6f7b9401246d94c6d
geo3-go-realjun-folgada	follow_renewables	42	follow_renewables	configs/scenarios/fase3/geo3_google_realjun_folgada.yaml	2026-08-07T08:47:59-03:00	2026-08-07T08:48:04-03:00	4.81	4.64	0.13	50664	0	1	81403	36bfe40eed33c8b8cb491894acd6f63c05c13e0d7a15a6e6f7b9401246d94c6d
geo3-go-realjun-folgada	follow_renewables	43	follow_renewables	configs/scenarios/fase3/geo3_google_realjun_folgada.yaml	2026-08-07T08:47:59-03:00	2026-08-07T08:48:05-03:00	5.63	5.41	0.15	49268	0	1	81415	36bfe40eed33c8b8cb491894acd6f63c05c13e0d7a15a6e6f7b9401246d94c6d
geo3-go-realjun-folgada	follow_renewables	44	follow_renewables	configs/scenarios/fase3/geo3_google_realjun_folgada.yaml	2026-08-07T08:47:59-03:00	2026-08-07T08:48:04-03:00	5.26	5.04	0.13	49272	0	1	81433	36bfe40eed33c8b8cb491894acd6f63c05c13e0d7a15a6e6f7b9401246d94c6d
geo3-go-realjun-folgada	follow_renewables	45	follow_renewables	configs/scenarios/fase3/geo3_google_realjun_folgada.yaml	2026-08-07T08:47:59-03:00	2026-08-07T08:48:08-03:00	8.30	8.05	0.20	49480	0	1	81446	36bfe40eed33c8b8cb491894acd6f63c05c13e0d7a15a6e6f7b9401246d94c6d
geo3-go-realjun-folgada	follow_renewables	46	follow_renewables	configs/scenarios/fase3/geo3_google_realjun_folgada.yaml	2026-08-07T08:47:59-03:00	2026-08-07T08:48:07-03:00	8.02	7.76	0.16	49452	0	1	81465	36bfe40eed33c8b8cb491894acd6f63c05c13e0d7a15a6e6f7b9401246d94c6d
geo3-go-realjun-folgada	follow_renewables	47	follow_renewables	configs/scenarios/fase3/geo3_google_realjun_folgada.yaml	2026-08-07T08:47:59-03:00	2026-08-07T08:48:07-03:00	8.17	7.93	0.14	50424	0	1	81471	36bfe40eed33c8b8cb491894acd6f63c05c13e0d7a15a6e6f7b9401246d94c6d
geo3-go-realjun-folgada	follow_renewables	48	follow_renewables	configs/scenarios/fase3/geo3_google_realjun_folgada.yaml	2026-08-07T08:47:59-03:00	2026-08-07T08:48:04-03:00	5.17	5.01	0.13	50344	0	1	81493	36bfe40eed33c8b8cb491894acd6f63c05c13e0d7a15a6e6f7b9401246d94c6d
geo3-go-realjun-folgada	follow_renewables	49	follow_renewables	configs/scenarios/fase3/geo3_google_realjun_folgada.yaml	2026-08-07T08:47:59-03:00	2026-08-07T08:48:05-03:00	5.58	5.34	0.16	49348	0	1	81494	36bfe40eed33c8b8cb491894acd6f63c05c13e0d7a15a6e6f7b9401246d94c6d
geo3-go-realjun-folgada	follow_renewables	50	follow_renewables	configs/scenarios/fase3/geo3_google_realjun_folgada.yaml	2026-08-07T08:47:59-03:00	2026-08-07T08:48:04-03:00	4.87	4.64	0.15	49428	0	1	81511	36bfe40eed33c8b8cb491894acd6f63c05c13e0d7a15a6e6f7b9401246d94c6d
geo3-go-realjun-folgada	follow_renewables	51	follow_renewables	configs/scenarios/fase3/geo3_google_realjun_folgada.yaml	2026-08-07T08:48:00-03:00	2026-08-07T08:48:07-03:00	7.16	6.94	0.14	50904	0	1	81524	36bfe40eed33c8b8cb491894acd6f63c05c13e0d7a15a6e6f7b9401246d94c6d
geo3-go-realjun-folgada	followme_s	42	followme_s	configs/scenarios/fase3/geo3_google_realjun_folgada.yaml	2026-08-07T08:48:04-03:00	2026-08-07T08:48:06-03:00	1.69	1.53	0.15	42124	0	1	81788	36bfe40eed33c8b8cb491894acd6f63c05c13e0d7a15a6e6f7b9401246d94c6d
geo3-go-realjun-folgada	followme_s	43	followme_s	configs/scenarios/fase3/geo3_google_realjun_folgada.yaml	2026-08-07T08:48:04-03:00	2026-08-07T08:48:06-03:00	1.81	1.66	0.14	43408	0	1	81801	36bfe40eed33c8b8cb491894acd6f63c05c13e0d7a15a6e6f7b9401246d94c6d
geo3-go-realjun-folgada	followme_s	44	followme_s	configs/scenarios/fase3/geo3_google_realjun_folgada.yaml	2026-08-07T08:48:04-03:00	2026-08-07T08:48:06-03:00	1.91	1.78	0.13	42736	0	1	81814	36bfe40eed33c8b8cb491894acd6f63c05c13e0d7a15a6e6f7b9401246d94c6d
geo3-go-realjun-folgada	followme_s	45	followme_s	configs/scenarios/fase3/geo3_google_realjun_folgada.yaml	2026-08-07T08:48:05-03:00	2026-08-07T08:48:07-03:00	2.83	2.68	0.14	42964	0	1	81827	36bfe40eed33c8b8cb491894acd6f63c05c13e0d7a15a6e6f7b9401246d94c6d
geo3-go-realjun-folgada	followme_s	46	followme_s	configs/scenarios/fase3/geo3_google_realjun_folgada.yaml	2026-08-07T08:48:05-03:00	2026-08-07T08:48:07-03:00	2.32	2.17	0.14	43032	0	1	81840	36bfe40eed33c8b8cb491894acd6f63c05c13e0d7a15a6e6f7b9401246d94c6d
geo3-go-realjun-folgada	followme_s	47	followme_s	configs/scenarios/fase3/geo3_google_realjun_folgada.yaml	2026-08-07T08:48:05-03:00	2026-08-07T08:48:07-03:00	1.82	1.66	0.15	42956	0	1	81864	36bfe40eed33c8b8cb491894acd6f63c05c13e0d7a15a6e6f7b9401246d94c6d
geo3-go-realjun-folgada	followme_s	48	followme_s	configs/scenarios/fase3/geo3_google_realjun_folgada.yaml	2026-08-07T08:48:05-03:00	2026-08-07T08:48:07-03:00	2.35	2.20	0.14	43312	0	1	81884	36bfe40eed33c8b8cb491894acd6f63c05c13e0d7a15a6e6f7b9401246d94c6d
geo3-go-realjun-folgada	followme_s	49	followme_s	configs/scenarios/fase3/geo3_google_realjun_folgada.yaml	2026-08-07T08:48:05-03:00	2026-08-07T08:48:06-03:00	1.55	1.40	0.12	43256	0	1	81889	36bfe40eed33c8b8cb491894acd6f63c05c13e0d7a15a6e6f7b9401246d94c6d
geo3-go-realjun-folgada	followme_s	50	followme_s	configs/scenarios/fase3/geo3_google_realjun_folgada.yaml	2026-08-07T08:48:05-03:00	2026-08-07T08:48:09-03:00	3.98	3.84	0.12	42540	0	1	81903	36bfe40eed33c8b8cb491894acd6f63c05c13e0d7a15a6e6f7b9401246d94c6d
geo3-go-realjun-folgada	followme_s	51	followme_s	configs/scenarios/fase3/geo3_google_realjun_folgada.yaml	2026-08-07T08:48:05-03:00	2026-08-07T08:48:07-03:00	1.82	1.62	0.19	43576	0	1	81916	36bfe40eed33c8b8cb491894acd6f63c05c13e0d7a15a6e6f7b9401246d94c6d
geo3-go-realjun-folgada	lowest_carbon_dc	42	none	configs/scenarios/fase3/geo3_google_realjun_folgada.yaml	2026-08-07T08:47:58-03:00	2026-08-07T08:47:59-03:00	1.14	1.05	0.08	37116	0	1	81245	36bfe40eed33c8b8cb491894acd6f63c05c13e0d7a15a6e6f7b9401246d94c6d
geo3-go-realjun-folgada	lowest_carbon_dc	43	none	configs/scenarios/fase3/geo3_google_realjun_folgada.yaml	2026-08-07T08:47:58-03:00	2026-08-07T08:47:59-03:00	1.15	1.05	0.10	37152	0	1	81258	36bfe40eed33c8b8cb491894acd6f63c05c13e0d7a15a6e6f7b9401246d94c6d
geo3-go-realjun-folgada	lowest_carbon_dc	44	none	configs/scenarios/fase3/geo3_google_realjun_folgada.yaml	2026-08-07T08:47:58-03:00	2026-08-07T08:47:59-03:00	1.07	0.96	0.10	37184	0	1	81274	36bfe40eed33c8b8cb491894acd6f63c05c13e0d7a15a6e6f7b9401246d94c6d
geo3-go-realjun-folgada	lowest_carbon_dc	45	none	configs/scenarios/fase3/geo3_google_realjun_folgada.yaml	2026-08-07T08:47:58-03:00	2026-08-07T08:47:59-03:00	1.12	1.02	0.09	37156	0	1	81284	36bfe40eed33c8b8cb491894acd6f63c05c13e0d7a15a6e6f7b9401246d94c6d
geo3-go-realjun-folgada	lowest_carbon_dc	46	none	configs/scenarios/fase3/geo3_google_realjun_folgada.yaml	2026-08-07T08:47:58-03:00	2026-08-07T08:47:59-03:00	1.12	0.94	0.12	36952	0	1	81297	36bfe40eed33c8b8cb491894acd6f63c05c13e0d7a15a6e6f7b9401246d94c6d
geo3-go-realjun-folgada	lowest_carbon_dc	47	none	configs/scenarios/fase3/geo3_google_realjun_folgada.yaml	2026-08-07T08:47:58-03:00	2026-08-07T08:47:59-03:00	0.96	0.86	0.08	37072	0	1	81310	36bfe40eed33c8b8cb491894acd6f63c05c13e0d7a15a6e6f7b9401246d94c6d
geo3-go-realjun-folgada	lowest_carbon_dc	48	none	configs/scenarios/fase3/geo3_google_realjun_folgada.yaml	2026-08-07T08:47:58-03:00	2026-08-07T08:47:59-03:00	1.09	0.98	0.08	37044	0	1	81323	36bfe40eed33c8b8cb491894acd6f63c05c13e0d7a15a6e6f7b9401246d94c6d
geo3-go-realjun-folgada	lowest_carbon_dc	49	none	configs/scenarios/fase3/geo3_google_realjun_folgada.yaml	2026-08-07T08:47:59-03:00	2026-08-07T08:48:00-03:00	1.01	0.91	0.07	37032	0	1	81337	36bfe40eed33c8b8cb491894acd6f63c05c13e0d7a15a6e6f7b9401246d94c6d
geo3-go-realjun-folgada	lowest_carbon_dc	50	none	configs/scenarios/fase3/geo3_google_realjun_folgada.yaml	2026-08-07T08:47:59-03:00	2026-08-07T08:48:00-03:00	1.03	0.91	0.09	36964	0	1	81360	36bfe40eed33c8b8cb491894acd6f63c05c13e0d7a15a6e6f7b9401246d94c6d
geo3-go-realjun-folgada	lowest_carbon_dc	51	none	configs/scenarios/fase3/geo3_google_realjun_folgada.yaml	2026-08-07T08:47:59-03:00	2026-08-07T08:48:00-03:00	1.31	1.19	0.10	37008	0	1	81383	36bfe40eed33c8b8cb491894acd6f63c05c13e0d7a15a6e6f7b9401246d94c6d
geo3-go-realjun-folgada	round_robin	42	none	configs/scenarios/fase3/geo3_google_realjun_folgada.yaml	2026-08-07T08:47:55-03:00	2026-08-07T08:47:56-03:00	1.07	0.96	0.10	37092	0	1	80794	36bfe40eed33c8b8cb491894acd6f63c05c13e0d7a15a6e6f7b9401246d94c6d
geo3-go-realjun-folgada	round_robin	43	none	configs/scenarios/fase3/geo3_google_realjun_folgada.yaml	2026-08-07T08:47:55-03:00	2026-08-07T08:47:56-03:00	1.16	1.05	0.09	37048	0	1	80811	36bfe40eed33c8b8cb491894acd6f63c05c13e0d7a15a6e6f7b9401246d94c6d
geo3-go-realjun-folgada	round_robin	44	none	configs/scenarios/fase3/geo3_google_realjun_folgada.yaml	2026-08-07T08:47:55-03:00	2026-08-07T08:47:56-03:00	0.90	0.81	0.08	37048	0	1	80821	36bfe40eed33c8b8cb491894acd6f63c05c13e0d7a15a6e6f7b9401246d94c6d
geo3-go-realjun-folgada	round_robin	45	none	configs/scenarios/fase3/geo3_google_realjun_folgada.yaml	2026-08-07T08:47:55-03:00	2026-08-07T08:47:56-03:00	1.05	0.96	0.08	37112	0	1	80834	36bfe40eed33c8b8cb491894acd6f63c05c13e0d7a15a6e6f7b9401246d94c6d
geo3-go-realjun-folgada	round_robin	46	none	configs/scenarios/fase3/geo3_google_realjun_folgada.yaml	2026-08-07T08:47:55-03:00	2026-08-07T08:47:56-03:00	1.09	0.96	0.08	37068	0	1	80857	36bfe40eed33c8b8cb491894acd6f63c05c13e0d7a15a6e6f7b9401246d94c6d
geo3-go-realjun-folgada	round_robin	47	none	configs/scenarios/fase3/geo3_google_realjun_folgada.yaml	2026-08-07T08:47:55-03:00	2026-08-07T08:47:57-03:00	1.14	1.03	0.09	36976	0	1	80870	36bfe40eed33c8b8cb491894acd6f63c05c13e0d7a15a6e6f7b9401246d94c6d
geo3-go-realjun-folgada	round_robin	48	none	configs/scenarios/fase3/geo3_google_realjun_folgada.yaml	2026-08-07T08:47:55-03:00	2026-08-07T08:47:57-03:00	1.26	1.14	0.09	37052	0	1	80883	36bfe40eed33c8b8cb491894acd6f63c05c13e0d7a15a6e6f7b9401246d94c6d
geo3-go-realjun-folgada	round_robin	49	none	configs/scenarios/fase3/geo3_google_realjun_folgada.yaml	2026-08-07T08:47:56-03:00	2026-08-07T08:47:57-03:00	1.09	0.99	0.08	37196	0	1	80896	36bfe40eed33c8b8cb491894acd6f63c05c13e0d7a15a6e6f7b9401246d94c6d
geo3-go-realjun-folgada	round_robin	50	none	configs/scenarios/fase3/geo3_google_realjun_folgada.yaml	2026-08-07T08:47:56-03:00	2026-08-07T08:47:57-03:00	1.03	0.94	0.08	37144	0	1	80912	36bfe40eed33c8b8cb491894acd6f63c05c13e0d7a15a6e6f7b9401246d94c6d
geo3-go-realjun-folgada	round_robin	51	none	configs/scenarios/fase3/geo3_google_realjun_folgada.yaml	2026-08-07T08:47:56-03:00	2026-08-07T08:47:57-03:00	1.16	1.05	0.10	37228	0	1	80922	36bfe40eed33c8b8cb491894acd6f63c05c13e0d7a15a6e6f7b9401246d94c6d
geo3-go-realjun-folgada	worst_fit	42	none	configs/scenarios/fase3/geo3_google_realjun_folgada.yaml	2026-08-07T08:47:54-03:00	2026-08-07T08:47:55-03:00	1.07	0.97	0.09	37108	0	1	80644	36bfe40eed33c8b8cb491894acd6f63c05c13e0d7a15a6e6f7b9401246d94c6d
geo3-go-realjun-folgada	worst_fit	43	none	configs/scenarios/fase3/geo3_google_realjun_folgada.yaml	2026-08-07T08:47:54-03:00	2026-08-07T08:47:55-03:00	1.03	0.90	0.12	37032	0	1	80657	36bfe40eed33c8b8cb491894acd6f63c05c13e0d7a15a6e6f7b9401246d94c6d
geo3-go-realjun-folgada	worst_fit	44	none	configs/scenarios/fase3/geo3_google_realjun_folgada.yaml	2026-08-07T08:47:54-03:00	2026-08-07T08:47:55-03:00	0.90	0.80	0.09	37188	0	1	80670	36bfe40eed33c8b8cb491894acd6f63c05c13e0d7a15a6e6f7b9401246d94c6d
geo3-go-realjun-folgada	worst_fit	45	none	configs/scenarios/fase3/geo3_google_realjun_folgada.yaml	2026-08-07T08:47:54-03:00	2026-08-07T08:47:55-03:00	0.98	0.88	0.09	36964	0	1	80688	36bfe40eed33c8b8cb491894acd6f63c05c13e0d7a15a6e6f7b9401246d94c6d
geo3-go-realjun-folgada	worst_fit	46	none	configs/scenarios/fase3/geo3_google_realjun_folgada.yaml	2026-08-07T08:47:54-03:00	2026-08-07T08:47:55-03:00	1.09	0.99	0.09	37148	0	1	80696	36bfe40eed33c8b8cb491894acd6f63c05c13e0d7a15a6e6f7b9401246d94c6d
geo3-go-realjun-folgada	worst_fit	47	none	configs/scenarios/fase3/geo3_google_realjun_folgada.yaml	2026-08-07T08:47:55-03:00	2026-08-07T08:47:55-03:00	0.84	0.74	0.08	37012	0	1	80719	36bfe40eed33c8b8cb491894acd6f63c05c13e0d7a15a6e6f7b9401246d94c6d
geo3-go-realjun-folgada	worst_fit	48	none	configs/scenarios/fase3/geo3_google_realjun_folgada.yaml	2026-08-07T08:47:55-03:00	2026-08-07T08:47:56-03:00	1.17	1.07	0.09	37064	0	1	80732	36bfe40eed33c8b8cb491894acd6f63c05c13e0d7a15a6e6f7b9401246d94c6d
geo3-go-realjun-folgada	worst_fit	49	none	configs/scenarios/fase3/geo3_google_realjun_folgada.yaml	2026-08-07T08:47:55-03:00	2026-08-07T08:47:56-03:00	1.04	0.94	0.09	37052	0	1	80751	36bfe40eed33c8b8cb491894acd6f63c05c13e0d7a15a6e6f7b9401246d94c6d
geo3-go-realjun-folgada	worst_fit	50	none	configs/scenarios/fase3/geo3_google_realjun_folgada.yaml	2026-08-07T08:47:55-03:00	2026-08-07T08:47:56-03:00	1.02	0.92	0.10	37128	0	1	80757	36bfe40eed33c8b8cb491894acd6f63c05c13e0d7a15a6e6f7b9401246d94c6d
geo3-go-realjun-folgada	worst_fit	51	none	configs/scenarios/fase3/geo3_google_realjun_folgada.yaml	2026-08-07T08:47:55-03:00	2026-08-07T08:47:56-03:00	0.87	0.76	0.09	37048	0	1	80787	36bfe40eed33c8b8cb491894acd6f63c05c13e0d7a15a6e6f7b9401246d94c6d
geo3-go-realjun-folgada	wsnb	42	none	configs/scenarios/fase3/geo3_google_realjun_folgada.yaml	2026-08-07T08:48:00-03:00	2026-08-07T08:48:00-03:00	0.83	0.75	0.08	37108	0	1	81537	36bfe40eed33c8b8cb491894acd6f63c05c13e0d7a15a6e6f7b9401246d94c6d
geo3-go-realjun-folgada	wsnb	43	none	configs/scenarios/fase3/geo3_google_realjun_folgada.yaml	2026-08-07T08:48:00-03:00	2026-08-07T08:48:02-03:00	1.29	1.20	0.08	37052	0	1	81570	36bfe40eed33c8b8cb491894acd6f63c05c13e0d7a15a6e6f7b9401246d94c6d
geo3-go-realjun-folgada	wsnb	44	none	configs/scenarios/fase3/geo3_google_realjun_folgada.yaml	2026-08-07T08:48:00-03:00	2026-08-07T08:48:02-03:00	1.03	0.94	0.08	37132	0	1	81583	36bfe40eed33c8b8cb491894acd6f63c05c13e0d7a15a6e6f7b9401246d94c6d
geo3-go-realjun-folgada	wsnb	45	none	configs/scenarios/fase3/geo3_google_realjun_folgada.yaml	2026-08-07T08:48:02-03:00	2026-08-07T08:48:02-03:00	0.79	0.69	0.07	37180	0	1	81643	36bfe40eed33c8b8cb491894acd6f63c05c13e0d7a15a6e6f7b9401246d94c6d
geo3-go-realjun-folgada	wsnb	46	none	configs/scenarios/fase3/geo3_google_realjun_folgada.yaml	2026-08-07T08:48:02-03:00	2026-08-07T08:48:03-03:00	1.26	1.14	0.10	37128	0	1	81656	36bfe40eed33c8b8cb491894acd6f63c05c13e0d7a15a6e6f7b9401246d94c6d
geo3-go-realjun-folgada	wsnb	47	none	configs/scenarios/fase3/geo3_google_realjun_folgada.yaml	2026-08-07T08:48:02-03:00	2026-08-07T08:48:04-03:00	1.24	1.12	0.09	37108	0	1	81669	36bfe40eed33c8b8cb491894acd6f63c05c13e0d7a15a6e6f7b9401246d94c6d
geo3-go-realjun-folgada	wsnb	48	none	configs/scenarios/fase3/geo3_google_realjun_folgada.yaml	2026-08-07T08:48:03-03:00	2026-08-07T08:48:04-03:00	1.14	1.04	0.09	37112	0	1	81703	36bfe40eed33c8b8cb491894acd6f63c05c13e0d7a15a6e6f7b9401246d94c6d
geo3-go-realjun-folgada	wsnb	49	none	configs/scenarios/fase3/geo3_google_realjun_folgada.yaml	2026-08-07T08:48:04-03:00	2026-08-07T08:48:05-03:00	1.19	1.09	0.08	37256	0	1	81749	36bfe40eed33c8b8cb491894acd6f63c05c13e0d7a15a6e6f7b9401246d94c6d
geo3-go-realjun-folgada	wsnb	50	none	configs/scenarios/fase3/geo3_google_realjun_folgada.yaml	2026-08-07T08:48:04-03:00	2026-08-07T08:48:05-03:00	0.79	0.69	0.08	36984	0	1	81762	36bfe40eed33c8b8cb491894acd6f63c05c13e0d7a15a6e6f7b9401246d94c6d
geo3-go-realjun-folgada	wsnb	51	none	configs/scenarios/fase3/geo3_google_realjun_folgada.yaml	2026-08-07T08:48:04-03:00	2026-08-07T08:48:05-03:00	0.80	0.71	0.06	37084	0	1	81775	36bfe40eed33c8b8cb491894acd6f63c05c13e0d7a15a6e6f7b9401246d94c6d
hetcap-az-anticorr-folgada	best_fit	42	none	configs/scenarios/fase3/geo9hetcap_azure_anticorr_folgada.yaml	2026-08-07T08:48:32-03:00	2026-08-07T08:48:33-03:00	1.26	1.17	0.08	43836	0	1	84167	36bfe40eed33c8b8cb491894acd6f63c05c13e0d7a15a6e6f7b9401246d94c6d
hetcap-az-anticorr-folgada	best_fit	43	none	configs/scenarios/fase3/geo9hetcap_azure_anticorr_folgada.yaml	2026-08-07T08:48:32-03:00	2026-08-07T08:48:33-03:00	1.56	1.46	0.09	43912	0	1	84180	36bfe40eed33c8b8cb491894acd6f63c05c13e0d7a15a6e6f7b9401246d94c6d
hetcap-az-anticorr-folgada	best_fit	44	none	configs/scenarios/fase3/geo9hetcap_azure_anticorr_folgada.yaml	2026-08-07T08:48:32-03:00	2026-08-07T08:48:33-03:00	1.53	1.44	0.09	43732	0	1	84203	36bfe40eed33c8b8cb491894acd6f63c05c13e0d7a15a6e6f7b9401246d94c6d
hetcap-az-anticorr-folgada	best_fit	45	none	configs/scenarios/fase3/geo9hetcap_azure_anticorr_folgada.yaml	2026-08-07T08:48:32-03:00	2026-08-07T08:48:34-03:00	1.88	1.69	0.10	43584	0	1	84235	36bfe40eed33c8b8cb491894acd6f63c05c13e0d7a15a6e6f7b9401246d94c6d
hetcap-az-anticorr-folgada	best_fit	46	none	configs/scenarios/fase3/geo9hetcap_azure_anticorr_folgada.yaml	2026-08-07T08:48:32-03:00	2026-08-07T08:48:34-03:00	2.00	1.83	0.10	43624	0	1	84260	36bfe40eed33c8b8cb491894acd6f63c05c13e0d7a15a6e6f7b9401246d94c6d
hetcap-az-anticorr-folgada	best_fit	47	none	configs/scenarios/fase3/geo9hetcap_azure_anticorr_folgada.yaml	2026-08-07T08:48:32-03:00	2026-08-07T08:48:34-03:00	1.75	1.54	0.11	43704	0	1	84281	36bfe40eed33c8b8cb491894acd6f63c05c13e0d7a15a6e6f7b9401246d94c6d
hetcap-az-anticorr-folgada	best_fit	48	none	configs/scenarios/fase3/geo9hetcap_azure_anticorr_folgada.yaml	2026-08-07T08:48:32-03:00	2026-08-07T08:48:34-03:00	1.97	1.84	0.10	43896	0	1	84282	36bfe40eed33c8b8cb491894acd6f63c05c13e0d7a15a6e6f7b9401246d94c6d
hetcap-az-anticorr-folgada	best_fit	49	none	configs/scenarios/fase3/geo9hetcap_azure_anticorr_folgada.yaml	2026-08-07T08:48:32-03:00	2026-08-07T08:48:34-03:00	1.99	1.83	0.11	43904	0	1	84299	36bfe40eed33c8b8cb491894acd6f63c05c13e0d7a15a6e6f7b9401246d94c6d
hetcap-az-anticorr-folgada	best_fit	50	none	configs/scenarios/fase3/geo9hetcap_azure_anticorr_folgada.yaml	2026-08-07T08:48:32-03:00	2026-08-07T08:48:34-03:00	2.06	1.86	0.11	43624	0	1	84312	36bfe40eed33c8b8cb491894acd6f63c05c13e0d7a15a6e6f7b9401246d94c6d
hetcap-az-anticorr-folgada	best_fit	51	none	configs/scenarios/fase3/geo9hetcap_azure_anticorr_folgada.yaml	2026-08-07T08:48:33-03:00	2026-08-07T08:48:35-03:00	1.94	1.80	0.10	43672	0	1	84325	36bfe40eed33c8b8cb491894acd6f63c05c13e0d7a15a6e6f7b9401246d94c6d
hetcap-az-anticorr-folgada	bfd	42	none	configs/scenarios/fase3/geo9hetcap_azure_anticorr_folgada.yaml	2026-08-07T08:48:37-03:00	2026-08-07T08:48:38-03:00	1.68	1.53	0.12	58072	0	1	84823	36bfe40eed33c8b8cb491894acd6f63c05c13e0d7a15a6e6f7b9401246d94c6d
hetcap-az-anticorr-folgada	bfd	43	none	configs/scenarios/fase3/geo9hetcap_azure_anticorr_folgada.yaml	2026-08-07T08:48:37-03:00	2026-08-07T08:48:39-03:00	1.95	1.84	0.09	43580	0	1	84858	36bfe40eed33c8b8cb491894acd6f63c05c13e0d7a15a6e6f7b9401246d94c6d
hetcap-az-anticorr-folgada	bfd	44	none	configs/scenarios/fase3/geo9hetcap_azure_anticorr_folgada.yaml	2026-08-07T08:48:37-03:00	2026-08-07T08:48:39-03:00	2.10	1.95	0.12	57508	0	1	84871	36bfe40eed33c8b8cb491894acd6f63c05c13e0d7a15a6e6f7b9401246d94c6d
hetcap-az-anticorr-folgada	bfd	45	none	configs/scenarios/fase3/geo9hetcap_azure_anticorr_folgada.yaml	2026-08-07T08:48:37-03:00	2026-08-07T08:48:39-03:00	1.77	1.62	0.12	57996	0	1	84884	36bfe40eed33c8b8cb491894acd6f63c05c13e0d7a15a6e6f7b9401246d94c6d
hetcap-az-anticorr-folgada	bfd	46	none	configs/scenarios/fase3/geo9hetcap_azure_anticorr_folgada.yaml	2026-08-07T08:48:38-03:00	2026-08-07T08:48:39-03:00	1.55	1.43	0.10	57928	0	1	84897	36bfe40eed33c8b8cb491894acd6f63c05c13e0d7a15a6e6f7b9401246d94c6d
hetcap-az-anticorr-folgada	bfd	47	none	configs/scenarios/fase3/geo9hetcap_azure_anticorr_folgada.yaml	2026-08-07T08:48:38-03:00	2026-08-07T08:48:39-03:00	1.58	1.45	0.11	57764	0	1	84910	36bfe40eed33c8b8cb491894acd6f63c05c13e0d7a15a6e6f7b9401246d94c6d
hetcap-az-anticorr-folgada	bfd	48	none	configs/scenarios/fase3/geo9hetcap_azure_anticorr_folgada.yaml	2026-08-07T08:48:38-03:00	2026-08-07T08:48:40-03:00	1.96	1.84	0.10	43500	0	1	84933	36bfe40eed33c8b8cb491894acd6f63c05c13e0d7a15a6e6f7b9401246d94c6d
hetcap-az-anticorr-folgada	bfd	49	none	configs/scenarios/fase3/geo9hetcap_azure_anticorr_folgada.yaml	2026-08-07T08:48:38-03:00	2026-08-07T08:48:39-03:00	1.73	1.63	0.09	43676	0	1	84946	36bfe40eed33c8b8cb491894acd6f63c05c13e0d7a15a6e6f7b9401246d94c6d
hetcap-az-anticorr-folgada	bfd	50	none	configs/scenarios/fase3/geo9hetcap_azure_anticorr_folgada.yaml	2026-08-07T08:48:38-03:00	2026-08-07T08:48:40-03:00	1.77	1.63	0.11	57320	0	1	84971	36bfe40eed33c8b8cb491894acd6f63c05c13e0d7a15a6e6f7b9401246d94c6d
hetcap-az-anticorr-folgada	bfd	51	none	configs/scenarios/fase3/geo9hetcap_azure_anticorr_folgada.yaml	2026-08-07T08:48:38-03:00	2026-08-07T08:48:40-03:00	1.72	1.61	0.11	58004	0	1	84984	36bfe40eed33c8b8cb491894acd6f63c05c13e0d7a15a6e6f7b9401246d94c6d
hetcap-az-anticorr-folgada	cnemesis	42	cnemesis	configs/scenarios/fase3/geo9hetcap_azure_anticorr_folgada.yaml	2026-08-07T08:48:44-03:00	2026-08-07T08:48:46-03:00	2.46	2.25	0.12	46920	0	1	85614	36bfe40eed33c8b8cb491894acd6f63c05c13e0d7a15a6e6f7b9401246d94c6d
hetcap-az-anticorr-folgada	cnemesis	43	cnemesis	configs/scenarios/fase3/geo9hetcap_azure_anticorr_folgada.yaml	2026-08-07T08:48:44-03:00	2026-08-07T08:48:46-03:00	2.86	2.54	0.14	46940	0	1	85627	36bfe40eed33c8b8cb491894acd6f63c05c13e0d7a15a6e6f7b9401246d94c6d
hetcap-az-anticorr-folgada	cnemesis	44	cnemesis	configs/scenarios/fase3/geo9hetcap_azure_anticorr_folgada.yaml	2026-08-07T08:48:44-03:00	2026-08-07T08:48:46-03:00	2.32	2.17	0.13	47108	0	1	85640	36bfe40eed33c8b8cb491894acd6f63c05c13e0d7a15a6e6f7b9401246d94c6d
hetcap-az-anticorr-folgada	cnemesis	45	cnemesis	configs/scenarios/fase3/geo9hetcap_azure_anticorr_folgada.yaml	2026-08-07T08:48:44-03:00	2026-08-07T08:48:46-03:00	2.25	2.04	0.13	47096	0	1	85667	36bfe40eed33c8b8cb491894acd6f63c05c13e0d7a15a6e6f7b9401246d94c6d
hetcap-az-anticorr-folgada	cnemesis	46	cnemesis	configs/scenarios/fase3/geo9hetcap_azure_anticorr_folgada.yaml	2026-08-07T08:48:44-03:00	2026-08-07T08:48:47-03:00	2.04	1.90	0.11	46912	0	1	85701	36bfe40eed33c8b8cb491894acd6f63c05c13e0d7a15a6e6f7b9401246d94c6d
hetcap-az-anticorr-folgada	cnemesis	47	cnemesis	configs/scenarios/fase3/geo9hetcap_azure_anticorr_folgada.yaml	2026-08-07T08:48:46-03:00	2026-08-07T08:48:47-03:00	1.85	1.73	0.11	46808	0	1	85721	36bfe40eed33c8b8cb491894acd6f63c05c13e0d7a15a6e6f7b9401246d94c6d
hetcap-az-anticorr-folgada	cnemesis	48	cnemesis	configs/scenarios/fase3/geo9hetcap_azure_anticorr_folgada.yaml	2026-08-07T08:48:46-03:00	2026-08-07T08:48:48-03:00	1.91	1.79	0.10	47120	0	1	85734	36bfe40eed33c8b8cb491894acd6f63c05c13e0d7a15a6e6f7b9401246d94c6d
hetcap-az-anticorr-folgada	cnemesis	49	cnemesis	configs/scenarios/fase3/geo9hetcap_azure_anticorr_folgada.yaml	2026-08-07T08:48:46-03:00	2026-08-07T08:48:48-03:00	2.29	2.16	0.12	47176	0	1	85757	36bfe40eed33c8b8cb491894acd6f63c05c13e0d7a15a6e6f7b9401246d94c6d
hetcap-az-anticorr-folgada	cnemesis	50	cnemesis	configs/scenarios/fase3/geo9hetcap_azure_anticorr_folgada.yaml	2026-08-07T08:48:46-03:00	2026-08-07T08:48:48-03:00	2.36	2.20	0.15	46988	0	1	85770	36bfe40eed33c8b8cb491894acd6f63c05c13e0d7a15a6e6f7b9401246d94c6d
hetcap-az-anticorr-folgada	cnemesis	51	cnemesis	configs/scenarios/fase3/geo9hetcap_azure_anticorr_folgada.yaml	2026-08-07T08:48:46-03:00	2026-08-07T08:48:48-03:00	2.11	1.94	0.13	47108	0	1	85793	36bfe40eed33c8b8cb491894acd6f63c05c13e0d7a15a6e6f7b9401246d94c6d
hetcap-az-anticorr-folgada	ffd	42	none	configs/scenarios/fase3/geo9hetcap_azure_anticorr_folgada.yaml	2026-08-07T08:48:36-03:00	2026-08-07T08:48:38-03:00	1.94	1.73	0.14	68448	0	1	84669	36bfe40eed33c8b8cb491894acd6f63c05c13e0d7a15a6e6f7b9401246d94c6d
hetcap-az-anticorr-folgada	ffd	43	none	configs/scenarios/fase3/geo9hetcap_azure_anticorr_folgada.yaml	2026-08-07T08:48:36-03:00	2026-08-07T08:48:38-03:00	1.77	1.64	0.12	58104	0	1	84692	36bfe40eed33c8b8cb491894acd6f63c05c13e0d7a15a6e6f7b9401246d94c6d
hetcap-az-anticorr-folgada	ffd	44	none	configs/scenarios/fase3/geo9hetcap_azure_anticorr_folgada.yaml	2026-08-07T08:48:36-03:00	2026-08-07T08:48:38-03:00	1.82	1.61	0.16	58032	0	1	84705	36bfe40eed33c8b8cb491894acd6f63c05c13e0d7a15a6e6f7b9401246d94c6d
hetcap-az-anticorr-folgada	ffd	45	none	configs/scenarios/fase3/geo9hetcap_azure_anticorr_folgada.yaml	2026-08-07T08:48:36-03:00	2026-08-07T08:48:38-03:00	1.95	1.78	0.13	58264	0	1	84725	36bfe40eed33c8b8cb491894acd6f63c05c13e0d7a15a6e6f7b9401246d94c6d
hetcap-az-anticorr-folgada	ffd	46	none	configs/scenarios/fase3/geo9hetcap_azure_anticorr_folgada.yaml	2026-08-07T08:48:36-03:00	2026-08-07T08:48:38-03:00	1.53	1.36	0.11	58640	0	1	84728	36bfe40eed33c8b8cb491894acd6f63c05c13e0d7a15a6e6f7b9401246d94c6d
hetcap-az-anticorr-folgada	ffd	47	none	configs/scenarios/fase3/geo9hetcap_azure_anticorr_folgada.yaml	2026-08-07T08:48:36-03:00	2026-08-07T08:48:38-03:00	1.81	1.68	0.12	58532	0	1	84755	36bfe40eed33c8b8cb491894acd6f63c05c13e0d7a15a6e6f7b9401246d94c6d
hetcap-az-anticorr-folgada	ffd	48	none	configs/scenarios/fase3/geo9hetcap_azure_anticorr_folgada.yaml	2026-08-07T08:48:36-03:00	2026-08-07T08:48:38-03:00	1.77	1.62	0.11	57760	0	1	84771	36bfe40eed33c8b8cb491894acd6f63c05c13e0d7a15a6e6f7b9401246d94c6d
hetcap-az-anticorr-folgada	ffd	49	none	configs/scenarios/fase3/geo9hetcap_azure_anticorr_folgada.yaml	2026-08-07T08:48:36-03:00	2026-08-07T08:48:38-03:00	1.73	1.59	0.12	57816	0	1	84784	36bfe40eed33c8b8cb491894acd6f63c05c13e0d7a15a6e6f7b9401246d94c6d
hetcap-az-anticorr-folgada	ffd	50	none	configs/scenarios/fase3/geo9hetcap_azure_anticorr_folgada.yaml	2026-08-07T08:48:37-03:00	2026-08-07T08:48:38-03:00	1.56	1.43	0.11	58588	0	1	84797	36bfe40eed33c8b8cb491894acd6f63c05c13e0d7a15a6e6f7b9401246d94c6d
hetcap-az-anticorr-folgada	ffd	51	none	configs/scenarios/fase3/geo9hetcap_azure_anticorr_folgada.yaml	2026-08-07T08:48:37-03:00	2026-08-07T08:48:38-03:00	1.45	1.31	0.11	58880	0	1	84810	36bfe40eed33c8b8cb491894acd6f63c05c13e0d7a15a6e6f7b9401246d94c6d
hetcap-az-anticorr-folgada	first_fit	42	none	configs/scenarios/fase3/geo9hetcap_azure_anticorr_folgada.yaml	2026-08-07T08:48:30-03:00	2026-08-07T08:48:32-03:00	1.48	1.35	0.11	72068	0	1	84026	36bfe40eed33c8b8cb491894acd6f63c05c13e0d7a15a6e6f7b9401246d94c6d
hetcap-az-anticorr-folgada	first_fit	43	none	configs/scenarios/fase3/geo9hetcap_azure_anticorr_folgada.yaml	2026-08-07T08:48:30-03:00	2026-08-07T08:48:32-03:00	1.69	1.57	0.10	57992	0	1	84039	36bfe40eed33c8b8cb491894acd6f63c05c13e0d7a15a6e6f7b9401246d94c6d
hetcap-az-anticorr-folgada	first_fit	44	none	configs/scenarios/fase3/geo9hetcap_azure_anticorr_folgada.yaml	2026-08-07T08:48:30-03:00	2026-08-07T08:48:32-03:00	1.39	1.27	0.10	63336	0	1	84052	36bfe40eed33c8b8cb491894acd6f63c05c13e0d7a15a6e6f7b9401246d94c6d
hetcap-az-anticorr-folgada	first_fit	45	none	configs/scenarios/fase3/geo9hetcap_azure_anticorr_folgada.yaml	2026-08-07T08:48:30-03:00	2026-08-07T08:48:32-03:00	1.64	1.49	0.13	71416	0	1	84065	36bfe40eed33c8b8cb491894acd6f63c05c13e0d7a15a6e6f7b9401246d94c6d
hetcap-az-anticorr-folgada	first_fit	46	none	configs/scenarios/fase3/geo9hetcap_azure_anticorr_folgada.yaml	2026-08-07T08:48:31-03:00	2026-08-07T08:48:32-03:00	1.45	1.32	0.12	67392	0	1	84078	36bfe40eed33c8b8cb491894acd6f63c05c13e0d7a15a6e6f7b9401246d94c6d
hetcap-az-anticorr-folgada	first_fit	47	none	configs/scenarios/fase3/geo9hetcap_azure_anticorr_folgada.yaml	2026-08-07T08:48:31-03:00	2026-08-07T08:48:32-03:00	1.32	1.20	0.10	61968	0	1	84091	36bfe40eed33c8b8cb491894acd6f63c05c13e0d7a15a6e6f7b9401246d94c6d
hetcap-az-anticorr-folgada	first_fit	48	none	configs/scenarios/fase3/geo9hetcap_azure_anticorr_folgada.yaml	2026-08-07T08:48:31-03:00	2026-08-07T08:48:32-03:00	1.63	1.51	0.12	65920	0	1	84104	36bfe40eed33c8b8cb491894acd6f63c05c13e0d7a15a6e6f7b9401246d94c6d
hetcap-az-anticorr-folgada	first_fit	49	none	configs/scenarios/fase3/geo9hetcap_azure_anticorr_folgada.yaml	2026-08-07T08:48:31-03:00	2026-08-07T08:48:32-03:00	1.41	1.29	0.11	71576	0	1	84117	36bfe40eed33c8b8cb491894acd6f63c05c13e0d7a15a6e6f7b9401246d94c6d
hetcap-az-anticorr-folgada	first_fit	50	none	configs/scenarios/fase3/geo9hetcap_azure_anticorr_folgada.yaml	2026-08-07T08:48:31-03:00	2026-08-07T08:48:33-03:00	1.54	1.42	0.12	61524	0	1	84130	36bfe40eed33c8b8cb491894acd6f63c05c13e0d7a15a6e6f7b9401246d94c6d
hetcap-az-anticorr-folgada	first_fit	51	none	configs/scenarios/fase3/geo9hetcap_azure_anticorr_folgada.yaml	2026-08-07T08:48:31-03:00	2026-08-07T08:48:33-03:00	1.65	1.50	0.13	72576	0	1	84143	36bfe40eed33c8b8cb491894acd6f63c05c13e0d7a15a6e6f7b9401246d94c6d
hetcap-az-anticorr-folgada	follow_renewables	42	follow_renewables	configs/scenarios/fase3/geo9hetcap_azure_anticorr_folgada.yaml	2026-08-07T08:48:39-03:00	2026-08-07T08:48:41-03:00	1.65	1.54	0.10	58360	0	1	85138	36bfe40eed33c8b8cb491894acd6f63c05c13e0d7a15a6e6f7b9401246d94c6d
hetcap-az-anticorr-folgada	follow_renewables	43	follow_renewables	configs/scenarios/fase3/geo9hetcap_azure_anticorr_folgada.yaml	2026-08-07T08:48:40-03:00	2026-08-07T08:48:41-03:00	1.75	1.60	0.13	58136	0	1	85151	36bfe40eed33c8b8cb491894acd6f63c05c13e0d7a15a6e6f7b9401246d94c6d
hetcap-az-anticorr-folgada	follow_renewables	44	follow_renewables	configs/scenarios/fase3/geo9hetcap_azure_anticorr_folgada.yaml	2026-08-07T08:48:40-03:00	2026-08-07T08:48:42-03:00	1.92	1.79	0.12	57772	0	1	85174	36bfe40eed33c8b8cb491894acd6f63c05c13e0d7a15a6e6f7b9401246d94c6d
hetcap-az-anticorr-folgada	follow_renewables	45	follow_renewables	configs/scenarios/fase3/geo9hetcap_azure_anticorr_folgada.yaml	2026-08-07T08:48:40-03:00	2026-08-07T08:48:42-03:00	1.82	1.70	0.11	58336	0	1	85187	36bfe40eed33c8b8cb491894acd6f63c05c13e0d7a15a6e6f7b9401246d94c6d
hetcap-az-anticorr-folgada	follow_renewables	46	follow_renewables	configs/scenarios/fase3/geo9hetcap_azure_anticorr_folgada.yaml	2026-08-07T08:48:40-03:00	2026-08-07T08:48:42-03:00	1.73	1.61	0.11	58776	0	1	85212	36bfe40eed33c8b8cb491894acd6f63c05c13e0d7a15a6e6f7b9401246d94c6d
hetcap-az-anticorr-folgada	follow_renewables	47	follow_renewables	configs/scenarios/fase3/geo9hetcap_azure_anticorr_folgada.yaml	2026-08-07T08:48:40-03:00	2026-08-07T08:48:42-03:00	1.79	1.63	0.11	58380	0	1	85225	36bfe40eed33c8b8cb491894acd6f63c05c13e0d7a15a6e6f7b9401246d94c6d
hetcap-az-anticorr-folgada	follow_renewables	48	follow_renewables	configs/scenarios/fase3/geo9hetcap_azure_anticorr_folgada.yaml	2026-08-07T08:48:40-03:00	2026-08-07T08:48:42-03:00	1.88	1.75	0.10	57776	0	1	85238	36bfe40eed33c8b8cb491894acd6f63c05c13e0d7a15a6e6f7b9401246d94c6d
hetcap-az-anticorr-folgada	follow_renewables	49	follow_renewables	configs/scenarios/fase3/geo9hetcap_azure_anticorr_folgada.yaml	2026-08-07T08:48:40-03:00	2026-08-07T08:48:42-03:00	1.45	1.34	0.09	58120	0	1	85251	36bfe40eed33c8b8cb491894acd6f63c05c13e0d7a15a6e6f7b9401246d94c6d
hetcap-az-anticorr-folgada	follow_renewables	50	follow_renewables	configs/scenarios/fase3/geo9hetcap_azure_anticorr_folgada.yaml	2026-08-07T08:48:40-03:00	2026-08-07T08:48:42-03:00	1.87	1.73	0.11	58464	0	1	85270	36bfe40eed33c8b8cb491894acd6f63c05c13e0d7a15a6e6f7b9401246d94c6d
hetcap-az-anticorr-folgada	follow_renewables	51	follow_renewables	configs/scenarios/fase3/geo9hetcap_azure_anticorr_folgada.yaml	2026-08-07T08:48:41-03:00	2026-08-07T08:48:43-03:00	1.98	1.86	0.11	58748	0	1	85283	36bfe40eed33c8b8cb491894acd6f63c05c13e0d7a15a6e6f7b9401246d94c6d
hetcap-az-anticorr-folgada	followme_s	42	followme_s	configs/scenarios/fase3/geo9hetcap_azure_anticorr_folgada.yaml	2026-08-07T08:48:42-03:00	2026-08-07T08:48:46-03:00	4.42	4.16	0.17	51288	0	1	85436	36bfe40eed33c8b8cb491894acd6f63c05c13e0d7a15a6e6f7b9401246d94c6d
hetcap-az-anticorr-folgada	followme_s	43	followme_s	configs/scenarios/fase3/geo9hetcap_azure_anticorr_folgada.yaml	2026-08-07T08:48:42-03:00	2026-08-07T08:48:44-03:00	2.47	2.26	0.15	51872	0	1	85479	36bfe40eed33c8b8cb491894acd6f63c05c13e0d7a15a6e6f7b9401246d94c6d
hetcap-az-anticorr-folgada	followme_s	44	followme_s	configs/scenarios/fase3/geo9hetcap_azure_anticorr_folgada.yaml	2026-08-07T08:48:42-03:00	2026-08-07T08:48:46-03:00	3.26	3.05	0.16	52436	0	1	85503	36bfe40eed33c8b8cb491894acd6f63c05c13e0d7a15a6e6f7b9401246d94c6d
hetcap-az-anticorr-folgada	followme_s	45	followme_s	configs/scenarios/fase3/geo9hetcap_azure_anticorr_folgada.yaml	2026-08-07T08:48:43-03:00	2026-08-07T08:48:47-03:00	4.48	4.24	0.16	51468	0	1	85516	36bfe40eed33c8b8cb491894acd6f63c05c13e0d7a15a6e6f7b9401246d94c6d
hetcap-az-anticorr-folgada	followme_s	46	followme_s	configs/scenarios/fase3/geo9hetcap_azure_anticorr_folgada.yaml	2026-08-07T08:48:43-03:00	2026-08-07T08:48:51-03:00	7.95	7.70	0.14	51524	0	1	85529	36bfe40eed33c8b8cb491894acd6f63c05c13e0d7a15a6e6f7b9401246d94c6d
hetcap-az-anticorr-folgada	followme_s	47	followme_s	configs/scenarios/fase3/geo9hetcap_azure_anticorr_folgada.yaml	2026-08-07T08:48:43-03:00	2026-08-07T08:48:51-03:00	8.10	7.89	0.16	52244	0	1	85542	36bfe40eed33c8b8cb491894acd6f63c05c13e0d7a15a6e6f7b9401246d94c6d
hetcap-az-anticorr-folgada	followme_s	48	followme_s	configs/scenarios/fase3/geo9hetcap_azure_anticorr_folgada.yaml	2026-08-07T08:48:43-03:00	2026-08-07T08:48:50-03:00	6.50	6.26	0.14	51096	0	1	85555	36bfe40eed33c8b8cb491894acd6f63c05c13e0d7a15a6e6f7b9401246d94c6d
hetcap-az-anticorr-folgada	followme_s	49	followme_s	configs/scenarios/fase3/geo9hetcap_azure_anticorr_folgada.yaml	2026-08-07T08:48:43-03:00	2026-08-07T08:48:49-03:00	5.63	5.32	0.19	51472	0	1	85568	36bfe40eed33c8b8cb491894acd6f63c05c13e0d7a15a6e6f7b9401246d94c6d
hetcap-az-anticorr-folgada	followme_s	50	followme_s	configs/scenarios/fase3/geo9hetcap_azure_anticorr_folgada.yaml	2026-08-07T08:48:43-03:00	2026-08-07T08:48:46-03:00	2.23	2.04	0.13	52108	0	1	85586	36bfe40eed33c8b8cb491894acd6f63c05c13e0d7a15a6e6f7b9401246d94c6d
hetcap-az-anticorr-folgada	followme_s	51	followme_s	configs/scenarios/fase3/geo9hetcap_azure_anticorr_folgada.yaml	2026-08-07T08:48:43-03:00	2026-08-07T08:48:46-03:00	2.80	2.60	0.16	52148	0	1	85593	36bfe40eed33c8b8cb491894acd6f63c05c13e0d7a15a6e6f7b9401246d94c6d
hetcap-az-anticorr-folgada	lowest_carbon_dc	42	none	configs/scenarios/fase3/geo9hetcap_azure_anticorr_folgada.yaml	2026-08-07T08:48:38-03:00	2026-08-07T08:48:40-03:00	1.82	1.70	0.10	58584	0	1	85007	36bfe40eed33c8b8cb491894acd6f63c05c13e0d7a15a6e6f7b9401246d94c6d
hetcap-az-anticorr-folgada	lowest_carbon_dc	43	none	configs/scenarios/fase3/geo9hetcap_azure_anticorr_folgada.yaml	2026-08-07T08:48:38-03:00	2026-08-07T08:48:40-03:00	1.68	1.55	0.11	58196	0	1	85020	36bfe40eed33c8b8cb491894acd6f63c05c13e0d7a15a6e6f7b9401246d94c6d
hetcap-az-anticorr-folgada	lowest_carbon_dc	44	none	configs/scenarios/fase3/geo9hetcap_azure_anticorr_folgada.yaml	2026-08-07T08:48:38-03:00	2026-08-07T08:48:40-03:00	1.82	1.69	0.11	58052	0	1	85039	36bfe40eed33c8b8cb491894acd6f63c05c13e0d7a15a6e6f7b9401246d94c6d
hetcap-az-anticorr-folgada	lowest_carbon_dc	45	none	configs/scenarios/fase3/geo9hetcap_azure_anticorr_folgada.yaml	2026-08-07T08:48:38-03:00	2026-08-07T08:48:40-03:00	1.85	1.69	0.14	58600	0	1	85044	36bfe40eed33c8b8cb491894acd6f63c05c13e0d7a15a6e6f7b9401246d94c6d
hetcap-az-anticorr-folgada	lowest_carbon_dc	46	none	configs/scenarios/fase3/geo9hetcap_azure_anticorr_folgada.yaml	2026-08-07T08:48:38-03:00	2026-08-07T08:48:40-03:00	1.85	1.68	0.13	58800	0	1	85059	36bfe40eed33c8b8cb491894acd6f63c05c13e0d7a15a6e6f7b9401246d94c6d
hetcap-az-anticorr-folgada	lowest_carbon_dc	47	none	configs/scenarios/fase3/geo9hetcap_azure_anticorr_folgada.yaml	2026-08-07T08:48:39-03:00	2026-08-07T08:48:41-03:00	1.52	1.40	0.11	58540	0	1	85073	36bfe40eed33c8b8cb491894acd6f63c05c13e0d7a15a6e6f7b9401246d94c6d
hetcap-az-anticorr-folgada	lowest_carbon_dc	48	none	configs/scenarios/fase3/geo9hetcap_azure_anticorr_folgada.yaml	2026-08-07T08:48:39-03:00	2026-08-07T08:48:41-03:00	2.09	1.93	0.11	58048	0	1	85086	36bfe40eed33c8b8cb491894acd6f63c05c13e0d7a15a6e6f7b9401246d94c6d
hetcap-az-anticorr-folgada	lowest_carbon_dc	49	none	configs/scenarios/fase3/geo9hetcap_azure_anticorr_folgada.yaml	2026-08-07T08:48:39-03:00	2026-08-07T08:48:40-03:00	1.38	1.27	0.10	58232	0	1	85099	36bfe40eed33c8b8cb491894acd6f63c05c13e0d7a15a6e6f7b9401246d94c6d
hetcap-az-anticorr-folgada	lowest_carbon_dc	50	none	configs/scenarios/fase3/geo9hetcap_azure_anticorr_folgada.yaml	2026-08-07T08:48:39-03:00	2026-08-07T08:48:41-03:00	1.61	1.48	0.11	58356	0	1	85112	36bfe40eed33c8b8cb491894acd6f63c05c13e0d7a15a6e6f7b9401246d94c6d
hetcap-az-anticorr-folgada	lowest_carbon_dc	51	none	configs/scenarios/fase3/geo9hetcap_azure_anticorr_folgada.yaml	2026-08-07T08:48:39-03:00	2026-08-07T08:48:41-03:00	1.57	1.45	0.11	58732	0	1	85125	36bfe40eed33c8b8cb491894acd6f63c05c13e0d7a15a6e6f7b9401246d94c6d
hetcap-az-anticorr-folgada	round_robin	42	none	configs/scenarios/fase3/geo9hetcap_azure_anticorr_folgada.yaml	2026-08-07T08:48:34-03:00	2026-08-07T08:48:36-03:00	1.74	1.62	0.11	60116	0	1	84527	36bfe40eed33c8b8cb491894acd6f63c05c13e0d7a15a6e6f7b9401246d94c6d
hetcap-az-anticorr-folgada	round_robin	43	none	configs/scenarios/fase3/geo9hetcap_azure_anticorr_folgada.yaml	2026-08-07T08:48:34-03:00	2026-08-07T08:48:36-03:00	1.51	1.37	0.11	59456	0	1	84540	36bfe40eed33c8b8cb491894acd6f63c05c13e0d7a15a6e6f7b9401246d94c6d
hetcap-az-anticorr-folgada	round_robin	44	none	configs/scenarios/fase3/geo9hetcap_azure_anticorr_folgada.yaml	2026-08-07T08:48:34-03:00	2026-08-07T08:48:36-03:00	1.87	1.72	0.13	59832	0	1	84561	36bfe40eed33c8b8cb491894acd6f63c05c13e0d7a15a6e6f7b9401246d94c6d
hetcap-az-anticorr-folgada	round_robin	45	none	configs/scenarios/fase3/geo9hetcap_azure_anticorr_folgada.yaml	2026-08-07T08:48:34-03:00	2026-08-07T08:48:36-03:00	1.90	1.75	0.13	59264	0	1	84563	36bfe40eed33c8b8cb491894acd6f63c05c13e0d7a15a6e6f7b9401246d94c6d
hetcap-az-anticorr-folgada	round_robin	46	none	configs/scenarios/fase3/geo9hetcap_azure_anticorr_folgada.yaml	2026-08-07T08:48:35-03:00	2026-08-07T08:48:37-03:00	1.92	1.78	0.12	59808	0	1	84580	36bfe40eed33c8b8cb491894acd6f63c05c13e0d7a15a6e6f7b9401246d94c6d
hetcap-az-anticorr-folgada	round_robin	47	none	configs/scenarios/fase3/geo9hetcap_azure_anticorr_folgada.yaml	2026-08-07T08:48:35-03:00	2026-08-07T08:48:37-03:00	1.99	1.84	0.11	60480	0	1	84593	36bfe40eed33c8b8cb491894acd6f63c05c13e0d7a15a6e6f7b9401246d94c6d
hetcap-az-anticorr-folgada	round_robin	48	none	configs/scenarios/fase3/geo9hetcap_azure_anticorr_folgada.yaml	2026-08-07T08:48:35-03:00	2026-08-07T08:48:37-03:00	1.84	1.66	0.16	58944	0	1	84606	36bfe40eed33c8b8cb491894acd6f63c05c13e0d7a15a6e6f7b9401246d94c6d
hetcap-az-anticorr-folgada	round_robin	49	none	configs/scenarios/fase3/geo9hetcap_azure_anticorr_folgada.yaml	2026-08-07T08:48:35-03:00	2026-08-07T08:48:37-03:00	2.18	2.03	0.13	60144	0	1	84619	36bfe40eed33c8b8cb491894acd6f63c05c13e0d7a15a6e6f7b9401246d94c6d
hetcap-az-anticorr-folgada	round_robin	50	none	configs/scenarios/fase3/geo9hetcap_azure_anticorr_folgada.yaml	2026-08-07T08:48:35-03:00	2026-08-07T08:48:37-03:00	2.16	2.00	0.12	59936	0	1	84632	36bfe40eed33c8b8cb491894acd6f63c05c13e0d7a15a6e6f7b9401246d94c6d
hetcap-az-anticorr-folgada	round_robin	51	none	configs/scenarios/fase3/geo9hetcap_azure_anticorr_folgada.yaml	2026-08-07T08:48:35-03:00	2026-08-07T08:48:37-03:00	2.02	1.88	0.11	60548	0	1	84645	36bfe40eed33c8b8cb491894acd6f63c05c13e0d7a15a6e6f7b9401246d94c6d
hetcap-az-anticorr-folgada	worst_fit	42	none	configs/scenarios/fase3/geo9hetcap_azure_anticorr_folgada.yaml	2026-08-07T08:48:33-03:00	2026-08-07T08:48:34-03:00	1.78	1.61	0.11	58176	0	1	84338	36bfe40eed33c8b8cb491894acd6f63c05c13e0d7a15a6e6f7b9401246d94c6d
hetcap-az-anticorr-folgada	worst_fit	43	none	configs/scenarios/fase3/geo9hetcap_azure_anticorr_folgada.yaml	2026-08-07T08:48:33-03:00	2026-08-07T08:48:35-03:00	1.91	1.75	0.11	57588	0	1	84351	36bfe40eed33c8b8cb491894acd6f63c05c13e0d7a15a6e6f7b9401246d94c6d
hetcap-az-anticorr-folgada	worst_fit	44	none	configs/scenarios/fase3/geo9hetcap_azure_anticorr_folgada.yaml	2026-08-07T08:48:33-03:00	2026-08-07T08:48:35-03:00	1.91	1.70	0.11	57240	0	1	84364	36bfe40eed33c8b8cb491894acd6f63c05c13e0d7a15a6e6f7b9401246d94c6d
hetcap-az-anticorr-folgada	worst_fit	45	none	configs/scenarios/fase3/geo9hetcap_azure_anticorr_folgada.yaml	2026-08-07T08:48:33-03:00	2026-08-07T08:48:35-03:00	1.85	1.59	0.12	57764	0	1	84377	36bfe40eed33c8b8cb491894acd6f63c05c13e0d7a15a6e6f7b9401246d94c6d
hetcap-az-anticorr-folgada	worst_fit	46	none	configs/scenarios/fase3/geo9hetcap_azure_anticorr_folgada.yaml	2026-08-07T08:48:33-03:00	2026-08-07T08:48:35-03:00	1.73	1.53	0.12	58208	0	1	84390	36bfe40eed33c8b8cb491894acd6f63c05c13e0d7a15a6e6f7b9401246d94c6d
hetcap-az-anticorr-folgada	worst_fit	47	none	configs/scenarios/fase3/geo9hetcap_azure_anticorr_folgada.yaml	2026-08-07T08:48:33-03:00	2026-08-07T08:48:35-03:00	1.85	1.60	0.14	58072	0	1	84403	36bfe40eed33c8b8cb491894acd6f63c05c13e0d7a15a6e6f7b9401246d94c6d
hetcap-az-anticorr-folgada	worst_fit	48	none	configs/scenarios/fase3/geo9hetcap_azure_anticorr_folgada.yaml	2026-08-07T08:48:34-03:00	2026-08-07T08:48:36-03:00	1.90	1.69	0.13	57496	0	1	84465	36bfe40eed33c8b8cb491894acd6f63c05c13e0d7a15a6e6f7b9401246d94c6d
hetcap-az-anticorr-folgada	worst_fit	49	none	configs/scenarios/fase3/geo9hetcap_azure_anticorr_folgada.yaml	2026-08-07T08:48:34-03:00	2026-08-07T08:48:36-03:00	1.78	1.62	0.11	57668	0	1	84478	36bfe40eed33c8b8cb491894acd6f63c05c13e0d7a15a6e6f7b9401246d94c6d
hetcap-az-anticorr-folgada	worst_fit	50	none	configs/scenarios/fase3/geo9hetcap_azure_anticorr_folgada.yaml	2026-08-07T08:48:34-03:00	2026-08-07T08:48:36-03:00	1.81	1.67	0.12	58124	0	1	84501	36bfe40eed33c8b8cb491894acd6f63c05c13e0d7a15a6e6f7b9401246d94c6d
hetcap-az-anticorr-folgada	worst_fit	51	none	configs/scenarios/fase3/geo9hetcap_azure_anticorr_folgada.yaml	2026-08-07T08:48:34-03:00	2026-08-07T08:48:36-03:00	1.62	1.50	0.11	58400	0	1	84514	36bfe40eed33c8b8cb491894acd6f63c05c13e0d7a15a6e6f7b9401246d94c6d
hetcap-az-anticorr-folgada	wsnb	42	none	configs/scenarios/fase3/geo9hetcap_azure_anticorr_folgada.yaml	2026-08-07T08:48:41-03:00	2026-08-07T08:48:43-03:00	2.28	2.08	0.16	68416	0	1	85296	36bfe40eed33c8b8cb491894acd6f63c05c13e0d7a15a6e6f7b9401246d94c6d
hetcap-az-anticorr-folgada	wsnb	43	none	configs/scenarios/fase3/geo9hetcap_azure_anticorr_folgada.yaml	2026-08-07T08:48:41-03:00	2026-08-07T08:48:43-03:00	2.20	2.03	0.13	68744	0	1	85309	36bfe40eed33c8b8cb491894acd6f63c05c13e0d7a15a6e6f7b9401246d94c6d
hetcap-az-anticorr-folgada	wsnb	44	none	configs/scenarios/fase3/geo9hetcap_azure_anticorr_folgada.yaml	2026-08-07T08:48:41-03:00	2026-08-07T08:48:43-03:00	2.00	1.86	0.12	71736	0	1	85322	36bfe40eed33c8b8cb491894acd6f63c05c13e0d7a15a6e6f7b9401246d94c6d
hetcap-az-anticorr-folgada	wsnb	45	none	configs/scenarios/fase3/geo9hetcap_azure_anticorr_folgada.yaml	2026-08-07T08:48:41-03:00	2026-08-07T08:48:43-03:00	2.01	1.87	0.13	68916	0	1	85335	36bfe40eed33c8b8cb491894acd6f63c05c13e0d7a15a6e6f7b9401246d94c6d
hetcap-az-anticorr-folgada	wsnb	46	none	configs/scenarios/fase3/geo9hetcap_azure_anticorr_folgada.yaml	2026-08-07T08:48:41-03:00	2026-08-07T08:48:43-03:00	2.26	2.11	0.12	70260	0	1	85348	36bfe40eed33c8b8cb491894acd6f63c05c13e0d7a15a6e6f7b9401246d94c6d
hetcap-az-anticorr-folgada	wsnb	47	none	configs/scenarios/fase3/geo9hetcap_azure_anticorr_folgada.yaml	2026-08-07T08:48:41-03:00	2026-08-07T08:48:44-03:00	2.52	2.29	0.15	70508	0	1	85361	36bfe40eed33c8b8cb491894acd6f63c05c13e0d7a15a6e6f7b9401246d94c6d
hetcap-az-anticorr-folgada	wsnb	48	none	configs/scenarios/fase3/geo9hetcap_azure_anticorr_folgada.yaml	2026-08-07T08:48:42-03:00	2026-08-07T08:48:43-03:00	1.87	1.72	0.13	67860	0	1	85374	36bfe40eed33c8b8cb491894acd6f63c05c13e0d7a15a6e6f7b9401246d94c6d
hetcap-az-anticorr-folgada	wsnb	49	none	configs/scenarios/fase3/geo9hetcap_azure_anticorr_folgada.yaml	2026-08-07T08:48:42-03:00	2026-08-07T08:48:44-03:00	1.92	1.77	0.12	69568	0	1	85387	36bfe40eed33c8b8cb491894acd6f63c05c13e0d7a15a6e6f7b9401246d94c6d
hetcap-az-anticorr-folgada	wsnb	50	none	configs/scenarios/fase3/geo9hetcap_azure_anticorr_folgada.yaml	2026-08-07T08:48:42-03:00	2026-08-07T08:48:44-03:00	1.89	1.74	0.13	72564	0	1	85400	36bfe40eed33c8b8cb491894acd6f63c05c13e0d7a15a6e6f7b9401246d94c6d
hetcap-az-anticorr-folgada	wsnb	51	none	configs/scenarios/fase3/geo9hetcap_azure_anticorr_folgada.yaml	2026-08-07T08:48:42-03:00	2026-08-07T08:48:44-03:00	1.91	1.74	0.14	73688	0	1	85413	36bfe40eed33c8b8cb491894acd6f63c05c13e0d7a15a6e6f7b9401246d94c6d
hetcap-az-realjun-folgada	best_fit	42	none	configs/scenarios/fase3/geo9hetcap_azure_realjun_folgada.yaml	2026-08-07T08:48:11-03:00	2026-08-07T08:48:13-03:00	1.38	1.27	0.09	43644	0	1	82311	36bfe40eed33c8b8cb491894acd6f63c05c13e0d7a15a6e6f7b9401246d94c6d
hetcap-az-realjun-folgada	best_fit	43	none	configs/scenarios/fase3/geo9hetcap_azure_realjun_folgada.yaml	2026-08-07T08:48:12-03:00	2026-08-07T08:48:14-03:00	1.79	1.66	0.10	43996	0	1	82354	36bfe40eed33c8b8cb491894acd6f63c05c13e0d7a15a6e6f7b9401246d94c6d
hetcap-az-realjun-folgada	best_fit	44	none	configs/scenarios/fase3/geo9hetcap_azure_realjun_folgada.yaml	2026-08-07T08:48:12-03:00	2026-08-07T08:48:14-03:00	1.95	1.83	0.10	43564	0	1	82367	36bfe40eed33c8b8cb491894acd6f63c05c13e0d7a15a6e6f7b9401246d94c6d
hetcap-az-realjun-folgada	best_fit	45	none	configs/scenarios/fase3/geo9hetcap_azure_realjun_folgada.yaml	2026-08-07T08:48:12-03:00	2026-08-07T08:48:14-03:00	1.94	1.76	0.11	43720	0	1	82380	36bfe40eed33c8b8cb491894acd6f63c05c13e0d7a15a6e6f7b9401246d94c6d
hetcap-az-realjun-folgada	best_fit	46	none	configs/scenarios/fase3/geo9hetcap_azure_realjun_folgada.yaml	2026-08-07T08:48:12-03:00	2026-08-07T08:48:14-03:00	1.61	1.45	0.12	43564	0	1	82393	36bfe40eed33c8b8cb491894acd6f63c05c13e0d7a15a6e6f7b9401246d94c6d
hetcap-az-realjun-folgada	best_fit	47	none	configs/scenarios/fase3/geo9hetcap_azure_realjun_folgada.yaml	2026-08-07T08:48:13-03:00	2026-08-07T08:48:14-03:00	1.73	1.63	0.08	43556	0	1	82406	36bfe40eed33c8b8cb491894acd6f63c05c13e0d7a15a6e6f7b9401246d94c6d
hetcap-az-realjun-folgada	best_fit	48	none	configs/scenarios/fase3/geo9hetcap_azure_realjun_folgada.yaml	2026-08-07T08:48:13-03:00	2026-08-07T08:48:15-03:00	2.01	1.86	0.11	43656	0	1	82419	36bfe40eed33c8b8cb491894acd6f63c05c13e0d7a15a6e6f7b9401246d94c6d
hetcap-az-realjun-folgada	best_fit	49	none	configs/scenarios/fase3/geo9hetcap_azure_realjun_folgada.yaml	2026-08-07T08:48:13-03:00	2026-08-07T08:48:15-03:00	1.91	1.80	0.10	43832	0	1	82432	36bfe40eed33c8b8cb491894acd6f63c05c13e0d7a15a6e6f7b9401246d94c6d
hetcap-az-realjun-folgada	best_fit	50	none	configs/scenarios/fase3/geo9hetcap_azure_realjun_folgada.yaml	2026-08-07T08:48:13-03:00	2026-08-07T08:48:14-03:00	1.45	1.35	0.10	43876	0	1	82445	36bfe40eed33c8b8cb491894acd6f63c05c13e0d7a15a6e6f7b9401246d94c6d
hetcap-az-realjun-folgada	best_fit	51	none	configs/scenarios/fase3/geo9hetcap_azure_realjun_folgada.yaml	2026-08-07T08:48:14-03:00	2026-08-07T08:48:15-03:00	1.52	1.37	0.10	43544	0	1	82485	36bfe40eed33c8b8cb491894acd6f63c05c13e0d7a15a6e6f7b9401246d94c6d
hetcap-az-realjun-folgada	bfd	42	none	configs/scenarios/fase3/geo9hetcap_azure_realjun_folgada.yaml	2026-08-07T08:48:18-03:00	2026-08-07T08:48:20-03:00	1.94	1.81	0.10	58156	0	1	83004	36bfe40eed33c8b8cb491894acd6f63c05c13e0d7a15a6e6f7b9401246d94c6d
hetcap-az-realjun-folgada	bfd	43	none	configs/scenarios/fase3/geo9hetcap_azure_realjun_folgada.yaml	2026-08-07T08:48:18-03:00	2026-08-07T08:48:21-03:00	2.24	2.13	0.11	43712	0	1	83017	36bfe40eed33c8b8cb491894acd6f63c05c13e0d7a15a6e6f7b9401246d94c6d
hetcap-az-realjun-folgada	bfd	44	none	configs/scenarios/fase3/geo9hetcap_azure_realjun_folgada.yaml	2026-08-07T08:48:18-03:00	2026-08-07T08:48:20-03:00	1.56	1.41	0.11	57416	0	1	83034	36bfe40eed33c8b8cb491894acd6f63c05c13e0d7a15a6e6f7b9401246d94c6d
hetcap-az-realjun-folgada	bfd	45	none	configs/scenarios/fase3/geo9hetcap_azure_realjun_folgada.yaml	2026-08-07T08:48:18-03:00	2026-08-07T08:48:20-03:00	2.02	1.88	0.12	58292	0	1	83043	36bfe40eed33c8b8cb491894acd6f63c05c13e0d7a15a6e6f7b9401246d94c6d
hetcap-az-realjun-folgada	bfd	46	none	configs/scenarios/fase3/geo9hetcap_azure_realjun_folgada.yaml	2026-08-07T08:48:19-03:00	2026-08-07T08:48:20-03:00	1.79	1.65	0.12	58084	0	1	83057	36bfe40eed33c8b8cb491894acd6f63c05c13e0d7a15a6e6f7b9401246d94c6d
hetcap-az-realjun-folgada	bfd	47	none	configs/scenarios/fase3/geo9hetcap_azure_realjun_folgada.yaml	2026-08-07T08:48:19-03:00	2026-08-07T08:48:21-03:00	1.87	1.73	0.12	57684	0	1	83073	36bfe40eed33c8b8cb491894acd6f63c05c13e0d7a15a6e6f7b9401246d94c6d
hetcap-az-realjun-folgada	bfd	48	none	configs/scenarios/fase3/geo9hetcap_azure_realjun_folgada.yaml	2026-08-07T08:48:19-03:00	2026-08-07T08:48:20-03:00	1.40	1.28	0.11	43744	0	1	83083	36bfe40eed33c8b8cb491894acd6f63c05c13e0d7a15a6e6f7b9401246d94c6d
hetcap-az-realjun-folgada	bfd	49	none	configs/scenarios/fase3/geo9hetcap_azure_realjun_folgada.yaml	2026-08-07T08:48:19-03:00	2026-08-07T08:48:21-03:00	1.75	1.63	0.10	43764	0	1	83096	36bfe40eed33c8b8cb491894acd6f63c05c13e0d7a15a6e6f7b9401246d94c6d
hetcap-az-realjun-folgada	bfd	50	none	configs/scenarios/fase3/geo9hetcap_azure_realjun_folgada.yaml	2026-08-07T08:48:19-03:00	2026-08-07T08:48:21-03:00	1.66	1.55	0.10	57488	0	1	83109	36bfe40eed33c8b8cb491894acd6f63c05c13e0d7a15a6e6f7b9401246d94c6d
hetcap-az-realjun-folgada	bfd	51	none	configs/scenarios/fase3/geo9hetcap_azure_realjun_folgada.yaml	2026-08-07T08:48:19-03:00	2026-08-07T08:48:21-03:00	2.02	1.87	0.12	58324	0	1	83132	36bfe40eed33c8b8cb491894acd6f63c05c13e0d7a15a6e6f7b9401246d94c6d
hetcap-az-realjun-folgada	cnemesis	42	cnemesis	configs/scenarios/fase3/geo9hetcap_azure_realjun_folgada.yaml	2026-08-07T08:48:26-03:00	2026-08-07T08:48:30-03:00	3.82	3.66	0.13	50560	0	1	83811	36bfe40eed33c8b8cb491894acd6f63c05c13e0d7a15a6e6f7b9401246d94c6d
hetcap-az-realjun-folgada	cnemesis	43	cnemesis	configs/scenarios/fase3/geo9hetcap_azure_realjun_folgada.yaml	2026-08-07T08:48:26-03:00	2026-08-07T08:48:30-03:00	3.52	3.37	0.11	50528	0	1	83824	36bfe40eed33c8b8cb491894acd6f63c05c13e0d7a15a6e6f7b9401246d94c6d
hetcap-az-realjun-folgada	cnemesis	44	cnemesis	configs/scenarios/fase3/geo9hetcap_azure_realjun_folgada.yaml	2026-08-07T08:48:26-03:00	2026-08-07T08:48:29-03:00	2.25	2.12	0.12	50040	0	1	83837	36bfe40eed33c8b8cb491894acd6f63c05c13e0d7a15a6e6f7b9401246d94c6d
hetcap-az-realjun-folgada	cnemesis	45	cnemesis	configs/scenarios/fase3/geo9hetcap_azure_realjun_folgada.yaml	2026-08-07T08:48:27-03:00	2026-08-07T08:48:30-03:00	3.03	2.87	0.13	50416	0	1	83850	36bfe40eed33c8b8cb491894acd6f63c05c13e0d7a15a6e6f7b9401246d94c6d
hetcap-az-realjun-folgada	cnemesis	46	cnemesis	configs/scenarios/fase3/geo9hetcap_azure_realjun_folgada.yaml	2026-08-07T08:48:27-03:00	2026-08-07T08:48:31-03:00	3.51	3.37	0.13	50972	0	1	83883	36bfe40eed33c8b8cb491894acd6f63c05c13e0d7a15a6e6f7b9401246d94c6d
hetcap-az-realjun-folgada	cnemesis	47	cnemesis	configs/scenarios/fase3/geo9hetcap_azure_realjun_folgada.yaml	2026-08-07T08:48:28-03:00	2026-08-07T08:48:30-03:00	2.03	1.86	0.13	50412	0	1	83929	36bfe40eed33c8b8cb491894acd6f63c05c13e0d7a15a6e6f7b9401246d94c6d
hetcap-az-realjun-folgada	cnemesis	48	cnemesis	configs/scenarios/fase3/geo9hetcap_azure_realjun_folgada.yaml	2026-08-07T08:48:29-03:00	2026-08-07T08:48:33-03:00	3.91	3.77	0.12	50632	0	1	83942	36bfe40eed33c8b8cb491894acd6f63c05c13e0d7a15a6e6f7b9401246d94c6d
hetcap-az-realjun-folgada	cnemesis	49	cnemesis	configs/scenarios/fase3/geo9hetcap_azure_realjun_folgada.yaml	2026-08-07T08:48:29-03:00	2026-08-07T08:48:34-03:00	5.44	5.21	0.13	50224	0	1	83955	36bfe40eed33c8b8cb491894acd6f63c05c13e0d7a15a6e6f7b9401246d94c6d
hetcap-az-realjun-folgada	cnemesis	50	cnemesis	configs/scenarios/fase3/geo9hetcap_azure_realjun_folgada.yaml	2026-08-07T08:48:30-03:00	2026-08-07T08:48:32-03:00	1.94	1.80	0.13	50428	0	1	83989	36bfe40eed33c8b8cb491894acd6f63c05c13e0d7a15a6e6f7b9401246d94c6d
hetcap-az-realjun-folgada	cnemesis	51	cnemesis	configs/scenarios/fase3/geo9hetcap_azure_realjun_folgada.yaml	2026-08-07T08:48:30-03:00	2026-08-07T08:48:33-03:00	3.08	2.94	0.12	51088	0	1	84003	36bfe40eed33c8b8cb491894acd6f63c05c13e0d7a15a6e6f7b9401246d94c6d
hetcap-az-realjun-folgada	ffd	42	none	configs/scenarios/fase3/geo9hetcap_azure_realjun_folgada.yaml	2026-08-07T08:48:17-03:00	2026-08-07T08:48:18-03:00	1.62	1.48	0.10	68624	0	1	82830	36bfe40eed33c8b8cb491894acd6f63c05c13e0d7a15a6e6f7b9401246d94c6d
hetcap-az-realjun-folgada	ffd	43	none	configs/scenarios/fase3/geo9hetcap_azure_realjun_folgada.yaml	2026-08-07T08:48:17-03:00	2026-08-07T08:48:18-03:00	1.39	1.24	0.12	58048	0	1	82843	36bfe40eed33c8b8cb491894acd6f63c05c13e0d7a15a6e6f7b9401246d94c6d
hetcap-az-realjun-folgada	ffd	44	none	configs/scenarios/fase3/geo9hetcap_azure_realjun_folgada.yaml	2026-08-07T08:48:17-03:00	2026-08-07T08:48:19-03:00	1.73	1.58	0.11	57860	0	1	82856	36bfe40eed33c8b8cb491894acd6f63c05c13e0d7a15a6e6f7b9401246d94c6d
hetcap-az-realjun-folgada	ffd	45	none	configs/scenarios/fase3/geo9hetcap_azure_realjun_folgada.yaml	2026-08-07T08:48:17-03:00	2026-08-07T08:48:19-03:00	1.59	1.46	0.11	58320	0	1	82888	36bfe40eed33c8b8cb491894acd6f63c05c13e0d7a15a6e6f7b9401246d94c6d
hetcap-az-realjun-folgada	ffd	46	none	configs/scenarios/fase3/geo9hetcap_azure_realjun_folgada.yaml	2026-08-07T08:48:17-03:00	2026-08-07T08:48:19-03:00	1.69	1.57	0.11	58632	0	1	82889	36bfe40eed33c8b8cb491894acd6f63c05c13e0d7a15a6e6f7b9401246d94c6d
hetcap-az-realjun-folgada	ffd	47	none	configs/scenarios/fase3/geo9hetcap_azure_realjun_folgada.yaml	2026-08-07T08:48:18-03:00	2026-08-07T08:48:19-03:00	1.53	1.39	0.12	58296	0	1	82938	36bfe40eed33c8b8cb491894acd6f63c05c13e0d7a15a6e6f7b9401246d94c6d
hetcap-az-realjun-folgada	ffd	48	none	configs/scenarios/fase3/geo9hetcap_azure_realjun_folgada.yaml	2026-08-07T08:48:18-03:00	2026-08-07T08:48:19-03:00	1.76	1.60	0.14	57680	0	1	82951	36bfe40eed33c8b8cb491894acd6f63c05c13e0d7a15a6e6f7b9401246d94c6d
hetcap-az-realjun-folgada	ffd	49	none	configs/scenarios/fase3/geo9hetcap_azure_realjun_folgada.yaml	2026-08-07T08:48:18-03:00	2026-08-07T08:48:19-03:00	1.62	1.49	0.11	57780	0	1	82965	36bfe40eed33c8b8cb491894acd6f63c05c13e0d7a15a6e6f7b9401246d94c6d
hetcap-az-realjun-folgada	ffd	50	none	configs/scenarios/fase3/geo9hetcap_azure_realjun_folgada.yaml	2026-08-07T08:48:18-03:00	2026-08-07T08:48:20-03:00	1.93	1.79	0.11	57956	0	1	82978	36bfe40eed33c8b8cb491894acd6f63c05c13e0d7a15a6e6f7b9401246d94c6d
hetcap-az-realjun-folgada	ffd	51	none	configs/scenarios/fase3/geo9hetcap_azure_realjun_folgada.yaml	2026-08-07T08:48:18-03:00	2026-08-07T08:48:20-03:00	1.84	1.71	0.12	58940	0	1	82991	36bfe40eed33c8b8cb491894acd6f63c05c13e0d7a15a6e6f7b9401246d94c6d
hetcap-az-realjun-folgada	first_fit	42	none	configs/scenarios/fase3/geo9hetcap_azure_realjun_folgada.yaml	2026-08-07T08:48:07-03:00	2026-08-07T08:48:09-03:00	1.81	1.68	0.12	71804	0	1	82129	36bfe40eed33c8b8cb491894acd6f63c05c13e0d7a15a6e6f7b9401246d94c6d
hetcap-az-realjun-folgada	first_fit	43	none	configs/scenarios/fase3/geo9hetcap_azure_realjun_folgada.yaml	2026-08-07T08:48:07-03:00	2026-08-07T08:48:09-03:00	1.97	1.84	0.12	58132	0	1	82142	36bfe40eed33c8b8cb491894acd6f63c05c13e0d7a15a6e6f7b9401246d94c6d
hetcap-az-realjun-folgada	first_fit	44	none	configs/scenarios/fase3/geo9hetcap_azure_realjun_folgada.yaml	2026-08-07T08:48:08-03:00	2026-08-07T08:48:09-03:00	1.70	1.58	0.11	63512	0	1	82155	36bfe40eed33c8b8cb491894acd6f63c05c13e0d7a15a6e6f7b9401246d94c6d
hetcap-az-realjun-folgada	first_fit	45	none	configs/scenarios/fase3/geo9hetcap_azure_realjun_folgada.yaml	2026-08-07T08:48:09-03:00	2026-08-07T08:48:11-03:00	1.69	1.55	0.12	71324	0	1	82179	36bfe40eed33c8b8cb491894acd6f63c05c13e0d7a15a6e6f7b9401246d94c6d
hetcap-az-realjun-folgada	first_fit	46	none	configs/scenarios/fase3/geo9hetcap_azure_realjun_folgada.yaml	2026-08-07T08:48:09-03:00	2026-08-07T08:48:11-03:00	1.66	1.55	0.10	61996	0	1	82203	36bfe40eed33c8b8cb491894acd6f63c05c13e0d7a15a6e6f7b9401246d94c6d
hetcap-az-realjun-folgada	first_fit	47	none	configs/scenarios/fase3/geo9hetcap_azure_realjun_folgada.yaml	2026-08-07T08:48:09-03:00	2026-08-07T08:48:11-03:00	1.81	1.68	0.12	61936	0	1	82216	36bfe40eed33c8b8cb491894acd6f63c05c13e0d7a15a6e6f7b9401246d94c6d
hetcap-az-realjun-folgada	first_fit	48	none	configs/scenarios/fase3/geo9hetcap_azure_realjun_folgada.yaml	2026-08-07T08:48:09-03:00	2026-08-07T08:48:11-03:00	1.77	1.62	0.12	65776	0	1	82239	36bfe40eed33c8b8cb491894acd6f63c05c13e0d7a15a6e6f7b9401246d94c6d
hetcap-az-realjun-folgada	first_fit	49	none	configs/scenarios/fase3/geo9hetcap_azure_realjun_folgada.yaml	2026-08-07T08:48:11-03:00	2026-08-07T08:48:12-03:00	1.60	1.48	0.11	71592	0	1	82252	36bfe40eed33c8b8cb491894acd6f63c05c13e0d7a15a6e6f7b9401246d94c6d
hetcap-az-realjun-folgada	first_fit	50	none	configs/scenarios/fase3/geo9hetcap_azure_realjun_folgada.yaml	2026-08-07T08:48:11-03:00	2026-08-07T08:48:13-03:00	1.64	1.53	0.10	58512	0	1	82275	36bfe40eed33c8b8cb491894acd6f63c05c13e0d7a15a6e6f7b9401246d94c6d
hetcap-az-realjun-folgada	first_fit	51	none	configs/scenarios/fase3/geo9hetcap_azure_realjun_folgada.yaml	2026-08-07T08:48:11-03:00	2026-08-07T08:48:12-03:00	1.34	1.24	0.08	72696	0	1	82288	36bfe40eed33c8b8cb491894acd6f63c05c13e0d7a15a6e6f7b9401246d94c6d
hetcap-az-realjun-folgada	follow_renewables	42	follow_renewables	configs/scenarios/fase3/geo9hetcap_azure_realjun_folgada.yaml	2026-08-07T08:48:21-03:00	2026-08-07T08:48:24-03:00	3.62	3.38	0.16	60840	0	1	83299	36bfe40eed33c8b8cb491894acd6f63c05c13e0d7a15a6e6f7b9401246d94c6d
hetcap-az-realjun-folgada	follow_renewables	43	follow_renewables	configs/scenarios/fase3/geo9hetcap_azure_realjun_folgada.yaml	2026-08-07T08:48:21-03:00	2026-08-07T08:48:24-03:00	3.80	3.65	0.14	59424	0	1	83308	36bfe40eed33c8b8cb491894acd6f63c05c13e0d7a15a6e6f7b9401246d94c6d
hetcap-az-realjun-folgada	follow_renewables	44	follow_renewables	configs/scenarios/fase3/geo9hetcap_azure_realjun_folgada.yaml	2026-08-07T08:48:21-03:00	2026-08-07T08:48:23-03:00	2.16	1.98	0.14	57968	0	1	83321	36bfe40eed33c8b8cb491894acd6f63c05c13e0d7a15a6e6f7b9401246d94c6d
hetcap-az-realjun-folgada	follow_renewables	45	follow_renewables	configs/scenarios/fase3/geo9hetcap_azure_realjun_folgada.yaml	2026-08-07T08:48:21-03:00	2026-08-07T08:48:26-03:00	4.29	4.10	0.14	59088	0	1	83348	36bfe40eed33c8b8cb491894acd6f63c05c13e0d7a15a6e6f7b9401246d94c6d
hetcap-az-realjun-folgada	follow_renewables	46	follow_renewables	configs/scenarios/fase3/geo9hetcap_azure_realjun_folgada.yaml	2026-08-07T08:48:21-03:00	2026-08-07T08:48:25-03:00	3.94	3.73	0.17	59732	0	1	83358	36bfe40eed33c8b8cb491894acd6f63c05c13e0d7a15a6e6f7b9401246d94c6d
hetcap-az-realjun-folgada	follow_renewables	47	follow_renewables	configs/scenarios/fase3/geo9hetcap_azure_realjun_folgada.yaml	2026-08-07T08:48:21-03:00	2026-08-07T08:48:24-03:00	2.93	2.71	0.19	61360	0	1	83370	36bfe40eed33c8b8cb491894acd6f63c05c13e0d7a15a6e6f7b9401246d94c6d
hetcap-az-realjun-folgada	follow_renewables	48	follow_renewables	configs/scenarios/fase3/geo9hetcap_azure_realjun_folgada.yaml	2026-08-07T08:48:22-03:00	2026-08-07T08:48:27-03:00	4.84	4.62	0.16	60220	0	1	83422	36bfe40eed33c8b8cb491894acd6f63c05c13e0d7a15a6e6f7b9401246d94c6d
hetcap-az-realjun-folgada	follow_renewables	49	follow_renewables	configs/scenarios/fase3/geo9hetcap_azure_realjun_folgada.yaml	2026-08-07T08:48:22-03:00	2026-08-07T08:48:26-03:00	4.00	3.78	0.14	60376	0	1	83435	36bfe40eed33c8b8cb491894acd6f63c05c13e0d7a15a6e6f7b9401246d94c6d
hetcap-az-realjun-folgada	follow_renewables	50	follow_renewables	configs/scenarios/fase3/geo9hetcap_azure_realjun_folgada.yaml	2026-08-07T08:48:22-03:00	2026-08-07T08:48:24-03:00	2.24	2.03	0.16	59564	0	1	83448	36bfe40eed33c8b8cb491894acd6f63c05c13e0d7a15a6e6f7b9401246d94c6d
hetcap-az-realjun-folgada	follow_renewables	51	follow_renewables	configs/scenarios/fase3/geo9hetcap_azure_realjun_folgada.yaml	2026-08-07T08:48:22-03:00	2026-08-07T08:48:26-03:00	4.19	3.99	0.15	59980	0	1	83461	36bfe40eed33c8b8cb491894acd6f63c05c13e0d7a15a6e6f7b9401246d94c6d
hetcap-az-realjun-folgada	followme_s	42	followme_s	configs/scenarios/fase3/geo9hetcap_azure_realjun_folgada.yaml	2026-08-07T08:48:24-03:00	2026-08-07T08:48:30-03:00	5.87	5.64	0.17	51484	0	1	83650	36bfe40eed33c8b8cb491894acd6f63c05c13e0d7a15a6e6f7b9401246d94c6d
hetcap-az-realjun-folgada	followme_s	43	followme_s	configs/scenarios/fase3/geo9hetcap_azure_realjun_folgada.yaml	2026-08-07T08:48:24-03:00	2026-08-07T08:48:28-03:00	4.00	3.82	0.16	51964	0	1	83663	36bfe40eed33c8b8cb491894acd6f63c05c13e0d7a15a6e6f7b9401246d94c6d
hetcap-az-realjun-folgada	followme_s	44	followme_s	configs/scenarios/fase3/geo9hetcap_azure_realjun_folgada.yaml	2026-08-07T08:48:24-03:00	2026-08-07T08:48:27-03:00	2.68	2.51	0.16	52132	0	1	83676	36bfe40eed33c8b8cb491894acd6f63c05c13e0d7a15a6e6f7b9401246d94c6d
hetcap-az-realjun-folgada	followme_s	45	followme_s	configs/scenarios/fase3/geo9hetcap_azure_realjun_folgada.yaml	2026-08-07T08:48:24-03:00	2026-08-07T08:48:29-03:00	4.36	4.17	0.17	52224	0	1	83689	36bfe40eed33c8b8cb491894acd6f63c05c13e0d7a15a6e6f7b9401246d94c6d
hetcap-az-realjun-folgada	followme_s	46	followme_s	configs/scenarios/fase3/geo9hetcap_azure_realjun_folgada.yaml	2026-08-07T08:48:25-03:00	2026-08-07T08:48:31-03:00	5.94	5.76	0.15	52428	0	1	83702	36bfe40eed33c8b8cb491894acd6f63c05c13e0d7a15a6e6f7b9401246d94c6d
hetcap-az-realjun-folgada	followme_s	47	followme_s	configs/scenarios/fase3/geo9hetcap_azure_realjun_folgada.yaml	2026-08-07T08:48:26-03:00	2026-08-07T08:48:31-03:00	5.42	5.22	0.17	52364	0	1	83736	36bfe40eed33c8b8cb491894acd6f63c05c13e0d7a15a6e6f7b9401246d94c6d
hetcap-az-realjun-folgada	followme_s	48	followme_s	configs/scenarios/fase3/geo9hetcap_azure_realjun_folgada.yaml	2026-08-07T08:48:26-03:00	2026-08-07T08:48:31-03:00	4.89	4.72	0.13	52020	0	1	83767	36bfe40eed33c8b8cb491894acd6f63c05c13e0d7a15a6e6f7b9401246d94c6d
hetcap-az-realjun-folgada	followme_s	49	followme_s	configs/scenarios/fase3/geo9hetcap_azure_realjun_folgada.yaml	2026-08-07T08:48:26-03:00	2026-08-07T08:48:31-03:00	4.87	4.70	0.15	52932	0	1	83768	36bfe40eed33c8b8cb491894acd6f63c05c13e0d7a15a6e6f7b9401246d94c6d
hetcap-az-realjun-folgada	followme_s	50	followme_s	configs/scenarios/fase3/geo9hetcap_azure_realjun_folgada.yaml	2026-08-07T08:48:26-03:00	2026-08-07T08:48:30-03:00	3.95	3.75	0.15	51244	0	1	83785	36bfe40eed33c8b8cb491894acd6f63c05c13e0d7a15a6e6f7b9401246d94c6d
hetcap-az-realjun-folgada	followme_s	51	followme_s	configs/scenarios/fase3/geo9hetcap_azure_realjun_folgada.yaml	2026-08-07T08:48:26-03:00	2026-08-07T08:48:31-03:00	5.03	4.74	0.18	51068	0	1	83798	36bfe40eed33c8b8cb491894acd6f63c05c13e0d7a15a6e6f7b9401246d94c6d
hetcap-az-realjun-folgada	lowest_carbon_dc	42	none	configs/scenarios/fase3/geo9hetcap_azure_realjun_folgada.yaml	2026-08-07T08:48:19-03:00	2026-08-07T08:48:21-03:00	1.73	1.60	0.12	58128	0	1	83155	36bfe40eed33c8b8cb491894acd6f63c05c13e0d7a15a6e6f7b9401246d94c6d
hetcap-az-realjun-folgada	lowest_carbon_dc	43	none	configs/scenarios/fase3/geo9hetcap_azure_realjun_folgada.yaml	2026-08-07T08:48:20-03:00	2026-08-07T08:48:21-03:00	1.66	1.50	0.12	57900	0	1	83168	36bfe40eed33c8b8cb491894acd6f63c05c13e0d7a15a6e6f7b9401246d94c6d
hetcap-az-realjun-folgada	lowest_carbon_dc	44	none	configs/scenarios/fase3/geo9hetcap_azure_realjun_folgada.yaml	2026-08-07T08:48:20-03:00	2026-08-07T08:48:22-03:00	2.01	1.85	0.12	57332	0	1	83195	36bfe40eed33c8b8cb491894acd6f63c05c13e0d7a15a6e6f7b9401246d94c6d
hetcap-az-realjun-folgada	lowest_carbon_dc	45	none	configs/scenarios/fase3/geo9hetcap_azure_realjun_folgada.yaml	2026-08-07T08:48:20-03:00	2026-08-07T08:48:22-03:00	1.67	1.52	0.13	58356	0	1	83204	36bfe40eed33c8b8cb491894acd6f63c05c13e0d7a15a6e6f7b9401246d94c6d
hetcap-az-realjun-folgada	lowest_carbon_dc	46	none	configs/scenarios/fase3/geo9hetcap_azure_realjun_folgada.yaml	2026-08-07T08:48:20-03:00	2026-08-07T08:48:22-03:00	1.67	1.56	0.10	58544	0	1	83220	36bfe40eed33c8b8cb491894acd6f63c05c13e0d7a15a6e6f7b9401246d94c6d
hetcap-az-realjun-folgada	lowest_carbon_dc	47	none	configs/scenarios/fase3/geo9hetcap_azure_realjun_folgada.yaml	2026-08-07T08:48:20-03:00	2026-08-07T08:48:22-03:00	1.91	1.77	0.13	58368	0	1	83230	36bfe40eed33c8b8cb491894acd6f63c05c13e0d7a15a6e6f7b9401246d94c6d
hetcap-az-realjun-folgada	lowest_carbon_dc	48	none	configs/scenarios/fase3/geo9hetcap_azure_realjun_folgada.yaml	2026-08-07T08:48:20-03:00	2026-08-07T08:48:22-03:00	1.89	1.78	0.11	57684	0	1	83243	36bfe40eed33c8b8cb491894acd6f63c05c13e0d7a15a6e6f7b9401246d94c6d
hetcap-az-realjun-folgada	lowest_carbon_dc	49	none	configs/scenarios/fase3/geo9hetcap_azure_realjun_folgada.yaml	2026-08-07T08:48:20-03:00	2026-08-07T08:48:22-03:00	1.96	1.82	0.13	58156	0	1	83256	36bfe40eed33c8b8cb491894acd6f63c05c13e0d7a15a6e6f7b9401246d94c6d
hetcap-az-realjun-folgada	lowest_carbon_dc	50	none	configs/scenarios/fase3/geo9hetcap_azure_realjun_folgada.yaml	2026-08-07T08:48:20-03:00	2026-08-07T08:48:23-03:00	2.01	1.87	0.11	58292	0	1	83269	36bfe40eed33c8b8cb491894acd6f63c05c13e0d7a15a6e6f7b9401246d94c6d
hetcap-az-realjun-folgada	lowest_carbon_dc	51	none	configs/scenarios/fase3/geo9hetcap_azure_realjun_folgada.yaml	2026-08-07T08:48:21-03:00	2026-08-07T08:48:22-03:00	1.65	1.49	0.13	58468	0	1	83282	36bfe40eed33c8b8cb491894acd6f63c05c13e0d7a15a6e6f7b9401246d94c6d
hetcap-az-realjun-folgada	round_robin	42	none	configs/scenarios/fase3/geo9hetcap_azure_realjun_folgada.yaml	2026-08-07T08:48:15-03:00	2026-08-07T08:48:17-03:00	1.68	1.55	0.11	59328	0	1	82667	36bfe40eed33c8b8cb491894acd6f63c05c13e0d7a15a6e6f7b9401246d94c6d
hetcap-az-realjun-folgada	round_robin	43	none	configs/scenarios/fase3/geo9hetcap_azure_realjun_folgada.yaml	2026-08-07T08:48:15-03:00	2026-08-07T08:48:17-03:00	1.77	1.64	0.10	59048	0	1	82683	36bfe40eed33c8b8cb491894acd6f63c05c13e0d7a15a6e6f7b9401246d94c6d
hetcap-az-realjun-folgada	round_robin	44	none	configs/scenarios/fase3/geo9hetcap_azure_realjun_folgada.yaml	2026-08-07T08:48:16-03:00	2026-08-07T08:48:18-03:00	1.84	1.68	0.13	59276	0	1	82706	36bfe40eed33c8b8cb491894acd6f63c05c13e0d7a15a6e6f7b9401246d94c6d
hetcap-az-realjun-folgada	round_robin	45	none	configs/scenarios/fase3/geo9hetcap_azure_realjun_folgada.yaml	2026-08-07T08:48:16-03:00	2026-08-07T08:48:18-03:00	1.89	1.74	0.11	59412	0	1	82719	36bfe40eed33c8b8cb491894acd6f63c05c13e0d7a15a6e6f7b9401246d94c6d
hetcap-az-realjun-folgada	round_robin	46	none	configs/scenarios/fase3/geo9hetcap_azure_realjun_folgada.yaml	2026-08-07T08:48:16-03:00	2026-08-07T08:48:18-03:00	1.89	1.79	0.09	59828	0	1	82732	36bfe40eed33c8b8cb491894acd6f63c05c13e0d7a15a6e6f7b9401246d94c6d
hetcap-az-realjun-folgada	round_robin	47	none	configs/scenarios/fase3/geo9hetcap_azure_realjun_folgada.yaml	2026-08-07T08:48:16-03:00	2026-08-07T08:48:18-03:00	2.08	1.92	0.13	59648	0	1	82745	36bfe40eed33c8b8cb491894acd6f63c05c13e0d7a15a6e6f7b9401246d94c6d
hetcap-az-realjun-folgada	round_robin	48	none	configs/scenarios/fase3/geo9hetcap_azure_realjun_folgada.yaml	2026-08-07T08:48:16-03:00	2026-08-07T08:48:18-03:00	1.94	1.82	0.10	58564	0	1	82758	36bfe40eed33c8b8cb491894acd6f63c05c13e0d7a15a6e6f7b9401246d94c6d
hetcap-az-realjun-folgada	round_robin	49	none	configs/scenarios/fase3/geo9hetcap_azure_realjun_folgada.yaml	2026-08-07T08:48:16-03:00	2026-08-07T08:48:19-03:00	2.23	2.05	0.12	59468	0	1	82771	36bfe40eed33c8b8cb491894acd6f63c05c13e0d7a15a6e6f7b9401246d94c6d
hetcap-az-realjun-folgada	round_robin	50	none	configs/scenarios/fase3/geo9hetcap_azure_realjun_folgada.yaml	2026-08-07T08:48:17-03:00	2026-08-07T08:48:18-03:00	1.88	1.71	0.13	59196	0	1	82803	36bfe40eed33c8b8cb491894acd6f63c05c13e0d7a15a6e6f7b9401246d94c6d
hetcap-az-realjun-folgada	round_robin	51	none	configs/scenarios/fase3/geo9hetcap_azure_realjun_folgada.yaml	2026-08-07T08:48:17-03:00	2026-08-07T08:48:19-03:00	1.97	1.84	0.11	59464	0	1	82817	36bfe40eed33c8b8cb491894acd6f63c05c13e0d7a15a6e6f7b9401246d94c6d
hetcap-az-realjun-folgada	worst_fit	42	none	configs/scenarios/fase3/geo9hetcap_azure_realjun_folgada.yaml	2026-08-07T08:48:14-03:00	2026-08-07T08:48:15-03:00	1.57	1.40	0.13	58128	0	1	82498	36bfe40eed33c8b8cb491894acd6f63c05c13e0d7a15a6e6f7b9401246d94c6d
hetcap-az-realjun-folgada	worst_fit	43	none	configs/scenarios/fase3/geo9hetcap_azure_realjun_folgada.yaml	2026-08-07T08:48:14-03:00	2026-08-07T08:48:16-03:00	1.73	1.60	0.11	57648	0	1	82511	36bfe40eed33c8b8cb491894acd6f63c05c13e0d7a15a6e6f7b9401246d94c6d
hetcap-az-realjun-folgada	worst_fit	44	none	configs/scenarios/fase3/geo9hetcap_azure_realjun_folgada.yaml	2026-08-07T08:48:14-03:00	2026-08-07T08:48:16-03:00	1.74	1.62	0.11	57700	0	1	82524	36bfe40eed33c8b8cb491894acd6f63c05c13e0d7a15a6e6f7b9401246d94c6d
hetcap-az-realjun-folgada	worst_fit	45	none	configs/scenarios/fase3/geo9hetcap_azure_realjun_folgada.yaml	2026-08-07T08:48:14-03:00	2026-08-07T08:48:16-03:00	1.84	1.71	0.11	58040	0	1	82542	36bfe40eed33c8b8cb491894acd6f63c05c13e0d7a15a6e6f7b9401246d94c6d
hetcap-az-realjun-folgada	worst_fit	46	none	configs/scenarios/fase3/geo9hetcap_azure_realjun_folgada.yaml	2026-08-07T08:48:14-03:00	2026-08-07T08:48:16-03:00	2.05	1.87	0.13	58472	0	1	82548	36bfe40eed33c8b8cb491894acd6f63c05c13e0d7a15a6e6f7b9401246d94c6d
hetcap-az-realjun-folgada	worst_fit	47	none	configs/scenarios/fase3/geo9hetcap_azure_realjun_folgada.yaml	2026-08-07T08:48:15-03:00	2026-08-07T08:48:16-03:00	1.50	1.35	0.09	58152	0	1	82585	36bfe40eed33c8b8cb491894acd6f63c05c13e0d7a15a6e6f7b9401246d94c6d
hetcap-az-realjun-folgada	worst_fit	48	none	configs/scenarios/fase3/geo9hetcap_azure_realjun_folgada.yaml	2026-08-07T08:48:15-03:00	2026-08-07T08:48:16-03:00	1.76	1.62	0.11	57608	0	1	82598	36bfe40eed33c8b8cb491894acd6f63c05c13e0d7a15a6e6f7b9401246d94c6d
hetcap-az-realjun-folgada	worst_fit	49	none	configs/scenarios/fase3/geo9hetcap_azure_realjun_folgada.yaml	2026-08-07T08:48:15-03:00	2026-08-07T08:48:17-03:00	1.70	1.57	0.12	58036	0	1	82611	36bfe40eed33c8b8cb491894acd6f63c05c13e0d7a15a6e6f7b9401246d94c6d
hetcap-az-realjun-folgada	worst_fit	50	none	configs/scenarios/fase3/geo9hetcap_azure_realjun_folgada.yaml	2026-08-07T08:48:15-03:00	2026-08-07T08:48:17-03:00	1.52	1.39	0.10	58044	0	1	82634	36bfe40eed33c8b8cb491894acd6f63c05c13e0d7a15a6e6f7b9401246d94c6d
hetcap-az-realjun-folgada	worst_fit	51	none	configs/scenarios/fase3/geo9hetcap_azure_realjun_folgada.yaml	2026-08-07T08:48:15-03:00	2026-08-07T08:48:17-03:00	1.69	1.55	0.13	58616	0	1	82647	36bfe40eed33c8b8cb491894acd6f63c05c13e0d7a15a6e6f7b9401246d94c6d
hetcap-az-realjun-folgada	wsnb	42	none	configs/scenarios/fase3/geo9hetcap_azure_realjun_folgada.yaml	2026-08-07T08:48:22-03:00	2026-08-07T08:48:24-03:00	2.18	2.04	0.13	72196	0	1	83474	36bfe40eed33c8b8cb491894acd6f63c05c13e0d7a15a6e6f7b9401246d94c6d
hetcap-az-realjun-folgada	wsnb	43	none	configs/scenarios/fase3/geo9hetcap_azure_realjun_folgada.yaml	2026-08-07T08:48:22-03:00	2026-08-07T08:48:24-03:00	1.98	1.84	0.11	61840	0	1	83487	36bfe40eed33c8b8cb491894acd6f63c05c13e0d7a15a6e6f7b9401246d94c6d
hetcap-az-realjun-folgada	wsnb	44	none	configs/scenarios/fase3/geo9hetcap_azure_realjun_folgada.yaml	2026-08-07T08:48:22-03:00	2026-08-07T08:48:24-03:00	1.72	1.54	0.11	57936	0	1	83500	36bfe40eed33c8b8cb491894acd6f63c05c13e0d7a15a6e6f7b9401246d94c6d
hetcap-az-realjun-folgada	wsnb	45	none	configs/scenarios/fase3/geo9hetcap_azure_realjun_folgada.yaml	2026-08-07T08:48:23-03:00	2026-08-07T08:48:24-03:00	1.94	1.79	0.12	64816	0	1	83513	36bfe40eed33c8b8cb491894acd6f63c05c13e0d7a15a6e6f7b9401246d94c6d
hetcap-az-realjun-folgada	wsnb	46	none	configs/scenarios/fase3/geo9hetcap_azure_realjun_folgada.yaml	2026-08-07T08:48:23-03:00	2026-08-07T08:48:24-03:00	1.52	1.38	0.11	58684	0	1	83526	36bfe40eed33c8b8cb491894acd6f63c05c13e0d7a15a6e6f7b9401246d94c6d
hetcap-az-realjun-folgada	wsnb	47	none	configs/scenarios/fase3/geo9hetcap_azure_realjun_folgada.yaml	2026-08-07T08:48:24-03:00	2026-08-07T08:48:26-03:00	1.69	1.54	0.12	60252	0	1	83585	36bfe40eed33c8b8cb491894acd6f63c05c13e0d7a15a6e6f7b9401246d94c6d
hetcap-az-realjun-folgada	wsnb	48	none	configs/scenarios/fase3/geo9hetcap_azure_realjun_folgada.yaml	2026-08-07T08:48:24-03:00	2026-08-07T08:48:26-03:00	1.85	1.72	0.11	64060	0	1	83598	36bfe40eed33c8b8cb491894acd6f63c05c13e0d7a15a6e6f7b9401246d94c6d
hetcap-az-realjun-folgada	wsnb	49	none	configs/scenarios/fase3/geo9hetcap_azure_realjun_folgada.yaml	2026-08-07T08:48:24-03:00	2026-08-07T08:48:26-03:00	1.77	1.62	0.11	63028	0	1	83619	36bfe40eed33c8b8cb491894acd6f63c05c13e0d7a15a6e6f7b9401246d94c6d
hetcap-az-realjun-folgada	wsnb	50	none	configs/scenarios/fase3/geo9hetcap_azure_realjun_folgada.yaml	2026-08-07T08:48:24-03:00	2026-08-07T08:48:26-03:00	2.16	2.02	0.13	60444	0	1	83620	36bfe40eed33c8b8cb491894acd6f63c05c13e0d7a15a6e6f7b9401246d94c6d
hetcap-az-realjun-folgada	wsnb	51	none	configs/scenarios/fase3/geo9hetcap_azure_realjun_folgada.yaml	2026-08-07T08:48:24-03:00	2026-08-07T08:48:26-03:00	2.01	1.86	0.13	72936	0	1	83637	36bfe40eed33c8b8cb491894acd6f63c05c13e0d7a15a6e6f7b9401246d94c6d
net100-az-anticorr-folgada	best_fit	42	none	configs/scenarios/fase2/geo9_azure_anticorr_folgada_net100.yaml	2026-08-07T08:44:12-03:00	2026-08-07T08:44:14-03:00	1.64	1.53	0.10	43832	0	1	71658	36bfe40eed33c8b8cb491894acd6f63c05c13e0d7a15a6e6f7b9401246d94c6d
net100-az-anticorr-folgada	best_fit	43	none	configs/scenarios/fase2/geo9_azure_anticorr_folgada_net100.yaml	2026-08-07T08:44:12-03:00	2026-08-07T08:44:14-03:00	1.65	1.49	0.12	43860	0	1	71671	36bfe40eed33c8b8cb491894acd6f63c05c13e0d7a15a6e6f7b9401246d94c6d
net100-az-anticorr-folgada	best_fit	44	none	configs/scenarios/fase2/geo9_azure_anticorr_folgada_net100.yaml	2026-08-07T08:44:13-03:00	2026-08-07T08:44:14-03:00	1.72	1.60	0.10	43656	0	1	71702	36bfe40eed33c8b8cb491894acd6f63c05c13e0d7a15a6e6f7b9401246d94c6d
net100-az-anticorr-folgada	best_fit	45	none	configs/scenarios/fase2/geo9_azure_anticorr_folgada_net100.yaml	2026-08-07T08:44:13-03:00	2026-08-07T08:44:15-03:00	1.87	1.74	0.09	43548	0	1	71725	36bfe40eed33c8b8cb491894acd6f63c05c13e0d7a15a6e6f7b9401246d94c6d
net100-az-anticorr-folgada	best_fit	46	none	configs/scenarios/fase2/geo9_azure_anticorr_folgada_net100.yaml	2026-08-07T08:44:13-03:00	2026-08-07T08:44:15-03:00	1.61	1.50	0.09	43660	0	1	71741	36bfe40eed33c8b8cb491894acd6f63c05c13e0d7a15a6e6f7b9401246d94c6d
net100-az-anticorr-folgada	best_fit	47	none	configs/scenarios/fase2/geo9_azure_anticorr_folgada_net100.yaml	2026-08-07T08:44:13-03:00	2026-08-07T08:44:15-03:00	1.49	1.37	0.10	43652	0	1	71751	36bfe40eed33c8b8cb491894acd6f63c05c13e0d7a15a6e6f7b9401246d94c6d
net100-az-anticorr-folgada	best_fit	48	none	configs/scenarios/fase2/geo9_azure_anticorr_folgada_net100.yaml	2026-08-07T08:44:13-03:00	2026-08-07T08:44:15-03:00	1.92	1.78	0.11	43844	0	1	71769	36bfe40eed33c8b8cb491894acd6f63c05c13e0d7a15a6e6f7b9401246d94c6d
net100-az-anticorr-folgada	best_fit	49	none	configs/scenarios/fase2/geo9_azure_anticorr_folgada_net100.yaml	2026-08-07T08:44:13-03:00	2026-08-07T08:44:15-03:00	1.85	1.71	0.11	43616	0	1	71778	36bfe40eed33c8b8cb491894acd6f63c05c13e0d7a15a6e6f7b9401246d94c6d
net100-az-anticorr-folgada	best_fit	50	none	configs/scenarios/fase2/geo9_azure_anticorr_folgada_net100.yaml	2026-08-07T08:44:13-03:00	2026-08-07T08:44:15-03:00	1.91	1.79	0.10	43708	0	1	71790	36bfe40eed33c8b8cb491894acd6f63c05c13e0d7a15a6e6f7b9401246d94c6d
net100-az-anticorr-folgada	best_fit	51	none	configs/scenarios/fase2/geo9_azure_anticorr_folgada_net100.yaml	2026-08-07T08:44:13-03:00	2026-08-07T08:44:15-03:00	1.85	1.66	0.11	43664	0	1	71803	36bfe40eed33c8b8cb491894acd6f63c05c13e0d7a15a6e6f7b9401246d94c6d
net100-az-anticorr-folgada	bfd	42	none	configs/scenarios/fase2/geo9_azure_anticorr_folgada_net100.yaml	2026-08-07T08:44:17-03:00	2026-08-07T08:44:19-03:00	1.77	1.64	0.10	43168	0	1	72296	36bfe40eed33c8b8cb491894acd6f63c05c13e0d7a15a6e6f7b9401246d94c6d
net100-az-anticorr-folgada	bfd	43	none	configs/scenarios/fase2/geo9_azure_anticorr_folgada_net100.yaml	2026-08-07T08:44:18-03:00	2026-08-07T08:44:19-03:00	1.74	1.62	0.11	43100	0	1	72314	36bfe40eed33c8b8cb491894acd6f63c05c13e0d7a15a6e6f7b9401246d94c6d
net100-az-anticorr-folgada	bfd	44	none	configs/scenarios/fase2/geo9_azure_anticorr_folgada_net100.yaml	2026-08-07T08:44:18-03:00	2026-08-07T08:44:19-03:00	1.70	1.58	0.10	43516	0	1	72322	36bfe40eed33c8b8cb491894acd6f63c05c13e0d7a15a6e6f7b9401246d94c6d
net100-az-anticorr-folgada	bfd	45	none	configs/scenarios/fase2/geo9_azure_anticorr_folgada_net100.yaml	2026-08-07T08:44:18-03:00	2026-08-07T08:44:19-03:00	1.85	1.70	0.10	43488	0	1	72335	36bfe40eed33c8b8cb491894acd6f63c05c13e0d7a15a6e6f7b9401246d94c6d
net100-az-anticorr-folgada	bfd	46	none	configs/scenarios/fase2/geo9_azure_anticorr_folgada_net100.yaml	2026-08-07T08:44:18-03:00	2026-08-07T08:44:19-03:00	1.26	1.15	0.11	58044	0	1	72359	36bfe40eed33c8b8cb491894acd6f63c05c13e0d7a15a6e6f7b9401246d94c6d
net100-az-anticorr-folgada	bfd	47	none	configs/scenarios/fase2/geo9_azure_anticorr_folgada_net100.yaml	2026-08-07T08:44:18-03:00	2026-08-07T08:44:20-03:00	1.59	1.48	0.10	58420	0	1	72372	36bfe40eed33c8b8cb491894acd6f63c05c13e0d7a15a6e6f7b9401246d94c6d
net100-az-anticorr-folgada	bfd	48	none	configs/scenarios/fase2/geo9_azure_anticorr_folgada_net100.yaml	2026-08-07T08:44:18-03:00	2026-08-07T08:44:20-03:00	1.61	1.48	0.11	43572	0	1	72385	36bfe40eed33c8b8cb491894acd6f63c05c13e0d7a15a6e6f7b9401246d94c6d
net100-az-anticorr-folgada	bfd	49	none	configs/scenarios/fase2/geo9_azure_anticorr_folgada_net100.yaml	2026-08-07T08:44:19-03:00	2026-08-07T08:44:21-03:00	2.03	1.90	0.10	43532	0	1	72419	36bfe40eed33c8b8cb491894acd6f63c05c13e0d7a15a6e6f7b9401246d94c6d
net100-az-anticorr-folgada	bfd	50	none	configs/scenarios/fase2/geo9_azure_anticorr_folgada_net100.yaml	2026-08-07T08:44:19-03:00	2026-08-07T08:44:21-03:00	1.94	1.82	0.11	57484	0	1	72432	36bfe40eed33c8b8cb491894acd6f63c05c13e0d7a15a6e6f7b9401246d94c6d
net100-az-anticorr-folgada	bfd	51	none	configs/scenarios/fase2/geo9_azure_anticorr_folgada_net100.yaml	2026-08-07T08:44:19-03:00	2026-08-07T08:44:21-03:00	1.99	1.87	0.12	58060	0	1	72445	36bfe40eed33c8b8cb491894acd6f63c05c13e0d7a15a6e6f7b9401246d94c6d
net100-az-anticorr-folgada	cnemesis	42	cnemesis	configs/scenarios/fase2/geo9_azure_anticorr_folgada_net100.yaml	2026-08-07T08:44:24-03:00	2026-08-07T08:44:26-03:00	2.03	1.87	0.12	46724	0	1	73082	36bfe40eed33c8b8cb491894acd6f63c05c13e0d7a15a6e6f7b9401246d94c6d
net100-az-anticorr-folgada	cnemesis	43	cnemesis	configs/scenarios/fase2/geo9_azure_anticorr_folgada_net100.yaml	2026-08-07T08:44:24-03:00	2026-08-07T08:44:26-03:00	1.49	1.39	0.09	46704	0	1	73099	36bfe40eed33c8b8cb491894acd6f63c05c13e0d7a15a6e6f7b9401246d94c6d
net100-az-anticorr-folgada	cnemesis	44	cnemesis	configs/scenarios/fase2/geo9_azure_anticorr_folgada_net100.yaml	2026-08-07T08:44:24-03:00	2026-08-07T08:44:26-03:00	1.91	1.76	0.14	46660	0	1	73112	36bfe40eed33c8b8cb491894acd6f63c05c13e0d7a15a6e6f7b9401246d94c6d
net100-az-anticorr-folgada	cnemesis	45	cnemesis	configs/scenarios/fase2/geo9_azure_anticorr_folgada_net100.yaml	2026-08-07T08:44:25-03:00	2026-08-07T08:44:27-03:00	2.17	2.03	0.12	47080	0	1	73125	36bfe40eed33c8b8cb491894acd6f63c05c13e0d7a15a6e6f7b9401246d94c6d
net100-az-anticorr-folgada	cnemesis	46	cnemesis	configs/scenarios/fase2/geo9_azure_anticorr_folgada_net100.yaml	2026-08-07T08:44:25-03:00	2026-08-07T08:44:27-03:00	2.06	1.93	0.13	47068	0	1	73138	36bfe40eed33c8b8cb491894acd6f63c05c13e0d7a15a6e6f7b9401246d94c6d
net100-az-anticorr-folgada	cnemesis	47	cnemesis	configs/scenarios/fase2/geo9_azure_anticorr_folgada_net100.yaml	2026-08-07T08:44:25-03:00	2026-08-07T08:44:27-03:00	1.90	1.77	0.11	46864	0	1	73151	36bfe40eed33c8b8cb491894acd6f63c05c13e0d7a15a6e6f7b9401246d94c6d
net100-az-anticorr-folgada	cnemesis	48	cnemesis	configs/scenarios/fase2/geo9_azure_anticorr_folgada_net100.yaml	2026-08-07T08:44:25-03:00	2026-08-07T08:44:27-03:00	2.01	1.87	0.12	46908	0	1	73171	36bfe40eed33c8b8cb491894acd6f63c05c13e0d7a15a6e6f7b9401246d94c6d
net100-az-anticorr-folgada	cnemesis	49	cnemesis	configs/scenarios/fase2/geo9_azure_anticorr_folgada_net100.yaml	2026-08-07T08:44:25-03:00	2026-08-07T08:44:27-03:00	1.85	1.71	0.13	46912	0	1	73175	36bfe40eed33c8b8cb491894acd6f63c05c13e0d7a15a6e6f7b9401246d94c6d
net100-az-anticorr-folgada	cnemesis	50	cnemesis	configs/scenarios/fase2/geo9_azure_anticorr_folgada_net100.yaml	2026-08-07T08:44:25-03:00	2026-08-07T08:44:27-03:00	2.16	1.99	0.14	46924	0	1	73190	36bfe40eed33c8b8cb491894acd6f63c05c13e0d7a15a6e6f7b9401246d94c6d
net100-az-anticorr-folgada	cnemesis	51	cnemesis	configs/scenarios/fase2/geo9_azure_anticorr_folgada_net100.yaml	2026-08-07T08:44:25-03:00	2026-08-07T08:44:27-03:00	1.97	1.82	0.12	46636	0	1	73223	36bfe40eed33c8b8cb491894acd6f63c05c13e0d7a15a6e6f7b9401246d94c6d
net100-az-anticorr-folgada	ffd	42	none	configs/scenarios/fase2/geo9_azure_anticorr_folgada_net100.yaml	2026-08-07T08:44:16-03:00	2026-08-07T08:44:18-03:00	1.62	1.49	0.11	57596	0	1	72135	36bfe40eed33c8b8cb491894acd6f63c05c13e0d7a15a6e6f7b9401246d94c6d
net100-az-anticorr-folgada	ffd	43	none	configs/scenarios/fase2/geo9_azure_anticorr_folgada_net100.yaml	2026-08-07T08:44:17-03:00	2026-08-07T08:44:18-03:00	1.71	1.58	0.11	57324	0	1	72156	36bfe40eed33c8b8cb491894acd6f63c05c13e0d7a15a6e6f7b9401246d94c6d
net100-az-anticorr-folgada	ffd	44	none	configs/scenarios/fase2/geo9_azure_anticorr_folgada_net100.yaml	2026-08-07T08:44:17-03:00	2026-08-07T08:44:18-03:00	1.56	1.45	0.10	57200	0	1	72158	36bfe40eed33c8b8cb491894acd6f63c05c13e0d7a15a6e6f7b9401246d94c6d
net100-az-anticorr-folgada	ffd	45	none	configs/scenarios/fase2/geo9_azure_anticorr_folgada_net100.yaml	2026-08-07T08:44:17-03:00	2026-08-07T08:44:19-03:00	1.82	1.68	0.10	57520	0	1	72174	36bfe40eed33c8b8cb491894acd6f63c05c13e0d7a15a6e6f7b9401246d94c6d
net100-az-anticorr-folgada	ffd	46	none	configs/scenarios/fase2/geo9_azure_anticorr_folgada_net100.yaml	2026-08-07T08:44:17-03:00	2026-08-07T08:44:19-03:00	1.97	1.79	0.13	58040	0	1	72199	36bfe40eed33c8b8cb491894acd6f63c05c13e0d7a15a6e6f7b9401246d94c6d
net100-az-anticorr-folgada	ffd	47	none	configs/scenarios/fase2/geo9_azure_anticorr_folgada_net100.yaml	2026-08-07T08:44:17-03:00	2026-08-07T08:44:19-03:00	1.66	1.54	0.11	57792	0	1	72221	36bfe40eed33c8b8cb491894acd6f63c05c13e0d7a15a6e6f7b9401246d94c6d
net100-az-anticorr-folgada	ffd	48	none	configs/scenarios/fase2/geo9_azure_anticorr_folgada_net100.yaml	2026-08-07T08:44:17-03:00	2026-08-07T08:44:19-03:00	1.71	1.59	0.11	57364	0	1	72234	36bfe40eed33c8b8cb491894acd6f63c05c13e0d7a15a6e6f7b9401246d94c6d
net100-az-anticorr-folgada	ffd	49	none	configs/scenarios/fase2/geo9_azure_anticorr_folgada_net100.yaml	2026-08-07T08:44:17-03:00	2026-08-07T08:44:19-03:00	1.72	1.54	0.11	57224	0	1	72247	36bfe40eed33c8b8cb491894acd6f63c05c13e0d7a15a6e6f7b9401246d94c6d
net100-az-anticorr-folgada	ffd	50	none	configs/scenarios/fase2/geo9_azure_anticorr_folgada_net100.yaml	2026-08-07T08:44:17-03:00	2026-08-07T08:44:19-03:00	1.67	1.54	0.10	57464	0	1	72268	36bfe40eed33c8b8cb491894acd6f63c05c13e0d7a15a6e6f7b9401246d94c6d
net100-az-anticorr-folgada	ffd	51	none	configs/scenarios/fase2/geo9_azure_anticorr_folgada_net100.yaml	2026-08-07T08:44:17-03:00	2026-08-07T08:44:19-03:00	1.58	1.43	0.11	57848	0	1	72269	36bfe40eed33c8b8cb491894acd6f63c05c13e0d7a15a6e6f7b9401246d94c6d
net100-az-anticorr-folgada	first_fit	42	none	configs/scenarios/fase2/geo9_azure_anticorr_folgada_net100.yaml	2026-08-07T08:44:11-03:00	2026-08-07T08:44:13-03:00	1.97	1.79	0.13	57876	0	1	71517	36bfe40eed33c8b8cb491894acd6f63c05c13e0d7a15a6e6f7b9401246d94c6d
net100-az-anticorr-folgada	first_fit	43	none	configs/scenarios/fase2/geo9_azure_anticorr_folgada_net100.yaml	2026-08-07T08:44:11-03:00	2026-08-07T08:44:13-03:00	1.75	1.64	0.09	57400	0	1	71530	36bfe40eed33c8b8cb491894acd6f63c05c13e0d7a15a6e6f7b9401246d94c6d
net100-az-anticorr-folgada	first_fit	44	none	configs/scenarios/fase2/geo9_azure_anticorr_folgada_net100.yaml	2026-08-07T08:44:11-03:00	2026-08-07T08:44:13-03:00	1.79	1.66	0.12	57400	0	1	71543	36bfe40eed33c8b8cb491894acd6f63c05c13e0d7a15a6e6f7b9401246d94c6d
net100-az-anticorr-folgada	first_fit	45	none	configs/scenarios/fase2/geo9_azure_anticorr_folgada_net100.yaml	2026-08-07T08:44:11-03:00	2026-08-07T08:44:13-03:00	1.68	1.52	0.11	57800	0	1	71556	36bfe40eed33c8b8cb491894acd6f63c05c13e0d7a15a6e6f7b9401246d94c6d
net100-az-anticorr-folgada	first_fit	46	none	configs/scenarios/fase2/geo9_azure_anticorr_folgada_net100.yaml	2026-08-07T08:44:11-03:00	2026-08-07T08:44:13-03:00	1.74	1.62	0.11	58328	0	1	71569	36bfe40eed33c8b8cb491894acd6f63c05c13e0d7a15a6e6f7b9401246d94c6d
net100-az-anticorr-folgada	first_fit	47	none	configs/scenarios/fase2/geo9_azure_anticorr_folgada_net100.yaml	2026-08-07T08:44:11-03:00	2026-08-07T08:44:13-03:00	1.83	1.69	0.12	58052	0	1	71582	36bfe40eed33c8b8cb491894acd6f63c05c13e0d7a15a6e6f7b9401246d94c6d
net100-az-anticorr-folgada	first_fit	48	none	configs/scenarios/fase2/geo9_azure_anticorr_folgada_net100.yaml	2026-08-07T08:44:11-03:00	2026-08-07T08:44:13-03:00	1.77	1.64	0.11	57320	0	1	71595	36bfe40eed33c8b8cb491894acd6f63c05c13e0d7a15a6e6f7b9401246d94c6d
net100-az-anticorr-folgada	first_fit	49	none	configs/scenarios/fase2/geo9_azure_anticorr_folgada_net100.yaml	2026-08-07T08:44:12-03:00	2026-08-07T08:44:13-03:00	1.71	1.59	0.11	57756	0	1	71619	36bfe40eed33c8b8cb491894acd6f63c05c13e0d7a15a6e6f7b9401246d94c6d
net100-az-anticorr-folgada	first_fit	50	none	configs/scenarios/fase2/geo9_azure_anticorr_folgada_net100.yaml	2026-08-07T08:44:12-03:00	2026-08-07T08:44:14-03:00	1.75	1.55	0.12	57732	0	1	71632	36bfe40eed33c8b8cb491894acd6f63c05c13e0d7a15a6e6f7b9401246d94c6d
net100-az-anticorr-folgada	first_fit	51	none	configs/scenarios/fase2/geo9_azure_anticorr_folgada_net100.yaml	2026-08-07T08:44:12-03:00	2026-08-07T08:44:13-03:00	1.58	1.47	0.10	58148	0	1	71645	36bfe40eed33c8b8cb491894acd6f63c05c13e0d7a15a6e6f7b9401246d94c6d
net100-az-anticorr-folgada	follow_renewables	42	follow_renewables	configs/scenarios/fase2/geo9_azure_anticorr_folgada_net100.yaml	2026-08-07T08:44:20-03:00	2026-08-07T08:44:22-03:00	1.61	1.47	0.12	58088	0	1	72621	36bfe40eed33c8b8cb491894acd6f63c05c13e0d7a15a6e6f7b9401246d94c6d
net100-az-anticorr-folgada	follow_renewables	43	follow_renewables	configs/scenarios/fase2/geo9_azure_anticorr_folgada_net100.yaml	2026-08-07T08:44:20-03:00	2026-08-07T08:44:22-03:00	1.77	1.62	0.12	57944	0	1	72634	36bfe40eed33c8b8cb491894acd6f63c05c13e0d7a15a6e6f7b9401246d94c6d
net100-az-anticorr-folgada	follow_renewables	44	follow_renewables	configs/scenarios/fase2/geo9_azure_anticorr_folgada_net100.yaml	2026-08-07T08:44:20-03:00	2026-08-07T08:44:22-03:00	1.50	1.38	0.10	57824	0	1	72647	36bfe40eed33c8b8cb491894acd6f63c05c13e0d7a15a6e6f7b9401246d94c6d
net100-az-anticorr-folgada	follow_renewables	45	follow_renewables	configs/scenarios/fase2/geo9_azure_anticorr_folgada_net100.yaml	2026-08-07T08:44:21-03:00	2026-08-07T08:44:23-03:00	1.97	1.84	0.12	58124	0	1	72663	36bfe40eed33c8b8cb491894acd6f63c05c13e0d7a15a6e6f7b9401246d94c6d
net100-az-anticorr-folgada	follow_renewables	46	follow_renewables	configs/scenarios/fase2/geo9_azure_anticorr_folgada_net100.yaml	2026-08-07T08:44:21-03:00	2026-08-07T08:44:23-03:00	1.92	1.80	0.11	58556	0	1	72673	36bfe40eed33c8b8cb491894acd6f63c05c13e0d7a15a6e6f7b9401246d94c6d
net100-az-anticorr-folgada	follow_renewables	47	follow_renewables	configs/scenarios/fase2/geo9_azure_anticorr_folgada_net100.yaml	2026-08-07T08:44:21-03:00	2026-08-07T08:44:23-03:00	1.95	1.79	0.12	58288	0	1	72691	36bfe40eed33c8b8cb491894acd6f63c05c13e0d7a15a6e6f7b9401246d94c6d
net100-az-anticorr-folgada	follow_renewables	48	follow_renewables	configs/scenarios/fase2/geo9_azure_anticorr_folgada_net100.yaml	2026-08-07T08:44:21-03:00	2026-08-07T08:44:23-03:00	1.97	1.86	0.10	57668	0	1	72697	36bfe40eed33c8b8cb491894acd6f63c05c13e0d7a15a6e6f7b9401246d94c6d
net100-az-anticorr-folgada	follow_renewables	49	follow_renewables	configs/scenarios/fase2/geo9_azure_anticorr_folgada_net100.yaml	2026-08-07T08:44:21-03:00	2026-08-07T08:44:23-03:00	1.88	1.75	0.12	57876	0	1	72729	36bfe40eed33c8b8cb491894acd6f63c05c13e0d7a15a6e6f7b9401246d94c6d
net100-az-anticorr-folgada	follow_renewables	50	follow_renewables	configs/scenarios/fase2/geo9_azure_anticorr_folgada_net100.yaml	2026-08-07T08:44:21-03:00	2026-08-07T08:44:22-03:00	1.49	1.36	0.11	58348	0	1	72745	36bfe40eed33c8b8cb491894acd6f63c05c13e0d7a15a6e6f7b9401246d94c6d
net100-az-anticorr-folgada	follow_renewables	51	follow_renewables	configs/scenarios/fase2/geo9_azure_anticorr_folgada_net100.yaml	2026-08-07T08:44:21-03:00	2026-08-07T08:44:23-03:00	1.57	1.46	0.11	58724	0	1	72755	36bfe40eed33c8b8cb491894acd6f63c05c13e0d7a15a6e6f7b9401246d94c6d
net100-az-anticorr-folgada	followme_s	42	followme_s	configs/scenarios/fase2/geo9_azure_anticorr_folgada_net100.yaml	2026-08-07T08:44:23-03:00	2026-08-07T08:44:24-03:00	1.74	1.60	0.12	53260	0	1	72906	36bfe40eed33c8b8cb491894acd6f63c05c13e0d7a15a6e6f7b9401246d94c6d
net100-az-anticorr-folgada	followme_s	43	followme_s	configs/scenarios/fase2/geo9_azure_anticorr_folgada_net100.yaml	2026-08-07T08:44:23-03:00	2026-08-07T08:44:25-03:00	2.04	1.89	0.14	52560	0	1	72919	36bfe40eed33c8b8cb491894acd6f63c05c13e0d7a15a6e6f7b9401246d94c6d
net100-az-anticorr-folgada	followme_s	44	followme_s	configs/scenarios/fase2/geo9_azure_anticorr_folgada_net100.yaml	2026-08-07T08:44:23-03:00	2026-08-07T08:44:25-03:00	1.97	1.84	0.11	52952	0	1	72932	36bfe40eed33c8b8cb491894acd6f63c05c13e0d7a15a6e6f7b9401246d94c6d
net100-az-anticorr-folgada	followme_s	45	followme_s	configs/scenarios/fase2/geo9_azure_anticorr_folgada_net100.yaml	2026-08-07T08:44:23-03:00	2026-08-07T08:44:25-03:00	2.06	1.92	0.12	53236	0	1	72945	36bfe40eed33c8b8cb491894acd6f63c05c13e0d7a15a6e6f7b9401246d94c6d
net100-az-anticorr-folgada	followme_s	46	followme_s	configs/scenarios/fase2/geo9_azure_anticorr_folgada_net100.yaml	2026-08-07T08:44:23-03:00	2026-08-07T08:44:25-03:00	1.92	1.74	0.15	52248	0	1	72959	36bfe40eed33c8b8cb491894acd6f63c05c13e0d7a15a6e6f7b9401246d94c6d
net100-az-anticorr-folgada	followme_s	47	followme_s	configs/scenarios/fase2/geo9_azure_anticorr_folgada_net100.yaml	2026-08-07T08:44:23-03:00	2026-08-07T08:44:25-03:00	2.04	1.87	0.14	53408	0	1	72991	36bfe40eed33c8b8cb491894acd6f63c05c13e0d7a15a6e6f7b9401246d94c6d
net100-az-anticorr-folgada	followme_s	48	followme_s	configs/scenarios/fase2/geo9_azure_anticorr_folgada_net100.yaml	2026-08-07T08:44:23-03:00	2026-08-07T08:44:25-03:00	2.17	2.00	0.14	52080	0	1	73004	36bfe40eed33c8b8cb491894acd6f63c05c13e0d7a15a6e6f7b9401246d94c6d
net100-az-anticorr-folgada	followme_s	49	followme_s	configs/scenarios/fase2/geo9_azure_anticorr_folgada_net100.yaml	2026-08-07T08:44:23-03:00	2026-08-07T08:44:25-03:00	2.01	1.86	0.13	52320	0	1	73017	36bfe40eed33c8b8cb491894acd6f63c05c13e0d7a15a6e6f7b9401246d94c6d
net100-az-anticorr-folgada	followme_s	50	followme_s	configs/scenarios/fase2/geo9_azure_anticorr_folgada_net100.yaml	2026-08-07T08:44:24-03:00	2026-08-07T08:44:26-03:00	2.02	1.84	0.14	53108	0	1	73049	36bfe40eed33c8b8cb491894acd6f63c05c13e0d7a15a6e6f7b9401246d94c6d
net100-az-anticorr-folgada	followme_s	51	followme_s	configs/scenarios/fase2/geo9_azure_anticorr_folgada_net100.yaml	2026-08-07T08:44:24-03:00	2026-08-07T08:44:26-03:00	2.03	1.88	0.14	52364	0	1	73081	36bfe40eed33c8b8cb491894acd6f63c05c13e0d7a15a6e6f7b9401246d94c6d
net100-az-anticorr-folgada	lowest_carbon_dc	42	none	configs/scenarios/fase2/geo9_azure_anticorr_folgada_net100.yaml	2026-08-07T08:44:19-03:00	2026-08-07T08:44:20-03:00	1.64	1.52	0.11	58328	0	1	72459	36bfe40eed33c8b8cb491894acd6f63c05c13e0d7a15a6e6f7b9401246d94c6d
net100-az-anticorr-folgada	lowest_carbon_dc	43	none	configs/scenarios/fase2/geo9_azure_anticorr_folgada_net100.yaml	2026-08-07T08:44:19-03:00	2026-08-07T08:44:21-03:00	1.88	1.76	0.10	58076	0	1	72493	36bfe40eed33c8b8cb491894acd6f63c05c13e0d7a15a6e6f7b9401246d94c6d
net100-az-anticorr-folgada	lowest_carbon_dc	44	none	configs/scenarios/fase2/geo9_azure_anticorr_folgada_net100.yaml	2026-08-07T08:44:19-03:00	2026-08-07T08:44:20-03:00	1.31	1.21	0.09	57764	0	1	72506	36bfe40eed33c8b8cb491894acd6f63c05c13e0d7a15a6e6f7b9401246d94c6d
net100-az-anticorr-folgada	lowest_carbon_dc	45	none	configs/scenarios/fase2/geo9_azure_anticorr_folgada_net100.yaml	2026-08-07T08:44:19-03:00	2026-08-07T08:44:21-03:00	1.95	1.82	0.11	58276	0	1	72519	36bfe40eed33c8b8cb491894acd6f63c05c13e0d7a15a6e6f7b9401246d94c6d
net100-az-anticorr-folgada	lowest_carbon_dc	46	none	configs/scenarios/fase2/geo9_azure_anticorr_folgada_net100.yaml	2026-08-07T08:44:19-03:00	2026-08-07T08:44:21-03:00	1.86	1.73	0.10	58268	0	1	72532	36bfe40eed33c8b8cb491894acd6f63c05c13e0d7a15a6e6f7b9401246d94c6d
net100-az-anticorr-folgada	lowest_carbon_dc	47	none	configs/scenarios/fase2/geo9_azure_anticorr_folgada_net100.yaml	2026-08-07T08:44:19-03:00	2026-08-07T08:44:21-03:00	1.86	1.74	0.11	58304	0	1	72545	36bfe40eed33c8b8cb491894acd6f63c05c13e0d7a15a6e6f7b9401246d94c6d
net100-az-anticorr-folgada	lowest_carbon_dc	48	none	configs/scenarios/fase2/geo9_azure_anticorr_folgada_net100.yaml	2026-08-07T08:44:19-03:00	2026-08-07T08:44:21-03:00	1.55	1.42	0.11	57580	0	1	72558	36bfe40eed33c8b8cb491894acd6f63c05c13e0d7a15a6e6f7b9401246d94c6d
net100-az-anticorr-folgada	lowest_carbon_dc	49	none	configs/scenarios/fase2/geo9_azure_anticorr_folgada_net100.yaml	2026-08-07T08:44:19-03:00	2026-08-07T08:44:21-03:00	1.87	1.74	0.12	58136	0	1	72571	36bfe40eed33c8b8cb491894acd6f63c05c13e0d7a15a6e6f7b9401246d94c6d
net100-az-anticorr-folgada	lowest_carbon_dc	50	none	configs/scenarios/fase2/geo9_azure_anticorr_folgada_net100.yaml	2026-08-07T08:44:19-03:00	2026-08-07T08:44:21-03:00	1.46	1.33	0.11	58116	0	1	72584	36bfe40eed33c8b8cb491894acd6f63c05c13e0d7a15a6e6f7b9401246d94c6d
net100-az-anticorr-folgada	lowest_carbon_dc	51	none	configs/scenarios/fase2/geo9_azure_anticorr_folgada_net100.yaml	2026-08-07T08:44:20-03:00	2026-08-07T08:44:21-03:00	1.45	1.33	0.10	58736	0	1	72603	36bfe40eed33c8b8cb491894acd6f63c05c13e0d7a15a6e6f7b9401246d94c6d
net100-az-anticorr-folgada	round_robin	42	none	configs/scenarios/fase2/geo9_azure_anticorr_folgada_net100.yaml	2026-08-07T08:44:15-03:00	2026-08-07T08:44:17-03:00	1.93	1.80	0.10	58484	0	1	71994	36bfe40eed33c8b8cb491894acd6f63c05c13e0d7a15a6e6f7b9401246d94c6d
net100-az-anticorr-folgada	round_robin	43	none	configs/scenarios/fase2/geo9_azure_anticorr_folgada_net100.yaml	2026-08-07T08:44:15-03:00	2026-08-07T08:44:17-03:00	1.98	1.82	0.13	58368	0	1	72013	36bfe40eed33c8b8cb491894acd6f63c05c13e0d7a15a6e6f7b9401246d94c6d
net100-az-anticorr-folgada	round_robin	44	none	configs/scenarios/fase2/geo9_azure_anticorr_folgada_net100.yaml	2026-08-07T08:44:15-03:00	2026-08-07T08:44:17-03:00	1.74	1.60	0.11	58092	0	1	72018	36bfe40eed33c8b8cb491894acd6f63c05c13e0d7a15a6e6f7b9401246d94c6d
net100-az-anticorr-folgada	round_robin	45	none	configs/scenarios/fase2/geo9_azure_anticorr_folgada_net100.yaml	2026-08-07T08:44:15-03:00	2026-08-07T08:44:17-03:00	2.18	1.95	0.13	58108	0	1	72041	36bfe40eed33c8b8cb491894acd6f63c05c13e0d7a15a6e6f7b9401246d94c6d
net100-az-anticorr-folgada	round_robin	46	none	configs/scenarios/fase2/geo9_azure_anticorr_folgada_net100.yaml	2026-08-07T08:44:15-03:00	2026-08-07T08:44:17-03:00	2.03	1.85	0.12	58544	0	1	72042	36bfe40eed33c8b8cb491894acd6f63c05c13e0d7a15a6e6f7b9401246d94c6d
net100-az-anticorr-folgada	round_robin	47	none	configs/scenarios/fase2/geo9_azure_anticorr_folgada_net100.yaml	2026-08-07T08:44:15-03:00	2026-08-07T08:44:17-03:00	2.22	1.76	0.11	58832	0	1	72059	36bfe40eed33c8b8cb491894acd6f63c05c13e0d7a15a6e6f7b9401246d94c6d
net100-az-anticorr-folgada	round_robin	48	none	configs/scenarios/fase2/geo9_azure_anticorr_folgada_net100.yaml	2026-08-07T08:44:15-03:00	2026-08-07T08:44:18-03:00	2.40	2.08	0.13	57968	0	1	72072	36bfe40eed33c8b8cb491894acd6f63c05c13e0d7a15a6e6f7b9401246d94c6d
net100-az-anticorr-folgada	round_robin	49	none	configs/scenarios/fase2/geo9_azure_anticorr_folgada_net100.yaml	2026-08-07T08:44:15-03:00	2026-08-07T08:44:17-03:00	1.95	1.70	0.09	58228	0	1	72085	36bfe40eed33c8b8cb491894acd6f63c05c13e0d7a15a6e6f7b9401246d94c6d
net100-az-anticorr-folgada	round_robin	50	none	configs/scenarios/fase2/geo9_azure_anticorr_folgada_net100.yaml	2026-08-07T08:44:15-03:00	2026-08-07T08:44:18-03:00	2.12	1.83	0.12	58420	0	1	72098	36bfe40eed33c8b8cb491894acd6f63c05c13e0d7a15a6e6f7b9401246d94c6d
net100-az-anticorr-folgada	round_robin	51	none	configs/scenarios/fase2/geo9_azure_anticorr_folgada_net100.yaml	2026-08-07T08:44:16-03:00	2026-08-07T08:44:18-03:00	1.97	1.80	0.12	58840	0	1	72111	36bfe40eed33c8b8cb491894acd6f63c05c13e0d7a15a6e6f7b9401246d94c6d
net100-az-anticorr-folgada	worst_fit	42	none	configs/scenarios/fase2/geo9_azure_anticorr_folgada_net100.yaml	2026-08-07T08:44:13-03:00	2026-08-07T08:44:15-03:00	1.90	1.74	0.12	57652	0	1	71816	36bfe40eed33c8b8cb491894acd6f63c05c13e0d7a15a6e6f7b9401246d94c6d
net100-az-anticorr-folgada	worst_fit	43	none	configs/scenarios/fase2/geo9_azure_anticorr_folgada_net100.yaml	2026-08-07T08:44:13-03:00	2026-08-07T08:44:15-03:00	1.82	1.69	0.10	57764	0	1	71829	36bfe40eed33c8b8cb491894acd6f63c05c13e0d7a15a6e6f7b9401246d94c6d
net100-az-anticorr-folgada	worst_fit	44	none	configs/scenarios/fase2/geo9_azure_anticorr_folgada_net100.yaml	2026-08-07T08:44:13-03:00	2026-08-07T08:44:15-03:00	1.85	1.71	0.12	57500	0	1	71861	36bfe40eed33c8b8cb491894acd6f63c05c13e0d7a15a6e6f7b9401246d94c6d
net100-az-anticorr-folgada	worst_fit	45	none	configs/scenarios/fase2/geo9_azure_anticorr_folgada_net100.yaml	2026-08-07T08:44:14-03:00	2026-08-07T08:44:15-03:00	1.88	1.76	0.12	57900	0	1	71875	36bfe40eed33c8b8cb491894acd6f63c05c13e0d7a15a6e6f7b9401246d94c6d
net100-az-anticorr-folgada	worst_fit	46	none	configs/scenarios/fase2/geo9_azure_anticorr_folgada_net100.yaml	2026-08-07T08:44:14-03:00	2026-08-07T08:44:16-03:00	1.99	1.85	0.11	58072	0	1	71888	36bfe40eed33c8b8cb491894acd6f63c05c13e0d7a15a6e6f7b9401246d94c6d
net100-az-anticorr-folgada	worst_fit	47	none	configs/scenarios/fase2/geo9_azure_anticorr_folgada_net100.yaml	2026-08-07T08:44:14-03:00	2026-08-07T08:44:15-03:00	1.37	1.24	0.12	58276	0	1	71907	36bfe40eed33c8b8cb491894acd6f63c05c13e0d7a15a6e6f7b9401246d94c6d
net100-az-anticorr-folgada	worst_fit	48	none	configs/scenarios/fase2/geo9_azure_anticorr_folgada_net100.yaml	2026-08-07T08:44:14-03:00	2026-08-07T08:44:17-03:00	2.08	1.72	0.11	57184	0	1	71921	36bfe40eed33c8b8cb491894acd6f63c05c13e0d7a15a6e6f7b9401246d94c6d
net100-az-anticorr-folgada	worst_fit	49	none	configs/scenarios/fase2/geo9_azure_anticorr_folgada_net100.yaml	2026-08-07T08:44:15-03:00	2026-08-07T08:44:17-03:00	2.13	1.77	0.12	57412	0	1	71934	36bfe40eed33c8b8cb491894acd6f63c05c13e0d7a15a6e6f7b9401246d94c6d
net100-az-anticorr-folgada	worst_fit	50	none	configs/scenarios/fase2/geo9_azure_anticorr_folgada_net100.yaml	2026-08-07T08:44:15-03:00	2026-08-07T08:44:16-03:00	1.74	1.60	0.12	57796	0	1	71947	36bfe40eed33c8b8cb491894acd6f63c05c13e0d7a15a6e6f7b9401246d94c6d
net100-az-anticorr-folgada	worst_fit	51	none	configs/scenarios/fase2/geo9_azure_anticorr_folgada_net100.yaml	2026-08-07T08:44:15-03:00	2026-08-07T08:44:17-03:00	1.74	1.59	0.11	58252	0	1	71976	36bfe40eed33c8b8cb491894acd6f63c05c13e0d7a15a6e6f7b9401246d94c6d
net100-az-anticorr-folgada	wsnb	42	none	configs/scenarios/fase2/geo9_azure_anticorr_folgada_net100.yaml	2026-08-07T08:44:21-03:00	2026-08-07T08:44:23-03:00	1.77	1.60	0.13	69488	0	1	72768	36bfe40eed33c8b8cb491894acd6f63c05c13e0d7a15a6e6f7b9401246d94c6d
net100-az-anticorr-folgada	wsnb	43	none	configs/scenarios/fase2/geo9_azure_anticorr_folgada_net100.yaml	2026-08-07T08:44:21-03:00	2026-08-07T08:44:24-03:00	2.32	2.16	0.15	72280	0	1	72781	36bfe40eed33c8b8cb491894acd6f63c05c13e0d7a15a6e6f7b9401246d94c6d
net100-az-anticorr-folgada	wsnb	44	none	configs/scenarios/fase2/geo9_azure_anticorr_folgada_net100.yaml	2026-08-07T08:44:21-03:00	2026-08-07T08:44:23-03:00	2.03	1.88	0.12	71892	0	1	72794	36bfe40eed33c8b8cb491894acd6f63c05c13e0d7a15a6e6f7b9401246d94c6d
net100-az-anticorr-folgada	wsnb	45	none	configs/scenarios/fase2/geo9_azure_anticorr_folgada_net100.yaml	2026-08-07T08:44:21-03:00	2026-08-07T08:44:23-03:00	1.78	1.64	0.12	69604	0	1	72807	36bfe40eed33c8b8cb491894acd6f63c05c13e0d7a15a6e6f7b9401246d94c6d
net100-az-anticorr-folgada	wsnb	46	none	configs/scenarios/fase2/geo9_azure_anticorr_folgada_net100.yaml	2026-08-07T08:44:22-03:00	2026-08-07T08:44:23-03:00	1.80	1.64	0.14	70080	0	1	72820	36bfe40eed33c8b8cb491894acd6f63c05c13e0d7a15a6e6f7b9401246d94c6d
net100-az-anticorr-folgada	wsnb	47	none	configs/scenarios/fase2/geo9_azure_anticorr_folgada_net100.yaml	2026-08-07T08:44:22-03:00	2026-08-07T08:44:24-03:00	1.91	1.75	0.13	69904	0	1	72841	36bfe40eed33c8b8cb491894acd6f63c05c13e0d7a15a6e6f7b9401246d94c6d
net100-az-anticorr-folgada	wsnb	48	none	configs/scenarios/fase2/geo9_azure_anticorr_folgada_net100.yaml	2026-08-07T08:44:22-03:00	2026-08-07T08:44:24-03:00	1.87	1.72	0.12	68512	0	1	72854	36bfe40eed33c8b8cb491894acd6f63c05c13e0d7a15a6e6f7b9401246d94c6d
net100-az-anticorr-folgada	wsnb	49	none	configs/scenarios/fase2/geo9_azure_anticorr_folgada_net100.yaml	2026-08-07T08:44:22-03:00	2026-08-07T08:44:24-03:00	1.96	1.82	0.12	71944	0	1	72867	36bfe40eed33c8b8cb491894acd6f63c05c13e0d7a15a6e6f7b9401246d94c6d
net100-az-anticorr-folgada	wsnb	50	none	configs/scenarios/fase2/geo9_azure_anticorr_folgada_net100.yaml	2026-08-07T08:44:23-03:00	2026-08-07T08:44:25-03:00	1.99	1.83	0.13	72244	0	1	72880	36bfe40eed33c8b8cb491894acd6f63c05c13e0d7a15a6e6f7b9401246d94c6d
net100-az-anticorr-folgada	wsnb	51	none	configs/scenarios/fase2/geo9_azure_anticorr_folgada_net100.yaml	2026-08-07T08:44:23-03:00	2026-08-07T08:44:25-03:00	2.13	1.98	0.13	73424	0	1	72897	36bfe40eed33c8b8cb491894acd6f63c05c13e0d7a15a6e6f7b9401246d94c6d
net100-az-realjun-alta	best_fit	42	none	configs/scenarios/fase2/geo9_azure_realjun_alta_net100.yaml	2026-08-07T08:44:27-03:00	2026-08-07T08:44:45-03:00	17.99	17.52	0.35	106636	0	1	73377	36bfe40eed33c8b8cb491894acd6f63c05c13e0d7a15a6e6f7b9401246d94c6d
net100-az-realjun-alta	best_fit	43	none	configs/scenarios/fase2/geo9_azure_realjun_alta_net100.yaml	2026-08-07T08:44:27-03:00	2026-08-07T08:44:46-03:00	19.47	19.04	0.31	109272	0	1	73390	36bfe40eed33c8b8cb491894acd6f63c05c13e0d7a15a6e6f7b9401246d94c6d
net100-az-realjun-alta	best_fit	44	none	configs/scenarios/fase2/geo9_azure_realjun_alta_net100.yaml	2026-08-07T08:44:27-03:00	2026-08-07T08:44:46-03:00	18.50	18.15	0.29	108916	0	1	73427	36bfe40eed33c8b8cb491894acd6f63c05c13e0d7a15a6e6f7b9401246d94c6d
net100-az-realjun-alta	best_fit	45	none	configs/scenarios/fase2/geo9_azure_realjun_alta_net100.yaml	2026-08-07T08:44:27-03:00	2026-08-07T08:44:53-03:00	26.12	25.72	0.33	107524	0	1	73436	36bfe40eed33c8b8cb491894acd6f63c05c13e0d7a15a6e6f7b9401246d94c6d
net100-az-realjun-alta	best_fit	46	none	configs/scenarios/fase2/geo9_azure_realjun_alta_net100.yaml	2026-08-07T08:44:45-03:00	2026-08-07T08:45:09-03:00	24.24	23.69	0.37	107504	0	1	73818	36bfe40eed33c8b8cb491894acd6f63c05c13e0d7a15a6e6f7b9401246d94c6d
net100-az-realjun-alta	best_fit	47	none	configs/scenarios/fase2/geo9_azure_realjun_alta_net100.yaml	2026-08-07T08:44:46-03:00	2026-08-07T08:45:09-03:00	23.27	22.84	0.31	106648	0	1	73851	36bfe40eed33c8b8cb491894acd6f63c05c13e0d7a15a6e6f7b9401246d94c6d
net100-az-realjun-alta	best_fit	48	none	configs/scenarios/fase2/geo9_azure_realjun_alta_net100.yaml	2026-08-07T08:44:46-03:00	2026-08-07T08:45:10-03:00	23.82	23.38	0.36	108476	0	1	73864	36bfe40eed33c8b8cb491894acd6f63c05c13e0d7a15a6e6f7b9401246d94c6d
net100-az-realjun-alta	best_fit	49	none	configs/scenarios/fase2/geo9_azure_realjun_alta_net100.yaml	2026-08-07T08:44:47-03:00	2026-08-07T08:45:11-03:00	24.61	24.08	0.35	108292	0	1	73887	36bfe40eed33c8b8cb491894acd6f63c05c13e0d7a15a6e6f7b9401246d94c6d
net100-az-realjun-alta	best_fit	50	none	configs/scenarios/fase2/geo9_azure_realjun_alta_net100.yaml	2026-08-07T08:44:47-03:00	2026-08-07T08:45:11-03:00	23.87	23.32	0.34	106780	0	1	73900	36bfe40eed33c8b8cb491894acd6f63c05c13e0d7a15a6e6f7b9401246d94c6d
net100-az-realjun-alta	best_fit	51	none	configs/scenarios/fase2/geo9_azure_realjun_alta_net100.yaml	2026-08-07T08:44:47-03:00	2026-08-07T08:45:11-03:00	24.46	23.96	0.34	107252	0	1	73913	36bfe40eed33c8b8cb491894acd6f63c05c13e0d7a15a6e6f7b9401246d94c6d
net100-az-realjun-alta	bfd	42	none	configs/scenarios/fase2/geo9_azure_realjun_alta_net100.yaml	2026-08-07T08:45:37-03:00	2026-08-07T08:46:01-03:00	23.90	23.47	0.33	104880	0	1	75434	36bfe40eed33c8b8cb491894acd6f63c05c13e0d7a15a6e6f7b9401246d94c6d
net100-az-realjun-alta	bfd	43	none	configs/scenarios/fase2/geo9_azure_realjun_alta_net100.yaml	2026-08-07T08:45:37-03:00	2026-08-07T08:46:02-03:00	24.60	23.90	0.31	107344	0	1	75447	36bfe40eed33c8b8cb491894acd6f63c05c13e0d7a15a6e6f7b9401246d94c6d
net100-az-realjun-alta	bfd	44	none	configs/scenarios/fase2/geo9_azure_realjun_alta_net100.yaml	2026-08-07T08:45:38-03:00	2026-08-07T08:46:01-03:00	23.87	23.31	0.35	106520	0	1	75460	36bfe40eed33c8b8cb491894acd6f63c05c13e0d7a15a6e6f7b9401246d94c6d
net100-az-realjun-alta	bfd	45	none	configs/scenarios/fase2/geo9_azure_realjun_alta_net100.yaml	2026-08-07T08:45:38-03:00	2026-08-07T08:46:03-03:00	25.04	24.54	0.34	105952	0	1	75473	36bfe40eed33c8b8cb491894acd6f63c05c13e0d7a15a6e6f7b9401246d94c6d
net100-az-realjun-alta	bfd	46	none	configs/scenarios/fase2/geo9_azure_realjun_alta_net100.yaml	2026-08-07T08:45:38-03:00	2026-08-07T08:46:05-03:00	27.23	26.80	0.36	108232	0	1	75494	36bfe40eed33c8b8cb491894acd6f63c05c13e0d7a15a6e6f7b9401246d94c6d
net100-az-realjun-alta	bfd	47	none	configs/scenarios/fase2/geo9_azure_realjun_alta_net100.yaml	2026-08-07T08:45:47-03:00	2026-08-07T08:46:07-03:00	20.08	19.61	0.34	107272	0	1	75678	36bfe40eed33c8b8cb491894acd6f63c05c13e0d7a15a6e6f7b9401246d94c6d
net100-az-realjun-alta	bfd	48	none	configs/scenarios/fase2/geo9_azure_realjun_alta_net100.yaml	2026-08-07T08:45:50-03:00	2026-08-07T08:46:14-03:00	23.47	22.82	0.34	106488	0	1	75775	36bfe40eed33c8b8cb491894acd6f63c05c13e0d7a15a6e6f7b9401246d94c6d
net100-az-realjun-alta	bfd	49	none	configs/scenarios/fase2/geo9_azure_realjun_alta_net100.yaml	2026-08-07T08:45:52-03:00	2026-08-07T08:46:09-03:00	16.61	15.84	0.32	106036	0	1	75812	36bfe40eed33c8b8cb491894acd6f63c05c13e0d7a15a6e6f7b9401246d94c6d
net100-az-realjun-alta	bfd	50	none	configs/scenarios/fase2/geo9_azure_realjun_alta_net100.yaml	2026-08-07T08:45:52-03:00	2026-08-07T08:46:11-03:00	18.18	17.44	0.34	102952	0	1	75830	36bfe40eed33c8b8cb491894acd6f63c05c13e0d7a15a6e6f7b9401246d94c6d
net100-az-realjun-alta	bfd	51	none	configs/scenarios/fase2/geo9_azure_realjun_alta_net100.yaml	2026-08-07T08:45:53-03:00	2026-08-07T08:46:12-03:00	19.12	18.56	0.38	107400	0	1	75843	36bfe40eed33c8b8cb491894acd6f63c05c13e0d7a15a6e6f7b9401246d94c6d
net100-az-realjun-alta	cnemesis	42	cnemesis	configs/scenarios/fase2/geo9_azure_realjun_alta_net100.yaml	2026-08-07T08:47:07-03:00	2026-08-07T08:47:39-03:00	32.85	32.18	0.43	117768	0	1	77902	36bfe40eed33c8b8cb491894acd6f63c05c13e0d7a15a6e6f7b9401246d94c6d
net100-az-realjun-alta	cnemesis	43	cnemesis	configs/scenarios/fase2/geo9_azure_realjun_alta_net100.yaml	2026-08-07T08:47:08-03:00	2026-08-07T08:47:42-03:00	33.86	33.25	0.35	117724	0	1	77935	36bfe40eed33c8b8cb491894acd6f63c05c13e0d7a15a6e6f7b9401246d94c6d
net100-az-realjun-alta	cnemesis	44	cnemesis	configs/scenarios/fase2/geo9_azure_realjun_alta_net100.yaml	2026-08-07T08:47:09-03:00	2026-08-07T08:47:39-03:00	30.31	29.78	0.38	118612	0	1	77959	36bfe40eed33c8b8cb491894acd6f63c05c13e0d7a15a6e6f7b9401246d94c6d
net100-az-realjun-alta	cnemesis	45	cnemesis	configs/scenarios/fase2/geo9_azure_realjun_alta_net100.yaml	2026-08-07T08:47:10-03:00	2026-08-07T08:47:37-03:00	26.41	25.74	0.38	120456	0	1	78004	36bfe40eed33c8b8cb491894acd6f63c05c13e0d7a15a6e6f7b9401246d94c6d
net100-az-realjun-alta	cnemesis	46	cnemesis	configs/scenarios/fase2/geo9_azure_realjun_alta_net100.yaml	2026-08-07T08:47:14-03:00	2026-08-07T08:47:42-03:00	28.81	28.32	0.35	117188	0	1	78075	36bfe40eed33c8b8cb491894acd6f63c05c13e0d7a15a6e6f7b9401246d94c6d
net100-az-realjun-alta	cnemesis	47	cnemesis	configs/scenarios/fase2/geo9_azure_realjun_alta_net100.yaml	2026-08-07T08:47:15-03:00	2026-08-07T08:47:59-03:00	43.79	43.12	0.37	120536	0	1	78118	36bfe40eed33c8b8cb491894acd6f63c05c13e0d7a15a6e6f7b9401246d94c6d
net100-az-realjun-alta	cnemesis	48	cnemesis	configs/scenarios/fase2/geo9_azure_realjun_alta_net100.yaml	2026-08-07T08:47:17-03:00	2026-08-07T08:48:05-03:00	47.71	47.06	0.41	119832	0	1	78167	36bfe40eed33c8b8cb491894acd6f63c05c13e0d7a15a6e6f7b9401246d94c6d
net100-az-realjun-alta	cnemesis	49	cnemesis	configs/scenarios/fase2/geo9_azure_realjun_alta_net100.yaml	2026-08-07T08:47:18-03:00	2026-08-07T08:47:55-03:00	37.41	36.81	0.39	118800	0	1	78200	36bfe40eed33c8b8cb491894acd6f63c05c13e0d7a15a6e6f7b9401246d94c6d
net100-az-realjun-alta	cnemesis	50	cnemesis	configs/scenarios/fase2/geo9_azure_realjun_alta_net100.yaml	2026-08-07T08:47:18-03:00	2026-08-07T08:47:51-03:00	32.58	31.86	0.40	119472	0	1	78234	36bfe40eed33c8b8cb491894acd6f63c05c13e0d7a15a6e6f7b9401246d94c6d
net100-az-realjun-alta	cnemesis	51	cnemesis	configs/scenarios/fase2/geo9_azure_realjun_alta_net100.yaml	2026-08-07T08:47:19-03:00	2026-08-07T08:48:04-03:00	44.70	44.21	0.30	118384	0	1	78248	36bfe40eed33c8b8cb491894acd6f63c05c13e0d7a15a6e6f7b9401246d94c6d
net100-az-realjun-alta	ffd	42	none	configs/scenarios/fase2/geo9_azure_realjun_alta_net100.yaml	2026-08-07T08:45:19-03:00	2026-08-07T08:45:37-03:00	18.18	17.50	0.32	109484	0	1	74919	36bfe40eed33c8b8cb491894acd6f63c05c13e0d7a15a6e6f7b9401246d94c6d
net100-az-realjun-alta	ffd	43	none	configs/scenarios/fase2/geo9_azure_realjun_alta_net100.yaml	2026-08-07T08:45:19-03:00	2026-08-07T08:45:38-03:00	18.85	18.35	0.31	110780	0	1	74932	36bfe40eed33c8b8cb491894acd6f63c05c13e0d7a15a6e6f7b9401246d94c6d
net100-az-realjun-alta	ffd	44	none	configs/scenarios/fase2/geo9_azure_realjun_alta_net100.yaml	2026-08-07T08:45:29-03:00	2026-08-07T08:45:53-03:00	24.11	23.61	0.38	109692	0	1	75123	36bfe40eed33c8b8cb491894acd6f63c05c13e0d7a15a6e6f7b9401246d94c6d
net100-az-realjun-alta	ffd	45	none	configs/scenarios/fase2/geo9_azure_realjun_alta_net100.yaml	2026-08-07T08:45:32-03:00	2026-08-07T08:45:52-03:00	20.14	19.62	0.33	108548	0	1	75235	36bfe40eed33c8b8cb491894acd6f63c05c13e0d7a15a6e6f7b9401246d94c6d
net100-az-realjun-alta	ffd	46	none	configs/scenarios/fase2/geo9_azure_realjun_alta_net100.yaml	2026-08-07T08:45:33-03:00	2026-08-07T08:45:55-03:00	22.33	21.63	0.46	108900	0	1	75269	36bfe40eed33c8b8cb491894acd6f63c05c13e0d7a15a6e6f7b9401246d94c6d
net100-az-realjun-alta	ffd	47	none	configs/scenarios/fase2/geo9_azure_realjun_alta_net100.yaml	2026-08-07T08:45:33-03:00	2026-08-07T08:45:55-03:00	21.94	21.57	0.31	108644	0	1	75282	36bfe40eed33c8b8cb491894acd6f63c05c13e0d7a15a6e6f7b9401246d94c6d
net100-az-realjun-alta	ffd	48	none	configs/scenarios/fase2/geo9_azure_realjun_alta_net100.yaml	2026-08-07T08:45:34-03:00	2026-08-07T08:45:52-03:00	18.06	17.57	0.35	110632	0	1	75311	36bfe40eed33c8b8cb491894acd6f63c05c13e0d7a15a6e6f7b9401246d94c6d
net100-az-realjun-alta	ffd	49	none	configs/scenarios/fase2/geo9_azure_realjun_alta_net100.yaml	2026-08-07T08:45:35-03:00	2026-08-07T08:45:53-03:00	17.89	17.42	0.33	109724	0	1	75363	36bfe40eed33c8b8cb491894acd6f63c05c13e0d7a15a6e6f7b9401246d94c6d
net100-az-realjun-alta	ffd	50	none	configs/scenarios/fase2/geo9_azure_realjun_alta_net100.yaml	2026-08-07T08:45:36-03:00	2026-08-07T08:45:50-03:00	13.77	13.36	0.31	109512	0	1	75387	36bfe40eed33c8b8cb491894acd6f63c05c13e0d7a15a6e6f7b9401246d94c6d
net100-az-realjun-alta	ffd	51	none	configs/scenarios/fase2/geo9_azure_realjun_alta_net100.yaml	2026-08-07T08:45:37-03:00	2026-08-07T08:46:03-03:00	25.83	25.31	0.34	109320	0	1	75400	36bfe40eed33c8b8cb491894acd6f63c05c13e0d7a15a6e6f7b9401246d94c6d
net100-az-realjun-alta	first_fit	42	none	configs/scenarios/fase2/geo9_azure_realjun_alta_net100.yaml	2026-08-07T08:44:25-03:00	2026-08-07T08:44:51-03:00	25.56	25.15	0.30	106476	0	1	73236	36bfe40eed33c8b8cb491894acd6f63c05c13e0d7a15a6e6f7b9401246d94c6d
net100-az-realjun-alta	first_fit	43	none	configs/scenarios/fase2/geo9_azure_realjun_alta_net100.yaml	2026-08-07T08:44:25-03:00	2026-08-07T08:44:47-03:00	21.21	20.68	0.33	111496	0	1	73249	36bfe40eed33c8b8cb491894acd6f63c05c13e0d7a15a6e6f7b9401246d94c6d
net100-az-realjun-alta	first_fit	44	none	configs/scenarios/fase2/geo9_azure_realjun_alta_net100.yaml	2026-08-07T08:44:26-03:00	2026-08-07T08:44:47-03:00	21.37	20.84	0.36	110828	0	1	73262	36bfe40eed33c8b8cb491894acd6f63c05c13e0d7a15a6e6f7b9401246d94c6d
net100-az-realjun-alta	first_fit	45	none	configs/scenarios/fase2/geo9_azure_realjun_alta_net100.yaml	2026-08-07T08:44:26-03:00	2026-08-07T08:44:52-03:00	26.63	26.25	0.32	109916	0	1	73275	36bfe40eed33c8b8cb491894acd6f63c05c13e0d7a15a6e6f7b9401246d94c6d
net100-az-realjun-alta	first_fit	46	none	configs/scenarios/fase2/geo9_azure_realjun_alta_net100.yaml	2026-08-07T08:44:26-03:00	2026-08-07T08:44:52-03:00	26.31	25.69	0.40	107272	0	1	73307	36bfe40eed33c8b8cb491894acd6f63c05c13e0d7a15a6e6f7b9401246d94c6d
net100-az-realjun-alta	first_fit	47	none	configs/scenarios/fase2/geo9_azure_realjun_alta_net100.yaml	2026-08-07T08:44:26-03:00	2026-08-07T08:44:47-03:00	20.76	20.30	0.33	110656	0	1	73308	36bfe40eed33c8b8cb491894acd6f63c05c13e0d7a15a6e6f7b9401246d94c6d
net100-az-realjun-alta	first_fit	48	none	configs/scenarios/fase2/geo9_azure_realjun_alta_net100.yaml	2026-08-07T08:44:26-03:00	2026-08-07T08:44:52-03:00	25.99	25.51	0.36	111168	0	1	73325	36bfe40eed33c8b8cb491894acd6f63c05c13e0d7a15a6e6f7b9401246d94c6d
net100-az-realjun-alta	first_fit	49	none	configs/scenarios/fase2/geo9_azure_realjun_alta_net100.yaml	2026-08-07T08:44:27-03:00	2026-08-07T08:44:50-03:00	22.81	22.41	0.33	109888	0	1	73344	36bfe40eed33c8b8cb491894acd6f63c05c13e0d7a15a6e6f7b9401246d94c6d
net100-az-realjun-alta	first_fit	50	none	configs/scenarios/fase2/geo9_azure_realjun_alta_net100.yaml	2026-08-07T08:44:27-03:00	2026-08-07T08:44:51-03:00	24.09	23.59	0.37	109748	0	1	73349	36bfe40eed33c8b8cb491894acd6f63c05c13e0d7a15a6e6f7b9401246d94c6d
net100-az-realjun-alta	first_fit	51	none	configs/scenarios/fase2/geo9_azure_realjun_alta_net100.yaml	2026-08-07T08:44:27-03:00	2026-08-07T08:44:51-03:00	23.98	23.41	0.35	110584	0	1	73364	36bfe40eed33c8b8cb491894acd6f63c05c13e0d7a15a6e6f7b9401246d94c6d
net100-az-realjun-alta	follow_renewables	42	follow_renewables	configs/scenarios/fase2/geo9_azure_realjun_alta_net100.yaml	2026-08-07T08:46:09-03:00	2026-08-07T08:46:37-03:00	28.29	27.25	0.60	204976	0	1	76311	36bfe40eed33c8b8cb491894acd6f63c05c13e0d7a15a6e6f7b9401246d94c6d
net100-az-realjun-alta	follow_renewables	43	follow_renewables	configs/scenarios/fase2/geo9_azure_realjun_alta_net100.yaml	2026-08-07T08:46:11-03:00	2026-08-07T08:46:38-03:00	27.84	26.95	0.60	202828	0	1	76384	36bfe40eed33c8b8cb491894acd6f63c05c13e0d7a15a6e6f7b9401246d94c6d
net100-az-realjun-alta	follow_renewables	44	follow_renewables	configs/scenarios/fase2/geo9_azure_realjun_alta_net100.yaml	2026-08-07T08:46:12-03:00	2026-08-07T08:46:48-03:00	36.20	35.36	0.65	203496	0	1	76407	36bfe40eed33c8b8cb491894acd6f63c05c13e0d7a15a6e6f7b9401246d94c6d
net100-az-realjun-alta	follow_renewables	45	follow_renewables	configs/scenarios/fase2/geo9_azure_realjun_alta_net100.yaml	2026-08-07T08:46:14-03:00	2026-08-07T08:46:41-03:00	27.77	26.53	0.58	202200	0	1	76442	36bfe40eed33c8b8cb491894acd6f63c05c13e0d7a15a6e6f7b9401246d94c6d
net100-az-realjun-alta	follow_renewables	46	follow_renewables	configs/scenarios/fase2/geo9_azure_realjun_alta_net100.yaml	2026-08-07T08:46:17-03:00	2026-08-07T08:46:42-03:00	25.08	24.16	0.76	206828	0	1	76546	36bfe40eed33c8b8cb491894acd6f63c05c13e0d7a15a6e6f7b9401246d94c6d
net100-az-realjun-alta	follow_renewables	47	follow_renewables	configs/scenarios/fase2/geo9_azure_realjun_alta_net100.yaml	2026-08-07T08:46:19-03:00	2026-08-07T08:46:49-03:00	30.23	29.06	0.62	201532	0	1	76593	36bfe40eed33c8b8cb491894acd6f63c05c13e0d7a15a6e6f7b9401246d94c6d
net100-az-realjun-alta	follow_renewables	48	follow_renewables	configs/scenarios/fase2/geo9_azure_realjun_alta_net100.yaml	2026-08-07T08:46:20-03:00	2026-08-07T08:46:49-03:00	29.31	28.24	0.81	206076	0	1	76615	36bfe40eed33c8b8cb491894acd6f63c05c13e0d7a15a6e6f7b9401246d94c6d
net100-az-realjun-alta	follow_renewables	49	follow_renewables	configs/scenarios/fase2/geo9_azure_realjun_alta_net100.yaml	2026-08-07T08:46:24-03:00	2026-08-07T08:46:49-03:00	25.09	24.10	0.63	203800	0	1	76704	36bfe40eed33c8b8cb491894acd6f63c05c13e0d7a15a6e6f7b9401246d94c6d
net100-az-realjun-alta	follow_renewables	50	follow_renewables	configs/scenarios/fase2/geo9_azure_realjun_alta_net100.yaml	2026-08-07T08:46:25-03:00	2026-08-07T08:46:53-03:00	28.37	27.60	0.57	202712	0	1	76738	36bfe40eed33c8b8cb491894acd6f63c05c13e0d7a15a6e6f7b9401246d94c6d
net100-az-realjun-alta	follow_renewables	51	follow_renewables	configs/scenarios/fase2/geo9_azure_realjun_alta_net100.yaml	2026-08-07T08:46:25-03:00	2026-08-07T08:46:46-03:00	20.58	19.69	0.56	202128	0	1	76780	36bfe40eed33c8b8cb491894acd6f63c05c13e0d7a15a6e6f7b9401246d94c6d
net100-az-realjun-alta	followme_s	42	followme_s	configs/scenarios/fase2/geo9_azure_realjun_alta_net100.yaml	2026-08-07T08:46:48-03:00	2026-08-07T08:47:15-03:00	27.31	26.70	0.43	130784	0	1	77381	36bfe40eed33c8b8cb491894acd6f63c05c13e0d7a15a6e6f7b9401246d94c6d
net100-az-realjun-alta	followme_s	43	followme_s	configs/scenarios/fase2/geo9_azure_realjun_alta_net100.yaml	2026-08-07T08:46:49-03:00	2026-08-07T08:47:17-03:00	28.10	27.55	0.43	131624	0	1	77405	36bfe40eed33c8b8cb491894acd6f63c05c13e0d7a15a6e6f7b9401246d94c6d
net100-az-realjun-alta	followme_s	44	followme_s	configs/scenarios/fase2/geo9_azure_realjun_alta_net100.yaml	2026-08-07T08:46:49-03:00	2026-08-07T08:47:18-03:00	28.63	27.94	0.54	132080	0	1	77418	36bfe40eed33c8b8cb491894acd6f63c05c13e0d7a15a6e6f7b9401246d94c6d
net100-az-realjun-alta	followme_s	45	followme_s	configs/scenarios/fase2/geo9_azure_realjun_alta_net100.yaml	2026-08-07T08:46:49-03:00	2026-08-07T08:47:14-03:00	24.29	23.72	0.38	130740	0	1	77441	36bfe40eed33c8b8cb491894acd6f63c05c13e0d7a15a6e6f7b9401246d94c6d
net100-az-realjun-alta	followme_s	46	followme_s	configs/scenarios/fase2/geo9_azure_realjun_alta_net100.yaml	2026-08-07T08:46:51-03:00	2026-08-07T08:47:23-03:00	31.83	31.20	0.39	131648	0	1	77502	36bfe40eed33c8b8cb491894acd6f63c05c13e0d7a15a6e6f7b9401246d94c6d
net100-az-realjun-alta	followme_s	47	followme_s	configs/scenarios/fase2/geo9_azure_realjun_alta_net100.yaml	2026-08-07T08:46:53-03:00	2026-08-07T08:47:19-03:00	26.06	25.49	0.40	127612	0	1	77537	36bfe40eed33c8b8cb491894acd6f63c05c13e0d7a15a6e6f7b9401246d94c6d
net100-az-realjun-alta	followme_s	48	followme_s	configs/scenarios/fase2/geo9_azure_realjun_alta_net100.yaml	2026-08-07T08:46:55-03:00	2026-08-07T08:47:18-03:00	23.25	22.59	0.40	131020	0	1	77591	36bfe40eed33c8b8cb491894acd6f63c05c13e0d7a15a6e6f7b9401246d94c6d
net100-az-realjun-alta	followme_s	49	followme_s	configs/scenarios/fase2/geo9_azure_realjun_alta_net100.yaml	2026-08-07T08:47:01-03:00	2026-08-07T08:47:33-03:00	32.45	31.78	0.39	129320	0	1	77720	36bfe40eed33c8b8cb491894acd6f63c05c13e0d7a15a6e6f7b9401246d94c6d
net100-az-realjun-alta	followme_s	50	followme_s	configs/scenarios/fase2/geo9_azure_realjun_alta_net100.yaml	2026-08-07T08:47:04-03:00	2026-08-07T08:47:33-03:00	28.43	27.67	0.54	127652	0	1	77815	36bfe40eed33c8b8cb491894acd6f63c05c13e0d7a15a6e6f7b9401246d94c6d
net100-az-realjun-alta	followme_s	51	followme_s	configs/scenarios/fase2/geo9_azure_realjun_alta_net100.yaml	2026-08-07T08:47:04-03:00	2026-08-07T08:47:28-03:00	23.41	22.86	0.38	126548	0	1	77836	36bfe40eed33c8b8cb491894acd6f63c05c13e0d7a15a6e6f7b9401246d94c6d
net100-az-realjun-alta	lowest_carbon_dc	42	none	configs/scenarios/fase2/geo9_azure_realjun_alta_net100.yaml	2026-08-07T08:45:53-03:00	2026-08-07T08:46:19-03:00	25.26	24.74	0.33	110164	0	1	75866	36bfe40eed33c8b8cb491894acd6f63c05c13e0d7a15a6e6f7b9401246d94c6d
net100-az-realjun-alta	lowest_carbon_dc	43	none	configs/scenarios/fase2/geo9_azure_realjun_alta_net100.yaml	2026-08-07T08:45:55-03:00	2026-08-07T08:46:20-03:00	24.76	24.18	0.42	111500	0	1	75926	36bfe40eed33c8b8cb491894acd6f63c05c13e0d7a15a6e6f7b9401246d94c6d
net100-az-realjun-alta	lowest_carbon_dc	44	none	configs/scenarios/fase2/geo9_azure_realjun_alta_net100.yaml	2026-08-07T08:45:55-03:00	2026-08-07T08:46:17-03:00	21.57	21.04	0.34	110924	0	1	75946	36bfe40eed33c8b8cb491894acd6f63c05c13e0d7a15a6e6f7b9401246d94c6d
net100-az-realjun-alta	lowest_carbon_dc	45	none	configs/scenarios/fase2/geo9_azure_realjun_alta_net100.yaml	2026-08-07T08:46:01-03:00	2026-08-07T08:46:25-03:00	23.15	22.76	0.34	110168	0	1	76072	36bfe40eed33c8b8cb491894acd6f63c05c13e0d7a15a6e6f7b9401246d94c6d
net100-az-realjun-alta	lowest_carbon_dc	46	none	configs/scenarios/fase2/geo9_azure_realjun_alta_net100.yaml	2026-08-07T08:46:01-03:00	2026-08-07T08:46:26-03:00	24.52	24.09	0.35	108272	0	1	76085	36bfe40eed33c8b8cb491894acd6f63c05c13e0d7a15a6e6f7b9401246d94c6d
net100-az-realjun-alta	lowest_carbon_dc	47	none	configs/scenarios/fase2/geo9_azure_realjun_alta_net100.yaml	2026-08-07T08:46:02-03:00	2026-08-07T08:46:25-03:00	23.12	22.66	0.38	109820	0	1	76119	36bfe40eed33c8b8cb491894acd6f63c05c13e0d7a15a6e6f7b9401246d94c6d
net100-az-realjun-alta	lowest_carbon_dc	48	none	configs/scenarios/fase2/geo9_azure_realjun_alta_net100.yaml	2026-08-07T08:46:03-03:00	2026-08-07T08:46:27-03:00	23.99	23.59	0.35	111904	0	1	76140	36bfe40eed33c8b8cb491894acd6f63c05c13e0d7a15a6e6f7b9401246d94c6d
net100-az-realjun-alta	lowest_carbon_dc	49	none	configs/scenarios/fase2/geo9_azure_realjun_alta_net100.yaml	2026-08-07T08:46:03-03:00	2026-08-07T08:46:24-03:00	21.03	20.55	0.38	110924	0	1	76153	36bfe40eed33c8b8cb491894acd6f63c05c13e0d7a15a6e6f7b9401246d94c6d
net100-az-realjun-alta	lowest_carbon_dc	50	none	configs/scenarios/fase2/geo9_azure_realjun_alta_net100.yaml	2026-08-07T08:46:05-03:00	2026-08-07T08:46:32-03:00	26.61	26.24	0.31	110552	0	1	76224	36bfe40eed33c8b8cb491894acd6f63c05c13e0d7a15a6e6f7b9401246d94c6d
net100-az-realjun-alta	lowest_carbon_dc	51	none	configs/scenarios/fase2/geo9_azure_realjun_alta_net100.yaml	2026-08-07T08:46:07-03:00	2026-08-07T08:46:37-03:00	29.86	29.29	0.34	110732	0	1	76267	36bfe40eed33c8b8cb491894acd6f63c05c13e0d7a15a6e6f7b9401246d94c6d
net100-az-realjun-alta	round_robin	42	none	configs/scenarios/fase2/geo9_azure_realjun_alta_net100.yaml	2026-08-07T08:45:09-03:00	2026-08-07T08:45:32-03:00	22.89	22.34	0.33	110488	0	1	74577	36bfe40eed33c8b8cb491894acd6f63c05c13e0d7a15a6e6f7b9401246d94c6d
net100-az-realjun-alta	round_robin	43	none	configs/scenarios/fase2/geo9_azure_realjun_alta_net100.yaml	2026-08-07T08:45:09-03:00	2026-08-07T08:45:34-03:00	25.11	24.34	0.48	111116	0	1	74596	36bfe40eed33c8b8cb491894acd6f63c05c13e0d7a15a6e6f7b9401246d94c6d
net100-az-realjun-alta	round_robin	44	none	configs/scenarios/fase2/geo9_azure_realjun_alta_net100.yaml	2026-08-07T08:45:10-03:00	2026-08-07T08:45:36-03:00	26.03	25.45	0.30	111220	0	1	74638	36bfe40eed33c8b8cb491894acd6f63c05c13e0d7a15a6e6f7b9401246d94c6d
net100-az-realjun-alta	round_robin	45	none	configs/scenarios/fase2/geo9_azure_realjun_alta_net100.yaml	2026-08-07T08:45:11-03:00	2026-08-07T08:45:33-03:00	22.53	22.09	0.32	110552	0	1	74661	36bfe40eed33c8b8cb491894acd6f63c05c13e0d7a15a6e6f7b9401246d94c6d
net100-az-realjun-alta	round_robin	46	none	configs/scenarios/fase2/geo9_azure_realjun_alta_net100.yaml	2026-08-07T08:45:11-03:00	2026-08-07T08:45:37-03:00	26.08	25.16	0.37	109808	0	1	74684	36bfe40eed33c8b8cb491894acd6f63c05c13e0d7a15a6e6f7b9401246d94c6d
net100-az-realjun-alta	round_robin	47	none	configs/scenarios/fase2/geo9_azure_realjun_alta_net100.yaml	2026-08-07T08:45:11-03:00	2026-08-07T08:45:38-03:00	26.31	25.68	0.33	110212	0	1	74697	36bfe40eed33c8b8cb491894acd6f63c05c13e0d7a15a6e6f7b9401246d94c6d
net100-az-realjun-alta	round_robin	48	none	configs/scenarios/fase2/geo9_azure_realjun_alta_net100.yaml	2026-08-07T08:45:13-03:00	2026-08-07T08:45:35-03:00	21.98	21.34	0.40	110816	0	1	74750	36bfe40eed33c8b8cb491894acd6f63c05c13e0d7a15a6e6f7b9401246d94c6d
net100-az-realjun-alta	round_robin	49	none	configs/scenarios/fase2/geo9_azure_realjun_alta_net100.yaml	2026-08-07T08:45:14-03:00	2026-08-07T08:45:37-03:00	23.84	23.39	0.32	110816	0	1	74763	36bfe40eed33c8b8cb491894acd6f63c05c13e0d7a15a6e6f7b9401246d94c6d
net100-az-realjun-alta	round_robin	50	none	configs/scenarios/fase2/geo9_azure_realjun_alta_net100.yaml	2026-08-07T08:45:16-03:00	2026-08-07T08:45:38-03:00	21.39	20.79	0.36	110860	0	1	74830	36bfe40eed33c8b8cb491894acd6f63c05c13e0d7a15a6e6f7b9401246d94c6d
net100-az-realjun-alta	round_robin	51	none	configs/scenarios/fase2/geo9_azure_realjun_alta_net100.yaml	2026-08-07T08:45:18-03:00	2026-08-07T08:45:47-03:00	29.01	28.45	0.34	110272	0	1	74876	36bfe40eed33c8b8cb491894acd6f63c05c13e0d7a15a6e6f7b9401246d94c6d
net100-az-realjun-alta	worst_fit	42	none	configs/scenarios/fase2/geo9_azure_realjun_alta_net100.yaml	2026-08-07T08:44:50-03:00	2026-08-07T08:45:08-03:00	18.71	18.23	0.31	108104	0	1	73985	36bfe40eed33c8b8cb491894acd6f63c05c13e0d7a15a6e6f7b9401246d94c6d
net100-az-realjun-alta	worst_fit	43	none	configs/scenarios/fase2/geo9_azure_realjun_alta_net100.yaml	2026-08-07T08:44:51-03:00	2026-08-07T08:45:06-03:00	15.66	15.26	0.31	108100	0	1	74029	36bfe40eed33c8b8cb491894acd6f63c05c13e0d7a15a6e6f7b9401246d94c6d
net100-az-realjun-alta	worst_fit	44	none	configs/scenarios/fase2/geo9_azure_realjun_alta_net100.yaml	2026-08-07T08:44:51-03:00	2026-08-07T08:45:16-03:00	25.27	24.85	0.32	108928	0	1	74042	36bfe40eed33c8b8cb491894acd6f63c05c13e0d7a15a6e6f7b9401246d94c6d
net100-az-realjun-alta	worst_fit	45	none	configs/scenarios/fase2/geo9_azure_realjun_alta_net100.yaml	2026-08-07T08:44:51-03:00	2026-08-07T08:45:13-03:00	22.48	21.90	0.36	108612	0	1	74055	36bfe40eed33c8b8cb491894acd6f63c05c13e0d7a15a6e6f7b9401246d94c6d
net100-az-realjun-alta	worst_fit	46	none	configs/scenarios/fase2/geo9_azure_realjun_alta_net100.yaml	2026-08-07T08:44:52-03:00	2026-08-07T08:45:19-03:00	26.27	25.59	0.39	108612	0	1	74088	36bfe40eed33c8b8cb491894acd6f63c05c13e0d7a15a6e6f7b9401246d94c6d
net100-az-realjun-alta	worst_fit	47	none	configs/scenarios/fase2/geo9_azure_realjun_alta_net100.yaml	2026-08-07T08:44:52-03:00	2026-08-07T08:45:18-03:00	25.34	24.72	0.43	108424	0	1	74101	36bfe40eed33c8b8cb491894acd6f63c05c13e0d7a15a6e6f7b9401246d94c6d
net100-az-realjun-alta	worst_fit	48	none	configs/scenarios/fase2/geo9_azure_realjun_alta_net100.yaml	2026-08-07T08:44:53-03:00	2026-08-07T08:45:19-03:00	26.24	25.73	0.32	109044	0	1	74114	36bfe40eed33c8b8cb491894acd6f63c05c13e0d7a15a6e6f7b9401246d94c6d
net100-az-realjun-alta	worst_fit	49	none	configs/scenarios/fase2/geo9_azure_realjun_alta_net100.yaml	2026-08-07T08:44:53-03:00	2026-08-07T08:45:14-03:00	20.28	19.75	0.33	108832	0	1	74137	36bfe40eed33c8b8cb491894acd6f63c05c13e0d7a15a6e6f7b9401246d94c6d
net100-az-realjun-alta	worst_fit	50	none	configs/scenarios/fase2/geo9_azure_realjun_alta_net100.yaml	2026-08-07T08:45:06-03:00	2026-08-07T08:45:29-03:00	22.18	21.77	0.35	108772	0	1	74516	36bfe40eed33c8b8cb491894acd6f63c05c13e0d7a15a6e6f7b9401246d94c6d
net100-az-realjun-alta	worst_fit	51	none	configs/scenarios/fase2/geo9_azure_realjun_alta_net100.yaml	2026-08-07T08:45:08-03:00	2026-08-07T08:45:33-03:00	24.80	24.12	0.37	108268	0	1	74563	36bfe40eed33c8b8cb491894acd6f63c05c13e0d7a15a6e6f7b9401246d94c6d
net100-az-realjun-alta	wsnb	42	none	configs/scenarios/fase2/geo9_azure_realjun_alta_net100.yaml	2026-08-07T08:46:26-03:00	2026-08-07T08:46:51-03:00	25.20	24.65	0.35	110728	0	1	76793	36bfe40eed33c8b8cb491894acd6f63c05c13e0d7a15a6e6f7b9401246d94c6d
net100-az-realjun-alta	wsnb	43	none	configs/scenarios/fase2/geo9_azure_realjun_alta_net100.yaml	2026-08-07T08:46:27-03:00	2026-08-07T08:46:46-03:00	19.02	18.30	0.28	112544	0	1	76827	36bfe40eed33c8b8cb491894acd6f63c05c13e0d7a15a6e6f7b9401246d94c6d
net100-az-realjun-alta	wsnb	44	none	configs/scenarios/fase2/geo9_azure_realjun_alta_net100.yaml	2026-08-07T08:46:32-03:00	2026-08-07T08:46:55-03:00	23.45	22.89	0.33	111800	0	1	76932	36bfe40eed33c8b8cb491894acd6f63c05c13e0d7a15a6e6f7b9401246d94c6d
net100-az-realjun-alta	wsnb	45	none	configs/scenarios/fase2/geo9_azure_realjun_alta_net100.yaml	2026-08-07T08:46:37-03:00	2026-08-07T08:47:01-03:00	23.98	23.54	0.34	106844	0	1	77071	36bfe40eed33c8b8cb491894acd6f63c05c13e0d7a15a6e6f7b9401246d94c6d
net100-az-realjun-alta	wsnb	46	none	configs/scenarios/fase2/geo9_azure_realjun_alta_net100.yaml	2026-08-07T08:46:37-03:00	2026-08-07T08:47:04-03:00	27.07	26.62	0.32	107956	0	1	77084	36bfe40eed33c8b8cb491894acd6f63c05c13e0d7a15a6e6f7b9401246d94c6d
net100-az-realjun-alta	wsnb	47	none	configs/scenarios/fase2/geo9_azure_realjun_alta_net100.yaml	2026-08-07T08:46:38-03:00	2026-08-07T08:47:04-03:00	26.06	25.59	0.37	107076	0	1	77108	36bfe40eed33c8b8cb491894acd6f63c05c13e0d7a15a6e6f7b9401246d94c6d
net100-az-realjun-alta	wsnb	48	none	configs/scenarios/fase2/geo9_azure_realjun_alta_net100.yaml	2026-08-07T08:46:41-03:00	2026-08-07T08:47:09-03:00	27.15	26.73	0.33	107700	0	1	77216	36bfe40eed33c8b8cb491894acd6f63c05c13e0d7a15a6e6f7b9401246d94c6d
net100-az-realjun-alta	wsnb	49	none	configs/scenarios/fase2/geo9_azure_realjun_alta_net100.yaml	2026-08-07T08:46:42-03:00	2026-08-07T08:47:10-03:00	28.12	27.66	0.36	111392	0	1	77229	36bfe40eed33c8b8cb491894acd6f63c05c13e0d7a15a6e6f7b9401246d94c6d
net100-az-realjun-alta	wsnb	50	none	configs/scenarios/fase2/geo9_azure_realjun_alta_net100.yaml	2026-08-07T08:46:46-03:00	2026-08-07T08:47:08-03:00	21.98	21.47	0.39	107256	0	1	77322	36bfe40eed33c8b8cb491894acd6f63c05c13e0d7a15a6e6f7b9401246d94c6d
net100-az-realjun-alta	wsnb	51	none	configs/scenarios/fase2/geo9_azure_realjun_alta_net100.yaml	2026-08-07T08:46:46-03:00	2026-08-07T08:47:07-03:00	20.68	20.10	0.42	110968	0	1	77335	36bfe40eed33c8b8cb491894acd6f63c05c13e0d7a15a6e6f7b9401246d94c6d
net100-az-realjun-folgada	best_fit	42	none	configs/scenarios/fase2/geo9_azure_realjun_folgada_net100.yaml	2026-08-07T08:43:46-03:00	2026-08-07T08:43:47-03:00	1.32	1.22	0.09	43728	0	1	68274	36bfe40eed33c8b8cb491894acd6f63c05c13e0d7a15a6e6f7b9401246d94c6d
net100-az-realjun-folgada	best_fit	43	none	configs/scenarios/fase2/geo9_azure_realjun_folgada_net100.yaml	2026-08-07T08:43:46-03:00	2026-08-07T08:43:48-03:00	2.02	1.89	0.12	43968	0	1	68279	36bfe40eed33c8b8cb491894acd6f63c05c13e0d7a15a6e6f7b9401246d94c6d
net100-az-realjun-folgada	best_fit	44	none	configs/scenarios/fase2/geo9_azure_realjun_folgada_net100.yaml	2026-08-07T08:43:46-03:00	2026-08-07T08:43:48-03:00	2.24	2.12	0.11	43820	0	1	68284	36bfe40eed33c8b8cb491894acd6f63c05c13e0d7a15a6e6f7b9401246d94c6d
net100-az-realjun-folgada	best_fit	45	none	configs/scenarios/fase2/geo9_azure_realjun_folgada_net100.yaml	2026-08-07T08:43:46-03:00	2026-08-07T08:43:48-03:00	2.02	1.90	0.12	43820	0	1	68289	36bfe40eed33c8b8cb491894acd6f63c05c13e0d7a15a6e6f7b9401246d94c6d
net100-az-realjun-folgada	best_fit	46	none	configs/scenarios/fase2/geo9_azure_realjun_folgada_net100.yaml	2026-08-07T08:43:47-03:00	2026-08-07T08:43:48-03:00	1.31	1.18	0.11	43708	0	1	68362	36bfe40eed33c8b8cb491894acd6f63c05c13e0d7a15a6e6f7b9401246d94c6d
net100-az-realjun-folgada	best_fit	47	none	configs/scenarios/fase2/geo9_azure_realjun_folgada_net100.yaml	2026-08-07T08:43:47-03:00	2026-08-07T08:43:49-03:00	1.73	1.56	0.09	43712	0	1	68375	36bfe40eed33c8b8cb491894acd6f63c05c13e0d7a15a6e6f7b9401246d94c6d
net100-az-realjun-folgada	best_fit	48	none	configs/scenarios/fase2/geo9_azure_realjun_folgada_net100.yaml	2026-08-07T08:43:47-03:00	2026-08-07T08:43:49-03:00	1.38	1.27	0.10	43944	0	1	68388	36bfe40eed33c8b8cb491894acd6f63c05c13e0d7a15a6e6f7b9401246d94c6d
net100-az-realjun-folgada	best_fit	49	none	configs/scenarios/fase2/geo9_azure_realjun_folgada_net100.yaml	2026-08-07T08:43:47-03:00	2026-08-07T08:43:49-03:00	1.86	1.74	0.10	43788	0	1	68401	36bfe40eed33c8b8cb491894acd6f63c05c13e0d7a15a6e6f7b9401246d94c6d
net100-az-realjun-folgada	best_fit	50	none	configs/scenarios/fase2/geo9_azure_realjun_folgada_net100.yaml	2026-08-07T08:43:47-03:00	2026-08-07T08:43:49-03:00	1.88	1.75	0.10	43744	0	1	68414	36bfe40eed33c8b8cb491894acd6f63c05c13e0d7a15a6e6f7b9401246d94c6d
net100-az-realjun-folgada	best_fit	51	none	configs/scenarios/fase2/geo9_azure_realjun_folgada_net100.yaml	2026-08-07T08:43:48-03:00	2026-08-07T08:43:50-03:00	1.92	1.77	0.11	43276	0	1	68435	36bfe40eed33c8b8cb491894acd6f63c05c13e0d7a15a6e6f7b9401246d94c6d
net100-az-realjun-folgada	bfd	42	none	configs/scenarios/fase2/geo9_azure_realjun_folgada_net100.yaml	2026-08-07T08:43:51-03:00	2026-08-07T08:43:53-03:00	1.97	1.85	0.11	43364	0	1	68920	36bfe40eed33c8b8cb491894acd6f63c05c13e0d7a15a6e6f7b9401246d94c6d
net100-az-realjun-folgada	bfd	43	none	configs/scenarios/fase2/geo9_azure_realjun_folgada_net100.yaml	2026-08-07T08:43:51-03:00	2026-08-07T08:43:53-03:00	2.00	1.87	0.10	43384	0	1	68926	36bfe40eed33c8b8cb491894acd6f63c05c13e0d7a15a6e6f7b9401246d94c6d
net100-az-realjun-folgada	bfd	44	none	configs/scenarios/fase2/geo9_azure_realjun_folgada_net100.yaml	2026-08-07T08:43:52-03:00	2026-08-07T08:43:54-03:00	2.09	1.91	0.09	43356	0	1	68941	36bfe40eed33c8b8cb491894acd6f63c05c13e0d7a15a6e6f7b9401246d94c6d
net100-az-realjun-folgada	bfd	45	none	configs/scenarios/fase2/geo9_azure_realjun_folgada_net100.yaml	2026-08-07T08:43:52-03:00	2026-08-07T08:43:53-03:00	1.74	1.63	0.09	43364	0	1	68954	36bfe40eed33c8b8cb491894acd6f63c05c13e0d7a15a6e6f7b9401246d94c6d
net100-az-realjun-folgada	bfd	46	none	configs/scenarios/fase2/geo9_azure_realjun_folgada_net100.yaml	2026-08-07T08:43:52-03:00	2026-08-07T08:43:54-03:00	1.94	1.77	0.12	57992	0	1	68967	36bfe40eed33c8b8cb491894acd6f63c05c13e0d7a15a6e6f7b9401246d94c6d
net100-az-realjun-folgada	bfd	47	none	configs/scenarios/fase2/geo9_azure_realjun_folgada_net100.yaml	2026-08-07T08:43:52-03:00	2026-08-07T08:43:54-03:00	1.89	1.77	0.11	58288	0	1	68980	36bfe40eed33c8b8cb491894acd6f63c05c13e0d7a15a6e6f7b9401246d94c6d
net100-az-realjun-folgada	bfd	48	none	configs/scenarios/fase2/geo9_azure_realjun_folgada_net100.yaml	2026-08-07T08:43:52-03:00	2026-08-07T08:43:54-03:00	1.85	1.73	0.09	43416	0	1	68993	36bfe40eed33c8b8cb491894acd6f63c05c13e0d7a15a6e6f7b9401246d94c6d
net100-az-realjun-folgada	bfd	49	none	configs/scenarios/fase2/geo9_azure_realjun_folgada_net100.yaml	2026-08-07T08:43:52-03:00	2026-08-07T08:43:54-03:00	1.84	1.73	0.10	43696	0	1	69006	36bfe40eed33c8b8cb491894acd6f63c05c13e0d7a15a6e6f7b9401246d94c6d
net100-az-realjun-folgada	bfd	50	none	configs/scenarios/fase2/geo9_azure_realjun_folgada_net100.yaml	2026-08-07T08:43:52-03:00	2026-08-07T08:43:53-03:00	1.51	1.40	0.09	57480	0	1	69019	36bfe40eed33c8b8cb491894acd6f63c05c13e0d7a15a6e6f7b9401246d94c6d
net100-az-realjun-folgada	bfd	51	none	configs/scenarios/fase2/geo9_azure_realjun_folgada_net100.yaml	2026-08-07T08:43:53-03:00	2026-08-07T08:43:55-03:00	1.83	1.70	0.10	57984	0	1	69062	36bfe40eed33c8b8cb491894acd6f63c05c13e0d7a15a6e6f7b9401246d94c6d
net100-az-realjun-folgada	cnemesis	42	cnemesis	configs/scenarios/fase2/geo9_azure_realjun_folgada_net100.yaml	2026-08-07T08:43:58-03:00	2026-08-07T08:43:59-03:00	1.84	1.70	0.12	47020	0	1	69675	36bfe40eed33c8b8cb491894acd6f63c05c13e0d7a15a6e6f7b9401246d94c6d
net100-az-realjun-folgada	cnemesis	43	cnemesis	configs/scenarios/fase2/geo9_azure_realjun_folgada_net100.yaml	2026-08-07T08:43:58-03:00	2026-08-07T08:44:00-03:00	1.48	1.35	0.12	46980	0	1	69689	36bfe40eed33c8b8cb491894acd6f63c05c13e0d7a15a6e6f7b9401246d94c6d
net100-az-realjun-folgada	cnemesis	44	cnemesis	configs/scenarios/fase2/geo9_azure_realjun_folgada_net100.yaml	2026-08-07T08:43:58-03:00	2026-08-07T08:44:00-03:00	1.67	1.53	0.12	46820	0	1	69742	36bfe40eed33c8b8cb491894acd6f63c05c13e0d7a15a6e6f7b9401246d94c6d
net100-az-realjun-folgada	cnemesis	45	cnemesis	configs/scenarios/fase2/geo9_azure_realjun_folgada_net100.yaml	2026-08-07T08:43:59-03:00	2026-08-07T08:44:00-03:00	1.78	1.63	0.12	47068	0	1	69756	36bfe40eed33c8b8cb491894acd6f63c05c13e0d7a15a6e6f7b9401246d94c6d
net100-az-realjun-folgada	cnemesis	46	cnemesis	configs/scenarios/fase2/geo9_azure_realjun_folgada_net100.yaml	2026-08-07T08:43:59-03:00	2026-08-07T08:44:01-03:00	1.94	1.77	0.11	46528	0	1	69769	36bfe40eed33c8b8cb491894acd6f63c05c13e0d7a15a6e6f7b9401246d94c6d
net100-az-realjun-folgada	cnemesis	47	cnemesis	configs/scenarios/fase2/geo9_azure_realjun_folgada_net100.yaml	2026-08-07T08:43:59-03:00	2026-08-07T08:44:01-03:00	1.86	1.74	0.11	46848	0	1	69782	36bfe40eed33c8b8cb491894acd6f63c05c13e0d7a15a6e6f7b9401246d94c6d
net100-az-realjun-folgada	cnemesis	48	cnemesis	configs/scenarios/fase2/geo9_azure_realjun_folgada_net100.yaml	2026-08-07T08:43:59-03:00	2026-08-07T08:44:01-03:00	1.81	1.64	0.13	46852	0	1	69795	36bfe40eed33c8b8cb491894acd6f63c05c13e0d7a15a6e6f7b9401246d94c6d
net100-az-realjun-folgada	cnemesis	49	cnemesis	configs/scenarios/fase2/geo9_azure_realjun_folgada_net100.yaml	2026-08-07T08:43:59-03:00	2026-08-07T08:44:01-03:00	1.67	1.54	0.12	46912	0	1	69808	36bfe40eed33c8b8cb491894acd6f63c05c13e0d7a15a6e6f7b9401246d94c6d
net100-az-realjun-folgada	cnemesis	50	cnemesis	configs/scenarios/fase2/geo9_azure_realjun_folgada_net100.yaml	2026-08-07T08:43:59-03:00	2026-08-07T08:44:01-03:00	1.93	1.77	0.11	46772	0	1	69821	36bfe40eed33c8b8cb491894acd6f63c05c13e0d7a15a6e6f7b9401246d94c6d
net100-az-realjun-folgada	cnemesis	51	cnemesis	configs/scenarios/fase2/geo9_azure_realjun_folgada_net100.yaml	2026-08-07T08:43:59-03:00	2026-08-07T08:44:01-03:00	1.80	1.70	0.10	46856	0	1	69847	36bfe40eed33c8b8cb491894acd6f63c05c13e0d7a15a6e6f7b9401246d94c6d
net100-az-realjun-folgada	ffd	42	none	configs/scenarios/fase2/geo9_azure_realjun_folgada_net100.yaml	2026-08-07T08:43:50-03:00	2026-08-07T08:43:52-03:00	1.85	1.67	0.10	57528	0	1	68748	36bfe40eed33c8b8cb491894acd6f63c05c13e0d7a15a6e6f7b9401246d94c6d
net100-az-realjun-folgada	ffd	43	none	configs/scenarios/fase2/geo9_azure_realjun_folgada_net100.yaml	2026-08-07T08:43:50-03:00	2026-08-07T08:43:51-03:00	1.44	1.33	0.10	57460	0	1	68761	36bfe40eed33c8b8cb491894acd6f63c05c13e0d7a15a6e6f7b9401246d94c6d
net100-az-realjun-folgada	ffd	44	none	configs/scenarios/fase2/geo9_azure_realjun_folgada_net100.yaml	2026-08-07T08:43:50-03:00	2026-08-07T08:43:52-03:00	1.66	1.53	0.12	57404	0	1	68774	36bfe40eed33c8b8cb491894acd6f63c05c13e0d7a15a6e6f7b9401246d94c6d
net100-az-realjun-folgada	ffd	45	none	configs/scenarios/fase2/geo9_azure_realjun_folgada_net100.yaml	2026-08-07T08:43:50-03:00	2026-08-07T08:43:51-03:00	1.50	1.35	0.12	57488	0	1	68789	36bfe40eed33c8b8cb491894acd6f63c05c13e0d7a15a6e6f7b9401246d94c6d
net100-az-realjun-folgada	ffd	46	none	configs/scenarios/fase2/geo9_azure_realjun_folgada_net100.yaml	2026-08-07T08:43:50-03:00	2026-08-07T08:43:52-03:00	1.05	0.95	0.09	58224	0	1	68826	36bfe40eed33c8b8cb491894acd6f63c05c13e0d7a15a6e6f7b9401246d94c6d
net100-az-realjun-folgada	ffd	47	none	configs/scenarios/fase2/geo9_azure_realjun_folgada_net100.yaml	2026-08-07T08:43:51-03:00	2026-08-07T08:43:53-03:00	1.83	1.71	0.11	58012	0	1	68850	36bfe40eed33c8b8cb491894acd6f63c05c13e0d7a15a6e6f7b9401246d94c6d
net100-az-realjun-folgada	ffd	48	none	configs/scenarios/fase2/geo9_azure_realjun_folgada_net100.yaml	2026-08-07T08:43:51-03:00	2026-08-07T08:43:53-03:00	2.00	1.83	0.11	57292	0	1	68863	36bfe40eed33c8b8cb491894acd6f63c05c13e0d7a15a6e6f7b9401246d94c6d
net100-az-realjun-folgada	ffd	49	none	configs/scenarios/fase2/geo9_azure_realjun_folgada_net100.yaml	2026-08-07T08:43:51-03:00	2026-08-07T08:43:53-03:00	1.85	1.73	0.11	57572	0	1	68876	36bfe40eed33c8b8cb491894acd6f63c05c13e0d7a15a6e6f7b9401246d94c6d
net100-az-realjun-folgada	ffd	50	none	configs/scenarios/fase2/geo9_azure_realjun_folgada_net100.yaml	2026-08-07T08:43:51-03:00	2026-08-07T08:43:53-03:00	1.73	1.57	0.14	57456	0	1	68889	36bfe40eed33c8b8cb491894acd6f63c05c13e0d7a15a6e6f7b9401246d94c6d
net100-az-realjun-folgada	ffd	51	none	configs/scenarios/fase2/geo9_azure_realjun_folgada_net100.yaml	2026-08-07T08:43:51-03:00	2026-08-07T08:43:53-03:00	1.72	1.62	0.09	58072	0	1	68910	36bfe40eed33c8b8cb491894acd6f63c05c13e0d7a15a6e6f7b9401246d94c6d
net100-az-realjun-folgada	first_fit	42	none	configs/scenarios/fase2/geo9_azure_realjun_folgada_net100.yaml	2026-08-07T08:43:46-03:00	2026-08-07T08:43:48-03:00	2.15	2.01	0.12	57980	0	1	68254	36bfe40eed33c8b8cb491894acd6f63c05c13e0d7a15a6e6f7b9401246d94c6d
net100-az-realjun-folgada	first_fit	43	none	configs/scenarios/fase2/geo9_azure_realjun_folgada_net100.yaml	2026-08-07T08:43:46-03:00	2026-08-07T08:43:48-03:00	2.06	1.88	0.13	57880	0	1	68255	36bfe40eed33c8b8cb491894acd6f63c05c13e0d7a15a6e6f7b9401246d94c6d
net100-az-realjun-folgada	first_fit	44	none	configs/scenarios/fase2/geo9_azure_realjun_folgada_net100.yaml	2026-08-07T08:43:46-03:00	2026-08-07T08:43:47-03:00	1.89	1.76	0.13	57664	0	1	68256	36bfe40eed33c8b8cb491894acd6f63c05c13e0d7a15a6e6f7b9401246d94c6d
net100-az-realjun-folgada	first_fit	45	none	configs/scenarios/fase2/geo9_azure_realjun_folgada_net100.yaml	2026-08-07T08:43:46-03:00	2026-08-07T08:43:47-03:00	1.38	1.28	0.09	57932	0	1	68257	36bfe40eed33c8b8cb491894acd6f63c05c13e0d7a15a6e6f7b9401246d94c6d
net100-az-realjun-folgada	first_fit	46	none	configs/scenarios/fase2/geo9_azure_realjun_folgada_net100.yaml	2026-08-07T08:43:46-03:00	2026-08-07T08:43:47-03:00	1.88	1.75	0.10	58288	0	1	68258	36bfe40eed33c8b8cb491894acd6f63c05c13e0d7a15a6e6f7b9401246d94c6d
net100-az-realjun-folgada	first_fit	47	none	configs/scenarios/fase2/geo9_azure_realjun_folgada_net100.yaml	2026-08-07T08:43:46-03:00	2026-08-07T08:43:48-03:00	2.16	2.02	0.14	58196	0	1	68261	36bfe40eed33c8b8cb491894acd6f63c05c13e0d7a15a6e6f7b9401246d94c6d
net100-az-realjun-folgada	first_fit	48	none	configs/scenarios/fase2/geo9_azure_realjun_folgada_net100.yaml	2026-08-07T08:43:46-03:00	2026-08-07T08:43:48-03:00	2.12	1.96	0.15	57500	0	1	68262	36bfe40eed33c8b8cb491894acd6f63c05c13e0d7a15a6e6f7b9401246d94c6d
net100-az-realjun-folgada	first_fit	49	none	configs/scenarios/fase2/geo9_azure_realjun_folgada_net100.yaml	2026-08-07T08:43:46-03:00	2026-08-07T08:43:48-03:00	2.16	2.04	0.11	57776	0	1	68264	36bfe40eed33c8b8cb491894acd6f63c05c13e0d7a15a6e6f7b9401246d94c6d
net100-az-realjun-folgada	first_fit	50	none	configs/scenarios/fase2/geo9_azure_realjun_folgada_net100.yaml	2026-08-07T08:43:46-03:00	2026-08-07T08:43:47-03:00	1.71	1.56	0.13	57964	0	1	68267	36bfe40eed33c8b8cb491894acd6f63c05c13e0d7a15a6e6f7b9401246d94c6d
net100-az-realjun-folgada	first_fit	51	none	configs/scenarios/fase2/geo9_azure_realjun_folgada_net100.yaml	2026-08-07T08:43:46-03:00	2026-08-07T08:43:48-03:00	2.08	1.94	0.14	58216	0	1	68272	36bfe40eed33c8b8cb491894acd6f63c05c13e0d7a15a6e6f7b9401246d94c6d
net100-az-realjun-folgada	follow_renewables	42	follow_renewables	configs/scenarios/fase2/geo9_azure_realjun_folgada_net100.yaml	2026-08-07T08:43:54-03:00	2026-08-07T08:43:55-03:00	1.44	1.32	0.10	58200	0	1	69229	36bfe40eed33c8b8cb491894acd6f63c05c13e0d7a15a6e6f7b9401246d94c6d
net100-az-realjun-folgada	follow_renewables	43	follow_renewables	configs/scenarios/fase2/geo9_azure_realjun_folgada_net100.yaml	2026-08-07T08:43:54-03:00	2026-08-07T08:43:55-03:00	1.69	1.58	0.11	58116	0	1	69235	36bfe40eed33c8b8cb491894acd6f63c05c13e0d7a15a6e6f7b9401246d94c6d
net100-az-realjun-folgada	follow_renewables	44	follow_renewables	configs/scenarios/fase2/geo9_azure_realjun_folgada_net100.yaml	2026-08-07T08:43:54-03:00	2026-08-07T08:43:56-03:00	1.91	1.78	0.11	57924	0	1	69250	36bfe40eed33c8b8cb491894acd6f63c05c13e0d7a15a6e6f7b9401246d94c6d
net100-az-realjun-folgada	follow_renewables	45	follow_renewables	configs/scenarios/fase2/geo9_azure_realjun_folgada_net100.yaml	2026-08-07T08:43:55-03:00	2026-08-07T08:43:56-03:00	1.79	1.64	0.13	58096	0	1	69284	36bfe40eed33c8b8cb491894acd6f63c05c13e0d7a15a6e6f7b9401246d94c6d
net100-az-realjun-folgada	follow_renewables	46	follow_renewables	configs/scenarios/fase2/geo9_azure_realjun_folgada_net100.yaml	2026-08-07T08:43:55-03:00	2026-08-07T08:43:57-03:00	1.79	1.69	0.09	58508	0	1	69297	36bfe40eed33c8b8cb491894acd6f63c05c13e0d7a15a6e6f7b9401246d94c6d
net100-az-realjun-folgada	follow_renewables	47	follow_renewables	configs/scenarios/fase2/geo9_azure_realjun_folgada_net100.yaml	2026-08-07T08:43:55-03:00	2026-08-07T08:43:56-03:00	1.43	1.33	0.10	58420	0	1	69318	36bfe40eed33c8b8cb491894acd6f63c05c13e0d7a15a6e6f7b9401246d94c6d
net100-az-realjun-folgada	follow_renewables	48	follow_renewables	configs/scenarios/fase2/geo9_azure_realjun_folgada_net100.yaml	2026-08-07T08:43:55-03:00	2026-08-07T08:43:57-03:00	1.79	1.66	0.11	57640	0	1	69319	36bfe40eed33c8b8cb491894acd6f63c05c13e0d7a15a6e6f7b9401246d94c6d
net100-az-realjun-folgada	follow_renewables	49	follow_renewables	configs/scenarios/fase2/geo9_azure_realjun_folgada_net100.yaml	2026-08-07T08:43:55-03:00	2026-08-07T08:43:57-03:00	1.78	1.67	0.09	58068	0	1	69336	36bfe40eed33c8b8cb491894acd6f63c05c13e0d7a15a6e6f7b9401246d94c6d
net100-az-realjun-folgada	follow_renewables	50	follow_renewables	configs/scenarios/fase2/geo9_azure_realjun_folgada_net100.yaml	2026-08-07T08:43:55-03:00	2026-08-07T08:43:57-03:00	1.86	1.70	0.11	57916	0	1	69349	36bfe40eed33c8b8cb491894acd6f63c05c13e0d7a15a6e6f7b9401246d94c6d
net100-az-realjun-folgada	follow_renewables	51	follow_renewables	configs/scenarios/fase2/geo9_azure_realjun_folgada_net100.yaml	2026-08-07T08:43:55-03:00	2026-08-07T08:43:57-03:00	1.80	1.67	0.11	58644	0	1	69369	36bfe40eed33c8b8cb491894acd6f63c05c13e0d7a15a6e6f7b9401246d94c6d
net100-az-realjun-folgada	followme_s	42	followme_s	configs/scenarios/fase2/geo9_azure_realjun_folgada_net100.yaml	2026-08-07T08:43:57-03:00	2026-08-07T08:43:59-03:00	2.04	1.90	0.13	53484	0	1	69534	36bfe40eed33c8b8cb491894acd6f63c05c13e0d7a15a6e6f7b9401246d94c6d
net100-az-realjun-folgada	followme_s	43	followme_s	configs/scenarios/fase2/geo9_azure_realjun_folgada_net100.yaml	2026-08-07T08:43:57-03:00	2026-08-07T08:43:59-03:00	2.30	2.16	0.12	52108	0	1	69547	36bfe40eed33c8b8cb491894acd6f63c05c13e0d7a15a6e6f7b9401246d94c6d
net100-az-realjun-folgada	followme_s	44	followme_s	configs/scenarios/fase2/geo9_azure_realjun_folgada_net100.yaml	2026-08-07T08:43:57-03:00	2026-08-07T08:43:59-03:00	1.95	1.79	0.13	53100	0	1	69563	36bfe40eed33c8b8cb491894acd6f63c05c13e0d7a15a6e6f7b9401246d94c6d
net100-az-realjun-folgada	followme_s	45	followme_s	configs/scenarios/fase2/geo9_azure_realjun_folgada_net100.yaml	2026-08-07T08:43:57-03:00	2026-08-07T08:43:59-03:00	2.26	2.09	0.15	52992	0	1	69573	36bfe40eed33c8b8cb491894acd6f63c05c13e0d7a15a6e6f7b9401246d94c6d
net100-az-realjun-folgada	followme_s	46	followme_s	configs/scenarios/fase2/geo9_azure_realjun_folgada_net100.yaml	2026-08-07T08:43:57-03:00	2026-08-07T08:43:59-03:00	1.83	1.69	0.13	52568	0	1	69586	36bfe40eed33c8b8cb491894acd6f63c05c13e0d7a15a6e6f7b9401246d94c6d
net100-az-realjun-folgada	followme_s	47	followme_s	configs/scenarios/fase2/geo9_azure_realjun_folgada_net100.yaml	2026-08-07T08:43:57-03:00	2026-08-07T08:43:59-03:00	2.08	1.93	0.14	53624	0	1	69600	36bfe40eed33c8b8cb491894acd6f63c05c13e0d7a15a6e6f7b9401246d94c6d
net100-az-realjun-folgada	followme_s	48	followme_s	configs/scenarios/fase2/geo9_azure_realjun_folgada_net100.yaml	2026-08-07T08:43:57-03:00	2026-08-07T08:43:59-03:00	2.01	1.83	0.13	51824	0	1	69623	36bfe40eed33c8b8cb491894acd6f63c05c13e0d7a15a6e6f7b9401246d94c6d
net100-az-realjun-folgada	followme_s	49	followme_s	configs/scenarios/fase2/geo9_azure_realjun_folgada_net100.yaml	2026-08-07T08:43:57-03:00	2026-08-07T08:43:59-03:00	2.00	1.85	0.13	52712	0	1	69636	36bfe40eed33c8b8cb491894acd6f63c05c13e0d7a15a6e6f7b9401246d94c6d
net100-az-realjun-folgada	followme_s	50	followme_s	configs/scenarios/fase2/geo9_azure_realjun_folgada_net100.yaml	2026-08-07T08:43:57-03:00	2026-08-07T08:43:59-03:00	2.08	1.93	0.14	52876	0	1	69649	36bfe40eed33c8b8cb491894acd6f63c05c13e0d7a15a6e6f7b9401246d94c6d
net100-az-realjun-folgada	followme_s	51	followme_s	configs/scenarios/fase2/geo9_azure_realjun_folgada_net100.yaml	2026-08-07T08:43:57-03:00	2026-08-07T08:43:59-03:00	1.63	1.49	0.12	52884	0	1	69662	36bfe40eed33c8b8cb491894acd6f63c05c13e0d7a15a6e6f7b9401246d94c6d
net100-az-realjun-folgada	lowest_carbon_dc	42	none	configs/scenarios/fase2/geo9_azure_realjun_folgada_net100.yaml	2026-08-07T08:43:53-03:00	2026-08-07T08:43:55-03:00	1.78	1.65	0.11	58084	0	1	69093	36bfe40eed33c8b8cb491894acd6f63c05c13e0d7a15a6e6f7b9401246d94c6d
net100-az-realjun-folgada	lowest_carbon_dc	43	none	configs/scenarios/fase2/geo9_azure_realjun_folgada_net100.yaml	2026-08-07T08:43:53-03:00	2026-08-07T08:43:55-03:00	1.81	1.63	0.10	57996	0	1	69107	36bfe40eed33c8b8cb491894acd6f63c05c13e0d7a15a6e6f7b9401246d94c6d
net100-az-realjun-folgada	lowest_carbon_dc	44	none	configs/scenarios/fase2/geo9_azure_realjun_folgada_net100.yaml	2026-08-07T08:43:53-03:00	2026-08-07T08:43:55-03:00	1.60	1.49	0.10	57580	0	1	69120	36bfe40eed33c8b8cb491894acd6f63c05c13e0d7a15a6e6f7b9401246d94c6d
net100-az-realjun-folgada	lowest_carbon_dc	45	none	configs/scenarios/fase2/geo9_azure_realjun_folgada_net100.yaml	2026-08-07T08:43:53-03:00	2026-08-07T08:43:55-03:00	1.37	1.24	0.10	58188	0	1	69137	36bfe40eed33c8b8cb491894acd6f63c05c13e0d7a15a6e6f7b9401246d94c6d
net100-az-realjun-folgada	lowest_carbon_dc	46	none	configs/scenarios/fase2/geo9_azure_realjun_folgada_net100.yaml	2026-08-07T08:43:53-03:00	2026-08-07T08:43:55-03:00	2.05	1.91	0.12	58584	0	1	69146	36bfe40eed33c8b8cb491894acd6f63c05c13e0d7a15a6e6f7b9401246d94c6d
net100-az-realjun-folgada	lowest_carbon_dc	47	none	configs/scenarios/fase2/geo9_azure_realjun_folgada_net100.yaml	2026-08-07T08:43:53-03:00	2026-08-07T08:43:55-03:00	2.08	1.94	0.12	58336	0	1	69159	36bfe40eed33c8b8cb491894acd6f63c05c13e0d7a15a6e6f7b9401246d94c6d
net100-az-realjun-folgada	lowest_carbon_dc	48	none	configs/scenarios/fase2/geo9_azure_realjun_folgada_net100.yaml	2026-08-07T08:43:53-03:00	2026-08-07T08:43:56-03:00	2.07	1.91	0.13	57752	0	1	69172	36bfe40eed33c8b8cb491894acd6f63c05c13e0d7a15a6e6f7b9401246d94c6d
net100-az-realjun-folgada	lowest_carbon_dc	49	none	configs/scenarios/fase2/geo9_azure_realjun_folgada_net100.yaml	2026-08-07T08:43:53-03:00	2026-08-07T08:43:55-03:00	1.81	1.67	0.12	58064	0	1	69185	36bfe40eed33c8b8cb491894acd6f63c05c13e0d7a15a6e6f7b9401246d94c6d
net100-az-realjun-folgada	lowest_carbon_dc	50	none	configs/scenarios/fase2/geo9_azure_realjun_folgada_net100.yaml	2026-08-07T08:43:54-03:00	2026-08-07T08:43:55-03:00	1.68	1.56	0.10	58124	0	1	69198	36bfe40eed33c8b8cb491894acd6f63c05c13e0d7a15a6e6f7b9401246d94c6d
net100-az-realjun-folgada	lowest_carbon_dc	51	none	configs/scenarios/fase2/geo9_azure_realjun_folgada_net100.yaml	2026-08-07T08:43:54-03:00	2026-08-07T08:43:55-03:00	1.78	1.64	0.11	58612	0	1	69211	36bfe40eed33c8b8cb491894acd6f63c05c13e0d7a15a6e6f7b9401246d94c6d
net100-az-realjun-folgada	round_robin	42	none	configs/scenarios/fase2/geo9_azure_realjun_folgada_net100.yaml	2026-08-07T08:43:49-03:00	2026-08-07T08:43:50-03:00	1.70	1.57	0.10	58568	0	1	68607	36bfe40eed33c8b8cb491894acd6f63c05c13e0d7a15a6e6f7b9401246d94c6d
net100-az-realjun-folgada	round_robin	43	none	configs/scenarios/fase2/geo9_azure_realjun_folgada_net100.yaml	2026-08-07T08:43:49-03:00	2026-08-07T08:43:51-03:00	1.94	1.80	0.11	58144	0	1	68631	36bfe40eed33c8b8cb491894acd6f63c05c13e0d7a15a6e6f7b9401246d94c6d
net100-az-realjun-folgada	round_robin	44	none	configs/scenarios/fase2/geo9_azure_realjun_folgada_net100.yaml	2026-08-07T08:43:49-03:00	2026-08-07T08:43:51-03:00	2.00	1.83	0.12	58072	0	1	68644	36bfe40eed33c8b8cb491894acd6f63c05c13e0d7a15a6e6f7b9401246d94c6d
net100-az-realjun-folgada	round_robin	45	none	configs/scenarios/fase2/geo9_azure_realjun_folgada_net100.yaml	2026-08-07T08:43:49-03:00	2026-08-07T08:43:51-03:00	1.93	1.78	0.11	58464	0	1	68657	36bfe40eed33c8b8cb491894acd6f63c05c13e0d7a15a6e6f7b9401246d94c6d
net100-az-realjun-folgada	round_robin	46	none	configs/scenarios/fase2/geo9_azure_realjun_folgada_net100.yaml	2026-08-07T08:43:50-03:00	2026-08-07T08:43:52-03:00	2.13	2.00	0.12	58824	0	1	68670	36bfe40eed33c8b8cb491894acd6f63c05c13e0d7a15a6e6f7b9401246d94c6d
net100-az-realjun-folgada	round_robin	47	none	configs/scenarios/fase2/geo9_azure_realjun_folgada_net100.yaml	2026-08-07T08:43:50-03:00	2026-08-07T08:43:51-03:00	1.90	1.76	0.11	58580	0	1	68683	36bfe40eed33c8b8cb491894acd6f63c05c13e0d7a15a6e6f7b9401246d94c6d
net100-az-realjun-folgada	round_robin	48	none	configs/scenarios/fase2/geo9_azure_realjun_folgada_net100.yaml	2026-08-07T08:43:50-03:00	2026-08-07T08:43:51-03:00	1.89	1.77	0.09	57572	0	1	68696	36bfe40eed33c8b8cb491894acd6f63c05c13e0d7a15a6e6f7b9401246d94c6d
net100-az-realjun-folgada	round_robin	49	none	configs/scenarios/fase2/geo9_azure_realjun_folgada_net100.yaml	2026-08-07T08:43:50-03:00	2026-08-07T08:43:52-03:00	2.13	1.99	0.13	58340	0	1	68709	36bfe40eed33c8b8cb491894acd6f63c05c13e0d7a15a6e6f7b9401246d94c6d
net100-az-realjun-folgada	round_robin	50	none	configs/scenarios/fase2/geo9_azure_realjun_folgada_net100.yaml	2026-08-07T08:43:50-03:00	2026-08-07T08:43:52-03:00	1.97	1.81	0.10	58344	0	1	68729	36bfe40eed33c8b8cb491894acd6f63c05c13e0d7a15a6e6f7b9401246d94c6d
net100-az-realjun-folgada	round_robin	51	none	configs/scenarios/fase2/geo9_azure_realjun_folgada_net100.yaml	2026-08-07T08:43:50-03:00	2026-08-07T08:43:52-03:00	1.94	1.78	0.13	58992	0	1	68732	36bfe40eed33c8b8cb491894acd6f63c05c13e0d7a15a6e6f7b9401246d94c6d
net100-az-realjun-folgada	worst_fit	42	none	configs/scenarios/fase2/geo9_azure_realjun_folgada_net100.yaml	2026-08-07T08:43:48-03:00	2026-08-07T08:43:49-03:00	1.86	1.74	0.11	57840	0	1	68436	36bfe40eed33c8b8cb491894acd6f63c05c13e0d7a15a6e6f7b9401246d94c6d
net100-az-realjun-folgada	worst_fit	43	none	configs/scenarios/fase2/geo9_azure_realjun_folgada_net100.yaml	2026-08-07T08:43:48-03:00	2026-08-07T08:43:50-03:00	2.05	1.93	0.11	57808	0	1	68453	36bfe40eed33c8b8cb491894acd6f63c05c13e0d7a15a6e6f7b9401246d94c6d
net100-az-realjun-folgada	worst_fit	44	none	configs/scenarios/fase2/geo9_azure_realjun_folgada_net100.yaml	2026-08-07T08:43:48-03:00	2026-08-07T08:43:50-03:00	1.89	1.72	0.11	56960	0	1	68466	36bfe40eed33c8b8cb491894acd6f63c05c13e0d7a15a6e6f7b9401246d94c6d
net100-az-realjun-folgada	worst_fit	45	none	configs/scenarios/fase2/geo9_azure_realjun_folgada_net100.yaml	2026-08-07T08:43:48-03:00	2026-08-07T08:43:50-03:00	2.15	2.00	0.13	57788	0	1	68479	36bfe40eed33c8b8cb491894acd6f63c05c13e0d7a15a6e6f7b9401246d94c6d
net100-az-realjun-folgada	worst_fit	46	none	configs/scenarios/fase2/geo9_azure_realjun_folgada_net100.yaml	2026-08-07T08:43:48-03:00	2026-08-07T08:43:50-03:00	1.96	1.81	0.13	58200	0	1	68492	36bfe40eed33c8b8cb491894acd6f63c05c13e0d7a15a6e6f7b9401246d94c6d
net100-az-realjun-folgada	worst_fit	47	none	configs/scenarios/fase2/geo9_azure_realjun_folgada_net100.yaml	2026-08-07T08:43:48-03:00	2026-08-07T08:43:50-03:00	1.76	1.60	0.11	58288	0	1	68511	36bfe40eed33c8b8cb491894acd6f63c05c13e0d7a15a6e6f7b9401246d94c6d
net100-az-realjun-folgada	worst_fit	48	none	configs/scenarios/fase2/geo9_azure_realjun_folgada_net100.yaml	2026-08-07T08:43:48-03:00	2026-08-07T08:43:49-03:00	1.48	1.38	0.10	57440	0	1	68517	36bfe40eed33c8b8cb491894acd6f63c05c13e0d7a15a6e6f7b9401246d94c6d
net100-az-realjun-folgada	worst_fit	49	none	configs/scenarios/fase2/geo9_azure_realjun_folgada_net100.yaml	2026-08-07T08:43:48-03:00	2026-08-07T08:43:50-03:00	1.93	1.79	0.11	57664	0	1	68531	36bfe40eed33c8b8cb491894acd6f63c05c13e0d7a15a6e6f7b9401246d94c6d
net100-az-realjun-folgada	worst_fit	50	none	configs/scenarios/fase2/geo9_azure_realjun_folgada_net100.yaml	2026-08-07T08:43:48-03:00	2026-08-07T08:43:50-03:00	1.46	1.31	0.12	57780	0	1	68581	36bfe40eed33c8b8cb491894acd6f63c05c13e0d7a15a6e6f7b9401246d94c6d
net100-az-realjun-folgada	worst_fit	51	none	configs/scenarios/fase2/geo9_azure_realjun_folgada_net100.yaml	2026-08-07T08:43:49-03:00	2026-08-07T08:43:50-03:00	1.21	1.10	0.10	58348	0	1	68594	36bfe40eed33c8b8cb491894acd6f63c05c13e0d7a15a6e6f7b9401246d94c6d
net100-az-realjun-folgada	wsnb	42	none	configs/scenarios/fase2/geo9_azure_realjun_folgada_net100.yaml	2026-08-07T08:43:55-03:00	2026-08-07T08:43:57-03:00	1.86	1.73	0.12	63824	0	1	69382	36bfe40eed33c8b8cb491894acd6f63c05c13e0d7a15a6e6f7b9401246d94c6d
net100-az-realjun-folgada	wsnb	43	none	configs/scenarios/fase2/geo9_azure_realjun_folgada_net100.yaml	2026-08-07T08:43:55-03:00	2026-08-07T08:43:57-03:00	1.93	1.77	0.13	66260	0	1	69395	36bfe40eed33c8b8cb491894acd6f63c05c13e0d7a15a6e6f7b9401246d94c6d
net100-az-realjun-folgada	wsnb	44	none	configs/scenarios/fase2/geo9_azure_realjun_folgada_net100.yaml	2026-08-07T08:43:55-03:00	2026-08-07T08:43:57-03:00	1.54	1.42	0.10	60760	0	1	69413	36bfe40eed33c8b8cb491894acd6f63c05c13e0d7a15a6e6f7b9401246d94c6d
net100-az-realjun-folgada	wsnb	45	none	configs/scenarios/fase2/geo9_azure_realjun_folgada_net100.yaml	2026-08-07T08:43:55-03:00	2026-08-07T08:43:57-03:00	1.75	1.63	0.12	68896	0	1	69418	36bfe40eed33c8b8cb491894acd6f63c05c13e0d7a15a6e6f7b9401246d94c6d
net100-az-realjun-folgada	wsnb	46	none	configs/scenarios/fase2/geo9_azure_realjun_folgada_net100.yaml	2026-08-07T08:43:55-03:00	2026-08-07T08:43:57-03:00	1.90	1.76	0.13	67684	0	1	69434	36bfe40eed33c8b8cb491894acd6f63c05c13e0d7a15a6e6f7b9401246d94c6d
net100-az-realjun-folgada	wsnb	47	none	configs/scenarios/fase2/geo9_azure_realjun_folgada_net100.yaml	2026-08-07T08:43:56-03:00	2026-08-07T08:43:57-03:00	1.86	1.74	0.11	71388	0	1	69447	36bfe40eed33c8b8cb491894acd6f63c05c13e0d7a15a6e6f7b9401246d94c6d
net100-az-realjun-folgada	wsnb	48	none	configs/scenarios/fase2/geo9_azure_realjun_folgada_net100.yaml	2026-08-07T08:43:56-03:00	2026-08-07T08:43:58-03:00	1.96	1.75	0.14	60148	0	1	69460	36bfe40eed33c8b8cb491894acd6f63c05c13e0d7a15a6e6f7b9401246d94c6d
net100-az-realjun-folgada	wsnb	49	none	configs/scenarios/fase2/geo9_azure_realjun_folgada_net100.yaml	2026-08-07T08:43:56-03:00	2026-08-07T08:43:58-03:00	1.95	1.81	0.12	67036	0	1	69495	36bfe40eed33c8b8cb491894acd6f63c05c13e0d7a15a6e6f7b9401246d94c6d
net100-az-realjun-folgada	wsnb	50	none	configs/scenarios/fase2/geo9_azure_realjun_folgada_net100.yaml	2026-08-07T08:43:57-03:00	2026-08-07T08:43:58-03:00	1.50	1.37	0.12	71552	0	1	69508	36bfe40eed33c8b8cb491894acd6f63c05c13e0d7a15a6e6f7b9401246d94c6d
net100-az-realjun-folgada	wsnb	51	none	configs/scenarios/fase2/geo9_azure_realjun_folgada_net100.yaml	2026-08-07T08:43:57-03:00	2026-08-07T08:43:59-03:00	1.91	1.77	0.11	64888	0	1	69521	36bfe40eed33c8b8cb491894acd6f63c05c13e0d7a15a6e6f7b9401246d94c6d
net100-go-realjun-folgada	best_fit	42	none	configs/scenarios/fase2/geo9_google_realjun_folgada_net100.yaml	2026-08-07T08:44:01-03:00	2026-08-07T08:44:02-03:00	1.05	0.95	0.08	37824	0	1	70009	36bfe40eed33c8b8cb491894acd6f63c05c13e0d7a15a6e6f7b9401246d94c6d
net100-go-realjun-folgada	best_fit	43	none	configs/scenarios/fase2/geo9_google_realjun_folgada_net100.yaml	2026-08-07T08:44:01-03:00	2026-08-07T08:44:02-03:00	1.43	1.30	0.09	37852	0	1	70015	36bfe40eed33c8b8cb491894acd6f63c05c13e0d7a15a6e6f7b9401246d94c6d
net100-go-realjun-folgada	best_fit	44	none	configs/scenarios/fase2/geo9_google_realjun_folgada_net100.yaml	2026-08-07T08:44:01-03:00	2026-08-07T08:44:02-03:00	1.47	1.38	0.08	37776	0	1	70032	36bfe40eed33c8b8cb491894acd6f63c05c13e0d7a15a6e6f7b9401246d94c6d
net100-go-realjun-folgada	best_fit	45	none	configs/scenarios/fase2/geo9_google_realjun_folgada_net100.yaml	2026-08-07T08:44:01-03:00	2026-08-07T08:44:02-03:00	1.31	1.19	0.10	37836	0	1	70045	36bfe40eed33c8b8cb491894acd6f63c05c13e0d7a15a6e6f7b9401246d94c6d
net100-go-realjun-folgada	best_fit	46	none	configs/scenarios/fase2/geo9_google_realjun_folgada_net100.yaml	2026-08-07T08:44:01-03:00	2026-08-07T08:44:02-03:00	1.49	1.37	0.10	37812	0	1	70058	36bfe40eed33c8b8cb491894acd6f63c05c13e0d7a15a6e6f7b9401246d94c6d
net100-go-realjun-folgada	best_fit	47	none	configs/scenarios/fase2/geo9_google_realjun_folgada_net100.yaml	2026-08-07T08:44:01-03:00	2026-08-07T08:44:02-03:00	1.52	1.40	0.11	37784	0	1	70071	36bfe40eed33c8b8cb491894acd6f63c05c13e0d7a15a6e6f7b9401246d94c6d
net100-go-realjun-folgada	best_fit	48	none	configs/scenarios/fase2/geo9_google_realjun_folgada_net100.yaml	2026-08-07T08:44:01-03:00	2026-08-07T08:44:02-03:00	1.49	1.37	0.10	38024	0	1	70084	36bfe40eed33c8b8cb491894acd6f63c05c13e0d7a15a6e6f7b9401246d94c6d
net100-go-realjun-folgada	best_fit	49	none	configs/scenarios/fase2/geo9_google_realjun_folgada_net100.yaml	2026-08-07T08:44:01-03:00	2026-08-07T08:44:02-03:00	1.53	1.42	0.10	37872	0	1	70097	36bfe40eed33c8b8cb491894acd6f63c05c13e0d7a15a6e6f7b9401246d94c6d
net100-go-realjun-folgada	best_fit	50	none	configs/scenarios/fase2/geo9_google_realjun_folgada_net100.yaml	2026-08-07T08:44:01-03:00	2026-08-07T08:44:02-03:00	1.39	1.29	0.09	37864	0	1	70110	36bfe40eed33c8b8cb491894acd6f63c05c13e0d7a15a6e6f7b9401246d94c6d
net100-go-realjun-folgada	best_fit	51	none	configs/scenarios/fase2/geo9_google_realjun_folgada_net100.yaml	2026-08-07T08:44:01-03:00	2026-08-07T08:44:03-03:00	1.54	1.40	0.10	37848	0	1	70123	36bfe40eed33c8b8cb491894acd6f63c05c13e0d7a15a6e6f7b9401246d94c6d
net100-go-realjun-folgada	bfd	42	none	configs/scenarios/fase2/geo9_google_realjun_folgada_net100.yaml	2026-08-07T08:44:04-03:00	2026-08-07T08:44:06-03:00	1.37	1.23	0.11	37912	0	1	70605	36bfe40eed33c8b8cb491894acd6f63c05c13e0d7a15a6e6f7b9401246d94c6d
net100-go-realjun-folgada	bfd	43	none	configs/scenarios/fase2/geo9_google_realjun_folgada_net100.yaml	2026-08-07T08:44:05-03:00	2026-08-07T08:44:06-03:00	1.35	1.25	0.09	37844	0	1	70639	36bfe40eed33c8b8cb491894acd6f63c05c13e0d7a15a6e6f7b9401246d94c6d
net100-go-realjun-folgada	bfd	44	none	configs/scenarios/fase2/geo9_google_realjun_folgada_net100.yaml	2026-08-07T08:44:05-03:00	2026-08-07T08:44:06-03:00	1.44	1.32	0.10	37912	0	1	70652	36bfe40eed33c8b8cb491894acd6f63c05c13e0d7a15a6e6f7b9401246d94c6d
net100-go-realjun-folgada	bfd	45	none	configs/scenarios/fase2/geo9_google_realjun_folgada_net100.yaml	2026-08-07T08:44:05-03:00	2026-08-07T08:44:06-03:00	0.94	0.84	0.08	37768	0	1	70670	36bfe40eed33c8b8cb491894acd6f63c05c13e0d7a15a6e6f7b9401246d94c6d
net100-go-realjun-folgada	bfd	46	none	configs/scenarios/fase2/geo9_google_realjun_folgada_net100.yaml	2026-08-07T08:44:05-03:00	2026-08-07T08:44:06-03:00	1.26	1.15	0.10	37840	0	1	70679	36bfe40eed33c8b8cb491894acd6f63c05c13e0d7a15a6e6f7b9401246d94c6d
net100-go-realjun-folgada	bfd	47	none	configs/scenarios/fase2/geo9_google_realjun_folgada_net100.yaml	2026-08-07T08:44:05-03:00	2026-08-07T08:44:07-03:00	1.48	1.38	0.09	37812	0	1	70695	36bfe40eed33c8b8cb491894acd6f63c05c13e0d7a15a6e6f7b9401246d94c6d
net100-go-realjun-folgada	bfd	48	none	configs/scenarios/fase2/geo9_google_realjun_folgada_net100.yaml	2026-08-07T08:44:05-03:00	2026-08-07T08:44:06-03:00	1.21	1.10	0.10	37772	0	1	70705	36bfe40eed33c8b8cb491894acd6f63c05c13e0d7a15a6e6f7b9401246d94c6d
net100-go-realjun-folgada	bfd	49	none	configs/scenarios/fase2/geo9_google_realjun_folgada_net100.yaml	2026-08-07T08:44:05-03:00	2026-08-07T08:44:07-03:00	1.48	1.36	0.10	37832	0	1	70721	36bfe40eed33c8b8cb491894acd6f63c05c13e0d7a15a6e6f7b9401246d94c6d
net100-go-realjun-folgada	bfd	50	none	configs/scenarios/fase2/geo9_google_realjun_folgada_net100.yaml	2026-08-07T08:44:05-03:00	2026-08-07T08:44:07-03:00	1.49	1.35	0.13	37776	0	1	70731	36bfe40eed33c8b8cb491894acd6f63c05c13e0d7a15a6e6f7b9401246d94c6d
net100-go-realjun-folgada	bfd	51	none	configs/scenarios/fase2/geo9_google_realjun_folgada_net100.yaml	2026-08-07T08:44:05-03:00	2026-08-07T08:44:07-03:00	1.43	1.33	0.09	37832	0	1	70744	36bfe40eed33c8b8cb491894acd6f63c05c13e0d7a15a6e6f7b9401246d94c6d
net100-go-realjun-folgada	cnemesis	42	cnemesis	configs/scenarios/fase2/geo9_google_realjun_folgada_net100.yaml	2026-08-07T08:44:10-03:00	2026-08-07T08:44:11-03:00	1.41	1.29	0.11	41304	0	1	71367	36bfe40eed33c8b8cb491894acd6f63c05c13e0d7a15a6e6f7b9401246d94c6d
net100-go-realjun-folgada	cnemesis	43	cnemesis	configs/scenarios/fase2/geo9_google_realjun_folgada_net100.yaml	2026-08-07T08:44:10-03:00	2026-08-07T08:44:12-03:00	1.78	1.62	0.13	41972	0	1	71388	36bfe40eed33c8b8cb491894acd6f63c05c13e0d7a15a6e6f7b9401246d94c6d
net100-go-realjun-folgada	cnemesis	44	cnemesis	configs/scenarios/fase2/geo9_google_realjun_folgada_net100.yaml	2026-08-07T08:44:10-03:00	2026-08-07T08:44:11-03:00	1.54	1.39	0.14	41320	0	1	71389	36bfe40eed33c8b8cb491894acd6f63c05c13e0d7a15a6e6f7b9401246d94c6d
net100-go-realjun-folgada	cnemesis	45	cnemesis	configs/scenarios/fase2/geo9_google_realjun_folgada_net100.yaml	2026-08-07T08:44:10-03:00	2026-08-07T08:44:11-03:00	1.45	1.32	0.11	41728	0	1	71406	36bfe40eed33c8b8cb491894acd6f63c05c13e0d7a15a6e6f7b9401246d94c6d
net100-go-realjun-folgada	cnemesis	46	cnemesis	configs/scenarios/fase2/geo9_google_realjun_folgada_net100.yaml	2026-08-07T08:44:10-03:00	2026-08-07T08:44:12-03:00	1.48	1.37	0.11	41524	0	1	71419	36bfe40eed33c8b8cb491894acd6f63c05c13e0d7a15a6e6f7b9401246d94c6d
net100-go-realjun-folgada	cnemesis	47	cnemesis	configs/scenarios/fase2/geo9_google_realjun_folgada_net100.yaml	2026-08-07T08:44:10-03:00	2026-08-07T08:44:12-03:00	1.48	1.34	0.13	41968	0	1	71432	36bfe40eed33c8b8cb491894acd6f63c05c13e0d7a15a6e6f7b9401246d94c6d
net100-go-realjun-folgada	cnemesis	48	cnemesis	configs/scenarios/fase2/geo9_google_realjun_folgada_net100.yaml	2026-08-07T08:44:10-03:00	2026-08-07T08:44:12-03:00	1.61	1.45	0.14	42568	0	1	71445	36bfe40eed33c8b8cb491894acd6f63c05c13e0d7a15a6e6f7b9401246d94c6d
net100-go-realjun-folgada	cnemesis	49	cnemesis	configs/scenarios/fase2/geo9_google_realjun_folgada_net100.yaml	2026-08-07T08:44:10-03:00	2026-08-07T08:44:12-03:00	1.40	1.25	0.13	42236	0	1	71458	36bfe40eed33c8b8cb491894acd6f63c05c13e0d7a15a6e6f7b9401246d94c6d
net100-go-realjun-folgada	cnemesis	50	cnemesis	configs/scenarios/fase2/geo9_google_realjun_folgada_net100.yaml	2026-08-07T08:44:11-03:00	2026-08-07T08:44:13-03:00	1.67	1.54	0.11	41656	0	1	71491	36bfe40eed33c8b8cb491894acd6f63c05c13e0d7a15a6e6f7b9401246d94c6d
net100-go-realjun-folgada	cnemesis	51	cnemesis	configs/scenarios/fase2/geo9_google_realjun_folgada_net100.yaml	2026-08-07T08:44:11-03:00	2026-08-07T08:44:13-03:00	1.83	1.69	0.13	41896	0	1	71504	36bfe40eed33c8b8cb491894acd6f63c05c13e0d7a15a6e6f7b9401246d94c6d
net100-go-realjun-folgada	ffd	42	none	configs/scenarios/fase2/geo9_google_realjun_folgada_net100.yaml	2026-08-07T08:44:04-03:00	2026-08-07T08:44:05-03:00	1.52	1.41	0.09	37448	0	1	70466	36bfe40eed33c8b8cb491894acd6f63c05c13e0d7a15a6e6f7b9401246d94c6d
net100-go-realjun-folgada	ffd	43	none	configs/scenarios/fase2/geo9_google_realjun_folgada_net100.yaml	2026-08-07T08:44:04-03:00	2026-08-07T08:44:05-03:00	1.32	1.22	0.09	37904	0	1	70483	36bfe40eed33c8b8cb491894acd6f63c05c13e0d7a15a6e6f7b9401246d94c6d
net100-go-realjun-folgada	ffd	44	none	configs/scenarios/fase2/geo9_google_realjun_folgada_net100.yaml	2026-08-07T08:44:04-03:00	2026-08-07T08:44:05-03:00	1.45	1.33	0.10	37964	0	1	70496	36bfe40eed33c8b8cb491894acd6f63c05c13e0d7a15a6e6f7b9401246d94c6d
net100-go-realjun-folgada	ffd	45	none	configs/scenarios/fase2/geo9_google_realjun_folgada_net100.yaml	2026-08-07T08:44:04-03:00	2026-08-07T08:44:05-03:00	1.47	1.36	0.09	37576	0	1	70509	36bfe40eed33c8b8cb491894acd6f63c05c13e0d7a15a6e6f7b9401246d94c6d
net100-go-realjun-folgada	ffd	46	none	configs/scenarios/fase2/geo9_google_realjun_folgada_net100.yaml	2026-08-07T08:44:04-03:00	2026-08-07T08:44:05-03:00	1.40	1.27	0.09	37792	0	1	70522	36bfe40eed33c8b8cb491894acd6f63c05c13e0d7a15a6e6f7b9401246d94c6d
net100-go-realjun-folgada	ffd	47	none	configs/scenarios/fase2/geo9_google_realjun_folgada_net100.yaml	2026-08-07T08:44:04-03:00	2026-08-07T08:44:05-03:00	1.51	1.38	0.10	37940	0	1	70535	36bfe40eed33c8b8cb491894acd6f63c05c13e0d7a15a6e6f7b9401246d94c6d
net100-go-realjun-folgada	ffd	48	none	configs/scenarios/fase2/geo9_google_realjun_folgada_net100.yaml	2026-08-07T08:44:04-03:00	2026-08-07T08:44:05-03:00	1.38	1.25	0.10	37944	0	1	70548	36bfe40eed33c8b8cb491894acd6f63c05c13e0d7a15a6e6f7b9401246d94c6d
net100-go-realjun-folgada	ffd	49	none	configs/scenarios/fase2/geo9_google_realjun_folgada_net100.yaml	2026-08-07T08:44:04-03:00	2026-08-07T08:44:06-03:00	1.45	1.30	0.11	37816	0	1	70566	36bfe40eed33c8b8cb491894acd6f63c05c13e0d7a15a6e6f7b9401246d94c6d
net100-go-realjun-folgada	ffd	50	none	configs/scenarios/fase2/geo9_google_realjun_folgada_net100.yaml	2026-08-07T08:44:04-03:00	2026-08-07T08:44:05-03:00	1.15	1.04	0.08	37784	0	1	70579	36bfe40eed33c8b8cb491894acd6f63c05c13e0d7a15a6e6f7b9401246d94c6d
net100-go-realjun-folgada	ffd	51	none	configs/scenarios/fase2/geo9_google_realjun_folgada_net100.yaml	2026-08-07T08:44:04-03:00	2026-08-07T08:44:06-03:00	1.35	1.18	0.11	37756	0	1	70592	36bfe40eed33c8b8cb491894acd6f63c05c13e0d7a15a6e6f7b9401246d94c6d
net100-go-realjun-folgada	first_fit	42	none	configs/scenarios/fase2/geo9_google_realjun_folgada_net100.yaml	2026-08-07T08:43:59-03:00	2026-08-07T08:44:01-03:00	1.64	1.51	0.10	37804	0	1	69855	36bfe40eed33c8b8cb491894acd6f63c05c13e0d7a15a6e6f7b9401246d94c6d
net100-go-realjun-folgada	first_fit	43	none	configs/scenarios/fase2/geo9_google_realjun_folgada_net100.yaml	2026-08-07T08:43:59-03:00	2026-08-07T08:44:01-03:00	1.35	1.24	0.10	37800	0	1	69871	36bfe40eed33c8b8cb491894acd6f63c05c13e0d7a15a6e6f7b9401246d94c6d
net100-go-realjun-folgada	first_fit	44	none	configs/scenarios/fase2/geo9_google_realjun_folgada_net100.yaml	2026-08-07T08:43:59-03:00	2026-08-07T08:44:01-03:00	1.60	1.49	0.10	37856	0	1	69884	36bfe40eed33c8b8cb491894acd6f63c05c13e0d7a15a6e6f7b9401246d94c6d
net100-go-realjun-folgada	first_fit	45	none	configs/scenarios/fase2/geo9_google_realjun_folgada_net100.yaml	2026-08-07T08:43:59-03:00	2026-08-07T08:44:01-03:00	1.39	1.29	0.09	37744	0	1	69897	36bfe40eed33c8b8cb491894acd6f63c05c13e0d7a15a6e6f7b9401246d94c6d
net100-go-realjun-folgada	first_fit	46	none	configs/scenarios/fase2/geo9_google_realjun_folgada_net100.yaml	2026-08-07T08:43:59-03:00	2026-08-07T08:44:01-03:00	1.38	1.27	0.09	37820	0	1	69910	36bfe40eed33c8b8cb491894acd6f63c05c13e0d7a15a6e6f7b9401246d94c6d
net100-go-realjun-folgada	first_fit	47	none	configs/scenarios/fase2/geo9_google_realjun_folgada_net100.yaml	2026-08-07T08:44:00-03:00	2026-08-07T08:44:01-03:00	1.36	1.23	0.08	37688	0	1	69923	36bfe40eed33c8b8cb491894acd6f63c05c13e0d7a15a6e6f7b9401246d94c6d
net100-go-realjun-folgada	first_fit	48	none	configs/scenarios/fase2/geo9_google_realjun_folgada_net100.yaml	2026-08-07T08:44:00-03:00	2026-08-07T08:44:01-03:00	1.29	1.14	0.10	37828	0	1	69936	36bfe40eed33c8b8cb491894acd6f63c05c13e0d7a15a6e6f7b9401246d94c6d
net100-go-realjun-folgada	first_fit	49	none	configs/scenarios/fase2/geo9_google_realjun_folgada_net100.yaml	2026-08-07T08:44:00-03:00	2026-08-07T08:44:02-03:00	1.15	1.05	0.09	37760	0	1	69967	36bfe40eed33c8b8cb491894acd6f63c05c13e0d7a15a6e6f7b9401246d94c6d
net100-go-realjun-folgada	first_fit	50	none	configs/scenarios/fase2/geo9_google_realjun_folgada_net100.yaml	2026-08-07T08:44:01-03:00	2026-08-07T08:44:02-03:00	1.31	1.22	0.08	37784	0	1	69980	36bfe40eed33c8b8cb491894acd6f63c05c13e0d7a15a6e6f7b9401246d94c6d
net100-go-realjun-folgada	first_fit	51	none	configs/scenarios/fase2/geo9_google_realjun_folgada_net100.yaml	2026-08-07T08:44:01-03:00	2026-08-07T08:44:02-03:00	1.45	1.32	0.12	37752	0	1	70006	36bfe40eed33c8b8cb491894acd6f63c05c13e0d7a15a6e6f7b9401246d94c6d
net100-go-realjun-folgada	follow_renewables	42	follow_renewables	configs/scenarios/fase2/geo9_google_realjun_folgada_net100.yaml	2026-08-07T08:44:07-03:00	2026-08-07T08:44:08-03:00	1.46	1.35	0.09	37808	0	1	70917	36bfe40eed33c8b8cb491894acd6f63c05c13e0d7a15a6e6f7b9401246d94c6d
net100-go-realjun-folgada	follow_renewables	43	follow_renewables	configs/scenarios/fase2/geo9_google_realjun_folgada_net100.yaml	2026-08-07T08:44:07-03:00	2026-08-07T08:44:08-03:00	1.32	1.20	0.10	37904	0	1	70930	36bfe40eed33c8b8cb491894acd6f63c05c13e0d7a15a6e6f7b9401246d94c6d
net100-go-realjun-folgada	follow_renewables	44	follow_renewables	configs/scenarios/fase2/geo9_google_realjun_folgada_net100.yaml	2026-08-07T08:44:07-03:00	2026-08-07T08:44:08-03:00	1.40	1.30	0.10	38012	0	1	70943	36bfe40eed33c8b8cb491894acd6f63c05c13e0d7a15a6e6f7b9401246d94c6d
net100-go-realjun-folgada	follow_renewables	45	follow_renewables	configs/scenarios/fase2/geo9_google_realjun_folgada_net100.yaml	2026-08-07T08:44:07-03:00	2026-08-07T08:44:08-03:00	1.40	1.29	0.10	37848	0	1	70960	36bfe40eed33c8b8cb491894acd6f63c05c13e0d7a15a6e6f7b9401246d94c6d
net100-go-realjun-folgada	follow_renewables	46	follow_renewables	configs/scenarios/fase2/geo9_google_realjun_folgada_net100.yaml	2026-08-07T08:44:07-03:00	2026-08-07T08:44:08-03:00	1.31	1.20	0.10	37948	0	1	70969	36bfe40eed33c8b8cb491894acd6f63c05c13e0d7a15a6e6f7b9401246d94c6d
net100-go-realjun-folgada	follow_renewables	47	follow_renewables	configs/scenarios/fase2/geo9_google_realjun_folgada_net100.yaml	2026-08-07T08:44:07-03:00	2026-08-07T08:44:08-03:00	1.35	1.25	0.09	37904	0	1	70982	36bfe40eed33c8b8cb491894acd6f63c05c13e0d7a15a6e6f7b9401246d94c6d
net100-go-realjun-folgada	follow_renewables	48	follow_renewables	configs/scenarios/fase2/geo9_google_realjun_folgada_net100.yaml	2026-08-07T08:44:07-03:00	2026-08-07T08:44:08-03:00	1.31	1.20	0.10	37856	0	1	70995	36bfe40eed33c8b8cb491894acd6f63c05c13e0d7a15a6e6f7b9401246d94c6d
net100-go-realjun-folgada	follow_renewables	49	follow_renewables	configs/scenarios/fase2/geo9_google_realjun_folgada_net100.yaml	2026-08-07T08:44:07-03:00	2026-08-07T08:44:08-03:00	1.30	1.13	0.10	37824	0	1	71008	36bfe40eed33c8b8cb491894acd6f63c05c13e0d7a15a6e6f7b9401246d94c6d
net100-go-realjun-folgada	follow_renewables	50	follow_renewables	configs/scenarios/fase2/geo9_google_realjun_folgada_net100.yaml	2026-08-07T08:44:07-03:00	2026-08-07T08:44:08-03:00	1.25	1.12	0.10	37912	0	1	71021	36bfe40eed33c8b8cb491894acd6f63c05c13e0d7a15a6e6f7b9401246d94c6d
net100-go-realjun-folgada	follow_renewables	51	follow_renewables	configs/scenarios/fase2/geo9_google_realjun_folgada_net100.yaml	2026-08-07T08:44:07-03:00	2026-08-07T08:44:09-03:00	1.25	1.13	0.11	37824	0	1	71034	36bfe40eed33c8b8cb491894acd6f63c05c13e0d7a15a6e6f7b9401246d94c6d
net100-go-realjun-folgada	followme_s	42	followme_s	configs/scenarios/fase2/geo9_google_realjun_folgada_net100.yaml	2026-08-07T08:44:08-03:00	2026-08-07T08:44:10-03:00	2.01	1.85	0.15	48324	0	1	71188	36bfe40eed33c8b8cb491894acd6f63c05c13e0d7a15a6e6f7b9401246d94c6d
net100-go-realjun-folgada	followme_s	43	followme_s	configs/scenarios/fase2/geo9_google_realjun_folgada_net100.yaml	2026-08-07T08:44:08-03:00	2026-08-07T08:44:10-03:00	2.07	1.85	0.15	48556	0	1	71219	36bfe40eed33c8b8cb491894acd6f63c05c13e0d7a15a6e6f7b9401246d94c6d
net100-go-realjun-folgada	followme_s	44	followme_s	configs/scenarios/fase2/geo9_google_realjun_folgada_net100.yaml	2026-08-07T08:44:08-03:00	2026-08-07T08:44:10-03:00	1.89	1.63	0.16	47960	0	1	71233	36bfe40eed33c8b8cb491894acd6f63c05c13e0d7a15a6e6f7b9401246d94c6d
net100-go-realjun-folgada	followme_s	45	followme_s	configs/scenarios/fase2/geo9_google_realjun_folgada_net100.yaml	2026-08-07T08:44:09-03:00	2026-08-07T08:44:10-03:00	1.65	1.47	0.14	47348	0	1	71267	36bfe40eed33c8b8cb491894acd6f63c05c13e0d7a15a6e6f7b9401246d94c6d
net100-go-realjun-folgada	followme_s	46	followme_s	configs/scenarios/fase2/geo9_google_realjun_folgada_net100.yaml	2026-08-07T08:44:09-03:00	2026-08-07T08:44:11-03:00	2.04	1.80	0.16	48848	0	1	71280	36bfe40eed33c8b8cb491894acd6f63c05c13e0d7a15a6e6f7b9401246d94c6d
net100-go-realjun-folgada	followme_s	47	followme_s	configs/scenarios/fase2/geo9_google_realjun_folgada_net100.yaml	2026-08-07T08:44:09-03:00	2026-08-07T08:44:11-03:00	1.93	1.67	0.16	49884	0	1	71293	36bfe40eed33c8b8cb491894acd6f63c05c13e0d7a15a6e6f7b9401246d94c6d
net100-go-realjun-folgada	followme_s	48	followme_s	configs/scenarios/fase2/geo9_google_realjun_folgada_net100.yaml	2026-08-07T08:44:09-03:00	2026-08-07T08:44:11-03:00	1.97	1.75	0.17	48672	0	1	71306	36bfe40eed33c8b8cb491894acd6f63c05c13e0d7a15a6e6f7b9401246d94c6d
net100-go-realjun-folgada	followme_s	49	followme_s	configs/scenarios/fase2/geo9_google_realjun_folgada_net100.yaml	2026-08-07T08:44:10-03:00	2026-08-07T08:44:11-03:00	1.78	1.62	0.14	49140	0	1	71328	36bfe40eed33c8b8cb491894acd6f63c05c13e0d7a15a6e6f7b9401246d94c6d
net100-go-realjun-folgada	followme_s	50	followme_s	configs/scenarios/fase2/geo9_google_realjun_folgada_net100.yaml	2026-08-07T08:44:10-03:00	2026-08-07T08:44:11-03:00	1.72	1.54	0.15	48664	0	1	71341	36bfe40eed33c8b8cb491894acd6f63c05c13e0d7a15a6e6f7b9401246d94c6d
net100-go-realjun-folgada	followme_s	51	followme_s	configs/scenarios/fase2/geo9_google_realjun_folgada_net100.yaml	2026-08-07T08:44:10-03:00	2026-08-07T08:44:11-03:00	1.76	1.61	0.14	48984	0	1	71354	36bfe40eed33c8b8cb491894acd6f63c05c13e0d7a15a6e6f7b9401246d94c6d
net100-go-realjun-folgada	lowest_carbon_dc	42	none	configs/scenarios/fase2/geo9_google_realjun_folgada_net100.yaml	2026-08-07T08:44:05-03:00	2026-08-07T08:44:07-03:00	1.18	1.10	0.08	37824	0	1	70767	36bfe40eed33c8b8cb491894acd6f63c05c13e0d7a15a6e6f7b9401246d94c6d
net100-go-realjun-folgada	lowest_carbon_dc	43	none	configs/scenarios/fase2/geo9_google_realjun_folgada_net100.yaml	2026-08-07T08:44:05-03:00	2026-08-07T08:44:07-03:00	1.19	1.08	0.10	37824	0	1	70779	36bfe40eed33c8b8cb491894acd6f63c05c13e0d7a15a6e6f7b9401246d94c6d
net100-go-realjun-folgada	lowest_carbon_dc	44	none	configs/scenarios/fase2/geo9_google_realjun_folgada_net100.yaml	2026-08-07T08:44:06-03:00	2026-08-07T08:44:07-03:00	1.32	1.21	0.10	37844	0	1	70792	36bfe40eed33c8b8cb491894acd6f63c05c13e0d7a15a6e6f7b9401246d94c6d
net100-go-realjun-folgada	lowest_carbon_dc	45	none	configs/scenarios/fase2/geo9_google_realjun_folgada_net100.yaml	2026-08-07T08:44:06-03:00	2026-08-07T08:44:07-03:00	1.32	1.20	0.11	38184	0	1	70805	36bfe40eed33c8b8cb491894acd6f63c05c13e0d7a15a6e6f7b9401246d94c6d
net100-go-realjun-folgada	lowest_carbon_dc	46	none	configs/scenarios/fase2/geo9_google_realjun_folgada_net100.yaml	2026-08-07T08:44:06-03:00	2026-08-07T08:44:07-03:00	1.37	1.26	0.09	37820	0	1	70818	36bfe40eed33c8b8cb491894acd6f63c05c13e0d7a15a6e6f7b9401246d94c6d
net100-go-realjun-folgada	lowest_carbon_dc	47	none	configs/scenarios/fase2/geo9_google_realjun_folgada_net100.yaml	2026-08-07T08:44:06-03:00	2026-08-07T08:44:07-03:00	1.31	1.17	0.10	37844	0	1	70831	36bfe40eed33c8b8cb491894acd6f63c05c13e0d7a15a6e6f7b9401246d94c6d
net100-go-realjun-folgada	lowest_carbon_dc	48	none	configs/scenarios/fase2/geo9_google_realjun_folgada_net100.yaml	2026-08-07T08:44:06-03:00	2026-08-07T08:44:08-03:00	1.34	1.23	0.10	38312	0	1	70844	36bfe40eed33c8b8cb491894acd6f63c05c13e0d7a15a6e6f7b9401246d94c6d
net100-go-realjun-folgada	lowest_carbon_dc	49	none	configs/scenarios/fase2/geo9_google_realjun_folgada_net100.yaml	2026-08-07T08:44:06-03:00	2026-08-07T08:44:08-03:00	1.31	1.19	0.10	37792	0	1	70857	36bfe40eed33c8b8cb491894acd6f63c05c13e0d7a15a6e6f7b9401246d94c6d
net100-go-realjun-folgada	lowest_carbon_dc	50	none	configs/scenarios/fase2/geo9_google_realjun_folgada_net100.yaml	2026-08-07T08:44:06-03:00	2026-08-07T08:44:08-03:00	1.50	1.39	0.09	37780	0	1	70870	36bfe40eed33c8b8cb491894acd6f63c05c13e0d7a15a6e6f7b9401246d94c6d
net100-go-realjun-folgada	lowest_carbon_dc	51	none	configs/scenarios/fase2/geo9_google_realjun_folgada_net100.yaml	2026-08-07T08:44:06-03:00	2026-08-07T08:44:08-03:00	1.28	1.18	0.09	37772	0	1	70883	36bfe40eed33c8b8cb491894acd6f63c05c13e0d7a15a6e6f7b9401246d94c6d
net100-go-realjun-folgada	round_robin	42	none	configs/scenarios/fase2/geo9_google_realjun_folgada_net100.yaml	2026-08-07T08:44:02-03:00	2026-08-07T08:44:04-03:00	1.41	1.30	0.09	37808	0	1	70296	36bfe40eed33c8b8cb491894acd6f63c05c13e0d7a15a6e6f7b9401246d94c6d
net100-go-realjun-folgada	round_robin	43	none	configs/scenarios/fase2/geo9_google_realjun_folgada_net100.yaml	2026-08-07T08:44:02-03:00	2026-08-07T08:44:04-03:00	1.21	1.12	0.07	37824	0	1	70316	36bfe40eed33c8b8cb491894acd6f63c05c13e0d7a15a6e6f7b9401246d94c6d
net100-go-realjun-folgada	round_robin	44	none	configs/scenarios/fase2/geo9_google_realjun_folgada_net100.yaml	2026-08-07T08:44:02-03:00	2026-08-07T08:44:04-03:00	1.51	1.37	0.10	37828	0	1	70319	36bfe40eed33c8b8cb491894acd6f63c05c13e0d7a15a6e6f7b9401246d94c6d
net100-go-realjun-folgada	round_robin	45	none	configs/scenarios/fase2/geo9_google_realjun_folgada_net100.yaml	2026-08-07T08:44:03-03:00	2026-08-07T08:44:04-03:00	1.45	1.34	0.09	37812	0	1	70335	36bfe40eed33c8b8cb491894acd6f63c05c13e0d7a15a6e6f7b9401246d94c6d
net100-go-realjun-folgada	round_robin	46	none	configs/scenarios/fase2/geo9_google_realjun_folgada_net100.yaml	2026-08-07T08:44:03-03:00	2026-08-07T08:44:04-03:00	1.35	1.25	0.08	37864	0	1	70348	36bfe40eed33c8b8cb491894acd6f63c05c13e0d7a15a6e6f7b9401246d94c6d
net100-go-realjun-folgada	round_robin	47	none	configs/scenarios/fase2/geo9_google_realjun_folgada_net100.yaml	2026-08-07T08:44:03-03:00	2026-08-07T08:44:04-03:00	1.40	1.29	0.09	37832	0	1	70361	36bfe40eed33c8b8cb491894acd6f63c05c13e0d7a15a6e6f7b9401246d94c6d
net100-go-realjun-folgada	round_robin	48	none	configs/scenarios/fase2/geo9_google_realjun_folgada_net100.yaml	2026-08-07T08:44:03-03:00	2026-08-07T08:44:04-03:00	1.33	1.21	0.10	37892	0	1	70374	36bfe40eed33c8b8cb491894acd6f63c05c13e0d7a15a6e6f7b9401246d94c6d
net100-go-realjun-folgada	round_robin	49	none	configs/scenarios/fase2/geo9_google_realjun_folgada_net100.yaml	2026-08-07T08:44:03-03:00	2026-08-07T08:44:05-03:00	1.51	1.41	0.10	37696	0	1	70418	36bfe40eed33c8b8cb491894acd6f63c05c13e0d7a15a6e6f7b9401246d94c6d
net100-go-realjun-folgada	round_robin	50	none	configs/scenarios/fase2/geo9_google_realjun_folgada_net100.yaml	2026-08-07T08:44:04-03:00	2026-08-07T08:44:05-03:00	1.20	1.11	0.09	37820	0	1	70444	36bfe40eed33c8b8cb491894acd6f63c05c13e0d7a15a6e6f7b9401246d94c6d
net100-go-realjun-folgada	round_robin	51	none	configs/scenarios/fase2/geo9_google_realjun_folgada_net100.yaml	2026-08-07T08:44:04-03:00	2026-08-07T08:44:05-03:00	1.35	1.22	0.10	37452	0	1	70465	36bfe40eed33c8b8cb491894acd6f63c05c13e0d7a15a6e6f7b9401246d94c6d
net100-go-realjun-folgada	worst_fit	42	none	configs/scenarios/fase2/geo9_google_realjun_folgada_net100.yaml	2026-08-07T08:44:01-03:00	2026-08-07T08:44:03-03:00	1.28	1.18	0.09	37900	0	1	70146	36bfe40eed33c8b8cb491894acd6f63c05c13e0d7a15a6e6f7b9401246d94c6d
net100-go-realjun-folgada	worst_fit	43	none	configs/scenarios/fase2/geo9_google_realjun_folgada_net100.yaml	2026-08-07T08:44:02-03:00	2026-08-07T08:44:03-03:00	1.24	1.10	0.09	37776	0	1	70159	36bfe40eed33c8b8cb491894acd6f63c05c13e0d7a15a6e6f7b9401246d94c6d
net100-go-realjun-folgada	worst_fit	44	none	configs/scenarios/fase2/geo9_google_realjun_folgada_net100.yaml	2026-08-07T08:44:02-03:00	2026-08-07T08:44:03-03:00	1.12	1.02	0.10	37788	0	1	70172	36bfe40eed33c8b8cb491894acd6f63c05c13e0d7a15a6e6f7b9401246d94c6d
net100-go-realjun-folgada	worst_fit	45	none	configs/scenarios/fase2/geo9_google_realjun_folgada_net100.yaml	2026-08-07T08:44:02-03:00	2026-08-07T08:44:03-03:00	1.37	1.22	0.12	37864	0	1	70185	36bfe40eed33c8b8cb491894acd6f63c05c13e0d7a15a6e6f7b9401246d94c6d
net100-go-realjun-folgada	worst_fit	46	none	configs/scenarios/fase2/geo9_google_realjun_folgada_net100.yaml	2026-08-07T08:44:02-03:00	2026-08-07T08:44:04-03:00	1.48	1.38	0.09	37904	0	1	70198	36bfe40eed33c8b8cb491894acd6f63c05c13e0d7a15a6e6f7b9401246d94c6d
net100-go-realjun-folgada	worst_fit	47	none	configs/scenarios/fase2/geo9_google_realjun_folgada_net100.yaml	2026-08-07T08:44:02-03:00	2026-08-07T08:44:04-03:00	1.39	1.25	0.11	37912	0	1	70213	36bfe40eed33c8b8cb491894acd6f63c05c13e0d7a15a6e6f7b9401246d94c6d
net100-go-realjun-folgada	worst_fit	48	none	configs/scenarios/fase2/geo9_google_realjun_folgada_net100.yaml	2026-08-07T08:44:02-03:00	2026-08-07T08:44:04-03:00	1.53	1.43	0.08	37944	0	1	70224	36bfe40eed33c8b8cb491894acd6f63c05c13e0d7a15a6e6f7b9401246d94c6d
net100-go-realjun-folgada	worst_fit	49	none	configs/scenarios/fase2/geo9_google_realjun_folgada_net100.yaml	2026-08-07T08:44:02-03:00	2026-08-07T08:44:04-03:00	1.27	1.14	0.09	37832	0	1	70237	36bfe40eed33c8b8cb491894acd6f63c05c13e0d7a15a6e6f7b9401246d94c6d
net100-go-realjun-folgada	worst_fit	50	none	configs/scenarios/fase2/geo9_google_realjun_folgada_net100.yaml	2026-08-07T08:44:02-03:00	2026-08-07T08:44:04-03:00	1.22	1.10	0.09	37852	0	1	70261	36bfe40eed33c8b8cb491894acd6f63c05c13e0d7a15a6e6f7b9401246d94c6d
net100-go-realjun-folgada	worst_fit	51	none	configs/scenarios/fase2/geo9_google_realjun_folgada_net100.yaml	2026-08-07T08:44:02-03:00	2026-08-07T08:44:04-03:00	1.45	1.31	0.10	37820	0	1	70286	36bfe40eed33c8b8cb491894acd6f63c05c13e0d7a15a6e6f7b9401246d94c6d
net100-go-realjun-folgada	wsnb	42	none	configs/scenarios/fase2/geo9_google_realjun_folgada_net100.yaml	2026-08-07T08:44:08-03:00	2026-08-07T08:44:09-03:00	1.31	1.19	0.10	37832	0	1	71058	36bfe40eed33c8b8cb491894acd6f63c05c13e0d7a15a6e6f7b9401246d94c6d
net100-go-realjun-folgada	wsnb	43	none	configs/scenarios/fase2/geo9_google_realjun_folgada_net100.yaml	2026-08-07T08:44:08-03:00	2026-08-07T08:44:09-03:00	1.34	1.23	0.09	37784	0	1	71071	36bfe40eed33c8b8cb491894acd6f63c05c13e0d7a15a6e6f7b9401246d94c6d
net100-go-realjun-folgada	wsnb	44	none	configs/scenarios/fase2/geo9_google_realjun_folgada_net100.yaml	2026-08-07T08:44:08-03:00	2026-08-07T08:44:09-03:00	1.45	1.36	0.08	37876	0	1	71084	36bfe40eed33c8b8cb491894acd6f63c05c13e0d7a15a6e6f7b9401246d94c6d
net100-go-realjun-folgada	wsnb	45	none	configs/scenarios/fase2/geo9_google_realjun_folgada_net100.yaml	2026-08-07T08:44:08-03:00	2026-08-07T08:44:10-03:00	1.57	1.45	0.10	37800	0	1	71097	36bfe40eed33c8b8cb491894acd6f63c05c13e0d7a15a6e6f7b9401246d94c6d
net100-go-realjun-folgada	wsnb	46	none	configs/scenarios/fase2/geo9_google_realjun_folgada_net100.yaml	2026-08-07T08:44:08-03:00	2026-08-07T08:44:10-03:00	1.52	1.41	0.09	37824	0	1	71110	36bfe40eed33c8b8cb491894acd6f63c05c13e0d7a15a6e6f7b9401246d94c6d
net100-go-realjun-folgada	wsnb	47	none	configs/scenarios/fase2/geo9_google_realjun_folgada_net100.yaml	2026-08-07T08:44:08-03:00	2026-08-07T08:44:10-03:00	1.49	1.38	0.09	37812	0	1	71127	36bfe40eed33c8b8cb491894acd6f63c05c13e0d7a15a6e6f7b9401246d94c6d
net100-go-realjun-folgada	wsnb	48	none	configs/scenarios/fase2/geo9_google_realjun_folgada_net100.yaml	2026-08-07T08:44:08-03:00	2026-08-07T08:44:10-03:00	1.50	1.37	0.10	37752	0	1	71139	36bfe40eed33c8b8cb491894acd6f63c05c13e0d7a15a6e6f7b9401246d94c6d
net100-go-realjun-folgada	wsnb	49	none	configs/scenarios/fase2/geo9_google_realjun_folgada_net100.yaml	2026-08-07T08:44:08-03:00	2026-08-07T08:44:10-03:00	1.60	1.49	0.10	37784	0	1	71149	36bfe40eed33c8b8cb491894acd6f63c05c13e0d7a15a6e6f7b9401246d94c6d
net100-go-realjun-folgada	wsnb	50	none	configs/scenarios/fase2/geo9_google_realjun_folgada_net100.yaml	2026-08-07T08:44:08-03:00	2026-08-07T08:44:10-03:00	1.57	1.39	0.10	37812	0	1	71162	36bfe40eed33c8b8cb491894acd6f63c05c13e0d7a15a6e6f7b9401246d94c6d
net100-go-realjun-folgada	wsnb	51	none	configs/scenarios/fase2/geo9_google_realjun_folgada_net100.yaml	2026-08-07T08:44:08-03:00	2026-08-07T08:44:10-03:00	1.52	1.39	0.12	37704	0	1	71175	36bfe40eed33c8b8cb491894acd6f63c05c13e0d7a15a6e6f7b9401246d94c6d
pue-az-realjun-folgada	best_fit	42	none	configs/scenarios/fase3/geo9pue_azure_realjun_folgada.yaml	2026-08-07T08:48:48-03:00	2026-08-07T08:48:50-03:00	1.96	1.83	0.11	43688	0	1	85987	36bfe40eed33c8b8cb491894acd6f63c05c13e0d7a15a6e6f7b9401246d94c6d
pue-az-realjun-folgada	best_fit	43	none	configs/scenarios/fase3/geo9pue_azure_realjun_folgada.yaml	2026-08-07T08:48:48-03:00	2026-08-07T08:48:50-03:00	1.78	1.64	0.10	43652	0	1	86005	36bfe40eed33c8b8cb491894acd6f63c05c13e0d7a15a6e6f7b9401246d94c6d
pue-az-realjun-folgada	best_fit	44	none	configs/scenarios/fase3/geo9pue_azure_realjun_folgada.yaml	2026-08-07T08:48:48-03:00	2026-08-07T08:48:50-03:00	1.62	1.52	0.09	43676	0	1	86023	36bfe40eed33c8b8cb491894acd6f63c05c13e0d7a15a6e6f7b9401246d94c6d
pue-az-realjun-folgada	best_fit	45	none	configs/scenarios/fase3/geo9pue_azure_realjun_folgada.yaml	2026-08-07T08:48:48-03:00	2026-08-07T08:48:51-03:00	2.10	1.95	0.12	43540	0	1	86036	36bfe40eed33c8b8cb491894acd6f63c05c13e0d7a15a6e6f7b9401246d94c6d
pue-az-realjun-folgada	best_fit	46	none	configs/scenarios/fase3/geo9pue_azure_realjun_folgada.yaml	2026-08-07T08:48:49-03:00	2026-08-07T08:48:50-03:00	1.57	1.47	0.10	43684	0	1	86049	36bfe40eed33c8b8cb491894acd6f63c05c13e0d7a15a6e6f7b9401246d94c6d
pue-az-realjun-folgada	best_fit	47	none	configs/scenarios/fase3/geo9pue_azure_realjun_folgada.yaml	2026-08-07T08:48:49-03:00	2026-08-07T08:48:51-03:00	2.00	1.83	0.12	43424	0	1	86067	36bfe40eed33c8b8cb491894acd6f63c05c13e0d7a15a6e6f7b9401246d94c6d
pue-az-realjun-folgada	best_fit	48	none	configs/scenarios/fase3/geo9pue_azure_realjun_folgada.yaml	2026-08-07T08:48:49-03:00	2026-08-07T08:48:50-03:00	1.60	1.51	0.09	43684	0	1	86073	36bfe40eed33c8b8cb491894acd6f63c05c13e0d7a15a6e6f7b9401246d94c6d
pue-az-realjun-folgada	best_fit	49	none	configs/scenarios/fase3/geo9pue_azure_realjun_folgada.yaml	2026-08-07T08:48:49-03:00	2026-08-07T08:48:51-03:00	1.58	1.45	0.11	43544	0	1	86088	36bfe40eed33c8b8cb491894acd6f63c05c13e0d7a15a6e6f7b9401246d94c6d
pue-az-realjun-folgada	best_fit	50	none	configs/scenarios/fase3/geo9pue_azure_realjun_folgada.yaml	2026-08-07T08:48:50-03:00	2026-08-07T08:48:51-03:00	1.87	1.75	0.10	43552	0	1	86101	36bfe40eed33c8b8cb491894acd6f63c05c13e0d7a15a6e6f7b9401246d94c6d
pue-az-realjun-folgada	best_fit	51	none	configs/scenarios/fase3/geo9pue_azure_realjun_folgada.yaml	2026-08-07T08:48:50-03:00	2026-08-07T08:48:52-03:00	1.90	1.75	0.13	43660	0	1	86114	36bfe40eed33c8b8cb491894acd6f63c05c13e0d7a15a6e6f7b9401246d94c6d
pue-az-realjun-folgada	bfd	42	none	configs/scenarios/fase3/geo9pue_azure_realjun_folgada.yaml	2026-08-07T08:48:54-03:00	2026-08-07T08:48:55-03:00	1.66	1.56	0.09	43468	0	1	86598	36bfe40eed33c8b8cb491894acd6f63c05c13e0d7a15a6e6f7b9401246d94c6d
pue-az-realjun-folgada	bfd	43	none	configs/scenarios/fase3/geo9pue_azure_realjun_folgada.yaml	2026-08-07T08:48:54-03:00	2026-08-07T08:48:55-03:00	1.71	1.60	0.09	43284	0	1	86621	36bfe40eed33c8b8cb491894acd6f63c05c13e0d7a15a6e6f7b9401246d94c6d
pue-az-realjun-folgada	bfd	44	none	configs/scenarios/fase3/geo9pue_azure_realjun_folgada.yaml	2026-08-07T08:48:54-03:00	2026-08-07T08:48:56-03:00	1.74	1.61	0.11	43584	0	1	86622	36bfe40eed33c8b8cb491894acd6f63c05c13e0d7a15a6e6f7b9401246d94c6d
pue-az-realjun-folgada	bfd	45	none	configs/scenarios/fase3/geo9pue_azure_realjun_folgada.yaml	2026-08-07T08:48:54-03:00	2026-08-07T08:48:56-03:00	1.78	1.68	0.10	43544	0	1	86639	36bfe40eed33c8b8cb491894acd6f63c05c13e0d7a15a6e6f7b9401246d94c6d
pue-az-realjun-folgada	bfd	46	none	configs/scenarios/fase3/geo9pue_azure_realjun_folgada.yaml	2026-08-07T08:48:54-03:00	2026-08-07T08:48:56-03:00	1.86	1.71	0.12	58296	0	1	86652	36bfe40eed33c8b8cb491894acd6f63c05c13e0d7a15a6e6f7b9401246d94c6d
pue-az-realjun-folgada	bfd	47	none	configs/scenarios/fase3/geo9pue_azure_realjun_folgada.yaml	2026-08-07T08:48:54-03:00	2026-08-07T08:48:56-03:00	1.86	1.74	0.12	58408	0	1	86665	36bfe40eed33c8b8cb491894acd6f63c05c13e0d7a15a6e6f7b9401246d94c6d
pue-az-realjun-folgada	bfd	48	none	configs/scenarios/fase3/geo9pue_azure_realjun_folgada.yaml	2026-08-07T08:48:54-03:00	2026-08-07T08:48:56-03:00	1.46	1.33	0.11	43408	0	1	86688	36bfe40eed33c8b8cb491894acd6f63c05c13e0d7a15a6e6f7b9401246d94c6d
pue-az-realjun-folgada	bfd	49	none	configs/scenarios/fase3/geo9pue_azure_realjun_folgada.yaml	2026-08-07T08:48:54-03:00	2026-08-07T08:48:56-03:00	1.55	1.44	0.09	43524	0	1	86711	36bfe40eed33c8b8cb491894acd6f63c05c13e0d7a15a6e6f7b9401246d94c6d
pue-az-realjun-folgada	bfd	50	none	configs/scenarios/fase3/geo9pue_azure_realjun_folgada.yaml	2026-08-07T08:48:55-03:00	2026-08-07T08:48:56-03:00	1.65	1.47	0.12	57740	0	1	86735	36bfe40eed33c8b8cb491894acd6f63c05c13e0d7a15a6e6f7b9401246d94c6d
pue-az-realjun-folgada	bfd	51	none	configs/scenarios/fase3/geo9pue_azure_realjun_folgada.yaml	2026-08-07T08:48:55-03:00	2026-08-07T08:48:57-03:00	1.75	1.61	0.11	58160	0	1	86748	36bfe40eed33c8b8cb491894acd6f63c05c13e0d7a15a6e6f7b9401246d94c6d
pue-az-realjun-folgada	cnemesis	42	cnemesis	configs/scenarios/fase3/geo9pue_azure_realjun_folgada.yaml	2026-08-07T08:49:00-03:00	2026-08-07T08:49:02-03:00	2.28	2.06	0.12	47004	0	1	87366	36bfe40eed33c8b8cb491894acd6f63c05c13e0d7a15a6e6f7b9401246d94c6d
pue-az-realjun-folgada	cnemesis	43	cnemesis	configs/scenarios/fase3/geo9pue_azure_realjun_folgada.yaml	2026-08-07T08:49:00-03:00	2026-08-07T08:49:01-03:00	1.41	1.27	0.12	46836	0	1	87379	36bfe40eed33c8b8cb491894acd6f63c05c13e0d7a15a6e6f7b9401246d94c6d
pue-az-realjun-folgada	cnemesis	44	cnemesis	configs/scenarios/fase3/geo9pue_azure_realjun_folgada.yaml	2026-08-07T08:49:00-03:00	2026-08-07T08:49:02-03:00	1.91	1.77	0.13	46956	0	1	87392	36bfe40eed33c8b8cb491894acd6f63c05c13e0d7a15a6e6f7b9401246d94c6d
pue-az-realjun-folgada	cnemesis	45	cnemesis	configs/scenarios/fase3/geo9pue_azure_realjun_folgada.yaml	2026-08-07T08:49:01-03:00	2026-08-07T08:49:03-03:00	1.75	1.62	0.13	47192	0	1	87438	36bfe40eed33c8b8cb491894acd6f63c05c13e0d7a15a6e6f7b9401246d94c6d
pue-az-realjun-folgada	cnemesis	46	cnemesis	configs/scenarios/fase3/geo9pue_azure_realjun_folgada.yaml	2026-08-07T08:49:01-03:00	2026-08-07T08:49:03-03:00	1.69	1.52	0.13	46444	0	1	87451	36bfe40eed33c8b8cb491894acd6f63c05c13e0d7a15a6e6f7b9401246d94c6d
pue-az-realjun-folgada	cnemesis	47	cnemesis	configs/scenarios/fase3/geo9pue_azure_realjun_folgada.yaml	2026-08-07T08:49:01-03:00	2026-08-07T08:49:03-03:00	1.67	1.53	0.11	46656	0	1	87464	36bfe40eed33c8b8cb491894acd6f63c05c13e0d7a15a6e6f7b9401246d94c6d
pue-az-realjun-folgada	cnemesis	48	cnemesis	configs/scenarios/fase3/geo9pue_azure_realjun_folgada.yaml	2026-08-07T08:49:01-03:00	2026-08-07T08:49:03-03:00	1.68	1.54	0.11	46864	0	1	87477	36bfe40eed33c8b8cb491894acd6f63c05c13e0d7a15a6e6f7b9401246d94c6d
pue-az-realjun-folgada	cnemesis	49	cnemesis	configs/scenarios/fase3/geo9pue_azure_realjun_folgada.yaml	2026-08-07T08:49:02-03:00	2026-08-07T08:49:04-03:00	1.75	1.57	0.11	46844	0	1	87490	36bfe40eed33c8b8cb491894acd6f63c05c13e0d7a15a6e6f7b9401246d94c6d
pue-az-realjun-folgada	cnemesis	50	cnemesis	configs/scenarios/fase3/geo9pue_azure_realjun_folgada.yaml	2026-08-07T08:49:02-03:00	2026-08-07T08:49:04-03:00	1.86	1.73	0.11	46888	0	1	87503	36bfe40eed33c8b8cb491894acd6f63c05c13e0d7a15a6e6f7b9401246d94c6d
pue-az-realjun-folgada	cnemesis	51	cnemesis	configs/scenarios/fase3/geo9pue_azure_realjun_folgada.yaml	2026-08-07T08:49:02-03:00	2026-08-07T08:49:04-03:00	1.85	1.69	0.11	46672	0	1	87524	36bfe40eed33c8b8cb491894acd6f63c05c13e0d7a15a6e6f7b9401246d94c6d
pue-az-realjun-folgada	ffd	42	none	configs/scenarios/fase3/geo9pue_azure_realjun_folgada.yaml	2026-08-07T08:48:52-03:00	2026-08-07T08:48:54-03:00	1.45	1.34	0.10	57520	0	1	86459	36bfe40eed33c8b8cb491894acd6f63c05c13e0d7a15a6e6f7b9401246d94c6d
pue-az-realjun-folgada	ffd	43	none	configs/scenarios/fase3/geo9pue_azure_realjun_folgada.yaml	2026-08-07T08:48:53-03:00	2026-08-07T08:48:54-03:00	1.66	1.53	0.12	57372	0	1	86491	36bfe40eed33c8b8cb491894acd6f63c05c13e0d7a15a6e6f7b9401246d94c6d
pue-az-realjun-folgada	ffd	44	none	configs/scenarios/fase3/geo9pue_azure_realjun_folgada.yaml	2026-08-07T08:48:53-03:00	2026-08-07T08:48:54-03:00	1.36	1.25	0.10	57320	0	1	86492	36bfe40eed33c8b8cb491894acd6f63c05c13e0d7a15a6e6f7b9401246d94c6d
pue-az-realjun-folgada	ffd	45	none	configs/scenarios/fase3/geo9pue_azure_realjun_folgada.yaml	2026-08-07T08:48:53-03:00	2026-08-07T08:48:55-03:00	1.71	1.59	0.11	57716	0	1	86509	36bfe40eed33c8b8cb491894acd6f63c05c13e0d7a15a6e6f7b9401246d94c6d
pue-az-realjun-folgada	ffd	46	none	configs/scenarios/fase3/geo9pue_azure_realjun_folgada.yaml	2026-08-07T08:48:53-03:00	2026-08-07T08:48:54-03:00	1.48	1.34	0.11	57896	0	1	86522	36bfe40eed33c8b8cb491894acd6f63c05c13e0d7a15a6e6f7b9401246d94c6d
pue-az-realjun-folgada	ffd	47	none	configs/scenarios/fase3/geo9pue_azure_realjun_folgada.yaml	2026-08-07T08:48:53-03:00	2026-08-07T08:48:55-03:00	1.77	1.60	0.13	57780	0	1	86535	36bfe40eed33c8b8cb491894acd6f63c05c13e0d7a15a6e6f7b9401246d94c6d
pue-az-realjun-folgada	ffd	48	none	configs/scenarios/fase3/geo9pue_azure_realjun_folgada.yaml	2026-08-07T08:48:53-03:00	2026-08-07T08:48:55-03:00	1.59	1.46	0.12	57452	0	1	86548	36bfe40eed33c8b8cb491894acd6f63c05c13e0d7a15a6e6f7b9401246d94c6d
pue-az-realjun-folgada	ffd	49	none	configs/scenarios/fase3/geo9pue_azure_realjun_folgada.yaml	2026-08-07T08:48:53-03:00	2026-08-07T08:48:55-03:00	1.82	1.66	0.13	57688	0	1	86561	36bfe40eed33c8b8cb491894acd6f63c05c13e0d7a15a6e6f7b9401246d94c6d
pue-az-realjun-folgada	ffd	50	none	configs/scenarios/fase3/geo9pue_azure_realjun_folgada.yaml	2026-08-07T08:48:53-03:00	2026-08-07T08:48:55-03:00	2.03	1.88	0.12	57432	0	1	86574	36bfe40eed33c8b8cb491894acd6f63c05c13e0d7a15a6e6f7b9401246d94c6d
pue-az-realjun-folgada	ffd	51	none	configs/scenarios/fase3/geo9pue_azure_realjun_folgada.yaml	2026-08-07T08:48:54-03:00	2026-08-07T08:48:55-03:00	1.41	1.29	0.10	58208	0	1	86593	36bfe40eed33c8b8cb491894acd6f63c05c13e0d7a15a6e6f7b9401246d94c6d
pue-az-realjun-folgada	first_fit	42	none	configs/scenarios/fase3/geo9pue_azure_realjun_folgada.yaml	2026-08-07T08:48:46-03:00	2026-08-07T08:48:48-03:00	1.56	1.45	0.10	58040	0	1	85806	36bfe40eed33c8b8cb491894acd6f63c05c13e0d7a15a6e6f7b9401246d94c6d
pue-az-realjun-folgada	first_fit	43	none	configs/scenarios/fase3/geo9pue_azure_realjun_folgada.yaml	2026-08-07T08:48:46-03:00	2026-08-07T08:48:48-03:00	1.53	1.43	0.09	57808	0	1	85819	36bfe40eed33c8b8cb491894acd6f63c05c13e0d7a15a6e6f7b9401246d94c6d
pue-az-realjun-folgada	first_fit	44	none	configs/scenarios/fase3/geo9pue_azure_realjun_folgada.yaml	2026-08-07T08:48:46-03:00	2026-08-07T08:48:48-03:00	1.91	1.74	0.15	57596	0	1	85843	36bfe40eed33c8b8cb491894acd6f63c05c13e0d7a15a6e6f7b9401246d94c6d
pue-az-realjun-folgada	first_fit	45	none	configs/scenarios/fase3/geo9pue_azure_realjun_folgada.yaml	2026-08-07T08:48:47-03:00	2026-08-07T08:48:48-03:00	1.67	1.55	0.11	57840	0	1	85856	36bfe40eed33c8b8cb491894acd6f63c05c13e0d7a15a6e6f7b9401246d94c6d
pue-az-realjun-folgada	first_fit	46	none	configs/scenarios/fase3/geo9pue_azure_realjun_folgada.yaml	2026-08-07T08:48:47-03:00	2026-08-07T08:48:49-03:00	1.76	1.61	0.12	58224	0	1	85888	36bfe40eed33c8b8cb491894acd6f63c05c13e0d7a15a6e6f7b9401246d94c6d
pue-az-realjun-folgada	first_fit	47	none	configs/scenarios/fase3/geo9pue_azure_realjun_folgada.yaml	2026-08-07T08:48:47-03:00	2026-08-07T08:48:49-03:00	1.38	1.27	0.11	58188	0	1	85901	36bfe40eed33c8b8cb491894acd6f63c05c13e0d7a15a6e6f7b9401246d94c6d
pue-az-realjun-folgada	first_fit	48	none	configs/scenarios/fase3/geo9pue_azure_realjun_folgada.yaml	2026-08-07T08:48:48-03:00	2026-08-07T08:48:49-03:00	1.72	1.58	0.12	57456	0	1	85914	36bfe40eed33c8b8cb491894acd6f63c05c13e0d7a15a6e6f7b9401246d94c6d
pue-az-realjun-folgada	first_fit	49	none	configs/scenarios/fase3/geo9pue_azure_realjun_folgada.yaml	2026-08-07T08:48:48-03:00	2026-08-07T08:48:50-03:00	1.90	1.78	0.11	57772	0	1	85934	36bfe40eed33c8b8cb491894acd6f63c05c13e0d7a15a6e6f7b9401246d94c6d
pue-az-realjun-folgada	first_fit	50	none	configs/scenarios/fase3/geo9pue_azure_realjun_folgada.yaml	2026-08-07T08:48:48-03:00	2026-08-07T08:48:50-03:00	1.82	1.69	0.11	57756	0	1	85937	36bfe40eed33c8b8cb491894acd6f63c05c13e0d7a15a6e6f7b9401246d94c6d
pue-az-realjun-folgada	first_fit	51	none	configs/scenarios/fase3/geo9pue_azure_realjun_folgada.yaml	2026-08-07T08:48:48-03:00	2026-08-07T08:48:50-03:00	1.46	1.37	0.09	58068	0	1	85974	36bfe40eed33c8b8cb491894acd6f63c05c13e0d7a15a6e6f7b9401246d94c6d
pue-az-realjun-folgada	follow_renewables	42	follow_renewables	configs/scenarios/fase3/geo9pue_azure_realjun_folgada.yaml	2026-08-07T08:48:56-03:00	2026-08-07T08:48:58-03:00	1.68	1.55	0.12	58368	0	1	86891	36bfe40eed33c8b8cb491894acd6f63c05c13e0d7a15a6e6f7b9401246d94c6d
pue-az-realjun-folgada	follow_renewables	43	follow_renewables	configs/scenarios/fase3/geo9pue_azure_realjun_folgada.yaml	2026-08-07T08:48:56-03:00	2026-08-07T08:48:58-03:00	1.78	1.57	0.12	57708	0	1	86904	36bfe40eed33c8b8cb491894acd6f63c05c13e0d7a15a6e6f7b9401246d94c6d
pue-az-realjun-folgada	follow_renewables	44	follow_renewables	configs/scenarios/fase3/geo9pue_azure_realjun_folgada.yaml	2026-08-07T08:48:56-03:00	2026-08-07T08:48:58-03:00	1.45	1.31	0.11	57296	0	1	86928	36bfe40eed33c8b8cb491894acd6f63c05c13e0d7a15a6e6f7b9401246d94c6d
pue-az-realjun-folgada	follow_renewables	45	follow_renewables	configs/scenarios/fase3/geo9pue_azure_realjun_folgada.yaml	2026-08-07T08:48:57-03:00	2026-08-07T08:48:58-03:00	1.66	1.51	0.11	58164	0	1	86951	36bfe40eed33c8b8cb491894acd6f63c05c13e0d7a15a6e6f7b9401246d94c6d
pue-az-realjun-folgada	follow_renewables	46	follow_renewables	configs/scenarios/fase3/geo9pue_azure_realjun_folgada.yaml	2026-08-07T08:48:57-03:00	2026-08-07T08:48:58-03:00	1.70	1.57	0.11	58472	0	1	86975	36bfe40eed33c8b8cb491894acd6f63c05c13e0d7a15a6e6f7b9401246d94c6d
pue-az-realjun-folgada	follow_renewables	47	follow_renewables	configs/scenarios/fase3/geo9pue_azure_realjun_folgada.yaml	2026-08-07T08:48:57-03:00	2026-08-07T08:48:59-03:00	1.84	1.62	0.19	58460	0	1	86988	36bfe40eed33c8b8cb491894acd6f63c05c13e0d7a15a6e6f7b9401246d94c6d
pue-az-realjun-folgada	follow_renewables	48	follow_renewables	configs/scenarios/fase3/geo9pue_azure_realjun_folgada.yaml	2026-08-07T08:48:57-03:00	2026-08-07T08:48:59-03:00	1.87	1.72	0.13	57456	0	1	87015	36bfe40eed33c8b8cb491894acd6f63c05c13e0d7a15a6e6f7b9401246d94c6d
pue-az-realjun-folgada	follow_renewables	49	follow_renewables	configs/scenarios/fase3/geo9pue_azure_realjun_folgada.yaml	2026-08-07T08:48:57-03:00	2026-08-07T08:48:59-03:00	1.85	1.73	0.11	57932	0	1	87033	36bfe40eed33c8b8cb491894acd6f63c05c13e0d7a15a6e6f7b9401246d94c6d
pue-az-realjun-folgada	follow_renewables	50	follow_renewables	configs/scenarios/fase3/geo9pue_azure_realjun_folgada.yaml	2026-08-07T08:48:57-03:00	2026-08-07T08:48:59-03:00	1.84	1.67	0.12	58340	0	1	87049	36bfe40eed33c8b8cb491894acd6f63c05c13e0d7a15a6e6f7b9401246d94c6d
pue-az-realjun-folgada	follow_renewables	51	follow_renewables	configs/scenarios/fase3/geo9pue_azure_realjun_folgada.yaml	2026-08-07T08:48:57-03:00	2026-08-07T08:48:59-03:00	1.64	1.51	0.10	58432	0	1	87059	36bfe40eed33c8b8cb491894acd6f63c05c13e0d7a15a6e6f7b9401246d94c6d
pue-az-realjun-folgada	followme_s	42	followme_s	configs/scenarios/fase3/geo9pue_azure_realjun_folgada.yaml	2026-08-07T08:48:59-03:00	2026-08-07T08:49:02-03:00	3.13	2.96	0.16	51172	0	1	87236	36bfe40eed33c8b8cb491894acd6f63c05c13e0d7a15a6e6f7b9401246d94c6d
pue-az-realjun-folgada	followme_s	43	followme_s	configs/scenarios/fase3/geo9pue_azure_realjun_folgada.yaml	2026-08-07T08:48:59-03:00	2026-08-07T08:49:01-03:00	2.23	2.06	0.15	50580	0	1	87245	36bfe40eed33c8b8cb491894acd6f63c05c13e0d7a15a6e6f7b9401246d94c6d
pue-az-realjun-folgada	followme_s	44	followme_s	configs/scenarios/fase3/geo9pue_azure_realjun_folgada.yaml	2026-08-07T08:48:59-03:00	2026-08-07T08:49:01-03:00	1.78	1.61	0.15	51700	0	1	87262	36bfe40eed33c8b8cb491894acd6f63c05c13e0d7a15a6e6f7b9401246d94c6d
pue-az-realjun-folgada	followme_s	45	followme_s	configs/scenarios/fase3/geo9pue_azure_realjun_folgada.yaml	2026-08-07T08:48:59-03:00	2026-08-07T08:49:03-03:00	3.51	3.33	0.15	51848	0	1	87275	36bfe40eed33c8b8cb491894acd6f63c05c13e0d7a15a6e6f7b9401246d94c6d
pue-az-realjun-folgada	followme_s	46	followme_s	configs/scenarios/fase3/geo9pue_azure_realjun_folgada.yaml	2026-08-07T08:48:59-03:00	2026-08-07T08:49:02-03:00	2.65	2.49	0.15	51492	0	1	87288	36bfe40eed33c8b8cb491894acd6f63c05c13e0d7a15a6e6f7b9401246d94c6d
pue-az-realjun-folgada	followme_s	47	followme_s	configs/scenarios/fase3/geo9pue_azure_realjun_folgada.yaml	2026-08-07T08:48:59-03:00	2026-08-07T08:49:02-03:00	2.29	2.11	0.17	51332	0	1	87301	36bfe40eed33c8b8cb491894acd6f63c05c13e0d7a15a6e6f7b9401246d94c6d
pue-az-realjun-folgada	followme_s	48	followme_s	configs/scenarios/fase3/geo9pue_azure_realjun_folgada.yaml	2026-08-07T08:49:00-03:00	2026-08-07T08:49:02-03:00	2.41	2.23	0.15	50608	0	1	87314	36bfe40eed33c8b8cb491894acd6f63c05c13e0d7a15a6e6f7b9401246d94c6d
pue-az-realjun-folgada	followme_s	49	followme_s	configs/scenarios/fase3/geo9pue_azure_realjun_folgada.yaml	2026-08-07T08:49:00-03:00	2026-08-07T08:49:02-03:00	2.79	2.62	0.15	50404	0	1	87327	36bfe40eed33c8b8cb491894acd6f63c05c13e0d7a15a6e6f7b9401246d94c6d
pue-az-realjun-folgada	followme_s	50	followme_s	configs/scenarios/fase3/geo9pue_azure_realjun_folgada.yaml	2026-08-07T08:49:00-03:00	2026-08-07T08:49:02-03:00	2.32	2.14	0.16	50872	0	1	87340	36bfe40eed33c8b8cb491894acd6f63c05c13e0d7a15a6e6f7b9401246d94c6d
pue-az-realjun-folgada	followme_s	51	followme_s	configs/scenarios/fase3/geo9pue_azure_realjun_folgada.yaml	2026-08-07T08:49:00-03:00	2026-08-07T08:49:02-03:00	2.70	2.46	0.16	50600	0	1	87353	36bfe40eed33c8b8cb491894acd6f63c05c13e0d7a15a6e6f7b9401246d94c6d
pue-az-realjun-folgada	lowest_carbon_dc	42	none	configs/scenarios/fase3/geo9pue_azure_realjun_folgada.yaml	2026-08-07T08:48:55-03:00	2026-08-07T08:48:57-03:00	1.84	1.71	0.12	58080	0	1	86761	36bfe40eed33c8b8cb491894acd6f63c05c13e0d7a15a6e6f7b9401246d94c6d
pue-az-realjun-folgada	lowest_carbon_dc	43	none	configs/scenarios/fase3/geo9pue_azure_realjun_folgada.yaml	2026-08-07T08:48:55-03:00	2026-08-07T08:48:57-03:00	1.52	1.38	0.12	58012	0	1	86774	36bfe40eed33c8b8cb491894acd6f63c05c13e0d7a15a6e6f7b9401246d94c6d
pue-az-realjun-folgada	lowest_carbon_dc	44	none	configs/scenarios/fase3/geo9pue_azure_realjun_folgada.yaml	2026-08-07T08:48:55-03:00	2026-08-07T08:48:57-03:00	2.07	1.87	0.12	57424	0	1	86787	36bfe40eed33c8b8cb491894acd6f63c05c13e0d7a15a6e6f7b9401246d94c6d
pue-az-realjun-folgada	lowest_carbon_dc	45	none	configs/scenarios/fase3/geo9pue_azure_realjun_folgada.yaml	2026-08-07T08:48:55-03:00	2026-08-07T08:48:57-03:00	1.80	1.64	0.12	58068	0	1	86800	36bfe40eed33c8b8cb491894acd6f63c05c13e0d7a15a6e6f7b9401246d94c6d
pue-az-realjun-folgada	lowest_carbon_dc	46	none	configs/scenarios/fase3/geo9pue_azure_realjun_folgada.yaml	2026-08-07T08:48:55-03:00	2026-08-07T08:48:58-03:00	2.09	1.88	0.11	58524	0	1	86813	36bfe40eed33c8b8cb491894acd6f63c05c13e0d7a15a6e6f7b9401246d94c6d
pue-az-realjun-folgada	lowest_carbon_dc	47	none	configs/scenarios/fase3/geo9pue_azure_realjun_folgada.yaml	2026-08-07T08:48:55-03:00	2026-08-07T08:48:57-03:00	1.71	1.59	0.10	58588	0	1	86826	36bfe40eed33c8b8cb491894acd6f63c05c13e0d7a15a6e6f7b9401246d94c6d
pue-az-realjun-folgada	lowest_carbon_dc	48	none	configs/scenarios/fase3/geo9pue_azure_realjun_folgada.yaml	2026-08-07T08:48:56-03:00	2026-08-07T08:48:58-03:00	2.13	2.00	0.12	57748	0	1	86839	36bfe40eed33c8b8cb491894acd6f63c05c13e0d7a15a6e6f7b9401246d94c6d
pue-az-realjun-folgada	lowest_carbon_dc	49	none	configs/scenarios/fase3/geo9pue_azure_realjun_folgada.yaml	2026-08-07T08:48:56-03:00	2026-08-07T08:48:57-03:00	1.75	1.58	0.12	57740	0	1	86852	36bfe40eed33c8b8cb491894acd6f63c05c13e0d7a15a6e6f7b9401246d94c6d
pue-az-realjun-folgada	lowest_carbon_dc	50	none	configs/scenarios/fase3/geo9pue_azure_realjun_folgada.yaml	2026-08-07T08:48:56-03:00	2026-08-07T08:48:57-03:00	1.66	1.53	0.11	58196	0	1	86865	36bfe40eed33c8b8cb491894acd6f63c05c13e0d7a15a6e6f7b9401246d94c6d
pue-az-realjun-folgada	lowest_carbon_dc	51	none	configs/scenarios/fase3/geo9pue_azure_realjun_folgada.yaml	2026-08-07T08:48:56-03:00	2026-08-07T08:48:57-03:00	1.48	1.30	0.10	58424	0	1	86878	36bfe40eed33c8b8cb491894acd6f63c05c13e0d7a15a6e6f7b9401246d94c6d
pue-az-realjun-folgada	round_robin	42	none	configs/scenarios/fase3/geo9pue_azure_realjun_folgada.yaml	2026-08-07T08:48:51-03:00	2026-08-07T08:48:53-03:00	2.00	1.86	0.11	58664	0	1	86289	36bfe40eed33c8b8cb491894acd6f63c05c13e0d7a15a6e6f7b9401246d94c6d
pue-az-realjun-folgada	round_robin	43	none	configs/scenarios/fase3/geo9pue_azure_realjun_folgada.yaml	2026-08-07T08:48:51-03:00	2026-08-07T08:48:53-03:00	1.82	1.70	0.11	58168	0	1	86302	36bfe40eed33c8b8cb491894acd6f63c05c13e0d7a15a6e6f7b9401246d94c6d
pue-az-realjun-folgada	round_robin	44	none	configs/scenarios/fase3/geo9pue_azure_realjun_folgada.yaml	2026-08-07T08:48:51-03:00	2026-08-07T08:48:53-03:00	2.16	2.02	0.11	57992	0	1	86315	36bfe40eed33c8b8cb491894acd6f63c05c13e0d7a15a6e6f7b9401246d94c6d
pue-az-realjun-folgada	round_robin	45	none	configs/scenarios/fase3/geo9pue_azure_realjun_folgada.yaml	2026-08-07T08:48:51-03:00	2026-08-07T08:48:54-03:00	2.04	1.90	0.12	58408	0	1	86328	36bfe40eed33c8b8cb491894acd6f63c05c13e0d7a15a6e6f7b9401246d94c6d
pue-az-realjun-folgada	round_robin	46	none	configs/scenarios/fase3/geo9pue_azure_realjun_folgada.yaml	2026-08-07T08:48:52-03:00	2026-08-07T08:48:53-03:00	1.70	1.56	0.10	58716	0	1	86341	36bfe40eed33c8b8cb491894acd6f63c05c13e0d7a15a6e6f7b9401246d94c6d
pue-az-realjun-folgada	round_robin	47	none	configs/scenarios/fase3/geo9pue_azure_realjun_folgada.yaml	2026-08-07T08:48:52-03:00	2026-08-07T08:48:53-03:00	1.71	1.56	0.10	58704	0	1	86354	36bfe40eed33c8b8cb491894acd6f63c05c13e0d7a15a6e6f7b9401246d94c6d
pue-az-realjun-folgada	round_robin	48	none	configs/scenarios/fase3/geo9pue_azure_realjun_folgada.yaml	2026-08-07T08:48:52-03:00	2026-08-07T08:48:54-03:00	1.75	1.60	0.10	57564	0	1	86367	36bfe40eed33c8b8cb491894acd6f63c05c13e0d7a15a6e6f7b9401246d94c6d
pue-az-realjun-folgada	round_robin	49	none	configs/scenarios/fase3/geo9pue_azure_realjun_folgada.yaml	2026-08-07T08:48:52-03:00	2026-08-07T08:48:54-03:00	1.84	1.69	0.12	58000	0	1	86380	36bfe40eed33c8b8cb491894acd6f63c05c13e0d7a15a6e6f7b9401246d94c6d
pue-az-realjun-folgada	round_robin	50	none	configs/scenarios/fase3/geo9pue_azure_realjun_folgada.yaml	2026-08-07T08:48:52-03:00	2026-08-07T08:48:54-03:00	1.95	1.82	0.11	58476	0	1	86412	36bfe40eed33c8b8cb491894acd6f63c05c13e0d7a15a6e6f7b9401246d94c6d
pue-az-realjun-folgada	round_robin	51	none	configs/scenarios/fase3/geo9pue_azure_realjun_folgada.yaml	2026-08-07T08:48:52-03:00	2026-08-07T08:48:54-03:00	1.71	1.59	0.10	59004	0	1	86436	36bfe40eed33c8b8cb491894acd6f63c05c13e0d7a15a6e6f7b9401246d94c6d
pue-az-realjun-folgada	worst_fit	42	none	configs/scenarios/fase3/geo9pue_azure_realjun_folgada.yaml	2026-08-07T08:48:50-03:00	2026-08-07T08:48:51-03:00	1.49	1.39	0.09	58012	0	1	86127	36bfe40eed33c8b8cb491894acd6f63c05c13e0d7a15a6e6f7b9401246d94c6d
pue-az-realjun-folgada	worst_fit	43	none	configs/scenarios/fase3/geo9pue_azure_realjun_folgada.yaml	2026-08-07T08:48:50-03:00	2026-08-07T08:48:52-03:00	1.75	1.60	0.12	57724	0	1	86140	36bfe40eed33c8b8cb491894acd6f63c05c13e0d7a15a6e6f7b9401246d94c6d
pue-az-realjun-folgada	worst_fit	44	none	configs/scenarios/fase3/geo9pue_azure_realjun_folgada.yaml	2026-08-07T08:48:50-03:00	2026-08-07T08:48:52-03:00	1.84	1.72	0.11	57556	0	1	86163	36bfe40eed33c8b8cb491894acd6f63c05c13e0d7a15a6e6f7b9401246d94c6d
pue-az-realjun-folgada	worst_fit	45	none	configs/scenarios/fase3/geo9pue_azure_realjun_folgada.yaml	2026-08-07T08:48:50-03:00	2026-08-07T08:48:52-03:00	1.79	1.67	0.10	58004	0	1	86186	36bfe40eed33c8b8cb491894acd6f63c05c13e0d7a15a6e6f7b9401246d94c6d
pue-az-realjun-folgada	worst_fit	46	none	configs/scenarios/fase3/geo9pue_azure_realjun_folgada.yaml	2026-08-07T08:48:50-03:00	2026-08-07T08:48:52-03:00	1.76	1.64	0.12	58376	0	1	86199	36bfe40eed33c8b8cb491894acd6f63c05c13e0d7a15a6e6f7b9401246d94c6d
pue-az-realjun-folgada	worst_fit	47	none	configs/scenarios/fase3/geo9pue_azure_realjun_folgada.yaml	2026-08-07T08:48:50-03:00	2026-08-07T08:48:52-03:00	1.85	1.68	0.14	58264	0	1	86213	36bfe40eed33c8b8cb491894acd6f63c05c13e0d7a15a6e6f7b9401246d94c6d
pue-az-realjun-folgada	worst_fit	48	none	configs/scenarios/fase3/geo9pue_azure_realjun_folgada.yaml	2026-08-07T08:48:50-03:00	2026-08-07T08:48:52-03:00	1.29	1.18	0.10	57356	0	1	86237	36bfe40eed33c8b8cb491894acd6f63c05c13e0d7a15a6e6f7b9401246d94c6d
pue-az-realjun-folgada	worst_fit	49	none	configs/scenarios/fase3/geo9pue_azure_realjun_folgada.yaml	2026-08-07T08:48:51-03:00	2026-08-07T08:48:53-03:00	1.96	1.78	0.14	57936	0	1	86250	36bfe40eed33c8b8cb491894acd6f63c05c13e0d7a15a6e6f7b9401246d94c6d
pue-az-realjun-folgada	worst_fit	50	none	configs/scenarios/fase3/geo9pue_azure_realjun_folgada.yaml	2026-08-07T08:48:51-03:00	2026-08-07T08:48:53-03:00	1.98	1.84	0.12	57868	0	1	86263	36bfe40eed33c8b8cb491894acd6f63c05c13e0d7a15a6e6f7b9401246d94c6d
pue-az-realjun-folgada	worst_fit	51	none	configs/scenarios/fase3/geo9pue_azure_realjun_folgada.yaml	2026-08-07T08:48:51-03:00	2026-08-07T08:48:53-03:00	1.63	1.48	0.13	58372	0	1	86276	36bfe40eed33c8b8cb491894acd6f63c05c13e0d7a15a6e6f7b9401246d94c6d
pue-az-realjun-folgada	wsnb	42	none	configs/scenarios/fase3/geo9pue_azure_realjun_folgada.yaml	2026-08-07T08:48:57-03:00	2026-08-07T08:48:59-03:00	1.91	1.76	0.13	63768	0	1	87080	36bfe40eed33c8b8cb491894acd6f63c05c13e0d7a15a6e6f7b9401246d94c6d
pue-az-realjun-folgada	wsnb	43	none	configs/scenarios/fase3/geo9pue_azure_realjun_folgada.yaml	2026-08-07T08:48:57-03:00	2026-08-07T08:49:00-03:00	2.34	2.21	0.12	66432	0	1	87082	36bfe40eed33c8b8cb491894acd6f63c05c13e0d7a15a6e6f7b9401246d94c6d
pue-az-realjun-folgada	wsnb	44	none	configs/scenarios/fase3/geo9pue_azure_realjun_folgada.yaml	2026-08-07T08:48:58-03:00	2026-08-07T08:49:00-03:00	2.00	1.87	0.11	60584	0	1	87101	36bfe40eed33c8b8cb491894acd6f63c05c13e0d7a15a6e6f7b9401246d94c6d
pue-az-realjun-folgada	wsnb	45	none	configs/scenarios/fase3/geo9pue_azure_realjun_folgada.yaml	2026-08-07T08:48:58-03:00	2026-08-07T08:48:59-03:00	1.87	1.74	0.11	68852	0	1	87110	36bfe40eed33c8b8cb491894acd6f63c05c13e0d7a15a6e6f7b9401246d94c6d
pue-az-realjun-folgada	wsnb	46	none	configs/scenarios/fase3/geo9pue_azure_realjun_folgada.yaml	2026-08-07T08:48:58-03:00	2026-08-07T08:49:00-03:00	1.87	1.72	0.12	67796	0	1	87124	36bfe40eed33c8b8cb491894acd6f63c05c13e0d7a15a6e6f7b9401246d94c6d
pue-az-realjun-folgada	wsnb	47	none	configs/scenarios/fase3/geo9pue_azure_realjun_folgada.yaml	2026-08-07T08:48:58-03:00	2026-08-07T08:49:00-03:00	1.91	1.77	0.13	71104	0	1	87137	36bfe40eed33c8b8cb491894acd6f63c05c13e0d7a15a6e6f7b9401246d94c6d
pue-az-realjun-folgada	wsnb	48	none	configs/scenarios/fase3/geo9pue_azure_realjun_folgada.yaml	2026-08-07T08:48:58-03:00	2026-08-07T08:49:00-03:00	2.11	1.93	0.13	60208	0	1	87150	36bfe40eed33c8b8cb491894acd6f63c05c13e0d7a15a6e6f7b9401246d94c6d
pue-az-realjun-folgada	wsnb	49	none	configs/scenarios/fase3/geo9pue_azure_realjun_folgada.yaml	2026-08-07T08:48:58-03:00	2026-08-07T08:49:00-03:00	1.67	1.52	0.11	66756	0	1	87172	36bfe40eed33c8b8cb491894acd6f63c05c13e0d7a15a6e6f7b9401246d94c6d
pue-az-realjun-folgada	wsnb	50	none	configs/scenarios/fase3/geo9pue_azure_realjun_folgada.yaml	2026-08-07T08:48:58-03:00	2026-08-07T08:49:00-03:00	1.74	1.58	0.14	71632	0	1	87185	36bfe40eed33c8b8cb491894acd6f63c05c13e0d7a15a6e6f7b9401246d94c6d
pue-az-realjun-folgada	wsnb	51	none	configs/scenarios/fase3/geo9pue_azure_realjun_folgada.yaml	2026-08-07T08:48:59-03:00	2026-08-07T08:49:01-03:00	2.11	1.97	0.12	64956	0	1	87213	36bfe40eed33c8b8cb491894acd6f63c05c13e0d7a15a6e6f7b9401246d94c6d
pue-go-realjun-folgada	best_fit	42	none	configs/scenarios/fase3/geo9pue_google_realjun_folgada.yaml	2026-08-07T08:49:03-03:00	2026-08-07T08:49:04-03:00	1.34	1.25	0.09	37784	0	1	87710	36bfe40eed33c8b8cb491894acd6f63c05c13e0d7a15a6e6f7b9401246d94c6d
pue-go-realjun-folgada	best_fit	43	none	configs/scenarios/fase3/geo9pue_google_realjun_folgada.yaml	2026-08-07T08:49:03-03:00	2026-08-07T08:49:05-03:00	1.39	1.24	0.12	37576	0	1	87723	36bfe40eed33c8b8cb491894acd6f63c05c13e0d7a15a6e6f7b9401246d94c6d
pue-go-realjun-folgada	best_fit	44	none	configs/scenarios/fase3/geo9pue_google_realjun_folgada.yaml	2026-08-07T08:49:03-03:00	2026-08-07T08:49:05-03:00	1.51	1.36	0.09	37908	0	1	87736	36bfe40eed33c8b8cb491894acd6f63c05c13e0d7a15a6e6f7b9401246d94c6d
pue-go-realjun-folgada	best_fit	45	none	configs/scenarios/fase3/geo9pue_google_realjun_folgada.yaml	2026-08-07T08:49:04-03:00	2026-08-07T08:49:05-03:00	1.48	1.38	0.09	38128	0	1	87749	36bfe40eed33c8b8cb491894acd6f63c05c13e0d7a15a6e6f7b9401246d94c6d
pue-go-realjun-folgada	best_fit	46	none	configs/scenarios/fase3/geo9pue_google_realjun_folgada.yaml	2026-08-07T08:49:04-03:00	2026-08-07T08:49:05-03:00	1.57	1.44	0.09	37664	0	1	87762	36bfe40eed33c8b8cb491894acd6f63c05c13e0d7a15a6e6f7b9401246d94c6d
pue-go-realjun-folgada	best_fit	47	none	configs/scenarios/fase3/geo9pue_google_realjun_folgada.yaml	2026-08-07T08:49:04-03:00	2026-08-07T08:49:05-03:00	1.57	1.47	0.09	37784	0	1	87790	36bfe40eed33c8b8cb491894acd6f63c05c13e0d7a15a6e6f7b9401246d94c6d
pue-go-realjun-folgada	best_fit	48	none	configs/scenarios/fase3/geo9pue_google_realjun_folgada.yaml	2026-08-07T08:49:04-03:00	2026-08-07T08:49:05-03:00	1.34	1.23	0.10	38036	0	1	87803	36bfe40eed33c8b8cb491894acd6f63c05c13e0d7a15a6e6f7b9401246d94c6d
pue-go-realjun-folgada	best_fit	49	none	configs/scenarios/fase3/geo9pue_google_realjun_folgada.yaml	2026-08-07T08:49:04-03:00	2026-08-07T08:49:05-03:00	1.20	1.09	0.08	38044	0	1	87816	36bfe40eed33c8b8cb491894acd6f63c05c13e0d7a15a6e6f7b9401246d94c6d
pue-go-realjun-folgada	best_fit	50	none	configs/scenarios/fase3/geo9pue_google_realjun_folgada.yaml	2026-08-07T08:49:04-03:00	2026-08-07T08:49:05-03:00	1.43	1.33	0.09	37828	0	1	87829	36bfe40eed33c8b8cb491894acd6f63c05c13e0d7a15a6e6f7b9401246d94c6d
pue-go-realjun-folgada	best_fit	51	none	configs/scenarios/fase3/geo9pue_google_realjun_folgada.yaml	2026-08-07T08:49:04-03:00	2026-08-07T08:49:05-03:00	1.50	1.36	0.11	37748	0	1	87842	36bfe40eed33c8b8cb491894acd6f63c05c13e0d7a15a6e6f7b9401246d94c6d
pue-go-realjun-folgada	bfd	42	none	configs/scenarios/fase3/geo9pue_google_realjun_folgada.yaml	2026-08-07T08:49:07-03:00	2026-08-07T08:49:09-03:00	1.52	1.41	0.10	37860	0	1	88315	36bfe40eed33c8b8cb491894acd6f63c05c13e0d7a15a6e6f7b9401246d94c6d
pue-go-realjun-folgada	bfd	43	none	configs/scenarios/fase3/geo9pue_google_realjun_folgada.yaml	2026-08-07T08:49:07-03:00	2026-08-07T08:49:08-03:00	1.47	1.33	0.10	37968	0	1	88329	36bfe40eed33c8b8cb491894acd6f63c05c13e0d7a15a6e6f7b9401246d94c6d
pue-go-realjun-folgada	bfd	44	none	configs/scenarios/fase3/geo9pue_google_realjun_folgada.yaml	2026-08-07T08:49:07-03:00	2026-08-07T08:49:08-03:00	1.16	1.06	0.09	37848	0	1	88362	36bfe40eed33c8b8cb491894acd6f63c05c13e0d7a15a6e6f7b9401246d94c6d
pue-go-realjun-folgada	bfd	45	none	configs/scenarios/fase3/geo9pue_google_realjun_folgada.yaml	2026-08-07T08:49:07-03:00	2026-08-07T08:49:09-03:00	1.26	1.13	0.10	37732	0	1	88375	36bfe40eed33c8b8cb491894acd6f63c05c13e0d7a15a6e6f7b9401246d94c6d
pue-go-realjun-folgada	bfd	46	none	configs/scenarios/fase3/geo9pue_google_realjun_folgada.yaml	2026-08-07T08:49:07-03:00	2026-08-07T08:49:09-03:00	1.27	1.15	0.10	37784	0	1	88388	36bfe40eed33c8b8cb491894acd6f63c05c13e0d7a15a6e6f7b9401246d94c6d
pue-go-realjun-folgada	bfd	47	none	configs/scenarios/fase3/geo9pue_google_realjun_folgada.yaml	2026-08-07T08:49:07-03:00	2026-08-07T08:49:09-03:00	1.25	1.13	0.10	37636	0	1	88401	36bfe40eed33c8b8cb491894acd6f63c05c13e0d7a15a6e6f7b9401246d94c6d
pue-go-realjun-folgada	bfd	48	none	configs/scenarios/fase3/geo9pue_google_realjun_folgada.yaml	2026-08-07T08:49:08-03:00	2026-08-07T08:49:09-03:00	1.31	1.21	0.09	37840	0	1	88420	36bfe40eed33c8b8cb491894acd6f63c05c13e0d7a15a6e6f7b9401246d94c6d
pue-go-realjun-folgada	bfd	49	none	configs/scenarios/fase3/geo9pue_google_realjun_folgada.yaml	2026-08-07T08:49:08-03:00	2026-08-07T08:49:09-03:00	1.35	1.24	0.10	37896	0	1	88425	36bfe40eed33c8b8cb491894acd6f63c05c13e0d7a15a6e6f7b9401246d94c6d
pue-go-realjun-folgada	bfd	50	none	configs/scenarios/fase3/geo9pue_google_realjun_folgada.yaml	2026-08-07T08:49:08-03:00	2026-08-07T08:49:09-03:00	1.45	1.33	0.09	37716	0	1	88447	36bfe40eed33c8b8cb491894acd6f63c05c13e0d7a15a6e6f7b9401246d94c6d
pue-go-realjun-folgada	bfd	51	none	configs/scenarios/fase3/geo9pue_google_realjun_folgada.yaml	2026-08-07T08:49:08-03:00	2026-08-07T08:49:09-03:00	1.38	1.23	0.12	37860	0	1	88450	36bfe40eed33c8b8cb491894acd6f63c05c13e0d7a15a6e6f7b9401246d94c6d
pue-go-realjun-folgada	cnemesis	42	cnemesis	configs/scenarios/fase3/geo9pue_google_realjun_folgada.yaml	2026-08-07T08:49:12-03:00	2026-08-07T08:49:13-03:00	1.61	1.49	0.10	41420	0	1	89048	36bfe40eed33c8b8cb491894acd6f63c05c13e0d7a15a6e6f7b9401246d94c6d
pue-go-realjun-folgada	cnemesis	43	cnemesis	configs/scenarios/fase3/geo9pue_google_realjun_folgada.yaml	2026-08-07T08:49:12-03:00	2026-08-07T08:49:14-03:00	1.66	1.51	0.12	42132	0	1	89061	36bfe40eed33c8b8cb491894acd6f63c05c13e0d7a15a6e6f7b9401246d94c6d
pue-go-realjun-folgada	cnemesis	44	cnemesis	configs/scenarios/fase3/geo9pue_google_realjun_folgada.yaml	2026-08-07T08:49:12-03:00	2026-08-07T08:49:14-03:00	1.74	1.60	0.12	41136	0	1	89074	36bfe40eed33c8b8cb491894acd6f63c05c13e0d7a15a6e6f7b9401246d94c6d
pue-go-realjun-folgada	cnemesis	45	cnemesis	configs/scenarios/fase3/geo9pue_google_realjun_folgada.yaml	2026-08-07T08:49:12-03:00	2026-08-07T08:49:14-03:00	1.69	1.55	0.12	41016	0	1	89087	36bfe40eed33c8b8cb491894acd6f63c05c13e0d7a15a6e6f7b9401246d94c6d
pue-go-realjun-folgada	cnemesis	46	cnemesis	configs/scenarios/fase3/geo9pue_google_realjun_folgada.yaml	2026-08-07T08:49:13-03:00	2026-08-07T08:49:14-03:00	1.08	0.97	0.10	41420	0	1	89150	36bfe40eed33c8b8cb491894acd6f63c05c13e0d7a15a6e6f7b9401246d94c6d
pue-go-realjun-folgada	cnemesis	47	cnemesis	configs/scenarios/fase3/geo9pue_google_realjun_folgada.yaml	2026-08-07T08:49:13-03:00	2026-08-07T08:49:14-03:00	1.15	1.04	0.10	42168	0	1	89163	36bfe40eed33c8b8cb491894acd6f63c05c13e0d7a15a6e6f7b9401246d94c6d
pue-go-realjun-folgada	cnemesis	48	cnemesis	configs/scenarios/fase3/geo9pue_google_realjun_folgada.yaml	2026-08-07T08:49:13-03:00	2026-08-07T08:49:15-03:00	1.12	1.02	0.09	41740	0	1	89176	36bfe40eed33c8b8cb491894acd6f63c05c13e0d7a15a6e6f7b9401246d94c6d
pue-go-realjun-folgada	cnemesis	49	cnemesis	configs/scenarios/fase3/geo9pue_google_realjun_folgada.yaml	2026-08-07T08:49:14-03:00	2026-08-07T08:49:15-03:00	1.06	0.97	0.09	41020	0	1	89189	36bfe40eed33c8b8cb491894acd6f63c05c13e0d7a15a6e6f7b9401246d94c6d
pue-go-realjun-folgada	cnemesis	50	cnemesis	configs/scenarios/fase3/geo9pue_google_realjun_folgada.yaml	2026-08-07T08:49:14-03:00	2026-08-07T08:49:15-03:00	0.94	0.85	0.09	41424	0	1	89202	36bfe40eed33c8b8cb491894acd6f63c05c13e0d7a15a6e6f7b9401246d94c6d
pue-go-realjun-folgada	cnemesis	51	cnemesis	configs/scenarios/fase3/geo9pue_google_realjun_folgada.yaml	2026-08-07T08:49:14-03:00	2026-08-07T08:49:15-03:00	0.88	0.79	0.09	41960	0	1	89215	36bfe40eed33c8b8cb491894acd6f63c05c13e0d7a15a6e6f7b9401246d94c6d
pue-go-realjun-folgada	ffd	42	none	configs/scenarios/fase3/geo9pue_google_realjun_folgada.yaml	2026-08-07T08:49:06-03:00	2026-08-07T08:49:07-03:00	1.24	1.12	0.11	37740	0	1	88154	36bfe40eed33c8b8cb491894acd6f63c05c13e0d7a15a6e6f7b9401246d94c6d
pue-go-realjun-folgada	ffd	43	none	configs/scenarios/fase3/geo9pue_google_realjun_folgada.yaml	2026-08-07T08:49:06-03:00	2026-08-07T08:49:08-03:00	1.32	1.22	0.10	37756	0	1	88185	36bfe40eed33c8b8cb491894acd6f63c05c13e0d7a15a6e6f7b9401246d94c6d
pue-go-realjun-folgada	ffd	44	none	configs/scenarios/fase3/geo9pue_google_realjun_folgada.yaml	2026-08-07T08:49:06-03:00	2026-08-07T08:49:07-03:00	0.99	0.90	0.08	37840	0	1	88188	36bfe40eed33c8b8cb491894acd6f63c05c13e0d7a15a6e6f7b9401246d94c6d
pue-go-realjun-folgada	ffd	45	none	configs/scenarios/fase3/geo9pue_google_realjun_folgada.yaml	2026-08-07T08:49:06-03:00	2026-08-07T08:49:08-03:00	1.22	1.12	0.09	37888	0	1	88207	36bfe40eed33c8b8cb491894acd6f63c05c13e0d7a15a6e6f7b9401246d94c6d
pue-go-realjun-folgada	ffd	46	none	configs/scenarios/fase3/geo9pue_google_realjun_folgada.yaml	2026-08-07T08:49:07-03:00	2026-08-07T08:49:08-03:00	1.44	1.31	0.10	37608	0	1	88217	36bfe40eed33c8b8cb491894acd6f63c05c13e0d7a15a6e6f7b9401246d94c6d
pue-go-realjun-folgada	ffd	47	none	configs/scenarios/fase3/geo9pue_google_realjun_folgada.yaml	2026-08-07T08:49:07-03:00	2026-08-07T08:49:08-03:00	1.35	1.25	0.09	37940	0	1	88230	36bfe40eed33c8b8cb491894acd6f63c05c13e0d7a15a6e6f7b9401246d94c6d
pue-go-realjun-folgada	ffd	48	none	configs/scenarios/fase3/geo9pue_google_realjun_folgada.yaml	2026-08-07T08:49:07-03:00	2026-08-07T08:49:08-03:00	1.24	1.13	0.10	37772	0	1	88253	36bfe40eed33c8b8cb491894acd6f63c05c13e0d7a15a6e6f7b9401246d94c6d
pue-go-realjun-folgada	ffd	49	none	configs/scenarios/fase3/geo9pue_google_realjun_folgada.yaml	2026-08-07T08:49:07-03:00	2026-08-07T08:49:08-03:00	1.37	1.26	0.11	37752	0	1	88277	36bfe40eed33c8b8cb491894acd6f63c05c13e0d7a15a6e6f7b9401246d94c6d
pue-go-realjun-folgada	ffd	50	none	configs/scenarios/fase3/geo9pue_google_realjun_folgada.yaml	2026-08-07T08:49:07-03:00	2026-08-07T08:49:08-03:00	1.44	1.34	0.10	37940	0	1	88290	36bfe40eed33c8b8cb491894acd6f63c05c13e0d7a15a6e6f7b9401246d94c6d
pue-go-realjun-folgada	ffd	51	none	configs/scenarios/fase3/geo9pue_google_realjun_folgada.yaml	2026-08-07T08:49:07-03:00	2026-08-07T08:49:08-03:00	1.32	1.20	0.11	37820	0	1	88310	36bfe40eed33c8b8cb491894acd6f63c05c13e0d7a15a6e6f7b9401246d94c6d
pue-go-realjun-folgada	first_fit	42	none	configs/scenarios/fase3/geo9pue_google_realjun_folgada.yaml	2026-08-07T08:49:02-03:00	2026-08-07T08:49:03-03:00	1.28	1.18	0.09	37812	0	1	87525	36bfe40eed33c8b8cb491894acd6f63c05c13e0d7a15a6e6f7b9401246d94c6d
pue-go-realjun-folgada	first_fit	43	none	configs/scenarios/fase3/geo9pue_google_realjun_folgada.yaml	2026-08-07T08:49:02-03:00	2026-08-07T08:49:03-03:00	1.31	1.21	0.09	37908	0	1	87542	36bfe40eed33c8b8cb491894acd6f63c05c13e0d7a15a6e6f7b9401246d94c6d
pue-go-realjun-folgada	first_fit	44	none	configs/scenarios/fase3/geo9pue_google_realjun_folgada.yaml	2026-08-07T08:49:02-03:00	2026-08-07T08:49:04-03:00	1.40	1.29	0.11	37872	0	1	87560	36bfe40eed33c8b8cb491894acd6f63c05c13e0d7a15a6e6f7b9401246d94c6d
pue-go-realjun-folgada	first_fit	45	none	configs/scenarios/fase3/geo9pue_google_realjun_folgada.yaml	2026-08-07T08:49:02-03:00	2026-08-07T08:49:04-03:00	1.41	1.31	0.09	37712	0	1	87588	36bfe40eed33c8b8cb491894acd6f63c05c13e0d7a15a6e6f7b9401246d94c6d
pue-go-realjun-folgada	first_fit	46	none	configs/scenarios/fase3/geo9pue_google_realjun_folgada.yaml	2026-08-07T08:49:02-03:00	2026-08-07T08:49:04-03:00	1.49	1.36	0.10	37812	0	1	87611	36bfe40eed33c8b8cb491894acd6f63c05c13e0d7a15a6e6f7b9401246d94c6d
pue-go-realjun-folgada	first_fit	47	none	configs/scenarios/fase3/geo9pue_google_realjun_folgada.yaml	2026-08-07T08:49:02-03:00	2026-08-07T08:49:04-03:00	1.26	1.14	0.10	37836	0	1	87625	36bfe40eed33c8b8cb491894acd6f63c05c13e0d7a15a6e6f7b9401246d94c6d
pue-go-realjun-folgada	first_fit	48	none	configs/scenarios/fase3/geo9pue_google_realjun_folgada.yaml	2026-08-07T08:49:03-03:00	2026-08-07T08:49:04-03:00	1.50	1.39	0.10	37828	0	1	87648	36bfe40eed33c8b8cb491894acd6f63c05c13e0d7a15a6e6f7b9401246d94c6d
pue-go-realjun-folgada	first_fit	49	none	configs/scenarios/fase3/geo9pue_google_realjun_folgada.yaml	2026-08-07T08:49:03-03:00	2026-08-07T08:49:04-03:00	1.47	1.34	0.11	37808	0	1	87661	36bfe40eed33c8b8cb491894acd6f63c05c13e0d7a15a6e6f7b9401246d94c6d
pue-go-realjun-folgada	first_fit	50	none	configs/scenarios/fase3/geo9pue_google_realjun_folgada.yaml	2026-08-07T08:49:03-03:00	2026-08-07T08:49:04-03:00	1.39	1.27	0.10	37784	0	1	87674	36bfe40eed33c8b8cb491894acd6f63c05c13e0d7a15a6e6f7b9401246d94c6d
pue-go-realjun-folgada	first_fit	51	none	configs/scenarios/fase3/geo9pue_google_realjun_folgada.yaml	2026-08-07T08:49:03-03:00	2026-08-07T08:49:04-03:00	1.05	0.95	0.08	37620	0	1	87697	36bfe40eed33c8b8cb491894acd6f63c05c13e0d7a15a6e6f7b9401246d94c6d
pue-go-realjun-folgada	follow_renewables	42	follow_renewables	configs/scenarios/fase3/geo9pue_google_realjun_folgada.yaml	2026-08-07T08:49:09-03:00	2026-08-07T08:49:10-03:00	1.23	1.12	0.09	37932	0	1	88628	36bfe40eed33c8b8cb491894acd6f63c05c13e0d7a15a6e6f7b9401246d94c6d
pue-go-realjun-folgada	follow_renewables	43	follow_renewables	configs/scenarios/fase3/geo9pue_google_realjun_folgada.yaml	2026-08-07T08:49:09-03:00	2026-08-07T08:49:10-03:00	1.24	1.15	0.09	37796	0	1	88641	36bfe40eed33c8b8cb491894acd6f63c05c13e0d7a15a6e6f7b9401246d94c6d
pue-go-realjun-folgada	follow_renewables	44	follow_renewables	configs/scenarios/fase3/geo9pue_google_realjun_folgada.yaml	2026-08-07T08:49:09-03:00	2026-08-07T08:49:11-03:00	1.33	1.22	0.10	37828	0	1	88654	36bfe40eed33c8b8cb491894acd6f63c05c13e0d7a15a6e6f7b9401246d94c6d
pue-go-realjun-folgada	follow_renewables	45	follow_renewables	configs/scenarios/fase3/geo9pue_google_realjun_folgada.yaml	2026-08-07T08:49:09-03:00	2026-08-07T08:49:11-03:00	1.28	1.17	0.10	37864	0	1	88667	36bfe40eed33c8b8cb491894acd6f63c05c13e0d7a15a6e6f7b9401246d94c6d
pue-go-realjun-folgada	follow_renewables	46	follow_renewables	configs/scenarios/fase3/geo9pue_google_realjun_folgada.yaml	2026-08-07T08:49:09-03:00	2026-08-07T08:49:11-03:00	1.39	1.28	0.10	37944	0	1	88680	36bfe40eed33c8b8cb491894acd6f63c05c13e0d7a15a6e6f7b9401246d94c6d
pue-go-realjun-folgada	follow_renewables	47	follow_renewables	configs/scenarios/fase3/geo9pue_google_realjun_folgada.yaml	2026-08-07T08:49:10-03:00	2026-08-07T08:49:11-03:00	1.07	0.97	0.08	37772	0	1	88693	36bfe40eed33c8b8cb491894acd6f63c05c13e0d7a15a6e6f7b9401246d94c6d
pue-go-realjun-folgada	follow_renewables	48	follow_renewables	configs/scenarios/fase3/geo9pue_google_realjun_folgada.yaml	2026-08-07T08:49:10-03:00	2026-08-07T08:49:11-03:00	1.50	1.40	0.09	38140	0	1	88706	36bfe40eed33c8b8cb491894acd6f63c05c13e0d7a15a6e6f7b9401246d94c6d
pue-go-realjun-folgada	follow_renewables	49	follow_renewables	configs/scenarios/fase3/geo9pue_google_realjun_folgada.yaml	2026-08-07T08:49:10-03:00	2026-08-07T08:49:11-03:00	1.57	1.44	0.11	37860	0	1	88719	36bfe40eed33c8b8cb491894acd6f63c05c13e0d7a15a6e6f7b9401246d94c6d
pue-go-realjun-folgada	follow_renewables	50	follow_renewables	configs/scenarios/fase3/geo9pue_google_realjun_folgada.yaml	2026-08-07T08:49:10-03:00	2026-08-07T08:49:11-03:00	1.41	1.29	0.10	37816	0	1	88732	36bfe40eed33c8b8cb491894acd6f63c05c13e0d7a15a6e6f7b9401246d94c6d
pue-go-realjun-folgada	follow_renewables	51	follow_renewables	configs/scenarios/fase3/geo9pue_google_realjun_folgada.yaml	2026-08-07T08:49:10-03:00	2026-08-07T08:49:11-03:00	1.49	1.39	0.10	37824	0	1	88751	36bfe40eed33c8b8cb491894acd6f63c05c13e0d7a15a6e6f7b9401246d94c6d
pue-go-realjun-folgada	followme_s	42	followme_s	configs/scenarios/fase3/geo9pue_google_realjun_folgada.yaml	2026-08-07T08:49:11-03:00	2026-08-07T08:49:13-03:00	2.03	1.87	0.15	47976	0	1	88918	36bfe40eed33c8b8cb491894acd6f63c05c13e0d7a15a6e6f7b9401246d94c6d
pue-go-realjun-folgada	followme_s	43	followme_s	configs/scenarios/fase3/geo9pue_google_realjun_folgada.yaml	2026-08-07T08:49:11-03:00	2026-08-07T08:49:13-03:00	1.88	1.72	0.15	49004	0	1	88931	36bfe40eed33c8b8cb491894acd6f63c05c13e0d7a15a6e6f7b9401246d94c6d
pue-go-realjun-folgada	followme_s	44	followme_s	configs/scenarios/fase3/geo9pue_google_realjun_folgada.yaml	2026-08-07T08:49:11-03:00	2026-08-07T08:49:14-03:00	2.92	2.74	0.15	48236	0	1	88944	36bfe40eed33c8b8cb491894acd6f63c05c13e0d7a15a6e6f7b9401246d94c6d
pue-go-realjun-folgada	followme_s	45	followme_s	configs/scenarios/fase3/geo9pue_google_realjun_folgada.yaml	2026-08-07T08:49:11-03:00	2026-08-07T08:49:14-03:00	2.96	2.75	0.19	49024	0	1	88963	36bfe40eed33c8b8cb491894acd6f63c05c13e0d7a15a6e6f7b9401246d94c6d
pue-go-realjun-folgada	followme_s	46	followme_s	configs/scenarios/fase3/geo9pue_google_realjun_folgada.yaml	2026-08-07T08:49:11-03:00	2026-08-07T08:49:14-03:00	2.44	2.29	0.15	48028	0	1	88968	36bfe40eed33c8b8cb491894acd6f63c05c13e0d7a15a6e6f7b9401246d94c6d
pue-go-realjun-folgada	followme_s	47	followme_s	configs/scenarios/fase3/geo9pue_google_realjun_folgada.yaml	2026-08-07T08:49:12-03:00	2026-08-07T08:49:14-03:00	2.01	1.83	0.16	48652	0	1	88983	36bfe40eed33c8b8cb491894acd6f63c05c13e0d7a15a6e6f7b9401246d94c6d
pue-go-realjun-folgada	followme_s	48	followme_s	configs/scenarios/fase3/geo9pue_google_realjun_folgada.yaml	2026-08-07T08:49:12-03:00	2026-08-07T08:49:14-03:00	2.24	2.06	0.14	49592	0	1	88996	36bfe40eed33c8b8cb491894acd6f63c05c13e0d7a15a6e6f7b9401246d94c6d
pue-go-realjun-folgada	followme_s	49	followme_s	configs/scenarios/fase3/geo9pue_google_realjun_folgada.yaml	2026-08-07T08:49:12-03:00	2026-08-07T08:49:14-03:00	2.15	1.98	0.15	49264	0	1	89009	36bfe40eed33c8b8cb491894acd6f63c05c13e0d7a15a6e6f7b9401246d94c6d
pue-go-realjun-folgada	followme_s	50	followme_s	configs/scenarios/fase3/geo9pue_google_realjun_folgada.yaml	2026-08-07T08:49:12-03:00	2026-08-07T08:49:15-03:00	3.76	3.59	0.13	47472	0	1	89022	36bfe40eed33c8b8cb491894acd6f63c05c13e0d7a15a6e6f7b9401246d94c6d
pue-go-realjun-folgada	followme_s	51	followme_s	configs/scenarios/fase3/geo9pue_google_realjun_folgada.yaml	2026-08-07T08:49:12-03:00	2026-08-07T08:49:14-03:00	2.14	1.96	0.15	48584	0	1	89035	36bfe40eed33c8b8cb491894acd6f63c05c13e0d7a15a6e6f7b9401246d94c6d
pue-go-realjun-folgada	lowest_carbon_dc	42	none	configs/scenarios/fase3/geo9pue_google_realjun_folgada.yaml	2026-08-07T08:49:08-03:00	2026-08-07T08:49:09-03:00	1.23	1.13	0.09	37840	0	1	88466	36bfe40eed33c8b8cb491894acd6f63c05c13e0d7a15a6e6f7b9401246d94c6d
pue-go-realjun-folgada	lowest_carbon_dc	43	none	configs/scenarios/fase3/geo9pue_google_realjun_folgada.yaml	2026-08-07T08:49:08-03:00	2026-08-07T08:49:10-03:00	1.37	1.24	0.10	37856	0	1	88479	36bfe40eed33c8b8cb491894acd6f63c05c13e0d7a15a6e6f7b9401246d94c6d
pue-go-realjun-folgada	lowest_carbon_dc	44	none	configs/scenarios/fase3/geo9pue_google_realjun_folgada.yaml	2026-08-07T08:49:08-03:00	2026-08-07T08:49:10-03:00	1.52	1.41	0.10	37808	0	1	88492	36bfe40eed33c8b8cb491894acd6f63c05c13e0d7a15a6e6f7b9401246d94c6d
pue-go-realjun-folgada	lowest_carbon_dc	45	none	configs/scenarios/fase3/geo9pue_google_realjun_folgada.yaml	2026-08-07T08:49:08-03:00	2026-08-07T08:49:10-03:00	1.54	1.41	0.11	37968	0	1	88505	36bfe40eed33c8b8cb491894acd6f63c05c13e0d7a15a6e6f7b9401246d94c6d
pue-go-realjun-folgada	lowest_carbon_dc	46	none	configs/scenarios/fase3/geo9pue_google_realjun_folgada.yaml	2026-08-07T08:49:08-03:00	2026-08-07T08:49:10-03:00	1.22	1.10	0.10	37776	0	1	88529	36bfe40eed33c8b8cb491894acd6f63c05c13e0d7a15a6e6f7b9401246d94c6d
pue-go-realjun-folgada	lowest_carbon_dc	47	none	configs/scenarios/fase3/geo9pue_google_realjun_folgada.yaml	2026-08-07T08:49:08-03:00	2026-08-07T08:49:10-03:00	1.23	1.11	0.09	37852	0	1	88542	36bfe40eed33c8b8cb491894acd6f63c05c13e0d7a15a6e6f7b9401246d94c6d
pue-go-realjun-folgada	lowest_carbon_dc	48	none	configs/scenarios/fase3/geo9pue_google_realjun_folgada.yaml	2026-08-07T08:49:09-03:00	2026-08-07T08:49:10-03:00	1.38	1.28	0.09	38452	0	1	88555	36bfe40eed33c8b8cb491894acd6f63c05c13e0d7a15a6e6f7b9401246d94c6d
pue-go-realjun-folgada	lowest_carbon_dc	49	none	configs/scenarios/fase3/geo9pue_google_realjun_folgada.yaml	2026-08-07T08:49:09-03:00	2026-08-07T08:49:10-03:00	1.38	1.25	0.12	37792	0	1	88578	36bfe40eed33c8b8cb491894acd6f63c05c13e0d7a15a6e6f7b9401246d94c6d
pue-go-realjun-folgada	lowest_carbon_dc	50	none	configs/scenarios/fase3/geo9pue_google_realjun_folgada.yaml	2026-08-07T08:49:09-03:00	2026-08-07T08:49:10-03:00	1.30	1.19	0.11	37732	0	1	88591	36bfe40eed33c8b8cb491894acd6f63c05c13e0d7a15a6e6f7b9401246d94c6d
pue-go-realjun-folgada	lowest_carbon_dc	51	none	configs/scenarios/fase3/geo9pue_google_realjun_folgada.yaml	2026-08-07T08:49:09-03:00	2026-08-07T08:49:10-03:00	1.43	1.32	0.10	37692	0	1	88604	36bfe40eed33c8b8cb491894acd6f63c05c13e0d7a15a6e6f7b9401246d94c6d
pue-go-realjun-folgada	round_robin	42	none	configs/scenarios/fase3/geo9pue_google_realjun_folgada.yaml	2026-08-07T08:49:05-03:00	2026-08-07T08:49:06-03:00	1.06	0.96	0.08	37788	0	1	88024	36bfe40eed33c8b8cb491894acd6f63c05c13e0d7a15a6e6f7b9401246d94c6d
pue-go-realjun-folgada	round_robin	43	none	configs/scenarios/fase3/geo9pue_google_realjun_folgada.yaml	2026-08-07T08:49:05-03:00	2026-08-07T08:49:07-03:00	1.49	1.36	0.10	37820	0	1	88037	36bfe40eed33c8b8cb491894acd6f63c05c13e0d7a15a6e6f7b9401246d94c6d
pue-go-realjun-folgada	round_robin	44	none	configs/scenarios/fase3/geo9pue_google_realjun_folgada.yaml	2026-08-07T08:49:05-03:00	2026-08-07T08:49:06-03:00	1.12	1.02	0.09	37772	0	1	88050	36bfe40eed33c8b8cb491894acd6f63c05c13e0d7a15a6e6f7b9401246d94c6d
pue-go-realjun-folgada	round_robin	45	none	configs/scenarios/fase3/geo9pue_google_realjun_folgada.yaml	2026-08-07T08:49:05-03:00	2026-08-07T08:49:07-03:00	1.49	1.40	0.08	37788	0	1	88063	36bfe40eed33c8b8cb491894acd6f63c05c13e0d7a15a6e6f7b9401246d94c6d
pue-go-realjun-folgada	round_robin	46	none	configs/scenarios/fase3/geo9pue_google_realjun_folgada.yaml	2026-08-07T08:49:05-03:00	2026-08-07T08:49:07-03:00	1.47	1.35	0.11	37788	0	1	88076	36bfe40eed33c8b8cb491894acd6f63c05c13e0d7a15a6e6f7b9401246d94c6d
pue-go-realjun-folgada	round_robin	47	none	configs/scenarios/fase3/geo9pue_google_realjun_folgada.yaml	2026-08-07T08:49:05-03:00	2026-08-07T08:49:07-03:00	1.54	1.44	0.09	37808	0	1	88089	36bfe40eed33c8b8cb491894acd6f63c05c13e0d7a15a6e6f7b9401246d94c6d
pue-go-realjun-folgada	round_robin	48	none	configs/scenarios/fase3/geo9pue_google_realjun_folgada.yaml	2026-08-07T08:49:05-03:00	2026-08-07T08:49:07-03:00	1.50	1.40	0.09	37832	0	1	88102	36bfe40eed33c8b8cb491894acd6f63c05c13e0d7a15a6e6f7b9401246d94c6d
pue-go-realjun-folgada	round_robin	49	none	configs/scenarios/fase3/geo9pue_google_realjun_folgada.yaml	2026-08-07T08:49:06-03:00	2026-08-07T08:49:07-03:00	1.46	1.34	0.11	37884	0	1	88115	36bfe40eed33c8b8cb491894acd6f63c05c13e0d7a15a6e6f7b9401246d94c6d
pue-go-realjun-folgada	round_robin	50	none	configs/scenarios/fase3/geo9pue_google_realjun_folgada.yaml	2026-08-07T08:49:06-03:00	2026-08-07T08:49:07-03:00	1.44	1.34	0.10	37816	0	1	88128	36bfe40eed33c8b8cb491894acd6f63c05c13e0d7a15a6e6f7b9401246d94c6d
pue-go-realjun-folgada	round_robin	51	none	configs/scenarios/fase3/geo9pue_google_realjun_folgada.yaml	2026-08-07T08:49:06-03:00	2026-08-07T08:49:07-03:00	1.22	1.12	0.09	37776	0	1	88141	36bfe40eed33c8b8cb491894acd6f63c05c13e0d7a15a6e6f7b9401246d94c6d
pue-go-realjun-folgada	worst_fit	42	none	configs/scenarios/fase3/geo9pue_google_realjun_folgada.yaml	2026-08-07T08:49:04-03:00	2026-08-07T08:49:05-03:00	1.04	0.94	0.09	37820	0	1	87855	36bfe40eed33c8b8cb491894acd6f63c05c13e0d7a15a6e6f7b9401246d94c6d
pue-go-realjun-folgada	worst_fit	43	none	configs/scenarios/fase3/geo9pue_google_realjun_folgada.yaml	2026-08-07T08:49:04-03:00	2026-08-07T08:49:05-03:00	1.33	1.23	0.09	37932	0	1	87868	36bfe40eed33c8b8cb491894acd6f63c05c13e0d7a15a6e6f7b9401246d94c6d
pue-go-realjun-folgada	worst_fit	44	none	configs/scenarios/fase3/geo9pue_google_realjun_folgada.yaml	2026-08-07T08:49:04-03:00	2026-08-07T08:49:05-03:00	1.29	1.18	0.08	37760	0	1	87881	36bfe40eed33c8b8cb491894acd6f63c05c13e0d7a15a6e6f7b9401246d94c6d
pue-go-realjun-folgada	worst_fit	45	none	configs/scenarios/fase3/geo9pue_google_realjun_folgada.yaml	2026-08-07T08:49:04-03:00	2026-08-07T08:49:06-03:00	1.35	1.22	0.11	37788	0	1	87894	36bfe40eed33c8b8cb491894acd6f63c05c13e0d7a15a6e6f7b9401246d94c6d
pue-go-realjun-folgada	worst_fit	46	none	configs/scenarios/fase3/geo9pue_google_realjun_folgada.yaml	2026-08-07T08:49:04-03:00	2026-08-07T08:49:06-03:00	1.32	1.21	0.10	37764	0	1	87924	36bfe40eed33c8b8cb491894acd6f63c05c13e0d7a15a6e6f7b9401246d94c6d
pue-go-realjun-folgada	worst_fit	47	none	configs/scenarios/fase3/geo9pue_google_realjun_folgada.yaml	2026-08-07T08:49:05-03:00	2026-08-07T08:49:06-03:00	1.36	1.25	0.10	37892	0	1	87948	36bfe40eed33c8b8cb491894acd6f63c05c13e0d7a15a6e6f7b9401246d94c6d
pue-go-realjun-folgada	worst_fit	48	none	configs/scenarios/fase3/geo9pue_google_realjun_folgada.yaml	2026-08-07T08:49:05-03:00	2026-08-07T08:49:06-03:00	1.44	1.34	0.09	37844	0	1	87972	36bfe40eed33c8b8cb491894acd6f63c05c13e0d7a15a6e6f7b9401246d94c6d
pue-go-realjun-folgada	worst_fit	49	none	configs/scenarios/fase3/geo9pue_google_realjun_folgada.yaml	2026-08-07T08:49:05-03:00	2026-08-07T08:49:07-03:00	1.44	1.33	0.10	37876	0	1	87988	36bfe40eed33c8b8cb491894acd6f63c05c13e0d7a15a6e6f7b9401246d94c6d
pue-go-realjun-folgada	worst_fit	50	none	configs/scenarios/fase3/geo9pue_google_realjun_folgada.yaml	2026-08-07T08:49:05-03:00	2026-08-07T08:49:06-03:00	1.42	1.31	0.09	37836	0	1	87998	36bfe40eed33c8b8cb491894acd6f63c05c13e0d7a15a6e6f7b9401246d94c6d
pue-go-realjun-folgada	worst_fit	51	none	configs/scenarios/fase3/geo9pue_google_realjun_folgada.yaml	2026-08-07T08:49:05-03:00	2026-08-07T08:49:07-03:00	1.45	1.33	0.10	37636	0	1	88011	36bfe40eed33c8b8cb491894acd6f63c05c13e0d7a15a6e6f7b9401246d94c6d
pue-go-realjun-folgada	wsnb	42	none	configs/scenarios/fase3/geo9pue_google_realjun_folgada.yaml	2026-08-07T08:49:10-03:00	2026-08-07T08:49:12-03:00	1.55	1.43	0.10	37888	0	1	88756	36bfe40eed33c8b8cb491894acd6f63c05c13e0d7a15a6e6f7b9401246d94c6d
pue-go-realjun-folgada	wsnb	43	none	configs/scenarios/fase3/geo9pue_google_realjun_folgada.yaml	2026-08-07T08:49:10-03:00	2026-08-07T08:49:12-03:00	1.49	1.39	0.09	37840	0	1	88771	36bfe40eed33c8b8cb491894acd6f63c05c13e0d7a15a6e6f7b9401246d94c6d
pue-go-realjun-folgada	wsnb	44	none	configs/scenarios/fase3/geo9pue_google_realjun_folgada.yaml	2026-08-07T08:49:10-03:00	2026-08-07T08:49:12-03:00	1.47	1.37	0.09	37856	0	1	88784	36bfe40eed33c8b8cb491894acd6f63c05c13e0d7a15a6e6f7b9401246d94c6d
pue-go-realjun-folgada	wsnb	45	none	configs/scenarios/fase3/geo9pue_google_realjun_folgada.yaml	2026-08-07T08:49:10-03:00	2026-08-07T08:49:11-03:00	1.23	1.14	0.09	37920	0	1	88797	36bfe40eed33c8b8cb491894acd6f63c05c13e0d7a15a6e6f7b9401246d94c6d
pue-go-realjun-folgada	wsnb	46	none	configs/scenarios/fase3/geo9pue_google_realjun_folgada.yaml	2026-08-07T08:49:10-03:00	2026-08-07T08:49:12-03:00	1.40	1.30	0.09	37844	0	1	88810	36bfe40eed33c8b8cb491894acd6f63c05c13e0d7a15a6e6f7b9401246d94c6d
pue-go-realjun-folgada	wsnb	47	none	configs/scenarios/fase3/geo9pue_google_realjun_folgada.yaml	2026-08-07T08:49:10-03:00	2026-08-07T08:49:12-03:00	1.17	1.07	0.08	37856	0	1	88823	36bfe40eed33c8b8cb491894acd6f63c05c13e0d7a15a6e6f7b9401246d94c6d
pue-go-realjun-folgada	wsnb	48	none	configs/scenarios/fase3/geo9pue_google_realjun_folgada.yaml	2026-08-07T08:49:11-03:00	2026-08-07T08:49:12-03:00	1.11	1.02	0.07	37772	0	1	88846	36bfe40eed33c8b8cb491894acd6f63c05c13e0d7a15a6e6f7b9401246d94c6d
pue-go-realjun-folgada	wsnb	49	none	configs/scenarios/fase3/geo9pue_google_realjun_folgada.yaml	2026-08-07T08:49:11-03:00	2026-08-07T08:49:12-03:00	1.30	1.19	0.10	37824	0	1	88859	36bfe40eed33c8b8cb491894acd6f63c05c13e0d7a15a6e6f7b9401246d94c6d
pue-go-realjun-folgada	wsnb	50	none	configs/scenarios/fase3/geo9pue_google_realjun_folgada.yaml	2026-08-07T08:49:11-03:00	2026-08-07T08:49:12-03:00	1.35	1.26	0.08	37892	0	1	88882	36bfe40eed33c8b8cb491894acd6f63c05c13e0d7a15a6e6f7b9401246d94c6d
pue-go-realjun-folgada	wsnb	51	none	configs/scenarios/fase3/geo9pue_google_realjun_folgada.yaml	2026-08-07T08:49:11-03:00	2026-08-07T08:49:12-03:00	1.18	1.07	0.09	37844	0	1	88895	36bfe40eed33c8b8cb491894acd6f63c05c13e0d7a15a6e6f7b9401246d94c6d
